,TCGA-C8-A274-01A,TCGA-B6-A0IK-01A,TCGA-E2-A1L7-01A,TCGA-D8-A1Y2-01A,TCGA-B6-A0WX-01A,TCGA-AR-A0U2-01A,TCGA-AR-A24H-01A,TCGA-AC-A2BK-01A,TCGA-E2-A14N-01A,TCGA-AR-A24W-01A,TCGA-E2-A1II-01A,TCGA-HN-A2NL-01A,TCGA-BH-A5IZ-01A,TCGA-D8-A1XG-01A,TCGA-AR-A1AJ-01A,TCGA-OL-A5RV-01A,TCGA-EW-A1OY-01A,TCGA-D8-A1XT-01A,TCGA-A2-A1G1-01A,TCGA-BH-A0WA-01A,TCGA-A2-A25C-01A,TCGA-B6-A0RP-01A,TCGA-E2-A9RU-01A,TCGA-EW-A1OZ-01A,TCGA-PL-A8LZ-01A,TCGA-LL-A6FQ-01A,TCGA-E9-A1RB-01A,TCGA-BH-A0AU-01A,TCGA-E9-A1R4-01A,TCGA-A2-A4RW-01A,TCGA-BH-A1FE-01A,TCGA-E9-A1QZ-01A,TCGA-AR-A2LN-01A,TCGA-A2-A3KD-01A,TCGA-E9-A54Y-01A,TCGA-E2-A1B5-01A,TCGA-V7-A7HQ-01A,TCGA-C8-A1HF-01A,TCGA-AC-A2B8-01A,TCGA-BH-AB28-01A,TCGA-A2-A0YD-01A,TCGA-D8-A1JD-01A,TCGA-LD-A7W5-01A,TCGA-GM-A2DC-01A,TCGA-D8-A3Z6-01A,TCGA-B6-A1KI-01A,TCGA-A2-A0CR-01A,TCGA-AO-A124-01A,TCGA-AO-A0JD-01A,TCGA-D8-A1JG-01B,TCGA-BH-A0BZ-01A,TCGA-B6-A0WT-01A,TCGA-AR-A255-01A,TCGA-PL-A8LY-01A,TCGA-EW-A1J3-01A,TCGA-BH-A1FM-01A,TCGA-UU-A93S-01A,TCGA-C8-A273-01A,TCGA-E2-A56Z-01A,TCGA-D8-A1XK-01A,TCGA-E2-A573-01A,TCGA-AR-A0TV-01A,TCGA-EW-A1PA-01A,TCGA-AR-A24U-01A,TCGA-E9-A1N8-01A,TCGA-AN-A0XV-01A,TCGA-A2-A0YL-01A,TCGA-D8-A1JU-01A,TCGA-B6-A1KF-01A,TCGA-AR-A1AX-01A,TCGA-E2-A1L8-01A,TCGA-AC-A5EH-01A,TCGA-AQ-A04H-01B,TCGA-A2-A4S1-01A,TCGA-D8-A1X8-01A,TCGA-LL-A5YM-01A,TCGA-AC-A3OD-01A,TCGA-AR-A0TR-01A,TCGA-BH-A0DS-01A,TCGA-B6-A40C-01A,TCGA-E9-A295-01A,TCGA-E9-A1RA-01A,TCGA-BH-A0BA-01A,TCGA-E9-A2JS-01A,TCGA-AO-A0JA-01A,TCGA-A7-A13D-01A,TCGA-AC-A23C-01A,TCGA-D8-A27M-01A,TCGA-A7-A26I-01A,TCGA-EW-A1PE-01A,TCGA-E2-A1IL-01A,TCGA-BH-A1FJ-01A,TCGA-AN-A0XR-01A,TCGA-S3-A6ZH-01A,TCGA-LL-A5YN-01A,TCGA-EW-A1P6-01A,TCGA-A2-A0YG-01A,TCGA-BH-A0AW-01A,TCGA-E9-A1N9-01A,TCGA-OL-A5RU-01A,TCGA-B6-A2IU-01A,TCGA-E9-A228-01A,TCGA-AN-A0XW-01A,TCGA-LL-A9Q3-01A,TCGA-E9-A22A-01A,TCGA-A2-A1G0-01A,TCGA-C8-A1HN-01A,TCGA-AR-A24K-01A,TCGA-BH-A0B5-01A,TCGA-D8-A1JA-01A,TCGA-BH-A0W4-01A,TCGA-E2-A15J-01A,TCGA-AO-A1KT-01A,TCGA-EW-A1P4-01A,TCGA-E2-A15K-01A,TCGA-AC-A7VB-01A,TCGA-AC-A5XS-01A,TCGA-A2-A0YH-01A,TCGA-D8-A1XF-01A,TCGA-OK-A5Q2-01A,TCGA-AR-A1AK-01A,TCGA-D8-A73U-01A,TCGA-OL-A5RY-01A,TCGA-BH-A0C0-01A,TCGA-B6-A1KC-01B
TCGA-C8-A274-01A,0,-0.0587391470318764,0.0758053577399279,-0.1944091904153,-0.152019124670417,-0.0061937969739549,0.106004769859479,-0.0215187330354784,-0.306187744053448,-0.00294517404249023,-0.227423374230892,-0.066005524534185,-0.0852253618160619,0.0567728027133078,-0.252739797865995,0.09048526334536,0.104448528058673,-0.0377574934781126,-0.225528347419643,-0.20422260358432,0.160369032851519,-0.00617057725640043,0.106873859996826,0.168216862279397,-0.275739335597863,0.11385248272097,0.0415604984404245,0.0723811473521277,-0.0336863672579343,-0.00528796819983885,-0.154127988992966,-0.234375210174492,0.0280863493123764,-0.0216253977762797,0.0200821068659341,-0.252347087723287,0.111585750198377,0.153735451133703,0.0880112776004811,-0.0169157498159138,0.0578465847049124,0.0173653767153842,-0.21388919244756,0.190193944397867,0.201717325040345,0.0590620566123724,-0.226320872881245,-0.1725834455013,-0.127039660574079,-0.0737276875988895,-0.0271565937642081,0.0376189903227422,0.0749947627910015,-0.21961215616539,0.186857744079552,0.0794028788131814,-0.0694193080652112,0.173054876234046,0.101042963225634,-0.149961358139978,-0.26331826159282,-0.00784107885695634,0.0726916553027975,-0.23290872381064,-0.0182553281012734,0.0605611313693277,-0.103455368476263,-0.0683309333013284,0.0601849825043229,-0.295767898362645,0.0493433516479243,0.0609992762262992,0.0153516225885499,-0.225325029895826,0.0421417794961142,0.0665496193611542,-0.0113946211370658,0.16776229445761,0.0803337247770229,0.122450488086768,0.228373060065734,0.0266836988331779,0.0306298188506057,0.121835795597159,0.102981073091096,-0.0667735045460685,0.0327505856154763,-0.28056949522134,-0.0650225372730203,0.0982589801822737,0.247273918779384,0.182159899050638,0.0979073379427396,0.0409405303694097,-0.0931513650369646,0.0686054785270323,0.207371930904733,-0.00458942748082773,0.10173003155212,-0.0797546409499348,0.0709309302534585,0.0197480870047473,-0.120304954914653,0.0674679683336664,-0.137338661466883,-0.0960535701637185,0.0969478403016175,0.226944442467793,0.164821550825058,0.165817936123631,0.0108703631706438,0.219239139808767,-0.0438819055758237,-0.211849745226568,-0.0363522282165292,0.171463060381292,-0.068842429703804,-0.169970441382998,0.156503255989537,-0.0644809481879632,-0.0421278716175435,-0.24183368777928,-0.293534294927841,-0.189728127406255,0.0655949447345928
TCGA-B6-A0IK-01A,-0.0587391470318764,0,0.107062800607417,0.0310963696845452,0.181226751748304,0.16586400435117,-0.0987174708035742,-0.0973302568757158,0.135756224414795,-0.0497176529496724,-0.0609301857015585,-0.0367585006272321,-0.00643118206787154,-0.042120519342735,0.0990101518652115,0.0248808689818903,-0.181996406716306,0.145442727401486,0.0659411926681911,0.188925993052057,-0.118899296469783,-0.158114662509311,0.0795944674990061,-0.00240026437033149,0.10708111537695,-0.031162317990498,-0.0513342219369557,0.0517532801547522,-0.0914377086385148,0.155739177352908,-0.0102475135175676,-0.161356518341398,-0.166658898478501,0.00664954042153022,-0.169439621892609,0.139991707592144,-0.127449041230904,0.0942999035135311,-0.0970810393178937,0.0556608853637291,0.120521450148799,-0.21435738942047,0.0493283550982383,-0.110789677619457,-0.0710666773831134,-0.141538405180257,-0.00708885170137924,-0.0181127449464026,0.0305144333186558,0.15137241321281,0.121830464474046,0.0229894596863927,-0.213114090415639,0.178312023473739,-0.165468138098226,-0.0401480170854972,0.0172592578025326,-0.0842497371535099,-0.026989633998777,0.123125278025747,0.115517931548992,-0.0317930806161342,0.0399104038872373,0.0161286660684737,0.058892002799921,0.0956524937307402,0.135033126261627,0.0207953671918969,0.0625536508296191,0.146589420659675,-0.17202878787959,0.00402945409030056,-0.00509553872940369,0.0204898693113441,-0.144954364883395,-0.0620993508695657,0.0654335288602451,-0.0397838398306629,0.131514547521755,-0.0507153983778593,-0.145503813791805,-0.0472735062405113,0.0595092294379167,0.0086160414987745,0.274428993746829,0.148306929925202,-0.0518935879789259,-0.0499388863975124,0.0392387707478443,-0.11478655951759,-0.101491955759503,-0.193053372286398,-0.021249355469347,0.0876904533027865,-0.0876729296187735,-0.135452750568021,0.264713065377015,0.241197096247219,0.00696087901504483,-0.0624892857528657,-0.283092654009549,0.0599053284445484,0.153033718783412,0.180863878438538,0.0792616554090826,-0.0967435946520717,0.0259953000612194,-0.0998304745686966,-0.177087483750352,0.177637204747103,0.0791382043457059,-0.0470688459419313,-0.227848838506165,0.0367922220784665,-0.192378680491008,0.0135233951092311,-0.103770873151482,0.0496360101422384,0.0258529052167244,0.012804293110269,0.0263062583292221,0.0102998951774397,0.0914891277468586,0.180134215345,-0.0693266234586198
TCGA-E2-A1L7-01A,0.0758053577399279,0.107062800607417,0,0.0675495095084419,-0.0134002350106294,-0.0193184517245799,-0.00233268904311307,-0.0497465927231592,0.0314823961996125,-0.0756067097628635,0.0548081818441784,0.0586169338264732,-0.0267334230655035,0.013076475751948,-0.0317354509077613,0.0332358947409595,-0.0236139640065764,0.0825231874742643,-0.0227519066934987,-0.0260533438151758,-0.0157570501241463,-0.128474729006014,0.0807244436857762,0.0595728217708268,-0.0410725072993296,-0.0244492798514702,0.0835674856545416,0.0670361279422381,-0.0446502002197751,0.0686707282185214,0.0662995061074716,-0.171034785517379,-0.119612719896351,-0.0177779032484828,-0.169393181414404,0.0486859665100168,-0.00307371008398203,0.188377707344431,-0.108882458122304,-0.0145282424822235,0.0321167024486582,0.0542804591726462,0.0158085308814013,0.0161906294145574,-0.0056889763405983,-0.0862363856840778,0.0559354384315818,-0.0978719650350766,-0.0400484200737161,0.0411027106800354,-0.0208103901000962,-0.0754627763274852,-0.136056658923197,0.10755215968153,0.106208221619086,-0.077867569740802,-0.13338517624933,-0.0111777400689116,-0.0366298611196213,0.143804244156134,0.0250503066845697,0.0520186044000959,0.170264470032752,-0.0790012433795718,0.157139157475468,0.0979537716203656,0.00197200191919103,0.0140557429142367,-0.0238451212374475,0.10838445929595,-0.123704546631542,-0.105409081505682,-0.0468032940588159,-0.165408615464949,-0.00800143983545837,-0.0832336383106695,0.103296791340075,0.0443297121937048,0.119509995422873,0.101976759107805,-0.0751325407453571,0.0961807634982456,-0.0695284314917272,0.0935689067000773,0.0473653027281247,-0.0280587144692068,-0.138748564675855,-0.088708279908651,-0.0381794698383528,0.0732376678457032,-0.0567354603343501,-0.0313744420846655,0.0608008596822586,-0.00912714436949242,-0.0581635367483379,0.0136512453683249,0.0549974863963812,0.0544389086502638,0.0279668904019114,-0.0923422086684254,-0.16646086392223,-0.0123487625346822,0.0347010158949474,-0.0507527830680545,-0.00110447266228193,-0.0431503640364758,-0.0338913577720071,0.133792784044659,-0.0687977023317116,0.0375958386256585,0.0310193922197577,0.145174701069765,-0.0755700420217996,0.0622690987223983,-0.174261869038093,0.0107716686046652,-0.0978218607781231,-0.12688521722619,0.100496267095149,0.0594455992603849,0.0850557212993043,-0.0693976938077646,0.0138216638172115,0.14346653142114,-0.0518278977784638
TCGA-D8-A1Y2-01A,-0.1944091904153,0.0310963696845452,0.0675495095084419,0,0.0761860285944803,-0.0636128474190758,-0.0837464784690145,-0.080908499254054,0.274632101057747,0.0231281972115127,0.227633238111175,-0.00972157545588642,0.0882305108270275,-0.00962931685734109,0.238873280579526,-0.034254645943697,-0.0318790008050102,0.221642068779956,0.159825146333549,0.0575773155802531,0.0463758096526837,-0.133390871273515,-0.157543116358896,-0.121190097702997,0.19165210763828,-0.247041240716473,0.0858939771204961,0.0590029520086973,0.176610755555817,0.0556613077272771,0.229336603707758,0.165454746709085,-0.00323783010491684,-0.0152065905093069,-0.260926647325318,0.225390066290269,-0.037674397900661,0.0287013352383488,-0.0118594101794534,-0.120409347020945,0.00176794408531457,-0.0123581238836227,0.0479645150621025,-0.0551162466667871,-0.194081943657098,0.0106086035258727,0.24030249930643,-0.0122225540455224,-0.0602494392413135,0.0697318140140795,-0.108740603353253,-0.136769633058179,-0.114658042636108,0.194825268319907,-0.0398236895025103,-0.0856310015501652,-0.169186963760373,-0.180519063333874,-0.122689448246219,0.240837325409664,0.266259540160274,-0.0494205360947951,0.0657779464569824,0.205351224958222,0.0322552634762451,0.0272316520013329,-0.0890859816698524,0.188622531265878,-0.0504658737327621,0.374605461880998,-0.0920966235887643,-0.0633314852533222,-0.213616804211947,0.0752043789646368,-0.0469746175950526,-0.0992516795531534,0.0641013555779849,-0.0944148566410788,-0.0948816734876934,-0.0657869947443529,-0.0965435954895448,0.217736333311978,-0.20568902995153,0.00511385112236949,-0.137487200696892,0.0146787636856544,0.0323593534606721,0.210309847834616,0.0993560344216253,0.125072166051208,-0.0134751103270037,-0.253231565643528,-0.228841648798279,-0.115056135511285,0.137576090039707,0.0821893786302294,-0.103492745001432,-0.0257698785473766,0.062745568302052,0.163253699692811,-0.178662395214965,-0.0505266954861242,0.100156570916922,-0.143036141211778,0.16067418030077,0.143696324935532,-0.0224145254729587,-0.0781998413616479,-0.206866017627732,-0.0464242891436872,-0.0938238147659533,-0.123729376730305,-0.042457312865828,0.295949239733652,-0.136640474088556,-0.237558751548075,0.0641159573385864,0.0828687352802926,-0.135430468358053,0.169397120569549,0.0479933254561731,0.253199907135051,0.30686649352037,0.192386782260558,-0.122024496442186
TCGA-B6-A0WX-01A,-0.152019124670417,0.181226751748304,-0.0134002350106294,0.0761860285944803,0,-0.0719949055554749,-0.230896971660556,0.216609538769737,0.361244477397948,0.0920880788142808,0.195970083965085,0.181606974723122,0.174280608701345,-0.0164843504174579,0.301345987430297,0.0303075034733058,-0.185378660009501,0.11337449405917,0.179330048635374,0.454795200370769,-0.112050150406235,-0.0899130522980435,-0.0112358399825182,-0.106141663627075,0.347200451095236,-0.189263242161769,-0.0196434515131563,-0.0229071537941591,-0.147194780065768,0.103762507710288,0.0349006967093533,-0.0364173923757368,-0.0753881381544553,0.118965368091286,-0.229583017808226,0.183081488239128,-0.15297246891712,-0.0162880346072529,-0.0976118154949189,0.0678972006390341,0.168638668505854,-0.205149781060042,-0.0244203533546083,-0.208106623585367,-0.136327765173682,-0.0668078952864029,0.001852588837455,0.197638809471682,-0.0727718458169753,0.0401775097340101,-0.0603129996070724,-0.104132111365386,-0.198518881136444,0.296326557521139,-0.203874872792707,-0.152759150931728,0.0224752494523542,-0.22620857472588,-0.259446911345568,0.245633468469262,0.33731927075648,-0.0476477675390393,-0.0991391938379906,0.0162882862582274,0.26260952335554,0.051195152286812,0.163966055707836,0.0940068296169332,0.291531363857307,0.188355674577252,-0.114606313504222,-0.0989736860823694,-0.166892598626641,0.168828574120441,-0.17350758072913,-0.227084881201999,0.0938280277927529,-0.0555798660988833,0.0361500915002962,-0.0935231564233285,-0.152609250691591,-0.0373345990548829,-0.0047702015902535,-0.211449918166523,0.0328653677740381,0.358998375391991,-0.0495314289472261,0.0722510388141696,0.217038315376268,-0.219868978949896,-0.101997368496324,-0.242197270927918,-0.0465801144435324,-0.0906666289086381,0.0167079385744037,-0.151147942205492,0.113630392790797,0.0708193511095395,0.059645329167321,-0.0664098054481127,-0.206731542640417,-0.125162986765923,0.175751065269803,-0.00868959495872069,0.073679320440214,-0.114924657228463,-0.125553280157172,-0.155671292671988,-0.185188280073504,-0.0799527313659823,0.0381608260186758,-0.0818474220863625,-0.169373543119688,0.176504764232838,-0.180742061443149,-0.21942233926505,-0.048744756315629,0.0790179574490847,-0.167699863453212,-0.0107012221397949,0.128188747994668,0.0475227150956557,0.148454531839497,0.177803321276556,-0.149663184930485
TCGA-AR-A0U2-01A,-0.0061937969739549,0.16586400435117,-0.0193184517245799,-0.0636128474190758,-0.0719949055554749,0,0.171382569453111,-0.0844260334318741,-0.178239654797827,-0.22381656733353,-0.140932766784245,-0.110617847222854,-0.177810276383363,-0.130514077842006,-0.0928450246127411,-0.202419731057619,0.148438339645185,-0.110728435934918,-0.0477608955474288,-0.0188973753601298,-0.120643129283421,0.0494629707496928,0.0922736886310945,0.125119576769452,-0.149510131556463,0.142600078535615,-0.0802939221034402,0.0514950083985777,0.0259232309367226,-0.043707160286332,-0.0801897189313506,-0.108840386792091,-0.173881517750778,-0.212152123013059,0.149102530813551,-0.0486691670168639,-0.0123010369714781,0.00918968832470118,-0.0672492275484647,-0.00749898910331025,-0.0237536037382932,-0.0486012371324198,-0.0190396776716147,0.0545762117233892,-0.114270329537515,-0.179391343158924,-0.154008076833061,-0.0389804164834646,0.144497476895953,0.0854542859048529,0.203371266198715,0.16413983606964,-0.0282775274510143,-0.232949788665245,-0.0711010085310609,0.0994045317083996,0.0373813742238678,-0.0680255611922753,0.275930366141301,-0.176488884989418,-0.167721789315338,0.0874380183629693,0.0898770070602354,-0.0333133746582534,-0.151271892445755,0.0412512976384991,-0.105726028833274,-0.167424733747643,-0.0464044295142533,-0.0804195278768494,-0.0567864366128763,0.0149725069867706,0.206422464437813,-0.0673016457159197,-0.0872303899291074,0.112179633946556,-0.101001794590332,0.0308012893601352,0.0991263953356496,-0.0554285430588913,0.0891857235147811,-0.164845640427822,0.112068864858479,0.211918300431079,0.171866941571334,-0.0794785795477509,0.00862828138245084,-0.135892068449369,-0.235812264102783,-0.0522959005115555,-0.0464703036764922,-0.0398394719045722,0.0237387378691666,0.239680682736122,-0.0462894509679952,0.0533194082069684,0.195133014961121,0.207534875148184,0.0482399898895469,-0.0402045293345041,-0.0786962672502294,0.120870783387346,0.0151637622521824,0.142290002689157,-0.0155525639377234,-0.0156998196430454,0.301361542138243,-0.0344454164240257,-0.0160843993123994,0.164754663795119,0.00614711359560651,-0.0604994799563439,0.0499373780590329,-0.104358416115233,0.089302783151568,0.159738989288713,-0.0123839984806084,0.338709742085872,0.108723390381986,-0.126261729452405,-0.0996534318770308,-0.0316411755943607,-0.123768256086162,0.0877591301544401,0.140482927442516
TCGA-AR-A24H-01A,0.106004769859479,-0.0987174708035742,-0.00233268904311307,-0.0837464784690145,-0.230896971660556,0.171382569453111,0,-0.0253730931918471,-0.26122500669059,-0.107122019457855,-0.113964591206384,-0.0150468160215831,-0.120225350240606,-0.0131634004113328,-0.208544529762249,-0.122832247087022,0.222294281758745,-0.100730667056265,-0.0994263483426153,-0.19936573889401,0.0662782717385086,0.026364116488373,0.0130839407026413,0.114423817815377,-0.24585962393637,0.114724365862293,-0.0183680637325991,-0.0755210878269636,0.138776375192339,-0.136922158156785,-0.075575994629044,-0.0227212640763343,0.012685435259271,-0.157037389564555,0.172658639529286,-0.171315333530718,0.0611103998400958,0.0188692941700103,0.0423399966505197,-0.0991023806899617,-0.118816180248045,0.135935810497123,-0.0432506527676486,0.109127246645081,0.0257875088626705,-0.0462118683481065,-0.103295062370472,-0.0482514242345428,0.0515538539895533,0.0308541650962963,0.082735106542972,0.0333421141061517,0.139789556761211,-0.257260066925605,0.100745306503393,0.146972658679808,0.0201219443716329,0.133212555942224,0.146411868702932,-0.176021036909663,-0.217974131283926,0.0705364843087894,0.0877308635512542,-0.0242825596121568,-0.109438206173382,-0.0139076731447457,-0.12535987504442,-0.181100933342071,-0.0580536543348359,-0.195173084289216,0.0657049420475367,-0.0520461355684769,0.172578293300618,-0.164390939038666,0.0361904320532636,0.109845723245016,-0.195351638828736,0.0726023612600446,0.0417434022785813,0.135685616539015,0.1740204652545,-0.0485488131076751,0.046597722499011,0.184205485844257,-0.0280195718004157,-0.159452356681519,0.0109705174758507,-0.10352277667195,-0.154401865995122,0.0333419398687845,0.0566415483100364,0.102214485226702,0.0405038048437877,0.102086913461239,-0.0338586755537516,0.197526130163966,0.00898990561013072,-0.000207074925538502,0.0299967605976962,-0.0769557417520196,0.131496694189437,0.0763053413197945,-0.17698781617753,-0.00987893672556971,-0.113041347770454,0.0120654467826855,0.14975876895823,0.133713956825957,0.131404356983892,0.114990172089312,-0.0521377535241352,0.0273240465141694,0.201333770640701,-0.147261063599556,0.0871912867304064,0.182817069913099,0.0557571807457355,0.0355621884245212,0.0953201694477636,-0.0517672773764311,-0.096124219996936,-0.156472860372659,-0.215258766786738,-0.0853460187690308,0.161200575874419
TCGA-AC-A2BK-01A,-0.0215187330354784,-0.0973302568757158,-0.0497465927231592,-0.080908499254054,0.216609538769737,-0.0844260334318741,-0.0253730931918471,0,0.167968703233548,0.0434242258983664,0.211853761644582,0.390926273350624,0.222711167864003,0.0160271807572797,0.0893710911999553,-0.0656592838316608,0.0205813376072846,0.0367436526022336,0.109078197437208,0.263326942668035,-0.0176299290129696,-0.0328647476085813,-0.0753059102955772,0.0251570095843218,0.188838406185233,-0.128036007208865,0.100019923193996,-0.123366656610957,-0.101442499968331,-0.125941222809137,-0.0824660345145144,-0.0583376449288328,-0.0358523786495022,0.0509685326558331,-0.0487850075242334,-0.0408332500833619,-0.0878017425430921,0.012613294210823,-0.103158956719594,-0.0627908748407739,-0.0661131891924079,0.0032090292228055,-0.104513891855556,-0.137826012593815,-0.0780781690389112,-0.0410091155301933,-0.099953679646868,0.306400745941695,-0.0713455262214867,0.0181174648892134,-0.113251656205054,-0.148309403266052,-0.0694628876827204,0.0378135131519946,-0.0409169522571882,-0.014786441410903,0.0761293738375051,-0.0217356408990902,-0.189212073673493,0.126942755247876,0.163158843459994,-0.0218946991240842,-0.11553359148152,-0.0509435593642316,0.333564637380111,-0.090471392569249,0.000513434709900784,-0.0926950284176751,0.297257734196743,-0.0518256066810915,-0.0363110442871576,-0.0524560218595617,-0.0542784063080975,0.0809061369149087,-0.0660765564486817,-0.148016498306322,-0.0596268175473591,0.00648345258342874,-0.0918573502372117,-0.0448781479770101,-0.0354175415583205,-0.0587627747017122,0.00482059308456243,-0.126496845454987,-0.16239903901278,0.298424948142745,-0.13039750376138,0.0820705215161364,0.209089661635258,-0.122164264807257,-0.0459382847381573,-0.0240382055710844,-0.00380226265037451,-0.0369575126272954,-0.0477545810951433,-0.061064049949896,-0.0333744226787413,0.0354445569248359,0.0722356480594828,-0.113327997565065,-0.00367033420735578,-0.104185898946588,-0.0556144571817819,-0.115383815499384,-0.0980200156425822,-0.104196046491208,-0.131713117775676,0.011438702350665,-0.0582641063175366,0.0135115984982668,-0.0651813930945958,-0.0125039638906581,0.0410255994745446,0.106937550934802,-0.0385008179753363,-0.135709621529487,-0.0313206974587801,-0.0755899987124074,-0.0919410938875354,-0.116096227688857,-0.0034168585662179,-0.099029859911124,-0.0357769231113929,-0.0368035056043949,-0.0369386379713845
TCGA-E2-A14N-01A,-0.306187744053448,0.135756224414795,0.0314823961996125,0.274632101057747,0.361244477397948,-0.178239654797827,-0.26122500669059,0.167968703233548,0,0.199312325927535,0.457901483135901,0.266713598560141,0.330489502438021,0.0221977082861779,0.609622457007645,0.0761351933034603,-0.33128780283696,0.267357704553805,0.357417541006896,0.383586122997667,-0.0192090737996133,-0.223074588927403,-0.235650292446545,-0.243342416446819,0.544476746626013,-0.455287883116281,0.0247328942561249,0.00263321346630016,0.0552654470305588,0.100095345257343,0.229544922136185,0.256701290492313,0.0351792044769223,0.151358990256917,-0.397241180967885,0.438127137496135,-0.247249888594013,0.124464371131966,-0.102095149473424,-0.087055649788598,0.0405942619565759,-0.152962522171513,0.0748618936745877,-0.207225591914026,-0.237396546822398,-0.0772032546145763,0.3105850807996,0.234750696340221,-0.0805020413262502,0.125125922236772,-0.0651762031518707,-0.28131077345337,-0.24395524772771,0.482205203755564,-0.248885816686669,-0.221860008740309,-0.0960830973351729,-0.144176051528501,-0.403289123815128,0.53638968866549,0.561455164672421,-0.151740196918109,-0.14676930419487,0.326071997480847,0.308909623927722,-0.0759117965975817,0.14386151074233,0.154898192748335,0.172878478519807,0.533378059869031,-0.2307650966909,-0.103495151162942,-0.351079380084616,0.203656853649748,-0.0983555956664927,-0.275911465488653,0.186583701399818,-0.226318747626401,-0.169923165145608,-0.245796928492798,-0.199680893996735,0.227585431210663,-0.186388570279782,-0.206526958254185,-0.15253696089991,0.366912977161292,-0.0339987648248971,0.425134064086437,0.416694664542267,-0.111196605448964,-0.208185135126139,-0.383498740785013,-0.254523328651896,-0.294223686429845,0.171061632811847,-0.243281145716794,-0.170172712878144,0.0483859238593339,0.0131882489272522,0.160957877354012,-0.252288459799515,-0.175064784836587,0.109323353656778,-0.183983325706275,0.151369855253399,0.014450903160728,-0.189380066368409,-0.188825298121889,-0.26732204544623,-0.111019316730064,-0.0686609105409197,-0.17973574324372,-0.229306623473244,0.433226827497213,-0.199500783494339,-0.412253228884822,0.00377458791598492,0.00591952092680057,-0.213190043217166,0.22976689921867,0.120792519519473,0.281659909532269,0.4954481794605,0.250547742311677,-0.277383840139274
TCGA-AR-A24W-01A,-0.00294517404249023,-0.0497176529496724,-0.0756067097628635,0.0231281972115127,0.0920880788142808,-0.22381656733353,-0.107122019457855,0.0434242258983664,0.199312325927535,0,-0.0447686019819864,0.150474478281884,0.123764067655908,0.319324182836339,0.0250311567011116,0.344442846226734,-0.14392038189239,0.150892327218263,0.000710915514793196,0.0776625349182485,0.201935527520486,-0.0731106033620971,-0.162107975151283,-0.185353551001228,0.0431115820407383,-0.211264241544548,0.0933165797462112,0.0191960013971894,0.0108492521912891,0.0437387419598918,0.0559032921221141,0.201862082298582,0.305522195931498,0.32829965400049,-0.266957890511419,-0.0631535568215007,0.108721015041793,0.0422893429626141,0.113488609645701,-0.103241229366984,-0.0175437871476396,-0.0718011278654019,-0.172306655019458,0.0740069687486349,0.0206687168415238,0.197519458477413,-0.0418344942736657,0.0485278845526921,-0.167838391163485,-0.0744278036975641,-0.285948213353644,-0.0825736324683414,-0.0323281826876109,0.400254829480096,-0.00776489437231696,-0.03347313887278,-0.163056708938443,0.0775949314464961,-0.145373789224611,0.141352697667538,0.00524877354052279,-0.241316080630138,-0.0840264621549578,0.00232492121892588,0.186524165765736,-0.0840323670635373,0.253297132253701,0.232130450470303,0.133331298768729,-0.0104799235566881,-0.0409332439983901,-0.00388361170010628,-0.339635953071035,-0.0225429683021648,0.128971057006699,-0.144740980320942,0.0588831565439604,-0.0754274416726065,-0.260878260770111,-0.15073368098433,0.0458520284318936,0.171871963809919,-0.06385416683,-0.137871744610489,-0.110528912325866,0.101273928021577,0.0336649528519547,0.103002369549651,0.315226501539549,0.00449132343456957,0.221341334758749,-0.077448670546437,-0.151105272995981,-0.198994749350206,-0.102624199322751,-0.0125956937231097,-0.193696499583679,-0.206088240925748,0.150335262165674,0.00776770323105004,0.0664140842592399,-0.119173307411909,-0.0168035917037657,-0.164118895784405,-0.0103464264546075,0.202011584211959,-0.124971590570452,0.0912420392377119,-0.0751058011787097,-0.0588794880080011,0.162513421624327,-0.0418227470333047,-0.153876929353239,0.0441022974338013,-0.146617054212964,-0.253703565448212,-0.141120463911286,-0.183688342564095,-0.0915039684429536,0.0530570739847305,0.0100839930470682,-0.111922605395399,0.0203100005481287,-0.285117646364656,-0.10295909534674
TCGA-E2-A1II-01A,-0.227423374230892,-0.0609301857015585,0.0548081818441784,0.227633238111175,0.195970083965085,-0.140932766784245,-0.113964591206384,0.211853761644582,0.457901483135901,-0.0447686019819864,0,0.333814695768139,0.336961693685227,-0.093483368920727,0.451443619799051,-0.060964789785457,-0.165124695342003,0.135820381058366,0.388167868751855,0.153488360869884,0.000106305822699084,-0.179425677591504,-0.248943695836074,-0.14577168943219,0.405359311702176,-0.325099572163137,-0.0354416282629165,-0.0732250066869098,0.134890141763312,-0.0259456707854081,0.266593119328796,0.300284250717016,0.0219518876569849,-0.0350879120838411,-0.195675454662139,0.347473647127986,-0.257588230391242,0.0164363364266229,-0.119622763734063,-0.101183881976305,-0.0721557424337466,-0.0414370149919791,0.192744227810758,-0.160427315589666,-0.193645300798338,-0.0465137255366509,0.446350023611801,0.171547466986611,-0.0273798769762152,0.204874107292057,0.0187909614618497,-0.279696088610163,-0.0576990619751088,0.216706935806216,-0.119670446852808,-0.215409520022354,-0.0458453831415893,-0.106943378082305,-0.261611004923044,0.36349190143019,0.497368543674418,-0.0801939394098647,-0.0235403297575951,0.400500691214691,0.20900095539268,-0.182687705063837,-0.0770216100344965,-0.001177916622236,0.0442365825213393,0.421035082713602,-0.130683301437977,-0.0879581222010418,-0.218130430602435,0.197616238504118,-0.0746271168773952,-0.159474057023062,0.10375507314427,-0.209046266186201,-0.194399478652147,-0.163531947783282,-0.119453718364065,0.21027882207303,-0.174280797517548,-0.124342408109935,-0.215893117350158,0.134182426530925,0.0412952744829109,0.464967024742325,0.181502647000621,0.0546538089726952,-0.251736607881216,-0.207792940949117,-0.220880684779204,-0.252860423758991,0.318030155926179,-0.140752841034159,-0.230541120237484,0.0513781002981415,0.0253367480867592,0.218797985281956,-0.115273752685612,-0.142814805412067,-0.0138492058169992,-0.184760737877759,0.097642040265695,-0.0225889681708092,-0.227809260461226,-0.219777132436202,-0.157636414715316,-0.135633939382398,-0.271384176861431,-0.202079856020995,-0.0910480197006908,0.440550488998226,-0.0321586395659507,-0.29437331555592,0.153807268115989,0.0223928437264299,-0.188670471986861,0.27108761126355,-0.00237088056789687,0.378358902589086,0.513066651108358,0.260833999595621,-0.202859357951029
TCGA-HN-A2NL-01A,-0.066005524534185,-0.0367585006272321,0.0586169338264732,-0.00972157545588642,0.181606974723122,-0.110617847222854,-0.0150468160215831,0.390926273350624,0.266713598560141,0.150474478281884,0.333814695768139,0,0.318516011785084,0.0439348180214179,0.157958127919551,0.0383156129388131,-0.0728886511306405,0.141195497464253,0.194697494571184,0.255923966483345,0.0088193874173255,-0.171083524027381,-0.0877378379780964,-0.0915041329430261,0.169547430872592,-0.242941841107863,0.00713026544731201,-0.0754446698529239,-0.0305090756046292,-0.0439766172528829,0.0135725783760112,0.0824738593113626,0.0673758293989733,0.0762921695535914,-0.175535112525763,0.0341860682724858,-0.0894207626257399,0.0910881121533351,-0.10036284715744,-0.049692058863919,-0.132759997555751,-0.011171373461291,-0.0391276693801036,-0.0492695574991858,-0.105715127144343,-0.0647431666939957,0.0252533151648033,0.16433862385903,-0.133333300542995,0.072394618319347,-0.106102712171053,-0.185849572224979,-0.103722699082299,0.183175809369848,-0.10243551595911,-0.0835454483638207,-0.00993072180991807,0.0461001739984053,-0.180076018719675,0.292558289598354,0.257917460782143,-0.111569882132314,-0.064092384306239,0.0927363190561732,0.387430000220521,-0.124599031257209,0.0019433075885188,-0.0632063660752953,0.200403652909563,0.0452405110711807,-0.152934136526794,-0.0779944846370501,-0.191558943987242,0.0885569135219728,-0.0779945295820603,-0.126748893049583,-0.0237205573803935,-0.115061279614986,-0.142706203771242,-0.0882324593415523,-0.03008368075235,0.0511125875174781,-0.137255027705194,-0.0745826796033045,-0.167420079760429,0.221921713220489,-0.0795875380584409,0.240594241378843,0.280119258948155,-0.0922336608092066,-0.0704878555416093,-0.122356008556283,-0.091354690478454,-0.184438340041166,0.00597565009858242,-0.0900225002799207,-0.14799865282142,-0.0107861216480797,0.0952567030132825,0.0120468517851093,-0.0387705052640051,-0.084066994424618,-0.0636331847775475,-0.0880849113085637,-0.00386105559270313,-0.0146251611454076,-0.0936949240860795,-0.0271820107207513,-0.102849799770938,-0.00558652484663954,-0.0863168621867489,-0.0991468648554665,-0.0819836782249554,0.208957007975564,-0.120813656158725,-0.18554962255583,-0.0773049256813633,-0.114245709538907,-0.0836056222144771,0.0434688525950319,-0.0388709659209915,-0.0191265540595987,0.132604570904885,-0.0636542547900154,-0.054582311283734
TCGA-BH-A5IZ-01A,-0.0852253618160619,-0.00643118206787154,-0.0267334230655035,0.0882305108270275,0.174280608701345,-0.177810276383363,-0.120225350240606,0.222711167864003,0.330489502438021,0.123764067655908,0.336961693685227,0.318516011785084,0,0.0417886220080573,0.231555050514919,0.0600737261198603,-0.149035752477787,0.200961761430865,0.315477815475908,0.253977902596167,-0.0170024951759703,-0.187979746321523,-0.14086678516595,-0.174989953864383,0.257577820375952,-0.276534690364467,0.0120254011312667,-0.0825307897303846,0.0055485415938493,-0.0316463232758991,-0.026329189805053,0.0698449217482265,0.060032371652051,0.0691580347850873,-0.210848351714182,0.0596947449902589,-0.086183532288766,0.0856479499799697,-0.10043226434078,-0.118202294772583,-0.0939903957755605,-0.0811610751787271,-0.0121086602598182,-0.0676555992500561,-0.0766174849960957,-0.00673191548062201,0.129963621460412,0.248177338499842,-0.14562680533489,0.00862886001617009,-0.149564825643587,-0.232777194458468,-0.118845167216422,0.274295639525208,-0.127125033795797,-0.116671633135465,-0.00895178068555579,-0.0249435972031401,-0.170744954915488,0.409041696918376,0.407041868001472,-0.175832034897388,-0.0946607734879125,0.170543534896172,0.353426972251414,-0.180937460869061,-0.0306645050319734,0.0118826535533387,0.234281075328891,0.124635823070282,-0.152323626878984,-0.0350587371793622,-0.255939571968907,0.189102362375471,-0.118566838011873,-0.105295273016997,-0.0226259983514472,-0.244802957904181,-0.167921899662155,-0.120164283312038,-0.085503220785632,0.108602768207494,-0.218878477444836,-0.0683002264177767,-0.175061090515741,0.33156109340514,-0.0348174099126208,0.378534708816336,0.362691471197247,-0.00871224083532217,-0.114605923352437,-0.16860186627568,-0.190989394311088,-0.201797389358769,0.0325788343657696,-0.0831613566548718,-0.203556838041026,-0.0829309883465815,-0.0328940407411581,0.0708677371378088,-0.103806256656621,-0.130492135552484,-0.0764015464350514,-0.173086272314031,-0.0290373970086605,0.00091891234180067,-0.13146606355817,-0.0972255787518333,-0.181683726619057,0.010076195532036,-0.165211164363506,-0.121563438043716,-0.134827517235767,0.472196391757162,-0.138973511507867,-0.208375278142583,-0.0119639747222306,-0.106129131654553,-0.158383005788015,0.214506080903844,-0.0723723069406209,0.0892313259291108,0.236895939397112,-0.0690544291267948,-0.210174404233165
TCGA-D8-A1XG-01A,0.0567728027133078,-0.042120519342735,0.013076475751948,-0.00962931685734109,-0.0164843504174579,-0.130514077842006,-0.0131634004113328,0.0160271807572797,0.0221977082861779,0.319324182836339,-0.093483368920727,0.0439348180214179,0.0417886220080573,0,-0.084231142846752,0.18927188922197,-0.0632550758432638,0.0193812494031696,-0.0589374013126703,0.012461714485538,0.122233744977923,-0.0114967340846347,-0.0257752044106727,-0.0970761190141273,-0.0655889234585081,-0.0418834080455807,0.0819597505918054,0.00362226078183449,-0.0398888770657802,-0.0351482854826514,-0.0844114904582197,0.00135872433079487,0.102740986043699,0.254928905226187,-0.138278124117822,-0.0911749482296123,0.0655954537418703,0.0454593714394158,0.0207482329471487,-0.0375531984339607,0.0146389480030394,-0.0330592148903532,-0.152307360274599,0.0616272139892475,0.0224162336773356,0.106201527598134,-0.0831038289112633,-0.0303649665042433,-0.12001894415363,-0.143597613129959,-0.212896220037874,-0.0425330714593878,-0.0526101959702557,0.220300974435418,0.0856508489113477,0.043518271288636,-0.127207350890748,0.0683973499604298,-0.0237036679428268,0.0528995097819257,-0.0760711193713088,-0.0599826345153679,-0.0221019386046183,-0.130388949365754,0.164112601182892,0.0436197943257538,0.144375188440626,0.0914682784631953,0.0244293459888812,-0.0754120355952614,-0.00305086734273775,-0.0790843995211701,-0.148832161396026,-0.11219979788872,0.0828220261593105,0.0122931741810497,0.0294036538885451,0.0557568693331832,-0.0608122383657612,-0.0166766809344762,0.0235290210191214,0.0849838141202128,-0.0585930608741088,-0.0355954760227173,-0.0525256066145703,0.035215718234854,-0.0346445043357479,-0.0424552984203537,0.153913549531586,0.0482662961747891,0.163178809581891,0.0595439137162841,-0.0187084709039368,-0.048060395878797,-0.166824984135623,0.00213598205413975,-0.0938303957227608,-0.174211092329559,-0.0171631192413671,-0.0297137015424223,-0.00101389085753749,-0.0636395925609995,0.00482871768788121,-0.107997788839683,-0.089770217762017,0.0674496279262591,-0.0378566097972847,0.132396537479487,-0.0464951185959615,-0.0340713700640932,0.113810991925856,0.108907776030874,-0.0464044232728158,-0.012373564127703,-0.133915050469926,-0.0736214927515063,-0.165281594908032,-0.159999387088813,0.00632557984089721,-0.0284079732163601,0.0145073965005079,-0.12621705958254,-0.107789322512267,-0.184721724232189,-0.03994555142536
TCGA-AR-A1AJ-01A,-0.252739797865995,0.0990101518652115,-0.0317354509077613,0.238873280579526,0.301345987430297,-0.0928450246127411,-0.208544529762249,0.0893710911999553,0.609622457007645,0.0250311567011116,0.451443619799051,0.157958127919551,0.231555050514919,-0.084231142846752,0,-0.0480545717160038,-0.321051140115234,0.142314829505464,0.311086571426252,0.273279801050808,-0.0225995746779605,-0.145675272771027,-0.155457805255755,-0.253025540734666,0.552989352696346,-0.393494057255554,-0.063528514308529,-0.0427733659287842,0.15108450538002,0.092695942885684,0.214428449678825,0.328594508023754,-0.0225740357663939,-0.013499693962926,-0.224152866546323,0.536612521647262,-0.312007253125933,0.118690194380107,0.00266426697696159,0.00189050822521561,0.023093398488658,-0.234849957601514,0.186070620579979,-0.208192668381151,-0.327130757149504,-0.13121300655905,0.337316471336584,0.15151568905321,-0.00913519019340787,0.211232305086968,0.0977334348180743,-0.253132618338012,-0.157300340574563,0.193662897949527,-0.29251718671157,-0.200737336545239,0.0210551528037825,-0.154989910908067,-0.328418733579876,0.431573722088596,0.529514726664436,-0.0863034097260467,-0.163891402323443,0.447732353906117,0.116198853596265,-0.0773657792856863,0.000763748075676811,0.0307884165109631,0.108092738047213,0.527537894497699,-0.167563351153087,-0.048435733037476,-0.257343130395399,0.243871558608575,-0.163132611271051,-0.199435107357796,0.225393107982798,-0.175779077375937,-0.131851617466869,-0.252922639777752,-0.138692130524623,0.210610544953257,-0.152758239200588,-0.224151551166661,-0.127423166782992,0.274619104346441,0.127494897558212,0.471712169530516,0.281018315261213,-0.131108214412684,-0.25265829872513,-0.3489485628552,-0.22307009089781,-0.302952947096105,0.331700847863088,-0.274541642706354,-0.0929821203109397,0.0929247276857855,0.0147865119945182,0.264963210948765,-0.211699221429495,-0.102501572109406,0.0952612609539474,-0.0686182545355404,0.211209180143456,-0.066659097115323,-0.135624343963322,-0.222025947251565,-0.196912378502911,-0.141514273797186,-0.222522676124115,-0.207694639587996,-0.205594015960434,0.376261727113349,-0.0471069399001682,-0.319436674513684,0.0632234414223882,0.0947089643251786,-0.164788553115502,0.228662056121708,0.0922083450655653,0.423965837613807,0.542722575765235,0.33601662737297,-0.222608042410516
TCGA-OL-A5RV-01A,0.09048526334536,0.0248808689818903,0.0332358947409595,-0.034254645943697,0.0303075034733058,-0.202419731057619,-0.122832247087022,-0.0656592838316608,0.0761351933034603,0.344442846226734,-0.060964789785457,0.0383156129388131,0.0600737261198603,0.18927188922197,-0.0480545717160038,0,-0.168531942121138,0.0842020511150712,-0.0714226012929956,-0.0666589973546792,0.120348546513269,-0.107095992105084,-0.0898219360867925,-0.0937373822832527,0.0207072615239186,-0.109162828999845,0.0435446360941859,0.0314798949466678,-0.0520798844244843,0.147522278656709,0.108119261257029,0.0407743341394485,0.164376869917019,0.290758479144443,-0.178223281855838,-0.0604770031618314,0.158002948786946,0.0889399942861651,0.0591746459839376,0.0411719131892565,0.0491988879686703,-0.0725461158201739,0.00689408163371156,0.034616043005471,0.169012810049481,0.137900914603649,0.0500228502172811,-0.0966050843496303,-0.15183417762217,-0.111789523196378,-0.175154905975346,-0.0718779338266602,-0.0698091832242663,0.37700727070788,0.0668831125995768,-0.0759745294561721,-0.136722090588553,0.0425436333364726,-0.0800690433312462,0.0981650516380098,0.0468325379514629,-0.243530722821837,0.000591491581616042,-0.0510237612290698,0.0771943570795497,-0.115322521583595,0.239270486032814,0.228928611669541,0.0429972844251757,0.00572821500337811,-0.0308750126609995,0.00595156898845712,-0.284690558941356,-0.0717714405432097,0.108496933659303,-0.108495666336743,0.136397751953393,-0.0865481985629107,-0.121866611732955,0.00930133203209451,-0.0330054524264399,0.175605574268848,-0.0549974593778657,-0.109574419696854,0.00370348580151844,-0.0133872731242319,0.00430498215185157,-0.017419613049,0.192131401902246,0.0399122784943467,0.122627133954732,-0.0273710738725191,-0.0849409646056291,-0.102631240028859,0.0194205947869627,-0.00858594872556297,-0.116246810733045,-0.118608209437479,0.0642715574265677,0.0706729423518703,0.0230108393207512,-0.0853356349403398,-0.0204324855379424,-0.00893607922706987,-0.00433865874046686,0.131902891770648,-0.103751372743349,0.0891142369220363,-0.0117043074539249,-0.0417587502074906,0.140352270600983,0.0610400334034392,-0.193720682095455,-0.00996436743087086,-0.166174748608874,-0.101427578854737,-0.0530841613754149,-0.220022256308279,-0.0643992097250312,0.175333722998298,0.0480757218031832,-0.061754602672573,0.0728892927041722,-0.202900367104905,-0.122701930777687
TCGA-EW-A1OY-01A,0.104448528058673,-0.181996406716306,-0.0236139640065764,-0.0318790008050102,-0.185378660009501,0.148438339645185,0.222294281758745,0.0205813376072846,-0.33128780283696,-0.14392038189239,-0.165124695342003,-0.0728886511306405,-0.149035752477787,-0.0632550758432638,-0.321051140115234,-0.168531942121138,0,-0.106295895117449,-0.145833210373093,-0.159287277478656,-0.0497560318911083,0.13292215161271,-0.0296358971866017,0.174472017922442,-0.299257240514579,0.234669316067328,0.075625540060243,0.100065369192019,-0.0461433613567745,-0.250401934538825,-0.128444106035566,-0.149586343237357,-0.0825553020015071,-0.1256703259218,0.184796694200487,-0.301192980192346,0.139566713401704,-0.0880979288524787,-0.0727280528555079,-0.159686791858621,-0.113138614598381,0.258486680373274,-0.100243461147034,0.0693361399715439,0.0991865217067313,0.035745309806607,-0.229846039593458,0.0302050071381818,0.148037563712246,-0.0620475776614919,-0.0144707691203669,0.151819700857354,0.173667281093629,-0.251709586878763,0.138434223712881,0.146504745097328,0.00297686316662243,0.055348390586526,0.228552325140108,-0.250589828769224,-0.25085682404856,0.142726676906464,0.107832048974557,-0.178190336128366,-0.152722685061848,-0.00768405434571694,-0.0929549434231809,-0.167095675850205,0.015802354083552,-0.230896016358681,0.10783144457616,0.0279687380567142,0.188554688789173,-0.11317841801251,0.0283645304173765,0.0562415101026124,-0.291381866871153,0.123877910392996,0.0390884209770223,0.115813299030411,0.0988101234154253,-0.167145482520621,0.128991350195361,0.0856170505307582,0.000396434430409288,-0.171717261754431,-0.0605659398079473,-0.211270552438722,-0.183354128089985,0.0584272945637045,0.101543367767678,0.168429698371515,0.0595900765363176,0.199978280077795,-0.0420155072621644,0.353444074353105,0.0727778733419416,0.0237878195725865,0.1386203708958,-0.17435197617005,0.154523996702039,-0.0464890759452238,-0.118645580072315,-0.0832790520036659,-0.208910347589923,0.0608462715887892,0.213838286319054,0.0987396456906297,0.139474998088053,0.0765148476060673,0.0157893434528868,0.0453180708050479,0.197598673087087,-0.181103337683021,0.211661375242625,0.130673815169957,0.0245455846290288,0.181955251087503,-0.00532136233944016,-0.218677258412829,-0.0691342449538351,-0.251590338824978,-0.341432242200008,-0.0911303384014024,0.180872371478061
TCGA-D8-A1XT-01A,-0.0377574934781126,0.145442727401486,0.0825231874742643,0.221642068779956,0.11337449405917,-0.110728435934918,-0.100730667056265,0.0367436526022336,0.267357704553805,0.150892327218263,0.135820381058366,0.141195497464253,0.200961761430865,0.0193812494031696,0.142314829505464,0.0842020511150712,-0.106295895117449,0,0.173369406357878,0.0795530197000452,0.103742673426323,-0.194702552851349,-0.1603837845762,-0.0111078428999795,0.149372086899677,-0.272859238066585,0.0728568831665416,0.068891226407509,0.0125711318011199,0.109617546302309,0.0969646296052297,0.0235282342396626,0.0357970856065143,0.073371867784808,-0.302923627166463,0.0764449475238361,-0.0413149209086453,0.0692110415142252,-0.0760222421733522,-0.163613217352132,-0.0318137471915974,0.00955045852799501,-0.032729856484274,-0.0177167442149195,-0.0534356274211475,0.0528333325796622,0.076748158130523,0.0182757589193211,-0.160509132138196,0.170039104318793,-0.055344276940141,-0.165816608497941,-0.127713341206702,0.264016250512649,-0.103742071136184,-0.0966160130747379,-0.069244261142812,0.0179807452975375,-0.173561452852673,0.341908979929927,0.22954346116389,-0.21442255985429,-0.00251988514014883,0.167607077456768,0.155697494527326,-0.0981561239980403,0.0127744270160077,0.157516566004291,0.146467617950983,0.151192166169527,-0.144157221527054,0.0890792294200482,-0.244882969910338,0.0883968613944444,0.0118608003093812,-0.144007177868008,0.0222925761013922,-0.1784335161877,-0.144342508861675,-0.0930169030614024,-0.0736294329278739,0.116556088089698,-0.157350047512389,0.00188385137591536,-0.074596883267805,0.19385403904618,-0.0529540059646735,0.154129864396411,0.255659493912152,0.0052776867386949,-0.00149395763934888,-0.174310063533309,-0.185475890180204,-0.220771476902634,-0.045942264103244,-0.0521199433751389,-0.0155750305852413,0.0109247643157386,0.0986544404199168,-0.0472187344988455,-0.138438022007095,-0.0365870315268694,0.0124310754367169,-0.156532139986628,0.0900772271933886,0.0658357030766345,-0.0674353127676034,-0.0320153274244174,-0.140327432832977,0.0882451768084131,-0.0323543919790475,-0.0854874216441316,-0.139148971099872,0.264529947235363,-0.186890615676276,-0.189035843838271,0.016390418443031,-0.134151338303614,-0.0417414080214497,0.122364141035916,-0.0298288105076585,-0.0257986453887694,0.201710054452142,-0.0387449241422469,-0.137766153313891
TCGA-A2-A1G1-01A,-0.225528347419643,0.0659411926681911,-0.0227519066934987,0.159825146333549,0.179330048635374,-0.0477608955474288,-0.0994263483426153,0.109078197437208,0.357417541006896,0.000710915514793196,0.388167868751855,0.194697494571184,0.315477815475908,-0.0589374013126703,0.311086571426252,-0.0714226012929956,-0.145833210373093,0.173369406357878,0,0.214693297058834,-0.121418294130561,-0.128573050211754,-0.0747929215055637,-0.06804914896682,0.254839168358676,-0.21166457516798,-0.0389965910738867,-0.107016996027123,0.0288541199149278,0.0406391717105921,0.127508604619647,0.146463655664025,-0.00817405448520927,-0.0383815075917465,-0.124895058817704,0.168655481396393,-0.22883811448915,0.0377661694918959,-0.066937947952397,-0.0604346820054157,-0.109662444686859,-0.0974855241643574,0.117092099106409,-0.146793505858843,-0.206958537599834,-0.0762127591418267,0.251930205343959,0.211390002073117,-0.00764672580389724,0.246095960390052,0.0186910776309393,-0.197703210310775,-0.0116524864663904,0.166747330138642,-0.228335853525168,-0.116314874963288,0.0523446181136356,-0.150539450912567,-0.19480574449378,0.338864510801875,0.366154760348541,-0.148445772240119,-0.056197024372425,0.331963998944631,0.185928894378009,-0.114102782811583,-0.0396979669117706,0.0167779339732612,0.14318954865594,0.201088460555934,-0.101374791130657,0.082336705459759,-0.136563218992086,0.257761058847147,-0.0809102007044191,-0.0519196478931547,0.0585289944955407,-0.294645987819655,-0.137008041119714,-0.181309207925346,-0.112351864068774,0.0631623119308691,-0.161469933943631,-0.0298726518844649,-0.131862916769549,0.244443467005123,0.0345120301290672,0.394096981715034,0.221185465084414,-0.027809275100771,-0.263354979306622,-0.203560326756176,-0.237738703809406,-0.206272047504044,0.110629301788869,-0.128585818022035,-0.159921034758192,-0.019397489968228,-0.0455756844314068,0.0870055993640238,-0.179432751279489,-0.0841830285231184,-0.0256519290540992,-0.115520276797469,0.116910053862247,-0.050470373313915,-0.116155090483935,-0.203230850968464,-0.162248267673305,-0.0130674988302483,-0.16178939704894,-0.247503835446204,-0.0837143725014571,0.426513971759854,-0.0590385682641229,-0.180046304600687,0.0075406086658796,0.00774989063195019,-0.100112994603038,0.173649960321068,-0.104928004395122,0.260521223929667,0.346994347095547,0.0809750604145827,-0.177805103167664
TCGA-BH-A0WA-01A,-0.20422260358432,0.188925993052057,-0.0260533438151758,0.0575773155802531,0.454795200370769,-0.0188973753601298,-0.19936573889401,0.263326942668035,0.383586122997667,0.0776625349182485,0.153488360869884,0.255923966483345,0.253977902596167,0.012461714485538,0.273279801050808,-0.0666589973546792,-0.159287277478656,0.0795530197000452,0.214693297058834,0,-0.16717605203295,-0.0930539489271124,0.00851270036033512,-0.153336495957428,0.305550893285855,-0.186299020342681,0.0382469874480868,-0.0581087797687296,-0.150071034911377,0.000844394519343449,-0.0727831069727542,-0.0717169065218039,-0.115811061154003,0.0912220542112719,-0.229293196891797,0.132608543369916,-0.163434050993354,0.0290308343469861,-0.126035370650564,0.0279875519534383,0.0766472374546794,-0.132011244435011,-0.1223672076988,-0.215074141459581,-0.168795676132512,-0.135357076280527,-0.0891216867789845,0.398216838387395,-0.0400112352058036,-0.00538782367101152,-0.110314862792343,-0.0867412675534224,-0.265317711542455,0.259496389026493,-0.213287924590682,-0.0792551105187459,0.0669725993529835,-0.181814504523006,-0.268720932924777,0.300085439082098,0.364506406956884,0.0096473519354357,-0.182999305255152,-0.0153468561942082,0.434340693044602,0.0783224198106429,0.155674599254086,0.0202208183424966,0.273049055953096,0.142503422171513,-0.158155896470154,-0.0897360267207209,-0.150119762175415,0.183821991044064,-0.196889431319963,-0.212369421027486,0.00125211049386606,-0.0575650652816393,0.057964930433599,-0.129884717807633,-0.201949058189547,-0.0840077018293704,-0.0320613452970079,-0.191678954726338,0.00954242497880691,0.421082557411954,-0.146405608813205,0.156926997432945,0.293055021701676,-0.214498702639079,-0.103401786784992,-0.237147541005966,-0.0141452181661567,-0.0417846581240255,-0.0927011951975578,-0.112839397824248,0.0626014243054705,0.0750508902064775,-0.0502266671325748,-0.094052628564802,-0.232168387799856,-0.120141646618135,0.158615751868218,-0.0244687799625915,0.0271853193796386,-0.110747362298943,-0.0464149173133875,-0.12383134187992,-0.24646759311643,0.000934009135570979,0.0482086151151042,-0.0648381244992542,-0.0980718375371669,0.207874576317008,-0.19107749221852,-0.210396938563213,-0.131624260270102,0.0997317415023241,-0.183226802334156,-0.11321306086204,0.0539730562985013,-0.025320223989974,0.0526529962682918,0.131548572668082,-0.123258278900894
TCGA-A2-A25C-01A,0.160369032851519,-0.118899296469783,-0.0157570501241463,0.0463758096526837,-0.112050150406235,-0.120643129283421,0.0662782717385086,-0.0176299290129696,-0.0192090737996133,0.201935527520486,0.000106305822699084,0.0088193874173255,-0.0170024951759703,0.122233744977923,-0.0225995746779605,0.120348546513269,-0.0497560318911083,0.103742673426323,-0.121418294130561,-0.16717605203295,0,-0.0257922190416615,-0.255019552546848,-0.0299453151771743,-0.0648789179508515,-0.0920908206744293,0.0421205774700337,0.0489893943230134,0.13997039504006,-0.0998710155163304,0.0263992706714865,0.147630299267781,0.201770288418687,0.103409623537793,-0.143985538047116,-0.00564880610101784,0.0976358823481813,-0.0257369857771315,0.0586242080604311,-0.152990380714324,0.0299300066071147,0.0341453304569621,-0.0920592725220338,0.102944952696132,0.042878608083326,0.17116488494093,0.0272113979959991,-0.111340434109737,-0.118431468293449,-0.027230458394195,-0.0957147832483594,-0.0275466799775188,0.0395937909415907,-0.00773758199506857,0.122956595813357,0.01942588616397,-0.198762581990487,0.184014990401589,-0.0398790205639233,0.0134598738235359,-0.0569610082333645,-0.129611646138922,0.0134927531520641,0.0347695490920897,-0.0397911149839143,-0.0433402066482444,-0.0321544379270707,0.0776513641377189,-0.0505108211129677,-0.0134833239658225,0.0753545197080686,-0.0505282625359515,-0.148970564456407,-0.142231527905617,0.110618486799462,-0.0295134684795801,-0.0467515563388825,0.124790365492899,-0.144617994293814,-0.0337486142327959,0.10984346524611,0.212771803855436,0.015530658602616,-0.0143923363806218,-0.0624565202490682,-0.0722647675339905,0.057578231743289,0.0291346560688905,0.0891033657257045,0.12413333913321,0.222309817570662,0.0850365155254503,-0.00994748867121297,-0.113071537967046,-0.000448948090136991,0.0105512267337732,-0.0489700698903649,-0.0922367746684033,0.0856939930236077,0.0262567275723862,0.169632714377342,-0.0286274732845922,-0.0199806154691197,-0.14104978145495,-0.0384184399167226,0.0894414577215265,-0.113750757793895,0.0955836196562964,0.133503706533045,-0.00805213806192353,-0.00911625301933069,0.0922542989877727,-0.0376282246907244,-0.0120774959140286,-0.00562491766807775,-0.105424079346558,0.08348316836424,-0.157018479111127,0.0404924360142072,0.0099660940239305,0.0189749955338025,-0.0656131378884222,0.000139045193635765,-0.15106255185552,-0.0271755012241706
TCGA-B6-A0RP-01A,-0.00617057725640043,-0.158114662509311,-0.128474729006014,-0.133390871273515,-0.0899130522980435,0.0494629707496928,0.026364116488373,-0.0328647476085813,-0.223074588927403,-0.0731106033620971,-0.179425677591504,-0.171083524027381,-0.187979746321523,-0.0114967340846347,-0.145675272771027,-0.107095992105084,0.13292215161271,-0.194702552851349,-0.128573050211754,-0.0930539489271124,-0.0257922190416615,0,-0.0257284402585409,-0.00659151515406565,-0.180866518417575,0.312029660669644,0.041665252392561,-0.00596271964524125,-0.0751353346161288,-0.26053118475353,-0.150757161762842,-0.0527729123304863,0.0292849161149258,-0.00207170510377019,0.26731715308786,-0.106300416921042,0.0220254246863276,-0.0818740184495672,0.0605544882800602,0.000687020952547062,0.130522262809486,0.131171389209261,-0.0744384863660727,0.00389982943472151,0.098065030109347,0.16583773251441,-0.172286965098357,-0.0106797965949688,0.224121239199118,-0.102221446089021,0.0161305484729772,0.22465561354321,0.0913470283604351,-0.268518806055612,0.115490274365685,0.0636573661992455,0.0244706310608639,-0.0157942400218306,0.114133747448028,-0.250357277338998,-0.263402408447718,0.0950496410642929,-0.103701129167361,-0.123999506640471,-0.220618656177379,0.0642571730084879,0.0326305257824088,0.0203923197321103,-0.121474793610858,-0.149534032176308,0.243116645212291,0.0053445519353374,0.167008915085537,-0.0495036686491437,0.166445845628175,0.0310940759011267,-0.120377953520382,0.238945916908409,0.117401980399566,0.0818356508989084,-0.0522326294427979,-0.116855638898998,0.261282708345901,-0.149002616486655,0.0611888350015427,-0.15974332757604,-0.0352357196316985,-0.15400695815581,-0.234505977189712,0.0589520254935209,0.0808897287732887,0.302813963550519,0.230315966933785,0.0849339179655186,-0.0819962204192286,0.044175412250819,0.0105188917512587,-0.0181738443430119,-0.111915117808106,-0.0408874385522837,0.266843643744769,-0.0523058514231203,0.0884346056257214,-0.0108752969948331,-0.15747202919148,0.0512828333951191,0.0514015041743481,0.0673348528148634,0.243868440401673,-0.0976766921108273,0.12631433504756,0.120114501414226,0.0866035989918195,-0.188168611558182,0.341350521546929,0.0526614030100013,0.0015447291146374,0.127301231375328,-0.0794516135190311,-0.260172766585771,0.0383929384651913,-0.102405587986507,-0.242450267224649,-0.0256364093292472,0.0393109940605975
TCGA-E2-A9RU-01A,0.106873859996826,0.0795944674990061,0.0807244436857762,-0.157543116358896,-0.0112358399825182,0.0922736886310945,0.0130839407026413,-0.0753059102955772,-0.235650292446545,-0.162107975151283,-0.248943695836074,-0.0877378379780964,-0.14086678516595,-0.0257752044106727,-0.155457805255755,-0.0898219360867925,-0.0296358971866017,-0.1603837845762,-0.0747929215055637,0.00851270036033512,-0.255019552546848,-0.0257284402585409,0,0.108953661457044,-0.0642062891541582,0.1830643324294,-0.0420272909792707,-0.115944352830007,-0.163416982345997,0.296625097754983,-0.156951263566709,-0.273976799224175,-0.133184422147767,-0.116273050691903,0.226527477897505,-0.0964244022494804,0.0326408924422701,0.0241756638975962,0.0600376900066379,0.511690479903238,-0.0665014744108222,-0.184363492709242,0.00685948482530951,-0.0232127120229826,-0.104404981900608,-0.238621526337891,-0.183827533329006,-0.109431866843505,-0.0464407347268129,-0.0323182987548959,0.0558576045491318,-0.0282877518072091,0.0307716492895431,-0.172977818073643,-0.125700989354287,0.0810962906171124,0.384026560910838,-0.0762602306159787,0.0915722121547338,-0.167420421136178,-0.190070235292656,0.141855925680264,0.00141795321959938,-0.175433597806809,-0.0182373246369142,0.198885164283292,-0.125837541651093,-0.139171925712848,-0.0472706202459869,-0.257084183512018,-0.0129585749944749,0.0911639847886325,0.169870567510418,0.0767254684687119,-0.18483946681919,0.228031705379835,0.13621611864159,0.0455678979344431,0.216023678541237,0.0866384081415365,-0.0163179926010999,-0.266193573165664,-0.0556066174609262,0.179916378001396,0.0653093758050444,0.0435575876126068,-0.00372518215777654,-0.250321805268498,-0.185483797070615,-0.148816407525843,-0.0490166572913877,-0.0129628306692424,0.0842890659258791,0.130806789176154,-0.0802371687971891,-0.0463381582345594,0.160264120518482,-0.043357738414477,-0.0991652094167281,0.0171954607439587,-0.187538933522564,0.170931584491274,-0.0731389660257895,0.468194115813297,0.140556254614182,-0.274491187404776,0.104516503974812,0.0945875352747304,-0.0814881206401549,0.0502484383054257,-0.0548281344898842,0.0196083767468399,0.0603935773264846,-0.205666050194168,-0.106643286458948,0.329257172691218,-0.149981594108376,-0.0372244373887126,0.221722299456176,-0.085425668382958,-0.0736030373333641,0.0448187845451302,-0.13284128887384,0.0350345000923526,0.130408331513865
TCGA-EW-A1OZ-01A,0.168216862279397,-0.00240026437033149,0.0595728217708268,-0.121190097702997,-0.106141663627075,0.125119576769452,0.114423817815377,0.0251570095843218,-0.243342416446819,-0.185353551001228,-0.14577168943219,-0.0915041329430261,-0.174989953864383,-0.0970761190141273,-0.253025540734666,-0.0937373822832527,0.174472017922442,-0.0111078428999795,-0.06804914896682,-0.153336495957428,-0.0299453151771743,-0.00659151515406565,0.108953661457044,0,-0.205105188549443,0.116117020218267,-0.000176714270461115,0.00945285239699478,-0.0971237416219658,0.0655358600297313,-0.0205067201393751,-0.214089901715132,-0.129898083408889,-0.129052290310664,0.145699030097221,-0.167890691517451,0.0337135586300287,-0.0271035988601182,-0.0651324373418474,0.00205613037892921,-0.0401887639559738,0.117264846257936,-0.0318218230534771,0.042955178998383,0.0589497737590175,-0.0764754589885834,-0.147972657805153,-0.0985079240809894,-0.0293534622084134,0.092088179033456,0.0934249749416147,0.0545296780101323,0.11592436827261,-0.180534488561895,0.105460599726075,0.0336678532088344,0.0247695381295257,0.0288102472198089,0.0599743171127837,-0.182711904051771,-0.206165367533548,0.00175932626143107,0.149129318742658,-0.151734216750383,-0.0821398713337142,0.0019989215845138,-0.107020249515264,-0.0945170082768579,0.0425989289641032,-0.214488678158426,0.0569841037483617,0.142970587207461,0.209775918682484,-0.129987714150337,0.0307466436103922,0.122963377443204,-0.0449949498884008,-0.00264244075426722,0.106623069483869,0.0934904974766519,0.135629963997364,-0.130757906710812,0.0986679791775468,0.189186679204433,0.0758137020272854,-0.0752169692567711,-0.0524054373175359,-0.241972310319985,-0.19051964045157,-0.000521684698025274,-0.0304663879250948,0.124054034467438,0.0346915535150317,0.164796326951744,-0.0942819767139942,0.0741871233757873,0.172559219818484,0.179294797186803,0.0786054954630989,-0.184354979960678,0.0139363762203929,0.0931244822385708,-0.0769609612714357,0.0788292140699438,-0.0237178048722015,-0.0821700143617644,0.0481697413032535,0.064783573742194,0.0897071446570707,0.13430108206954,0.0200530031015335,0.0485238596285495,0.0808365164395298,-0.134918213301716,0.00344366124265837,0.186013803906681,-0.0468033838917761,-0.0438756037191244,0.231374203874219,-0.055474732345857,-0.0687927636693598,-0.164198192195423,-0.183777610747671,0.0153191354505887,0.12926866025456
TCGA-PL-A8LZ-01A,-0.275739335597863,0.10708111537695,-0.0410725072993296,0.19165210763828,0.347200451095236,-0.149510131556463,-0.24585962393637,0.188838406185233,0.544476746626013,0.0431115820407383,0.405359311702176,0.169547430872592,0.257577820375952,-0.0655889234585081,0.552989352696346,0.0207072615239186,-0.299257240514579,0.149372086899677,0.254839168358676,0.305550893285855,-0.0648789179508515,-0.180866518417575,-0.0642062891541582,-0.205105188549443,0,-0.31590450724139,-0.0166059313934363,-0.131765896857065,0.0452078733580006,0.164399195350539,0.161430548295296,0.196620791476781,-0.0742106833964599,0.0320149060150096,-0.191812246254375,0.414509815326065,-0.288802858725116,-0.00853346880526102,-0.0305502941620959,0.0991723592537114,0.0398315508059883,-0.217988343136764,0.237714816395348,-0.272584478832398,-0.219411203040353,-0.0649145928030939,0.292716852861684,0.223224732957525,-0.0395605101770849,0.117367469437417,-0.00236587341229287,-0.296362976564349,-0.173295810744511,0.303845533469519,-0.309936211065081,-0.204329050666643,0.0740977157358229,-0.162215386210215,-0.310581183203639,0.369201536075341,0.551964446795645,-0.0971203432818161,-0.167967355360761,0.304396156562628,0.168514915951306,-0.116318793964307,0.0439939752094146,0.0994081509829061,0.129436365054379,0.387349037941208,-0.149785117568198,-0.0246989897475748,-0.209577457677158,0.308650786294045,-0.168246505376667,-0.188806183702437,0.19962621089375,-0.189672562894474,-0.13463934463831,-0.170754253655429,-0.160158810696683,0.128968500545501,-0.156185992968472,-0.239222109845428,-0.121090849651546,0.299405925092689,0.0632453655328377,0.359918256827209,0.24990586625527,-0.16737185825195,-0.216885430678558,-0.346373376596686,-0.192510067518858,-0.201478911612662,0.256737848086861,-0.27724454785031,-0.113170968916024,0.05416452171751,-0.0192158590070759,0.163684925957835,-0.24786388120021,-0.0689857244745094,0.0838978249151065,0.0154839714201739,0.218671592392065,-0.127784075769014,-0.235014909682866,-0.237028323092839,-0.273121124142392,-0.135429474441398,-0.205436873596192,-0.227764491864536,-0.167706696048677,0.302814595983052,-0.145252254444965,-0.258560440782446,0.144814663335475,0.0280498366548928,-0.178540226322814,0.214021563467809,0.0647923691127782,0.354219599233297,0.475538859534419,0.292471996969907,-0.18462367853203
TCGA-LL-A6FQ-01A,0.11385248272097,-0.031162317990498,-0.0244492798514702,-0.247041240716473,-0.189263242161769,0.142600078535615,0.114724365862293,-0.128036007208865,-0.455287883116281,-0.211264241544548,-0.325099572163137,-0.242941841107863,-0.276534690364467,-0.0418834080455807,-0.393494057255554,-0.109162828999845,0.234669316067328,-0.272859238066585,-0.21166457516798,-0.186299020342681,-0.0920908206744293,0.312029660669644,0.1830643324294,0.116117020218267,-0.31590450724139,0,-0.0226601648226346,0.0149989554049643,-0.14251201766457,-0.178527584585827,-0.254930120790512,-0.250805536499532,-0.111892147297463,-0.133929857368087,0.304105564660694,-0.254764243275562,0.108467731366618,-0.119066508803557,0.000858184158150471,0.0924241015243541,0.0603820289701855,0.0868619581604966,-0.0582735013701435,0.0331457854313514,0.18581614789851,0.0199507160513672,-0.225144316033106,-0.103130920299975,0.222271018651818,-0.139278009159543,0.0760980197962781,0.279440147480571,0.121251781263426,-0.321935503525128,0.111665028678269,0.13629689519521,0.100785953608869,0.0357477183622284,0.322278500080796,-0.362908091270378,-0.363762804850063,0.196144203108311,0.0645827074031322,-0.290415715778151,-0.216979025295362,0.146755863129838,-0.00154245010083138,-0.172553440063556,-0.156067849070318,-0.322057035218447,0.218429037034574,0.00208168739227636,0.316483503056971,-0.128614488058277,0.0808661313319508,0.189927449281568,-0.162507178962671,0.271483620318882,0.217507048044948,0.171908340930838,-0.00576528617485933,-0.245266869392884,0.250198679269159,0.032213778197208,0.233338986223833,-0.214689461695005,-0.0157032553638671,-0.376235276400438,-0.364302264769032,0.0634466247284625,0.109274041012682,0.313845589048445,0.251334410544795,0.308652813372759,-0.146786735931919,0.112081143077344,0.174038267240889,0.00973404519688248,-0.121117894370737,-0.127539653556254,0.124048717242873,0.0442901071982686,0.0224016719304155,0.135732497839399,-0.164365790233163,-0.083194145508912,0.162913478789139,0.11043777916734,0.203158736146148,0.0199212653820656,0.121187331357651,0.170264681489086,0.112983152607315,-0.331872596582816,0.228277336476792,0.320651067702088,-0.0109508225130869,0.0681053065505933,0.0824592944540556,-0.270143631699396,-0.0512517923713914,-0.207647345958795,-0.376472934258139,-0.0758916362508821,0.151542720145759
TCGA-E9-A1RB-01A,0.0415604984404245,-0.0513342219369557,0.0835674856545416,0.0858939771204961,-0.0196434515131563,-0.0802939221034402,-0.0183680637325991,0.100019923193996,0.0247328942561249,0.0933165797462112,-0.0354416282629165,0.00713026544731201,0.0120254011312667,0.0819597505918054,-0.063528514308529,0.0435446360941859,0.075625540060243,0.0728568831665416,-0.0389965910738867,0.0382469874480868,0.0421205774700337,0.041665252392561,-0.0420272909792707,-0.000176714270461115,-0.0166059313934363,-0.0226601648226346,0,0.0707175833558832,-0.0496686763489554,-0.124321666486348,0.00658663736732063,-0.0866311278663162,0.00641521394599315,0.105015205080044,-0.106026487757072,-0.0646238675235788,0.104546516696241,0.0779665804790367,0.0183648756748071,-0.0916501554221398,0.0527014853698426,0.129521946843017,-0.185292410207987,-0.00364724730321164,0.0568970304222663,0.0717497193220867,-0.136951720401144,0.0209106023037753,-0.0105566988593272,-0.0437232201424777,-0.158938806666364,0.000638904280774611,-0.0999276268016418,0.02885076432186,0.148075580023329,0.050711829524312,-0.0822656558577895,0.0297706895203977,-0.0932691257644014,0.0800334736971933,-0.0265050939144367,-0.0395145747910666,0.0530761517591278,-0.112017341161901,0.124773215818912,0.0274048388539907,0.0371835692070258,0.065954859732522,0.0610411855806363,0.00895174341675935,0.0437727592551326,-0.005733919983098,-0.118954360424048,-0.0938342738685446,0.0489792413158633,-0.182519579434898,-0.0453322861843909,0.0923457258156142,0.00592518637608958,0.048839946398983,-0.0569946134354126,0.125843481222357,0.0269788991141529,-0.0962807197705135,-0.0257529613805485,0.0641289237034392,-0.105199344139073,-0.129080513537241,0.0824226277046276,0.0590897453169277,0.0988756597095801,-0.00226216691561003,0.0488923391430155,0.0664786404426011,-0.0620551568588482,0.121031157807808,-0.0371949033837357,-0.0270747363045189,0.00776897559024049,-0.106818453556264,0.0153631397083873,-0.0847893711284434,0.0730461627781424,-0.108074423053044,-0.00611003958993998,0.0287611272839218,-0.0526292302166214,0.17610850028456,-0.0439299838486335,0.00744337269743,0.0988517141977676,0.118369737026844,-0.0107214108461329,0.00692415992626734,-0.0811950582586413,-0.100665412781009,-0.115694139692217,-0.0263696033891093,-0.0802003458535783,-0.136040398266885,0.0556220805573205,-0.160485081491799,-0.123045004341016,-0.0317097431682135,0.00733034793304983
TCGA-BH-A0AU-01A,0.0723811473521277,0.0517532801547522,0.0670361279422381,0.0590029520086973,-0.0229071537941591,0.0514950083985777,-0.0755210878269636,-0.123366656610957,0.00263321346630016,0.0191960013971894,-0.0732250066869098,-0.0754446698529239,-0.0825307897303846,0.00362226078183449,-0.0427733659287842,0.0314798949466678,0.100065369192019,0.068891226407509,-0.107016996027123,-0.0581087797687296,0.0489893943230134,-0.00596271964524125,-0.115944352830007,0.00945285239699478,-0.131765896857065,0.0149989554049643,0.0707175833558832,0,-0.0368551189080647,-0.048631129554706,0.0122772091132838,-0.0632904180015001,-0.082535130874678,0.0646388928837108,-0.181780331510895,-0.0141596505921786,0.12913181419562,0.0530409513855661,-0.0691105307156929,-0.127995061485956,0.123100373721172,0.0828517380681692,-0.138666513009728,0.178572614367099,0.0506026918485346,0.0492739785015261,-0.0879025620372886,-0.141755304470196,0.0196728025239234,-0.105063558536116,0.07635638404856,0.16544485572792,-0.105168815089401,0.0648172116671689,0.0822004819074444,0.0101602946133168,-0.222506560294127,0.104980143544632,0.0937515800091891,-0.0311016131385202,-0.0587674407013176,0.00157576419653232,0.148423633263161,-0.136629912217402,-0.0658550036242427,0.0330046055357385,0.0425914959109366,0.0490015101406157,-0.0611999900770705,0.12426132813246,-0.0686754341720237,-0.0522777901053998,-0.0704315098769769,-0.159981980738122,0.0163975074577794,-0.0563610129130409,-0.0566885933443077,0.0819414858798521,0.0391142451939982,0.011922574744225,-0.0121366407496118,0.039940718039599,0.0276539730042462,0.02599766603752,0.201725044710888,-0.0251098269181546,-0.0988436842402054,-0.144086728180557,-0.0169799209009126,0.0450752814932797,0.0853456152294569,-0.0204768536491768,0.011421252316817,0.0689501406143979,-0.0671724783733958,0.084369828000276,0.0691851057099575,0.040364299805275,0.0457646643320776,-0.0845314326991514,-0.0452426082447356,-0.0704817081961765,0.148467836442341,-0.0465653071618224,-0.00252848653607121,0.159268538867754,0.165058948985623,0.0213264444619741,0.0464209283729322,-0.0462787307929707,0.168758034564928,0.103717701077419,-0.132401285529377,-0.0229310823931299,-0.0579367274943234,-0.0418178560709975,-0.104921166041145,0.078683014948975,-0.0134881504291187,-0.0695511483224534,0.118163878804174,-0.148688034348635,-0.112171116862687,0.022180435451247,0.0437079626042782
TCGA-E9-A1R4-01A,-0.0336863672579343,-0.0914377086385148,-0.0446502002197751,0.176610755555817,-0.147194780065768,0.0259232309367226,0.138776375192339,-0.101442499968331,0.0552654470305588,0.0108492521912891,0.134890141763312,-0.0305090756046292,0.0055485415938493,-0.0398888770657802,0.15108450538002,-0.0520798844244843,-0.0461433613567745,0.0125711318011199,0.0288541199149278,-0.150071034911377,0.13997039504006,-0.0751353346161288,-0.163416982345997,-0.0971237416219658,0.0452078733580006,-0.14251201766457,-0.0496686763489554,-0.0368551189080647,0,-0.0272398438505257,0.180016958889729,0.322167933222689,0.143618775888295,-0.105225182006161,0.00117173764184762,0.135328887583456,0.0290070957445847,0.039151484800677,0.163473090548355,-0.150862262401884,-0.0929335472011617,0.0364909468464144,0.127345323789222,0.0505343845832616,-0.0898229805000133,-0.00474273548032289,0.234212201584297,-0.0822698994509509,0.00765144664983087,0.117117318009718,0.0594941812279472,-0.0720836797454086,0.102070769031538,-0.0890377921523639,0.0120207732827933,0.0116848385688168,-0.0435069615219741,0.0216923549595914,-0.0244138865628652,0.017769114435393,0.05674419084592,-0.0154196323456299,0.0199070944424314,0.299163637270652,-0.13451965535371,-0.0937987732920323,-0.112307149519136,-0.0136269770163067,-0.143085899709248,0.179547041780228,0.0178188207221952,-0.0523783701277191,-0.0678744852476367,0.00361172259668771,-0.0100375601687964,0.0161835553143283,-0.00736431140688733,-0.0800269608887408,-0.124984590410554,-0.0515424647525693,0.0867466284109553,0.198984667815229,-0.087406037439954,0.0362495065439494,-0.120453935163747,-0.158748649302849,0.191561544713646,0.237499472786533,-0.00417334554419711,0.0972603120086899,-0.0305053428507199,-0.107998250751202,-0.143930362925182,-0.101945733935032,0.215506412248906,0.06007502154263,-0.153753486137007,0.012948932638231,0.0191692273902774,0.205267757389695,0.0866695578024573,-0.0023772958468641,-0.0504470139577164,-0.0976420822493353,0.07272181866678,0.119646725876052,-0.0207798861154385,-0.065495238100574,-0.0237344608545559,0.00333106890368616,-0.137386333608319,-0.158607977917012,0.0570530521722112,0.0810263063478107,0.0618982600874245,-0.0709600365653734,0.168637554095484,0.0895854155073102,-0.0472502433621557,0.185846138187222,-0.0546651700275783,0.215896286613559,0.223998416611905,0.0672915950014109,-0.0388202240014937
TCGA-A2-A4RW-01A,-0.00528796819983885,0.155739177352908,0.0686707282185214,0.0556613077272771,0.103762507710288,-0.043707160286332,-0.136922158156785,-0.125941222809137,0.100095345257343,0.0437387419598918,-0.0259456707854081,-0.0439766172528829,-0.0316463232758991,-0.0351482854826514,0.092695942885684,0.147522278656709,-0.250401934538825,0.109617546302309,0.0406391717105921,0.000844394519343449,-0.0998710155163304,-0.26053118475353,0.296625097754983,0.0655358600297313,0.164399195350539,-0.178527584585827,-0.124321666486348,-0.048631129554706,-0.0272398438505257,0,0.12952719412325,-0.0244883668543392,-0.0386453414063467,0.0190507975449267,-0.063813187311635,0.144806723035629,-0.0502536676606345,-0.0063876806695332,0.0617722275152779,0.280053851389504,-0.0132354206860481,-0.221113410931462,0.174837094670328,-0.0115748311859641,-0.0927220664730468,-0.144815621709895,0.110057113540181,-0.122494636485092,-0.179682140104476,0.046153358301882,0.0376711000989304,-0.141267379943272,-0.052784465997847,0.177030298831765,-0.193570607379837,-0.0985363484190265,0.072822700426955,-0.0911274687670095,-0.0805661623982919,0.0818755479580261,0.086705235782049,-0.0889238958807804,-0.00458984254389124,0.0484797107713156,-0.00479843834350101,-0.000909517643241811,-0.0182590238948185,0.0997033693739469,-0.0342445747255455,0.0324650769180288,-0.146883476498618,0.13016329074611,-0.0752802323294163,0.145061120749802,-0.0762019949183407,0.0966230633442506,0.358227641373568,-0.194071978615235,-0.0542100732453883,-0.0512942012654434,-0.00431089923331981,-0.0435220132494908,-0.186157741134781,0.121342496775863,0.00382417683624858,0.0623426998091583,0.0819866583978978,0.00445384664268453,0.0194782621800488,-0.120842049306985,-0.113583108865038,-0.226921085899462,-0.15596366200596,-0.0623236738414272,0.0978087347692033,-0.188178051311292,0.0423797238548086,-0.0572494091464456,0.030484090235085,0.119444604635684,-0.253864925216085,0.194401088801135,0.00776538589387593,0.248830079446097,0.338764538982843,-0.109396963233441,-0.0550558404066433,-0.0958419993064788,-0.169226851697357,0.00417496296718225,-0.0689528876794641,-0.136919943281818,-0.104716314548053,0.0507031981255829,-0.238638223351126,0.0353980147740076,0.0141905686853633,-0.109522937864651,0.150401141339696,0.213443357550968,0.00859544060959465,0.229366543685596,0.223646975772868,0.0785520436728476,0.0168886938095041
TCGA-BH-A1FE-01A,-0.154127988992966,-0.0102475135175676,0.0662995061074716,0.229336603707758,0.0349006967093533,-0.0801897189313506,-0.075575994629044,-0.0824660345145144,0.229544922136185,0.0559032921221141,0.266593119328796,0.0135725783760112,-0.026329189805053,-0.0844114904582197,0.214428449678825,0.108119261257029,-0.128444106035566,0.0969646296052297,0.127508604619647,-0.0727831069727542,0.0263992706714865,-0.150757161762842,-0.156951263566709,-0.0205067201393751,0.161430548295296,-0.254930120790512,0.00658663736732063,0.0122772091132838,0.180016958889729,0.12952719412325,0,0.298953087817267,0.130872566598784,0.028779017013014,-0.157976345477032,0.23566295998902,-0.0479581431619022,0.0509631241043836,0.0922944322140833,-0.0593762588224878,-0.034788142000073,0.0790465737131616,0.212237957680904,-0.0419058972527534,-0.0324305180593675,0.000990193604504086,0.359591602530459,-0.0779162719985415,-0.041096019558741,0.203673183451798,0.0382002466259231,-0.126302408961361,0.0489699748720293,0.149800188299506,0.010137342399704,-0.130801223491272,-0.0922191522141077,-0.0636394144015002,-0.204749988843196,0.118890327764423,0.182902438469833,-0.106214000039477,0.0956537785024833,0.297142544288619,-0.0590030230789245,-0.0625319679492468,0.0241727606393937,0.148767596191551,-0.0797468284435541,0.333286819431628,-0.0352233336297446,0.0360946707625464,-0.168742524894254,0.0770566826967425,0.0438883844975533,-0.148033169256452,0.160762216976138,-0.203918974379433,-0.12088096527476,-0.0652950392389175,-0.0155904672848777,0.254777473122271,-0.127214062502986,-0.0612567546758563,-0.113321842852854,-0.115981828934935,0.121250747454232,0.214970118126091,0.0577663463905596,0.050361489495399,-0.134521621007569,-0.170786058462637,-0.200376126085271,-0.172338993655842,0.286689694838016,0.00350576391512137,-0.153045188341025,0.080159135150256,0.0935761353326683,0.167269484576455,-0.0241521085788756,-0.103017227172966,0.00599189680063074,-0.0973588121371972,0.1379333177092,0.1243972003322,-0.148664639870776,-0.118869640399342,-0.0644149073732572,-0.0484048692119384,-0.0331626091577789,-0.165092927169012,-0.0306808412471977,0.146522696292139,-0.0596990397138003,-0.222770446420388,0.0878334923309199,0.00182014415374096,-0.10812657488902,0.27221018045666,0.0406345360368395,0.250126630216572,0.38600972144979,0.20079844067528,-0.155450665317246
TCGA-E9-A1QZ-01A,-0.234375210174492,-0.161356518341398,-0.171034785517379,0.165454746709085,-0.0364173923757368,-0.108840386792091,-0.0227212640763343,-0.0583376449288328,0.256701290492313,0.201862082298582,0.300284250717016,0.0824738593113626,0.0698449217482265,0.00135872433079487,0.328594508023754,0.0407743341394485,-0.149586343237357,0.0235282342396626,0.146463655664025,-0.0717169065218039,0.147630299267781,-0.0527729123304863,-0.273976799224175,-0.214089901715132,0.196620791476781,-0.250805536499532,-0.0866311278663162,-0.0632904180015001,0.322167933222689,-0.0244883668543392,0.298953087817267,0,0.276558310748247,0.0395999920012129,-0.0308642028280074,0.267902035915214,-0.114577956557168,-0.0671174698047793,0.161410719762443,-0.095219717757643,-0.113225343640871,-0.0133297439469971,0.198714354799745,0.042327834052806,-0.145180746497182,0.0484012609589296,0.374943403182947,0.00328524630826037,0.0275552134910164,0.128856982593043,0.0285991922238529,-0.0980786760328533,0.18978997383632,0.0732321917544658,-0.0912153193738434,-0.0670271128476132,0.00458004097287068,0.0173611398911447,-0.141137979416844,0.0915482023918248,0.175635927942191,-0.0999558539352796,-0.0868783725261674,0.4852443973482,-0.131843645819268,-0.184846433824466,0.0119547040234615,0.04197783179551,-0.111387018762768,0.277456750143933,-0.000641964322768084,0.00280457415492225,-0.183884785666099,0.15608863643689,0.0692779450678346,-0.0490962101218769,0.111947487535437,-0.216702450062088,-0.278907599944847,-0.215301266922618,0.0765140387178813,0.267976983946298,-0.115155948144403,-0.101621465200102,-0.219665852290549,-0.117384618303614,0.26620281271456,0.469069711234985,0.161215705358376,0.0106472674158862,-0.0821952636176715,-0.139360054148896,-0.237307429369502,-0.244948337681424,0.36425195905887,-0.10735885261424,-0.288189990654232,-0.0840331036399539,0.0534590842184367,0.318222770316551,0.159316336937891,-0.0287269558416936,-0.0156689154961388,-0.13996659893263,0.125118274261176,0.162423884373938,-0.135956713259196,-0.177887093260065,-0.0489103127275917,-0.19144175819294,-0.180589329717624,-0.283518241216672,0.0265967269743285,0.153077127857202,0.154001701292591,-0.239187874704563,0.17461074931938,0.0868766321098675,-0.112225869997139,0.265130469901516,-0.0443458121909804,0.367126816490529,0.433452634166061,0.0458848098664838,-0.090573729217619
TCGA-AR-A2LN-01A,0.0280863493123764,-0.166658898478501,-0.119612719896351,-0.00323783010491684,-0.0753881381544553,-0.173881517750778,0.012685435259271,-0.0358523786495022,0.0351792044769223,0.305522195931498,0.0219518876569849,0.0673758293989733,0.060032371652051,0.102740986043699,-0.0225740357663939,0.164376869917019,-0.0825553020015071,0.0357970856065143,-0.00817405448520927,-0.115811061154003,0.201770288418687,0.0292849161149258,-0.133184422147767,-0.129898083408889,-0.0742106833964599,-0.111892147297463,0.00641521394599315,-0.082535130874678,0.143618775888295,-0.0386453414063467,0.130872566598784,0.276558310748247,0,0.110498365612861,-0.0733830135756334,-0.0516409553780153,0.110093825250293,-0.0148394821551982,0.17055661734117,-0.0944740979412502,-0.0465495141007111,0.0186125472550117,-0.0522627906833886,0.120361578240123,0.0858173518581053,0.200503631211572,0.109292791119797,-0.057942679941505,-0.0945039240010963,0.00424339169391479,-0.183490246369146,-0.0604574476998562,0.148211061476983,0.0775195162689523,0.0917736192603026,0.000663954501198069,-0.0693315566317814,0.0755539202580487,-0.0999090861818628,-0.0134878547548672,-0.0954514134095713,-0.148378137606371,-0.0257845392309563,0.136813451057441,-0.0454690507547563,-0.0697347442877085,0.046167555144199,0.179884924659911,-0.0322340352495734,-0.0220667343266118,0.0983233055721883,-0.0202606928958452,-0.198417983898033,0.0110535566179583,0.128499314668421,-0.0179648689294472,-0.0028424393770078,-0.0614764278112121,-0.19232188133276,-0.0773136477820982,0.0711035285521553,0.1759857483765,-0.040473817806727,-0.0310510083668312,-0.160999890789856,-0.112746294038397,0.150650159390445,0.155349450203038,0.135357705011718,0.108844483191237,0.141610771813777,0.0307946987602341,-0.087439626174088,-0.207145638129883,0.0576598036520102,0.0452495607330012,-0.221495673369195,-0.166011902747551,0.0820682443401824,0.177739312910768,0.275065465033516,-0.0760312019252295,-0.113908521415019,-0.13506245120028,-0.00825286160374157,0.154825079561621,-0.112124501301235,0.0203918955761419,0.0971460610284552,-0.0673318260694426,0.019957777281168,-0.102504650727739,-0.0094547741257652,0.0127093094113623,0.0700914600866725,-0.150196299201488,0.023867974401511,-0.112308363570701,-0.0974364823582146,0.151295054966179,-0.06171100692463,0.0712715310727991,0.0935782260370871,-0.203285899641059,-0.0896823014383218
TCGA-A2-A3KD-01A,-0.0216253977762797,0.00664954042153022,-0.0177779032484828,-0.0152065905093069,0.118965368091286,-0.212152123013059,-0.157037389564555,0.0509685326558331,0.151358990256917,0.32829965400049,-0.0350879120838411,0.0762921695535914,0.0691580347850873,0.254928905226187,-0.013499693962926,0.290758479144443,-0.1256703259218,0.073371867784808,-0.0383815075917465,0.0912220542112719,0.103409623537793,-0.00207170510377019,-0.116273050691903,-0.129052290310664,0.0320149060150096,-0.133929857368087,0.105015205080044,0.0646388928837108,-0.105225182006161,0.0190507975449267,0.028779017013014,0.0395999920012129,0.110498365612861,0,-0.181498120647005,-0.0132426923014717,0.0876315757907868,0.0329629457724063,0.0181019406506693,0.0218808950001412,0.12423204135806,-0.0265942834341171,-0.0860781152039944,-0.00723000051345164,0.126005310360774,0.166774538317164,-0.00777064512464025,-0.0137857090596667,-0.137353543872634,-0.13586461735278,-0.147608384989092,-0.0273794055957118,-0.0971636232751716,0.293607440278337,0.03483989484503,-0.0279170073107895,-0.11517821382084,0.0511035011808656,-0.121474005848012,0.110985902971616,0.0508955109581735,-0.153609487631905,-0.089219476744139,-0.0772042178503715,0.111378806247315,-0.0101477548873983,0.198223201273974,0.222386857692599,0.0712905634765446,0.00531982885985419,-0.0222120058022547,-0.0583239534132466,-0.225680365914754,-0.0210146795720424,0.102723824432013,-0.130305204263984,0.141432206380293,-0.0221932497679831,-0.0521168056561674,0.00318440312006678,-0.0630673149333514,0.0896679447524,-0.0334849023741395,-0.167971393557342,-0.0534751378642237,0.0709263306741076,-0.0825699789153491,-0.00833365369886937,0.226904574575185,-0.0457968107023325,0.0815219537116087,0.0283555917643048,0.0255292925000986,-0.132982002105207,-0.0693568485321848,-0.0741039494911549,-0.117986568019368,-0.138156250964063,-0.0288903802248562,-0.0197676023232918,0.0417499295833134,-0.0820423212070117,0.0983421584852058,-0.0925805933800827,-0.0184669513303042,0.118649421111153,-0.141838206005167,0.0436999524025676,-0.0241314723058141,-0.095758183842158,0.155812597742397,0.105313168760523,-0.129532574654191,-0.00222985811983155,-0.148888416085553,-0.147981976298048,-0.116611737831953,-0.158438197392388,-0.0993500680920563,-0.0102463383092067,0.138473623916146,-0.0646972278449974,0.0101903704496576,-0.16428742364204,-0.0678819392651687
TCGA-E9-A54Y-01A,0.0200821068659341,-0.169439621892609,-0.169393181414404,-0.260926647325318,-0.229583017808226,0.149102530813551,0.172658639529286,-0.0487850075242334,-0.397241180967885,-0.266957890511419,-0.195675454662139,-0.175535112525763,-0.210848351714182,-0.138278124117822,-0.224152866546323,-0.178223281855838,0.184796694200487,-0.302923627166463,-0.124895058817704,-0.229293196891797,-0.143985538047116,0.26731715308786,0.226527477897505,0.145699030097221,-0.191812246254375,0.304105564660694,-0.106026487757072,-0.181780331510895,0.00117173764184762,-0.063813187311635,-0.157976345477032,-0.0308642028280074,-0.0733830135756334,-0.181498120647005,0,-0.173400620163605,-0.0135659580677004,-0.161656902798282,0.0478361121962733,0.172498091427333,-0.12371593790306,0.0783150022896394,0.130749591955631,0.0434966607712376,0.0846801509485911,-0.0178787920328579,-0.117917035444734,-0.0670122344966583,0.163364018839658,-0.048328674732376,0.198301281304026,0.0881113223673022,0.300080821889353,-0.434476770980445,0.00232876844961462,0.131705919644816,0.25557613875512,0.0461266648086637,0.240911628959561,-0.365076151772154,-0.294130088010842,0.14492443930472,-0.0818530801713971,-0.0558920438424242,-0.329218610408155,-0.0241433257026519,-0.177433993056567,-0.214036340425214,-0.100456762479153,-0.319816088520549,0.155658259819572,0.0528995448832503,0.385122983391655,-0.0119523943313424,0.0683098024136827,0.266835318590568,-0.0636744140322604,0.0868899391456635,0.0947249547385461,0.104498183101043,0.118386262191474,-0.262941987926505,0.144844532047932,0.0748721353781784,-0.000275349421812607,-0.227823853964007,0.112958919822723,-0.119686701396272,-0.348934413395617,-0.0344290522556915,-0.0600790911841467,0.262331012535987,0.158480488604,0.179824899563857,0.0327960134843049,0.0125471251216174,0.0627834824569803,-0.0427773073815917,-0.117335397234523,-0.012838723392976,0.233704325999433,0.157587762871558,-0.150962578071976,0.219636687033903,-0.0421037907354486,-0.0868549350359047,0.112670655924158,0.0263579914483698,0.174943076807619,-0.0600001149962446,-0.122941932083388,-0.00969128334944083,0.273076230998894,-0.263268805984147,0.338952106958286,0.329918702417741,0.0766427136137192,0.115412745781355,0.134943209273144,-0.141835216506399,-0.0867497404034749,0.0134946432210271,-0.194828371981112,-0.0533296319666752,0.21342959612058
TCGA-E2-A1B5-01A,-0.252347087723287,0.139991707592144,0.0486859665100168,0.225390066290269,0.183081488239128,-0.0486691670168639,-0.171315333530718,-0.0408332500833619,0.438127137496135,-0.0631535568215007,0.347473647127986,0.0341860682724858,0.0596947449902589,-0.0911749482296123,0.536612521647262,-0.0604770031618314,-0.301192980192346,0.0764449475238361,0.168655481396393,0.132608543369916,-0.00564880610101784,-0.106300416921042,-0.0964244022494804,-0.167890691517451,0.414509815326065,-0.254764243275562,-0.0646238675235788,-0.0141596505921786,0.135328887583456,0.144806723035629,0.23566295998902,0.267902035915214,-0.0516409553780153,-0.0132426923014717,-0.173400620163605,0,-0.272197469103553,0.0320722724617191,-0.0239466220535046,0.0833563124281706,0.0976448950204238,-0.161082330648143,0.230608806939611,-0.167365807694124,-0.220883770817173,-0.0929650602216765,0.379841218668656,0.00287385549105126,0.0286376879301671,0.138731807423548,0.136763917157954,-0.190225888395868,-0.125088806179252,0.170442566095188,-0.203516119578312,-0.15920987269199,-0.0177049424798446,-0.12562696493629,-0.236049070000711,0.262002159512056,0.366227793991033,-0.00411632707373722,-0.105417775659331,0.336274310198845,-0.0161227904104438,0.0172329550427645,0.0192848399928613,0.0806026821791412,-0.118805371785119,0.502622388630216,-0.12254543738912,-0.0665605588313504,-0.12947817655965,0.194923509188928,-0.0958357812405974,-0.116549374794033,0.246747358708209,-0.0816115411162532,-0.0418788414503186,-0.159645930943168,-0.142050605836153,0.156922365842825,-0.10210578298658,-0.12635735083341,-0.0326856280273343,0.107865427337347,0.0670064435793672,0.292208025863348,0.0689258505080197,-0.058035336712966,-0.230751778431536,-0.257540569194073,-0.103917625643707,-0.19188182159857,0.298450668061572,-0.259559262691251,-0.0506959679557838,0.112578531028854,-0.076521994905324,0.237899365581847,-0.204304608534504,-0.0019041036130242,0.173327122529716,0.00260828499069944,0.221270750634003,-0.0553909012713224,-0.145949528498496,-0.226224579884004,-0.15387409838093,-0.141723960069379,-0.156657243702476,-0.135953456400946,-0.143877523986715,0.262630561662028,-0.0715793199677112,-0.212798197596108,0.127286706066313,0.087089164093346,-0.109869042424265,0.211993436368501,0.145231821238135,0.385884598677042,0.488212397392341,0.396041659087955,-0.167986634831172
TCGA-V7-A7HQ-01A,0.111585750198377,-0.127449041230904,-0.00307371008398203,-0.037674397900661,-0.15297246891712,-0.0123010369714781,0.0611103998400958,-0.0878017425430921,-0.247249888594013,0.108721015041793,-0.257588230391242,-0.0894207626257399,-0.086183532288766,0.0655954537418703,-0.312007253125933,0.158002948786946,0.139566713401704,-0.0413149209086453,-0.22883811448915,-0.163434050993354,0.0976358823481813,0.0220254246863276,0.0326408924422701,0.0337135586300287,-0.288802858725116,0.108467731366618,0.104546516696241,0.12913181419562,0.0290070957445847,-0.0502536676606345,-0.0479581431619022,-0.114577956557168,0.110093825250293,0.0876315757907868,-0.0135659580677004,-0.272197469103553,0,0.0456243650012353,0.0759385144064499,-0.0786572648071769,-0.0490548551694263,0.0922669593789982,-0.151783350132446,0.136901962770379,0.105222736856744,0.0623391099609888,-0.185339306623642,-0.148663933128757,-0.106454186551777,-0.141078750244854,-0.152748404143595,0.173861304582751,-0.0220067805780189,-0.0344900477474653,0.172228244278292,0.105985738559399,-0.112838273046399,0.0801567778481439,0.151835467089477,-0.185402040298785,-0.245654162061988,-0.011808800605213,0.138333729294085,-0.223814149658885,-0.0452054029077594,0.0506958573412264,-0.0122861697981143,0.034256054416118,-0.0672190939469819,-0.199757922753943,0.077634481630814,-0.0160293242570926,-0.0523822756966783,-0.184732999223304,0.0253712499060836,0.0515955097852345,-0.110170807577501,0.105329414074048,-0.0125789387720953,0.0884011946914855,0.0263948285431601,-0.00832610382049286,0.00463542533753103,0.0836159487101374,-0.00179301220336532,-0.139962495080522,-0.0632727040674593,-0.245207954428117,-0.0596751682339982,0.0857636212190766,0.223491028744865,0.0804371659211148,0.0446821270531314,0.114040317956184,-0.133462603635741,0.343996985244496,-0.0627048506919945,-0.0893082017765242,0.0614726726174991,-0.027933395367669,0.14673645126582,-0.0571354470207679,-0.0606736353754415,-0.0441782756090823,-0.0873904507448337,0.161117401941669,0.0779603663235282,0.151503231359764,0.0765135841252581,0.0171801823199192,0.198933123762342,0.107535076770134,0.0276184448601876,-0.193434356163766,-0.0375949371801262,0.0611105371737615,-0.105661971280361,-0.0638382622000637,0.0223569281816118,-0.0778047870223668,0.00241348955886906,-0.169472687602086,-0.225330594928059,-0.242036345968661,0.0573727719687753
TCGA-C8-A1HF-01A,0.153735451133703,0.0942999035135311,0.188377707344431,0.0287013352383488,-0.0162880346072529,0.00918968832470118,0.0188692941700103,0.012613294210823,0.124464371131966,0.0422893429626141,0.0164363364266229,0.0910881121533351,0.0856479499799697,0.0454593714394158,0.118690194380107,0.0889399942861651,-0.0880979288524787,0.0692110415142252,0.0377661694918959,0.0290308343469861,-0.0257369857771315,-0.0818740184495672,0.0241756638975962,-0.0271035988601182,-0.00853346880526102,-0.119066508803557,0.0779665804790367,0.0530409513855661,0.039151484800677,-0.0063876806695332,0.0509631241043836,-0.0671174698047793,-0.0148394821551982,0.0329629457724063,-0.161656902798282,0.0320722724617191,0.0456243650012353,0,0.0584725419240864,-0.0810987063951117,0.0101735179808008,-0.0261838959349574,-0.0840385025621923,0.0279398738248062,-0.0230702852420116,-0.0817345570377385,0.00961719700633362,-0.0366769999747056,-0.0670308310117881,0.0613502976873006,-0.0175966770484488,-0.0593561053102557,-0.140389692855778,0.0392969847931954,0.0320989003991383,-0.030269142177759,-0.0721716369926123,0.0154367838899704,-0.0610695039725436,0.135157451586833,0.0346316827631845,-0.0285395494218984,0.0246507285536879,0.0174589780352868,0.130545469015115,0.0443811842647179,0.0124481577048014,0.013155485047578,0.0401642287015802,0.12087266445222,-0.0816847032018807,-0.0559535481871095,-0.13583193271433,-0.116680737011422,-0.0359764013906987,-0.0975537175444173,0.0519980902326335,-0.0176321512958911,0.0592646278378907,0.0238244331816045,-0.00584536113461192,0.187562651693781,-0.0799234260153392,-0.0106661890447379,-0.0130620399842189,0.0597506201026194,-0.034971105741037,-0.00220439809646571,0.110038261153286,0.044032857764898,-0.00896750348616077,-0.0697195244097957,-0.0331918195923052,-0.0970840954366863,-0.036723118319331,-0.0181481508908394,0.00637251561118534,0.0978966982072373,0.042622185603177,0.0381537652010056,-0.086121693816383,-0.10897788290348,0.0040029840553959,-0.058473603759459,-0.0619221459696062,0.0136445564031005,0.0731869456079335,0.139796327442295,-0.0392863874719739,0.104465898137996,0.0550780106307453,0.0787012235838787,-0.133888066309311,0.0401103954196549,-0.0984214062189966,-0.0638744229178102,-0.154485229935725,-0.0767924638830755,-0.0169154995963083,0.105688707221314,0.0474327423745815,-0.0107944318821616,0.0513003617661914,0.0149555929897168,-0.113653130008226
TCGA-AC-A2B8-01A,0.0880112776004811,-0.0970810393178937,-0.108882458122304,-0.0118594101794534,-0.0976118154949189,-0.0672492275484647,0.0423399966505197,-0.103158956719594,-0.102095149473424,0.113488609645701,-0.119622763734063,-0.10036284715744,-0.10043226434078,0.0207482329471487,0.00266426697696159,0.0591746459839376,-0.0727280528555079,-0.0760222421733522,-0.066937947952397,-0.126035370650564,0.0586242080604311,0.0605544882800602,0.0600376900066379,-0.0651324373418474,-0.0305502941620959,0.000858184158150471,0.0183648756748071,-0.0691105307156929,0.163473090548355,0.0617722275152779,0.0922944322140833,0.161410719762443,0.17055661734117,0.0181019406506693,0.0478361121962733,-0.0239466220535046,0.0759385144064499,0.0584725419240864,0,0.0238681050913584,-0.00733526832342704,-0.0222712078866196,0.0250995237794841,0.0506376396195859,0.0514517410790075,0.0562225258221966,0.0242517322965612,-0.11132518914553,-0.0403024288492753,-0.0182636804490646,-0.0314689624783715,0.0651128910275027,0.13174835438512,-0.181684245907363,0.043205857584686,0.0429493934311061,0.0353001913322979,0.0269790487816429,-0.0170878680025163,-0.106500567006273,-0.113095227802828,-0.0223629146593764,-0.033060653409883,0.0879156465419629,-0.13929144322569,-0.0102235764251059,0.00113433006067112,0.0821434491079723,-0.0977232494327626,-0.0821002650191898,0.155887525893254,0.0777858946925323,-0.0594155951406266,0.0316454379916397,0.0495113984332989,0.0262536375848038,0.06532466697314,-0.0345547939342624,-0.0359840039815056,0.0758418572319183,0.15496554539883,0.104967882445636,-0.0393424572232403,-0.0661833915799664,-0.0616409544343823,-0.0911907441519774,0.223978064972799,0.0086609235203795,0.00463526255750124,-0.0319353482595273,0.0935165253745806,0.00996558895828033,-0.0409174114773662,-0.0899538997389321,0.104631381471774,0.0329149027003673,-0.102446694627786,-0.0916456162037567,0.00105781776250874,0.107706673690559,0.141547858729207,-0.00207379894202318,-0.0134758787018464,0.0246903229025848,0.0398602801103658,0.0142112789183087,0.00258913686711278,0.0463489887962697,0.0912389963168087,-0.0232922888559015,0.0212451891000679,-0.066815827499897,0.0529608099689676,-0.12152543715383,0.0726662283485622,0.0135120481482286,0.0241446167376671,-0.0151749236844508,-0.0047561843482902,0.0814202322360128,-0.0146908019712026,0.0597412975888358,-0.00233423124967887,-0.1177997327928,-0.0069265723601406
TCGA-BH-AB28-01A,-0.0169157498159138,0.0556608853637291,-0.0145282424822235,-0.120409347020945,0.0678972006390341,-0.00749898910331025,-0.0991023806899617,-0.0627908748407739,-0.087055649788598,-0.103241229366984,-0.101183881976305,-0.049692058863919,-0.118202294772583,-0.0375531984339607,0.00189050822521561,0.0411719131892565,-0.159686791858621,-0.163613217352132,-0.0604346820054157,0.0279875519534383,-0.152990380714324,0.000687020952547062,0.511690479903238,0.00205613037892921,0.0991723592537114,0.0924241015243541,-0.0916501554221398,-0.127995061485956,-0.150862262401884,0.280053851389504,-0.0593762588224878,-0.095219717757643,-0.0944740979412502,0.0218808950001412,0.172498091427333,0.0833563124281706,-0.0786572648071769,-0.0810987063951117,0.0238681050913584,0,0.0516821769941507,-0.225381658689863,0.0845685482020857,-0.11959438014032,-0.0847797478980742,-0.1686413920126,-0.048663982453551,-0.0947102297598652,-0.0383897662156996,-0.0675796074305897,0.0402927594373079,-0.0790872318098759,-0.00383491331758226,-0.0445647708667098,-0.147059876507518,-0.00550984783994422,0.359792897086437,-0.10005093359767,-0.01343226116798,-0.0870196064604323,-0.0244428634162757,0.0465216218332499,-0.128019874596886,-0.0643793548976509,-0.0809713584181345,0.0695564823396456,-0.0599063233944105,-0.0276719565686859,-0.0760996782168356,-0.103866313224158,0.00387215454451685,0.0247703250402907,0.0656135489130277,0.199190154507507,-0.112177072878866,0.112925129641072,0.240386489078375,-0.000536224264010631,0.157454329844904,0.036784759955526,-0.103778411073191,-0.163912166944846,-0.0233121368262958,-0.013760293968524,0.0273059594084321,0.0146089122131928,0.0190188512207508,-0.110850958265759,-0.130542657842588,-0.172224880420799,-0.0696099209027787,-0.0115534739602932,0.0959309775480729,0.0444620866021666,0.0400271564972747,-0.178545939768061,0.0849458591385207,-0.0381877875780424,-0.113008380767018,0.0784753917798244,-0.133400781420704,0.149275441408776,0.0403154792441747,0.519668349659892,0.177205308711787,-0.224080936148556,-0.0648848263013549,-0.012429720117197,-0.0807531584885073,-0.0576536519742208,-0.0828903105658561,0.04606259626597,-0.0357567477056747,-0.117835889394409,-0.0898947496407017,0.127267697593457,-0.0421320316819478,-0.0278398269599141,0.0767438001773142,-0.0158230466988289,0.0395730402996358,0.146203136288645,0.0653828387535251,0.0905743850343029,0.0701939977760868
TCGA-A2-A0YD-01A,0.0578465847049124,0.120521450148799,0.0321167024486582,0.00176794408531457,0.168638668505854,-0.0237536037382932,-0.118816180248045,-0.0661131891924079,0.0405942619565759,-0.0175437871476396,-0.0721557424337466,-0.132759997555751,-0.0939903957755605,0.0146389480030394,0.023093398488658,0.0491988879686703,-0.113138614598381,-0.0318137471915974,-0.109662444686859,0.0766472374546794,0.0299300066071147,0.130522262809486,-0.0665014744108222,-0.0401887639559738,0.0398315508059883,0.0603820289701855,0.0527014853698426,0.123100373721172,-0.0929335472011617,-0.0132354206860481,-0.034788142000073,-0.113225343640871,-0.0465495141007111,0.12423204135806,-0.12371593790306,0.0976448950204238,-0.0490548551694263,0.0101735179808008,-0.00733526832342704,0.0516821769941507,0,-0.0232659421791641,-0.0833776546130571,-0.0691101679877392,0.0750554501221983,0.0993077305339737,-0.0531505663517682,-0.0768739904157259,0.0193731242419175,-0.149739495570074,0.0117451426185712,0.103055598711058,-0.138073231278716,0.0726891681856981,0.0962265812545196,-0.045271687431191,-0.139439653636177,-0.0995583949778512,-0.104400700136586,-0.0119291569124421,-0.0170644973068043,0.0286003691493379,-0.00807701645898266,-0.167312863293862,-0.0217197091892747,0.0870841869397233,0.186901088690666,0.180660969968621,-0.0662737619632178,0.135625558881651,0.0190004357898348,-0.112756546002335,-0.0140321741705868,-0.0398566970061114,0.0335546671506919,-0.134011747055811,0.0329710183402739,0.151829829617537,0.179147441841806,0.114321487686785,-0.125471717713959,0.0321949507018517,0.165432050360996,-0.189645274792868,0.18327297959544,0.0144485575220301,-0.0937878233601602,-0.160597412742646,-0.0370061892400743,-0.00442280893407051,0.04628481063121,0.0590689396296589,0.194085735519195,0.0736824078246637,-0.0933817801766327,-0.110472645351744,0.133320815342812,0.0634888093194172,-0.128314078266892,-0.0967308369375867,-0.0265615392336706,-0.0593015817024081,0.257990254588724,0.0298716491837306,0.000371768235195908,-0.0145854615900395,-0.0830053344237361,-0.0269484291394539,0.0659651024658733,-0.0834646274857746,0.201361952982986,0.186777226750035,-0.12023161135514,-0.0290234739750901,-0.0584177748296065,-0.0975360585367435,-0.0241356084371469,0.0909252596842643,-0.101148030721027,-0.0533691301711992,0.22170815757852,-0.0431047171021607,-0.0625075321709767,0.173716402440381,-0.0643904932118065
TCGA-D8-A1JD-01A,0.0173653767153842,-0.21435738942047,0.0542804591726462,-0.0123581238836227,-0.205149781060042,-0.0486012371324198,0.135935810497123,0.0032090292228055,-0.152962522171513,-0.0718011278654019,-0.0414370149919791,-0.011171373461291,-0.0811610751787271,-0.0330592148903532,-0.234849957601514,-0.0725461158201739,0.258486680373274,0.00955045852799501,-0.0974855241643574,-0.132011244435011,0.0341453304569621,0.131171389209261,-0.184363492709242,0.117264846257936,-0.217988343136764,0.0868619581604966,0.129521946843017,0.0828517380681692,0.0364909468464144,-0.221113410931462,0.0790465737131616,-0.0133297439469971,0.0186125472550117,-0.0265942834341171,0.0783150022896394,-0.161082330648143,0.0922669593789982,-0.0261838959349574,-0.0222712078866196,-0.225381658689863,-0.0232659421791641,0,-0.0669015067417327,0.0543883369156113,0.236445028717515,0.133706730194184,-0.0767256825178458,-0.0327403121192216,0.123833420923505,-0.0671953670896928,-0.031175432907657,0.127843727154125,0.126646783784485,-0.123006895407877,0.262605568880565,0.0436584437040998,-0.0862047850098792,0.154356501212714,-0.00827603555674703,-0.112891813848331,-0.158309991348463,0.088000133764814,0.028624890760529,-0.102464923711185,-0.0632784473248925,-0.00800700591203157,0.0319272450726865,0.00101179839753538,-0.0880117276276811,-0.0799016493137782,0.105982789920392,0.00247873056102425,0.114335436727945,-0.130281116955989,0.196454035244691,-0.0747353435170787,-0.223861734089484,0.0340990689336977,0.0526127071381315,0.160108791278728,0.072176459958847,0.0381434383130089,0.0508689440289614,-0.0146120442678351,-0.0384715708592031,-0.179085504473825,-0.120944549391098,-0.0713995135808632,-0.067867232243394,0.10087888380069,0.0400272550883432,0.190289852177199,0.10945180647448,0.0345299763704998,-0.0596663997537469,0.2279735234484,-0.0918135129602618,-0.00787146170149529,-0.072262587963505,-0.171877887834946,0.230076181374296,-0.127258639898584,0.0234887414581516,-0.205286143864179,-0.203239410335171,0.182039365294223,0.0199891705808333,0.0912968784117091,0.152267938786298,0.0137838882606256,0.129147896338271,0.125355502905488,0.220159970296673,-0.0821111959472674,0.13010040567971,0.0272233736236642,0.0187629438462225,0.0147943553803364,-0.077488082665191,-0.118943572123035,0.0147690778535999,-0.269669497794496,-0.21189632638539,-0.055649847708326,0.0332747061344346
TCGA-LD-A7W5-01A,-0.21388919244756,0.0493283550982383,0.0158085308814013,0.0479645150621025,-0.0244203533546083,-0.0190396776716147,-0.0432506527676486,-0.104513891855556,0.0748618936745877,-0.172306655019458,0.192744227810758,-0.0391276693801036,-0.0121086602598182,-0.152307360274599,0.186070620579979,0.00689408163371156,-0.100243461147034,-0.032729856484274,0.117092099106409,-0.1223672076988,-0.0920592725220338,-0.0744384863660727,0.00685948482530951,-0.0318218230534771,0.237714816395348,-0.0582735013701435,-0.185292410207987,-0.138666513009728,0.127345323789222,0.174837094670328,0.212237957680904,0.198714354799745,-0.0522627906833886,-0.0860781152039944,0.130749591955631,0.230608806939611,-0.151783350132446,-0.0840385025621923,0.0250995237794841,0.0845685482020857,-0.0833776546130571,-0.0669015067417327,0,-0.11519888953842,-0.064615791699239,-0.0739116530081076,0.416053723496274,-0.0495985672547421,0.0908172634598712,0.153950291818808,0.22434266815845,-0.11764111991585,0.0980956141311857,0.0133623654300323,-0.170007879185194,-0.132425826198696,0.102856493233057,-0.0824717047090338,0.0243341231126225,-0.00245753399819723,0.206762968624601,-0.0143521731453896,-0.0202766225289178,0.294575682288067,-0.202592399600566,-0.134719231436032,-0.0712466124873112,-0.0482170404652976,-0.164232022556721,0.185405575261837,-0.0596712096471911,0.0854662727382029,0.124998025425188,0.158394021105383,-0.0277523851205097,0.0633268354757956,0.158381971181414,-0.174920320372989,-0.0960538033735538,-0.0258650116809275,-0.0753818739524451,-0.00339479497462882,-0.0468042512064068,-0.0305384659754696,-0.0409302284909519,-0.148219920698575,0.139409146661192,0.246611846470654,-0.0911992663409058,-0.056552075696031,-0.264707530114828,-0.0976555202823559,-0.120529112342246,-0.120788286689266,0.341645211702375,-0.154774600222812,-0.078487509132457,0.0395080504626447,-0.0174433181291743,0.184603957759018,-0.0357606422364221,0.08767392081237,-0.0434523334221598,0.088881460510219,0.13057119567287,-0.0293919756381413,-0.112775739124697,-0.258195561935196,-0.0179576134771484,-0.127394316131709,-0.179569804529026,-0.23022893974877,-0.0134767447193499,0.0738469527180482,0.0713264157808055,0.0540457801859082,0.264556820415971,0.0114647992318366,0.039971555942763,0.266055090684091,-0.00608819505759065,0.359318766697811,0.377889864532548,0.181901185392147,-0.0633751499037098
TCGA-GM-A2DC-01A,0.190193944397867,-0.110789677619457,0.0161906294145574,-0.0551162466667871,-0.208106623585367,0.0545762117233892,0.109127246645081,-0.137826012593815,-0.207225591914026,0.0740069687486349,-0.160427315589666,-0.0492695574991858,-0.0676555992500561,0.0616272139892475,-0.208192668381151,0.034616043005471,0.0693361399715439,-0.0177167442149195,-0.146793505858843,-0.215074141459581,0.102944952696132,0.00389982943472151,-0.0232127120229826,0.042955178998383,-0.272584478832398,0.0331457854313514,-0.00364724730321164,0.178572614367099,0.0505343845832616,-0.0115748311859641,-0.0419058972527534,0.042327834052806,0.120361578240123,-0.00723000051345164,0.0434966607712376,-0.167365807694124,0.136901962770379,0.0279398738248062,0.0506376396195859,-0.11959438014032,-0.0691101679877392,0.0543883369156113,-0.11519888953842,0,0.0854404110636031,0.100089447194704,-0.114272987339958,-0.179418532417793,-0.0779051462511255,-0.0639053452724322,-0.0130314447032902,0.120106487392036,0.0727023417354296,-0.139549171314824,0.133838636346006,0.0880677928214104,-0.123101020692888,0.181511761634767,0.212120759248216,-0.139315421829961,-0.236874475481388,-0.0518666251022405,0.15296786278347,-0.0669620020386896,-0.119832227676649,-0.00103002868541945,-0.125698163990919,-0.00435576345766846,-0.0475415974040779,-0.17730697531868,8.79722943356264e-06,0.0256520383532341,0.00390192259524185,-0.170353350229003,0.103108263619535,0.165948095668754,-0.054925890472119,0.0399180027506122,-0.0379690398233247,0.00559860369481353,0.148206494050036,0.0544202254455033,-0.0690390959104279,0.205978122191493,0.0455818764348154,-0.137364835800985,0.0442001075476373,-0.0883495180253208,-0.0343689759902578,0.123897812234642,0.133502675032211,0.128260311222165,-0.0239312152183899,0.035768208753177,-0.0893488625592299,0.0553180979331262,-9.32995096261996e-06,-0.0932338158580207,0.0312725327672707,0.0422717865902286,0.128287383429987,0.0731969313496245,-0.0842502388116638,-0.0278515112617131,-0.0306747392244214,0.182556614007501,0.23333246876646,0.138618520017481,0.0733058267643138,0.00349305950480233,0.0191928849976935,0.0642047577293506,0.00234526368390511,-0.110214623200387,-0.00438135955116995,0.138149702932779,-0.122598876430137,-0.0470646480262993,0.160409836534342,-0.00233345944695795,-0.0955537302377348,-0.143006878339614,-0.173571709969312,-0.217604638941573,0.111508782798349
TCGA-D8-A3Z6-01A,0.201717325040345,-0.0710666773831134,-0.0056889763405983,-0.194081943657098,-0.136327765173682,-0.114270329537515,0.0257875088626705,-0.0780781690389112,-0.237396546822398,0.0206687168415238,-0.193645300798338,-0.105715127144343,-0.0766174849960957,0.0224162336773356,-0.327130757149504,0.169012810049481,0.0991865217067313,-0.0534356274211475,-0.206958537599834,-0.168795676132512,0.042878608083326,0.098065030109347,-0.104404981900608,0.0589497737590175,-0.219411203040353,0.18581614789851,0.0568970304222663,0.0506026918485346,-0.0898229805000133,-0.0927220664730468,-0.0324305180593675,-0.145180746497182,0.0858173518581053,0.126005310360774,0.0846801509485911,-0.220883770817173,0.105222736856744,-0.0230702852420116,0.0514517410790075,-0.0847797478980742,0.0750554501221983,0.236445028717515,-0.064615791699239,0.0854404110636031,0,0.25538629194773,-0.0432882294847029,-0.0957541678559153,0.0118504488107927,-0.165452126299605,-0.0129338284566208,0.142334328398207,0.0773959479109186,-0.0306756117207952,0.191529764052462,0.0319634362822185,-0.079420997957802,0.172769133368058,0.0772858782140999,-0.179272586146019,-0.177537273679229,0.00296495904432923,0.0291730375322989,-0.22645491700306,-0.0833238063008361,-0.000929112509003211,0.123447825995567,0.0619646144193364,-0.0612447957920462,-0.183697296253381,0.114522166024743,0.0122096935020768,0.0729578114677667,-0.135569395790516,0.225462882101895,-0.0445991922649777,-0.0872915039587674,0.0703250953689024,0.0773871767834343,0.218744312503257,0.0694261209386151,-0.0227344801504327,0.113698784763351,-0.031380062672669,0.108109079304959,-0.157534008444772,-0.0235590252946524,-0.233041400035122,-0.0699476299320006,0.105932448357861,0.159958443647874,0.216547520232465,0.151775378303365,0.0487223499405348,-0.0951252541530148,0.112583509829952,0.0303096101053525,-0.0251060130006921,-0.06005042588778,-0.13902387830383,0.205474761999351,-0.0879495708250767,-0.0221679839607928,-0.0264209817715767,-0.202300068829455,0.0352481401656905,-0.0241090493232577,0.0787993769496511,0.196192361667229,0.0502561489057845,0.139251980082199,0.191258539652838,0.0689753642340588,-0.216383603811209,0.0583879925944723,0.131200363435608,0.0581545128167174,-0.118463706013265,-0.0643563896319266,-0.00945880645329863,0.0277634096877813,-0.262477956387061,-0.253655729341086,-0.210149220401026,-0.00411801790335386
TCGA-B6-A1KI-01A,0.0590620566123724,-0.141538405180257,-0.0862363856840778,0.0106086035258727,-0.0668078952864029,-0.179391343158924,-0.0462118683481065,-0.0410091155301933,-0.0772032546145763,0.197519458477413,-0.0465137255366509,-0.0647431666939957,-0.00673191548062201,0.106201527598134,-0.13121300655905,0.137900914603649,0.035745309806607,0.0528333325796622,-0.0762127591418267,-0.135357076280527,0.17116488494093,0.16583773251441,-0.238621526337891,-0.0764754589885834,-0.0649145928030939,0.0199507160513672,0.0717497193220867,0.0492739785015261,-0.00474273548032289,-0.144815621709895,0.000990193604504086,0.0484012609589296,0.200503631211572,0.166774538317164,-0.0178787920328579,-0.0929650602216765,0.0623391099609888,-0.0817345570377385,0.0562225258221966,-0.1686413920126,0.0993077305339737,0.133706730194184,-0.0739116530081076,0.100089447194704,0.25538629194773,0,-0.0130515551006662,-0.0601999942447594,-0.0285047084661293,-0.113363656805384,-0.113312233268701,0.0308135583060319,0.0650145280738661,0.0335995777356123,0.148004460580394,-0.0193536437480582,-0.180770997181349,0.0844727086960697,0.0161693544377128,-0.063297994598026,-0.0874600828269924,-0.0960558340165281,-0.0203842066022899,-0.0680464298198949,-0.0957207138196861,-0.0365958585023867,0.0498856388998427,0.243825962008077,-0.0206637432797049,-0.0705272154080145,0.115610213333604,-0.0136969878179479,-0.0932603531930457,-0.032398681448128,0.253234302333926,-0.0626034752096039,-0.0775912943354142,0.0668904548722694,-0.0954486735698454,0.0164617747232718,0.0198555967566455,0.0757064795715289,0.0473943002043617,-0.120557252009935,-0.00266724568062879,-0.101918229414988,0.0316282442873364,-0.0265225680340546,0.0385533522533206,0.18432768051013,0.188521809951952,0.166006433734276,0.0297819605402663,-0.104873878624957,-0.0571745024067059,0.0597915065219011,-0.121293674083731,-0.147463755238558,-0.0163747946038444,-0.0239109917860742,0.218609891858625,-0.0937330848043871,0.0108244082159344,-0.163102503049569,-0.129115640413928,0.165957537174473,-0.0808940994814005,0.0259385164029664,0.130107966689774,-0.0989882656464231,0.0611729671418167,0.076634436543672,-0.0140818410786917,-0.0343520072003799,0.0413634727835539,-0.0721430561340431,0.0479189445312577,-0.103619116458075,-0.134152162136071,-0.0146869948485251,0.0405916444614602,-0.113678212179396,-0.092223983057871,-0.187234996290417,-0.0379178699144509
TCGA-A2-A0CR-01A,-0.226320872881245,-0.00708885170137924,0.0559354384315818,0.24030249930643,0.001852588837455,-0.154008076833061,-0.103295062370472,-0.099953679646868,0.3105850807996,-0.0418344942736657,0.446350023611801,0.0252533151648033,0.129963621460412,-0.0831038289112633,0.337316471336584,0.0500228502172811,-0.229846039593458,0.076748158130523,0.251930205343959,-0.0891216867789845,0.0272113979959991,-0.172286965098357,-0.183827533329006,-0.147972657805153,0.292716852861684,-0.225144316033106,-0.136951720401144,-0.0879025620372886,0.234212201584297,0.110057113540181,0.359591602530459,0.374943403182947,0.109292791119797,-0.00777064512464025,-0.117917035444734,0.379841218668656,-0.185339306623642,0.00961719700633362,0.0242517322965612,-0.048663982453551,-0.0531505663517682,-0.0767256825178458,0.416053723496274,-0.114272987339958,-0.0432882294847029,-0.0130515551006662,0,-0.0339340740280916,-0.00929428614859366,0.208075749698212,0.109238501977328,-0.227969827252298,0.0596776171867828,0.233532916674546,-0.140067491774813,-0.21490505762306,-0.0544498466515497,-0.090536818464416,-0.138938537460451,0.188013045405728,0.366798322362863,-0.0652987307985431,0.0317310886582754,0.448947100041439,-0.0818694471486242,-0.118292909952566,-0.0131612663746216,0.0566261673176695,-0.15760967267003,0.456966812834314,-0.0837941279450121,-0.0273638506443107,-0.11361873107426,0.139673169593103,0.0185131339202055,-0.0137228295149438,0.224219402413855,-0.22270762141894,-0.153340765028406,-0.0581149059105209,-0.0772316469325328,0.243603833181714,-0.136181670146771,-0.0310034420891754,-0.16228246839516,-0.122953019798091,0.145862665038078,0.414375707872948,0.0258779980218999,0.107879155180386,-0.246184883499603,-0.178175184042076,-0.234124859260689,-0.261745703316125,0.393593928923115,-0.136994885486648,-0.252477327936523,-0.016244105149276,-0.0464611466866748,0.316532919657247,-0.0606339446422687,-0.0876023232500449,-0.0238398955176252,-0.136012316183877,0.143936760625367,0.00989751744828465,-0.253702913601682,-0.260550806528349,-0.0661213886773999,-0.162702696933481,-0.222581234043482,-0.233821871760593,-0.0594676090961322,0.285905916286315,-0.0164436017539086,-0.158031837909115,0.274458722762646,-0.0327437742284759,-0.0925198006977505,0.498454203644525,0.0113313670215023,0.510612403646287,0.596286761046098,0.240978832883216,-0.228197739705147
TCGA-AO-A124-01A,-0.1725834455013,-0.0181127449464026,-0.0978719650350766,-0.0122225540455224,0.197638809471682,-0.0389804164834646,-0.0482514242345428,0.306400745941695,0.234750696340221,0.0485278845526921,0.171547466986611,0.16433862385903,0.248177338499842,-0.0303649665042433,0.15151568905321,-0.0966050843496303,0.0302050071381818,0.0182757589193211,0.211390002073117,0.398216838387395,-0.111340434109737,-0.0106797965949688,-0.109431866843505,-0.0985079240809894,0.223224732957525,-0.103130920299975,0.0209106023037753,-0.141755304470196,-0.0822698994509509,-0.122494636485092,-0.0779162719985415,0.00328524630826037,-0.057942679941505,-0.0137857090596667,-0.0670122344966583,0.00287385549105126,-0.148663933128757,-0.0366769999747056,-0.11132518914553,-0.0947102297598652,-0.0768739904157259,-0.0327403121192216,-0.0495985672547421,-0.179418532417793,-0.0957541678559153,-0.0601999942447594,-0.0339340740280916,0,0.100144279836185,0.0459848685687672,-0.0889813353710289,-0.11833720464375,-0.0636768266429703,0.1442709262437,-0.149417052449197,-0.0698086286765855,0.123019007029638,-0.129263923480528,-0.162830482862702,0.161530639204063,0.272777180725111,-0.0163668814752868,-0.172519726535221,0.0669855185606548,0.291234230792563,-0.109908389426645,0.0709268900889332,-0.0765036617157828,0.261915469271456,0.0227847190107382,-0.042124605692647,0.00137828911002943,-0.0667845105558305,0.169260738723948,-0.0971926968326422,-0.174151267728462,-0.110476660402176,-0.0962951625903927,-0.0835837378267566,-0.0975942391014835,-0.124972051892048,-0.0820213310584828,0.0086582078277236,-0.147706569376242,-0.120280093988471,0.26293586540227,-0.0777605129516729,0.190166025830972,0.224998828366726,-0.126864526157179,-0.0975758868751637,-0.128252609665872,-0.0770388064894144,-0.0375633776581257,-0.0201734711768511,-0.025464607189183,-0.0879782773133456,0.0395061706422809,0.0219824888249671,-0.102441994907359,-0.0736858560983487,-0.125649824853831,-0.0515207318520946,-0.141366258831299,-0.0718534201526313,-0.0930381844104491,-0.0738193076041169,-0.0924390306908887,-0.131199881133599,0.00217519144820914,-0.0846956572846908,-0.0966983198925356,0.037999486480626,0.154818812700605,0.0534524413560613,-0.164605392208442,0.0579120913780056,0.0587240162959428,-0.179078736579668,-0.0605398587295395,-0.060282726331195,-0.0450004616327885,0.00978282263927886,0.0145233971616285,-0.0911717152680539
TCGA-AO-A0JD-01A,-0.127039660574079,0.0305144333186558,-0.0400484200737161,-0.0602494392413135,-0.0727718458169753,0.144497476895953,0.0515538539895533,-0.0713455262214867,-0.0805020413262502,-0.167838391163485,-0.0273798769762152,-0.133333300542995,-0.14562680533489,-0.12001894415363,-0.00913519019340787,-0.15183417762217,0.148037563712246,-0.160509132138196,-0.00764672580389724,-0.0400112352058036,-0.118431468293449,0.224121239199118,-0.0464407347268129,-0.0293534622084134,-0.0395605101770849,0.222271018651818,-0.0105566988593272,0.0196728025239234,0.00765144664983087,-0.179682140104476,-0.041096019558741,0.0275552134910164,-0.0945039240010963,-0.137353543872634,0.163364018839658,0.0286376879301671,-0.106454186551777,-0.0670308310117881,-0.0403024288492753,-0.0383897662156996,0.0193731242419175,0.123833420923505,0.0908172634598712,-0.0779051462511255,0.0118504488107927,-0.0285047084661293,-0.00929428614859366,0.100144279836185,0,0.0302192581025316,0.164841784062345,0.148592579803098,0.102374323928473,-0.136245371409595,-0.0281612200346073,-0.00645925606830522,0.115033085800992,-0.0656313505704523,0.116075888748256,-0.139384310959557,-0.0660770664244281,0.081072280308328,-0.0595229773586748,0.0674680531355568,-0.18679405746996,-0.00566543560445208,0.0961754528195151,-0.111772152829093,-0.126757315134777,0.0404134212704356,0.0774866235030088,0.0709758940760226,0.185250822744353,-0.000908828306859719,0.0360294812209282,-0.00348297093302448,-0.0970010969803371,0.0688180370697871,0.10025172098048,-0.0235143398411414,-0.0909520488596175,-0.0993458413463466,0.213572784909955,-0.0963950831884469,0.158807651530129,-0.13721579699016,-0.00380716282768395,-0.0263737481449601,-0.187962704741395,-0.0293474159171515,-0.0871631578971271,0.0384804687465827,0.050973768505706,0.0759666026470063,0.0711399967495304,0.0219055461496401,0.0536842703327234,0.147622587433484,-0.105487047971152,-0.0560951287264112,0.0504100668603837,-0.0575244791081212,0.0492307418985253,-0.0174249437359247,-0.0883840485822067,-0.00216218066607743,0.0787152112539337,-0.0967934390918838,0.0954304222675195,-0.0416128633285395,0.0510155649553397,-0.0405323806213737,0.0524400675168864,-0.0914352002270914,0.327755988310084,0.0543128879908473,0.134822704588657,0.243818659789011,-0.0967339107673071,-0.119975460546259,-0.0337540938521118,-0.023437750296893,-0.0666825190514955,0.142643478187072,0.00376565818083191
TCGA-D8-A1JG-01B,-0.0737276875988895,0.15137241321281,0.0411027106800354,0.0697318140140795,0.0401775097340101,0.0854542859048529,0.0308541650962963,0.0181174648892134,0.125125922236772,-0.0744278036975641,0.204874107292057,0.072394618319347,0.00862886001617009,-0.143597613129959,0.211232305086968,-0.111789523196378,-0.0620475776614919,0.170039104318793,0.246095960390052,-0.00538782367101152,-0.027230458394195,-0.102221446089021,-0.0323182987548959,0.092088179033456,0.117367469437417,-0.139278009159543,-0.0437232201424777,-0.105063558536116,0.117117318009718,0.046153358301882,0.203673183451798,0.128856982593043,0.00424339169391479,-0.13586461735278,-0.048328674732376,0.138731807423548,-0.141078750244854,0.0613502976873006,-0.0182636804490646,-0.0675796074305897,-0.149739495570074,-0.0671953670896928,0.153950291818808,-0.0639053452724322,-0.165452126299605,-0.113363656805384,0.208075749698212,0.0459848685687672,0.0302192581025316,0,0.183378940938886,-0.148361337620834,0.0403260786486136,-0.0429652311925737,-0.177040605671313,-0.108735115831105,0.136708393123947,-0.0576214650179304,-0.0972347462829662,0.0869782928878418,0.156913489241932,-0.104874038811722,0.036137658374988,0.38534740843974,-0.0427027209470305,-0.0681893159000943,-0.120053737510459,-0.0810960356620273,0.0588363086474203,0.1311804893262,-0.0604981956647292,0.201873031856886,-0.0213300376370798,0.133681429207753,-0.08739338859711,-0.00378010997242969,0.0274440319738741,-0.171658590442326,-0.0895558390765579,-0.151249051068185,-0.030863606047948,0.0593409866397909,0.0190567336984589,0.0783570016663482,-0.0527670649482582,0.00345413651620415,0.110244155174469,0.205418112855485,-0.000573714559079752,-0.00568377805894474,-0.210633398409128,-0.149225646696937,-0.184855945528759,-0.164868619029466,0.163454125104836,-0.0893411258318596,0.0120917707735646,0.222337140680944,0.129283699854556,0.0945664198502918,-0.0985313347585564,-0.0418490241183263,-0.0775385993817181,-0.0298433541016273,0.124092461701159,-0.0622781334723074,-0.0733925072201641,-0.135106130951259,-0.0708736996295428,0.156780859798256,-0.178360726027074,-0.208175424304688,-0.0709320670672455,0.116132891438445,0.0159899506238075,-0.0609688104658209,0.0490796040950008,0.00920446314935472,0.052210698660068,0.118764188764171,-0.126277233529772,0.21022212371315,0.32698164854776,0.124406450452798,-0.105102279966948
TCGA-BH-A0BZ-01A,-0.0271565937642081,0.121830464474046,-0.0208103901000962,-0.108740603353253,-0.0603129996070724,0.203371266198715,0.082735106542972,-0.113251656205054,-0.0651762031518707,-0.285948213353644,0.0187909614618497,-0.106102712171053,-0.149564825643587,-0.212896220037874,0.0977334348180743,-0.175154905975346,-0.0144707691203669,-0.055344276940141,0.0186910776309393,-0.110314862792343,-0.0957147832483594,0.0161305484729772,0.0558576045491318,0.0934249749416147,-0.00236587341229287,0.0760980197962781,-0.158938806666364,0.07635638404856,0.0594941812279472,0.0376711000989304,0.0382002466259231,0.0285991922238529,-0.183490246369146,-0.147608384989092,0.198301281304026,0.136763917157954,-0.152748404143595,-0.0175966770484488,-0.0314689624783715,0.0402927594373079,0.0117451426185712,-0.031175432907657,0.22434266815845,-0.0130314447032902,-0.0129338284566208,-0.113312233268701,0.109238501977328,-0.0889813353710289,0.164841784062345,0.183378940938886,0,0.0372840062629793,0.108310078199375,-0.200870638128026,-0.145072111148186,-0.00196661869101723,0.105826564234539,0.0791934552454286,0.0996212237304916,-0.115788689087552,-0.00881557361554969,0.0731398911224035,0.0186160903906457,0.133091814710154,-0.250608332052297,-0.0309009328093359,-0.0525608012721552,-0.176324501959679,-0.122048985354676,0.0637259966416586,-0.0346358238521785,0.13241554880635,0.25506659413712,0.0229214396882391,-0.0333033132032968,0.0646301538425822,0.0259044345209536,-0.0168544308983913,0.0987020539997921,-0.00456034591268227,0.0517118361298784,-0.127526128035623,0.124463291323275,0.0780768039238869,0.139365679476704,-0.0918093355727684,0.04369942080959,0.00334765240608799,-0.191115861104702,-0.103825111413104,-0.226727008950883,-0.00323693559991194,0.0483126753303111,0.0112688413954789,0.152232772585232,-0.141809516506351,0.133195028563505,0.180725992558498,-0.100127908474044,-0.0165590836121595,-0.0345307504845287,0.120191377343457,0.00111169678015181,0.143686551999227,0.080928347993739,-0.10488921594251,0.0612536555385301,-0.16796360091906,0.100466407479751,-0.0164225725799176,-0.107471551914371,-0.0952331201696736,0.0223486881101251,-0.0954533366960185,0.126505355519078,0.207883824609122,0.143574984979073,0.122350943134549,0.117766718220616,-0.00179997349667325,0.0314948817424574,0.106564285643761,0.0663271115795855,0.17170770166974,0.0640107796486848
TCGA-B6-A0WT-01A,0.0376189903227422,0.0229894596863927,-0.0754627763274852,-0.136769633058179,-0.104132111365386,0.16413983606964,0.0333421141061517,-0.148309403266052,-0.28131077345337,-0.0825736324683414,-0.279696088610163,-0.185849572224979,-0.232777194458468,-0.0425330714593878,-0.253132618338012,-0.0718779338266602,0.151819700857354,-0.165816608497941,-0.197703210310775,-0.0867412675534224,-0.0275466799775188,0.22465561354321,-0.0282877518072091,0.0545296780101323,-0.296362976564349,0.279440147480571,0.000638904280774611,0.16544485572792,-0.0720836797454086,-0.141267379943272,-0.126302408961361,-0.0980786760328533,-0.0604574476998562,-0.0273794055957118,0.0881113223673022,-0.190225888395868,0.173861304582751,-0.0593561053102557,0.0651128910275027,-0.0790872318098759,0.103055598711058,0.127843727154125,-0.11764111991585,0.120106487392036,0.142334328398207,0.0308135583060319,-0.227969827252298,-0.11833720464375,0.148592579803098,-0.148361337620834,0.0372840062629793,0,0.0100346451723257,-0.207771825358582,0.171045975353296,0.121405617082521,-0.0741392352949303,0.033783216763237,0.273976654216775,-0.27467814631568,-0.289550148509421,0.0501813547665506,0.0979237182933007,-0.241101015604589,-0.195554942802369,0.0902128537819884,0.0972385610281681,-0.0096436694715748,-0.123602964346452,-0.16515178186651,0.135626723316133,-0.00892247850627403,0.170167478883258,-0.154969145009054,0.070977297555975,0.0570964499019407,-0.172742949256902,0.169081540210943,0.0904705218596659,0.0781230069861689,0.0021935427686892,-0.123347097284686,0.190445028478538,-0.0247516242771917,0.264421711505234,-0.167817485316396,-0.0372891531803001,-0.269949313702932,-0.212835998133341,0.0236341664603362,0.147126874693293,0.183132311053939,0.160502285003599,0.271736605645607,-0.11880520671252,0.134914467122038,0.113832350083415,0.0657091684775111,-0.0225393616234901,-0.0888107279859173,0.149038275907982,-0.0146217196968816,0.19418974548361,0.0449848970485852,-0.148481949646159,0.115754875160296,0.18060114946873,0.0239359051334625,0.182217002820331,0.0446689705079144,0.290559101028189,0.0884136924113193,0.0332177347023621,-0.236727006065051,0.17438978872851,0.137729585137485,-0.0866785677660841,0.181312353798486,0.0155942040116146,-0.229092569004299,-0.00191648438946091,-0.216486472003205,-0.314270986582947,-0.107516816569569,0.110099557649069
TCGA-AR-A255-01A,0.0749947627910015,-0.213114090415639,-0.136056658923197,-0.114658042636108,-0.198518881136444,-0.0282775274510143,0.139789556761211,-0.0694628876827204,-0.24395524772771,-0.0323281826876109,-0.0576990619751088,-0.103722699082299,-0.118845167216422,-0.0526101959702557,-0.157300340574563,-0.0698091832242663,0.173667281093629,-0.127713341206702,-0.0116524864663904,-0.265317711542455,0.0395937909415907,0.0913470283604351,0.0307716492895431,0.11592436827261,-0.173295810744511,0.121251781263426,-0.0999276268016418,-0.105168815089401,0.102070769031538,-0.052784465997847,0.0489699748720293,0.18978997383632,0.148211061476983,-0.0971636232751716,0.300080821889353,-0.125088806179252,-0.0220067805780189,-0.140389692855778,0.13174835438512,-0.00383491331758226,-0.138073231278716,0.126646783784485,0.0980956141311857,0.0727023417354296,0.0773959479109186,0.0650145280738661,0.0596776171867828,-0.0636768266429703,0.102374323928473,0.0403260786486136,0.108310078199375,0.0100346451723257,0,-0.267350296096557,0.0585184568963077,0.0714212031956097,0.108086099013479,0.0767828759205974,0.0686986332527191,-0.235907698115458,-0.208520051817375,0.000426954533427191,-0.0148111559419016,0.118936178606095,-0.246368644690127,-0.0460969906433212,-0.0740099028072623,-0.102505626369651,-0.0612483836661326,-0.187915858444743,0.154893876462153,0.129660676591441,0.150566743821484,0.0121412450429492,0.108454759793673,0.170372166398395,0.00561112134523867,-0.0858735086567731,-0.0641869465114502,0.0406145571177648,0.254043275005198,-0.0380352241014457,0.0343495261566366,0.121468129358339,-0.0834090261559013,-0.229427168359029,0.211038005047273,0.0353598353002766,-0.127108209446461,0.0472422936030656,-0.0214526017678486,0.183422884952395,-0.0270483187587076,-0.0258483712904106,0.146932396310624,0.0650637436244112,-0.0180821656224715,-0.103962343081344,0.0340775948625309,0.0180700716725525,0.251276435282532,0.0348926530960052,-0.180635617000289,-0.047796743328385,-0.0734253338827157,-0.0255362460500626,-0.0447546764309534,-0.0160522597914697,0.19895575612835,-0.0453545289111936,-0.133452061833346,-0.0829716871269707,0.176419890420596,-0.138914478677309,0.234215371303266,0.152583694984124,0.124042608056305,0.0048523811093757,0.0543217820868855,0.0437551391411666,-0.0714898225693048,0.0388875225671984,-0.0451147185123285,-0.0915681466300552,0.0426864500420213
TCGA-PL-A8LY-01A,-0.21961215616539,0.178312023473739,0.10755215968153,0.194825268319907,0.296326557521139,-0.232949788665245,-0.257260066925605,0.0378135131519946,0.482205203755564,0.400254829480096,0.216706935806216,0.183175809369848,0.274295639525208,0.220300974435418,0.193662897949527,0.37700727070788,-0.251709586878763,0.264016250512649,0.166747330138642,0.259496389026493,-0.00773758199506857,-0.268518806055612,-0.172977818073643,-0.180534488561895,0.303845533469519,-0.321935503525128,0.02885076432186,0.0648172116671689,-0.0890377921523639,0.177030298831765,0.149800188299506,0.0732321917544658,0.0775195162689523,0.293607440278337,-0.434476770980445,0.170442566095188,-0.0344900477474653,0.0392969847931954,-0.181684245907363,-0.0445647708667098,0.0726891681856981,-0.123006895407877,0.0133623654300323,-0.139549171314824,-0.0306756117207952,0.0335995777356123,0.233532916674546,0.1442709262437,-0.136245371409595,-0.0429652311925737,-0.200870638128026,-0.207771825358582,-0.267350296096557,0,-0.103304617609524,-0.216611159453323,-0.193688566016412,-0.1184247593381,-0.260458729719554,0.396233973283682,0.371411622039919,-0.190802191036746,-0.00694626943199853,0.0239432629956821,0.345464734372407,-0.116866537059603,0.373692103873212,0.234524546112645,0.153286189894105,0.360148476198989,-0.221302076784602,-0.125814109118715,-0.340237236925044,0.0566751557784351,-0.00143986864296271,-0.252212850487735,0.128910245638898,-0.195942370764616,-0.159422027607258,-0.109075169833326,-0.202597566283232,0.118610588273386,-0.121582014386168,-0.138919706630241,-0.049484564294714,0.206520249787877,-0.162762324696386,0.176830594142352,0.333699466979528,-0.0272473823763824,-0.0398056980558537,-0.29626503304686,-0.208579338738915,-0.134055513114772,-0.0385526425278777,-0.0828004568723883,-0.164403268342919,-0.0650643704438956,0.0355134712708267,-0.0242736747457899,-0.238714542690264,-0.163349271332684,0.0591318200761672,-0.14669360317414,0.0718969463890073,0.114160855473962,-0.229061570479995,-0.14054297903324,-0.281973504997788,-0.0937925428516474,0.1465986176673,-0.0812911774749758,-0.246199629853306,0.307632860788006,-0.315075624250233,-0.320682150129539,-0.03737033431092,-0.120162619533302,-0.184199890135417,0.2513047118897,0.123274812563888,0.0430401312743804,0.285886445234516,0.0596525066285695,-0.236929132636621
TCGA-EW-A1J3-01A,0.186857744079552,-0.165468138098226,0.106208221619086,-0.0398236895025103,-0.203874872792707,-0.0711010085310609,0.100745306503393,-0.0409169522571882,-0.248885816686669,-0.00776489437231696,-0.119670446852808,-0.10243551595911,-0.127125033795797,0.0856508489113477,-0.29251718671157,0.0668831125995768,0.138434223712881,-0.103742071136184,-0.228335853525168,-0.213287924590682,0.122956595813357,0.115490274365685,-0.125700989354287,0.105460599726075,-0.309936211065081,0.111665028678269,0.148075580023329,0.0822004819074444,0.0120207732827933,-0.193570607379837,0.010137342399704,-0.0912153193738434,0.0917736192603026,0.03483989484503,0.00232876844961462,-0.203516119578312,0.172228244278292,0.0320989003991383,0.043205857584686,-0.147059876507518,0.0962265812545196,0.262605568880565,-0.170007879185194,0.133838636346006,0.191529764052462,0.148004460580394,-0.140067491774813,-0.149417052449197,-0.0281612200346073,-0.177040605671313,-0.145072111148186,0.171045975353296,0.0585184568963077,-0.103304617609524,0,0.063114267035791,-0.206365805929405,0.056934408787646,0.0664372954413941,-0.148054881033516,-0.268715921658034,0.0601808633789696,0.154413144144155,-0.274281903391943,-0.0209341357382411,0.0332021819018541,0.0206815189189405,0.0679055076155256,-0.0555698750433728,-0.107334863659116,0.150370523699516,-0.123342432063486,0.0578901987617395,-0.280629806976173,0.165065237784174,-0.0760892197746895,-0.133438470767335,0.183483431362003,0.0633733831179101,0.202667556792273,0.0893181000078259,0.0838447677211943,0.0759153665797416,0.00861054505584905,0.0117345368229542,-0.209381529621912,-0.0969744843077781,-0.24574344747138,-0.127897307228978,0.2100547913699,0.194350308577675,0.273672336019484,0.172541175143202,0.14913277308622,-0.111218681563324,0.200499669702809,0.00201928415141554,-0.0283968808193018,-0.0142612821203349,-0.131509936968671,0.21990017784204,-0.071905485954488,-0.0121564980616666,-0.136006503310934,-0.249853615269486,0.132903200975644,-0.0350410491123384,0.188633638853848,0.189501840704752,0.031340838308547,0.171150032422678,0.265585327213035,0.109655462683856,-0.148652335578539,0.0352381498593649,0.0210018347396818,-0.0796385633369959,-0.0859272210768015,-0.013874014540642,-0.106045551293082,0.099793477092446,-0.247872902827354,-0.289870526988826,-0.0873366460075437,0.0205749972533721
TCGA-BH-A1FM-01A,0.0794028788131814,-0.0401480170854972,-0.077867569740802,-0.0856310015501652,-0.152759150931728,0.0994045317083996,0.146972658679808,-0.014786441410903,-0.221860008740309,-0.03347313887278,-0.215409520022354,-0.0835454483638207,-0.116671633135465,0.043518271288636,-0.200737336545239,-0.0759745294561721,0.146504745097328,-0.0966160130747379,-0.116314874963288,-0.0792551105187459,0.01942588616397,0.0636573661992455,0.0810962906171124,0.0336678532088344,-0.204329050666643,0.13629689519521,0.050711829524312,0.0101602946133168,0.0116848385688168,-0.0985363484190265,-0.130801223491272,-0.0670271128476132,0.000663954501198069,-0.0279170073107895,0.131705919644816,-0.15920987269199,0.105985738559399,-0.030269142177759,0.0429493934311061,-0.00550984783994422,-0.045271687431191,0.0436584437040998,-0.132425826198696,0.0880677928214104,0.0319634362822185,-0.0193536437480582,-0.21490505762306,-0.0698086286765855,-0.00645925606830522,-0.108735115831105,-0.00196661869101723,0.121405617082521,0.0714212031956097,-0.216611159453323,0.063114267035791,0,0.049810456554043,0.147949105069503,0.098623088337941,-0.163782032983337,-0.233850940010544,0.0665265252042869,0.0272068861029415,-0.168369603431753,-0.0664370091630341,0.0977110705378613,-0.0479622604031836,-0.0757357874917138,-0.0414146799353073,-0.217959881758755,0.0650280212917083,-0.0118719763923609,0.130464516840542,-0.0785399383539402,0.0094346173871844,0.114860198576992,-0.111998236062922,0.0982888575482937,0.0440261707515071,0.0307532743112764,0.0762142401484138,-0.10251810341581,0.00118635923333815,0.0961410658228585,0.0390407511070049,-0.0374791316305891,0.00535311477732324,-0.159555598578093,-0.0662276651192277,-0.00423178253802322,0.106208792188201,0.111203756583398,0.107855269779114,0.157353173164762,-0.111849617096359,0.0924584797719346,0.0787879007677377,-0.0548008606138093,-0.0724483352898524,-0.0568733441464025,0.0834052309479981,0.1005353153479,-0.0362742571279875,0.0600444187048822,-0.043083511139891,0.0157156387601757,0.149509933522664,0.106039788232265,0.0593862306320719,0.093633159609768,0.04163899547508,0.0644076680609046,0.129205394660301,-0.170085580316731,0.0255441419335276,0.169040840450725,-0.0720067242096749,0.0146093159117858,0.0607845965925254,-0.178307447123575,-0.0448688737297972,-0.15278588499249,-0.246566266564088,-0.153571152672797,0.127968747136033
TCGA-UU-A93S-01A,-0.0694193080652112,0.0172592578025326,-0.13338517624933,-0.169186963760373,0.0224752494523542,0.0373813742238678,0.0201219443716329,0.0761293738375051,-0.0960830973351729,-0.163056708938443,-0.0458453831415893,-0.00993072180991807,-0.00895178068555579,-0.127207350890748,0.0210551528037825,-0.136722090588553,0.00297686316662243,-0.069244261142812,0.0523446181136356,0.0669725993529835,-0.198762581990487,0.0244706310608639,0.384026560910838,0.0247695381295257,0.0740977157358229,0.100785953608869,-0.0822656558577895,-0.222506560294127,-0.0435069615219741,0.072822700426955,-0.0922191522141077,0.00458004097287068,-0.0693315566317814,-0.11517821382084,0.25557613875512,-0.0177049424798446,-0.112838273046399,-0.0721716369926123,0.0353001913322979,0.359792897086437,-0.139439653636177,-0.0862047850098792,0.102856493233057,-0.123101020692888,-0.079420997957802,-0.180770997181349,-0.0544498466515497,0.123019007029638,0.115033085800992,0.136708393123947,0.105826564234539,-0.0741392352949303,0.108086099013479,-0.193688566016412,-0.206365805929405,0.049810456554043,0,-0.0546921887347824,-0.0295325359083267,-0.119076046487487,0.00890138827666057,0.0740943586605714,-0.167642897544731,0.136927930447703,-0.0727832113529358,0.00419304780048536,-0.10393750566983,-0.193880179026474,0.0509270083578738,-0.160477495970632,0.0597187503294499,0.167395967055721,0.141013724153246,0.263460234635275,-0.174739599884163,0.108174892713498,-0.00499635686669039,-0.0818917464765813,0.0743801492426467,-0.0245906517799611,-0.0829779993999107,-0.222316637099486,0.0143916717227062,-0.00951281234639931,-0.0696258024447988,0.0641921842019674,0.0856168849190701,0.043547890824306,-0.0609699908821069,-0.175033439103531,-0.125425823150767,-0.0053102436689328,0.00854987163248725,-0.00672771258002975,0.0892942571362086,-0.0814263597685555,0.0901224999625022,0.0458391093577205,-0.0991359907951524,0.0523402034483219,-0.0292259103844805,0.0670213335963836,-0.0824193397858433,0.308336985067533,0.0492529184211789,-0.229090346932237,0.0053525615669713,-0.0787194247271361,-0.0544279682850503,0.0605916267650519,-0.191069959119153,-0.0991158836352634,0.109743882449492,-0.113931105580792,0.116302597713279,0.173998921165961,0.0783695527347647,0.0343415956627508,0.0307084997811475,-0.0610194297762227,-0.148231679766605,0.10913975686196,0.0457791947233201,0.025405534351375,0.0381920990240745
TCGA-C8-A273-01A,0.173054876234046,-0.0842497371535099,-0.0111777400689116,-0.180519063333874,-0.22620857472588,-0.0680255611922753,0.133212555942224,-0.0217356408990902,-0.144176051528501,0.0775949314464961,-0.106943378082305,0.0461001739984053,-0.0249435972031401,0.0683973499604298,-0.154989910908067,0.0425436333364726,0.055348390586526,0.0179807452975375,-0.150539450912567,-0.181814504523006,0.184014990401589,-0.0157942400218306,-0.0762602306159787,0.0288102472198089,-0.162215386210215,0.0357477183622284,0.0297706895203977,0.104980143544632,0.0216923549595914,-0.0911274687670095,-0.0636394144015002,0.0173611398911447,0.0755539202580487,0.0511035011808656,0.0461266648086637,-0.12562696493629,0.0801567778481439,0.0154367838899704,0.0269790487816429,-0.10005093359767,-0.0995583949778512,0.154356501212714,-0.0824717047090338,0.181511761634767,0.172769133368058,0.0844727086960697,-0.090536818464416,-0.129263923480528,-0.0656313505704523,-0.0576214650179304,0.0791934552454286,0.033783216763237,0.0767828759205974,-0.1184247593381,0.056934408787646,0.147949105069503,-0.0546921887347824,0,0.0469181529653575,-0.0808933053833321,-0.165344335891157,-0.0173893425736254,0.079127372105863,-0.0575893858809541,-0.0544425551414196,-0.019022896829019,-0.0261431757125984,-0.0635962217715587,-0.0710963794347711,-0.201978362335595,0.0209973812907165,0.0521420131134051,0.0375364237522128,-0.144721996832961,0.140237327277487,0.0458583938737075,-0.103055847827,0.0483778926555194,-0.044729028984412,0.0311510200066922,0.147364393068258,0.0738646188857525,-0.0306314355736145,0.0453418105336849,0.00167805297336112,-0.0683410157823694,-0.00385208972401659,-0.0507723408478147,0.0400813043315972,0.025756679032584,0.0953332625773266,0.134130691117425,0.0964338887400517,-0.0455724557589422,-0.100820422910809,0.035322650257555,-0.0384176839990437,-0.0717448418837608,-0.0081618218403762,-0.0596020733983273,0.152300101812857,0.0326513228059001,-0.0982055450059282,-0.0358905673092846,-0.0717473052967225,0.0547541035043413,0.0545104982243263,0.145705404450853,0.13404093767685,0.0565532671665517,0.0254999307684266,0.0858803508566113,0.0417270049162813,-0.153963824146953,0.0148221647464031,0.127024050372421,-0.0288011914188666,-0.163775864913583,0.114497800575644,-0.0585401196026048,-0.0410989705222793,-0.21026069698841,-0.161432543556905,-0.228149573891497,0.100327906557506
TCGA-E2-A56Z-01A,0.101042963225634,-0.026989633998777,-0.0366298611196213,-0.122689448246219,-0.259446911345568,0.275930366141301,0.146411868702932,-0.189212073673493,-0.403289123815128,-0.145373789224611,-0.261611004923044,-0.180076018719675,-0.170744954915488,-0.0237036679428268,-0.328418733579876,-0.0800690433312462,0.228552325140108,-0.173561452852673,-0.19480574449378,-0.268720932924777,-0.0398790205639233,0.114133747448028,0.0915722121547338,0.0599743171127837,-0.310581183203639,0.322278500080796,-0.0932691257644014,0.0937515800091891,-0.0244138865628652,-0.0805661623982919,-0.204749988843196,-0.141137979416844,-0.0999090861818628,-0.121474005848012,0.240911628959561,-0.236049070000711,0.151835467089477,-0.0610695039725436,-0.0170878680025163,-0.01343226116798,-0.104400700136586,-0.00827603555674703,0.0243341231126225,0.212120759248216,0.0772858782140999,0.0161693544377128,-0.138938537460451,-0.162830482862702,0.116075888748256,-0.0972347462829662,0.0996212237304916,0.273976654216775,0.0686986332527191,-0.260458729719554,0.0664372954413941,0.098623088337941,-0.0295325359083267,0.0469181529653575,0,-0.296264162595674,-0.295131701068533,0.0740414515800654,0.136987628791567,-0.17620476854657,-0.270389368210532,0.0117702276403045,-0.163517787989121,-0.134480516410894,-0.127051462738625,-0.254606183590027,0.0521731754008547,-0.00797178108295235,0.245894423215763,-0.145423748017199,0.0333579600023922,0.274298560491503,-0.121201450772293,0.154862994378656,0.0323727217282668,0.0687616263057543,0.130915215344281,-0.188086277819738,0.0859221357597862,0.232016946754166,0.178096093486439,-0.253089369028283,0.0324808447656593,-0.235214124823871,-0.31119698900305,0.071594457328681,0.0976438481475851,0.152234379638779,0.0441901505655373,0.218376699559879,-0.098823114873969,0.103247129120064,0.0782619674667609,-0.0346648712371321,0.0350988582918419,-0.0111690032525998,0.0727864359026997,0.13882448259679,-0.0515384892612698,0.125590110812108,-0.113414080335246,0.0555514288127626,0.288207220957871,0.0568209668434619,0.123153603689864,0.0312115742837561,0.0103808864603582,0.0367421757625234,0.0692665491725166,-0.213640088811543,0.139209085773619,0.293489901034613,-0.012921202984725,0.0872702995583647,0.166366042055423,-0.101236779220426,-0.101815541845078,-0.104077893905589,-0.258763519728345,-0.180431283123016,0.219356907154472
TCGA-D8-A1XK-01A,-0.149961358139978,0.123125278025747,0.143804244156134,0.240837325409664,0.245633468469262,-0.176488884989418,-0.176021036909663,0.126942755247876,0.53638968866549,0.141352697667538,0.36349190143019,0.292558289598354,0.409041696918376,0.0528995097819257,0.431573722088596,0.0981650516380098,-0.250589828769224,0.341908979929927,0.338864510801875,0.300085439082098,0.0134598738235359,-0.250357277338998,-0.167420421136178,-0.182711904051771,0.369201536075341,-0.362908091270378,0.0800334736971933,-0.0311016131385202,0.017769114435393,0.0818755479580261,0.118890327764423,0.0915482023918248,-0.0134878547548672,0.110985902971616,-0.365076151772154,0.262002159512056,-0.185402040298785,0.135157451586833,-0.106500567006273,-0.0870196064604323,-0.0119291569124421,-0.112891813848331,-0.00245753399819723,-0.139315421829961,-0.179272586146019,-0.063297994598026,0.188013045405728,0.161530639204063,-0.139384310959557,0.0869782928878418,-0.115788689087552,-0.27467814631568,-0.235907698115458,0.396233973283682,-0.148054881033516,-0.163782032983337,-0.119076046487487,-0.0808933053833321,-0.296264162595674,0,0.516141790317193,-0.173214712636608,-0.0578728194246162,0.20002884822382,0.390174607614657,-0.111423800046627,0.0491485811617501,0.0749534329581752,0.215449993662835,0.329266016235432,-0.225097343438723,-0.117960761624189,-0.325939339803514,0.162092213185464,-0.0717059165941939,-0.237423475134018,0.135605205467868,-0.176068322766922,-0.131945866386192,-0.154099648602518,-0.164401256937443,0.194671859396664,-0.228322166880363,-0.12088207675056,-0.127184670167257,0.319895763941684,-0.0883942813785589,0.309939906738131,0.407635347655475,-0.0536726257260896,-0.134471747162512,-0.283370180784019,-0.199529458168011,-0.240041787606063,0.0716315997274497,-0.153671923219716,-0.126485960137419,-0.0216698577507303,0.00378205141351749,0.0239329988429099,-0.235693174507165,-0.0880375380544518,0.0373780815724367,-0.160229875397146,0.0959956143918272,-0.00252667566966195,-0.182821400436907,-0.0798419983837698,-0.272540500133975,-0.00306555305300664,-0.104394602833188,-0.0933173389962196,-0.20851774194134,0.499977037138736,-0.259073412384158,-0.288927439468156,-0.0461827698719896,-0.0917117287836402,-0.124603461169656,0.155295330372262,0.0569456882751201,0.102103510619021,0.355529601047987,0.129186744651242,-0.222191886342829
TCGA-E2-A573-01A,-0.26331826159282,0.115517931548992,0.0250503066845697,0.266259540160274,0.33731927075648,-0.167721789315338,-0.217974131283926,0.163158843459994,0.561455164672421,0.00524877354052279,0.497368543674418,0.257917460782143,0.407041868001472,-0.0760711193713088,0.529514726664436,0.0468325379514629,-0.25085682404856,0.22954346116389,0.366154760348541,0.364506406956884,-0.0569610082333645,-0.263402408447718,-0.190070235292656,-0.206165367533548,0.551964446795645,-0.363762804850063,-0.0265050939144367,-0.0587674407013176,0.05674419084592,0.086705235782049,0.182902438469833,0.175635927942191,-0.0954514134095713,0.0508955109581735,-0.294130088010842,0.366227793991033,-0.245654162061988,0.0346316827631845,-0.113095227802828,-0.0244428634162757,-0.0170644973068043,-0.158309991348463,0.206762968624601,-0.236874475481388,-0.177537273679229,-0.0874600828269924,0.366798322362863,0.272777180725111,-0.0660770664244281,0.156913489241932,-0.00881557361554969,-0.289550148509421,-0.208520051817375,0.371411622039919,-0.268715921658034,-0.233850940010544,0.00890138827666057,-0.165344335891157,-0.295131701068533,0.516141790317193,0,-0.136105985966215,-0.105519368314785,0.334840979799483,0.281594330261825,-0.183345870898037,0.00182467446799552,0.0377782259299869,0.185651722872637,0.429653991574387,-0.198144479448018,-0.04706735223475,-0.282594012923435,0.278707138762255,-0.179816156298725,-0.225456286693514,0.133144515241956,-0.242387407357425,-0.171297649559204,-0.15335910274857,-0.229132216753473,0.140865780632221,-0.217648455282493,-0.194476235534796,-0.151900017419469,0.319890428851914,0.0156274390765784,0.419829817272326,0.374039609055357,-0.0837442590474603,-0.242564125131498,-0.337967976163516,-0.239770676707681,-0.251506122094898,0.284979300147488,-0.199086589102387,-0.155236626329934,0.0858456761778128,-0.0116013811240402,0.155301037641678,-0.255584770116699,-0.14333688462063,0.0855086226468666,-0.0900331364959725,0.141768081279779,-0.0774151422444233,-0.217631978982037,-0.265903410423902,-0.284531235826099,-0.0907493534889656,-0.228994143761212,-0.212557813940933,-0.202425184915016,0.45236891764241,-0.188184247020902,-0.289767369110605,0.154104369712344,0.00626539475689359,-0.208543109484309,0.260573404755474,0.0418896184813788,0.30333065430084,0.518148869549774,0.232103831147665,-0.229084477575762
TCGA-AR-A0TV-01A,-0.00784107885695634,-0.0317930806161342,0.0520186044000959,-0.0494205360947951,-0.0476477675390393,0.0874380183629693,0.0705364843087894,-0.0218946991240842,-0.151740196918109,-0.241316080630138,-0.0801939394098647,-0.111569882132314,-0.175832034897388,-0.0599826345153679,-0.0863034097260467,-0.243530722821837,0.142726676906464,-0.21442255985429,-0.148445772240119,0.0096473519354357,-0.129611646138922,0.0950496410642929,0.141855925680264,0.00175932626143107,-0.0971203432818161,0.196144203108311,-0.0395145747910666,0.00157576419653232,-0.0154196323456299,-0.0889238958807804,-0.106214000039477,-0.0999558539352796,-0.148378137606371,-0.153609487631905,0.14492443930472,-0.00411632707373722,-0.011808800605213,-0.0285395494218984,-0.0223629146593764,0.0465216218332499,0.0286003691493379,0.088000133764814,-0.0143521731453896,-0.0518666251022405,0.00296495904432923,-0.0960558340165281,-0.0652987307985431,-0.0163668814752868,0.081072280308328,-0.104874038811722,0.0731398911224035,0.0501813547665506,0.000426954533427191,-0.190802191036746,0.0601808633789696,0.0665265252042869,0.0740943586605714,-0.0173893425736254,0.0740414515800654,-0.173214712636608,-0.136105985966215,0,0.0168785964623831,-0.159052879832621,-0.0452410946950879,0.223539771896214,-0.0255123694815754,-0.175113082008434,-0.129601917728698,-0.0118222930568506,0.0452090287988764,-0.137916011600361,0.269182021766468,-0.0727753696088768,-0.0355321165477723,0.0515514971204408,-0.0672336644065082,0.207366363991893,0.224724100192292,0.129487076817574,0.0238954949204301,-0.142185158033928,0.0771114892433886,0.0536191354137833,0.00678395259891427,-0.0773720459981743,-0.0972783760719157,-0.164426950142073,-0.22289698338878,-0.0356480373194858,-0.0259514007140139,0.0708909918542911,0.191062501562952,0.162631674789908,-0.0468657043218395,0.0817219797330359,0.0954561564245755,0.0673915121965108,-0.125907764946021,-0.0809680421425081,0.0020273305370259,0.0428970355714384,0.0366148060017215,0.0236623011645054,-0.106215898968459,-0.127978898039631,0.0847453522318386,0.0291167910046897,0.00309937070126853,-0.0247422482252221,-0.0034063842685428,0.126357701747387,0.299026674982986,-0.172723966224263,0.0526825851620688,0.160979268126634,0.0242675174379718,0.0961108732136652,0.0206513760715466,-0.153980315376202,0.108249503223483,-0.0434170364993571,-0.178345878441767,0.187795664017476,0.12163457107702
TCGA-EW-A1PA-01A,0.0726916553027975,0.0399104038872373,0.170264470032752,0.0657779464569824,-0.0991391938379906,0.0898770070602354,0.0877308635512542,-0.11553359148152,-0.14676930419487,-0.0840264621549578,-0.0235403297575951,-0.064092384306239,-0.0946607734879125,-0.0221019386046183,-0.163891402323443,0.000591491581616042,0.107832048974557,-0.00251988514014883,-0.056197024372425,-0.182999305255152,0.0134927531520641,-0.103701129167361,0.00141795321959938,0.149129318742658,-0.167967355360761,0.0645827074031322,0.0530761517591278,0.148423633263161,0.0199070944424314,-0.00458984254389124,0.0956537785024833,-0.0868783725261674,-0.0257845392309563,-0.089219476744139,-0.0818530801713971,-0.105417775659331,0.138333729294085,0.0246507285536879,-0.033060653409883,-0.128019874596886,-0.00807701645898266,0.028624890760529,-0.0202766225289178,0.15296786278347,0.0291730375322989,-0.0203842066022899,0.0317310886582754,-0.172519726535221,-0.0595229773586748,0.036137658374988,0.0186160903906457,0.0979237182933007,-0.0148111559419016,-0.00694626943199853,0.154413144144155,0.0272068861029415,-0.167642897544731,0.079127372105863,0.136987628791567,-0.0578728194246162,-0.105519368314785,0.0168785964623831,0,-0.111807412440389,-0.0192282681212999,0.0182722514186699,-0.0514987543557003,-0.0440038188689616,-0.0856194252588183,-0.00170934719834872,-0.0202693758445995,-0.0575363215270381,0.0398915518629364,-0.166411141085234,0.0131735334912819,0.0555471426029712,-0.0732907178695946,0.00787285720520617,0.0295051627403216,0.0603440621674759,0.0674564126897643,0.0396752387423607,-0.0289708860857974,0.172579149017319,0.0929882255627003,-0.14440102719618,0.00266219644182935,-0.172241421481988,-0.124179605073776,0.110258144312213,0.0122079992650465,-0.00386900939941857,-0.030338383319516,0.140390034280372,-0.0604498738988395,0.162866037504149,0.00119371021063331,0.0591927127770744,0.0488051758203825,-0.0976410023976027,-0.0359721201840802,0.0180250368976787,-0.0560109622180915,-0.0402180830789359,-0.0108315279550558,0.0397247394739319,0.075961738280086,-0.000410638995261171,0.030127033410383,0.0627799030488143,0.0695849927558022,0.00889719014208469,0.0408097193707438,-0.0288216521226043,-0.0976850235448901,0.105490089097332,-0.0562935139641583,0.00531949565462473,0.15396930415669,0.0650998830168436,0.00290620990894677,-0.0801305383082459,-0.0741347776831712,0.0154751398457642,0.0726090769315559
TCGA-AR-A24U-01A,-0.23290872381064,0.0161286660684737,-0.0790012433795718,0.205351224958222,0.0162882862582274,-0.0333133746582534,-0.0242825596121568,-0.0509435593642316,0.326071997480847,0.00232492121892588,0.400500691214691,0.0927363190561732,0.170543534896172,-0.130388949365754,0.447732353906117,-0.0510237612290698,-0.178190336128366,0.167607077456768,0.331963998944631,-0.0153468561942082,0.0347695490920897,-0.123999506640471,-0.175433597806809,-0.151734216750383,0.304396156562628,-0.290415715778151,-0.112017341161901,-0.136629912217402,0.299163637270652,0.0484797107713156,0.297142544288619,0.4852443973482,0.136813451057441,-0.0772042178503715,-0.0558920438424242,0.336274310198845,-0.223814149658885,0.0174589780352868,0.0879156465419629,-0.0643793548976509,-0.167312863293862,-0.102464923711185,0.294575682288067,-0.0669620020386896,-0.22645491700306,-0.0680464298198949,0.448947100041439,0.0669855185606548,0.0674680531355568,0.38534740843974,0.133091814710154,-0.241101015604589,0.118936178606095,0.0239432629956821,-0.274281903391943,-0.168369603431753,0.136927930447703,-0.0575893858809541,-0.17620476854657,0.20002884822382,0.334840979799483,-0.159052879832621,-0.111807412440389,0,-0.123073751830522,-0.17326098056093,-0.123907405439581,0.00217233971976094,-0.0321356267433761,0.344942908854815,-0.0776978060944868,0.146318612141607,-0.188867303041978,0.248223480981958,-0.0714019758309052,-0.0211786359257062,0.131326009603687,-0.324390324715841,-0.196423568114865,-0.220781768332316,-0.02868215093267,0.267071290001963,-0.149740163559372,-0.0588322402883642,-0.209852982884988,-0.0153445820960428,0.263949197789179,0.583950361277732,0.153245347609367,0.0131645731497115,-0.26135267042908,-0.231652010820773,-0.306436210352952,-0.324983540789166,0.390669142462135,-0.144719256181896,-0.217507321884922,0.063488893242389,0.0554761845125373,0.3625948174367,-0.0463571557740181,-0.0406069123370607,-0.0487131607981819,-0.110567359233043,0.213835599665591,0.0205230655125663,-0.10877114934463,-0.187246948381206,-0.125231949922488,-0.0529150628053048,-0.312195639549206,-0.330986379366603,-0.0955232427365861,0.277195846674771,0.103553323533678,-0.225737076963296,0.171998122680949,0.0854065119653132,-0.0923612724709409,0.341746648642134,-0.141450612023543,0.482881239382767,0.594220543344326,0.184179872961216,-0.173802083310788
TCGA-E9-A1N8-01A,-0.0182553281012734,0.058892002799921,0.157139157475468,0.0322552634762451,0.26260952335554,-0.151271892445755,-0.109438206173382,0.333564637380111,0.308909623927722,0.186524165765736,0.20900095539268,0.387430000220521,0.353426972251414,0.164112601182892,0.116198853596265,0.0771943570795497,-0.152722685061848,0.155697494527326,0.185928894378009,0.434340693044602,-0.0397911149839143,-0.220618656177379,-0.0182373246369142,-0.0821398713337142,0.168514915951306,-0.216979025295362,0.124773215818912,-0.0658550036242427,-0.13451965535371,-0.00479843834350101,-0.0590030230789245,-0.131843645819268,-0.0454690507547563,0.111378806247315,-0.329218610408155,-0.0161227904104438,-0.0452054029077594,0.130545469015115,-0.13929144322569,-0.0809713584181345,-0.0217197091892747,-0.0632784473248925,-0.202592399600566,-0.119832227676649,-0.0833238063008361,-0.0957207138196861,-0.0818694471486242,0.291234230792563,-0.18679405746996,-0.0427027209470305,-0.250608332052297,-0.195554942802369,-0.246368644690127,0.345464734372407,-0.0209341357382411,-0.0664370091630341,-0.0727832113529358,-0.0544425551414196,-0.270389368210532,0.390174607614657,0.281594330261825,-0.0452410946950879,-0.0192282681212999,-0.123073751830522,0,0.0066847309032403,0.135139285577275,0.0147047793607893,0.278101990935605,0.036665938042958,-0.161888928893842,-0.102418970124448,-0.235747035550051,-0.00877823039356464,-0.112449538239966,-0.223004263223244,0.000537347501048318,-0.0715499531413276,-0.0388734021214492,-0.0635135284448137,-0.118188652675842,0.0320621160713006,-0.145871809883563,-0.0918052348808974,-0.101208111665454,0.408362118824282,-0.193205324579957,0.048491940523534,0.355384032610076,-0.0780700118622585,-0.0138238065655984,-0.158444250626223,-0.0617378103381783,-0.0788734224149686,-0.184421610253237,-0.0306085601860846,-0.0602541480132897,-0.00892915368884067,-0.0089326403666676,-0.152110325215261,-0.209797713604786,-0.139205766833585,-0.021270735510521,-0.164119866511485,-0.0589600426423189,-0.0716801063113474,-0.120805377412345,0.0544676751359856,-0.226066339230425,0.0977020491180029,0.0399434073637913,0.0466431532198192,-0.0756034531545495,0.245146831076537,-0.288890639629969,-0.188824352398938,-0.169554997540284,-0.173770371037371,-0.107051002822944,-0.025276505577417,0.0121470572396648,-0.153436502899386,-0.0197473376691776,-0.0541886381340751,-0.139887599629775
TCGA-AN-A0XV-01A,0.0605611313693277,0.0956524937307402,0.0979537716203656,0.0272316520013329,0.051195152286812,0.0412512976384991,-0.0139076731447457,-0.090471392569249,-0.0759117965975817,-0.0840323670635373,-0.182687705063837,-0.124599031257209,-0.180937460869061,0.0436197943257538,-0.0773657792856863,-0.115322521583595,-0.00768405434571694,-0.0981561239980403,-0.114102782811583,0.0783224198106429,-0.0433402066482444,0.0642571730084879,0.198885164283292,0.0019989215845138,-0.116318793964307,0.146755863129838,0.0274048388539907,0.0330046055357385,-0.0937987732920323,-0.000909517643241811,-0.0625319679492468,-0.184846433824466,-0.0697347442877085,-0.0101477548873983,-0.0241433257026519,0.0172329550427645,0.0506958573412264,0.0443811842647179,-0.0102235764251059,0.0695564823396456,0.0870841869397233,-0.00800700591203157,-0.134719231436032,-0.00103002868541945,-0.000929112509003211,-0.0365958585023867,-0.118292909952566,-0.109908389426645,-0.00566543560445208,-0.0681893159000943,-0.0309009328093359,0.0902128537819884,-0.0460969906433212,-0.116866537059603,0.0332021819018541,0.0977110705378613,0.00419304780048536,-0.019022896829019,0.0117702276403045,-0.111423800046627,-0.183345870898037,0.223539771896214,0.0182722514186699,-0.17326098056093,0.0066847309032403,0,-0.00100681293044378,0.0123996650792247,-0.0943133674640184,-0.030406738143438,0.00421868018545126,-0.0824120283405389,0.118114993881466,-0.136571458681854,-0.0365699196364858,0.0703783176790261,0.0458774544376592,0.229687299794702,0.284507237307871,0.0555376062990001,-0.0109484596485479,-0.0540382082770475,-0.00112235262693775,0.0720828982998859,0.103618645960347,-0.00203182341430696,-0.0656520623931618,-0.218362439590902,-0.133525204541533,0.0408043899112404,0.0856155829880817,0.0493216663059653,0.156496011166474,0.0696134949868821,-0.140664658882672,0.0430877325681639,0.219973070320809,-0.00673922788635668,-0.103764226095684,0.0330244204666435,-0.0913282362026903,0.00152668640371222,0.10504948705118,0.0382046874932501,-0.0433570376879351,-0.0958474771562542,0.1025474885571,0.150940663192359,-0.0209472852829396,0.0290944511045154,0.119778731186509,0.189270760104157,0.0442636955582095,-0.18141096212386,-0.101310466863534,0.111212193520604,-0.167739749079991,-0.0268047024423718,0.0630419523326525,-0.162967359525221,0.0755876430492188,-0.0590759395618092,-0.173175848654916,0.0792040274811535,-0.000195764734272836
TCGA-A2-A0YL-01A,-0.103455368476263,0.135033126261627,0.00197200191919103,-0.0890859816698524,0.163966055707836,-0.105726028833274,-0.12535987504442,0.000513434709900784,0.14386151074233,0.253297132253701,-0.0770216100344965,0.0019433075885188,-0.0306645050319734,0.144375188440626,0.000763748075676811,0.239270486032814,-0.0929549434231809,0.0127744270160077,-0.0396979669117706,0.155674599254086,-0.0321544379270707,0.0326305257824088,-0.125837541651093,-0.107020249515264,0.0439939752094146,-0.00154245010083138,0.0371835692070258,0.0425914959109366,-0.112307149519136,-0.0182590238948185,0.0241727606393937,0.0119547040234615,0.046167555144199,0.198223201273974,-0.177433993056567,0.0192848399928613,-0.0122861697981143,0.0124481577048014,0.00113433006067112,-0.0599063233944105,0.186901088690666,0.0319272450726865,-0.0712466124873112,-0.125698163990919,0.123447825995567,0.0498856388998427,-0.0131612663746216,0.0709268900889332,0.0961754528195151,-0.120053737510459,-0.0525608012721552,0.0972385610281681,-0.0740099028072623,0.373692103873212,0.0206815189189405,-0.0479622604031836,-0.10393750566983,-0.0261431757125984,-0.163517787989121,0.0491485811617501,0.00182467446799552,-0.0255123694815754,-0.0514987543557003,-0.123907405439581,0.135139285577275,-0.00100681293044378,0,0.132926214359092,0.012851779205974,0.0927938149813641,0.0274715959035097,-0.0615241503411015,-0.0993093327650509,-0.0664405843508992,0.0859133771151913,-0.191816094776457,0.0179966200042182,-0.00747927636308069,0.00637001434989417,0.0191989720867229,-0.095127158900683,-0.00447879891674358,0.1602000281802,-0.234048122618505,0.120576094968166,0.0792551972437082,-0.122239738623337,-0.0771012077528624,0.11778788317458,-0.105661666039782,0.00630124511047844,-0.0104334430655185,0.0660069902529706,0.0326894824173353,-0.108482003115759,-0.0332971755004242,-0.0214751379840881,0.0394971082336188,-0.0741336283002501,-0.176573137213445,0.0181230941794049,-0.140132887190481,0.146022619866229,-0.121871238759537,-0.0654933764944301,0.0714751003782487,-0.11312306029001,-0.039227667267604,0.012908902195737,-0.0463142967086197,0.332354969216659,0.0182642235498822,-0.0823115601093206,-0.045764420807103,-0.0249986577987573,-0.13894549880856,-0.0522525802560617,0.0127968808686691,-0.153456505437643,-0.0300864997768229,0.146467489169575,-0.170930801855919,-0.0900986597991375,-0.00479827073839407,-0.101070673013407
TCGA-D8-A1JU-01A,-0.0683309333013284,0.0207953671918969,0.0140557429142367,0.188622531265878,0.0940068296169332,-0.167424733747643,-0.181100933342071,-0.0926950284176751,0.154898192748335,0.232130450470303,-0.001177916622236,-0.0632063660752953,0.0118826535533387,0.0914682784631953,0.0307884165109631,0.228928611669541,-0.167095675850205,0.157516566004291,0.0167779339732612,0.0202208183424966,0.0776513641377189,0.0203923197321103,-0.139171925712848,-0.0945170082768579,0.0994081509829061,-0.172553440063556,0.065954859732522,0.0490015101406157,-0.0136269770163067,0.0997033693739469,0.148767596191551,0.04197783179551,0.179884924659911,0.222386857692599,-0.214036340425214,0.0806026821791412,0.034256054416118,0.013155485047578,0.0821434491079723,-0.0276719565686859,0.180660969968621,0.00101179839753538,-0.0482170404652976,-0.00435576345766846,0.0619646144193364,0.243825962008077,0.0566261673176695,-0.0765036617157828,-0.111772152829093,-0.0810960356620273,-0.176324501959679,-0.0096436694715748,-0.102505626369651,0.234524546112645,0.0679055076155256,-0.0757357874917138,-0.193880179026474,-0.0635962217715587,-0.134480516410894,0.0749534329581752,0.0377782259299869,-0.175113082008434,-0.0440038188689616,0.00217233971976094,0.0147047793607893,0.0123996650792247,0.132926214359092,0,-0.0218888605633407,0.119405141394459,0.0461154614310034,-0.0043530182499243,-0.228067118829823,0.0420846031681544,0.0999832945131503,-0.118306277770202,0.0900291859429704,-0.0793296461596843,-0.0503650459336608,-0.0105190994001964,-0.0636698974731129,0.179232534980379,-0.0827481071181617,-0.133472396225539,-0.0205861598758634,0.0195119333567103,-0.00984385004903097,0.036604480251234,0.13437544355653,0.0736224659445207,0.0816554503464404,-0.0646178007748671,-0.0504870378563113,-0.153968840253825,-0.0876644305133567,-0.0308923129304641,-0.131016495426629,-0.11014167320725,-0.0226924711062514,0.0533384461382669,-0.00939056069698429,-0.086518464417019,0.150061240737575,-0.0973075691988558,0.0611999154730465,0.197176416461073,-0.0999972756692112,-0.00249158461168301,-0.0209567166136278,-0.0544933657678465,0.152818530653208,-0.00159511826546679,-0.132476428645089,0.0859619824756081,-0.128015626525615,-0.198113369936323,-0.0301743530075594,-0.0672926321197952,-0.166313791379637,0.113235059122318,0.0799597984090089,0.0415149869668541,0.0858810042153305,-0.0545923551639136,-0.144647976558975
TCGA-B6-A1KF-01A,0.0601849825043229,0.0625536508296191,-0.0238451212374475,-0.0504658737327621,0.291531363857307,-0.0464044295142533,-0.0580536543348359,0.297257734196743,0.172878478519807,0.133331298768729,0.0442365825213393,0.200403652909563,0.234281075328891,0.0244293459888812,0.108092738047213,0.0429972844251757,0.015802354083552,0.146467617950983,0.14318954865594,0.273049055953096,-0.0505108211129677,-0.121474793610858,-0.0472706202459869,0.0425989289641032,0.129436365054379,-0.156067849070318,0.0610411855806363,-0.0611999900770705,-0.143085899709248,-0.0342445747255455,-0.0797468284435541,-0.111387018762768,-0.0322340352495734,0.0712905634765446,-0.100456762479153,-0.118805371785119,-0.0672190939469819,0.0401642287015802,-0.0977232494327626,-0.0760996782168356,-0.0662737619632178,-0.0880117276276811,-0.164232022556721,-0.0475415974040779,-0.0612447957920462,-0.0206637432797049,-0.15760967267003,0.261915469271456,-0.126757315134777,0.0588363086474203,-0.122048985354676,-0.123602964346452,-0.0612483836661326,0.153286189894105,-0.0555698750433728,-0.0414146799353073,0.0509270083578738,-0.0710963794347711,-0.127051462738625,0.215449993662835,0.185651722872637,-0.129601917728698,-0.0856194252588183,-0.0321356267433761,0.278101990935605,-0.0943133674640184,0.012851779205974,-0.0218888605633407,0,-0.0676898869912322,-0.110570535950609,-0.0215446832678648,-0.141303088128515,0.04910382468286,-0.093275146875651,-0.177696910930313,-0.0588900620650821,-0.0892441995256198,-0.0714700667440714,-0.0457570770711,-0.0178865883982745,-0.0518312957951321,-0.0339103019600107,-0.0554468268862955,-0.0590418562718156,0.330733955840431,-0.0500514077013217,0.0498884497456431,0.306793572300415,-0.113802776100475,0.00147518849770515,-0.0897126186766646,-0.104720245897377,-0.0314479214732845,-0.0898543700464923,-0.0145122460880312,0.0857636904802559,0.041280604617984,0.17594874137928,-0.135348263096012,-0.0843735664565823,-0.0878555592485284,-0.105428248013081,-0.0475064492064507,-0.0661525765776176,-0.0614932425854399,-0.0503554151839701,0.0117504163529043,-0.140536350267995,0.0899345281906275,-0.0737850535899566,-0.0212273878976501,-0.0955855174941335,0.107822929434164,-0.120348447796186,-0.12701178284086,-0.118547408452956,-0.0815446955025892,-0.070482203742836,-0.0431779348387232,-0.0597989780469242,-0.143751278570769,-0.0454669984146277,-0.109998351163908,-0.0444930640227086
TCGA-AR-A1AX-01A,-0.295767898362645,0.146589420659675,0.10838445929595,0.374605461880998,0.188355674577252,-0.0804195278768494,-0.195173084289216,-0.0518256066810915,0.533378059869031,-0.0104799235566881,0.421035082713602,0.0452405110711807,0.124635823070282,-0.0754120355952614,0.527537894497699,0.00572821500337811,-0.230896016358681,0.151192166169527,0.201088460555934,0.142503422171513,-0.0134833239658225,-0.149534032176308,-0.257084183512018,-0.214488678158426,0.387349037941208,-0.322057035218447,0.00895174341675935,0.12426132813246,0.179547041780228,0.0324650769180288,0.333286819431628,0.277456750143933,-0.0220667343266118,0.00531982885985419,-0.319816088520549,0.502622388630216,-0.199757922753943,0.12087266445222,-0.0821002650191898,-0.103866313224158,0.135625558881651,-0.0799016493137782,0.185405575261837,-0.17730697531868,-0.183697296253381,-0.0705272154080145,0.456966812834314,0.0227847190107382,0.0404134212704356,0.1311804893262,0.0637259966416586,-0.16515178186651,-0.187915858444743,0.360148476198989,-0.107334863659116,-0.217959881758755,-0.160477495970632,-0.201978362335595,-0.254606183590027,0.329266016235432,0.429653991574387,-0.0118222930568506,-0.00170934719834872,0.344942908854815,0.036665938042958,-0.030406738143438,0.0927938149813641,0.119405141394459,-0.0676898869912322,0,-0.185532083762072,-0.162922587598305,-0.218538777918385,0.0996168091363449,-0.0823409831101782,-0.237179134636881,0.149702057040145,-0.120518461033755,-0.0521830963761684,-0.121745081196547,-0.196247373377179,0.285212860786276,-0.0920870611152984,-0.142233155651334,-0.0477683086954546,0.0632290371198414,0.00242248591241661,0.342225383568369,0.105664610738884,0.0370740189030408,-0.199780003210427,-0.318729530535568,-0.191574800208515,-0.164453357195847,0.296722901975127,-0.116068537670464,-0.100016070025848,0.134579357397279,-0.00472153560976223,0.219516255905417,-0.209248139326302,-0.172991529990902,0.186988415720499,-0.140094384748894,0.124691212122488,0.072011208664614,-0.162042368510368,-0.214114459681199,-0.203532426846553,-0.144459515282625,-0.0647370749331676,-0.11169509449035,-0.182825959078131,0.35412606900182,-0.092964331516705,-0.342573107714443,0.102652633132738,0.15660839029915,-0.210084239170492,0.294838085608679,0.202649499469935,0.37805236451272,0.529767788923538,0.444511155221164,-0.251491372444916
TCGA-E2-A1L8-01A,0.0493433516479243,-0.17202878787959,-0.123704546631542,-0.0920966235887643,-0.114606313504222,-0.0567864366128763,0.0657049420475367,-0.0363110442871576,-0.2307650966909,-0.0409332439983901,-0.130683301437977,-0.152934136526794,-0.152323626878984,-0.00305086734273775,-0.167563351153087,-0.0308750126609995,0.10783144457616,-0.144157221527054,-0.101374791130657,-0.158155896470154,0.0753545197080686,0.243116645212291,-0.0129585749944749,0.0569841037483617,-0.149785117568198,0.218429037034574,0.0437727592551326,-0.0686754341720237,0.0178188207221952,-0.146883476498618,-0.0352233336297446,-0.000641964322768084,0.0983233055721883,-0.0222120058022547,0.155658259819572,-0.12254543738912,0.077634481630814,-0.0816847032018807,0.155887525893254,0.00387215454451685,0.0190004357898348,0.105982789920392,-0.0596712096471911,8.79722943356264e-06,0.114522166024743,0.115610213333604,-0.0837941279450121,-0.042124605692647,0.0774866235030088,-0.0604981956647292,-0.0346358238521785,0.135626723316133,0.154893876462153,-0.221302076784602,0.150370523699516,0.0650280212917083,0.0597187503294499,0.0209973812907165,0.0521731754008547,-0.225097343438723,-0.198144479448018,0.0452090287988764,-0.0202693758445995,-0.0776978060944868,-0.161888928893842,0.00421868018545126,0.0274715959035097,0.0461154614310034,-0.110570535950609,-0.185532083762072,0,0.0521237615215523,0.0734558894422305,-0.0364687570193833,0.0803183507077907,0.0574738689887943,-0.106652744975225,0.114993046209641,0.0223941866916614,0.113805279585164,0.0206958863665245,-0.0267215565027554,0.129307888833333,-0.0831840321051969,-0.0149334013019192,-0.136275983881397,0.051723500399638,-0.137690495042931,-0.153495486954164,0.0600352335260503,0.0860193233441471,0.234409889850591,0.111842930633762,0.0451426899224395,-0.00865250860578742,0.118272385017444,-0.0623866659877299,-0.0637259838364546,-0.102816876964444,-0.0293702470255437,0.226283406230445,-0.0415147184369673,0.0013970857672562,-0.0244120882916334,-0.0868375444385782,-0.0125159877177888,-0.0166265674280502,0.0632117861952755,0.22914123753753,-0.0175850811773619,0.0377910699175327,0.0568273274899882,0.134092176391442,-0.175660444506623,0.245455056643306,0.0622802063453539,0.0953934907044538,-0.000664903731961633,-0.0497534548888892,-0.108876460705055,-0.0151470806668802,-0.0544754391974636,-0.17413232934667,-0.101724980597819,0.0459847844440228
TCGA-AC-A5EH-01A,0.0609992762262992,0.00402945409030056,-0.105409081505682,-0.0633314852533222,-0.0989736860823694,0.0149725069867706,-0.0520461355684769,-0.0524560218595617,-0.103495151162942,-0.00388361170010628,-0.0879581222010418,-0.0779944846370501,-0.0350587371793622,-0.0790843995211701,-0.048435733037476,0.00595156898845712,0.0279687380567142,0.0890792294200482,0.082336705459759,-0.0897360267207209,-0.0505282625359515,0.0053445519353374,0.0911639847886325,0.142970587207461,-0.0246989897475748,0.00208168739227636,-0.005733919983098,-0.0522777901053998,-0.0523783701277191,0.13016329074611,0.0360946707625464,0.00280457415492225,-0.0202606928958452,-0.0583239534132466,0.0528995448832503,-0.0665605588313504,-0.0160293242570926,-0.0559535481871095,0.0777858946925323,0.0247703250402907,-0.112756546002335,0.00247873056102425,0.0854662727382029,0.0256520383532341,0.0122096935020768,-0.0136969878179479,-0.0273638506443107,0.00137828911002943,0.0709758940760226,0.201873031856886,0.13241554880635,-0.00892247850627403,0.129660676591441,-0.125814109118715,-0.123342432063486,-0.0118719763923609,0.167395967055721,0.0521420131134051,-0.00797178108295235,-0.117960761624189,-0.04706735223475,-0.137916011600361,-0.0575363215270381,0.146318612141607,-0.102418970124448,-0.0824120283405389,-0.0615241503411015,-0.0043530182499243,-0.0215446832678648,-0.162922587598305,0.0521237615215523,0,0.00628059546611937,0.144438569730945,0.0084573711031135,0.0671159428546168,0.0220751312378125,-0.175449206699499,-0.117005520084603,-0.0847970889402633,0.0152594356714673,-0.0658747155119423,-0.00656915959624001,0.0421693818152484,-0.02901056398923,0.0134599698317069,0.0798088372644907,0.0328456442321654,0.0180756005792204,-0.0147393481212931,-0.0531558029380358,0.00368506685296593,-0.0833469815540347,-0.10017202445506,0.0821799615894514,-0.0644924600480678,0.0088035035199907,0.036495845947273,0.0464819653239289,0.0147979813989521,-0.0303967486645505,0.0181648202193646,-0.062306762563875,0.0534842661428916,0.0944515896413324,-0.0780330931983253,0.0438459284211112,-0.0499223348495785,0.0602920720051698,0.0760969396601484,-0.0589173186115029,-0.128798724823889,-0.0368507358247498,-0.062567726401143,0.0941842056353823,0.0399116720233512,0.0942390325926224,-0.0353445937693465,0.0633322982969225,0.00841970604766106,-0.183829863373889,0.0516991544015383,0.0303366917931437,-0.12879799910929,-0.00851049073030895
TCGA-AQ-A04H-01B,0.0153516225885499,-0.00509553872940369,-0.0468032940588159,-0.213616804211947,-0.166892598626641,0.206422464437813,0.172578293300618,-0.0542784063080975,-0.351079380084616,-0.339635953071035,-0.218130430602435,-0.191558943987242,-0.255939571968907,-0.148832161396026,-0.257343130395399,-0.284690558941356,0.188554688789173,-0.244882969910338,-0.136563218992086,-0.150119762175415,-0.148970564456407,0.167008915085537,0.169870567510418,0.209775918682484,-0.209577457677158,0.316483503056971,-0.118954360424048,-0.0704315098769769,-0.0678744852476367,-0.0752802323294163,-0.168742524894254,-0.183884785666099,-0.198417983898033,-0.225680365914754,0.385122983391655,-0.12947817655965,-0.0523822756966783,-0.13583193271433,-0.0594155951406266,0.0656135489130277,-0.0140321741705868,0.114335436727945,0.124998025425188,0.00390192259524185,0.0729578114677667,-0.0932603531930457,-0.11361873107426,-0.0667845105558305,0.185250822744353,-0.0213300376370798,0.25506659413712,0.170167478883258,0.150566743821484,-0.340237236925044,0.0578901987617395,0.130464516840542,0.141013724153246,0.0375364237522128,0.245894423215763,-0.325939339803514,-0.282594012923435,0.269182021766468,0.0398915518629364,-0.188867303041978,-0.235747035550051,0.118114993881466,-0.0993093327650509,-0.228067118829823,-0.141303088128515,-0.218538777918385,0.0734558894422305,0.00628059546611937,0,-0.101523059919713,0.0191617099626807,0.209779667731032,-0.126716425463584,0.164713903364936,0.208541567656727,0.147164960194199,0.10305886158688,-0.288424378629637,0.194012307554778,0.172750703689814,0.108856712139403,-0.187587728969813,-0.0718041086726908,-0.228195307226424,-0.367031134458354,-0.0647276655849971,-0.0703483866114732,0.19305772414125,0.224904376274407,0.235408996106823,-0.118965728697957,0.00122325963139094,0.221922644305506,0.084263390805055,-0.113261753426296,-0.166650419610428,0.0735231971091869,0.176633661824753,-0.0646671526221368,0.127854714324134,-0.141193029574475,-0.116056519964253,0.123049999914912,-0.0278903923860601,0.158484492025582,0.0267518367372725,0.0327526946752247,0.061434908420412,0.257853480459201,-0.26208430027722,0.176950059518082,0.37240518866955,0.0582788351471646,0.081796506880027,0.2244848738585,-0.190726394124179,-0.00464561263014531,-0.133619831282668,-0.281134076441722,0.0724715948801012,0.189127520796318
TCGA-A2-A4S1-01A,-0.225325029895826,0.0204898693113441,-0.165408615464949,0.0752043789646368,0.168828574120441,-0.0673016457159197,-0.164390939038666,0.0809061369149087,0.203656853649748,-0.0225429683021648,0.197616238504118,0.0885569135219728,0.189102362375471,-0.11219979788872,0.243871558608575,-0.0717714405432097,-0.11317841801251,0.0883968613944444,0.257761058847147,0.183821991044064,-0.142231527905617,-0.0495036686491437,0.0767254684687119,-0.129987714150337,0.308650786294045,-0.128614488058277,-0.0938342738685446,-0.159981980738122,0.00361172259668771,0.145061120749802,0.0770566826967425,0.15608863643689,0.0110535566179583,-0.0210146795720424,-0.0119523943313424,0.194923509188928,-0.184732999223304,-0.116680737011422,0.0316454379916397,0.199190154507507,-0.0398566970061114,-0.130281116955989,0.158394021105383,-0.170353350229003,-0.135569395790516,-0.032398681448128,0.139673169593103,0.169260738723948,-0.000908828306859719,0.133681429207753,0.0229214396882391,-0.154969145009054,0.0121412450429492,0.0566751557784351,-0.280629806976173,-0.0785399383539402,0.263460234635275,-0.144721996832961,-0.145423748017199,0.162092213185464,0.278707138762255,-0.0727753696088768,-0.166411141085234,0.248223480981958,-0.00877823039356464,-0.136571458681854,-0.0664405843508992,0.0420846031681544,0.04910382468286,0.0996168091363449,-0.0364687570193833,0.144438569730945,-0.101523059919713,0,-0.145325160726012,-0.0078588340444944,0.0571819867212016,-0.234362408179517,-0.129078776484344,-0.148376929377793,-0.128579637888023,-0.0720114676886446,-0.122668652669656,-0.103369085598368,-0.118388305240916,0.169496695374546,0.111420124650465,0.269379295533507,0.140974123213353,-0.159569041171159,-0.181753120761467,-0.174933891367465,-0.148875449188847,-0.142731739547138,0.176752056671269,-0.178668858256363,-0.0959437248048856,-0.00323207196935383,-0.0267716940386715,0.122599735884511,-0.105390118071016,0.037137931995694,0.0200367363678151,0.150153221324629,0.185233496678429,-0.104953563072619,-0.10313542836914,-0.265339032366474,-0.147607623102607,-0.050201389654121,-0.203981191641962,-0.24409753179428,-0.0274268154184763,0.248646183667738,-0.00648269489604509,-0.129954683723311,0.138963972785288,0.0665420893790615,-0.141090552377114,0.109237086406267,-0.0729338897719003,0.263903720074533,0.334279089044683,0.0912916120713514,-0.0709284620456838
TCGA-D8-A1X8-01A,0.0421417794961142,-0.144954364883395,-0.00800143983545837,-0.0469746175950526,-0.17350758072913,-0.0872303899291074,0.0361904320532636,-0.0660765564486817,-0.0983555956664927,0.128971057006699,-0.0746271168773952,-0.0779945295820603,-0.118566838011873,0.0828220261593105,-0.163132611271051,0.108496933659303,0.0283645304173765,0.0118608003093812,-0.0809102007044191,-0.196889431319963,0.110618486799462,0.166445845628175,-0.18483946681919,0.0307466436103922,-0.168246505376667,0.0808661313319508,0.0489792413158633,0.0163975074577794,-0.0100375601687964,-0.0762019949183407,0.0438883844975533,0.0692779450678346,0.128499314668421,0.102723824432013,0.0683098024136827,-0.0958357812405974,0.0253712499060836,-0.0359764013906987,0.0495113984332989,-0.112177072878866,0.0335546671506919,0.196454035244691,-0.0277523851205097,0.103108263619535,0.225462882101895,0.253234302333926,0.0185131339202055,-0.0971926968326422,0.0360294812209282,-0.08739338859711,-0.0333033132032968,0.070977297555975,0.108454759793673,-0.00143986864296271,0.165065237784174,0.0094346173871844,-0.174739599884163,0.140237327277487,0.0333579600023922,-0.0717059165941939,-0.179816156298725,-0.0355321165477723,0.0131735334912819,-0.0714019758309052,-0.112449538239966,-0.0365699196364858,0.0859133771151913,0.0999832945131503,-0.093275146875651,-0.0823409831101782,0.0803183507077907,0.0084573711031135,0.0191617099626807,-0.145325160726012,0,-0.00109259341737964,0.0172896005056867,0.0739659575043689,-0.0688377197996856,0.035002850836385,0.0525255584336093,0.0514135173602347,0.0635923342990802,-0.0370322891744947,0.00163459894849362,-0.165835103115236,-0.0469152333218581,-0.0629674439418404,-0.0542561047879919,0.148912716563828,0.1143814133556,0.184215088832612,0.0581719651717451,-0.0244310244161193,-0.0688035031950848,0.00687516132781792,-0.096804928949977,-0.117988577101297,-0.0190379809765542,-0.0811558315269168,0.195990921616272,-0.0330554951035755,-0.0188594704161872,-0.122324500763783,-0.121136266220945,0.163980108537735,-0.0577220111820744,0.0791206178014381,0.163770801847388,-0.0803464564326402,0.127572389794517,0.0705008505874041,0.0473086576656263,-0.074748469485296,0.0980457748031365,-0.00657822339508968,0.0226385840376441,-0.109265475747388,0.00880204063563722,-0.0255744524206316,0.0424623542088505,-0.137900627191411,-0.110354485407883,-0.157111520120503,0.010318019805203
TCGA-LL-A5YM-01A,0.0665496193611542,-0.0620993508695657,-0.0832336383106695,-0.0992516795531534,-0.227084881201999,0.112179633946556,0.109845723245016,-0.148016498306322,-0.275911465488653,-0.144740980320942,-0.159474057023062,-0.126748893049583,-0.105295273016997,0.0122931741810497,-0.199435107357796,-0.108495666336743,0.0562415101026124,-0.144007177868008,-0.0519196478931547,-0.212369421027486,-0.0295134684795801,0.0310940759011267,0.228031705379835,0.122963377443204,-0.188806183702437,0.189927449281568,-0.182519579434898,-0.0563610129130409,0.0161835553143283,0.0966230633442506,-0.148033169256452,-0.0490962101218769,-0.0179648689294472,-0.130305204263984,0.266835318590568,-0.116549374794033,0.0515955097852345,-0.0975537175444173,0.0262536375848038,0.112925129641072,-0.134011747055811,-0.0747353435170787,0.0633268354757956,0.165948095668754,-0.0445991922649777,-0.0626034752096039,-0.0137228295149438,-0.174151267728462,-0.00348297093302448,-0.00378010997242969,0.0646301538425822,0.0570964499019407,0.170372166398395,-0.252212850487735,-0.0760892197746895,0.114860198576992,0.108174892713498,0.0458583938737075,0.274298560491503,-0.237423475134018,-0.225456286693514,0.0515514971204408,0.0555471426029712,-0.0211786359257062,-0.223004263223244,0.0703783176790261,-0.191816094776457,-0.118306277770202,-0.177696910930313,-0.237179134636881,0.0574738689887943,0.0671159428546168,0.209779667731032,-0.0078588340444944,-0.00109259341737964,0,0.0269356206140346,-0.0144559199765662,0.0427032617011524,-0.00755075775096545,0.111149220013325,-0.159250816167925,-0.0536757938228111,0.296804041970837,0.0253768981800925,-0.164198111470805,0.0994943621918305,-0.0709877547124835,-0.21300276633639,0.0558093393071176,-0.0461928047916616,0.176091426015408,-0.0210687108878304,0.0907499575309214,-0.0355156447663781,-0.0245726468936448,0.00691745020665675,-0.125547292273558,-0.111672042396773,0.11711110967843,0.0353952249406022,0.194922622501957,-0.0964932912019207,0.115256736528485,0.0389080545263855,-0.0579064350021254,0.175560666893372,-0.0159792761466995,0.0971886776465729,0.0163330202410156,-0.106235038613713,-0.0543236588515188,0.116393880324286,-0.126543411400601,0.0652205278957793,0.315112869195845,-0.0208279386673028,-0.0391239092800008,0.30749870067537,0.034225127926078,-0.125962575967763,0.109680858167071,-0.0743628750988732,-0.12133573354043,0.15060338852055
TCGA-AC-A3OD-01A,-0.0113946211370658,0.0654335288602451,0.103296791340075,0.0641013555779849,0.0938280277927529,-0.101001794590332,-0.195351638828736,-0.0596268175473591,0.186583701399818,0.0588831565439604,0.10375507314427,-0.0237205573803935,-0.0226259983514472,0.0294036538885451,0.225393107982798,0.136397751953393,-0.291381866871153,0.0222925761013922,0.0585289944955407,0.00125211049386606,-0.0467515563388825,-0.120377953520382,0.13621611864159,-0.0449949498884008,0.19962621089375,-0.162507178962671,-0.0453322861843909,-0.0566885933443077,-0.00736431140688733,0.358227641373568,0.160762216976138,0.111947487535437,-0.0028424393770078,0.141432206380293,-0.0636744140322604,0.246747358708209,-0.110170807577501,0.0519980902326335,0.06532466697314,0.240386489078375,0.0329710183402739,-0.223861734089484,0.158381971181414,-0.054925890472119,-0.0872915039587674,-0.0775912943354142,0.224219402413855,-0.110476660402176,-0.0970010969803371,0.0274440319738741,0.0259044345209536,-0.172742949256902,0.00561112134523867,0.128910245638898,-0.133438470767335,-0.111998236062922,-0.00499635686669039,-0.103055847827,-0.121201450772293,0.135605205467868,0.133144515241956,-0.0672336644065082,-0.0732907178695946,0.131326009603687,0.000537347501048318,0.0458774544376592,0.0179966200042182,0.0900291859429704,-0.0588900620650821,0.149702057040145,-0.106652744975225,0.0220751312378125,-0.126716425463584,0.0571819867212016,0.0172896005056867,0.0269356206140346,0,-0.107611951667098,-0.0521509343932608,-0.0899082487357732,-0.00519248526913887,0.0984704976568225,-0.129442084436849,-0.0171873409775812,-0.0286314954452807,0.0280571838023771,0.102480889500742,0.0848919526683995,0.0434935988955966,-0.0617571392606442,-0.118966610623836,-0.138876377087173,-0.0927991592949497,-0.157257426463242,0.169124982432119,-0.224344521228685,-0.0150402750413443,-0.0537369922911389,-0.00858361706237054,0.196858855840306,-0.156062151215533,0.0917115754069904,0.055428408554354,0.0936871964933883,0.223407703731516,-0.09192485885318,-0.142399505712596,-0.0374823214152071,-0.112411968694002,-0.128108628351726,-0.0874012307954057,-0.0633192051310953,-0.151700631234171,0.0657018647800295,-0.152789542566007,-0.043711744330565,-0.0323304404289686,-0.11234880645581,0.0977065244305964,0.180021936735284,0.0892261582470151,0.299781030836738,0.287534986781055,0.1342078945573,-0.0859626644032264
TCGA-AR-A0TR-01A,0.16776229445761,-0.0397838398306629,0.0443297121937048,-0.0944148566410788,-0.0555798660988833,0.0308012893601352,0.0726023612600446,0.00648345258342874,-0.226318747626401,-0.0754274416726065,-0.209046266186201,-0.115061279614986,-0.244802957904181,0.0557568693331832,-0.175779077375937,-0.0865481985629107,0.123877910392996,-0.1784335161877,-0.294645987819655,-0.0575650652816393,0.124790365492899,0.238945916908409,0.0455678979344431,-0.00264244075426722,-0.189672562894474,0.271483620318882,0.0923457258156142,0.0819414858798521,-0.0800269608887408,-0.194071978615235,-0.203918974379433,-0.216702450062088,-0.0614764278112121,-0.0221932497679831,0.0868899391456635,-0.0816115411162532,0.105329414074048,-0.0176321512958911,-0.0345547939342624,-0.000536224264010631,0.151829829617537,0.0340990689336977,-0.174920320372989,0.0399180027506122,0.0703250953689024,0.0668904548722694,-0.22270762141894,-0.0962951625903927,0.0688180370697871,-0.171658590442326,-0.0168544308983913,0.169081540210943,-0.0858735086567731,-0.195942370764616,0.183483431362003,0.0982888575482937,-0.0818917464765813,0.0483778926555194,0.154862994378656,-0.176068322766922,-0.242387407357425,0.207366363991893,0.00787285720520617,-0.324390324715841,-0.0715499531413276,0.229687299794702,-0.00747927636308069,-0.0793296461596843,-0.0892441995256198,-0.120518461033755,0.114993046209641,-0.175449206699499,0.164713903364936,-0.234362408179517,0.0739659575043689,-0.0144559199765662,-0.107611951667098,0,0.167330328639664,0.145896076185586,-0.0400562556800331,-0.0928905535404781,0.218273217558785,-0.0788317826087058,0.131238298403431,-0.0851660769546003,-0.127598934099537,-0.345707814121263,-0.225071629075274,0.066544976553368,0.260630004930457,0.207304727839963,0.284024640618656,0.182394681628953,-0.146439882687065,0.0609712478310809,0.202145125448259,0.0322890474273688,-0.0257898044597364,-0.0880025556854705,0.106634929353951,-0.0210986982896323,0.10065941571433,0.0429787898156489,-0.172871518942907,-0.0496806610465243,0.0802110864583834,0.189738071862374,0.172430170682931,-0.0387324975125535,0.150693645702754,0.276408306442744,0.0241367570206129,-0.237123665701378,0.05948614418183,0.11120573988304,-0.053825014219932,-0.0107674814578819,0.0321929733274439,-0.3157665739694,0.121756929932188,-0.224217819859267,-0.336764074033572,0.0142400714463278,0.106019652508302
TCGA-BH-A0DS-01A,0.0803337247770229,0.131514547521755,0.119509995422873,-0.0948816734876934,0.0361500915002962,0.0991263953356496,0.0417434022785813,-0.0918573502372117,-0.169923165145608,-0.260878260770111,-0.194399478652147,-0.142706203771242,-0.167921899662155,-0.0608122383657612,-0.131851617466869,-0.121866611732955,0.0390884209770223,-0.144342508861675,-0.137008041119714,0.057964930433599,-0.144617994293814,0.117401980399566,0.216023678541237,0.106623069483869,-0.13463934463831,0.217507048044948,0.00592518637608958,0.0391142451939982,-0.124984590410554,-0.0542100732453883,-0.12088096527476,-0.278907599944847,-0.19232188133276,-0.0521168056561674,0.0947249547385461,-0.0418788414503186,-0.0125789387720953,0.0592646278378907,-0.0359840039815056,0.157454329844904,0.179147441841806,0.0526127071381315,-0.0960538033735538,-0.0379690398233247,0.0773871767834343,-0.0954486735698454,-0.153340765028406,-0.0835837378267566,0.10025172098048,-0.0895558390765579,0.0987020539997921,0.0904705218596659,-0.0641869465114502,-0.159422027607258,0.0633733831179101,0.0440261707515071,0.0743801492426467,-0.044729028984412,0.0323727217282668,-0.131945866386192,-0.171297649559204,0.224724100192292,0.0295051627403216,-0.196423568114865,-0.0388734021214492,0.284507237307871,0.00637001434989417,-0.0503650459336608,-0.0714700667440714,-0.0521830963761684,0.0223941866916614,-0.117005520084603,0.208541567656727,-0.129078776484344,-0.0688377197996856,0.0427032617011524,-0.0521509343932608,0.167330328639664,0,0.213667846298013,-0.0218994835252586,-0.0736748715806298,0.165512965692673,0.0277263080110513,0.201624822809822,-0.0342313790080644,-0.136597164857896,-0.275299495047927,-0.204245962837985,-0.0511228312685462,-0.0470596572760084,0.10073720847777,0.258938777635127,0.160403289892632,-0.183292864684088,0.0611999767075493,0.224731481894041,0.0900062130999943,-0.19042608174887,-0.171421730287474,-0.0548504204076351,-0.0271040521210493,0.0891018145791745,0.101617410157404,-0.10564268353492,-0.130445850557583,0.115213111621408,0.10700307136861,0.0568898881868163,0.0625497534657239,0.11729252357006,0.272992217912353,0.0664083265444023,-0.192773269413141,-0.0354907336986371,0.185689721485301,-0.124405460895323,0.073378660013779,0.0507407750523679,-0.145024523560047,0.123171186991084,-0.14532522018971,-0.236997340343349,0.17029526486303,-0.00393401570446181
TCGA-B6-A40C-01A,0.122450488086768,-0.0507153983778593,0.101976759107805,-0.0657869947443529,-0.0935231564233285,-0.0554285430588913,0.135685616539015,-0.0448781479770101,-0.245796928492798,-0.15073368098433,-0.163531947783282,-0.0882324593415523,-0.120164283312038,-0.0166766809344762,-0.252922639777752,0.00930133203209451,0.115813299030411,-0.0930169030614024,-0.181309207925346,-0.129884717807633,-0.0337486142327959,0.0818356508989084,0.0866384081415365,0.0934904974766519,-0.170754253655429,0.171908340930838,0.048839946398983,0.011922574744225,-0.0515424647525693,-0.0512942012654434,-0.0652950392389175,-0.215301266922618,-0.0773136477820982,0.00318440312006678,0.104498183101043,-0.159645930943168,0.0884011946914855,0.0238244331816045,0.0758418572319183,0.036784759955526,0.114321487686785,0.160108791278728,-0.0258650116809275,0.00559860369481353,0.218744312503257,0.0164617747232718,-0.0581149059105209,-0.0975942391014835,-0.0235143398411414,-0.151249051068185,-0.00456034591268227,0.0781230069861689,0.0406145571177648,-0.109075169833326,0.202667556792273,0.0307532743112764,-0.0245906517799611,0.0311510200066922,0.0687616263057543,-0.154099648602518,-0.15335910274857,0.129487076817574,0.0603440621674759,-0.220781768332316,-0.0635135284448137,0.0555376062990001,0.0191989720867229,-0.0105190994001964,-0.0457570770711,-0.121745081196547,0.113805279585164,-0.0847970889402633,0.147164960194199,-0.148376929377793,0.035002850836385,-0.00755075775096545,-0.0899082487357732,0.145896076185586,0.213667846298013,0,0.0347322066145506,-0.030813580782686,0.0858543799520586,0.011056507670706,0.0102093995588852,-0.131101820116023,-0.111902880456552,-0.253818401939448,-0.168880831153259,0.0282279697677276,0.0734848329119681,0.178962873845298,0.180892482912284,0.139334480348713,-0.0919615109256477,0.126476644694371,0.0381756087022724,-0.0203890827856879,-0.0744597199811769,-0.167215130605691,0.0957137399541122,-0.0335732200877307,-0.00142411131590614,0.019421911056775,-0.138435292816647,-0.0282712639794978,0.00797982671873038,0.146178813586002,0.148463755539513,0.00995764880909911,0.0899268018989079,0.232934866950697,0.100174834606226,-0.174178024621854,-0.0198293177593158,0.148869193053425,0.0047722612675179,-0.0605308011512212,0.0104624882489161,-0.0289530426216099,0.112378355332483,-0.17940803672098,-0.238651346774883,-0.0166154960841108,0.0499464190067079
TCGA-E9-A295-01A,0.228373060065734,-0.145503813791805,-0.0751325407453571,-0.0965435954895448,-0.152609250691591,0.0891857235147811,0.1740204652545,-0.0354175415583205,-0.199680893996735,0.0458520284318936,-0.119453718364065,-0.03008368075235,-0.085503220785632,0.0235290210191214,-0.138692130524623,-0.0330054524264399,0.0988101234154253,-0.0736294329278739,-0.112351864068774,-0.201949058189547,0.10984346524611,-0.0522326294427979,-0.0163179926010999,0.135629963997364,-0.160158810696683,-0.00576528617485933,-0.0569946134354126,-0.0121366407496118,0.0867466284109553,-0.00431089923331981,-0.0155904672848777,0.0765140387178813,0.0711035285521553,-0.0630673149333514,0.118386262191474,-0.142050605836153,0.0263948285431601,-0.00584536113461192,0.15496554539883,-0.103778411073191,-0.125471717713959,0.072176459958847,-0.0753818739524451,0.148206494050036,0.0694261209386151,0.0198555967566455,-0.0772316469325328,-0.124972051892048,-0.0909520488596175,-0.030863606047948,0.0517118361298784,0.0021935427686892,0.254043275005198,-0.202597566283232,0.0893181000078259,0.0762142401484138,-0.0829779993999107,0.147364393068258,0.130915215344281,-0.164401256937443,-0.229132216753473,0.0238954949204301,0.0674564126897643,-0.02868215093267,-0.118188652675842,-0.0109484596485479,-0.095127158900683,-0.0636698974731129,-0.0178865883982745,-0.196247373377179,0.0206958863665245,0.0152594356714673,0.10305886158688,-0.128579637888023,0.0525255584336093,0.111149220013325,-0.00519248526913887,-0.0400562556800331,-0.0218994835252586,0.0347322066145506,0,0.0220868854385663,-0.0253440318887557,0.232896451163535,-0.0133181654730582,-0.125490172146981,0.152027856455939,-0.0558757817555001,-0.0536723748752356,-0.0280566470892666,0.0743687649303538,0.034754416477008,-0.02961433261163,-0.0028634455752089,0.00532326846171132,0.0632489456765002,0.0274833520054586,-0.102238428693883,0.135974351422862,-0.0463316286884803,0.145711472051616,0.0664318082407376,-0.167057038904857,-0.028771816091453,-0.100721590899715,-0.0083176388961187,0.0556070619163724,0.0680222580286215,0.117688436675947,0.0442704657600616,-0.06425857895711,-0.0274428925063144,0.141914366338887,-0.160015702123494,0.0473161412623486,0.12795385558878,-0.019521824965158,-0.031347148902046,0.150226135288694,0.0502806007676858,-0.0257452514332342,-0.089968520886676,-0.150304171806188,-0.165125327157505,0.0805207949620954
TCGA-E9-A1RA-01A,0.0266836988331779,-0.0472735062405113,0.0961807634982456,0.217736333311978,-0.0373345990548829,-0.164845640427822,-0.0485488131076751,-0.0587627747017122,0.227585431210663,0.171871963809919,0.21027882207303,0.0511125875174781,0.108602768207494,0.0849838141202128,0.210610544953257,0.175605574268848,-0.167145482520621,0.116556088089698,0.0631623119308691,-0.0840077018293704,0.212771803855436,-0.116855638898998,-0.266193573165664,-0.130757906710812,0.128968500545501,-0.245266869392884,0.125843481222357,0.039940718039599,0.198984667815229,-0.0435220132494908,0.254777473122271,0.267976983946298,0.1759857483765,0.0896679447524,-0.262941987926505,0.156922365842825,-0.00832610382049286,0.187562651693781,0.104967882445636,-0.163912166944846,0.0321949507018517,0.0381434383130089,-0.00339479497462882,0.0544202254455033,-0.0227344801504327,0.0757064795715289,0.243603833181714,-0.0820213310584828,-0.0993458413463466,0.0593409866397909,-0.127526128035623,-0.123347097284686,-0.0380352241014457,0.118610588273386,0.0838447677211943,-0.10251810341581,-0.222316637099486,0.0738646188857525,-0.188086277819738,0.194671859396664,0.140865780632221,-0.142185158033928,0.0396752387423607,0.267071290001963,0.0320621160713006,-0.0540382082770475,-0.00447879891674358,0.179232534980379,-0.0518312957951321,0.285212860786276,-0.0267215565027554,-0.0658747155119423,-0.288424378629637,-0.0720114676886446,0.0514135173602347,-0.159250816167925,0.0984704976568225,-0.0928905535404781,-0.0736748715806298,-0.030813580782686,0.0220868854385663,0,-0.131266449895976,-0.088350611436216,-0.137106719427354,-0.0533462789526676,0.110690776634406,0.241710629875568,0.187570387126883,0.152478980818796,0.0337232541758811,-0.113231707392548,-0.144432566444444,-0.209916637594731,0.133473498083044,-0.00242339131456945,-0.186543227040521,-0.0489072566401835,0.0793102685327643,0.210923820831492,0.0282154455662004,-0.159720428126435,0.0314512588482579,-0.215329376528024,0.0138107807640517,0.151159515264163,-0.127172619101468,0.136527839710633,-0.0641830236524718,-0.0406235413960981,-0.0219582857067139,0.0353059021525668,-0.138864281890343,0.165203530730813,-0.0785860229468136,-0.256315714274946,-0.00860055878872648,-0.0796196679421451,-0.0760150957347941,0.254559982912718,0.0271213859695887,0.14429082910435,0.281314307315045,0.0490439978120701,-0.179755402167646
TCGA-BH-A0BA-01A,0.0306298188506057,0.0595092294379167,-0.0695284314917272,-0.20568902995153,-0.0047702015902535,0.112068864858479,0.046597722499011,0.00482059308456243,-0.186388570279782,-0.06385416683,-0.174280797517548,-0.137255027705194,-0.218878477444836,-0.0585930608741088,-0.152758239200588,-0.0549974593778657,0.128991350195361,-0.157350047512389,-0.161469933943631,-0.0320613452970079,0.015530658602616,0.261282708345901,-0.0556066174609262,0.0986679791775468,-0.156185992968472,0.250198679269159,0.0269788991141529,0.0276539730042462,-0.087406037439954,-0.186157741134781,-0.127214062502986,-0.115155948144403,-0.040473817806727,-0.0334849023741395,0.144844532047932,-0.10210578298658,0.00463542533753103,-0.0799234260153392,-0.0393424572232403,-0.0233121368262958,0.165432050360996,0.0508689440289614,-0.0468042512064068,-0.0690390959104279,0.113698784763351,0.0473943002043617,-0.136181670146771,0.0086582078277236,0.213572784909955,0.0190567336984589,0.124463291323275,0.190445028478538,0.0343495261566366,-0.121582014386168,0.0759153665797416,0.00118635923333815,0.0143916717227062,-0.0306314355736145,0.0859221357597862,-0.228322166880363,-0.217648455282493,0.0771114892433886,-0.0289708860857974,-0.149740163559372,-0.145871809883563,-0.00112235262693775,0.1602000281802,-0.0827481071181617,-0.0339103019600107,-0.0920870611152984,0.129307888833333,-0.00656915959624001,0.194012307554778,-0.122668652669656,0.0635923342990802,-0.0536757938228111,-0.129442084436849,0.218273217558785,0.165512965692673,0.0858543799520586,-0.0253440318887557,-0.131266449895976,0,-0.157379991327147,0.232900111593952,-0.103378330184027,-0.0894558127249132,-0.241147011472598,-0.219954109502644,-0.0472745256902585,0.0418416456710685,0.17803376972993,0.192311870602804,0.184551292534814,-0.0931712072736653,0.0499218453955891,0.17394861919251,0.155523033927873,0.0124981615632056,-0.197462734040018,0.169912149204235,-0.0892116768905558,0.0665474575042188,0.0337124185359843,-0.15863665876263,-0.0370422837663978,-0.0292940287247833,-0.0302605826569526,0.235285068791665,-0.00016589094659278,0.185661403472199,0.0862338858049204,-0.00367286992498905,-0.214531188286611,0.224463557501345,0.0466723287195807,0.0542611425392049,0.122354832582488,-0.042024993722721,-0.214234729220855,0.0654896264577396,-0.180633104417542,-0.236470251048169,0.0276125277230807,0.0249750873675425
TCGA-E9-A2JS-01A,0.121835795597159,0.0086160414987745,0.0935689067000773,0.00511385112236949,-0.211449918166523,0.211918300431079,0.184205485844257,-0.126496845454987,-0.206526958254185,-0.137871744610489,-0.124342408109935,-0.0745826796033045,-0.0683002264177767,-0.0355954760227173,-0.224151551166661,-0.109574419696854,0.0856170505307582,0.00188385137591536,-0.0298726518844649,-0.191678954726338,-0.0143923363806218,-0.149002616486655,0.179916378001396,0.189186679204433,-0.239222109845428,0.032213778197208,-0.0962807197705135,0.02599766603752,0.0362495065439494,0.121342496775863,-0.0612567546758563,-0.101621465200102,-0.0310510083668312,-0.167971393557342,0.0748721353781784,-0.12635735083341,0.0836159487101374,-0.0106661890447379,-0.0661833915799664,-0.013760293968524,-0.189645274792868,-0.0146120442678351,-0.0305384659754696,0.205978122191493,-0.031380062672669,-0.120557252009935,-0.0310034420891754,-0.147706569376242,-0.0963950831884469,0.0783570016663482,0.0780768039238869,-0.0247516242771917,0.121468129358339,-0.138919706630241,0.00861054505584905,0.0961410658228585,-0.00951281234639931,0.0453418105336849,0.232016946754166,-0.12088207675056,-0.194476235534796,0.0536191354137833,0.172579149017319,-0.0588322402883642,-0.0918052348808974,0.0720828982998859,-0.234048122618505,-0.133472396225539,-0.0554468268862955,-0.142233155651334,-0.0831840321051969,0.0421693818152484,0.172750703689814,-0.103369085598368,-0.0370322891744947,0.296804041970837,-0.0171873409775812,-0.0788317826087058,0.0277263080110513,0.011056507670706,0.232896451163535,-0.088350611436216,-0.157379991327147,0,-0.0117112154007038,-0.113709696657684,-0.0113845933250366,-0.0929166467607363,-0.134194272717407,0.0648471125538495,-0.0341612743912477,-0.00733045093080871,-0.0791434090424963,0.0864965735948034,-0.0845442551187193,0.0544987182121516,0.079282263139159,-0.0399567191072727,0.0599624873295075,-0.00428575504752976,-0.0675726442410559,0.244489439682221,-0.148442590722392,0.0569707584714802,0.0285197057523631,-0.0338868048699245,0.155349002676095,0.0508606755624792,-0.0216055752117492,0.150099254217412,-0.12385093791875,-0.0123979856551613,0.147651869488577,-0.050428897854282,-0.0966251352784745,0.258652371233457,-0.0647003354943063,-0.0282484566999742,0.360221604911585,0.0808595281032711,-0.133918163784666,-0.000288057299960113,-0.0820966700594186,-0.0716877716766829,0.13956259775878
TCGA-AO-A0JA-01A,0.102981073091096,0.274428993746829,0.0473653027281247,-0.137487200696892,0.0328653677740381,0.171866941571334,-0.0280195718004157,-0.16239903901278,-0.15253696089991,-0.110528912325866,-0.215893117350158,-0.167420079760429,-0.175061090515741,-0.0525256066145703,-0.127423166782992,0.00370348580151844,0.000396434430409288,-0.074596883267805,-0.131862916769549,0.00954242497880691,-0.0624565202490682,0.0611888350015427,0.0653093758050444,0.0758137020272854,-0.121090849651546,0.233338986223833,-0.0257529613805485,0.201725044710888,-0.120453935163747,0.00382417683624858,-0.113321842852854,-0.219665852290549,-0.160999890789856,-0.0534751378642237,-0.000275349421812607,-0.0326856280273343,-0.00179301220336532,-0.0130620399842189,-0.0616409544343823,0.0273059594084321,0.18327297959544,-0.0384715708592031,-0.0409302284909519,0.0455818764348154,0.108109079304959,-0.00266724568062879,-0.16228246839516,-0.120280093988471,0.158807651530129,-0.0527670649482582,0.139365679476704,0.264421711505234,-0.0834090261559013,-0.049484564294714,0.0117345368229542,0.0390407511070049,-0.0696258024447988,0.00167805297336112,0.178096093486439,-0.127184670167257,-0.151900017419469,0.00678395259891427,0.0929882255627003,-0.209852982884988,-0.101208111665454,0.103618645960347,0.120576094968166,-0.0205861598758634,-0.0590418562718156,-0.0477683086954546,-0.0149334013019192,-0.02901056398923,0.108856712139403,-0.118388305240916,0.00163459894849362,0.0253768981800925,-0.0286314954452807,0.131238298403431,0.201624822809822,0.0102093995588852,-0.0133181654730582,-0.137106719427354,0.232900111593952,-0.0117112154007038,0,-0.0279233644354075,-0.0347762825709544,-0.28074620727113,-0.157023384808239,-0.0352663141609547,0.0366973274699488,0.0307726841672701,0.131668051009119,0.219263791699317,-0.127857800794645,-0.00131198236575984,0.266749147761743,0.150531236527523,-0.064478033067441,-0.145419342211525,-0.0864100742263042,-0.00525990698423721,0.145855199966701,0.187563240765773,-0.0329307224189965,-0.0334554312028729,0.134276275586125,-0.0262587098922962,0.0637418081094627,0.0669776378070193,0.189361539401396,0.0746672369374935,-0.148595071034564,-0.158065090474025,-0.0213066276148739,0.139989330199793,-0.107296851980178,0.113119859592542,0.0339409925803705,-0.13685443235424,0.0328384646702532,-0.180271033641109,-0.203285589307732,0.0441204983113803,0.0136249828109282
TCGA-A7-A13D-01A,-0.0667735045460685,0.148306929925202,-0.0280587144692068,0.0146787636856544,0.358998375391991,-0.0794785795477509,-0.159452356681519,0.298424948142745,0.366912977161292,0.101273928021577,0.134182426530925,0.221921713220489,0.33156109340514,0.035215718234854,0.274619104346441,-0.0133872731242319,-0.171717261754431,0.19385403904618,0.244443467005123,0.421082557411954,-0.0722647675339905,-0.15974332757604,0.0435575876126068,-0.0752169692567711,0.299405925092689,-0.214689461695005,0.0641289237034392,-0.0251098269181546,-0.158748649302849,0.0623426998091583,-0.115981828934935,-0.117384618303614,-0.112746294038397,0.0709263306741076,-0.227823853964007,0.107865427337347,-0.139962495080522,0.0597506201026194,-0.0911907441519774,0.0146089122131928,0.0144485575220301,-0.179085504473825,-0.148219920698575,-0.137364835800985,-0.157534008444772,-0.101918229414988,-0.122953019798091,0.26293586540227,-0.13721579699016,0.00345413651620415,-0.0918093355727684,-0.167817485316396,-0.229427168359029,0.206520249787877,-0.209381529621912,-0.0374791316305891,0.0641921842019674,-0.0683410157823694,-0.253089369028283,0.319895763941684,0.319890428851914,-0.0773720459981743,-0.14440102719618,-0.0153445820960428,0.408362118824282,-0.00203182341430696,0.0792551972437082,0.0195119333567103,0.330733955840431,0.0632290371198414,-0.136275983881397,0.0134599698317069,-0.187587728969813,0.169496695374546,-0.165835103115236,-0.164198111470805,0.0280571838023771,-0.0851660769546003,-0.0342313790080644,-0.131101820116023,-0.125490172146981,-0.0533462789526676,-0.103378330184027,-0.113709696657684,-0.0279233644354075,0,-0.120415559677276,0.103091569164365,0.376105310446372,-0.203356940264766,-0.0848497731026652,-0.222660077412738,-0.086608512560997,-0.0708176469225467,-0.105349531190155,-0.163388851611261,0.0434594332065834,0.0222400709189071,-0.00786207843598396,-0.109182371860671,-0.246374839634463,-0.0693802717621181,0.0404077679637169,-0.0288098370915007,0.0398618560934422,-0.137283200028671,-0.052466798564586,-0.0358054549984363,-0.207846950166343,0.0450712767727726,-0.0335565118437194,-0.0456305845336525,-0.133355632663903,0.256565116848252,-0.219621083762708,-0.144492190638467,-0.113109214096325,-0.0520881193619878,-0.0676012902640198,-0.0609845138636631,0.0124908681015776,-0.0733657563243693,0.0442317816630246,-0.00832047488207577,-0.113845245193878
TCGA-AC-A23C-01A,0.0327505856154763,-0.0518935879789259,-0.138748564675855,0.0323593534606721,-0.0495314289472261,0.00862828138245084,0.0109705174758507,-0.13039750376138,-0.0339987648248971,0.0336649528519547,0.0412952744829109,-0.0795875380584409,-0.0348174099126208,-0.0346445043357479,0.127494897558212,0.00430498215185157,-0.0605659398079473,-0.0529540059646735,0.0345120301290672,-0.146405608813205,0.057578231743289,-0.0352357196316985,-0.00372518215777654,-0.0524054373175359,0.0632453655328377,-0.0157032553638671,-0.105199344139073,-0.0988436842402054,0.191561544713646,0.0819866583978978,0.121250747454232,0.26620281271456,0.150650159390445,-0.0825699789153491,0.112958919822723,0.0670064435793672,-0.0632727040674593,-0.034971105741037,0.223978064972799,0.0190188512207508,-0.0937878233601602,-0.120944549391098,0.139409146661192,0.0442001075476373,-0.0235590252946524,0.0316282442873364,0.145862665038078,-0.0777605129516729,-0.00380716282768395,0.110244155174469,0.04369942080959,-0.0372891531803001,0.211038005047273,-0.162762324696386,-0.0969744843077781,0.00535311477732324,0.0856168849190701,-0.00385208972401659,0.0324808447656593,-0.0883942813785589,0.0156274390765784,-0.0972783760719157,0.00266219644182935,0.263949197789179,-0.193205324579957,-0.0656520623931618,-0.122239738623337,-0.00984385004903097,-0.0500514077013217,0.00242248591241661,0.051723500399638,0.0798088372644907,-0.0718041086726908,0.111420124650465,-0.0469152333218581,0.0994943621918305,0.102480889500742,-0.127598934099537,-0.136597164857896,-0.111902880456552,0.152027856455939,0.110690776634406,-0.0894558127249132,-0.0113845933250366,-0.0347762825709544,-0.120415559677276,0,0.17305842488523,-0.0163519970290503,0.0410798419430171,0.0142241510352608,-0.0701771674618553,-0.158714965916675,-0.106965965768679,0.251614913131056,-0.0515184625769055,-0.00360647926433734,-0.0340587429691192,0.104388438217914,0.258551743669322,0.042291807548782,0.02795903738865,-0.0678697452543837,0.0499210368259033,0.122393204002287,-0.0274048696805011,0.0174520424812595,-0.05998174924116,-0.00887244895304003,-0.0386535567688711,-0.189490232087898,-0.182197349200942,-0.0178193712038533,-0.0118383501172613,0.091617759180477,0.0013450354309574,0.108519435465077,0.0332822980415964,0.0178784164576529,0.177863084347761,-0.116506477838821,0.25459917162228,0.202413946190347,-0.0243999743742902,-0.0179066478663072
TCGA-D8-A27M-01A,-0.28056949522134,-0.0499388863975124,-0.088708279908651,0.210309847834616,0.0722510388141696,-0.135892068449369,-0.10352277667195,0.0820705215161364,0.425134064086437,0.103002369549651,0.464967024742325,0.240594241378843,0.378534708816336,-0.0424552984203537,0.471712169530516,-0.017419613049,-0.211270552438722,0.154129864396411,0.394096981715034,0.156926997432945,0.0291346560688905,-0.15400695815581,-0.250321805268498,-0.241972310319985,0.359918256827209,-0.376235276400438,-0.129080513537241,-0.144086728180557,0.237499472786533,0.00445384664268453,0.214970118126091,0.469069711234985,0.155349450203038,-0.00833365369886937,-0.119686701396272,0.292208025863348,-0.245207954428117,-0.00220439809646571,0.0086609235203795,-0.110850958265759,-0.160597412742646,-0.0713995135808632,0.246611846470654,-0.0883495180253208,-0.233041400035122,-0.0265225680340546,0.414375707872948,0.190166025830972,-0.0263737481449601,0.205418112855485,0.00334765240608799,-0.269949313702932,0.0353598353002766,0.176830594142352,-0.24574344747138,-0.159555598578093,0.043547890824306,-0.0507723408478147,-0.235214124823871,0.309939906738131,0.419829817272326,-0.164426950142073,-0.172241421481988,0.583950361277732,0.048491940523534,-0.218362439590902,-0.0771012077528624,0.036604480251234,0.0498884497456431,0.342225383568369,-0.137690495042931,0.0328456442321654,-0.228195307226424,0.269379295533507,-0.0629674439418404,-0.0709877547124835,0.0848919526683995,-0.345707814121263,-0.275299495047927,-0.253818401939448,-0.0558757817555001,0.241710629875568,-0.241147011472598,-0.0929166467607363,-0.28074620727113,0.103091569164365,0.17305842488523,0,0.314487746373072,0.00216681453682243,-0.23409999648347,-0.226614201218635,-0.28238823941918,-0.34732255167701,0.293310621260401,-0.167138873678982,-0.30130202816617,-0.0984083169513994,0.0288127403872072,0.313451783754187,-0.0452104325072887,-0.0591737280236569,-0.0592865340285473,-0.177713349733365,0.161802043571508,0.0812210872353254,-0.170475759647003,-0.214713370477333,-0.178822254340279,-0.145623567854137,-0.292756832989256,-0.322122216394515,-0.0666016440176057,0.404390892055777,0.0444902341798535,-0.284406531010074,0.095300201006485,0.00692895043858507,-0.135111474421128,0.342253065375152,-0.119267833085562,0.434176508785094,0.554978476055433,0.0971115043443934,-0.18774691216935
TCGA-A7-A26I-01A,-0.0650225372730203,0.0392387707478443,-0.0381794698383528,0.0993560344216253,0.217038315376268,-0.235812264102783,-0.154401865995122,0.209089661635258,0.416694664542267,0.315226501539549,0.181502647000621,0.280119258948155,0.362691471197247,0.153913549531586,0.281018315261213,0.192131401902246,-0.183354128089985,0.255659493912152,0.221185465084414,0.293055021701676,0.0891033657257045,-0.234505977189712,-0.185483797070615,-0.19051964045157,0.24990586625527,-0.364302264769032,0.0824226277046276,-0.0169799209009126,-0.00417334554419711,0.0194782621800488,0.0577663463905596,0.161215705358376,0.135357705011718,0.226904574575185,-0.348934413395617,0.0689258505080197,-0.0596751682339982,0.110038261153286,0.00463526255750124,-0.130542657842588,-0.0370061892400743,-0.067867232243394,-0.0911992663409058,-0.0343689759902578,-0.0699476299320006,0.0385533522533206,0.0258779980218999,0.224998828366726,-0.187962704741395,-0.000573714559079752,-0.191115861104702,-0.212835998133341,-0.127108209446461,0.333699466979528,-0.127897307228978,-0.0662276651192277,-0.0609699908821069,0.0400813043315972,-0.31119698900305,0.407635347655475,0.374039609055357,-0.22289698338878,-0.124179605073776,0.153245347609367,0.355384032610076,-0.133525204541533,0.11778788317458,0.13437544355653,0.306793572300415,0.105664610738884,-0.153495486954164,0.0180756005792204,-0.367031134458354,0.140974123213353,-0.0542561047879919,-0.21300276633639,0.0434935988955966,-0.225071629075274,-0.204245962837985,-0.168880831153259,-0.0536723748752356,0.187570387126883,-0.219954109502644,-0.134194272717407,-0.157023384808239,0.376105310446372,-0.0163519970290503,0.314487746373072,0,-0.122747170113965,-0.022440791083375,-0.21099203839134,-0.178688688810436,-0.266345683795038,-0.00305268909126348,-0.111931301569755,-0.161006452281663,-0.0907052146020558,0.077013325520417,-0.00041903829091464,-0.0782167018383592,-0.109337245640776,0.00376200849496503,-0.181762239963411,0.0571071729762204,0.0491681505665838,-0.130069049179104,-0.024011659328515,-0.178080470447657,-0.0134049816711436,-0.0505812285615635,-0.109038983313443,-0.149094155167846,0.260696680764774,-0.219179377472056,-0.275478326337296,-0.0982651860006787,-0.136705745514684,-0.110427019893272,0.102311669666526,-0.0296050790565308,-0.0215335937220961,0.17674328715726,-0.145092256243627,-0.145899936177555
TCGA-EW-A1PE-01A,0.0982589801822737,-0.11478655951759,0.0732376678457032,0.125072166051208,-0.219868978949896,-0.0522959005115555,0.0333419398687845,-0.122164264807257,-0.111196605448964,0.00449132343456957,0.0546538089726952,-0.0922336608092066,-0.00871224083532217,0.0482662961747891,-0.131108214412684,0.0399122784943467,0.0584272945637045,0.0052776867386949,-0.027809275100771,-0.214498702639079,0.12413333913321,0.0589520254935209,-0.148816407525843,-0.000521684698025274,-0.16737185825195,0.0634466247284625,0.0590897453169277,0.0450752814932797,0.0972603120086899,-0.120842049306985,0.050361489495399,0.0106472674158862,0.108844483191237,-0.0457968107023325,-0.0344290522556915,-0.058035336712966,0.0857636212190766,0.044032857764898,-0.0319353482595273,-0.172224880420799,-0.00442280893407051,0.10087888380069,-0.056552075696031,0.123897812234642,0.105932448357861,0.18432768051013,0.107879155180386,-0.126864526157179,-0.0293474159171515,-0.00568377805894474,-0.103825111413104,0.0236341664603362,0.0472422936030656,-0.0272473823763824,0.2100547913699,-0.00423178253802322,-0.175033439103531,0.025756679032584,0.071594457328681,-0.0536726257260896,-0.0837442590474603,-0.0356480373194858,0.110258144312213,0.0131645731497115,-0.0780700118622585,0.0408043899112404,-0.105661666039782,0.0736224659445207,-0.113802776100475,0.0370740189030408,0.0600352335260503,-0.0147393481212931,-0.0647276655849971,-0.159569041171159,0.148912716563828,0.0558093393071176,-0.0617571392606442,0.066544976553368,-0.0511228312685462,0.0282279697677276,-0.0280566470892666,0.152478980818796,-0.0472745256902585,0.0648471125538495,-0.0352663141609547,-0.203356940264766,0.0410798419430171,0.00216681453682243,-0.122747170113965,0,0.168516836704864,0.141033730023098,-0.0158005569469962,0.00947327562273209,-0.0127540650579578,0.143717120313536,-0.093712215077226,-0.0796731817469134,-0.0140227637536262,0.150126856156286,0.0674918551123648,-0.10045239298049,-0.0393005753753569,-0.171566783880533,-0.0928071336842716,0.138278124615222,0.0181951028713981,0.0831132716477121,0.0495078475897855,0.0056520938934361,-0.00785835348799606,0.0959604756901241,-0.0179723649576361,0.0498691881852285,0.0383274565539499,-0.0277176745425066,0.0106599710528543,-0.0514585244334084,-0.0353409090684193,0.0646275969683151,-0.045065937219096,0.0563615315234616,0.0114205437943462,-0.051215272514855,-0.0850485914148856
TCGA-E2-A1IL-01A,0.247273918779384,-0.101491955759503,-0.0567354603343501,-0.0134751103270037,-0.101997368496324,-0.0464703036764922,0.0566415483100364,-0.0459382847381573,-0.208185135126139,0.221341334758749,-0.251736607881216,-0.0704878555416093,-0.114605923352437,0.163178809581891,-0.25265829872513,0.122627133954732,0.101543367767678,-0.00149395763934888,-0.263354979306622,-0.103401786784992,0.222309817570662,0.0808897287732887,-0.0490166572913877,-0.0304663879250948,-0.216885430678558,0.109274041012682,0.0988756597095801,0.0853456152294569,-0.0305053428507199,-0.113583108865038,-0.134521621007569,-0.0821952636176715,0.141610771813777,0.0815219537116087,-0.0600790911841467,-0.230751778431536,0.223491028744865,-0.00896750348616077,0.0935165253745806,-0.0696099209027787,0.04628481063121,0.0400272550883432,-0.264707530114828,0.133502675032211,0.159958443647874,0.188521809951952,-0.246184883499603,-0.0975758868751637,-0.0871631578971271,-0.210633398409128,-0.226727008950883,0.147126874693293,-0.0214526017678486,-0.0398056980558537,0.194350308577675,0.106208792188201,-0.125425823150767,0.0953332625773266,0.0976438481475851,-0.134471747162512,-0.242564125131498,-0.0259514007140139,0.0122079992650465,-0.26135267042908,-0.0138238065655984,0.0856155829880817,0.00630124511047844,0.0816554503464404,0.00147518849770515,-0.199780003210427,0.0860193233441471,-0.0531558029380358,-0.0703483866114732,-0.181753120761467,0.1143814133556,-0.0461928047916616,-0.118966610623836,0.260630004930457,-0.0470596572760084,0.0734848329119681,0.0743687649303538,0.0337232541758811,0.0418416456710685,-0.0341612743912477,0.0366973274699488,-0.0848497731026652,0.0142241510352608,-0.23409999648347,-0.022440791083375,0.168516836704864,0,0.126540619873955,0.0915377952009764,0.0646292952859925,-0.173591111212045,0.19215057505457,0.057193548994275,-0.120503583267967,0.135592954717795,-0.0347480537382318,0.128607034182046,-0.0415190079249452,-0.0178350062587105,-0.0124681769407841,-0.164999984369,0.126797255811695,0.0988564141258238,0.2240129070907,0.0805267545273229,0.022014698334951,0.153186022887463,0.167650040207816,-0.016359469596499,-0.183080968163107,-0.00916617379558271,0.0248486824771975,-0.0409372530773911,-0.101335654499053,-0.0261090302294707,-0.174457336744087,-0.0237974860800381,-0.268121516121067,-0.300113676886109,-0.254718532217509,0.0437092299019679
TCGA-BH-A1FJ-01A,0.182159899050638,-0.193053372286398,-0.0313744420846655,-0.253231565643528,-0.242197270927918,-0.0398394719045722,0.102214485226702,-0.0240382055710844,-0.383498740785013,-0.077448670546437,-0.207792940949117,-0.122356008556283,-0.16860186627568,0.0595439137162841,-0.3489485628552,-0.0273710738725191,0.168429698371515,-0.174310063533309,-0.203560326756176,-0.237147541005966,0.0850365155254503,0.302813963550519,-0.0129628306692424,0.124054034467438,-0.346373376596686,0.313845589048445,-0.00226216691561003,-0.0204768536491768,-0.107998250751202,-0.226921085899462,-0.170786058462637,-0.139360054148896,0.0307946987602341,0.0283555917643048,0.262331012535987,-0.257540569194073,0.0804371659211148,-0.0697195244097957,0.00996558895828033,-0.0115534739602932,0.0590689396296589,0.190289852177199,-0.0976555202823559,0.128260311222165,0.216547520232465,0.166006433734276,-0.178175184042076,-0.128252609665872,0.0384804687465827,-0.149225646696937,-0.00323693559991194,0.183132311053939,0.183422884952395,-0.29626503304686,0.273672336019484,0.111203756583398,-0.0053102436689328,0.134130691117425,0.152234379638779,-0.283370180784019,-0.337967976163516,0.0708909918542911,-0.00386900939941857,-0.231652010820773,-0.158444250626223,0.0493216663059653,-0.0104334430655185,-0.0646178007748671,-0.0897126186766646,-0.318729530535568,0.234409889850591,0.00368506685296593,0.19305772414125,-0.174933891367465,0.184215088832612,0.176091426015408,-0.138876377087173,0.207304727839963,0.10073720847777,0.178962873845298,0.034754416477008,-0.113231707392548,0.17803376972993,-0.00733045093080871,0.0307726841672701,-0.222660077412738,-0.0701771674618553,-0.226614201218635,-0.21099203839134,0.141033730023098,0.126540619873955,0,0.297492370138452,0.118225948448264,-0.159088710205806,0.0772882363897194,0.0470696638712516,-0.0798505644459461,-0.115626118794233,-0.125568554522686,0.352476751970623,0.0173011632550153,-0.0111069908059872,-0.0232389998026233,-0.237440716411002,0.0195298157934864,0.0239866041896686,0.167488325316361,0.313397220179322,0.00158459085237565,0.0767084363587268,0.252337014787378,0.13934474477577,-0.250529582260892,0.213679194999492,0.19044839067077,-0.0428366276514977,-0.108351885621122,0.0819521232256753,-0.205124507823478,0.00413140237857002,-0.225236906004239,-0.341925820247324,-0.206703646540962,0.102304555148235
TCGA-AN-A0XR-01A,0.0979073379427396,-0.021249355469347,0.0608008596822586,-0.228841648798279,-0.0465801144435324,0.0237387378691666,0.0405038048437877,-0.00380226265037451,-0.254523328651896,-0.151105272995981,-0.220880684779204,-0.091354690478454,-0.190989394311088,-0.0187084709039368,-0.22307009089781,-0.0849409646056291,0.0595900765363176,-0.185475890180204,-0.237738703809406,-0.0141452181661567,-0.00994748867121297,0.230315966933785,0.0842890659258791,0.0346915535150317,-0.192510067518858,0.251334410544795,0.0488923391430155,0.011421252316817,-0.143930362925182,-0.15596366200596,-0.200376126085271,-0.237307429369502,-0.087439626174088,0.0255292925000986,0.158480488604,-0.103917625643707,0.0446821270531314,-0.0331918195923052,-0.0409174114773662,0.0959309775480729,0.194085735519195,0.10945180647448,-0.120529112342246,-0.0239312152183899,0.151775378303365,0.0297819605402663,-0.234124859260689,-0.0770388064894144,0.050973768505706,-0.184855945528759,0.0483126753303111,0.160502285003599,-0.0270483187587076,-0.208579338738915,0.172541175143202,0.107855269779114,0.00854987163248725,0.0964338887400517,0.0441901505655373,-0.199529458168011,-0.239770676707681,0.191062501562952,-0.030338383319516,-0.306436210352952,-0.0617378103381783,0.156496011166474,0.0660069902529706,-0.0504870378563113,-0.104720245897377,-0.191574800208515,0.111842930633762,-0.0833469815540347,0.224904376274407,-0.148875449188847,0.0581719651717451,-0.0210687108878304,-0.0927991592949497,0.284024640618656,0.258938777635127,0.180892482912284,-0.02961433261163,-0.144432566444444,0.192311870602804,-0.0791434090424963,0.131668051009119,-0.086608512560997,-0.158714965916675,-0.28238823941918,-0.178688688810436,-0.0158005569469962,0.0915377952009764,0.297492370138452,0,0.15610761084916,-0.196854481318998,0.0049405562204502,0.168368774707733,0.0125714296223913,-0.154528878261811,-0.206769645010524,0.13667552574512,0.01620368759759,0.128371910052769,0.0666493143649008,-0.149602110343095,-0.0727577361894324,0.00714166817102977,0.126914437472691,0.197129562555437,-0.038830773707534,0.182659103000569,0.26704029361857,0.0879732904079375,-0.248628090557321,0.0557545816564294,0.159145582441527,-0.0773663114481268,0.00271748779256495,0.0185720665077964,-0.288269826869438,0.145950492643379,-0.247089051715003,-0.332320560437509,-0.00372114555861402,0.0788235328773708
TCGA-S3-A6ZH-01A,0.0409405303694097,0.0876904533027865,-0.00912714436949242,-0.115056135511285,-0.0906666289086381,0.239680682736122,0.102086913461239,-0.0369575126272954,-0.294223686429845,-0.198994749350206,-0.252860423758991,-0.184438340041166,-0.201797389358769,-0.048060395878797,-0.302952947096105,-0.102631240028859,0.199978280077795,-0.220771476902634,-0.206272047504044,-0.0417846581240255,-0.113071537967046,0.0849339179655186,0.130806789176154,0.164796326951744,-0.201478911612662,0.308652813372759,0.0664786404426011,0.0689501406143979,-0.101945733935032,-0.0623236738414272,-0.172338993655842,-0.244948337681424,-0.207145638129883,-0.132982002105207,0.179824899563857,-0.19188182159857,0.114040317956184,-0.0970840954366863,-0.0899538997389321,0.0444620866021666,0.0736824078246637,0.0345299763704998,-0.120788286689266,0.035768208753177,0.0487223499405348,-0.104873878624957,-0.261745703316125,-0.0375633776581257,0.0759666026470063,-0.164868619029466,0.0112688413954789,0.271736605645607,-0.0258483712904106,-0.134055513114772,0.14913277308622,0.157353173164762,-0.00672771258002975,-0.0455724557589422,0.218376699559879,-0.240041787606063,-0.251506122094898,0.162631674789908,0.140390034280372,-0.324983540789166,-0.0788734224149686,0.0696134949868821,0.0326894824173353,-0.153968840253825,-0.0314479214732845,-0.164453357195847,0.0451426899224395,-0.10017202445506,0.235408996106823,-0.142731739547138,-0.0244310244161193,0.0907499575309214,-0.157257426463242,0.182394681628953,0.160403289892632,0.139334480348713,-0.0028634455752089,-0.209916637594731,0.184551292534814,0.0864965735948034,0.219263791699317,-0.0708176469225467,-0.106965965768679,-0.34732255167701,-0.266345683795038,0.00947327562273209,0.0646292952859925,0.118225948448264,0.15610761084916,0,-0.152502305141338,0.136924337636223,0.188157345721858,0.108579428791422,-0.0553102070814751,-0.143374820715969,-0.0164065325679519,0.060188335809143,0.0399454403237863,0.146175943108391,-0.0741896793460564,-0.0423394761809219,0.144714488510364,0.062921492546205,-0.0265018597690658,0.0886296159664086,0.135275242899274,0.107934560079802,0.134087338699002,-0.197524225856918,0.0053755773780401,0.180563136578578,-0.0979664448565733,0.206670803378776,0.0516379987581808,-0.218135760732456,0.005627928076594,-0.193140129496678,-0.317087013520655,0.0630901656028689,0.191790306926473
TCGA-LL-A5YN-01A,-0.0931513650369646,-0.0876729296187735,-0.0581635367483379,0.137576090039707,0.0167079385744037,-0.0462894509679952,-0.0338586755537516,-0.0477545810951433,0.171061632811847,-0.102624199322751,0.318030155926179,0.00597565009858242,0.0325788343657696,-0.166824984135623,0.331700847863088,0.0194205947869627,-0.0420155072621644,-0.045942264103244,0.110629301788869,-0.0927011951975578,-0.000448948090136991,-0.0819962204192286,-0.0802371687971891,-0.0942819767139942,0.256737848086861,-0.146786735931919,-0.0620551568588482,-0.0671724783733958,0.215506412248906,0.0978087347692033,0.286689694838016,0.36425195905887,0.0576598036520102,-0.0693568485321848,0.0327960134843049,0.298450668061572,-0.133462603635741,-0.036723118319331,0.104631381471774,0.0400271564972747,-0.0933817801766327,-0.0596663997537469,0.341645211702375,-0.0893488625592299,-0.0951252541530148,-0.0571745024067059,0.393593928923115,-0.0201734711768511,0.0711399967495304,0.163454125104836,0.152232772585232,-0.11880520671252,0.146932396310624,-0.0385526425278777,-0.111218681563324,-0.111849617096359,0.0892942571362086,-0.100820422910809,-0.098823114873969,0.0716315997274497,0.284979300147488,-0.0468657043218395,-0.0604498738988395,0.390669142462135,-0.184421610253237,-0.140664658882672,-0.108482003115759,-0.0876644305133567,-0.0898543700464923,0.296722901975127,-0.00865250860578742,0.0821799615894514,-0.118965728697957,0.176752056671269,-0.0688035031950848,-0.0355156447663781,0.169124982432119,-0.146439882687065,-0.183292864684088,-0.0919615109256477,0.00532326846171132,0.133473498083044,-0.0931712072736653,-0.0845442551187193,-0.127857800794645,-0.105349531190155,0.251614913131056,0.293310621260401,-0.00305268909126348,-0.0127540650579578,-0.173591111212045,-0.159088710205806,-0.196854481318998,-0.152502305141338,0,-0.0794847972787082,-0.118332712340004,0.0713502859179053,0.0619042907345594,0.368020534992906,0.00356289959518498,-0.029772462577339,-0.0321801251394774,0.0188242093134759,0.148823204464422,-0.0593491618118142,-0.1170012207657,-0.207495675303919,-0.0258921985696053,-0.144249373727523,-0.291944604759625,-0.229453928511232,-0.0610675115616329,0.120764880190604,0.0978676762907579,-0.100756567832033,0.287190389334464,0.123192017222348,-0.0953923674307096,0.272564972100089,-0.0104647391183485,0.435330655116427,0.463157226206249,0.239369976812219,-0.0708056830106881
TCGA-EW-A1P6-01A,0.0686054785270323,-0.135452750568021,0.0136512453683249,0.0821893786302294,-0.151147942205492,0.0533194082069684,0.197526130163966,-0.061064049949896,-0.243281145716794,-0.0125956937231097,-0.140752841034159,-0.0900225002799207,-0.0831613566548718,0.00213598205413975,-0.274541642706354,-0.00858594872556297,0.353444074353105,-0.0521199433751389,-0.128585818022035,-0.112839397824248,0.0105512267337732,0.044175412250819,-0.0463381582345594,0.0741871233757873,-0.27724454785031,0.112081143077344,0.121031157807808,0.084369828000276,0.06007502154263,-0.188178051311292,0.00350576391512137,-0.10735885261424,0.0452495607330012,-0.0741039494911549,0.0125471251216174,-0.259559262691251,0.343996985244496,-0.0181481508908394,0.0329149027003673,-0.178545939768061,-0.110472645351744,0.2279735234484,-0.154774600222812,0.0553180979331262,0.112583509829952,0.0597915065219011,-0.136994885486648,-0.025464607189183,0.0219055461496401,-0.0893411258318596,-0.141809516506351,0.134914467122038,0.0650637436244112,-0.0828004568723883,0.200499669702809,0.0924584797719346,-0.0814263597685555,0.035322650257555,0.103247129120064,-0.153671923219716,-0.199086589102387,0.0817219797330359,0.162866037504149,-0.144719256181896,-0.0306085601860846,0.0430877325681639,-0.0332971755004242,-0.0308923129304641,-0.0145122460880312,-0.116068537670464,0.118272385017444,-0.0644924600480678,0.00122325963139094,-0.178668858256363,0.00687516132781792,-0.0245726468936448,-0.224344521228685,0.0609712478310809,0.0611999767075493,0.126476644694371,0.0632489456765002,-0.00242339131456945,0.0499218453955891,0.0544987182121516,-0.00131198236575984,-0.163388851611261,-0.0515184625769055,-0.167138873678982,-0.111931301569755,0.143717120313536,0.19215057505457,0.0772882363897194,0.0049405562204502,0.136924337636223,-0.0794847972787082,0,-0.0500235809937211,-0.0425515936945247,0.085382835755942,-0.108133218949359,0.123257575326226,-0.106900180041993,-0.120026939701055,-0.132017750323402,-0.165137382942298,0.129807459568779,0.109980848585783,0.134330853275078,0.0505782211910343,0.102868469609193,0.0817179296537409,0.0724583840436529,0.147314957085508,-0.127294112425944,0.0659577595394323,0.0520480592302364,-0.0167135664432566,0.0723610821377135,-0.070110627488368,-0.087587881170937,-0.0597744138320244,-0.215122156226963,-0.256083433917254,-0.120217472183902,0.0392036935119657
TCGA-A2-A0YG-01A,0.207371930904733,0.264713065377015,0.0549974863963812,-0.103492745001432,0.113630392790797,0.195133014961121,0.00898990561013072,-0.0333744226787413,-0.170172712878144,-0.193696499583679,-0.230541120237484,-0.14799865282142,-0.203556838041026,-0.0938303957227608,-0.0929821203109397,-0.116246810733045,0.0727778733419416,-0.0155750305852413,-0.159921034758192,0.0626014243054705,-0.0489700698903649,0.0105188917512587,0.160264120518482,0.172559219818484,-0.113170968916024,0.174038267240889,-0.0371949033837357,0.0691851057099575,-0.153753486137007,0.0423797238548086,-0.153045188341025,-0.288189990654232,-0.221495673369195,-0.117986568019368,0.0627834824569803,-0.0506959679557838,-0.0627048506919945,0.00637251561118534,-0.102446694627786,0.0849458591385207,0.133320815342812,-0.0918135129602618,-0.078487509132457,-9.32995096261996e-06,0.0303096101053525,-0.121293674083731,-0.252477327936523,-0.0879782773133456,0.0536842703327234,0.0120917707735646,0.133195028563505,0.113832350083415,-0.0180821656224715,-0.164403268342919,0.00201928415141554,0.0787879007677377,0.0901224999625022,-0.0384176839990437,0.0782619674667609,-0.126485960137419,-0.155236626329934,0.0954561564245755,0.00119371021063331,-0.217507321884922,-0.0602541480132897,0.219973070320809,-0.0214751379840881,-0.131016495426629,0.0857636904802559,-0.100016070025848,-0.0623866659877299,0.0088035035199907,0.221922644305506,-0.0959437248048856,-0.096804928949977,0.00691745020665675,-0.0150402750413443,0.202145125448259,0.224731481894041,0.0381756087022724,0.0274833520054586,-0.186543227040521,0.17394861919251,0.079282263139159,0.266749147761743,0.0434594332065834,-0.00360647926433734,-0.30130202816617,-0.161006452281663,-0.093712215077226,0.057193548994275,0.0470696638712516,0.168368774707733,0.188157345721858,-0.118332712340004,-0.0500235809937211,0,0.194534027180046,0.0951388873824408,-0.165586278510834,-0.121395982195755,0.106805057909755,0.0953089825078265,0.218293227463457,-0.0587985296947068,-0.16494037113128,0.116389481221908,0.043867465974158,0.0117180613637288,0.134116461845422,0.0784935874804752,0.148412872826602,-0.0783444559682156,-0.191167239551515,-0.0622148253337199,0.181840043950314,-0.0879680510954149,0.0721994864266257,0.122164207743462,-0.238286912534639,0.036881664685401,-0.181999436084355,-0.218761424543074,0.0956087106800361,0.0732962651037345
TCGA-BH-A0AW-01A,-0.00458942748082773,0.241197096247219,0.0544389086502638,-0.0257698785473766,0.0708193511095395,0.207534875148184,-0.000207074925538502,0.0354445569248359,0.0483859238593339,-0.206088240925748,0.0513781002981415,-0.0107861216480797,-0.0829309883465815,-0.174211092329559,0.0929247276857855,-0.118608209437479,0.0237878195725865,0.0109247643157386,-0.019397489968228,0.0750508902064775,-0.0922367746684033,-0.0181738443430119,-0.043357738414477,0.179294797186803,0.05416452171751,0.00973404519688248,-0.0270747363045189,0.040364299805275,0.012948932638231,-0.0572494091464456,0.080159135150256,-0.0840331036399539,-0.166011902747551,-0.138156250964063,-0.0427773073815917,0.112578531028854,-0.0893082017765242,0.0978966982072373,-0.0916456162037567,-0.0381877875780424,0.0634888093194172,-0.00787146170149529,0.0395080504626447,-0.0932338158580207,-0.0251060130006921,-0.147463755238558,-0.016244105149276,0.0395061706422809,0.147622587433484,0.222337140680944,0.180725992558498,0.0657091684775111,-0.103962343081344,-0.0650643704438956,-0.0283968808193018,-0.0548008606138093,0.0458391093577205,-0.0717448418837608,-0.0346648712371321,-0.0216698577507303,0.0858456761778128,0.0673915121965108,0.0591927127770744,0.063488893242389,-0.00892915368884067,-0.00673922788635668,0.0394971082336188,-0.11014167320725,0.041280604617984,0.134579357397279,-0.0637259838364546,0.036495845947273,0.084263390805055,-0.00323207196935383,-0.117988577101297,-0.125547292273558,-0.0537369922911389,0.0322890474273688,0.0900062130999943,-0.0203890827856879,-0.102238428693883,-0.0489072566401835,0.155523033927873,-0.0399567191072727,0.150531236527523,0.0222400709189071,-0.0340587429691192,-0.0984083169513994,-0.0907052146020558,-0.0796731817469134,-0.120503583267967,-0.0798505644459461,0.0125714296223913,0.108579428791422,0.0713502859179053,-0.0425515936945247,0.194534027180046,0,0.0798727517930695,-0.0383590826903139,-0.0935591367003666,-0.0350143210307452,0.104111437681721,0.0915596584884707,-0.0354680075734547,-0.091292954816327,0.0361866963319253,-0.104646140911661,-0.0305327947817389,0.221088401285409,0.0159621545282571,-0.0276995634106389,-0.073435694736483,-0.0357376638844408,0.0108648653630576,-0.0383386798799083,0.0663559304485525,0.172898912533973,-0.0645012916721031,-0.0370019898156478,0.00764360835143469,-0.0127160002228083,0.0419904633404607,0.255600464347855,-0.0135796669834254
TCGA-E9-A1N9-01A,0.10173003155212,0.00696087901504483,0.0279668904019114,0.062745568302052,0.059645329167321,0.0482399898895469,0.0299967605976962,0.0722356480594828,0.0131882489272522,0.150335262165674,0.0253367480867592,0.0952567030132825,-0.0328940407411581,-0.0171631192413671,0.0147865119945182,0.0642715574265677,0.1386203708958,0.0986544404199168,-0.0455756844314068,-0.0502266671325748,0.0856939930236077,-0.111915117808106,-0.0991652094167281,0.0786054954630989,-0.0192158590070759,-0.121117894370737,0.00776897559024049,0.0457646643320776,0.0191692273902774,0.030484090235085,0.0935761353326683,0.0534590842184367,0.0820682443401824,-0.0288903802248562,-0.117335397234523,-0.076521994905324,0.0614726726174991,0.042622185603177,0.00105781776250874,-0.113008380767018,-0.128314078266892,-0.072262587963505,-0.0174433181291743,0.0312725327672707,-0.06005042588778,-0.0163747946038444,-0.0464611466866748,0.0219824888249671,-0.105487047971152,0.129283699854556,-0.100127908474044,-0.0225393616234901,0.0340775948625309,0.0355134712708267,-0.0142612821203349,-0.0724483352898524,-0.0991359907951524,-0.0081618218403762,0.0350988582918419,0.00378205141351749,-0.0116013811240402,-0.125907764946021,0.0488051758203825,0.0554761845125373,-0.0089326403666676,-0.103764226095684,-0.0741336283002501,-0.0226924711062514,0.17594874137928,-0.00472153560976223,-0.102816876964444,0.0464819653239289,-0.113261753426296,-0.0267716940386715,-0.0190379809765542,-0.111672042396773,-0.00858361706237054,-0.0257898044597364,-0.19042608174887,-0.0744597199811769,0.135974351422862,0.0793102685327643,0.0124981615632056,0.0599624873295075,-0.064478033067441,-0.00786207843598396,0.104388438217914,0.0288127403872072,0.077013325520417,-0.0140227637536262,0.135592954717795,-0.115626118794233,-0.154528878261811,-0.0553102070814751,0.0619042907345594,0.085382835755942,0.0951388873824408,0.0798727517930695,0,0.00691258157349856,0.00309923108284608,-0.0262383877267273,-0.0957672252753115,-0.0134614391800379,-0.0172297381297846,0.0441631228070256,0.000882952803538403,0.0390056824380283,-0.021458465224366,0.0810147456279507,-0.0410076169339297,-0.101486321237058,-0.123992418331129,-0.00176285018163749,-0.0150862439733432,-0.113049599504631,-0.0426690447092401,-0.00705901655402719,0.0314347527853869,0.0453429899864398,-0.0730555012929421,-0.0366121333404462,0.0268705956116245,-0.0842204648869525,0.0111901866897694
TCGA-OL-A5RU-01A,-0.0797546409499348,-0.0624892857528657,-0.0923422086684254,0.163253699692811,-0.0664098054481127,-0.0402045293345041,-0.0769557417520196,-0.113327997565065,0.160957877354012,0.00776770323105004,0.218797985281956,0.0120468517851093,0.0708677371378088,-0.0297137015424223,0.264963210948765,0.0706729423518703,-0.17435197617005,-0.0472187344988455,0.0870055993640238,-0.094052628564802,0.0262567275723862,-0.0408874385522837,0.0171954607439587,-0.184354979960678,0.163684925957835,-0.127539653556254,-0.106818453556264,-0.0845314326991514,0.205267757389695,0.119444604635684,0.167269484576455,0.318222770316551,0.177739312910768,-0.0197676023232918,-0.012838723392976,0.237899365581847,-0.027933395367669,0.0381537652010056,0.107706673690559,0.0784753917798244,-0.0967308369375867,-0.171877887834946,0.184603957759018,0.0422717865902286,-0.13902387830383,-0.0239109917860742,0.316532919657247,-0.102441994907359,-0.0560951287264112,0.0945664198502918,-0.0165590836121595,-0.0888107279859173,0.0180700716725525,-0.0242736747457899,-0.131509936968671,-0.0568733441464025,0.0523402034483219,-0.0596020733983273,-0.0111690032525998,0.0239329988429099,0.155301037641678,-0.0809680421425081,-0.0976410023976027,0.3625948174367,-0.152110325215261,0.0330244204666435,-0.176573137213445,0.0533384461382669,-0.135348263096012,0.219516255905417,-0.0293702470255437,0.0147979813989521,-0.166650419610428,0.122599735884511,-0.0811558315269168,0.11711110967843,0.196858855840306,-0.0880025556854705,-0.171421730287474,-0.167215130605691,-0.0463316286884803,0.210923820831492,-0.197462734040018,-0.00428575504752976,-0.145419342211525,-0.109182371860671,0.258551743669322,0.313451783754187,-0.00041903829091464,0.150126856156286,-0.0347480537382318,-0.125568554522686,-0.206769645010524,-0.143374820715969,0.368020534992906,-0.108133218949359,-0.165586278510834,-0.0383590826903139,0.00691258157349856,0,-0.0273668740645772,-0.0129170033934687,-0.0273175534753299,0.0684065909367369,0.171312324842519,0.0358628238277196,0.00887078941774636,-0.0525444311678489,-0.0964950606072974,-0.116866838988679,-0.227164473151,-0.187338750867762,-0.114198600448233,0.107924864275399,0.0267462836489216,-0.11308147759758,0.0830391772679368,0.0281490036986327,-0.0708126035972872,0.305733521893547,-0.138014066606513,0.519291302756398,0.445392624446245,0.094344874114503,-0.0964443016446643
TCGA-B6-A2IU-01A,0.0709309302534585,-0.283092654009549,-0.16646086392223,-0.178662395214965,-0.206731542640417,-0.0786962672502294,0.131496694189437,-0.00367033420735578,-0.252288459799515,0.0664140842592399,-0.115273752685612,-0.0387705052640051,-0.103806256656621,-0.00101389085753749,-0.211699221429495,0.0230108393207512,0.154523996702039,-0.138438022007095,-0.179432751279489,-0.232168387799856,0.169632714377342,0.266843643744769,-0.187538933522564,0.0139363762203929,-0.24786388120021,0.124048717242873,0.0153631397083873,-0.0452426082447356,0.0866695578024573,-0.253864925216085,-0.0241521085788756,0.159316336937891,0.275065465033516,0.0417499295833134,0.233704325999433,-0.204304608534504,0.14673645126582,-0.086121693816383,0.141547858729207,-0.133400781420704,-0.0265615392336706,0.230076181374296,-0.0357606422364221,0.128287383429987,0.205474761999351,0.218609891858625,-0.0606339446422687,-0.0736858560983487,0.0504100668603837,-0.0985313347585564,-0.0345307504845287,0.149038275907982,0.251276435282532,-0.238714542690264,0.21990017784204,0.0834052309479981,-0.0292259103844805,0.152300101812857,0.0727864359026997,-0.235693174507165,-0.255584770116699,0.0020273305370259,-0.0359721201840802,-0.0463571557740181,-0.209797713604786,-0.0913282362026903,0.0181230941794049,-0.00939056069698429,-0.0843735664565823,-0.209248139326302,0.226283406230445,-0.0303967486645505,0.0735231971091869,-0.105390118071016,0.195990921616272,0.0353952249406022,-0.156062151215533,0.106634929353951,-0.0548504204076351,0.0957137399541122,0.145711472051616,0.0282154455662004,0.169912149204235,-0.0675726442410559,-0.0864100742263042,-0.246374839634463,0.042291807548782,-0.0452104325072887,-0.0782167018383592,0.0674918551123648,0.128607034182046,0.352476751970623,0.13667552574512,-0.0164065325679519,0.00356289959518498,0.123257575326226,-0.121395982195755,-0.0935591367003666,0.00309923108284608,-0.0273668740645772,0,-0.0644731093653215,-0.0613509005266379,-0.110586140778408,-0.197276109957738,0.146636860893419,-0.0356181719552787,0.0782538580430975,0.335578613049944,-0.071584991705531,0.0492986377070342,0.0567421535289636,0.166962937364707,-0.205204965744349,0.297560540456343,0.0368465608989353,0.0842962884645243,-0.0222444181971951,-0.0516316425726719,-0.0821306098965216,0.00983882331777171,-0.141014047315802,-0.186399854610134,-0.230502426243013,0.0769671509819283
TCGA-E9-A228-01A,0.0197480870047473,0.0599053284445484,-0.0123487625346822,-0.0505266954861242,-0.125162986765923,0.120870783387346,0.0763053413197945,-0.104185898946588,-0.175064784836587,-0.119173307411909,-0.142814805412067,-0.084066994424618,-0.130492135552484,-0.0636395925609995,-0.102501572109406,-0.0853356349403398,-0.0464890759452238,-0.0365870315268694,-0.0841830285231184,-0.120141646618135,-0.0286274732845922,-0.0523058514231203,0.170931584491274,0.0931244822385708,-0.0689857244745094,0.0442901071982686,-0.0847893711284434,-0.0704817081961765,-0.0023772958468641,0.194401088801135,-0.103017227172966,-0.0287269558416936,-0.0760312019252295,-0.0820423212070117,0.157587762871558,-0.0019041036130242,-0.0571354470207679,-0.10897788290348,-0.00207379894202318,0.149275441408776,-0.0593015817024081,-0.127258639898584,0.08767392081237,0.0731969313496245,-0.0879495708250767,-0.0937330848043871,-0.0876023232500449,-0.125649824853831,-0.0575244791081212,-0.0418490241183263,0.120191377343457,-0.0146217196968816,0.0348926530960052,-0.163349271332684,-0.071905485954488,0.1005353153479,0.0670213335963836,0.0326513228059001,0.13882448259679,-0.0880375380544518,-0.14333688462063,0.0428970355714384,0.0180250368976787,-0.0406069123370607,-0.139205766833585,0.00152668640371222,-0.140132887190481,-0.086518464417019,-0.0878555592485284,-0.172991529990902,-0.0415147184369673,0.0181648202193646,0.176633661824753,0.037137931995694,-0.0330554951035755,0.194922622501957,0.0917115754069904,-0.0210986982896323,-0.0271040521210493,-0.0335732200877307,0.0664318082407376,-0.159720428126435,-0.0892116768905558,0.244489439682221,-0.00525990698423721,-0.0693802717621181,0.02795903738865,-0.0591737280236569,-0.109337245640776,-0.10045239298049,-0.0415190079249452,0.0173011632550153,0.01620368759759,0.060188335809143,-0.029772462577339,-0.106900180041993,0.106805057909755,-0.0350143210307452,-0.0262383877267273,-0.0129170033934687,-0.0644731093653215,0,-0.0416523739124662,0.23155773601902,0.416871462699101,-0.0704667919334851,0.0584356473137308,-0.0444450366801858,-0.0484048698278991,0.0235048828803429,-0.121528328676646,-0.0742193080370579,0.0688994870306856,-0.0792097003552923,-0.0553219770074594,0.222544517813017,0.0190733474520211,-0.0122923376506291,0.285080715916437,-0.0520413015983266,-0.0972137743099358,0.00952812925346322,-0.0449948415963284,-0.0258256070941135,0.429272666828019
TCGA-AN-A0XW-01A,-0.120304954914653,0.153033718783412,0.0347010158949474,0.100156570916922,0.175751065269803,0.0151637622521824,-0.17698781617753,-0.0556144571817819,0.109323353656778,-0.0168035917037657,-0.0138492058169992,-0.0636331847775475,-0.0764015464350514,0.00482871768788121,0.0952612609539474,-0.0204324855379424,-0.118645580072315,0.0124310754367169,-0.0256519290540992,0.158615751868218,-0.0199806154691197,0.0884346056257214,-0.0731389660257895,-0.0769609612714357,0.0838978249151065,0.0224016719304155,0.0730461627781424,0.148467836442341,-0.0504470139577164,0.00776538589387593,0.00599189680063074,-0.0156689154961388,-0.113908521415019,0.0983421584852058,-0.150962578071976,0.173327122529716,-0.0606736353754415,0.0040029840553959,-0.0134758787018464,0.0403154792441747,0.257990254588724,0.0234887414581516,-0.0434523334221598,-0.0842502388116638,-0.0221679839607928,0.0108244082159344,-0.0238398955176252,-0.0515207318520946,0.0492307418985253,-0.0775385993817181,0.00111169678015181,0.19418974548361,-0.180635617000289,0.0591318200761672,-0.0121564980616666,-0.0362742571279875,-0.0824193397858433,-0.0982055450059282,-0.0515384892612698,0.0373780815724367,0.0855086226468666,0.0366148060017215,-0.0560109622180915,-0.0487131607981819,-0.021270735510521,0.10504948705118,0.146022619866229,0.150061240737575,-0.105428248013081,0.186988415720499,0.0013970857672562,-0.062306762563875,-0.0646671526221368,0.0200367363678151,-0.0188594704161872,-0.0964932912019207,0.055428408554354,0.10065941571433,0.0891018145791745,-0.00142411131590614,-0.167057038904857,0.0314512588482579,0.0665474575042188,-0.148442590722392,0.145855199966701,0.0404077679637169,-0.0678697452543837,-0.0592865340285473,0.00376200849496503,-0.0393005753753569,-0.0178350062587105,-0.0111069908059872,0.128371910052769,0.0399454403237863,-0.0321801251394774,-0.120026939701055,0.0953089825078265,0.104111437681721,-0.0957672252753115,-0.0273175534753299,-0.0613509005266379,-0.0416523739124662,0,0.0237503376259684,0.0535893415136439,0.0400137122963242,-0.0378050933097473,-0.0678789406131038,-0.0244256444490491,-0.0496873198859191,0.18972353476104,0.065973486450501,-0.132732231438682,0.0262358746584453,-0.0549298242815672,-0.125350025265129,-0.0839093006862981,0.148516539454746,-0.0964581648898602,-0.119143294661467,0.153636500975517,0.0148951747047845,0.0220827651614528,0.13857581891241,-0.0328136448759104
TCGA-LL-A9Q3-01A,0.0674679683336664,0.180863878438538,-0.0507527830680545,-0.143036141211778,-0.00868959495872069,0.142290002689157,-0.00987893672556971,-0.115383815499384,-0.183983325706275,-0.164118895784405,-0.184760737877759,-0.0880849113085637,-0.173086272314031,-0.107997788839683,-0.0686182545355404,-0.00893607922706987,-0.0832790520036659,-0.156532139986628,-0.115520276797469,-0.0244687799625915,-0.14104978145495,-0.0108752969948331,0.468194115813297,0.0788292140699438,0.0154839714201739,0.135732497839399,-0.108074423053044,-0.0465653071618224,-0.0976420822493353,0.248830079446097,-0.0973588121371972,-0.13996659893263,-0.13506245120028,-0.0925805933800827,0.219636687033903,0.00260828499069944,-0.0441782756090823,-0.058473603759459,0.0246903229025848,0.519668349659892,0.0298716491837306,-0.205286143864179,0.088881460510219,-0.0278515112617131,-0.0264209817715767,-0.163102503049569,-0.136012316183877,-0.141366258831299,-0.0174249437359247,-0.0298433541016273,0.143686551999227,0.0449848970485852,-0.047796743328385,-0.14669360317414,-0.136006503310934,0.0600444187048822,0.308336985067533,-0.0358905673092846,0.125590110812108,-0.160229875397146,-0.0900331364959725,0.0236623011645054,-0.0402180830789359,-0.110567359233043,-0.164119866511485,0.0382046874932501,-0.121871238759537,-0.0973075691988558,-0.0475064492064507,-0.140094384748894,-0.0244120882916334,0.0534842661428916,0.127854714324134,0.150153221324629,-0.122324500763783,0.115256736528485,0.0936871964933883,0.0429787898156489,0.101617410157404,0.019421911056775,-0.028771816091453,-0.215329376528024,0.0337124185359843,0.0569707584714802,0.187563240765773,-0.0288098370915007,0.0499210368259033,-0.177713349733365,-0.181762239963411,-0.171566783880533,-0.0124681769407841,-0.0232389998026233,0.0666493143649008,0.146175943108391,0.0188242093134759,-0.132017750323402,0.218293227463457,0.0915596584884707,-0.0134614391800379,0.0684065909367369,-0.110586140778408,0.23155773601902,0.0237503376259684,0,0.174041782280424,-0.181494629595697,0.0561882247647291,-0.0450542186041774,-0.0632684694314974,0.0303829689648557,-0.0799802143220426,-0.0335608255770059,-0.0722887571511572,-0.182815394260837,-0.0446940412420548,0.199390960428,-0.0336848892348292,0.0417072306651214,0.116108911078595,-0.0619706165087847,-0.063523691406875,0.0829718266337836,-0.0164449717027079,0.044026215983586,0.16850558821135
TCGA-E9-A22A-01A,-0.137338661466883,0.0792616554090826,-0.00110447266228193,0.16067418030077,0.073679320440214,-0.0155525639377234,-0.113041347770454,-0.0980200156425822,0.151369855253399,-0.0103464264546075,0.097642040265695,-0.00386105559270313,-0.0290373970086605,-0.089770217762017,0.211209180143456,-0.00433865874046686,-0.208910347589923,0.0900772271933886,0.116910053862247,0.0271853193796386,-0.0384184399167226,-0.15747202919148,0.140556254614182,-0.0237178048722015,0.218671592392065,-0.164365790233163,-0.00611003958993998,-0.00252848653607121,0.07272181866678,0.338764538982843,0.1379333177092,0.125118274261176,-0.00825286160374157,-0.0184669513303042,-0.0421037907354486,0.221270750634003,-0.0873904507448337,-0.0619221459696062,0.0398602801103658,0.177205308711787,0.000371768235195908,-0.203239410335171,0.13057119567287,-0.0306747392244214,-0.202300068829455,-0.129115640413928,0.143936760625367,-0.0718534201526313,-0.0883840485822067,0.124092461701159,0.080928347993739,-0.148481949646159,-0.0734253338827157,0.0718969463890073,-0.249853615269486,-0.043083511139891,0.0492529184211789,-0.0717473052967225,-0.113414080335246,0.0959956143918272,0.141768081279779,-0.106215898968459,-0.0108315279550558,0.213835599665591,-0.0589600426423189,-0.0433570376879351,-0.0654933764944301,0.0611999154730465,-0.0661525765776176,0.124691212122488,-0.0868375444385782,0.0944515896413324,-0.141193029574475,0.185233496678429,-0.121136266220945,0.0389080545263855,0.223407703731516,-0.172871518942907,-0.10564268353492,-0.138435292816647,-0.100721590899715,0.0138107807640517,-0.15863665876263,0.0285197057523631,-0.0329307224189965,0.0398618560934422,0.122393204002287,0.161802043571508,0.0571071729762204,-0.0928071336842716,-0.164999984369,-0.237440716411002,-0.149602110343095,-0.0741896793460564,0.148823204464422,-0.165137382942298,-0.0587985296947068,-0.0354680075734547,-0.0172297381297846,0.171312324842519,-0.197276109957738,0.416871462699101,0.0535893415136439,0.174041782280424,0,-0.0764202734616797,-0.0357781246599192,-0.129642252615661,-0.193101891740435,-0.0730139890719321,-0.143214298352399,-0.222905889548131,-0.106084359541075,0.113877843305393,-0.136083737899252,-0.0860362943168781,0.00329335116034144,0.036084173543061,0.0511639487024872,0.126641684286291,-0.0636007396738167,0.298031158350185,0.293739153288271,0.138118587714646,0.280789924603771
TCGA-A2-A1G0-01A,-0.0960535701637185,-0.0967435946520717,-0.0431503640364758,0.143696324935532,-0.114924657228463,-0.0156998196430454,0.0120654467826855,-0.104196046491208,0.014450903160728,0.202011584211959,-0.0225889681708092,-0.0146251611454076,0.00091891234180067,0.0674496279262591,-0.066659097115323,0.131902891770648,0.0608462715887892,0.0658357030766345,-0.050470373313915,-0.110747362298943,0.0894414577215265,0.0512828333951191,-0.274491187404776,-0.0821700143617644,-0.127784075769014,-0.083194145508912,0.0287611272839218,0.159268538867754,0.119646725876052,-0.109396963233441,0.1243972003322,0.162423884373938,0.154825079561621,0.118649421111153,-0.0868549350359047,-0.0553909012713224,0.161117401941669,0.0136445564031005,0.0142112789183087,-0.224080936148556,-0.0145854615900395,0.182039365294223,-0.0293919756381413,0.182556614007501,0.0352481401656905,0.165957537174473,0.00989751744828465,-0.0930381844104491,-0.00216218066607743,-0.0622781334723074,-0.10488921594251,0.115754875160296,-0.0255362460500626,0.114160855473962,0.132903200975644,0.0157156387601757,-0.229090346932237,0.0547541035043413,0.0555514288127626,-0.00252667566966195,-0.0774151422444233,-0.127978898039631,0.0397247394739319,0.0205230655125663,-0.0716801063113474,-0.0958474771562542,0.0714751003782487,0.197176416461073,-0.0614932425854399,0.072011208664614,-0.0125159877177888,-0.0780330931983253,-0.116056519964253,-0.104953563072619,0.163980108537735,-0.0579064350021254,-0.09192485885318,-0.0496806610465243,-0.130445850557583,-0.0282712639794978,-0.0083176388961187,0.151159515264163,-0.0370422837663978,-0.0338868048699245,-0.0334554312028729,-0.137283200028671,-0.0274048696805011,0.0812210872353254,0.0491681505665838,0.138278124615222,0.126797255811695,0.0195298157934864,-0.0727577361894324,-0.0423394761809219,-0.0593491618118142,0.129807459568779,-0.16494037113128,-0.091292954816327,0.0441631228070256,0.0358628238277196,0.146636860893419,-0.0704667919334851,0.0400137122963242,-0.181494629595697,-0.0764202734616797,0,0.083930668986448,0.0316995283177455,0.00236873045770133,-0.040040504258817,0.175843189191947,-0.0235496991393204,-0.0300704184996537,0.0435371515235229,0.0234166362430428,-0.118823036105772,-0.0575124958944104,0.0463029309619399,-0.110907213631361,0.01753441656198,0.0198295512296011,-0.0779019478322496,-0.0115832205472433,-0.148795396001818,-0.0410614769054616
TCGA-C8-A1HN-01A,0.0969478403016175,0.0259953000612194,-0.0338913577720071,-0.0224145254729587,-0.125553280157172,0.301361542138243,0.14975876895823,-0.131713117775676,-0.189380066368409,-0.124971590570452,-0.227809260461226,-0.0936949240860795,-0.13146606355817,-0.0378566097972847,-0.135624343963322,-0.103751372743349,0.213838286319054,-0.0674353127676034,-0.116155090483935,-0.0464149173133875,-0.113750757793895,0.0514015041743481,0.104516503974812,0.0481697413032535,-0.235014909682866,0.162913478789139,-0.0526292302166214,0.165058948985623,-0.0207798861154385,-0.0550558404066433,-0.148664639870776,-0.135956713259196,-0.112124501301235,-0.141838206005167,0.112670655924158,-0.145949528498496,0.0779603663235282,0.0731869456079335,0.00258913686711278,-0.0648848263013549,-0.0830053344237361,0.0199891705808333,-0.112775739124697,0.23333246876646,-0.0241090493232577,-0.0808940994814005,-0.253702913601682,-0.0738193076041169,0.0787152112539337,-0.0733925072201641,0.0612536555385301,0.18060114946873,-0.0447546764309534,-0.229061570479995,-0.0350410491123384,0.149509933522664,0.0053525615669713,0.0545104982243263,0.288207220957871,-0.182821400436907,-0.217631978982037,0.0847453522318386,0.075961738280086,-0.10877114934463,-0.120805377412345,0.1025474885571,-0.11312306029001,-0.0999972756692112,-0.0503554151839701,-0.162042368510368,-0.0166265674280502,0.0438459284211112,0.123049999914912,-0.10313542836914,-0.0577220111820744,0.175560666893372,-0.142399505712596,0.0802110864583834,0.115213111621408,0.00797982671873038,0.0556070619163724,-0.127172619101468,-0.0292940287247833,0.155349002676095,0.134276275586125,-0.052466798564586,0.0174520424812595,-0.170475759647003,-0.130069049179104,0.0181951028713981,0.0988564141258238,0.0239866041896686,0.00714166817102977,0.144714488510364,-0.1170012207657,0.109980848585783,0.116389481221908,0.0361866963319253,0.000882952803538403,0.00887078941774636,-0.0356181719552787,0.0584356473137308,-0.0378050933097473,0.0561882247647291,-0.0357781246599192,0.083930668986448,0,0.118817648669293,0.042000306851576,0.0830286258245421,0.0481714743706918,0.035810083435512,0.0547611888211285,-0.148552641663758,0.062795865629572,0.199101125472651,-0.111462804423364,0.171270617474167,0.0839812788409752,-0.143069649839592,-0.0992985733697641,-0.142191034978938,-0.252283154484319,-0.103588847293346,0.168796412053803
TCGA-AR-A24K-01A,0.226944442467793,-0.0998304745686966,0.133792784044659,-0.0781998413616479,-0.155671292671988,-0.0344454164240257,0.133713956825957,0.011438702350665,-0.188825298121889,0.0912420392377119,-0.219777132436202,-0.0271820107207513,-0.0972255787518333,0.132396537479487,-0.222025947251565,0.0891142369220363,0.0987396456906297,-0.0320153274244174,-0.203230850968464,-0.12383134187992,0.0955836196562964,0.0673348528148634,0.0945875352747304,0.064783573742194,-0.237028323092839,0.11043777916734,0.17610850028456,0.0213264444619741,-0.065495238100574,-0.0958419993064788,-0.118869640399342,-0.177887093260065,0.0203918955761419,0.0436999524025676,0.0263579914483698,-0.226224579884004,0.151503231359764,0.139796327442295,0.0463489887962697,-0.012429720117197,-0.0269484291394539,0.0912968784117091,-0.258195561935196,0.138618520017481,0.0787993769496511,0.0259385164029664,-0.260550806528349,-0.0924390306908887,-0.0967934390918838,-0.135106130951259,-0.16796360091906,0.0239359051334625,-0.0160522597914697,-0.14054297903324,0.188633638853848,0.106039788232265,-0.0787194247271361,0.145705404450853,0.0568209668434619,-0.0798419983837698,-0.265903410423902,0.0291167910046897,-0.000410638995261171,-0.187246948381206,0.0544676751359856,0.150940663192359,-0.039227667267604,-0.00249158461168301,0.0117504163529043,-0.214114459681199,0.0632117861952755,-0.0499223348495785,-0.0278903923860601,-0.265339032366474,0.0791206178014381,-0.0159792761466995,-0.0374823214152071,0.189738071862374,0.10700307136861,0.146178813586002,0.0680222580286215,0.136527839710633,-0.0302605826569526,0.0508606755624792,-0.0262587098922962,-0.0358054549984363,-0.05998174924116,-0.214713370477333,-0.024011659328515,0.0831132716477121,0.2240129070907,0.167488325316361,0.126914437472691,0.062921492546205,-0.207495675303919,0.134330853275078,0.043867465974158,-0.104646140911661,0.0390056824380283,-0.0525444311678489,0.0782538580430975,-0.0444450366801858,-0.0678789406131038,-0.0450542186041774,-0.129642252615661,0.0316995283177455,0.118817648669293,0,0.0311158593637951,0.0602298557202498,0.0979660257162885,0.294676391281596,0.0340885343218823,-0.184737037688483,-0.059268507213504,0.0738590678710261,-0.219132958139948,-0.158482661742614,0.100390405084833,-0.150507359420725,-0.0287431020427427,-0.257151908961429,-0.291915840785182,-0.166797139018094,0.0566792092585243
TCGA-BH-A0B5-01A,0.164821550825058,-0.177087483750352,-0.0687977023317116,-0.206866017627732,-0.185188280073504,-0.0160843993123994,0.131404356983892,-0.0582641063175366,-0.26732204544623,-0.0751058011787097,-0.157636414715316,-0.102849799770938,-0.181683726619057,-0.0464951185959615,-0.196912378502911,-0.0117043074539249,0.139474998088053,-0.140327432832977,-0.162248267673305,-0.24646759311643,0.133503706533045,0.243868440401673,-0.0814881206401549,0.0897071446570707,-0.273121124142392,0.203158736146148,-0.0439299838486335,0.0464209283729322,-0.0237344608545559,-0.169226851697357,-0.0644149073732572,-0.0489103127275917,0.0971460610284552,-0.0241314723058141,0.174943076807619,-0.15387409838093,0.0765135841252581,-0.0392863874719739,0.0912389963168087,-0.0807531584885073,0.0659651024658733,0.152267938786298,-0.0179576134771484,0.0733058267643138,0.196192361667229,0.130107966689774,-0.0661213886773999,-0.131199881133599,0.0954304222675195,-0.0708736996295428,0.100466407479751,0.182217002820331,0.19895575612835,-0.281973504997788,0.189501840704752,0.0593862306320719,-0.0544279682850503,0.13404093767685,0.123153603689864,-0.272540500133975,-0.284531235826099,0.00309937070126853,0.030127033410383,-0.125231949922488,-0.226066339230425,-0.0209472852829396,0.012908902195737,-0.0209567166136278,-0.140536350267995,-0.203532426846553,0.22914123753753,0.0602920720051698,0.158484492025582,-0.147607623102607,0.163770801847388,0.0971886776465729,-0.112411968694002,0.172430170682931,0.0568898881868163,0.148463755539513,0.117688436675947,-0.0641830236524718,0.235285068791665,-0.0216055752117492,0.0637418081094627,-0.207846950166343,-0.00887244895304003,-0.178822254340279,-0.178080470447657,0.0495078475897855,0.0805267545273229,0.313397220179322,0.197129562555437,-0.0265018597690658,-0.0258921985696053,0.0505782211910343,0.0117180613637288,-0.0305327947817389,-0.021458465224366,-0.0964950606072974,0.335578613049944,-0.0484048698278991,-0.0244256444490491,-0.0632684694314974,-0.193101891740435,0.00236873045770133,0.042000306851576,0.0311158593637951,0,-0.0264521964902138,0.117486883399222,0.0999468826336465,0.0655729039304127,-0.231229688169244,0.25213039228183,0.118410341233047,0.0929446065733858,-0.0485612112046567,0.058063007975144,-0.116556499554076,0.0521924470625062,-0.158803424266654,-0.244624537855947,-0.153034771670733,0.0321833193792182
TCGA-D8-A1JA-01A,0.165817936123631,0.177637204747103,0.0375958386256585,-0.0464242891436872,-0.0799527313659823,0.164754663795119,0.114990172089312,0.0135115984982668,-0.111019316730064,-0.0588794880080011,-0.135633939382398,-0.00558652484663954,0.010076195532036,-0.0340713700640932,-0.141514273797186,-0.0417587502074906,0.0765148476060673,0.0882451768084131,-0.0130674988302483,0.000934009135570979,-0.00805213806192353,-0.0976766921108273,0.0502484383054257,0.13430108206954,-0.135429474441398,0.0199212653820656,0.00744337269743,-0.0462787307929707,0.00333106890368616,0.00417496296718225,-0.0484048692119384,-0.19144175819294,-0.0673318260694426,-0.095758183842158,-0.0600001149962446,-0.141723960069379,0.0171801823199192,0.104465898137996,-0.0232922888559015,-0.0576536519742208,-0.0834646274857746,0.0137838882606256,-0.127394316131709,0.00349305950480233,0.0502561489057845,-0.0989882656464231,-0.162702696933481,0.00217519144820914,-0.0416128633285395,0.156780859798256,-0.0164225725799176,0.0446689705079144,-0.0453545289111936,-0.0937925428516474,0.031340838308547,0.093633159609768,0.0605916267650519,0.0565532671665517,0.0312115742837561,-0.00306555305300664,-0.0907493534889656,-0.0247422482252221,0.0627799030488143,-0.0529150628053048,0.0977020491180029,0.0290944511045154,-0.0463142967086197,-0.0544933657678465,0.0899345281906275,-0.144459515282625,-0.0175850811773619,0.0760969396601484,0.0267518367372725,-0.050201389654121,-0.0803464564326402,0.0163330202410156,-0.128108628351726,-0.0387324975125535,0.0625497534657239,0.00995764880909911,0.0442704657600616,-0.0406235413960981,-0.00016589094659278,0.150099254217412,0.0669776378070193,0.0450712767727726,-0.0386535567688711,-0.145623567854137,-0.0134049816711436,0.0056520938934361,0.022014698334951,0.00158459085237565,-0.038830773707534,0.0886296159664086,-0.144249373727523,0.102868469609193,0.134116461845422,0.221088401285409,0.0810147456279507,-0.116866838988679,-0.071584991705531,0.0235048828803429,-0.0496873198859191,0.0303829689648557,-0.0730139890719321,-0.040040504258817,0.0830286258245421,0.0602298557202498,-0.0264521964902138,0,8.48155718530695e-06,0.04298189158094,0.0113482427839652,-0.0887078782999925,-0.0705460198584036,0.0758840372078039,-0.0580612058684133,-0.0303499700361089,0.0287084611795771,-0.0421927068512629,-0.110867155658115,-0.15285351799596,-0.130375637894384,-0.103700018312644,0.0107121415207863
TCGA-BH-A0W4-01A,0.0108703631706438,0.0791382043457059,0.0310193922197577,-0.0938238147659533,0.0381608260186758,0.00614711359560651,-0.0521377535241352,-0.0651813930945958,-0.0686609105409197,0.162513421624327,-0.271384176861431,-0.0863168621867489,-0.165211164363506,0.113810991925856,-0.222522676124115,0.140352270600983,0.0157893434528868,-0.0323543919790475,-0.16178939704894,0.0482086151151042,-0.00911625301933069,0.12631433504756,-0.0548281344898842,0.0200530031015335,-0.205436873596192,0.121187331357651,0.0988517141977676,0.168758034564928,-0.137386333608319,-0.0689528876794641,-0.0331626091577789,-0.180589329717624,0.019957777281168,0.155812597742397,-0.122941932083388,-0.156657243702476,0.198933123762342,0.0550780106307453,0.0212451891000679,-0.0828903105658561,0.201361952982986,0.129147896338271,-0.179569804529026,0.0191928849976935,0.139251980082199,0.0611729671418167,-0.222581234043482,-0.0846956572846908,0.0510155649553397,-0.178360726027074,-0.107471551914371,0.290559101028189,-0.133452061833346,0.1465986176673,0.171150032422678,0.04163899547508,-0.191069959119153,0.0254999307684266,0.0103808864603582,-0.104394602833188,-0.228994143761212,-0.0034063842685428,0.0695849927558022,-0.312195639549206,0.0399434073637913,0.119778731186509,0.332354969216659,0.152818530653208,-0.0737850535899566,-0.0647370749331676,0.0377910699175327,-0.0589173186115029,0.0327526946752247,-0.203981191641962,0.127572389794517,-0.106235038613713,-0.0874012307954057,0.150693645702754,0.11729252357006,0.0899268018989079,-0.06425857895711,-0.0219582857067139,0.185661403472199,-0.12385093791875,0.189361539401396,-0.0335565118437194,-0.189490232087898,-0.292756832989256,-0.0505812285615635,-0.00785835348799606,0.153186022887463,0.0767084363587268,0.182659103000569,0.135275242899274,-0.291944604759625,0.0817179296537409,0.0784935874804752,0.0159621545282571,-0.0410076169339297,-0.227164473151,0.0492986377070342,-0.121528328676646,0.18972353476104,-0.0799802143220426,-0.143214298352399,0.175843189191947,0.0481714743706918,0.0979660257162885,0.117486883399222,8.48155718530695e-06,0,0.150626268407498,-0.0694806200547965,-0.166022543383327,-0.0647484297907549,-0.0320968046414894,-0.208999265982635,0.00938251433816791,-0.0550679707737726,-0.209494230844552,0.140552470214907,-0.326850926759563,-0.297143597030331,-0.0882824867910499,-0.0221330218283003
TCGA-E2-A15J-01A,0.219239139808767,-0.0470688459419313,0.145174701069765,-0.123729376730305,-0.0818474220863625,-0.0604994799563439,0.0273240465141694,-0.0125039638906581,-0.17973574324372,-0.0418227470333047,-0.202079856020995,-0.0991468648554665,-0.121563438043716,0.108907776030874,-0.207694639587996,0.0610400334034392,0.0453180708050479,-0.0854874216441316,-0.247503835446204,-0.0648381244992542,0.0922542989877727,0.120114501414226,0.0196083767468399,0.0485238596285495,-0.227764491864536,0.170264681489086,0.118369737026844,0.103717701077419,-0.158607977917012,-0.136919943281818,-0.165092927169012,-0.283518241216672,-0.102504650727739,0.105313168760523,-0.00969128334944083,-0.135953456400946,0.107535076770134,0.0787012235838787,-0.066815827499897,0.04606259626597,0.186777226750035,0.125355502905488,-0.23022893974877,0.0642047577293506,0.191258539652838,0.076634436543672,-0.233821871760593,-0.0966983198925356,-0.0405323806213737,-0.208175424304688,-0.0952331201696736,0.0884136924113193,-0.0829716871269707,-0.0812911774749758,0.265585327213035,0.0644076680609046,-0.0991158836352634,0.0858803508566113,0.0367421757625234,-0.0933173389962196,-0.212557813940933,0.126357701747387,0.00889719014208469,-0.330986379366603,0.0466431532198192,0.189270760104157,0.0182642235498822,-0.00159511826546679,-0.0212273878976501,-0.11169509449035,0.0568273274899882,-0.128798724823889,0.061434908420412,-0.24409753179428,0.0705008505874041,-0.0543236588515188,-0.0633192051310953,0.276408306442744,0.272992217912353,0.232934866950697,-0.0274428925063144,0.0353059021525668,0.0862338858049204,-0.0123979856551613,0.0746672369374935,-0.0456305845336525,-0.182197349200942,-0.322122216394515,-0.109038983313443,0.0959604756901241,0.167650040207816,0.252337014787378,0.26704029361857,0.107934560079802,-0.229453928511232,0.0724583840436529,0.148412872826602,-0.0276995634106389,-0.101486321237058,-0.187338750867762,0.0567421535289636,-0.0742193080370579,0.065973486450501,-0.0335608255770059,-0.222905889548131,-0.0235496991393204,0.035810083435512,0.294676391281596,0.0999468826336465,0.04298189158094,0.150626268407498,0,0.0132086234664956,-0.178759746602685,-0.0576068655921912,0.101651445400405,-0.149414252387083,-0.135081586082131,0.0294719363000056,-0.193879807372964,0.169714506753948,-0.292676819923871,-0.323267397383659,-0.0543846071326835,0.00280223299656329
TCGA-AO-A1KT-01A,-0.0438819055758237,-0.227848838506165,-0.0755700420217996,-0.042457312865828,-0.169373543119688,0.0499373780590329,0.201333770640701,0.0410255994745446,-0.229306623473244,-0.153876929353239,-0.0910480197006908,-0.0819836782249554,-0.134827517235767,-0.0464044232728158,-0.205594015960434,-0.193720682095455,0.197598673087087,-0.139148971099872,-0.0837143725014571,-0.0980718375371669,-0.0376282246907244,0.0866035989918195,0.0603935773264846,0.0808365164395298,-0.167706696048677,0.112983152607315,-0.0107214108461329,-0.132401285529377,0.0570530521722112,-0.104716314548053,-0.0306808412471977,0.0265967269743285,-0.0094547741257652,-0.129532574654191,0.273076230998894,-0.143877523986715,0.0276184448601876,-0.133888066309311,0.0529608099689676,-0.0357567477056747,-0.12023161135514,0.220159970296673,-0.0134767447193499,0.00234526368390511,0.0689753642340588,-0.0140818410786917,-0.0594676090961322,0.037999486480626,0.0524400675168864,-0.0709320670672455,0.0223486881101251,0.0332177347023621,0.176419890420596,-0.246199629853306,0.109655462683856,0.129205394660301,0.109743882449492,0.0417270049162813,0.0692665491725166,-0.20851774194134,-0.202425184915016,0.299026674982986,0.0408097193707438,-0.0955232427365861,-0.0756034531545495,0.0442636955582095,-0.0823115601093206,-0.132476428645089,-0.0955855174941335,-0.182825959078131,0.134092176391442,-0.0368507358247498,0.257853480459201,-0.0274268154184763,0.0473086576656263,0.116393880324286,-0.151700631234171,0.0241367570206129,0.0664083265444023,0.100174834606226,0.141914366338887,-0.138864281890343,-0.00367286992498905,0.147651869488577,-0.148595071034564,-0.133355632663903,-0.0178193712038533,-0.0666016440176057,-0.149094155167846,-0.0179723649576361,-0.016359469596499,0.13934474477577,0.0879732904079375,0.134087338699002,-0.0610675115616329,0.147314957085508,-0.0783444559682156,-0.073435694736483,-0.123992418331129,-0.114198600448233,0.166962937364707,0.0688994870306856,-0.132732231438682,-0.0722887571511572,-0.106084359541075,-0.0300704184996537,0.0547611888211285,0.0340885343218823,0.0655729039304127,0.0113482427839652,-0.0694806200547965,0.0132086234664956,0,-0.146341371942656,0.172017751121353,0.136960483540721,0.103221607239317,0.0691348562603741,0.0472917129315918,-0.0952177251586455,-0.0185477582641396,-0.0781952584396198,-0.195118059325573,-0.0337735568152659,0.133054542020109
TCGA-EW-A1P4-01A,-0.211849745226568,0.0367922220784665,0.0622690987223983,0.295949239733652,0.176504764232838,-0.104358416115233,-0.147261063599556,0.106937550934802,0.433226827497213,0.0441022974338013,0.440550488998226,0.208957007975564,0.472196391757162,-0.012373564127703,0.376261727113349,-0.00996436743087086,-0.181103337683021,0.264529947235363,0.426513971759854,0.207874576317008,-0.0120774959140286,-0.188168611558182,-0.205666050194168,-0.134918213301716,0.302814595983052,-0.331872596582816,0.00692415992626734,-0.0229310823931299,0.0810263063478107,0.0507031981255829,0.146522696292139,0.153077127857202,0.0127093094113623,-0.00222985811983155,-0.263268805984147,0.262630561662028,-0.193434356163766,0.0401103954196549,-0.12152543715383,-0.117835889394409,-0.0290234739750901,-0.0821111959472674,0.0738469527180482,-0.110214623200387,-0.216383603811209,-0.0343520072003799,0.285905916286315,0.154818812700605,-0.0914352002270914,0.116132891438445,-0.0954533366960185,-0.236727006065051,-0.138914478677309,0.307632860788006,-0.148652335578539,-0.170085580316731,-0.113931105580792,-0.153963824146953,-0.213640088811543,0.499977037138736,0.45236891764241,-0.172723966224263,-0.0288216521226043,0.277195846674771,0.245146831076537,-0.18141096212386,-0.045764420807103,0.0859619824756081,0.107822929434164,0.35412606900182,-0.175660444506623,-0.062567726401143,-0.26208430027722,0.248646183667738,-0.074748469485296,-0.126543411400601,0.0657018647800295,-0.237123665701378,-0.192773269413141,-0.174178024621854,-0.160015702123494,0.165203530730813,-0.214531188286611,-0.050428897854282,-0.158065090474025,0.256565116848252,-0.0118383501172613,0.404390892055777,0.260696680764774,0.0498691881852285,-0.183080968163107,-0.250529582260892,-0.248628090557321,-0.197524225856918,0.120764880190604,-0.127294112425944,-0.191167239551515,-0.0357376638844408,-0.00176285018163749,0.107924864275399,-0.205204965744349,-0.0792097003552923,0.0262358746584453,-0.182815394260837,0.113877843305393,0.0435371515235229,-0.148552641663758,-0.184737037688483,-0.231229688169244,-0.0887078782999925,-0.166022543383327,-0.178759746602685,-0.146341371942656,0,-0.139288323906438,-0.288266941058093,0.0341825278549695,0.0118030115258923,-0.131541633481582,0.226627542084196,-0.013307394627102,0.238421525705188,0.412286687955856,0.152804213224553,-0.207910800043794
TCGA-E2-A15K-01A,-0.0363522282165292,-0.192378680491008,-0.174261869038093,-0.136640474088556,-0.180742061443149,0.089302783151568,0.0871912867304064,-0.0385008179753363,-0.199500783494339,-0.146617054212964,-0.0321586395659507,-0.120813656158725,-0.138973511507867,-0.133915050469926,-0.0471069399001682,-0.166174748608874,0.211661375242625,-0.186890615676276,-0.0590385682641229,-0.19107749221852,-0.00562491766807775,0.341350521546929,-0.106643286458948,0.00344366124265837,-0.145252254444965,0.228277336476792,-0.0811950582586413,-0.0579367274943234,0.0618982600874245,-0.238638223351126,-0.0596990397138003,0.154001701292591,0.0700914600866725,-0.148888416085553,0.338952106958286,-0.0715793199677112,-0.0375949371801262,-0.0984214062189966,0.0726662283485622,-0.0898947496407017,-0.0584177748296065,0.13010040567971,0.0713264157808055,-0.00438135955116995,0.0583879925944723,0.0413634727835539,-0.0164436017539086,0.0534524413560613,0.327755988310084,0.0159899506238075,0.126505355519078,0.17438978872851,0.234215371303266,-0.315075624250233,0.0352381498593649,0.0255441419335276,0.116302597713279,0.0148221647464031,0.139209085773619,-0.259073412384158,-0.188184247020902,0.0526825851620688,-0.0976850235448901,0.103553323533678,-0.288890639629969,-0.101310466863534,-0.0249986577987573,-0.128015626525615,-0.120348447796186,-0.092964331516705,0.245455056643306,0.0941842056353823,0.176950059518082,-0.00648269489604509,0.0980457748031365,0.0652205278957793,-0.152789542566007,0.05948614418183,-0.0354907336986371,-0.0198293177593158,0.0473161412623486,-0.0785860229468136,0.224463557501345,-0.0966251352784745,-0.0213066276148739,-0.219621083762708,0.091617759180477,0.0444902341798535,-0.219179377472056,0.0383274565539499,-0.00916617379558271,0.213679194999492,0.0557545816564294,0.0053755773780401,0.0978676762907579,0.0659577595394323,-0.0622148253337199,0.0108648653630576,-0.0150862439733432,0.0267462836489216,0.297560540456343,-0.0553219770074594,-0.0549298242815672,-0.0446940412420548,-0.136083737899252,0.0234166362430428,0.062795865629572,-0.059268507213504,0.25213039228183,-0.0705460198584036,-0.0647484297907549,-0.0576068655921912,0.172017751121353,-0.139288323906438,0,0.0434576033837275,0.219740260327308,0.184267046474319,-0.0510587018334618,-0.0933356333751857,-0.0780964677961558,0.0394073807348995,-0.0857266157227078,-0.0310217507502695,0.0220764257378708
TCGA-AC-A7VB-01A,0.171463060381292,0.0135233951092311,0.0107716686046652,-0.237558751548075,-0.21942233926505,0.159738989288713,0.182817069913099,-0.135709621529487,-0.412253228884822,-0.253703565448212,-0.29437331555592,-0.18554962255583,-0.208375278142583,-0.0736214927515063,-0.319436674513684,-0.101427578854737,0.130673815169957,-0.189035843838271,-0.180046304600687,-0.210396938563213,-0.105424079346558,0.0526614030100013,0.329257172691218,0.186013803906681,-0.258560440782446,0.320651067702088,-0.100665412781009,-0.0418178560709975,-0.0709600365653734,0.0353980147740076,-0.222770446420388,-0.239187874704563,-0.150196299201488,-0.147981976298048,0.329918702417741,-0.212798197596108,0.0611105371737615,-0.0638744229178102,0.0135120481482286,0.127267697593457,-0.0975360585367435,0.0272233736236642,0.0540457801859082,0.138149702932779,0.131200363435608,-0.0721430561340431,-0.158031837909115,-0.164605392208442,0.0543128879908473,-0.0609688104658209,0.207883824609122,0.137729585137485,0.152583694984124,-0.320682150129539,0.0210018347396818,0.169040840450725,0.173998921165961,0.127024050372421,0.293489901034613,-0.288927439468156,-0.289767369110605,0.160979268126634,0.105490089097332,-0.225737076963296,-0.188824352398938,0.111212193520604,-0.13894549880856,-0.198113369936323,-0.12701178284086,-0.342573107714443,0.0622802063453539,0.0399116720233512,0.37240518866955,-0.129954683723311,-0.00657822339508968,0.315112869195845,-0.043711744330565,0.11120573988304,0.185689721485301,0.148869193053425,0.12795385558878,-0.256315714274946,0.0466723287195807,0.258652371233457,0.139989330199793,-0.144492190638467,0.0013450354309574,-0.284406531010074,-0.275478326337296,-0.0277176745425066,0.0248486824771975,0.19044839067077,0.159145582441527,0.180563136578578,-0.100756567832033,0.0520480592302364,0.181840043950314,-0.0383386798799083,-0.113049599504631,-0.11308147759758,0.0368465608989353,0.222544517813017,-0.125350025265129,0.199390960428,-0.0860362943168781,-0.118823036105772,0.199101125472651,0.0738590678710261,0.118410341233047,0.0758840372078039,-0.0320968046414894,0.101651445400405,0.136960483540721,-0.288266941058093,0.0434576033837275,0,-0.0274327971888305,-0.0498243559418996,0.318689787942479,-0.127926698340869,-0.0804012236321333,-0.161146332173712,-0.303009875380839,-0.114875383075949,0.18281302374152
TCGA-AC-A5XS-01A,-0.068842429703804,-0.103770873151482,-0.0978218607781231,0.0641159573385864,-0.048744756315629,-0.0123839984806084,0.0557571807457355,-0.0313206974587801,0.00377458791598492,-0.141120463911286,0.153807268115989,-0.0773049256813633,-0.0119639747222306,-0.165281594908032,0.0632234414223882,-0.0530841613754149,0.0245455846290288,0.016390418443031,0.0075406086658796,-0.131624260270102,0.08348316836424,0.0015447291146374,-0.149981594108376,-0.0468033838917761,0.144814663335475,-0.0109508225130869,-0.115694139692217,-0.104921166041145,0.168637554095484,0.0141905686853633,0.0878334923309199,0.17461074931938,0.023867974401511,-0.116611737831953,0.0766427136137192,0.127286706066313,-0.105661971280361,-0.154485229935725,0.0241446167376671,-0.0421320316819478,-0.0241356084371469,0.0187629438462225,0.264556820415971,-0.122598876430137,0.0581545128167174,0.0479189445312577,0.274458722762646,0.0579120913780056,0.134822704588657,0.0490796040950008,0.143574984979073,-0.0866785677660841,0.124042608056305,-0.03737033431092,-0.0796385633369959,-0.0720067242096749,0.0783695527347647,-0.0288011914188666,-0.012921202984725,-0.0461827698719896,0.154104369712344,0.0242675174379718,-0.0562935139641583,0.171998122680949,-0.169554997540284,-0.167739749079991,-0.0522525802560617,-0.0301743530075594,-0.118547408452956,0.102652633132738,0.0953934907044538,0.0942390325926224,0.0582788351471646,0.138963972785288,0.0226385840376441,-0.0208279386673028,-0.0323304404289686,-0.053825014219932,-0.124405460895323,0.0047722612675179,-0.019521824965158,-0.00860055878872648,0.0542611425392049,-0.0647003354943063,-0.107296851980178,-0.113109214096325,0.108519435465077,0.095300201006485,-0.0982651860006787,0.0106599710528543,-0.0409372530773911,-0.0428366276514977,-0.0773663114481268,-0.0979664448565733,0.287190389334464,-0.0167135664432566,-0.0879680510954149,0.0663559304485525,-0.0426690447092401,0.0830391772679368,0.0842962884645243,0.0190733474520211,-0.0839093006862981,-0.0336848892348292,0.00329335116034144,-0.0575124958944104,-0.111462804423364,-0.219132958139948,0.0929446065733858,-0.0580612058684133,-0.208999265982635,-0.149414252387083,0.103221607239317,0.0341825278549695,0.219740260327308,-0.0274327971888305,0,0.0653706685080682,-0.0914856763405781,0.155289587252026,-0.0142824647788901,0.203051766173737,0.181931462780885,0.103529958569547,-0.0302353384674329
TCGA-A2-A0YH-01A,-0.169970441382998,0.0496360101422384,-0.12688521722619,0.0828687352802926,0.0790179574490847,0.338709742085872,0.0355621884245212,-0.0755899987124074,0.00591952092680057,-0.183688342564095,0.0223928437264299,-0.114245709538907,-0.106129131654553,-0.159999387088813,0.0947089643251786,-0.220022256308279,0.181955251087503,-0.134151338303614,0.00774989063195019,0.0997317415023241,-0.157018479111127,0.127301231375328,-0.0372244373887126,-0.0438756037191244,0.0280498366548928,0.0681053065505933,-0.0263696033891093,0.078683014948975,0.0895854155073102,-0.109522937864651,0.00182014415374096,0.0868766321098675,-0.112308363570701,-0.158438197392388,0.115412745781355,0.087089164093346,-0.0638382622000637,-0.0767924638830755,-0.0151749236844508,-0.0278398269599141,0.0909252596842643,0.0147943553803364,0.0114647992318366,-0.0470646480262993,-0.118463706013265,-0.103619116458075,-0.0327437742284759,0.0587240162959428,0.243818659789011,0.00920446314935472,0.122350943134549,0.181312353798486,0.0048523811093757,-0.120162619533302,-0.0859272210768015,0.0146093159117858,0.0343415956627508,-0.163775864913583,0.0872702995583647,-0.0917117287836402,0.00626539475689359,0.0961108732136652,0.00531949565462473,0.0854065119653132,-0.173770371037371,-0.0268047024423718,0.0127968808686691,-0.0672926321197952,-0.0815446955025892,0.15660839029915,-0.000664903731961633,-0.0353445937693465,0.081796506880027,0.0665420893790615,-0.109265475747388,-0.0391239092800008,-0.11234880645581,-0.0107674814578819,0.073378660013779,-0.0605308011512212,-0.031347148902046,-0.0796196679421451,0.122354832582488,-0.0282484566999742,0.113119859592542,-0.0520881193619878,0.0332822980415964,0.00692895043858507,-0.136705745514684,-0.0514585244334084,-0.101335654499053,-0.108351885621122,0.00271748779256495,0.206670803378776,0.123192017222348,0.0723610821377135,0.0721994864266257,0.172898912533973,-0.00705901655402719,0.0281490036986327,-0.0222444181971951,-0.0122923376506291,0.148516539454746,0.0417072306651214,0.036084173543061,0.0463029309619399,0.171270617474167,-0.158482661742614,-0.0485612112046567,-0.0303499700361089,0.00938251433816791,-0.135081586082131,0.0691348562603741,0.0118030115258923,0.184267046474319,-0.0498243559418996,0.0653706685080682,0,-0.120031976745693,-0.093990321245598,-0.0142030054886543,0.0950792669053961,0.00996730518922566,0.24562981429068,0.0751103636196417
TCGA-D8-A1XF-01A,0.156503255989537,0.0258529052167244,0.100496267095149,-0.135430468358053,-0.167699863453212,0.108723390381986,0.0953201694477636,-0.0919410938875354,-0.213190043217166,-0.0915039684429536,-0.188670471986861,-0.0836056222144771,-0.158383005788015,0.00632557984089721,-0.164788553115502,-0.0643992097250312,-0.00532136233944016,-0.0417414080214497,-0.100112994603038,-0.183226802334156,0.0404924360142072,-0.0794516135190311,0.221722299456176,0.231374203874219,-0.178540226322814,0.0824592944540556,-0.0802003458535783,-0.0134881504291187,-0.0472502433621557,0.150401141339696,-0.10812657488902,-0.112225869997139,-0.0974364823582146,-0.0993500680920563,0.134943209273144,-0.109869042424265,0.0223569281816118,-0.0169154995963083,-0.0047561843482902,0.0767438001773142,-0.101148030721027,-0.077488082665191,0.039971555942763,0.160409836534342,-0.0643563896319266,-0.134152162136071,-0.0925198006977505,-0.179078736579668,-0.0967339107673071,0.052210698660068,0.117766718220616,0.0155942040116146,0.0543217820868855,-0.184199890135417,-0.013874014540642,0.0607845965925254,0.0307084997811475,0.114497800575644,0.166366042055423,-0.124603461169656,-0.208543109484309,0.0206513760715466,0.15396930415669,-0.0923612724709409,-0.107051002822944,0.0630419523326525,-0.153456505437643,-0.166313791379637,-0.070482203742836,-0.210084239170492,-0.0497534548888892,0.0633322982969225,0.2244848738585,-0.141090552377114,0.00880204063563722,0.30749870067537,0.0977065244305964,0.0321929733274439,0.0507407750523679,0.0104624882489161,0.150226135288694,-0.0760150957347941,-0.042024993722721,0.360221604911585,0.0339409925803705,-0.0676012902640198,0.0178784164576529,-0.135111474421128,-0.110427019893272,-0.0353409090684193,-0.0261090302294707,0.0819521232256753,0.0185720665077964,0.0516379987581808,-0.0953923674307096,-0.070110627488368,0.122164207743462,-0.0645012916721031,0.0314347527853869,-0.0708126035972872,-0.0516316425726719,0.285080715916437,-0.0964581648898602,0.116108911078595,0.0511639487024872,-0.110907213631361,0.0839812788409752,0.100390405084833,0.058063007975144,0.0287084611795771,-0.0550679707737726,0.0294719363000056,0.0472917129315918,-0.131541633481582,-0.0510587018334618,0.318689787942479,-0.0914856763405781,-0.120031976745693,0,-0.0388492120134665,-0.073148478333542,-0.0713813603075449,-0.118421001803657,-0.0850020399818021,0.156008191436295
TCGA-OK-A5Q2-01A,-0.0644809481879632,0.012804293110269,0.0594455992603849,0.169397120569549,-0.0107012221397949,-0.126261729452405,-0.0517672773764311,-0.116096227688857,0.22976689921867,0.0530570739847305,0.27108761126355,0.0434688525950319,0.214506080903844,-0.0284079732163601,0.228662056121708,0.175333722998298,-0.218677258412829,0.122364141035916,0.173649960321068,-0.11321306086204,0.0099660940239305,-0.260172766585771,-0.085425668382958,-0.055474732345857,0.214021563467809,-0.270143631699396,-0.136040398266885,-0.0695511483224534,0.185846138187222,0.213443357550968,0.27221018045666,0.265130469901516,0.151295054966179,-0.0102463383092067,-0.141835216506399,0.211993436368501,-0.0778047870223668,0.105688707221314,0.0814202322360128,-0.0158230466988289,-0.0533691301711992,-0.118943572123035,0.266055090684091,-0.00233345944695795,-0.00945880645329863,-0.0146869948485251,0.498454203644525,-0.0605398587295395,-0.119975460546259,0.118764188764171,-0.00179997349667325,-0.229092569004299,0.0437551391411666,0.2513047118897,-0.106045551293082,-0.178307447123575,-0.0610194297762227,-0.0585401196026048,-0.101236779220426,0.155295330372262,0.260573404755474,-0.153980315376202,0.0650998830168436,0.341746648642134,-0.025276505577417,-0.162967359525221,-0.0300864997768229,0.113235059122318,-0.0431779348387232,0.294838085608679,-0.108876460705055,0.00841970604766106,-0.190726394124179,0.109237086406267,-0.0255744524206316,0.034225127926078,0.180021936735284,-0.3157665739694,-0.145024523560047,-0.0289530426216099,0.0502806007676858,0.254559982912718,-0.214234729220855,0.0808595281032711,-0.13685443235424,-0.0609845138636631,0.177863084347761,0.342253065375152,0.102311669666526,0.0646275969683151,-0.174457336744087,-0.205124507823478,-0.288269826869438,-0.218135760732456,0.272564972100089,-0.087587881170937,-0.238286912534639,-0.0370019898156478,0.0453429899864398,0.305733521893547,-0.0821306098965216,-0.0520413015983266,-0.119143294661467,-0.0619706165087847,0.126641684286291,0.01753441656198,-0.143069649839592,-0.150507359420725,-0.116556499554076,-0.0421927068512629,-0.209494230844552,-0.193879807372964,-0.0952177251586455,0.226627542084196,-0.0933356333751857,-0.127926698340869,0.155289587252026,-0.093990321245598,-0.0388492120134665,0,-0.0502088046362428,0.389146382366688,0.475658940479617,0.0908042872039037,-0.190314413796467
TCGA-AR-A1AK-01A,-0.0421278716175435,0.0263062583292221,0.0850557212993043,0.0479933254561731,0.128188747994668,-0.0996534318770308,-0.096124219996936,-0.0034168585662179,0.120792519519473,0.0100839930470682,-0.00237088056789687,-0.0388709659209915,-0.0723723069406209,0.0145073965005079,0.0922083450655653,0.0480757218031832,-0.0691342449538351,-0.0298288105076585,-0.104928004395122,0.0539730562985013,0.0189749955338025,0.0383929384651913,-0.0736030373333641,-0.0687927636693598,0.0647923691127782,-0.0512517923713914,0.0556220805573205,0.118163878804174,-0.0546651700275783,0.00859544060959465,0.0406345360368395,-0.0443458121909804,-0.06171100692463,0.138473623916146,-0.0867497404034749,0.145231821238135,0.00241348955886906,0.0474327423745815,-0.0146908019712026,0.0395730402996358,0.22170815757852,0.0147690778535999,-0.00608819505759065,-0.0955537302377348,0.0277634096877813,0.0405916444614602,0.0113313670215023,-0.060282726331195,-0.0337540938521118,-0.126277233529772,0.0314948817424574,-0.00191648438946091,-0.0714898225693048,0.123274812563888,0.099793477092446,-0.0448688737297972,-0.148231679766605,-0.0410989705222793,-0.101815541845078,0.0569456882751201,0.0418896184813788,0.108249503223483,0.00290620990894677,-0.141450612023543,0.0121470572396648,0.0755876430492188,0.146467489169575,0.0799597984090089,-0.0597989780469242,0.202649499469935,-0.0151470806668802,-0.183829863373889,-0.00464561263014531,-0.0729338897719003,0.0424623542088505,-0.125962575967763,0.0892261582470151,0.121756929932188,0.123171186991084,0.112378355332483,-0.0257452514332342,0.0271213859695887,0.0654896264577396,-0.133918163784666,0.0328384646702532,0.0124908681015776,-0.116506477838821,-0.119267833085562,-0.0296050790565308,-0.045065937219096,-0.0237974860800381,0.00413140237857002,0.145950492643379,0.005627928076594,-0.0104647391183485,-0.0597744138320244,0.036881664685401,0.00764360835143469,-0.0730555012929421,-0.138014066606513,0.00983882331777171,-0.0972137743099358,0.153636500975517,-0.063523691406875,-0.0636007396738167,0.0198295512296011,-0.0992985733697641,-0.0287431020427427,0.0521924470625062,-0.110867155658115,0.140552470214907,0.169714506753948,-0.0185477582641396,-0.013307394627102,-0.0780964677961558,-0.0804012236321333,-0.0142824647788901,-0.0142030054886543,-0.073148478333542,-0.0502088046362428,0,-0.0535602410242657,-0.0171417568100775,0.161517045491408,-0.0746395073542128
TCGA-D8-A73U-01A,-0.24183368777928,0.0102998951774397,-0.0693976938077646,0.253199907135051,0.0475227150956557,-0.0316411755943607,-0.156472860372659,-0.099029859911124,0.281659909532269,-0.111922605395399,0.378358902589086,-0.0191265540595987,0.0892313259291108,-0.12621705958254,0.423965837613807,-0.061754602672573,-0.251590338824978,-0.0257986453887694,0.260521223929667,-0.025320223989974,-0.0656131378884222,-0.102405587986507,0.0448187845451302,-0.164198192195423,0.354219599233297,-0.207647345958795,-0.160485081491799,-0.148688034348635,0.215896286613559,0.229366543685596,0.250126630216572,0.367126816490529,0.0712715310727991,-0.0646972278449974,0.0134946432210271,0.385884598677042,-0.169472687602086,-0.0107944318821616,0.0597412975888358,0.146203136288645,-0.0431047171021607,-0.269669497794496,0.359318766697811,-0.143006878339614,-0.262477956387061,-0.113678212179396,0.510612403646287,-0.0450004616327885,-0.023437750296893,0.21022212371315,0.106564285643761,-0.216486472003205,0.0388875225671984,0.0430401312743804,-0.247872902827354,-0.15278588499249,0.10913975686196,-0.21026069698841,-0.104077893905589,0.102103510619021,0.30333065430084,-0.0434170364993571,-0.0801305383082459,0.482881239382767,-0.153436502899386,-0.0590759395618092,-0.170930801855919,0.0415149869668541,-0.143751278570769,0.37805236451272,-0.0544754391974636,0.0516991544015383,-0.133619831282668,0.263903720074533,-0.137900627191411,0.109680858167071,0.299781030836738,-0.224217819859267,-0.14532522018971,-0.17940803672098,-0.089968520886676,0.14429082910435,-0.180633104417542,-0.000288057299960113,-0.180271033641109,-0.0733657563243693,0.25459917162228,0.434176508785094,-0.0215335937220961,0.0563615315234616,-0.268121516121067,-0.225236906004239,-0.247089051715003,-0.193140129496678,0.435330655116427,-0.215122156226963,-0.181999436084355,-0.0127160002228083,-0.0366121333404462,0.519291302756398,-0.141014047315802,0.00952812925346322,0.0148951747047845,0.0829718266337836,0.298031158350185,-0.0779019478322496,-0.142191034978938,-0.257151908961429,-0.158803424266654,-0.15285351799596,-0.326850926759563,-0.292676819923871,-0.0781952584396198,0.238421525705188,0.0394073807348995,-0.161146332173712,0.203051766173737,0.0950792669053961,-0.0713813603075449,0.389146382366688,-0.0535602410242657,0,0.625143098104725,0.286622508821692,-0.141156648611062
TCGA-OL-A5RY-01A,-0.293534294927841,0.0914891277468586,0.0138216638172115,0.30686649352037,0.148454531839497,-0.123768256086162,-0.215258766786738,-0.0357769231113929,0.4954481794605,0.0203100005481287,0.513066651108358,0.132604570904885,0.236895939397112,-0.107789322512267,0.542722575765235,0.0728892927041722,-0.341432242200008,0.201710054452142,0.346994347095547,0.0526529962682918,0.000139045193635765,-0.242450267224649,-0.13284128887384,-0.183777610747671,0.475538859534419,-0.376472934258139,-0.123045004341016,-0.112171116862687,0.223998416611905,0.223646975772868,0.38600972144979,0.433452634166061,0.0935782260370871,0.0101903704496576,-0.194828371981112,0.488212397392341,-0.225330594928059,0.0513003617661914,-0.00233423124967887,0.0653828387535251,-0.0625075321709767,-0.21189632638539,0.377889864532548,-0.173571709969312,-0.253655729341086,-0.092223983057871,0.596286761046098,0.00978282263927886,-0.0666825190514955,0.32698164854776,0.0663271115795855,-0.314270986582947,-0.0451147185123285,0.285886445234516,-0.289870526988826,-0.246566266564088,0.0457791947233201,-0.161432543556905,-0.258763519728345,0.355529601047987,0.518148869549774,-0.178345878441767,-0.0741347776831712,0.594220543344326,-0.0197473376691776,-0.173175848654916,-0.0900986597991375,0.0858810042153305,-0.0454669984146277,0.529767788923538,-0.17413232934667,0.0303366917931437,-0.281134076441722,0.334279089044683,-0.110354485407883,-0.0743628750988732,0.287534986781055,-0.336764074033572,-0.236997340343349,-0.238651346774883,-0.150304171806188,0.281314307315045,-0.236470251048169,-0.0820966700594186,-0.203285589307732,0.0442317816630246,0.202413946190347,0.554978476055433,0.17674328715726,0.0114205437943462,-0.300113676886109,-0.341925820247324,-0.332320560437509,-0.317087013520655,0.463157226206249,-0.256083433917254,-0.218761424543074,0.0419904633404607,0.0268705956116245,0.445392624446245,-0.186399854610134,-0.0449948415963284,0.0220827651614528,-0.0164449717027079,0.293739153288271,-0.0115832205472433,-0.252283154484319,-0.291915840785182,-0.244624537855947,-0.130375637894384,-0.297143597030331,-0.323267397383659,-0.195118059325573,0.412286687955856,-0.0857266157227078,-0.303009875380839,0.181931462780885,0.00996730518922566,-0.118421001803657,0.475658940479617,-0.0171417568100775,0.625143098104725,0,0.309573908777314,-0.245959081401063
TCGA-BH-A0C0-01A,-0.189728127406255,0.180134215345,0.14346653142114,0.192386782260558,0.177803321276556,0.0877591301544401,-0.0853460187690308,-0.0368035056043949,0.250547742311677,-0.285117646364656,0.260833999595621,-0.0636542547900154,-0.0690544291267948,-0.184721724232189,0.33601662737297,-0.202900367104905,-0.0911303384014024,-0.0387449241422469,0.0809750604145827,0.131548572668082,-0.15106255185552,-0.0256364093292472,0.0350345000923526,0.0153191354505887,0.292471996969907,-0.0758916362508821,-0.0317097431682135,0.022180435451247,0.0672915950014109,0.0785520436728476,0.20079844067528,0.0458848098664838,-0.203285899641059,-0.16428742364204,-0.0533296319666752,0.396041659087955,-0.242036345968661,0.0149555929897168,-0.1177997327928,0.0905743850343029,0.173716402440381,-0.055649847708326,0.181901185392147,-0.217604638941573,-0.210149220401026,-0.187234996290417,0.240978832883216,0.0145233971616285,0.142643478187072,0.124406450452798,0.17170770166974,-0.107516816569569,-0.0915681466300552,0.0596525066285695,-0.0873366460075437,-0.153571152672797,0.025405534351375,-0.228149573891497,-0.180431283123016,0.129186744651242,0.232103831147665,0.187795664017476,0.0154751398457642,0.184179872961216,-0.0541886381340751,0.0792040274811535,-0.00479827073839407,-0.0545923551639136,-0.109998351163908,0.444511155221164,-0.101724980597819,-0.12879799910929,0.0724715948801012,0.0912916120713514,-0.157111520120503,-0.12133573354043,0.1342078945573,0.0142400714463278,0.17029526486303,-0.0166154960841108,-0.165125327157505,0.0490439978120701,0.0276125277230807,-0.0716877716766829,0.0441204983113803,-0.00832047488207577,-0.0243999743742902,0.0971115043443934,-0.145092256243627,-0.051215272514855,-0.254718532217509,-0.206703646540962,-0.00372114555861402,0.0630901656028689,0.239369976812219,-0.120217472183902,0.0956087106800361,0.255600464347855,-0.0842204648869525,0.094344874114503,-0.230502426243013,-0.0258256070941135,0.13857581891241,0.044026215983586,0.138118587714646,-0.148795396001818,-0.103588847293346,-0.166797139018094,-0.153034771670733,-0.103700018312644,-0.0882824867910499,-0.0543846071326835,-0.0337735568152659,0.152804213224553,-0.0310217507502695,-0.114875383075949,0.103529958569547,0.24562981429068,-0.0850020399818021,0.0908042872039037,0.161517045491408,0.286622508821692,0.309573908777314,0,-0.101106176746548
TCGA-B6-A1KC-01B,0.0655949447345928,-0.0693266234586198,-0.0518278977784638,-0.122024496442186,-0.149663184930485,0.140482927442516,0.161200575874419,-0.0369386379713845,-0.277383840139274,-0.10295909534674,-0.202859357951029,-0.054582311283734,-0.210174404233165,-0.03994555142536,-0.222608042410516,-0.122701930777687,0.180872371478061,-0.137766153313891,-0.177805103167664,-0.123258278900894,-0.0271755012241706,0.0393109940605975,0.130408331513865,0.12926866025456,-0.18462367853203,0.151542720145759,0.00733034793304983,0.0437079626042782,-0.0388202240014937,0.0168886938095041,-0.155450665317246,-0.090573729217619,-0.0896823014383218,-0.0678819392651687,0.21342959612058,-0.167986634831172,0.0573727719687753,-0.113653130008226,-0.0069265723601406,0.0701939977760868,-0.0643904932118065,0.0332747061344346,-0.0633751499037098,0.111508782798349,-0.00411801790335386,-0.0379178699144509,-0.228197739705147,-0.0911717152680539,0.00376565818083191,-0.105102279966948,0.0640107796486848,0.110099557649069,0.0426864500420213,-0.236929132636621,0.0205749972533721,0.127968747136033,0.0381920990240745,0.100327906557506,0.219356907154472,-0.222191886342829,-0.229084477575762,0.12163457107702,0.0726090769315559,-0.173802083310788,-0.139887599629775,-0.000195764734272836,-0.101070673013407,-0.144647976558975,-0.0444930640227086,-0.251491372444916,0.0459847844440228,-0.00851049073030895,0.189127520796318,-0.0709284620456838,0.010318019805203,0.15060338852055,-0.0859626644032264,0.106019652508302,-0.00393401570446181,0.0499464190067079,0.0805207949620954,-0.179755402167646,0.0249750873675425,0.13956259775878,0.0136249828109282,-0.113845245193878,-0.0179066478663072,-0.18774691216935,-0.145899936177555,-0.0850485914148856,0.0437092299019679,0.102304555148235,0.0788235328773708,0.191790306926473,-0.0708056830106881,0.0392036935119657,0.0732962651037345,-0.0135796669834254,0.0111901866897694,-0.0964443016446643,0.0769671509819283,0.429272666828019,-0.0328136448759104,0.16850558821135,0.280789924603771,-0.0410614769054616,0.168796412053803,0.0566792092585243,0.0321833193792182,0.0107121415207863,-0.0221330218283003,0.00280223299656329,0.133054542020109,-0.207910800043794,0.0220764257378708,0.18281302374152,-0.0302353384674329,0.0751103636196417,0.156008191436295,-0.190314413796467,-0.0746395073542128,-0.141156648611062,-0.245959081401063,-0.101106176746548,0
