Sample.ID,TCGA-B6-A0RU-01A,TCGA-A7-A4SE-01A,TCGA-C8-A1HF-01A,TCGA-BH-A0B9-01A,TCGA-EW-A1PH-01A,TCGA-A2-A3XU-01A,TCGA-E2-A1AZ-01A,TCGA-B6-A0IK-01A,TCGA-E9-A22G-01A,TCGA-AR-A5QQ-01A,TCGA-AN-A0XN-01A,TCGA-E2-A1LL-01A,TCGA-B6-A409-01A,TCGA-AR-A24U-01A,TCGA-AN-A0XU-01A,TCGA-D8-A1JA-01A,TCGA-D8-A27H-01A,TCGA-AR-A1AR-01A,TCGA-AR-A1AQ-01A,TCGA-BH-A1FU-01A,TCGA-E2-A1B0-01A,TCGA-D8-A1JK-01A,TCGA-D8-A1XQ-01A,TCGA-B6-A0WX-01A,TCGA-GM-A2DF-01A,TCGA-AO-A124-01A,TCGA-E2-A1B1-01A,TCGA-OL-A5RZ-01A,TCGA-E9-A295-01A,TCGA-A2-A0YI-01A,TCGA-EW-A1OZ-01A,TCGA-BH-A0DG-01A,TCGA-D8-A1Y0-01A,TCGA-AR-A1AJ-01A,TCGA-C8-A273-01A,TCGA-B6-A0RL-01A,TCGA-OL-A5RU-01A,TCGA-A2-A1FW-01A,TCGA-BH-A1FN-01A,TCGA-E9-A22E-01A,TCGA-BH-A0H6-01A,TCGA-EW-A2FV-01A,TCGA-LL-A6FQ-01A,TCGA-AO-A03L-01A,TCGA-AC-A2FO-01A,TCGA-E2-A2P5-01A,TCGA-GM-A2DM-01A,TCGA-3C-AALI-01A,TCGA-AR-A2LN-01A,TCGA-AC-A2FF-01A,TCGA-AR-A2LE-01A,TCGA-AR-A254-01A,TCGA-S3-A6ZH-01A,TCGA-BH-A0AU-01A,TCGA-D8-A1X7-01A,TCGA-BH-A0H9-01A,TCGA-OL-A5D8-01A,TCGA-E2-A15K-01A,TCGA-BH-A0BM-01A,TCGA-BH-A0AW-01A,TCGA-AQ-A04H-01B,TCGA-BH-A1FE-01A,TCGA-A2-A25E-01A,TCGA-AR-A1AX-01A,TCGA-A2-A0T7-01A,TCGA-BH-A0DK-01A,TCGA-S3-AA11-01A,TCGA-E2-A10C-01A,TCGA-EW-A1P6-01A,TCGA-A2-A259-01A,TCGA-AR-A2LM-01A,TCGA-AR-A2LQ-01A,TCGA-OL-A5RX-01A,TCGA-GM-A2DC-01A,TCGA-EW-A1IW-01A,TCGA-E2-A1IH-01A,TCGA-AC-A2FB-01A,TCGA-B6-A0WT-01A,TCGA-AC-A8OP-01A,TCGA-AQ-A7U7-01A,TCGA-AR-A24Q-01A,TCGA-S3-AA0Z-01A,TCGA-PE-A5DE-01A,TCGA-D8-A1JT-01A,TCGA-D8-A1XF-01A,TCGA-A7-A13E-01A,TCGA-D8-A27P-01A,TCGA-3C-AALJ-01A,TCGA-OL-A5RY-01A,TCGA-A1-A0SG-01A,TCGA-A2-A4RW-01A,TCGA-D8-A1JB-01A,TCGA-E9-A3X8-01A,TCGA-GI-A2C8-01A,TCGA-BH-A1ET-01A,TCGA-E9-A1N5-01A,TCGA-BH-A0HX-01A,TCGA-AN-A0XV-01A,TCGA-AR-A24P-01A,TCGA-AR-A1AO-01A,TCGA-LL-A5YL-01A,TCGA-LD-A7W5-01A,TCGA-BH-A201-01A,TCGA-AC-A8OS-01A,TCGA-D8-A3Z6-01A,TCGA-AC-A6IX-01A,TCGA-AC-A62Y-01A,TCGA-AR-A24N-01A,TCGA-AR-A0TT-01A,TCGA-D8-A1XC-01A,TCGA-A2-A0YD-01A,TCGA-OL-A66N-01A,TCGA-A8-A0A6-01A,TCGA-AR-A1AK-01A,TCGA-BH-A0DV-01A,TCGA-A2-A0SW-01A,TCGA-BH-A0H7-01A,TCGA-E9-A1RH-01A,TCGA-E9-A1RE-01A,TCGA-E9-A1RF-01A,TCGA-E9-A1R3-01A,TCGA-PL-A8LX-01A,TCGA-E9-A5UO-01A,TCGA-C8-A8HR-01A,TCGA-E9-A1R7-01A
TCGA-B6-A0RU-01A,2.18278728425503e-11,40796.5069644763,50847.6798956902,49877.6390622486,80397.0534918612,87407.2662900531,47175.4007488804,52339.8657006924,77193.6189279156,55026.5266437845,59072.6698794366,78400.3912446127,40078.311688797,54326.4015820334,45128.1858621032,85897.3081043431,50012.3642848273,41109.5241306402,47748.0051167258,33806.0104017846,55436.6773745304,86593.8335530805,65170.7014223534,39966.1994681485,53133.4056982206,102944.185646251,36407.873484905,100846.481487772,70626.1511198911,56911.4455575038,84539.6134058846,44187.7024504193,58699.3230039558,49680.2155846672,74163.684725092,113432.236260699,49346.858835001,110796.660467048,71434.460769851,65272.1077226638,73816.8542640756,62212.0430177104,114861.587319736,74579.6856873216,56169.6144540669,71416.2703131872,68093.2719911941,82635.8024851468,53382.7374338848,38963.6513836484,90275.6701264162,50615.8365841833,100199.563657647,51169.7980871436,99518.5735496192,82865.3732941801,96578.7690963976,108422.385114586,52285.1544545934,57882.4490164237,118997.635656185,45227.4391793087,73494.4422333727,42963.9328355302,35056.5239274017,65082.7414326462,81429.5022126823,78919.8440507389,74843.7858143401,44378.676180393,49147.2928122356,36766.6280567495,38045.2473806651,82997.8550010816,63006.9908050611,51775.786870893,48355.8398452554,63935.0042887849,71908.1158005263,55255.5819240549,36318.4009905723,52702.5122908582,67286.6964128163,116118.157579757,123473.312433116,94826.097959365,54084.8668900137,81997.7618665654,47409.3637659729,72465.570899168,42102.7421193448,38224.8758202749,44469.6752686973,69366.7920311583,68806.8435398632,57616.55897298,64305.1601061216,57921.466139732,59417.5381764153,37408.6559614595,70887.2159164201,59334.0731499411,44697.64725362,50543.2587159369,60612.8557393263,62120.8336479588,57509.6850693265,96767.1641523167,59802.4823012608,103771.851447817,52011.5499874681,55732.1678498096,54001.4446635538,50949.2657096156,35454.6320142571,79567.4346985309,99981.8993532553,75427.0095248024,103694.650297995,68471.3310863649,66823.0613781545,74326.4852311073,124210.760386074,38226.4069492152,72277.6364819147
TCGA-A7-A4SE-01A,40796.5069644763,4.36557456851006e-11,60812.8578929119,55241.3575687598,67673.0923555046,94060.100060749,51942.9426750877,65429.478917348,73359.1302181208,49105.7427399135,71361.2704787642,76851.0815956414,42663.8559585321,54410.0155804371,52446.9116903531,86930.1393186788,60202.2125799852,46575.3582889065,50782.3968470069,44922.5420938412,57001.6452070009,79024.6789963392,65278.0264058634,47451.7451266726,52166.4505418468,97572.1500610783,47692.2179332899,92585.0927985938,78774.6283476575,68896.4090299166,97041.0299216147,54511.5242019072,65826.6195181136,52918.451339923,86745.7197815689,121746.896978597,47830.7238485,110180.219392733,70495.837435557,52373.7460816873,81365.4191204555,72478.3571023055,114113.351814845,78405.8604952301,63247.14759931,81886.3880253608,82527.585899395,66588.4557190619,62402.9830679785,49696.64535896,91792.2513835917,53594.0062155978,96123.5477995429,63041.8402480935,95127.7541234338,81249.7755218671,110484.206687194,103249.146650456,67347.2984166899,66958.3586251446,124361.284951067,51137.4078609696,80294.2959708287,53194.8307623647,47046.7959425536,75498.0568460441,73617.2682692467,80112.9137278499,76578.3641772124,54493.0750351486,63348.1360443727,51814.7909607751,44840.517382311,95595.0900947454,74432.0667550304,54534.3577599849,57272.2227904539,68677.580576354,72594.7107360155,54650.6886967654,41835.4487195877,48506.283104487,68368.3843680115,116123.222752436,138854.255657737,100223.854238991,67040.1279186581,66720.2072276263,48030.8203263508,76041.5433874046,42818.6674134377,49696.9668388009,56409.7614998667,76911.4204968886,75199.5556258222,70174.4354309824,71314.769973209,68867.7418808188,69168.2247212085,48392.1531242252,69838.1146045115,60923.5776977901,53460.4709245253,61453.8287636131,71961.7976820025,64682.1016115256,62773.1865092997,106811.391632594,58636.7567778256,110469.119618496,61912.4970085364,57028.7459222778,66475.9760073584,60710.1104457387,46081.3313379019,76855.4513957504,106786.153990418,72613.8053135766,101401.24307184,64193.0175143916,65529.4329339339,81367.6016443842,127864.340618857,42582.9540185072,78953.4197677089
TCGA-C8-A1HF-01A,50847.6798956902,60812.8578929119,0,64433.6273800843,99070.045613777,109423.619446675,51607.3115623257,53601.6830819837,100739.641940955,50721.5536654232,48304.0406612733,78867.1809356672,54196.6048325139,47058.2615541482,62611.3010283928,73531.1234921424,72412.4320487829,47449.6736619631,49843.2296513288,38482.0654281501,56413.1153384423,81625.4149020772,75184.0799029022,55559.4430807674,58454.620109689,132071.949589737,34047.1915892116,81969.8827852271,50037.4808297283,48233.3092655603,63668.0274680357,35516.7739512641,47145.9202895143,49129.7558689648,55195.6981368656,83178.5539698951,37235.2964555466,86477.245716312,70539.2985512324,66857.5061196381,62288.0682490306,49349.3644173279,93352.5491598964,60224.930260025,45175.0847275327,51844.6415231953,55654.824084977,75029.8848535568,43944.6224584822,38896.3392967508,69929.9529103735,33378.786098475,91447.3355884633,39565.0557321321,81767.1186846286,86388.2589645604,61707.3913810791,88888.1809868098,49319.7572794123,43878.1115545536,92764.433741177,33877.7342858706,53913.003331104,36483.5738140376,41545.0156591794,50964.9174715827,72821.8022957636,65745.4518292081,63506.2959650956,36871.8992961357,36100.0327851158,45685.2702993683,33393.133068695,58242.8685228286,47711.4356741666,39899.1110246972,36692.9901614799,50937.369502849,59999.7799775674,46345.4893004958,56099.5653103642,69629.2967409314,49264.3705324982,86793.9953258003,94709.3471342204,107590.834936941,44410.8667529434,76932.3930128009,43418.1749546264,60033.4942586595,40331.0599409609,37904.1281718112,37252.5158865649,51785.6510766291,51854.8502789716,38953.76906777,52754.8068369574,42815.063121565,42060.0603506191,45369.2514191073,55983.5154490385,48237.5095645378,43598.7248005907,45138.8103674589,45670.9570693685,68848.2228703206,46499.6886719297,65549.4365892549,46512.4115138754,80450.9343204264,41316.6151067055,45360.04373564,42678.651629935,39460.9241209388,33214.778849891,64592.7344449614,91510.0738909808,77418.4296316218,78256.0695772976,64678.6490565484,61011.3156032928,64381.7979781246,96124.9429241072,39639.4888245966,55371.5951364983
TCGA-BH-A0B9-01A,49877.6390622486,55241.3575687598,64433.6273800843,0,83419.2303450678,102991.393558937,43073.5867617712,67200.4550782985,86032.1126798783,57293.1744221876,74561.2912364496,94112.9902108443,50143.1075301395,61025.289800718,42113.4696885234,107305.726047353,73625.1982290436,42754.9930314109,43148.971323943,48317.173770453,69571.3425147176,93407.2687843534,75745.1468117331,52462.3272820338,65007.6139601162,104719.465784876,47429.0116375781,117158.919582167,89233.5780411204,62959.5679602438,104490.122462933,55442.5229250398,73074.7946777701,43557.1965860115,95254.9794950003,131819.7711002,60582.0203440724,129907.669525697,91702.4425067794,81780.7613750216,86961.0450294423,76866.6718270704,134721.813040871,90345.8694946249,70542.3019893602,91747.9111422097,80235.8099827709,98393.4843355423,72853.9461717756,52884.2224871745,103321.9002027,63013.5538074284,111434.690938977,65291.2833489401,111846.230747909,93400.7966343858,115206.225416239,119054.407300376,64822.6110827896,63669.8490320469,132481.869980619,54977.9529479687,91038.3947435946,42107.618978371,55737.8410794883,75222.4744696961,109041.909037301,86559.1447995747,91990.5505682457,56759.1986628896,69828.9367872607,62235.7977742604,60463.0768235046,103240.837679056,80776.1820664123,64640.7558714129,55668.5100166214,81531.6080408874,89365.4385790899,60299.6217891413,52333.1824837486,64326.7685723269,73946.3407296022,130165.594647459,142612.000729882,104003.121743335,74170.547867693,103166.274741271,51350.9661029983,86373.3044004614,64467.6874007185,51541.6694917101,58257.1354659361,85247.2110482239,86728.3408884993,73403.4501308268,77363.5777140787,72691.3576985938,74429.3283314674,39689.3518203685,84859.379861378,69744.2197808134,66163.632413186,69289.0135788819,82088.6175021464,73895.9692511237,69388.5299055591,111006.419131337,61962.807553431,119191.146509471,60688.7614282348,66779.3738105134,57645.9904574371,61700.6257016304,51818.347755122,87174.8758936004,121559.448990414,98776.6307989912,119351.161057339,89356.2313315651,80233.4846402708,85122.6725106664,145416.104144606,49084.9796222268,89174.7943383339
TCGA-EW-A1PH-01A,80397.0534918612,67673.0923555046,99070.045613777,83419.2303450678,2.91038304567337e-11,100566.737772153,81196.3198608998,112591.737012904,88858.7886160003,88595.2444347644,118638.31068039,92731.6957744097,61711.1113779426,86876.5135908564,80583.0576838148,100065.215712947,85424.3975998166,79260.8053489523,86620.9408960203,79802.3793551854,68856.5656369878,85850.7159607642,70421.1918418142,89807.8327142847,81811.4805411623,73947.8928189823,88462.2553629814,103033.389345844,118653.346074532,116025.706430353,129581.866430816,97309.8200812269,101976.994714597,100550.833157261,126272.64633697,168458.481300374,89670.0757695278,132440.973427618,79140.928030488,87121.5690847211,107256.882956804,99784.8921319686,141177.492556407,112626.429459615,95208.4982776317,108848.092449312,115951.246024374,102734.250615761,98329.7214329234,90768.65531897,112062.929463925,98869.3648971434,110950.624840656,100844.908902923,114974.800729549,87200.0286392308,157214.123184535,118794.759074281,107666.223940619,96837.1032839337,160067.860041348,88039.7891847338,115783.263265051,93263.7213350939,81904.3699214837,122624.342529975,136784.679005174,112043.949820878,83985.4993504941,97636.3677324912,99213.4908120326,92169.6536844897,92619.153453876,132225.777201384,122903.633006898,90693.0206125219,100759.604051779,98931.4967104693,121127.704125666,104966.57836519,68398.2957325252,100344.449037713,105123.276652009,132940.14504193,195936.245652489,112875.578530837,98955.9669902273,117733.102645982,95982.644331882,88634.109960212,96206.0474115515,85310.2378074654,97241.6925953505,115940.95899087,103609.796194877,112422.192478255,101578.52054025,109623.369709395,115005.82551131,88250.9863256089,135168.267541328,110269.2279131,91468.1683444005,93216.0080385479,110251.699581206,119989.537684298,102268.966894827,147894.989464438,91560.1402723959,143925.691898901,109587.704580432,109508.887735299,113931.704748512,107700.130975742,90736.6372511693,93457.7115541014,132232.614111496,91609.8172838424,128432.77973453,102969.562492476,81790.2115197236,116162.116893195,162237.073249126,94169.5478561586,108860.276177189
TCGA-A2-A3XU-01A,87407.2662900531,94060.100060749,109423.619446675,102991.393558937,100566.737772153,2.91038304567337e-11,112420.905690767,118947.514568633,127689.229962082,120530.281331535,132966.860915284,130102.63545245,88288.9360226432,118881.215587316,107004.198239701,113165.108056144,98466.2484138563,81165.4374154865,105087.924491092,100049.078472116,109256.690818551,142176.070329764,129878.193237586,112102.991277332,113897.2174977,123071.801854235,104212.468764798,131815.773374751,140298.467967053,141981.899460691,159653.720338468,109077.137786148,132925.81397168,125256.797812624,143238.640986258,189682.645675705,107446.285060106,166862.735503321,89588.6123325396,117088.94244519,129345.417593864,126541.097881789,166223.875375512,141446.050361872,126113.057376337,127153.308028908,118890.456686608,145515.296213446,117481.871481588,108902.472234175,130581.397260152,111980.73644843,133911.315559492,116994.463615628,145711.41645919,104681.893209466,167078.540945063,167717.788822967,120932.25503301,125680.293542018,197120.148551989,112184.797602969,140127.845859861,114560.299855546,95003.9458280274,144492.479868395,166136.645753964,146839.895129827,106690.678474503,112461.759543499,110107.678234579,103867.651564114,101579.531231372,142519.312757387,139891.604062178,107404.280576129,121414.126300996,122996.436788269,149202.884923148,132254.170603683,99473.9779875093,104803.603891189,138928.010052165,176722.885561601,210320.579310284,148535.037609354,107639.379318224,141471.095198395,118750.878768854,126492.23734641,110224.158668097,99596.0952525023,112952.007376078,143445.697087698,126926.310537133,133132.42257528,134309.168651618,123497.130098131,130202.795208024,113666.457546943,154570.007397876,140198.258602546,101295.14237329,110139.549776306,126070.327079163,131105.361180873,114571.018535565,174010.091368136,124372.32781206,158689.354751906,128821.555723939,127612.833752467,126862.576402284,131077.901474188,107938.367185342,130941.683705358,170113.291112751,132577.626010178,165401.089089896,129471.436900662,99134.4500404787,125029.960801001,188979.862193191,115347.296604889,121430.27709738
TCGA-E2-A1AZ-01A,47175.4007488804,51942.9426750877,51607.3115623257,43073.5867617712,81196.3198608998,112420.905690767,0,69557.4303314449,86287.9341217064,41771.758834727,68161.4893792305,73715.3509737359,39154.6821530555,43620.0362294852,45316.5214311639,103057.935396818,67832.8281652394,38368.6797254574,32449.7666055826,35588.3841197592,51166.4768132434,75701.4244209336,62463.7386359215,48783.0323729312,48552.0668847477,116965.257884839,38328.1928683514,106272.383275785,68653.7740285676,57738.3934507898,86249.9152232449,49245.0765723113,59005.2418273843,34435.0774459615,75862.7453093828,119774.145717912,47071.3010008737,117605.270149021,90567.7691135622,77349.7230634414,87794.4438927304,58419.2726880453,129619.675510554,77373.7429203809,48802.0789451146,78141.8317846949,74604.6309714789,88523.9923236633,54396.6620657932,39046.997042833,94464.7378616813,52031.8297264111,118195.265957792,56985.2342968431,97710.114483383,99368.128951888,92027.4083175605,102374.784452453,67799.7672149628,60522.0874001452,119996.848110708,41919.7348187195,73734.9988846769,36803.0973106491,53403.6307452252,66185.2379971845,91581.630343924,83001.2207029263,85131.5302836576,47495.8622459577,53891.7785050857,45508.1967933111,46084.9941855308,84860.2553536383,60107.0778600317,55470.1131992344,37563.7653334103,76067.3421793081,76023.9565731374,47044.6982105369,45543.902457732,65597.1758704359,54479.4311108081,112849.709749883,120356.35911463,92620.7438468808,62324.684526379,97055.6287372043,37607.988713961,75093.4514635613,53243.7556553951,42051.0133731415,41523.2083578541,65779.6360710901,76823.3654103444,56967.7643689148,72987.3883957772,66792.6565448546,57076.4326175098,33135.7619869295,67911.9522165652,52929.6868589976,57927.2826382968,60833.9583424024,67980.3255020349,84871.7462239866,61093.1101128451,88028.4921504449,56977.4585494896,106623.006808889,55496.1092877223,65545.6837766847,60322.3685651071,51670.3177129774,41920.3093091394,80346.0153918696,113834.897687674,77269.7392674265,102424.699831859,79150.7856170736,77774.6848517391,85557.1692081398,129098.807272027,40397.2930621652,78378.9283488813
TCGA-B6-A0IK-01A,52339.8657006924,65429.478917348,53601.6830819837,67200.4550782985,112591.737012904,118947.514568633,69557.4303314449,0,114252.366560157,62284.0957713895,56684.8635847752,89902.4194549123,68898.1283786115,60524.5951433818,73334.7906850069,77034.6065589996,83258.2467259768,59327.1820973276,61504.2417000085,51191.6592114881,70292.3510463752,97972.0703287885,94368.1096665767,56499.9406627529,70722.89718562,140029.312651337,47231.8988785259,98674.8297591053,73895.9462512803,55618.9379602031,77768.399835542,41896.4330979989,63900.9710639494,63436.6422153646,76800.2208241631,99287.239889526,55293.6836990532,97977.9523938917,85304.2695433032,72922.7194023112,76497.4275096303,67013.3275434144,100014.784305273,64120.6076508724,62928.6046852669,68654.1387299222,76631.2241666981,73930.1943898697,66557.9149026692,55201.7561146338,96370.6098540833,54667.6975211183,88667.1330522389,53210.9248458298,105192.658875744,89428.760661274,88355.6147092947,110842.240916939,55060.8302866063,47708.7336317383,98695.1868609088,50095.1787517672,74527.6445433588,48050.4987421806,44286.9555892056,52639.5698812221,80734.7606506208,65286.5536146105,82461.2608064292,56686.577728474,60072.342527534,59857.6061699939,51188.115011979,83101.9395165369,63467.0238394165,50385.3980949943,57057.8225213609,59651.0358006556,67005.3344980761,56365.981078434,73655.607459243,78593.3470326019,70430.3637120108,120705.305533189,109282.664556977,125180.687009212,69875.0743466034,70220.2248320583,54835.4647445956,78073.757547034,46330.8222387173,47021.5230393798,56187.0379567356,73613.3224009388,70357.5943778915,62441.7961573027,56779.8667209967,54029.5393960471,67630.7378919755,50408.7648018066,66302.1977946066,56834.2510773428,58454.9597967149,51648.5791358429,62881.354232739,49887.5526429163,66600.7227637744,97217.6740727792,53950.5802372253,107860.432837621,50250.3239783843,49863.7879838869,43500.3859484308,55019.5176145352,45665.7219646277,74011.6192237339,87623.8025224564,89492.4415048618,93540.9955141455,63855.3552853446,74743.1121923096,70494.4781029545,113849.490748006,49140.8590426666,64464.7294177008
TCGA-E9-A22G-01A,77193.6189279156,73359.1302181208,100739.641940955,86032.1126798783,88858.7886160003,127689.229962082,86287.9341217064,114252.366560157,2.91038304567337e-11,101544.683066451,120288.865516126,117471.944956465,78342.0167515484,99424.6191543658,85273.8290778054,124602.68556698,93023.6054684366,88364.5957439203,92619.6036345116,87533.1294551899,95658.8391456528,114406.317603825,86047.4701672239,93219.9578854867,96289.1612590231,108477.775494744,96745.3011487353,125972.608095795,122975.470707441,117940.926429524,133347.902591535,102138.877529859,110201.309380802,98224.9747094322,122840.366237218,171785.688979825,98553.2450924249,152813.856184795,112335.135955432,85540.3745373183,121361.117801399,110873.569783015,157630.178338607,126998.333980344,108289.311263025,121303.101759238,123145.398897211,117863.729187573,105458.569290764,96814.1832601103,128951.714980401,98472.3020727596,132542.291937817,110811.172651783,132139.711226131,119650.858162606,153973.337155085,143410.726043128,109601.599884333,104670.180413095,166144.352973814,96605.2790835032,118124.714541819,101812.943054126,94889.3836616279,122628.183650376,130591.51262157,127294.962243545,114819.959525723,97575.5903396972,104673.05265124,98076.247706606,92393.8464352253,138099.296450365,122663.874525761,106380.395479517,101572.281520927,113855.983311111,118743.726879319,110007.76028277,68319.447864826,88829.4284465054,115820.363146618,144231.685469161,183935.122375712,106706.603788122,104465.105481804,127422.484463432,100794.738270724,112520.668272044,97071.6345080002,95749.7036667049,104449.02622936,120811.847238827,121040.136027556,112448.348599984,113152.121623469,114189.171330575,111193.950675785,96204.9834064508,126501.259268788,113513.31632481,95807.1001789646,106129.716178373,114644.97183004,119889.527207068,107993.622685217,145825.271051039,108172.805751612,148864.456132486,109696.056599999,110141.602830601,113420.79264019,108928.245912538,96988.4713302196,116020.576437309,152069.744974273,115771.977175189,144689.335859946,95231.7810015623,112044.951695095,128633.585364593,163657.233218943,92789.1582644457,122863.37265052
TCGA-AR-A5QQ-01A,55026.5266437845,49105.7427399135,50721.5536654232,57293.1744221876,88595.2444347644,120530.281331535,41771.758834727,62284.0957713895,101544.683066451,0,63214.1228123455,50803.5719487714,43636.3266012454,23826.6312553773,62634.6263517354,91236.1008203539,72192.4381034089,42258.115430965,33185.3218733592,30266.1276970225,43655.4402967755,59161.718571186,60649.6984252323,52832.5212848514,26916.3222396188,121435.177702924,35045.5699036023,103410.996605008,62403.1700422529,47249.0914452285,77829.1942664904,42455.657462322,47266.8896546481,33274.5250604512,72717.6049755257,105948.197533986,28123.4239024373,101215.180323353,86627.3019199714,61184.2579045105,86543.8830974797,49912.5168144213,110068.683624737,58110.7325445533,32352.0678887185,65431.1351721035,68977.0974778348,66740.084509,45773.6057398139,32438.6486232518,79385.3586682109,45099.3894995972,105987.847539488,52961.4583127767,86060.1068789783,93315.1179635972,85002.0744818478,84551.5762458888,69497.3794427689,51157.1502825384,103149.82854365,28613.6919996117,66285.6523679456,27313.4223940901,51224.0943679717,49704.7160394141,73978.7619986729,66699.7886340859,76576.2229238981,44720.56116245,51101.5426357532,41106.6497188145,41612.5138317332,76510.1814238333,53400.4326422155,41789.6312533872,26049.343929692,65073.1325993198,61806.3017411252,27608.1707182201,49046.5476372895,69126.9443589179,35123.9659757995,105639.691512486,110993.969453518,114706.473980145,63116.546623703,67194.5747383326,15693.8352072746,61901.0977955202,38689.29123518,33175.082452728,35008.1176684037,53294.1052585213,67616.1514069369,49609.2467568192,65148.2531630043,58783.0782226919,56494.0586426026,26236.572032079,57061.5083356218,33112.0762010699,58849.4337728938,47527.7392858869,61675.1843372447,71401.041412918,54940.9352495679,83711.8699751136,35870.7755364508,103877.067382376,50710.9662555277,56624.3540125269,55691.5040713647,48455.6574251199,37392.2014661635,57186.9471642631,95187.4701059093,62735.6648645825,88329.4295939803,60152.8117063618,64639.7648460714,72764.3054436317,114818.501978666,32911.0772657663,65942.5910222779
TCGA-AN-A0XN-01A,59072.6698794366,71361.2704787642,48304.0406612733,74561.2912364496,118638.31068039,132966.860915284,68161.4893792305,56684.8635847752,120288.865516126,63214.1228123455,0,91659.1922939181,67648.7174896194,63429.6416065697,66987.1546083998,91950.8021318926,82965.0388590846,61581.3198483109,58834.7106569857,52229.4501889694,74545.5974101173,98710.4710207768,93016.4536505,52504.2402151837,70201.5562174114,157766.989555827,48367.60977041,111420.154949657,52153.2534916632,45227.2985811603,55105.7282347211,39861.4959369159,47140.8200256538,62436.6014703882,63078.0881978114,65536.6308852994,53446.0446353988,99854.2710416005,91815.8760458046,75311.5706798164,66293.4754143057,64004.5756947196,93280.5894605008,61756.5022038408,53903.1584839807,56419.2472530246,68408.6484195556,84929.1420631072,55361.2113146147,49243.5417613074,84631.8801994932,41587.0252084087,96544.4551915593,43522.4976652262,98796.5301573078,109332.202044091,60251.6944955568,109260.54547899,52121.7448918361,56209.6588854952,79329.3001561469,43946.3690798231,65630.1481221151,47592.5008381312,43946.5976092851,43243.6840661949,72771.0482394126,68317.5792698646,78090.4602432036,47663.4524240766,49132.4778332655,51535.644435952,46258.3230160168,63536.9341778048,41583.0862007186,43136.7634177329,50413.6123408843,56566.7454938738,55605.2396843177,44805.4434415457,70829.9714295192,78117.7087220451,62223.5191822965,101378.17141758,76153.2744240665,109546.197577714,63179.1535981078,78804.5477087103,56514.5064921786,71796.1887785644,36826.713886622,48696.2557126908,46105.4064240674,51449.8088713059,64975.0485984039,47734.8802014038,53594.3428090862,37922.0848002839,46534.7543721603,53420.3773835043,50644.3514658789,52781.4470977276,52822.7584407768,52037.804699257,51777.4501905712,54533.0639545576,54048.6562554584,63626.7438411829,56925.8332848647,91755.6079022096,38490.5008782807,40945.3126935591,40025.1180764171,40703.877054747,40294.0109827969,77920.7903782076,86921.2984011495,87523.1408596237,78416.2142885642,65987.193896073,78079.250412723,67323.6031218118,96951.7589725664,46528.5550409714,58401.962378149
TCGA-E2-A1LL-01A,78400.3912446127,76851.0815956414,78867.1809356672,94112.9902108443,92731.6957744097,130102.63545245,73715.3509737359,89902.4194549123,117471.944956465,50803.5719487714,91659.1922939181,0,63684.5054971,57020.9810436634,91072.9128153459,96769.6215427925,90333.7215375449,75200.6318144626,70573.332905444,61132.9247520798,53251.1897060275,57771.0325409763,77730.3840783362,84109.7570193259,59670.4412039345,115786.647579904,66620.0021878202,117936.993088324,87667.0377913153,83925.2805745818,95997.5993587075,74462.7030687766,72755.8499522955,81585.2511323069,96681.0231564627,133605.184976945,64838.2427631914,115671.454271632,93206.9620095905,79824.5433080944,100323.870249713,73976.565312207,113865.268124575,77308.7655530312,57822.9625005337,82381.8970598653,95460.4516288046,89891.7520802074,70313.8935347733,63982.264782102,93736.6714600979,79340.3792120737,111400.300317546,79865.5467506406,87391.4512251716,99466.0514119772,115238.142191333,86069.139124016,92117.6151762901,79538.9902134846,119764.575356037,61031.9235659329,88326.7881574331,68838.1315767601,73529.7329758808,82658.5596340183,102975.522883264,86814.2078783016,81255.6235574129,77450.5347886703,72680.39301628,68784.9450941887,71322.0907863998,101610.219211292,86672.3378141077,67669.3950576721,66263.962896268,79186.6153248219,88639.6777894046,68923.4805407733,75652.2642550327,100571.072904982,67051.1483828411,112211.972222036,148058.911548958,125307.522207518,81891.3033318744,97157.2781377922,61833.1467159582,68292.7290315454,71558.4448517062,64618.6563221016,66640.0559079234,81911.8192342327,81865.3853512968,77526.0013732326,84737.2006196775,88380.0629613475,87036.9858709501,63152.8191629479,100116.326141931,68271.44455115,79775.5859569621,65819.8160680998,79278.8820825288,104165.293713788,82294.4053803864,110480.610926107,69213.6216274292,121563.6849557,81651.6916070938,88192.4261271716,91414.7787106781,82008.0642412989,65574.9214847148,72326.4526454404,101471.308743518,64233.2740258698,104756.942872175,83437.8793997254,75734.1579019222,98046.4961498897,129441.58333763,68691.1166458749,83825.8074348852
TCGA-B6-A409-01A,40078.311688797,42663.8559585321,54196.6048325139,50143.1075301395,61711.1113779426,88288.9360226432,39154.6821530555,68898.1283786115,78342.0167515484,43636.3266012454,67648.7174896194,63684.5054971,0,46186.4711632702,46887.8589436823,80317.5191176119,57779.2512344403,41124.4625685837,43701.2795518087,32594.3668244167,42968.2962867263,63951.470787429,49419.6465859412,43372.5628997909,44613.9279722215,87660.4421468627,39267.1357717133,88176.7066265861,66756.20634181,57317.3855056285,83125.6517563414,48127.2900691429,54142.3685259376,51407.4547044171,71530.0684691633,115504.908049883,44277.3007547409,104405.860707523,70342.1247765602,60690.6952630535,75744.4068769407,53159.8342620067,110768.251699187,70886.7063196502,44584.0531951616,67644.3298747988,66528.4905074073,79106.7130723222,48204.8838360446,36701.1902156149,77068.8761687163,51147.9097312078,97093.7057442718,54671.4235910348,85635.0354304945,78736.7093591535,90450.0051177833,93923.5518920766,59995.0548926977,58005.6951510415,114425.383838744,39602.5272258066,71507.339572294,42333.5326545595,42428.139796223,69413.9518636667,88410.2252451894,75587.8030437176,63374.9837200953,44392.2811551373,47086.7407418042,40184.4764940258,41178.8964031744,81414.5915842037,62654.4981222271,49688.4241249631,44331.6282554694,66739.0222535711,72091.6745596703,46533.8640616658,37738.621305296,58533.8036655477,52155.1335641128,102497.110216211,129501.550583068,82306.3561615476,53669.015970087,86528.5903755405,41183.067147811,59419.6097507504,46017.9448261249,39656.3621772579,37133.1316707871,63493.7690053242,68937.2311898674,57191.8958174298,67503.5174603544,64418.3711104379,57696.955311638,36330.4415068148,70932.5997116967,52483.066572495,49164.0075205625,46576.0773791825,55684.1512130443,75830.3179763103,50759.8119890534,89308.6761654037,55280.6098290241,100594.585549207,55555.7523344832,59434.1563038647,62958.4011465988,52765.2241719879,40383.6260070577,72700.3061186877,101391.112731652,62410.590285144,93375.8433972191,71212.185727084,59074.8495168097,72655.4079187713,120242.445446236,38763.3374001301,66978.7431856121
TCGA-AR-A24U-01A,54326.4015820334,54410.0155804371,47058.2615541482,61025.289800718,86876.5135908564,118881.215587316,43620.0362294852,60524.5951433818,99424.6191543658,23826.6312553773,63429.6416065697,57020.9810436634,46186.4711632702,7.27595761418343e-12,67477.1178082289,82508.9788679227,68087.6280084445,43685.3550140572,37140.0288834898,25702.5487235884,36708.3291164594,54505.7345489476,57360.8306266097,56907.1508918748,27536.7859593869,117743.776774157,35259.7801250997,95332.725144175,55849.0103719665,52902.1047990955,76681.2381147091,41713.4155179338,43824.3338237635,33851.7495455751,63624.0349366638,108582.369963506,26352.5336421456,96333.4974036674,78794.5441003143,57213.9193666431,82965.25269592,39120.0129519922,106731.655992988,55222.8374810833,28304.2958689116,60386.1955181764,68099.9188915122,66236.7772706875,39870.3747471401,29703.088273559,75489.9714778928,40356.916100283,105308.44593969,50825.8233344011,80359.6216043441,85445.7122684149,83574.6616555781,73764.8148728232,68483.0083680769,48057.7552020139,102382.514190035,27588.4298658647,55463.1046770957,29647.5235598728,49529.4216579554,50337.1878366567,76975.339757474,64202.1047019823,68192.2223305744,41474.6989706349,48246.162916373,37738.8625506024,39701.5916344339,68657.4835045277,54583.7302276555,41609.2694990791,22388.9912221954,60254.9334828631,59584.9265097327,33034.5911196703,45588.3812869095,75242.4321453744,33622.2546260155,97937.110119225,109805.924915366,118675.123533214,54121.918437326,68585.0770211859,20473.7307293118,54815.7524003582,41033.3608618573,30837.937278183,35792.4680006621,48931.3363321307,61299.7372747081,43093.6395698896,61339.809053331,56824.1573167429,52269.187379643,30881.7742268511,62539.2939900006,35416.4120230877,57888.0168763643,46813.6439569054,58362.9032447004,76540.0520934824,56075.4918682054,78122.2655874345,35296.1844226178,98946.6437623934,53166.2419300102,61208.2158937214,57384.9028953107,51848.6220207249,35660.1390654315,50655.2673277556,87803.1417720971,57085.8065805053,83782.2391216777,55835.2780750256,61058.6774087481,75224.6989570342,109727.713425308,34610.9638161544,59066.0262011846
TCGA-AN-A0XU-01A,45128.1858621032,52446.9116903531,62611.3010283928,42113.4696885234,80583.0576838148,107004.198239701,45316.5214311639,73334.7906850069,85273.8290778054,62634.6263517354,66987.1546083998,91072.9128153459,46887.8589436823,67477.1178082289,0,104523.196410958,66717.1820905181,50243.5300883926,51243.3306274164,49347.4485852,66733.4709926135,87446.5533282887,70441.4654289283,45028.7394746918,69275.944768353,108519.59404245,50038.2156098395,109915.023611422,80886.4013199626,64235.5563368811,95892.0969085285,58687.4615600173,69688.9206624057,51327.3842312507,89481.0169679205,121901.096106467,65070.7319771171,124887.636565115,90027.7891069708,80909.9647160182,82221.3641506961,76188.4784550456,130513.872859012,92593.4423316433,71172.2453380499,88582.2903956967,79645.1732400558,95720.5473579575,68316.158378381,54701.6994069978,102905.772016321,62640.3248860984,116544.034431541,63714.9403383988,109168.694376515,101069.066944289,107142.746620448,118480.817600309,64333.2920317876,68234.0155896653,129195.325054671,58683.0947144567,91043.7980396385,50665.4387629464,52869.2739694617,81067.707444208,102175.410467057,87136.4056541071,89080.4615361443,56242.3350894954,64785.3658139507,58675.5304290416,59214.4403971612,98055.2474681332,72351.9487839198,63204.7655202041,60575.9337408609,79253.0174571667,89397.943992938,65945.0788287397,47797.7165157819,54580.2456373278,76677.6070895667,122707.65183317,134110.890882299,81489.4119000299,69928.0303241936,107325.153453732,59555.1554149241,85332.31666951,63719.7132928497,56497.9518523549,58140.9325047778,79669.3869435999,82197.9777162328,70182.7279641869,77066.9086866209,67596.0142176161,67892.5781937377,45922.34264565,79202.2111581932,75052.0943380459,63311.5883484538,71139.9849669785,76622.1645910375,81194.6470638213,65005.8543138543,100063.75210758,69741.5776868647,111107.156717162,59330.9538991286,66757.2018209376,63216.2793330067,58261.6771400911,50943.0168050373,93914.3386620181,119156.142449592,86118.0714088199,112810.206769389,89558.6577986106,80916.321367221,88202.2137510509,139492.37617472,53246.3150819,87974.8638057729
TCGA-D8-A1JA-01A,85897.3081043431,86930.1393186788,73531.1234921424,107305.726047353,100065.215712947,113165.108056144,103057.935396818,77034.6065589996,124602.68556698,91236.1008203539,91950.8021318926,96769.6215427925,80317.5191176119,82508.9788679227,104523.196410958,0,98767.6315202597,85639.3212951253,97078.8846858641,75339.9578834588,76534.3899935301,93294.238160118,101741.734003389,96603.3829345665,93930.196020887,126528.33017869,76142.4853003844,78112.211873302,88478.6462727164,96872.1808825642,95324.1163894104,71659.0404117577,86153.7726653845,105865.454546884,91936.482775318,125829.41748894,76169.0320147996,99120.0001338507,74234.3011721849,77550.1112449853,86526.7708397603,79119.4825791241,104502.785287744,81177.3105847041,81267.1213681727,77585.2076980832,94179.4419790393,85606.4443923783,81772.6781382489,82601.8473122205,92464.6806881955,75316.6551903398,88515.0607307177,79739.8379887653,100076.151107729,77015.9521030913,111045.726928496,107625.342039972,86616.1337068777,66605.4084321435,123477.254697581,71963.3722671234,91026.6382997412,86232.5130748349,67493.4538279743,94116.4839474436,112130.814126952,86884.1631216872,68575.6109277413,82566.9724865026,74902.5497701313,86025.8486713058,75487.3664028388,102150.960908107,97683.5109401961,68068.1908470075,90563.4011946795,69707.1030278085,94922.671729158,92870.2504745512,90735.6928544479,109693.628362003,91400.6360480803,112747.678778597,153530.413739943,139487.795242077,78432.1884615451,92366.1024711299,91261.5594285721,77542.6564152301,74797.3484127142,72324.4500938324,85669.5483202285,93914.9725847246,78316.1497889506,84911.1118381639,79281.7199827133,81590.7505296788,92542.4378826806,90023.973867124,107613.613049903,93994.546722332,74093.6025959637,70108.4018548438,76514.8059600516,97218.7542004488,84208.9772602458,117447.124746684,76101.7371938742,117431.420739675,86676.3234910499,86671.2051740948,89140.056229058,88987.1585436196,73927.6227224443,76857.6038326743,103890.630639141,90219.5163762731,101539.026098848,82355.9782787532,70109.7756465189,92961.0315504073,122167.651102656,85549.5406658361,76957.404668342
TCGA-D8-A27H-01A,50012.3642848273,60202.2125799852,72412.4320487829,73625.1982290436,85424.3975998166,98466.2484138563,67832.8281652394,83258.2467259768,93023.6054684366,72192.4381034089,82965.0388590846,90333.7215375449,57779.2512344403,68087.6280084445,66717.1820905181,98767.6315202597,0,65182.2716344345,70670.6642469838,53627.594456765,75371.2015708703,99809.6227815928,77749.8982832097,73433.1492234452,67401.0237508745,120061.407113122,61725.649885025,119570.435820149,90076.049415179,90037.4178843354,109010.803260353,67054.7871132236,81007.0958088626,74275.7408515836,85479.6515672751,141161.952986944,70841.0775137097,130763.94630443,85046.2765286742,87193.5081661732,101547.599176161,73445.8539458391,143321.474886255,102866.949313118,75639.4119069527,99334.6123575386,88207.8638660519,103755.286495863,73124.3697534744,59962.9758698363,108278.88598735,65260.1883196231,129988.04113991,74502.7314887541,114464.253451901,104687.726155249,117881.090312263,129130.343237661,85175.8892551204,87690.52477559,144660.882671927,67885.1186993691,86237.0095913603,70477.7155230614,67380.9678106975,91679.3144654615,110533.319771963,113116.525551109,94917.8673602622,66722.4244816268,69501.7122933929,57783.1201866813,63732.0998235474,96785.5951392414,88667.9055124866,72682.0058600111,66329.3896263633,89622.1784231899,96206.4511275186,79922.0908901922,44002.2827765777,80558.4099769549,86568.2901059767,131502.891655502,140131.103229903,115427.438538349,70049.9929912503,107749.27821336,68413.0514020439,93286.5567633435,68351.5151585906,60337.0391501558,67781.850571422,84894.6657172749,93344.019345121,73960.3552958285,85204.6839806473,85048.9380501394,75708.591380139,65716.0192848964,99057.4224281765,83526.5739331047,68123.916928055,78008.1628148367,84179.1598737896,99837.472898164,79631.3428452741,112567.665175558,86102.4766344915,124068.952517269,81264.9879261655,91929.6536848044,86705.1671324934,80676.3025040564,61345.9804431529,103030.194462358,126099.396877002,92312.8742780692,126900.320457168,86915.8739734179,84768.7880018737,98702.0046177273,138792.491192291,64936.2639148068,86774.4926074163
TCGA-AR-A1AR-01A,41109.5241306402,46575.3582889065,47449.6736619631,42754.9930314109,79260.8053489523,81165.4374154865,38368.6797254574,59327.1820973276,88364.5957439203,42258.115430965,61581.3198483109,75200.6318144626,41124.4625685837,43685.3550140572,50243.5300883926,85639.3212951253,65182.2716344345,0,29195.3316238567,36650.3094023236,51813.6421046459,80797.7384767784,69954.8994945777,46976.4819252528,48103.4442899152,107798.533763374,35938.2921072406,100453.741425516,70380.18299472,58022.7166096535,89822.9430101036,42117.3084611394,61323.6185823255,34007.2698751792,78178.227732563,113369.178689119,42021.4560938701,114595.28121315,75179.7322557369,68675.8302628601,80401.1969458281,61739.6678277031,119672.523410156,74263.1437522131,53208.9113832062,71470.6465219528,69155.8758141943,86155.7669663877,54999.6645163158,40575.3088154074,83104.828456464,46958.0648074404,102836.082450536,54774.1627726761,96306.1965673061,83540.7789509678,94478.4852701039,103250.516130754,61878.8100896486,55622.686340596,119697.896256234,40554.1285205729,77741.9941995715,34190.0735997367,47089.5208205026,62340.1566785887,94333.0789203766,77613.3768737114,75622.7724353026,46854.1553625587,53857.1841689047,45403.8336654299,42921.3610195759,83717.8985104003,62874.9363060149,49498.2566181297,41268.7048758574,69522.7403746515,74331.7491466321,47356.0566144464,46834.072352072,56303.929716997,58405.338245607,116769.697298279,125565.065097028,93784.8074367652,60240.1466915435,85534.0123599406,37916.5344889536,72671.5319114032,45728.142091208,38760.39495113,43375.0195605414,67715.5640983377,71692.0794238781,60153.8849415917,71559.1387765077,58743.4677358253,60578.9929076933,33166.3883861461,70538.9048275832,55947.8611176496,52217.3579453337,53563.7505685577,66891.9512518629,70071.5496942829,55895.2191666636,94811.1031689378,49153.5731857656,105395.48010117,53854.814004619,59098.9109121698,53634.2895053042,52071.105164839,38109.4532624463,70556.9715074974,112109.96087,77949.9719715746,102097.524639881,73840.9863267545,64404.6937606787,73519.7641327147,128457.280059259,39509.384936143,70909.3511313675
TCGA-AR-A1AQ-01A,47748.0051167258,50782.3968470069,49843.2296513288,43148.971323943,86620.9408960203,105087.924491092,32449.7666055826,61504.2417000085,92619.6036345116,33185.3218733592,58834.7106569857,70573.332905444,43701.2795518087,37140.0288834898,51243.3306274164,97078.8846858641,70670.6642469838,29195.3316238567,0,36614.9776236837,52070.1764956661,77355.1407384855,66681.4203929895,48587.5847550052,35936.6629074731,118311.609227028,37728.5686675182,113644.500866394,72518.8967522906,53018.5810534944,85545.9595775495,42949.7585556334,57783.4214936352,30671.3404648401,79486.2651449271,111850.323372595,40802.9194862054,117085.697943481,87734.6534401632,73155.9178537178,87230.5313790875,61689.9269271695,119967.640630545,69745.4018436919,48224.2736185899,74364.2072807804,73790.8058866419,84292.6183666528,57214.1322747091,40351.3382245566,88370.6981675949,48458.0684463954,109555.011698181,54369.802396942,96089.556738678,95117.5903981061,92585.2410373583,99466.3407131248,66502.9865136202,55150.2327502924,113143.55495089,37514.0063169932,77680.8802746854,29061.6533626136,52657.4205482923,54779.0648496759,91330.875958088,76033.8155741233,82802.4561596278,49691.8169340953,57537.6366320058,48155.2344893045,46519.7512195229,86190.839477623,60272.8209915471,50662.2752367238,36392.8930041353,72167.5875307694,72484.4642974798,39428.9441825996,48758.1716187306,59777.1437375653,51547.1156414693,117829.67603552,116854.468326341,96052.5764257314,68482.3992383228,83384.9155322291,28936.0617960043,72197.2127288374,45962.4953448505,38473.1955923116,42403.2507438542,66458.8161097483,75756.4029368116,59649.9857561534,71238.5094201194,60668.4487143786,61790.5141559459,29349.8721662677,67399.3744943115,47213.1041227375,58690.802543213,54435.7112989206,69627.5347869837,70065.2885387584,60772.6297819614,90971.3228639143,45095.0571768939,110030.926584106,52922.5922113288,57747.6972605619,51904.0533341108,50055.933042675,41852.9940656258,66423.0668901032,108635.08570313,78800.5190676458,101581.270362436,73732.5477931131,71916.4751256327,76486.966978366,126847.700598853,39583.135956588,72656.3228833388
TCGA-BH-A1FU-01A,33806.0104017846,44922.5420938412,38482.0654281501,48317.173770453,79802.3793551854,100049.078472116,35588.3841197592,51191.6592114881,87533.1294551899,30266.1276970225,52229.4501889694,61132.9247520798,32594.3668244167,25702.5487235884,49347.4485852,75339.9578834588,53627.594456765,36650.3094023236,36614.9776236837,1.45519152283669e-11,36755.0639523201,60812.4619942949,57148.20827744,42356.0825962542,33903.8449879491,112735.991482298,24378.9497914997,86634.3121722608,50200.66341828,45716.7051112691,67890.5344292457,33318.208824963,41020.7000156854,34806.4791991526,56597.8331217248,103828.32397178,28950.1791308854,95645.478393267,68009.6521051373,55700.2694726076,70429.9491430073,36914.9773039416,108822.247281355,58703.3023871084,29915.9088157907,56381.2582061111,53971.4378481686,69960.0603906715,32067.9619382198,17823.4987549235,73404.3637631253,33401.089815883,99174.1891424553,41722.7157429913,83044.9503159036,79151.8983371976,77181.1483110287,87101.9347945012,53118.3250472506,44651.1187154995,105875.635567309,23255.168583655,54002.2696462379,26089.8048710377,35041.3309192051,50691.1122949423,71174.7688550252,67944.0809343401,62096.1715984283,27879.4363264098,33631.4408354991,21398.3890916216,28798.8559614207,62323.2545242882,45382.7504364407,35971.8287901979,20075.0573462536,56190.4359238757,60666.6394538825,33279.1974028825,34761.0064258718,62444.2903543466,40141.4716247553,100452.576181706,101509.251641911,103559.321785756,40356.934299706,72057.8948429201,22630.4867175472,54048.1277993428,32251.8929707034,21231.6144416523,26285.1836323903,46025.0485170942,58313.9268767704,37502.236038766,58182.7955639041,50026.8379846601,41155.467621404,24075.5004667512,57318.7286278629,38325.3316202029,40839.0631015821,38943.6779464682,48165.6282189558,66236.4861587236,46283.793774252,72319.8289266242,42568.3496721071,90122.3609978041,43038.725665555,51436.8006987589,47937.0189607016,41864.8092502633,25992.5357329424,63285.3827774287,89755.242703524,58340.1797942432,86247.3377306302,56460.2030626391,56044.3962847545,66107.2691873608,109916.30403859,26069.8128860963,54724.0706886587
TCGA-E2-A1B0-01A,55436.6773745304,57001.6452070009,56413.1153384423,69571.3425147176,68856.5656369878,109256.690818551,51166.4768132434,70292.3510463752,95658.8391456528,43655.4402967755,74545.5974101173,53251.1897060275,42968.2962867263,36708.3291164594,66733.4709926135,76534.3899935301,75371.2015708703,51813.6421046459,52070.1764956661,36755.0639523201,1.45519152283669e-11,41160.752205146,55161.893247584,59995.5503670821,46881.2535885039,88317.9097747282,45388.0463601636,80855.6171864315,68454.8170526884,65314.7082565676,84738.3658194754,53344.0479646245,57002.0610856779,55854.4360015931,77039.8602556355,120014.632961983,42028.6594456352,91942.9518685831,64985.6929989504,57597.7388028702,75516.2939239305,52511.4032377766,97393.3975511386,58875.9291767158,41048.9810950187,63447.6917876208,77812.8761178728,68358.3626242673,49371.3742181165,45889.4018028582,73135.3652581548,58585.4202538123,90701.9562586402,58410.6894596944,70933.9696744079,68506.8039606604,99364.0462257843,66457.3533606141,67838.4848685351,53846.308989142,105619.950674161,41951.3652657326,68394.2305948076,46895.13595613,48422.6154764264,68062.6879168391,88266.510327226,64876.797130116,55769.0150469073,56096.7324715757,55143.8013362383,51159.8114316157,50936.0377092531,85012.5000858943,71179.0503790601,52738.9763734387,48395.45924949,58047.0769434882,69947.3404193781,53184.0441588159,52884.6672347574,79508.2721135082,48231.804489123,91558.1252110211,137650.015822653,101663.500554364,57383.8778528306,80947.9556154813,46975.7926286504,49569.3959807975,55638.1046365952,46062.1855367505,47655.6528639988,63416.1385120521,59504.0006382192,61012.5292532707,64507.096910592,65713.6379898476,67223.224967986,43297.7988011527,82196.1281837355,53883.3595253361,60627.6011749819,49434.9788147552,60404.7471880787,85367.9461777407,62334.4999592553,92253.0632518575,46866.046464665,98988.8890812658,61977.7459273187,68798.8149574104,70048.7193288676,61733.1215596326,43826.4130008456,52165.3946839542,85246.5175288975,47126.3985530311,85467.4992702754,67073.0762269971,56078.0456957538,81075.2617771567,117145.122351765,48427.0291059853,65908.8880721228
TCGA-D8-A1JK-01A,86593.8335530805,79024.6789963392,81625.4149020772,93407.2687843534,85850.7159607642,142176.070329764,75701.4244209336,97972.0703287885,114406.317603825,59161.718571186,98710.4710207768,57771.0325409763,63951.470787429,54505.7345489476,87446.5533282887,93294.238160118,99809.6227815928,80797.7384767784,77355.1407384855,60812.4619942949,41160.752205146,0,67416.0487361158,85695.4484397762,67888.6613197746,98727.868833997,70369.7013106198,102044.586076756,87197.7268244891,85206.6703740249,99703.7468538934,79445.4392325273,73909.7533417829,80974.9151411813,96146.261193303,139894.17967002,64763.8218646572,109754.368384731,87899.0596322099,70003.1151527667,92605.0718072808,69897.3175279238,106685.722895393,78014.5601034877,58432.4634811282,83075.3026277459,97311.773314198,84549.5054137665,68533.3461854017,67409.2318398138,90960.1761555468,81728.5729604143,108279.354312785,82595.4251468956,75917.1355544236,90177.8495035475,121833.214099831,66141.6601924904,90657.447360253,73832.7362416252,119789.185739206,61729.2353306701,84967.8002556838,73120.4625695426,76062.6844237464,90525.8579361223,104578.091815527,77689.2876421061,73490.4246383892,76563.4333397837,76360.3727822978,75192.4911894731,76534.2655328548,104832.146246312,93680.6681572623,72600.1530091966,69876.6957161154,73663.5440146346,86670.9270566946,73451.7976695207,73889.0210303603,102297.008533035,63342.1444510998,101771.741505192,158004.340917274,122230.92956432,75952.4025995421,98738.8077369407,68339.2188357301,60991.304312967,78993.5857471543,68783.3175076086,71002.5895819532,80481.6713363902,75296.5421367798,77389.2219550105,83096.3530439284,88494.6043913806,87563.412382458,66389.2859413037,104766.648235658,72044.9040622594,81938.8732509761,71411.1974399853,78603.4474734668,111476.375659526,79797.3091673805,108653.590317218,66633.3522883921,112861.300460578,84176.5369035789,91269.5664475677,95629.1766546749,84181.6174536546,67722.9158547061,66035.9759934307,95508.0173155024,47124.4737962992,102139.014116857,85384.2581042606,71400.1710378763,102884.258374382,127835.139414799,71177.9265526663,85604.0038334606
TCGA-D8-A1XQ-01A,65170.7014223534,65278.0264058634,75184.0799029022,75745.1468117331,70421.1918418142,129878.193237586,62463.7386359215,94368.1096665767,86047.4701672239,60649.6984252323,93016.4536505,77730.3840783362,49419.6465859412,57360.8306266097,70441.4654289283,101741.734003389,77749.8982832097,69954.8994945777,66681.4203929895,57148.20827744,55161.893247584,67416.0487361158,0,68011.0727236276,57023.0497011292,95597.6458129016,64245.8170443226,103763.609798399,86293.3340323059,77673.2606179056,100485.201055721,72401.7920685119,71289.4696196744,68571.1903736369,86647.237024928,135332.788000712,63501.5343160604,113943.576907518,92861.8992588448,77663.3743410641,92178.9679669999,67234.1622388571,125551.53386315,87312.9123603531,63170.8375129378,87841.8492305246,92889.8129360903,89782.5733889434,69686.2861173531,63372.9592161112,95975.0019346003,73924.8791253616,117562.732681987,75950.6498952307,95622.7500938263,97575.599319349,115429.262441348,95729.6535962292,84502.0683503166,73105.6746623401,125928.612032808,58328.3846969911,82729.1532318715,63549.3418012789,68475.2827273286,88418.1274068205,103009.949382906,88155.8202453265,80101.2004355563,67291.1795032126,73537.2622821704,70829.4522632641,70193.3654003643,103262.399997116,89164.1393257859,72669.8927959663,64836.7239373521,80348.9009652396,84533.278090218,68406.3297141219,51100.1395188377,85916.5404420058,66391.167088398,103245.471435625,149245.98908162,101388.518045404,76456.9799458834,101787.226601091,62557.0789528993,71518.2042225004,73069.92754632,65275.985450305,65803.1630365784,77964.327580723,83838.5706522725,71614.5896103068,76977.4650443129,81437.1713402424,80236.1482929674,58966.5348990042,97654.2818325029,70432.3373810941,74162.5058910189,71354.2785232845,78343.2478172832,105080.741385064,76979.6462848087,106009.249341988,68211.9468895852,117157.660244351,79126.657527124,86527.7462705077,87847.6341756169,73651.9118706568,64251.3189883395,80131.8769520325,111387.258586382,70498.6124577281,108422.569894048,85806.6172920405,80802.6872612264,98037.4608479501,129562.65532031,62636.3860742764,90367.4937801916
TCGA-B6-A0WX-01A,39966.1994681485,47451.7451266726,55559.4430807674,52462.3272820338,89807.8327142847,112102.991277332,48783.0323729312,56499.9406627529,93219.9578854867,52832.5212848514,52504.2402151837,84109.7570193259,43372.5628997909,56907.1508918748,45028.7394746918,96603.3829345665,73433.1492234452,46976.4819252528,48587.5847550052,42356.0825962542,59995.5503670821,85695.4484397762,68011.0727236276,1.45519152283669e-11,56747.3232313862,120176.493742107,42262.8606452666,102310.932504663,68640.3460467,47594.143094687,79477.1280801752,44988.4507289638,56857.1664286667,45874.7589737608,80800.2270639602,101718.71037353,51617.3688563112,110557.283566627,87381.6233724583,68251.8331779802,72516.8872218897,67028.9903103453,111073.058597062,72500.2133600713,57081.6107514134,70586.5428782441,77061.9833208145,81797.3414091429,57175.606019278,44912.3900710913,93499.909721951,52869.2700022864,102149.895383983,52878.7981694245,101965.459049902,98763.1124705511,91412.9680269748,106947.525622217,51535.2089222952,54449.1226462027,107443.992162737,44141.4008328355,78717.9193543125,42076.2418299052,39397.8314591368,62627.8819505055,79149.0327134607,67701.3660344349,81603.1305384268,47100.5322008623,56493.0437288054,48386.5407792901,45527.8381354292,84051.7824814813,56865.688825165,49109.5601265682,50638.552372884,63842.9509403837,70308.4982531965,48406.4946569925,50044.907617774,56034.4388048361,63656.8341941152,115342.088978284,117385.169101926,89832.6166501167,64835.3161530779,82634.0851260577,47563.0703994963,75175.1492648243,45069.2358070308,45906.4688165169,45689.5403715474,67629.4886946348,70456.5846551998,59467.7366272529,63525.8866090234,52012.9362219307,57118.0032913761,38510.8933841038,59542.4852925835,55811.8973829191,55075.4769308602,57642.565540904,61913.0904911952,59688.005242225,58259.3147685023,88706.3299783061,54938.3341187933,106184.238892968,43360.0229305667,45914.9102997793,47618.1391812223,45112.8856148089,37738.657817624,81561.7447718663,97646.1165486896,75762.428799032,96182.0300978874,74402.3631674798,74550.3914716477,77859.0905329492,126131.054038967,39786.8954731822,75519.7179958239
TCGA-GM-A2DF-01A,53133.4056982206,52166.4505418468,58454.620109689,65007.6139601162,81811.4805411623,113897.2174977,48552.0668847477,70722.89718562,96289.1612590231,26916.3222396188,70201.5562174114,59670.4412039345,44613.9279722215,27536.7859593869,69275.944768353,93930.196020887,67401.0237508745,48103.4442899152,35936.6629074731,33903.8449879491,46881.2535885039,67888.6613197746,57023.0497011292,56747.3232313862,0,117413.985960992,44135.649055284,106660.48127877,70470.1494781354,58065.6093374604,81505.2131405718,49907.2864593285,53193.7916731367,43126.2023667107,75640.5388895405,112609.498694034,34358.3808692994,107266.504492055,86915.4461070159,66711.6193953808,93274.4580343075,53483.5421443008,114313.930868648,61579.8033144854,36357.8767531667,69568.3071749338,76030.7242668749,72138.870044073,48701.9449205453,37929.1829864938,81224.3369351477,55039.3326630358,110113.462679784,58180.6583030698,91600.0941381584,95450.0244129017,92378.5498597372,87196.9452729543,78227.8252624847,60107.1103244886,110631.347486891,36696.1739621285,70687.3758732497,37100.346532991,57465.5698081898,56998.9592518918,77109.9008182211,74338.418963949,76812.3716754134,53973.0292819026,56906.5199222975,43516.5389884601,48472.8052357259,80971.5671674336,62292.2395934862,48324.3659756865,34665.2336881215,70135.8641900288,69320.8632130557,38008.8951980368,45964.1527484556,72665.2721708439,43032.5069041384,111547.354619247,117875.573326088,114864.19664506,70636.1940638869,67331.9945071138,24639.2219103133,63578.2407096808,46382.4626362131,40694.6293612503,42673.4145516279,60564.2344953042,74164.3639871513,56583.2940801546,72090.5431604579,65743.9663699474,65287.7365371885,37057.4453384589,71077.7893932252,43595.8197847189,66617.992687997,50865.4386625954,69188.7787955996,79040.4312458878,65763.5083869289,91200.2078146214,43640.9969755078,111073.031035081,61124.0047403613,65511.2506191339,66857.4360075427,59287.4147403431,46013.2593510015,60103.2942763905,96832.0104142103,66920.9793078741,95899.065602,63545.0152686388,69582.3442343189,78361.5613770384,122088.913352079,44203.0362807907,71184.4959187249
TCGA-AO-A124-01A,102944.185646251,97572.1500610783,132071.949589737,104719.465784876,73947.8928189823,123071.801854235,116965.257884839,140029.312651337,108477.775494744,121435.177702924,157766.989555827,115786.647579904,87660.4421468627,117743.776774157,108519.59404245,126528.33017869,120061.407113122,107798.533763374,118311.609227028,112735.991482298,88317.9097747282,98727.868833997,95597.6458129016,120176.493742107,117413.985960992,2.91038304567337e-11,117804.554428548,131003.186311095,156848.541694017,145589.082298616,173862.895722463,130176.17562222,135790.469774504,131856.756822933,162034.525088436,212203.929039786,121186.13079688,166898.756766244,101464.665860492,106735.626546939,130800.41396711,131490.804316153,155959.286310023,139898.884680275,127423.228061463,140943.601886477,147578.472516179,129756.471677414,129418.79059782,124109.35574764,136347.276649515,136737.073358096,128866.159648545,135714.779573943,132301.81514653,97026.411873289,202513.777299611,127183.818989343,127860.139688707,125861.731797919,190776.967537021,121466.503052317,148167.833968425,124892.084390945,109669.041949693,155750.595012929,169932.785630023,130433.474947897,107076.751517598,129757.919547777,133187.60536259,127082.884045768,124566.546994791,175676.402002989,166445.577528713,127315.652280012,137333.748396862,120703.895189437,149285.215252923,139250.133157935,94675.6048510981,124085.390896433,133812.129376305,159564.33461693,251698.485114821,135767.3991112,123701.896689676,148570.110126221,131512.966925226,111141.087425064,131851.348825912,119568.743083521,130356.366499359,150546.875346396,125871.681267082,147782.494930117,133034.934066983,143729.466630699,152945.3558425,113426.480114375,174947.980619262,143544.958089857,119679.252221314,116272.709684903,135726.080591537,145143.257807926,128509.319784536,190137.843661143,120165.550713294,169546.150782531,139898.28178679,138486.390197263,145453.289662163,140404.0957391,117885.804016716,114145.090969727,153069.721340704,109001.313868326,167540.241534603,136123.350053901,102763.449636492,144259.035695752,194452.645766585,121905.891355869,142348.578574055
TCGA-E2-A1B1-01A,36407.873484905,47692.2179332899,34047.1915892116,47429.0116375781,88462.2553629814,104212.468764798,38328.1928683514,47231.8988785259,96745.3011487353,35045.5699036023,48367.60977041,66620.0021878202,39267.1357717133,35259.7801250997,50038.2156098395,76142.4853003844,61725.649885025,35938.2921072406,37728.5686675182,24378.9497914997,45388.0463601636,70369.7013106198,64245.8170443226,42262.8606452666,44135.649055284,117804.554428548,0,89826.5023256923,49530.5497011814,36808.5514437519,68532.7096401622,24014.677225563,38544.8223220535,33088.0603679086,55033.1771308005,90996.2235096557,28022.0674992583,86750.3586973864,66779.6897244418,54890.4352940406,53671.0922226286,37188.2499783086,98274.8477201409,52295.4632388267,32651.8248212087,55045.2338386092,43156.0420007753,71274.7971634622,32599.253033202,19318.9788994199,64497.8446067681,33778.1133110186,86246.3232511133,31910.6810279793,75207.0441549825,71247.3033825626,74375.1823247244,81873.5870408646,40143.047751795,43626.9921336823,97741.3830214635,23562.8530558863,50717.9016254206,19924.6845613396,32438.3416174453,45912.224482105,73160.4029682636,63403.7969615705,56761.1675246507,23768.6931045025,29733.2606384059,28564.8625741344,28332.8202433175,59645.1080345781,45539.0632746016,30012.8491776341,25293.3882106401,44163.8109126855,58073.3232154065,33185.5829518469,44517.8760264236,64742.0051310892,38711.3328734906,93401.4033746841,101747.525077441,106196.627912296,34669.7607277496,70971.2121391654,27765.0866863235,49786.4775006245,32261.2175073239,21432.94427205,26076.5589858342,48555.125167214,45284.3694806599,34099.1025603541,49176.4998340859,42017.3838883084,39664.6292969622,21882.5460162695,54151.590753845,38530.9776009289,33009.8671119628,38166.1137606754,44259.8068747218,58127.5353965902,39312.145393481,73502.899967756,39165.2367823735,80550.1977859289,33660.1255578464,44637.4744808215,38739.8096984447,30408.2878651232,18725.4124524718,61485.9945155153,85413.4291201055,66692.0583399355,80839.5093274204,57487.0710268931,46058.9607213864,53792.1218924728,101554.905921928,22770.1733953447,52037.5252190994
TCGA-OL-A5RZ-01A,100846.481487772,92585.0927985938,81969.8827852271,117158.919582167,103033.389345844,131815.773374751,106272.383275785,98674.8297591053,125972.608095795,103410.996605008,111420.154949657,117936.993088324,88176.7066265861,95332.725144175,109915.023611422,78112.211873302,119570.435820149,100453.741425516,113644.500866394,86634.3121722608,80855.6171864315,102044.586076756,103763.609798399,102310.932504663,106660.48127877,131003.186311095,89826.5023256923,2.91038304567337e-11,88995.0611629884,106031.454797713,103616.826330243,87978.1483482283,91675.7293930096,114910.81273702,98141.1818755395,129848.75812908,80019.7648654362,89414.5536670457,83204.6213287179,85022.2662447476,93233.744665793,83586.7473699525,112599.294968252,91516.5161932322,87218.6644012325,81322.8020558227,107366.731766686,79500.9938535609,86001.540138824,95631.0867721253,100737.649728679,88337.011138787,96399.5359975054,89703.79046881,114664.808096939,87835.3907149017,113867.648156338,113811.530616214,98830.1434860207,75593.6751403071,129689.771591891,82718.3346033724,92033.2477002781,101109.659056998,78676.3899957705,111359.790425585,102488.200998504,91670.5643200117,78584.2839639654,87828.013818694,84906.2792002621,98733.2681376354,79264.7939193305,106694.62760976,101918.925155751,81113.3952224096,98165.1265189829,80614.2128565137,100335.56340217,104810.794643959,97261.9212730378,116392.753445393,95734.2228871268,114216.564173361,157309.523069886,144475.128349155,85349.8106379489,98376.2568861379,103893.049384111,89747.390155501,86936.6264819232,88252.8965775638,94769.1989403576,98653.2634231067,85865.2004303037,95993.4273063281,86115.6396153846,91769.1832541029,97886.0611071565,106968.980619621,108308.856245099,98060.2625229891,88987.5264419842,87060.4038442528,86041.0872269936,114691.379326069,92713.3794435421,121919.960748788,86028.0383486431,119601.12355263,99844.8849316319,95652.4506363868,103670.132274101,97307.5669179133,88004.7880133578,93757.6674423444,110962.250673526,98003.4887219866,96070.8098754391,91219.6407267393,89664.5317785421,107264.506088605,126876.087419612,95523.9843964949,94725.156657478
TCGA-E9-A295-01A,70626.1511198911,78774.6283476575,50037.4808297283,89233.5780411204,118653.346074532,140298.467967053,68653.7740285676,73895.9462512803,122975.470707441,62403.1700422529,52153.2534916632,87667.0377913153,66756.20634181,55849.0103719665,80886.4013199626,88478.6462727164,90076.049415179,70380.18299472,72518.8967522906,50200.66341828,68454.8170526884,87197.7268244891,86293.3340323059,68640.3460467,70470.1494781354,156848.541694017,49530.5497011814,88995.0611629884,0,53759.4469158464,55748.6380994678,46568.2792575377,40356.391860665,67720.9186124157,50861.190440318,68667.3086732691,47020.0994322878,75989.2700715574,90108.7805155604,73426.5626070809,72237.3874152463,46083.8895783165,94607.6059523538,57046.447380439,41400.0827578552,50508.5287018676,68427.6154615256,80945.4897233292,45442.411168559,44765.1051201464,74576.9655330685,43982.0892240506,97640.2967514158,47512.2804244332,90213.9100981113,104085.276569491,57769.6471167955,89051.1898840153,64550.5514822651,59635.1075019359,77355.4850123827,41785.1746126208,50463.9492562905,55222.6276891498,50891.3076288298,52196.8495086587,71561.4439462375,64692.3882480844,71100.2530285454,43859.0307895895,45281.3183143897,51623.3328993905,45217.8762334436,53515.8496005152,40100.0032981682,43176.7122851854,42469.7335083665,56695.2143877394,51560.7689462491,49199.1548221455,69313.9845071706,92198.3848952038,50229.3166188974,83545.3113475037,78877.3537480559,120144.337712484,49507.4746777726,81518.2587544497,57914.4963512654,66106.1053079968,45505.6615092385,45679.5496873537,45093.123207936,42438.0375127711,58444.7511534555,37442.3493318588,53519.9049546676,49399.3744251415,43780.9433266353,62588.2188151214,53534.2343388715,51420.9409161832,56927.5236880313,56384.9500498069,46453.7755199948,81603.6308272951,54936.504665403,57753.6656645095,57564.3118610259,84271.1705025524,51043.7511220153,55907.4681447667,58103.4269125872,45858.4327275899,43515.6432208461,74219.1153563999,83109.6805687659,77520.636369418,57357.8786540551,65816.5924366215,73778.0939645547,76195.6729696235,89844.1021268289,48824.4960402082,56185.2578600139
TCGA-A2-A0YI-01A,56911.4455575038,68896.4090299166,48233.3092655603,62959.5679602438,116025.706430353,141981.899460691,57738.3934507898,55618.9379602031,117940.926429524,47249.0914452285,45227.2985811603,83925.2805745818,57317.3855056285,52902.1047990955,64235.5563368811,96872.1808825642,90037.4178843354,58022.7166096535,53018.5810534944,45716.7051112691,65314.7082565676,85206.6703740249,77673.2606179056,47594.143094687,58065.6093374604,145589.082298616,36808.5514437519,106031.454797713,53759.4469158464,0,64034.3271218161,36064.5895876405,40060.5995428423,48663.3623896915,60738.3044541023,72298.2579910159,41181.4690144407,87857.2763750715,98492.6237458248,69117.6180757731,63985.3524930831,53314.4962502844,84899.2295433891,50724.6916115922,41398.9032007064,56096.2337146881,58404.3926786806,76220.5859756593,47492.3800468548,40641.5498686394,74282.7804645945,50554.9226919893,90289.0366610268,39345.6373272495,85490.3355856333,99374.7471212733,64487.2189133699,87721.2973226832,41218.5578552752,45162.9877798381,73986.6746678157,35552.5728421034,59542.5553753771,30774.3983481951,43760.1859939745,39279.7822575291,64334.829771506,53411.2382049961,75999.9453072071,39588.4327507664,45362.6001123235,53546.5150626983,45268.0525474965,64891.4712559851,46623.093484205,41945.50202443,40479.4452893255,49933.8276697382,50053.7578622322,32763.6602905306,66724.5286991784,76689.5883404057,38322.9085873145,91676.9239248448,93005.5122243452,112118.470569625,55547.129817166,74291.711222141,42464.4090061312,60991.0555664637,41832.4644514047,43007.509564046,33452.4988032067,48994.0642055776,51851.6139597547,41061.3100629825,47339.4034330713,39594.6815419995,46970.2582273329,34999.8332164333,47507.247336251,38912.2123308121,52279.0575372733,41555.1777211315,42378.2775452,54750.7598966927,44486.1362873299,67166.7561572153,45001.2506473625,82455.7352015354,28889.6785622117,37332.632478365,34823.1549879807,30920.0446037464,33369.5310405393,67851.3138783118,81334.8189747235,82864.670733841,78883.0700587022,68937.0041596649,69821.7233355149,58840.2487079369,93167.517261142,34548.7942470088,62859.4186116119
TCGA-EW-A1OZ-01A,84539.6134058846,97041.0299216147,63668.0274680357,104490.122462933,129581.866430816,159653.720338468,86249.9152232449,77768.399835542,133347.902591535,77829.1942664904,55105.7282347211,95997.5993587075,83125.6517563414,76681.2381147091,95892.0969085285,95324.1163894104,109010.803260353,89822.9430101036,85545.9595775495,67890.5344292457,84738.3658194754,99703.7468538934,100485.201055721,79477.1280801752,81505.2131405718,173862.895722463,68532.7096401622,103616.826330243,55748.6380994678,64034.3271218161,0,58147.9032861936,56431.2654444897,89236.3289119913,69218.9679696499,72956.9696071745,67101.0377967143,86174.3362047359,108317.367767836,90221.2343224997,82441.5156473642,70723.5286858994,97607.24215847,65010.0256366921,58816.7462329124,53846.3215708873,83477.9387072335,86643.9390127842,68615.934938136,66038.7994620483,90943.1901296298,60727.5307053062,98944.0075393478,58863.9396279751,103891.126774321,123624.545342411,62467.0723731338,107011.235951179,75636.580384938,55619.7958190068,76961.3628543388,54703.1989861369,68585.5452131361,70211.0453143652,65405.02774575,55872.9541207669,73733.9255106208,71795.375013439,85149.6616564441,65408.5737919596,58413.8669147685,71908.4672120846,63366.6589767015,70884.3979817693,52132.8907136425,54984.8096618457,64399.8125546076,67521.4863649756,62679.7921112711,60994.9617871244,90585.5787312479,106098.95265733,69384.0147917136,96449.5003399356,78015.4758511045,130505.370265478,76908.1072777122,83729.3281868653,73541.0367013459,73598.8810196016,54370.3011149813,64839.5843535777,61045.2332446383,62947.5545590722,73714.5718412308,56365.1334196308,60121.3133367348,60669.6334442892,62406.5110994511,77690.5425619811,64320.6194799359,61201.9780671451,75344.0146321517,65495.968075434,58815.0754489354,83225.3084681788,73509.781430748,72394.1637162266,68681.2673251195,105821.956120791,59327.5543951492,62523.6705026284,66520.6104988183,59929.6591428703,62173.3836238851,84044.2131836538,83389.873951427,93942.8102593884,73031.3912487559,73028.7206715394,92312.3929907307,84734.2495992955,93071.4976497711,68217.0406053484,66682.4459283468
TCGA-BH-A0DG-01A,44187.7024504193,54511.5242019072,35516.7739512641,55442.5229250398,97309.8200812269,109077.137786148,49245.0765723113,41896.4330979989,102138.877529859,42455.657462322,39861.4959369159,74462.7030687766,48127.2900691429,41713.4155179338,58687.4615600173,71659.0404117577,67054.7871132236,42117.3084611394,42949.7585556334,33318.208824963,53344.0479646245,79445.4392325273,72401.7920685119,44988.4507289638,49907.2864593285,130176.17562222,24014.677225563,87978.1483482283,46568.2792575377,36064.5895876405,58147.9032861936,0,39856.4890791126,43176.7116690502,49315.5964829531,77212.1793733649,30487.870335888,78536.031986563,70461.4890420187,57136.1613628864,58054.8853805119,40705.6556555878,86819.7091194208,47633.8792197531,36739.5031443884,49546.3518046639,48785.7567536441,68747.0071502285,38084.8971869004,29382.1809697065,64728.8243229367,33225.3471903227,79860.2771334603,32113.0299848491,77239.3769225414,76580.2455566979,62936.8195586835,87083.1628868496,40131.7335475016,39696.4441037876,84625.1363811797,27568.7812026252,48463.7894490427,27379.4041820225,34687.1190425184,36068.0882038731,68850.6860605207,60041.8680436066,62656.5268280514,32070.89536438,34333.3785456025,36003.8503970745,31625.3535045439,54324.9460186971,43519.7433654374,30843.9018468715,33644.8160030902,43268.7041809324,49720.3300142081,34860.5605077278,53385.1658559363,68035.8287214571,44017.1025964973,90375.3128955763,89359.0265705914,108550.262498109,42961.5734559955,63751.9680189038,34150.2311375343,56963.14892321,30143.7124626372,28341.0955011352,30603.090236024,47643.4931596407,47387.86538048,36324.6642137223,41460.7427247018,35371.606211686,39561.8935057964,31331.1318935925,49051.53484281,39498.1353605836,38121.5345704593,38175.2244987363,40273.0302595063,48848.4572299194,41328.9261028216,68641.18511345,38957.4848260678,81578.5038749926,30366.0499503344,39913.836339504,33403.0677105858,32233.6650877502,21871.4976681785,59835.2236124097,82276.4044046155,73527.2688677239,74313.0007400862,53804.8722820493,52948.6960345297,49981.9467705613,89591.4160651875,30476.7511704988,43962.3089304526
TCGA-D8-A1Y0-01A,58699.3230039558,65826.6195181136,47145.9202895143,73074.7946777701,101976.994714597,132925.81397168,59005.2418273843,63900.9710639494,110201.309380802,47266.8896546481,47140.8200256538,72755.8499522955,54142.3685259376,43824.3338237635,69688.9206624057,86153.7726653845,81007.0958088626,61323.6185823255,57783.4214936352,41020.7000156854,57002.0610856779,73909.7533417829,71289.4696196744,56857.1664286667,53193.7916731367,135790.469774504,38544.8223220535,91675.7293930096,40356.391860665,40060.5995428423,56431.2654444897,39856.4890791126,2.18278728425503e-11,55896.5292702365,51187.6903111118,75487.3402234452,38351.4425455695,77458.870435066,79420.7830793397,57639.3001232393,64442.7726966741,41155.5571428836,83243.5731802523,49193.6356104265,32906.8992491168,48890.4997857413,59563.875231613,66189.7868485014,38618.5750377789,35531.9388145899,65340.7940954133,43555.7341614236,88640.2374501344,36749.0455586539,80258.4941899254,91219.5669137041,63301.9659728732,74628.4622464945,51501.0487309788,50094.8778165325,80069.3282673487,30758.8148667216,47005.2258711495,39966.3239588081,40642.1284465282,44641.8344427407,61325.3067684536,59042.5631679561,61799.3025204316,38238.1416811752,38768.5163286796,45086.0987038927,40094.575868896,51907.2553515788,40976.8478385772,34335.5073936535,35367.610769225,46520.8918001267,49723.8762907982,35774.817916856,60965.4455440497,80507.8205657678,36341.9844873618,81304.0413940457,88234.0876207078,117986.762183557,47190.55798475,68056.6073163998,42752.9741090294,48889.8507403705,36712.3281744402,35739.5531929597,35324.2633636662,43228.024264727,48154.7111913152,34083.0407745889,43678.3711525709,47282.9983245908,43868.4623729233,44292.8639144246,52982.8141790924,40256.5818861261,49725.5716596711,41526.4882803774,39869.2617971087,66040.7748339928,46962.778858129,65388.759593598,47126.6638219985,84977.7874406858,40772.7192956615,47022.2194797631,48394.6684707758,37633.6003514316,34265.4277470812,63101.0514497843,66490.357262234,71377.8038449224,65510.5516859062,54430.5380090851,59505.8820601214,63530.7108560222,85698.4224788952,38059.0341378219,47957.2391479764
TCGA-AR-A1AJ-01A,49680.2155846672,52918.451339923,49129.7558689648,43557.1965860115,100550.833157261,125256.797812624,34435.0774459615,63436.6422153646,98224.9747094322,33274.5250604512,62436.6014703882,81585.2511323069,51407.4547044171,33851.7495455751,51327.3842312507,105865.454546884,74275.7408515836,34007.2698751792,30671.3404648401,34806.4791991526,55854.4360015931,80974.9151411813,68571.1903736369,45874.7589737608,43126.2023667107,131856.756822933,33088.0603679086,114910.81273702,67720.9186124157,48663.3623896915,89236.3289119913,43176.7116690502,55896.5292702365,0,76305.5373191581,110114.070938621,38214.6536464488,117070.284765228,99822.8031125407,73202.7436225504,89157.3276080022,58577.4679586768,132278.219238314,71711.5929500769,48852.9577477785,80062.4883056605,76445.4104072445,82853.7577341175,55577.552597233,38227.2012309356,96059.8906721246,46584.2509413496,124152.78332553,54868.8252591297,104562.822453211,103611.407875829,91817.9158032786,99838.760690312,66887.939749428,54341.7379697536,115105.222234526,37834.7068109496,74020.1173799973,25800.8788110643,52912.0904694717,55171.3105635343,86054.919024488,73765.0214452526,93856.4801202225,44260.072255985,60606.1956480056,49087.8634379741,46179.6983438386,83883.3732505837,59649.107054713,51876.2964738421,30322.9071811043,74862.7082745837,68234.8120073981,36532.3405107836,48103.5885651083,62916.0621956766,46941.7294326657,120902.147067894,113489.89787936,108712.637813626,66579.5554835246,84103.7448765908,26313.1879908836,79856.1843768527,46562.876515602,38771.6977274289,43659.2087452544,61400.1934539388,74601.8985556126,54209.6604554239,71047.7625948605,59302.8524534005,57673.6584945423,26514.4163315271,59726.711066811,44572.7134282848,63533.9330160932,64490.2052437879,73284.9177022092,74974.1771958723,61489.6493408408,88169.1264635193,42346.5713225499,111390.892441673,50704.5118039233,61058.4419883695,51136.9350928338,46785.145911687,36528.9695791307,71257.7543326818,109831.767523307,82516.6607731062,104274.026820112,73458.7410472166,81513.2494365539,84497.8575886074,129437.213229761,32669.1728570705,77443.1758060038
TCGA-C8-A273-01A,74163.684725092,86745.7197815689,55195.6981368656,95254.9794950003,126272.64633697,143238.640986258,75862.7453093828,76800.2208241631,122840.366237218,72717.6049755257,63078.0881978114,96681.0231564627,71530.0684691633,63624.0349366638,89481.0169679205,91936.482775318,85479.6515672751,78178.227732563,79486.2651449271,56597.8331217248,77039.8602556355,96146.261193303,86647.237024928,80800.2270639602,75640.5388895405,162034.525088436,55033.1771308005,98141.1818755395,50861.190440318,60738.3044541023,69218.9679696499,49315.5964829531,51187.6903111118,76305.5373191581,0,86767.9261875686,53797.237212825,85802.697998093,99545.5385095998,80847.4682983186,76227.752395383,44450.4504492592,96297.1914980644,64924.429714768,50660.0592943661,66575.0978721068,65032.8088909822,87804.7088369723,50985.09553184,53345.03132464,77698.4962708927,52047.128363814,105639.768011354,47885.6143934016,88408.4732784127,106380.054704153,59331.3546678967,96347.7912973792,65303.4610572835,64618.6139323396,89030.8066189421,50015.8159478715,45668.3884845554,62871.8728086856,61563.4090985726,59541.8548170164,73135.6391766968,83420.8627495891,77041.3634468054,49549.4319911382,47162.9416508898,59587.8685987457,50989.1917312531,56906.931699702,60596.7476314523,57396.1237683817,52250.9800552528,60403.3756566395,54485.7408929938,61389.9337314288,74947.0801329062,98646.2415128427,54355.6680719163,82084.1604479569,88807.8023022474,130381.305120745,51338.0512758598,85062.6792945264,65789.4979915378,68419.6572663166,55962.8722755514,55811.7210744622,50948.4533046611,51161.1296168465,62400.8935914163,42137.6224888089,57321.0822842761,56407.0369474939,46834.5312013743,67923.2595655816,69298.9926605713,58922.0117520311,59236.3847787878,58861.33897819,46685.4871882144,90468.0733644436,59201.6580936259,64920.3988320682,69620.7485666536,85097.1550836664,57012.4042215549,69242.6679547212,66702.7550873044,53427.7852673301,50501.0510440725,84335.7885108828,88321.9989551076,87503.5139348226,84279.4440788873,70095.2047537965,81951.047958437,72979.9153927589,80996.7741944494,55795.7017308744,60292.7389931424
TCGA-B6-A0RL-01A,113432.236260699,121746.896978597,83178.5539698951,131819.7711002,168458.481300374,189682.645675705,119774.145717912,99287.239889526,171785.688979825,105948.197533986,65536.6308852994,133605.184976945,115504.908049883,108582.369963506,121901.096106467,125829.41748894,141161.952986944,113369.178689119,111850.323372595,103828.32397178,120014.632961983,139894.17967002,135332.788000712,101718.71037353,112609.498694034,212203.929039786,90996.2235096557,129848.75812908,68667.3086732691,72298.2579910159,72956.9696071745,77212.1793733649,75487.3402234452,110114.070938621,86767.9261875686,0,87843.8762377128,96761.2281260979,135491.560355373,113222.955576016,93178.7797147484,95443.3520892417,101349.825257372,79844.7079022941,85016.8940574571,77884.991233223,102227.335816331,107472.079334085,92862.7416818196,95812.8786227613,105963.402769072,84384.3818639651,112355.175943321,74310.355327098,126058.85821519,150300.421227913,72310.7559720594,129308.697727831,88628.6744752853,86339.5316374319,71192.4698717172,83523.4589439313,90662.4203264569,89809.8377529937,85550.1202412107,64482.9520948928,85067.3063359046,86252.5653542294,109911.103129427,84264.2402512279,84708.8531900171,105118.357202072,83568.5469261106,81459.4260507838,68057.4052971782,72698.0247508967,91785.0734355061,81105.5838331271,73405.5774526239,78582.0207339105,121987.061817289,124242.5768335,87252.6130739181,107962.257444954,75721.2740088085,150614.21852218,99646.1122435394,95490.2450937768,102536.512967991,100578.812067514,73491.0670031999,90996.4362592724,85980.446620985,74909.5965743709,85616.6537630656,75524.7715471748,75877.7714841033,64961.7448113611,79606.9095775734,106668.845585561,75723.9726264481,79923.4682391807,90263.7693077428,87018.1160597328,79861.9453226086,89906.5976772158,86451.5728397646,80458.3411529811,85248.7271125639,110662.046525167,72800.1027859322,68730.5336853447,70577.5067199207,67984.9180852349,83534.0941249628,104353.162544384,104507.344603327,129532.901206924,78137.6980865411,95703.5889521873,115547.654494501,94858.4700745676,97964.9335768099,89998.7325241572,89066.2186634239
TCGA-OL-A5RU-01A,49346.858835001,47830.7238485,37235.2964555466,60582.0203440724,89670.0757695278,107446.285060106,47071.3010008737,55293.6836990532,98553.2450924249,28123.4239024373,53446.0446353988,64838.2427631914,44277.3007547409,26352.5336421456,65070.7319771171,76169.0320147996,70841.0775137097,42021.4560938701,40802.9194862054,28950.1791308854,42028.6594456352,64763.8218646572,63501.5343160604,51617.3688563112,34358.3808692994,121186.13079688,28022.0674992583,80019.7648654362,47020.0994322878,41181.4690144407,67101.0377967143,30487.870335888,38351.4425455695,38214.6536464488,53797.237212825,87843.8762377128,0,78973.0962190389,63716.3303101379,47085.4014950009,65072.6690368817,40385.8400692619,83249.4183266121,47005.3391775529,25293.0608359404,45972.6518615024,49528.5101281514,58876.2810576814,30458.804725214,27255.9919721889,53445.2264422499,34457.2163453427,81500.4776953125,38557.1630522812,68851.4792356159,70381.1558376963,65880.3111112154,70589.7507383317,49148.9924444208,43656.457379431,88797.5852785239,24341.1461231897,46598.9265257704,27878.2731405244,40243.3252632367,42242.7992695922,61284.8758061343,57418.0880738925,55989.4788206052,31466.8347065728,33232.1408963087,34039.0028140121,26153.4016464738,53354.5592833173,45732.5368315877,31227.7524869504,24100.1357388623,42977.2310207236,49740.0063987716,29520.6718779187,47208.1996233674,64184.7445195822,29881.964500146,85619.180442186,97833.3177641554,113973.452105931,38029.741064837,54955.7719692954,22855.8570511853,50437.3499628951,29868.347806839,27079.4457463377,26851.487050824,45026.4014608075,45202.7633111872,36512.1990402573,51328.4288694881,38199.6241781316,41352.1554399354,35209.2031715498,49483.5450629656,33007.609865333,44131.0904642882,37070.5093086913,43682.6851855927,61569.6185466077,38049.3594955548,69789.5240114808,32374.282871385,76765.3945646642,39998.9323469807,45928.6559140555,45135.6741079879,41249.0973213702,26614.4435813891,47944.6504362834,84997.2691043485,64622.9107119143,71263.1253617385,48908.3721617917,47084.3763589646,55373.2617593176,89532.6786153624,30823.5819486504,46726.4610808992
TCGA-A2-A1FW-01A,110796.660467048,110180.219392733,86477.245716312,129907.669525697,132440.973427618,166862.735503321,117605.270149021,97977.9523938917,152813.856184795,101215.180323353,99854.2710416005,115671.454271632,104405.860707523,96333.4974036674,124887.636565115,99120.0001338507,130763.94630443,114595.28121315,117085.697943481,95645.478393267,91942.9518685831,109754.368384731,113943.576907518,110557.283566627,107266.504492055,166898.756766244,86750.3586973864,89414.5536670457,75989.2700715574,87857.2763750715,86174.3362047359,78536.031986563,77458.870435066,117070.284765228,85802.697998093,96761.2281260979,78973.0962190389,0,100263.313037856,89252.5824091361,91590.8924281113,75815.3372857823,95912.0750613156,67192.5927662781,75803.8413625606,74452.4278841011,99204.5138138623,82047.3990155915,85607.435151677,93428.9626896333,93412.4845431031,91557.0037024914,99003.9256750313,78414.7720608191,105929.338458549,105211.235380231,100124.248754081,100372.839574829,90880.4797473483,78568.8697951576,83636.5553104431,79444.3990764397,80221.0395492449,95246.7723834919,80839.7885273421,81894.6118081968,88775.5318954957,85349.6353651044,87550.8192349091,87506.8808598451,85044.6280649392,103111.387155597,86307.7636700403,89086.9691135907,93390.3676555968,73821.7455222477,94422.7951763964,73999.366651557,77617.7958668768,91135.8345028483,112624.671039386,130723.262616615,84439.0071584261,91673.5398651099,125920.010480421,158809.515258603,86961.7671567884,82678.5297339472,102713.841710361,84033.3966849079,84578.2811583707,83398.7443432479,89337.8943450747,82774.1702359493,73895.8415929791,80869.8142593841,67765.8010885138,79453.773311141,93006.8229455806,106902.660731886,97498.1106884496,82252.1106597884,93169.4114415019,83945.3125495089,77839.6411038009,105161.170696779,93082.6248605931,106648.326415944,75941.1689252668,106964.702421963,87555.9814961516,88840.2503669958,90991.4774130322,85631.0219345629,83716.5830995498,88293.916718622,86459.4633369222,106650.870649492,67296.6686219079,82777.033081619,89831.8336284493,95829.3397576386,97273.0011681852,93998.1388561668,74233.6753859457
TCGA-BH-A1FN-01A,71434.460769851,70495.837435557,70539.2985512324,91702.4425067794,79140.928030488,89588.6123325396,90567.7691135622,85304.2695433032,112335.135955432,86627.3019199714,91815.8760458046,93206.9620095905,70342.1247765602,78794.5441003143,90027.7891069708,74234.3011721849,85046.2765286742,75179.7322557369,87734.6534401632,68009.6521051373,64985.6929989504,87899.0596322099,92861.8992588448,87381.6233724583,86915.4461070159,101464.665860492,66779.6897244418,83204.6213287179,90108.7805155604,98492.6237458248,108317.367767836,70461.4890420187,79420.7830793397,99822.8031125407,99545.5385095998,135491.560355373,63716.3303101379,100263.313037856,4.36557456851006e-11,59951.7598440834,76690.3901288226,82966.6845019139,102129.119915819,89160.3219362182,76458.0669113161,75279.4425434427,78884.7859833867,90346.1322486258,72443.0091128634,69830.3965515288,80596.5042484033,72409.6982807874,78281.3069739977,67962.0225879152,89759.7067756864,51797.8531418174,128282.170742584,97293.4219579915,78569.7405104587,81131.370306711,138640.070647773,66859.0180208222,82135.2700503933,77759.8662693968,58352.9998153519,100559.108686102,111541.569718896,93714.6722076154,51606.407119785,72110.5553624038,65471.8644373156,72181.6835982199,66610.1246576502,93393.4237561338,98010.7647341273,59065.670894326,83480.4886975714,62128.1736279026,102064.902153665,89724.502383797,77368.7326193817,95193.0925755139,89400.2007088566,109540.023447385,166543.204270725,140626.971720209,61261.3696358604,91897.6927607185,86713.9749889035,66777.0075464851,68965.0170427757,61791.7658095447,77442.8968158567,95541.5197444383,69171.6822368149,81452.6210925886,78480.5676698636,81240.0040962579,88048.8798307731,81449.4541983497,116147.33292518,93457.3849861597,64862.6436411901,67582.3778841637,79319.9469599565,90708.480657163,74855.8729248275,126088.228339479,73259.4471704284,108656.863507391,83427.8365050257,84937.0517479398,89594.5984254341,88065.84650474,64446.05630706,78526.0434959161,108994.049347935,86377.836983123,98766.7358446572,76175.4817526107,45331.9326058267,80448.4847470514,131403.055953736,77465.6601978339,73031.4331440161
TCGA-E9-A22E-01A,65272.1077226638,52373.7460816873,66857.5061196381,81780.7613750216,87121.5690847211,117088.94244519,77349.7230634414,72922.7194023112,85540.3745373183,61184.2579045105,75311.5706798164,79824.5433080944,60690.6952630535,57213.9193666431,80909.9647160182,77550.1112449853,87193.5081661732,68675.8302628601,73155.9178537178,55700.2694726076,57597.7388028702,70003.1151527667,77663.3743410641,68251.8331779802,66711.6193953808,106735.626546939,54890.4352940406,85022.2662447476,73426.5626070809,69117.6180757731,90221.2343224997,57136.1613628864,57639.3001232393,73202.7436225504,80847.4682983186,113222.955576016,47085.4014950009,89252.5824091361,59951.7598440834,2.91038304567337e-11,70626.1569079405,64036.6069320587,86174.9515087788,61841.1098834649,55400.2012342294,67127.4997039478,77555.7385767956,62877.4511818781,57250.9287664764,54855.9707670273,74327.7754179389,60036.0909643551,76586.5998434095,58522.7186632118,83182.208143243,59225.3306462549,108457.01784188,77624.466544775,65240.4466752683,63482.1974293797,108974.028247948,50945.7130811154,70125.0362240379,61484.0115263984,49553.5318316313,73800.4133643911,78976.5925098345,66916.0838396118,57624.8701634779,57289.260954028,62007.528460153,61905.4940406997,54797.9827260314,85288.0410032151,79588.828892388,50270.3400667415,63998.168234784,53200.3215792074,70958.2748567184,61591.1271756927,67030.5083350427,79930.968181208,60841.5112284856,100914.505421777,139106.058835888,129390.484255734,59813.9534085146,61554.5281620528,62842.1555646364,57214.2246961296,49226.3814042324,53447.1504363157,60835.8274137632,72245.3586005351,58654.1844222627,64822.7901795406,60372.7301128564,64870.7950869951,71932.8338285446,61349.0456614116,83138.7009257967,65839.8335409165,60256.1201071391,54450.1150418075,63975.6733962146,67600.1740412719,60683.8473817744,105815.490609581,55156.7862948204,101394.159015703,60873.3094887239,61404.0918715782,72066.0835986242,66331.0792774758,49214.8597562262,62561.2769483345,82199.4678217069,66656.1562979891,83245.9723711858,39186.5903868403,51100.1003768322,73257.420905366,110486.919929856,52651.0015411735,63782.9513639125
TCGA-BH-A0H6-01A,73816.8542640756,81365.4191204555,62288.0682490306,86961.0450294423,107256.882956804,129345.417593864,87794.4438927304,76497.4275096303,121361.117801399,86543.8830974797,66293.4754143057,100323.870249713,75744.4068769407,82965.25269592,82221.3641506961,86526.7708397603,101547.599176161,80401.1969458281,87230.5313790875,70429.9491430073,75516.2939239305,92605.0718072808,92178.9679669999,72516.8872218897,93274.4580343075,130800.41396711,53671.0922226286,93233.744665793,72237.3874152463,63985.3524930831,82441.5156473642,58054.8853805119,64442.7726966741,89157.3276080022,76227.752395383,93178.7797147484,65072.6690368817,91590.8924281113,76690.3901288226,70626.1569079405,0,69356.1779280121,81784.5561401393,73982.7142168056,69802.6527252492,66479.9663607296,66237.1703885248,90740.8891454289,63140.6648148583,63508.1070272015,74033.3976759346,65189.2277497944,72776.3161271715,51059.5903747558,82848.4993149027,80440.6679237443,90598.3151264932,90873.50592728,48946.2135973585,61788.1141471833,97481.7231214417,57397.0621475851,69599.3808586039,63649.9001043933,52764.9686945159,78021.3935710159,91192.7009931624,70932.6223063331,50186.9000279608,49312.1648350033,54240.6162063785,76460.0425169898,62082.5015923117,80301.7045772556,80031.7288869693,54773.2280256953,76310.7312128031,45344.2735303832,80478.7404561145,76254.383956826,84462.2137273368,95019.692725365,73781.9887827094,82435.458920031,129278.972254683,122317.211483462,53781.7244894081,89788.5346446241,84814.4985086473,49691.3624782453,67296.2613191774,64440.4244304834,65666.6636328559,75715.585001985,51897.8234580462,57543.5463260553,55773.2492823753,55330.192189575,67288.410010072,71032.4782296994,88758.12647087,77533.8700418712,55379.1718193899,60258.2772292995,58987.2459817985,77538.2224680571,59674.4136770442,88765.2376707383,68306.8248854428,83873.9181312729,55500.3590015565,59173.1135075521,62255.892796902,54259.5460152749,51265.8007713062,79609.9373126862,82789.0005930522,88057.2836930199,82776.345022988,84402.8257900055,58766.0530105609,66425.7861157043,102369.895271456,62614.3726060377,74519.2330066613
TCGA-EW-A2FV-01A,62212.0430177104,72478.3571023055,49349.3644173279,76866.6718270704,99784.8921319686,126541.097881789,58419.2726880453,67013.3275434144,110873.569783015,49912.5168144213,64004.5756947196,73976.565312207,53159.8342620067,39120.0129519922,76188.4784550456,79119.4825791241,73445.8539458391,61739.6678277031,61689.9269271695,36914.9773039416,52511.4032377766,69897.3175279238,67234.1622388571,67028.9903103453,53483.5421443008,131490.804316153,37188.2499783086,83586.7473699525,46083.8895783165,53314.4962502844,70723.5286858994,40705.6556555878,41155.5571428836,58577.4679586768,44450.4504492592,95443.3520892417,40385.8400692619,75815.3372857823,82966.6845019139,64036.6069320587,69356.1779280121,0,96545.9550835227,48246.9368856758,31171.2687171494,57728.794194099,61183.4466863674,74325.9049134406,34831.862416925,35601.7409263829,68178.6970290533,45785.1987079263,99813.0617352529,46699.8012748905,79165.1454346781,84467.51420881,70189.8071405421,77966.8237163977,60710.1157960447,53687.7448543046,90832.1688222756,35058.9217647864,43866.7189517332,45997.6745951096,47837.6898215658,54740.4010990644,76753.9832060221,70573.6552405758,62153.7129440445,39331.2680751186,41138.7180112964,41771.8809257696,43051.5582722045,58678.8557683617,54848.9084707304,46561.0497407218,35068.4956399542,54869.6205829514,55910.04541061,48293.7488752922,57900.3150463433,91642.7590878673,38738.4489794068,83623.8763634601,98258.542456249,122097.258046022,42934.8185588078,77285.3217172103,45676.071357377,52455.8475051861,49530.8966341957,36598.3182750281,39427.3236491739,45611.0964897209,54012.8596122878,37753.9350567264,52236.1852511866,53288.8629605107,46429.2018744103,48357.1916626538,67736.1489755536,44721.375993396,51978.9919343762,46572.9938401935,46439.4845652349,86224.2580987425,53884.5910081648,68533.3738138246,52192.0828840541,84976.693738293,52100.2679089387,65959.0847821333,60725.3840930731,48128.6654228679,39581.0012336931,66711.0494057464,75202.1377504879,61083.879582261,75930.8615023327,60874.4209545243,61567.4573009412,70503.0277162699,92596.8035991072,43692.0685572658,52899.5622907025
TCGA-LL-A6FQ-01A,114861.587319736,114113.351814845,93352.5491598964,134721.813040871,141177.492556407,166223.875375512,129619.675510554,100014.784305273,157630.178338607,110068.683624737,93280.5894605008,113865.268124575,110768.251699187,106731.655992988,130513.872859012,104502.785287744,143321.474886255,119672.523410156,119967.640630545,108822.247281355,97393.3975511386,106685.722895393,125551.53386315,111073.058597062,114313.930868648,155959.286310023,98274.8477201409,112599.294968252,94607.6059523538,84899.2295433891,97607.24215847,86819.7091194208,83243.5731802523,132278.219238314,96297.1914980644,101349.825257372,83249.4183266121,95912.0750613156,102129.119915819,86174.9515087788,81784.5561401393,96545.9550835227,7.27595761418343e-11,76087.3754508291,87507.8862141883,77054.9302428755,100996.247553553,91421.1968078285,90137.3226083879,104661.743576437,85553.7783447691,100937.019792105,76010.5989724591,80491.9122240137,86435.9893554024,100881.237223198,104317.890874649,85170.494230839,78482.912388334,86553.8142944863,91465.1282864013,88541.816866656,87909.2092334471,103174.896935405,81696.3091304603,85636.7452323053,92048.7153493582,76308.07270516,78297.273150674,95647.1279065287,87545.1966479076,114339.279941278,90173.7611725759,101714.650398488,104059.477818986,80214.8082992537,109585.45810246,60294.300470897,82258.9835871097,95715.0880441367,125107.698076156,127787.468691475,84783.0088094895,97922.9877428914,143457.030467312,157569.573134545,88583.7590801037,85619.8532185814,114242.041682883,74764.4177082782,91079.440137704,97294.1796533084,94045.748858223,95674.1181731624,62124.5971330559,88118.93977183,75717.0355617773,76488.9015722328,98546.2124605111,112815.830393477,108865.828627227,92629.4836252849,90310.4301067067,70869.9238340652,71063.3487085967,93853.8467353974,84029.9036965062,108693.317742157,86936.1038643217,98613.2657176888,80782.396057607,76230.9719120822,86048.9328526714,88524.4073640684,87359.7195680092,80698.740347674,86276.7164896517,105083.218265282,92651.3701753486,90234.9250110038,80708.3653205857,85652.6125345783,95961.5328141364,98190.2488746667,87078.0211655787
TCGA-AO-A03L-01A,74579.6856873216,78405.8604952301,60224.930260025,90345.8694946249,112626.429459615,141446.050361872,77373.7429203809,64120.6076508724,126998.333980344,58110.7325445533,61756.5022038408,77308.7655530312,70886.7063196502,55222.8374810833,92593.4423316433,81177.3105847041,102866.949313118,74263.1437522131,69745.4018436919,58703.3023871084,58875.9291767158,78014.5601034877,87312.9123603531,72500.2133600713,61579.8033144854,139898.884680275,52295.4632388267,91516.5161932322,57046.447380439,50724.6916115922,65010.0256366921,47633.8792197531,49193.6356104265,71711.5929500769,64924.429714768,79844.7079022941,47005.3391775529,67192.5927662781,89160.3219362182,61841.1098834649,73982.7142168056,48246.9368856758,76087.3754508291,0,39278.1951322492,53950.7503685571,78290.9873263475,63920.198813943,53787.8369613128,56229.2358237623,70992.5623857256,62887.5421304784,81708.4230473668,51467.38657202,82787.8660042354,82691.9762966202,75238.2423288183,71001.0513359392,63570.7662262039,52489.9226409308,68265.3253079426,46026.8124108166,60971.7245480974,53490.9059899693,52906.54987378,39673.2728469753,69607.9964457769,53586.2547178225,67414.755373564,61528.7966808827,58455.1366041123,65699.9838601654,56046.0043259225,72123.0079367324,59857.6198148747,48815.7127852915,55468.700110111,50746.6328147885,51145.660296849,49629.129211726,81401.6438751832,97286.9734483187,45753.2510259217,87547.3720060494,101899.431307093,128676.545988533,66927.923374752,62128.6126547789,57139.037566914,57646.3291322499,50500.7738500896,51901.120267324,52840.5185149266,56815.0201686836,55061.4452650684,55492.9613756239,52647.3333414195,53543.3817258759,65598.1728661821,59956.8377467751,65154.7356646822,47365.9551451752,67456.9195223282,47667.2373494632,52799.1445039474,69182.2186139008,64933.6098646075,79970.2778069252,46958.8056663731,95170.661644017,52586.5038249973,55305.7612495957,57446.4629754875,54485.9171099634,49546.407800897,52659.0054218873,61583.0074132843,74115.856241626,65382.7286334055,59300.7952057489,67843.8960538189,70654.95926952,89062.9752233024,55883.3497766814,54963.7581161432
TCGA-AC-A2FO-01A,56169.6144540669,63247.14759931,45175.0847275327,70542.3019893602,95208.4982776317,126113.057376337,48802.0789451146,62928.6046852669,108289.311263025,32352.0678887185,53903.1584839807,57822.9625005337,44584.0531951616,28304.2958689116,71172.2453380499,81267.1213681727,75639.4119069527,53208.9113832062,48224.2736185899,29915.9088157907,41048.9810950187,58432.4634811282,63170.8375129378,57081.6107514134,36357.8767531667,127423.228061463,32651.8248212087,87218.6644012325,41400.0827578552,41398.9032007064,58816.7462329124,36739.5031443884,32906.8992491168,48852.9577477785,50660.0592943661,85016.8940574571,25293.0608359404,75803.8413625606,76458.0669113161,55400.2012342294,69802.6527252492,31171.2687171494,87507.8862141883,39278.1951322492,0,42008.8077772599,57715.0479435244,63804.370136802,26357.7162117121,25722.7000184909,59024.7248507705,41822.4900112318,93141.8669132493,40938.099451774,70005.9227759,82261.1713449534,61162.396784188,64989.9384626647,58307.6500959376,46425.5318912637,75793.3274027597,23157.7996377023,43054.6809422077,33106.5308195991,44143.8354099876,39908.8744633732,65663.7960816158,57660.6498975622,57826.1432099331,36835.1046979874,31810.4774284715,30119.1527712486,34548.2432630858,51481.7496061186,39412.3257775724,34514.1197119814,23420.3367406955,45334.5996647936,47844.3524147561,29891.0401061693,52909.0865885916,82006.9610107886,26419.8422738678,77939.8180617158,91036.3963089691,114888.548654633,45070.1689123179,67278.0827628367,28888.046315425,44118.9676790673,35427.7922132357,29120.2802743624,25346.5762639299,38510.4049625177,48958.4395232864,33897.2338733018,49066.1264224325,46568.6615471371,43598.148762231,36027.6147334142,52385.5904073184,28383.9153416981,49268.4315289339,34360.6536616652,37738.7602662246,74052.2720169926,47868.5896739869,63654.7889678119,37420.7802165189,84452.8593805149,42901.6803980017,51975.905673171,52831.468809362,41551.7242081268,29434.4999702952,51313.182710124,74037.9316697591,59003.6568664845,62275.3207887895,52562.6488515208,56493.5771786713,66489.5515309481,88962.3590093474,35578.5330092945,47355.8152094964
TCGA-E2-A2P5-01A,71416.2703131872,81886.3880253608,51844.6415231953,91747.9111422097,108848.092449312,127153.308028908,78141.8317846949,68654.1387299222,121303.101759238,65431.1351721035,56419.2472530246,82381.8970598653,67644.3298747988,60386.1955181764,88582.2903956967,77585.2076980832,99334.6123575386,71470.6465219528,74364.2072807804,56381.2582061111,63447.6917876208,83075.3026277459,87841.8492305246,70586.5428782441,69568.3071749338,140943.601886477,55045.2338386092,81322.8020558227,50508.5287018676,56096.2337146881,53846.3215708873,49546.3518046639,48890.4997857413,80062.4883056605,66575.0978721068,77884.991233223,45972.6518615024,74452.4278841011,75279.4425434427,67127.4997039478,66479.9663607296,57728.794194099,77054.9302428755,53950.7503685571,42008.8077772599,0,66332.1421939997,79898.5148837584,49260.9959880432,53007.8263162777,66284.2327145938,55034.6165744928,79438.2543383108,50439.7083938958,85299.2448971693,87568.5289702305,64337.6378853309,83733.0793213361,60414.4368451782,50380.0574939789,78253.026330753,40664.778062358,61181.4915838984,55869.9957791815,49849.4198843598,54475.3409992755,72443.457942278,58123.363765864,55754.4516492705,53060.736561305,44291.8038202335,57916.1917079465,49343.9293392062,62982.612470042,50452.4410048775,42657.3867703989,54021.2307231103,48989.2970897847,61039.3111774259,54003.7284343718,78049.3259370528,93961.1940590645,55558.8539670414,83344.0502468062,101574.973151166,122206.176622453,55864.7678430425,76037.6676316546,62616.8462055045,54719.8473202285,48718.1693932966,51238.4384655258,46675.55372456,55715.3021030269,51829.3346638467,48413.6297309178,57895.0758098148,46689.6727022694,57344.6592912309,66013.83950209,65969.035521936,54395.7954956016,58558.7933470728,42321.2998667249,41681.3329438142,75091.422393867,56842.7339145823,70606.5759627526,52072.0403491392,87680.1790359229,52605.7243809628,54354.951632374,57408.6973135228,55518.4790869558,46814.96975726,62225.0475828424,81109.1944993173,80866.9253000187,62344.0291538848,64973.9611425765,62486.2938545591,68301.605724626,92128.2764640682,59642.0699180462,56730.8790053053
TCGA-GM-A2DM-01A,68093.2719911941,82527.585899395,55654.824084977,80235.8099827709,115951.246024374,118890.456686608,74604.6309714789,76631.2241666981,123145.398897211,68977.0974778348,68408.6484195556,95460.4516288046,66528.4905074073,68099.9188915122,79645.1732400558,94179.4419790393,88207.8638660519,69155.8758141943,73790.8058866419,53971.4378481686,77812.8761178728,97311.773314198,92889.8129360903,77061.9833208145,76030.7242668749,147578.472516179,43156.0420007753,107366.731766686,68427.6154615256,58404.3926786806,83477.9387072335,48785.7567536441,59563.875231613,76445.4104072445,65032.8088909822,102227.335816331,49528.5101281514,99204.5138138623,78884.7859833867,77555.7385767956,66237.1703885248,61183.4466863674,100996.247553553,78290.9873263475,57715.0479435244,66332.1421939997,0,100874.006004793,51638.9983285463,47074.2160054338,69280.1709638649,57039.1666518185,96505.6256778292,48983.9286632214,83562.3955899983,88895.6084920376,80977.2266496182,103964.167542421,56039.5498031644,70017.368735765,114509.260916777,49130.6887261392,63223.0642002479,51568.8190236639,58611.1306021067,72167.0257494342,93110.9457538526,89837.5574571058,66284.2347449162,41947.2280402521,42042.1110444617,54981.9350621252,50588.3914702317,64821.6601873278,66704.5178381538,49821.1908793095,54012.8352942521,59150.7207648053,80009.5416982572,64017.0355316843,75918.1441425197,89536.1810288955,61961.8273792154,97849.2692911326,115640.993110472,134641.810738914,41884.6490804324,95637.6586478983,61699.3896909296,65106.1573123161,58706.8662527198,48388.1261905905,49013.4699824368,68519.1036651403,58763.9680951165,48975.886346373,69630.5108798273,57833.1362704891,53509.383806483,57021.7874071119,81709.2596414005,69514.0360250609,50428.6427985603,56180.0284088006,55752.4380896712,85152.6533417367,47034.956370806,85073.8212452904,70883.2700236153,73825.1912704194,55479.5144306511,67914.7169847009,61988.3851600126,55621.7628165789,46431.2475973728,90294.625171199,109111.211125996,95875.215970867,96564.221003335,81550.1231943061,57045.3337785352,51084.2805314506,100405.346508659,55230.5307902368,64713.9923967755
TCGA-3C-AALI-01A,82635.8024851468,66588.4557190619,75029.8848535568,98393.4843355423,102734.250615761,145515.296213446,88523.9923236633,73930.1943898697,117863.729187573,66740.084509,84929.1420631072,89891.7520802074,79106.7130723222,66236.7772706875,95720.5473579575,85606.4443923783,103755.286495863,86155.7669663877,84292.6183666528,69960.0603906715,68358.3626242673,84549.5054137665,89782.5733889434,81797.3414091429,72138.870044073,129756.471677414,71274.7971634622,79500.9938535609,80945.4897233292,76220.5859756593,86643.9390127842,68747.0071502285,66189.7868485014,82853.7577341175,87804.7088369723,107472.079334085,58876.2810576814,82047.3990155915,90346.1322486258,62877.4511818781,90740.8891454289,74325.9049134406,91421.1968078285,63920.198813943,63804.370136802,79898.5148837584,100874.006004793,0,74265.4291753886,75615.8798051773,96590.0370158867,73265.2481273732,89837.4729107086,72034.7094179321,100438.648924197,92084.2393435164,103895.630286018,87213.8718243346,83748.8738730639,62840.710441622,96769.4738578878,64352.0097985579,78335.4053008451,73140.1732264532,64092.5669699088,72580.8975640131,64822.8333507481,67808.5391023607,84850.6353447861,76985.0804547798,80199.3396214063,82368.1882572158,66636.4745616862,95408.3454236841,80798.5817397902,62071.8486345749,73470.1426460286,66830.3534124969,66519.810862791,67261.6014385396,82773.0742281834,90941.665083756,68058.3237599383,107928.510137952,127258.549016211,140407.350160105,86989.7552289442,50794.8297849391,68396.3641306639,74621.161642338,59085.4080353127,68052.0106615776,76057.751523383,78995.2062025156,73418.6668288144,79886.7770958073,60237.0274005299,76192.3257659697,87259.0527877835,75700.7624361092,76221.4013269039,65130.2072773211,80471.0406330447,67822.4172775771,75970.9085034666,76844.003623965,81789.0479713307,110249.105071065,58539.2014482087,116573.856163555,74942.5699206814,66793.4123452399,77713.771234707,76171.2499874758,68168.7971138203,67710.7055690484,78174.598623303,82288.1440082375,83199.3470258277,58331.5542933462,82036.6347779373,90703.1419198172,107469.030761958,66112.0743930826,77801.8731902839
TCGA-AR-A2LN-01A,53382.7374338848,62402.9830679785,43944.6224584822,72853.9461717756,98329.7214329234,117481.871481588,54396.6620657932,66557.9149026692,105458.569290764,45773.6057398139,55361.2113146147,70313.8935347733,48204.8838360446,39870.3747471401,68316.158378381,81772.6781382489,73124.3697534744,54999.6645163158,57214.1322747091,32067.9619382198,49371.3742181165,68533.3461854017,69686.2861173531,57175.606019278,48701.9449205453,129418.79059782,32599.253033202,86001.540138824,45442.411168559,47492.3800468548,68615.934938136,38084.8971869004,38618.5750377789,55577.552597233,50985.09553184,92862.7416818196,30458.804725214,85607.435151677,72443.0091128634,57250.9287664764,63140.6648148583,34831.862416925,90137.3226083879,53787.8369613128,26357.7162117121,49260.9959880432,51638.9983285463,74265.4291753886,7.27595761418343e-12,26394.638533145,56651.3895469724,41214.7485026977,95114.5798676833,43637.7626162188,73579.0086374046,81516.1694159098,66870.6786711786,74842.6572512236,50522.1481880134,54805.2807369877,95970.3658879025,29733.3339719878,49366.4843498954,40965.5058424867,44284.4080070207,54953.6163772736,69477.8117865055,69439.5914197905,57379.8177302107,33086.2745208621,28546.7413198149,26958.7067550894,31530.3825100838,52292.0135934423,45899.5906589476,39340.4365849406,30099.0913092382,48654.1969833592,61033.2206356059,43775.0418009041,53220.4592153282,78328.8308410485,37593.712611204,84597.5894724425,100564.670831171,113754.407758242,34222.0801324939,76453.5689066955,40286.1729417493,50780.019903931,40089.9130659791,33567.5596710595,30369.6128551537,44501.70583856,46047.4881969969,36251.0530293554,57476.9610219423,46594.1049435788,39157.0709179693,43652.45071372,60902.1847197594,45755.0392906065,42145.5138299454,37825.5890481247,39480.4907064571,78320.1882762168,43463.8816488289,65160.1214320571,50424.6631053822,76206.7502992027,42472.0868491626,55103.6358465051,54590.3933141235,42760.0829619866,28854.6766465249,65946.4063997808,87376.4841183382,63164.3170665964,76653.1641940582,60796.5945386345,53049.1077549737,64842.0421648947,95304.3823467252,39183.7792886579,53221.5088998799
TCGA-AC-A2FF-01A,38963.6513836484,49696.64535896,38896.3392967508,52884.2224871745,90768.65531897,108902.472234175,39046.997042833,55201.7561146338,96814.1832601103,32438.6486232518,49243.5417613074,63982.264782102,36701.1902156149,29703.088273559,54701.6994069978,82601.8473122205,59962.9758698363,40575.3088154074,40351.3382245566,17823.4987549235,45889.4018028582,67409.2318398138,63372.9592161112,44912.3900710913,37929.1829864938,124109.35574764,19318.9788994199,95631.0867721253,44765.1051201464,40641.5498686394,66038.7994620483,29382.1809697065,35531.9388145899,38227.2012309356,53345.03132464,95812.8786227613,27255.9919721889,93428.9626896333,69830.3965515288,54855.9707670273,63508.1070272015,35601.7409263829,104661.743576437,56229.2358237623,25722.7000184909,53007.8263162777,47074.2160054338,75615.8798051773,26394.638533145,0,67455.0211523855,32097.8683206114,95908.9496487114,37019.6554625343,78531.8564275183,80840.3513356315,72290.5029506826,85594.9448807347,47675.8936703926,49621.5928023356,100446.178961951,20373.2560820973,48948.7443410946,24316.4666786513,37347.9555173947,48219.1052282822,71932.53109269,70386.3207185758,60002.3350587881,23271.0403904904,27414.6422556873,18310.6915064993,26605.6191885764,55852.9153991913,40816.3316372613,30473.5224465569,18059.3344201659,50313.1249797787,58744.664484536,29220.3860235741,40897.135523913,67904.7496192083,36924.0664120978,95888.1402917545,97521.6289093413,110503.309060819,34968.7853095992,74099.0725823804,23719.4720269836,49820.2250350669,29954.2282325049,19564.2119562357,21566.9643682788,42547.4229740953,52499.9125235676,30513.4543631234,55147.5669394152,46500.0564838064,35875.4348586458,24118.3286280391,54164.3711955675,35992.7932221363,36357.5867387003,36662.6832765112,43476.5601383241,63138.6372050481,41604.9843845978,67782.8461353944,44149.3728939141,84146.4957244724,36831.1746034362,47040.6276061354,45848.7430104408,35427.3137347246,19850.2771432491,67002.3558059384,90507.0790194187,63085.9625566994,80389.3213469707,56373.743011424,51462.1321051769,59582.2522474067,103740.674453424,22443.9053688852,51293.8370490085
TCGA-AR-A2LE-01A,90275.6701264162,91792.2513835917,69929.9529103735,103321.9002027,112062.929463925,130581.397260152,94464.7378616813,96370.6098540833,128951.714980401,79385.3586682109,84631.8801994932,93736.6714600979,77068.8761687163,75489.9714778928,102905.772016321,92464.6806881955,108278.88598735,83104.828456464,88370.6981675949,73404.3637631253,73135.3652581548,90960.1761555468,95975.0019346003,93499.909721951,81224.3369351477,136347.276649515,64497.8446067681,100737.649728679,74576.9655330685,74282.7804645945,90943.1901296298,64728.8243229367,65340.7940954133,96059.8906721246,77698.4962708927,105963.402769072,53445.2264422499,93412.4845431031,80596.5042484033,74327.7754179389,74033.3976759346,68178.6970290533,85553.7783447691,70992.5623857256,59024.7248507705,66284.2327145938,69280.1709638649,96590.0370158867,56651.3895469724,67455.0211523855,4.36557456851006e-11,73154.2454563077,87256.9297881188,66354.6112329583,75291.3246788162,83917.6206492057,92907.9055570342,83380.4882275437,67772.7684100037,74338.5681798662,106048.524820877,61261.7102177854,73572.7410450741,72228.3190094635,71920.2328779374,78476.7111083778,100444.266443583,84393.0276708763,65312.466700581,65030.6887007536,57211.0040147278,74896.3821862448,65073.9152679463,75803.8715547581,83727.5846084916,62989.2544779542,71857.6110988417,60218.0634394279,82543.3228725492,75332.8969926818,89127.9601142306,106531.72922358,61757.0544292418,88838.3708104081,136981.789032189,135750.701758442,55593.0774335266,94160.1465492309,79528.7922550792,64232.9274233578,71007.1444990678,67620.6026631071,62093.5363044031,76005.2680505791,60200.3593416594,66403.4651641615,74927.0942872662,68007.7914809504,71566.9864875915,81156.4672357916,97148.5076089828,77880.9676660819,67949.4389101516,59272.750957002,60876.1031016016,98617.4697963472,61455.7481297978,95024.4064250852,71282.0455432507,86775.3875000818,68683.4588902865,77999.9389056545,80651.9680559445,70965.6775191112,60507.3885493399,74199.9448451435,103670.122310684,90474.5707511646,90761.9461241637,85731.6361667655,57464.0715842381,73228.6275490594,101938.129497373,73671.6592034435,68092.1525554122
TCGA-AR-A254-01A,50615.8365841833,53594.0062155978,33378.786098475,63013.5538074284,98869.3648971434,111980.73644843,52031.8297264111,54667.6975211183,98472.3020727596,45099.3894995972,41587.0252084087,79340.3792120737,51147.9097312078,40356.916100283,62640.3248860984,75316.6551903398,65260.1883196231,46958.0648074404,48458.0684463954,33401.089815883,58585.4202538123,81728.5729604143,73924.8791253616,52869.2700022864,55039.3326630358,136737.073358096,33778.1133110186,88337.011138787,43982.0892240506,50554.9226919893,60727.5307053062,33225.3471903227,43555.7341614236,46584.2509413496,52047.128363814,84384.3818639651,34457.2163453427,91557.0037024914,72409.6982807874,60036.0909643551,65189.2277497944,45785.1987079263,100937.019792105,62887.5421304784,41822.4900112318,55034.6165744928,57039.1666518185,73265.2481273732,41214.7485026977,32097.8683206114,73154.2454563077,7.27595761418343e-12,94087.4636102987,40427.5487667663,85013.4797472543,90083.7856590821,61857.5575676827,95808.9108791733,52497.6203862906,48424.9551014943,96052.2643296319,28683.0416285423,49897.9677009177,36273.6289925374,40583.6180725607,49612.7593494152,71117.9244414632,69560.2724708811,66060.1464195346,31460.3859224675,35892.8481022441,36428.7305729892,29487.4109067757,54790.0155024506,41394.6578360968,35449.0884337555,29887.3597932262,54818.395444441,56636.0547694994,38654.9540858907,49711.1000177552,67289.8763095599,49273.2921499087,90679.5778067299,83961.0685233644,113018.341372723,43173.0628500899,71415.0910036902,38069.3338315115,62172.5054616275,30065.2176078165,32467.8382289843,35499.1025152999,46563.6664477809,58376.2518592916,35125.4543425017,54065.4513168214,42767.0002213968,34912.425494469,43352.9954744428,48380.4582881084,43846.1770706999,41336.2082677546,49098.0734838524,47314.7596767902,62037.320661289,44892.6184915655,60799.2257252607,46821.3900377133,84706.2504172963,39930.7299016222,45334.0866658962,42358.7043452748,38525.0978820849,30689.1198432943,69672.9978069813,91980.199915329,74977.6317935956,75478.2271487547,56132.3237185845,62265.8232136317,66291.4910119543,96470.1103903523,32846.0963046164,52420.2933958016
TCGA-S3-A6ZH-01A,100199.563657647,96123.5477995429,91447.3355884633,111434.690938977,110950.624840656,133911.315559492,118195.265957792,88667.1330522389,132542.291937817,105987.847539488,96544.4551915593,111400.300317546,97093.7057442718,105308.44593969,116544.034431541,88515.0607307177,129988.04113991,102836.082450536,109555.011698181,99174.1891424553,90701.9562586402,108279.354312785,117562.732681987,102149.895383983,110113.462679784,128866.159648545,86246.3232511133,96399.5359975054,97640.2967514158,90289.0366610268,98944.0075393478,79860.2771334603,88640.2374501344,124152.78332553,105639.768011354,112355.175943321,81500.4776953125,99003.9256750313,78281.3069739977,76586.5998434095,72776.3161271715,99813.0617352529,76010.5989724591,81708.4230473668,93141.8669132493,79438.2543383108,96505.6256778292,89837.4729107086,95114.5798676833,95908.9496487114,87256.9297881188,94087.4636102987,0,77238.9174805066,94522.4166559828,73935.805516135,123539.85641471,101501.090239885,79170.7477463984,78822.9708248383,107169.593923743,82599.6569928668,91145.8230519853,92234.9822246621,72478.1355142745,92059.3332738916,107448.787641941,76599.9028147783,66607.8311035296,88627.2503215379,85283.3546158575,107144.853242735,86194.3655746264,105371.720181601,106691.16931126,71980.4877164446,106748.003776283,57172.5113276753,93996.164436986,96391.9857974127,112280.034554042,117160.301865771,97280.6069576718,103995.42138185,160841.923526285,147977.751078556,87748.9201461678,87822.2491085638,108783.173442826,69333.3940690871,83233.8091185916,83706.4531377149,95536.6767804478,106796.96495801,74111.5883749231,95645.3899159421,72759.9066056791,84131.0117006309,105082.76855203,100822.711912285,115445.888580895,99312.8737398309,79597.3232278838,72520.9014600033,81162.2460662785,74666.7346953721,87202.2276638061,127839.628503867,82314.0403036905,112748.800757629,82610.3789866669,72338.6001524193,83402.2389339815,87724.8033294452,83919.4163221404,77028.2024691983,96000.1522757715,110473.681717315,92392.2271798069,85917.2240111888,66906.9229282437,78362.733229693,111383.844583017,89561.4375742487,85608.5687135711
TCGA-BH-A0AU-01A,51169.7980871436,63041.8402480935,39565.0557321321,65291.2833489401,100844.908902923,116994.463615628,56985.2342968431,53210.9248458298,110811.172651783,52961.4583127767,43522.4976652262,79865.5467506406,54671.4235910348,50825.8233344011,63714.9403383988,79739.8379887653,74502.7314887541,54774.1627726761,54369.802396942,41722.7157429913,58410.6894596944,82595.4251468956,75950.6498952307,52878.7981694245,58180.6583030698,135714.779573943,31910.6810279793,89703.79046881,47512.2804244332,39345.6373272495,58863.9396279751,32113.0299848491,36749.0455586539,54868.8252591297,47885.6143934016,74310.355327098,38557.1630522812,78414.7720608191,67962.0225879152,58522.7186632118,51059.5903747558,46699.8012748905,80491.9122240137,51467.38657202,40938.099451774,50439.7083938958,48983.9286632214,72034.7094179321,43637.7626162188,37019.6554625343,66354.6112329583,40427.5487667663,77238.9174805066,0,79795.4183450419,76606.68431311,61652.979103693,82450.3680578672,41346.082844987,43791.8097844724,84911.5794999292,32238.7435809551,44793.9058301935,33752.8274816972,33527.2270234124,46582.4034233067,65419.3643846193,58228.2215684914,55146.623570649,34081.7253137267,33372.3929264926,47038.012706152,39104.41971371,47588.8237909653,47364.5330705984,29736.458238232,40820.9407028155,38071.5690129237,54545.6608990665,42827.4662715547,62046.5490007785,76638.8406134117,46070.2677142436,83082.5162028052,92161.8247728345,115915.606104869,42569.2270267745,66907.8317324649,47618.4607892561,50260.5733045898,38910.4352317368,36176.2324814642,35329.5441303002,50260.8782255514,42844.3497985395,34429.6616098309,38337.0367276613,40549.9838975666,40834.8131546781,40243.2057861195,56852.5648602316,47405.9781466689,45304.4094816225,40433.4229755619,39573.2337089998,55999.9823085529,46075.5592192863,68340.711109587,45708.6086779393,80601.0884924486,34176.4036548023,41412.7017894123,39511.6401067719,34114.778890871,29580.3297737696,66614.0914266007,71412.93641054,76085.7534450159,72251.9115058556,56282.3448290001,54781.006396714,51141.3675803967,89514.5034712608,37889.4030902505,48881.2667858703
TCGA-D8-A1X7-01A,99518.5735496192,95127.7541234338,81767.1186846286,111846.230747909,114974.800729549,145711.41645919,97710.114483383,105192.658875744,132139.711226131,86060.1068789783,98796.5301573078,87391.4512251716,85635.0354304945,80359.6216043441,109168.694376515,100076.151107729,114464.253451901,96306.1965673061,96089.556738678,83044.9503159036,70933.9696744079,75917.1355544236,95622.7500938263,101965.459049902,91600.0941381584,132301.81514653,75207.0441549825,114664.808096939,90213.9100981113,85490.3355856333,103891.126774321,77239.3769225414,80258.4941899254,104562.822453211,88408.4732784127,126058.85821519,68851.4792356159,105929.338458549,89759.7067756864,83182.208143243,82848.4993149027,79165.1454346781,86435.9893554024,82787.8660042354,70005.9227759,85299.2448971693,83562.3955899983,100438.648924197,73579.0086374046,78531.8564275183,75291.3246788162,85013.4797472543,94522.4166559828,79795.4183450419,0,95131.9377053427,111159.729334305,75632.8611064649,78327.4333535922,86688.9249984796,112144.891553505,71199.9679526384,76760.479706684,84406.4490231141,84268.7615465427,90049.7261295989,105895.018178513,94180.7790241721,73709.59198039,77579.4221852191,70815.6293715215,87687.2411851577,77875.6867883865,94760.3916423576,98540.229008331,74823.0475456394,83925.0058685156,64763.7540966126,84216.0930230626,83259.1470297906,95494.8857182088,114351.288045555,69786.7263962322,81622.1854012173,152327.278716414,139418.679477829,67002.6183851951,105943.964397224,89501.8220400809,66357.1670203145,85486.1194978863,78843.9597256363,74358.3543188036,85929.5824916173,69280.3383774494,76922.7977152209,83071.7241355218,83468.7433608268,81889.4463365367,86014.9426451056,109048.440013756,81687.6170640117,71820.5353582052,74007.08615675,69056.7823529228,113525.897580941,70462.8920279096,100086.096069501,82736.7086441883,82200.8028270514,79009.4633729982,88086.4308449581,92210.6130947169,81064.0498695746,70779.3341625391,76974.5143970049,109014.338935561,87077.8587850094,101846.377511255,96035.8705214585,66455.2338301668,88445.4181219399,104552.703522647,79720.2794111468,83381.2896458302
TCGA-BH-A0H9-01A,82865.3732941801,81249.7755218671,86388.2589645604,93400.7966343858,87200.0286392308,104681.893209466,99368.128951888,89428.760661274,119650.858162606,93315.1179635972,109332.202044091,99466.0514119772,78736.7093591535,85445.7122684149,101069.066944289,77015.9521030913,104687.726155249,83540.7789509678,95117.5903981061,79151.8983371976,68506.8039606604,90177.8495035475,97575.599319349,98763.1124705511,95450.0244129017,97026.411873289,71247.3033825626,87835.3907149017,104085.276569491,99374.7471212733,123624.545342411,76580.2455566979,91219.5669137041,103611.407875829,106380.054704153,150300.421227913,70381.1558376963,105211.235380231,51797.8531418174,59225.3306462549,80440.6679237443,84467.51420881,100881.237223198,82691.9762966202,82261.1713449534,87568.5289702305,88895.6084920376,92084.2393435164,81516.1694159098,80840.3513356315,83917.6206492057,90083.7856590821,73935.805516135,76606.68431311,95131.9377053427,0,146844.053487462,94981.7971746477,81385.5814853131,80828.2278137029,140487.809737465,77086.5102113095,90465.3561120037,82634.8666190455,64362.0690493011,105294.765935402,122361.912301383,89545.1900539902,58375.3167522616,81652.5090939403,81367.1043638735,87240.4239566874,81215.4246984579,111014.567825248,118111.917747916,74095.6116907234,95308.8627919085,64253.9452847255,104434.392951337,99560.1611892982,91613.5003954602,110862.012070068,91986.779912119,117556.79561452,188194.257326646,150248.530205717,71165.467861332,91928.0476100587,95563.0880129802,70143.8881057839,84532.0626293756,72140.2474609324,89881.1526104863,109388.80199347,71539.7177196008,96662.4298548732,78466.2845244053,90431.1700822211,106189.362692373,83762.1969704208,130343.050358609,103095.908621277,76875.9441920736,69532.8399995799,87342.5811156138,94080.1694111034,85640.5505552762,145560.907145374,76758.7715336587,119173.929895673,89424.6117673987,92042.5091067325,95616.6170141206,96126.5174905715,72625.8683732766,74717.6623218081,105470.84499251,92548.8995753114,111482.80922662,83112.984547843,50056.0557712828,84284.346613902,136362.026933254,83611.5677228117,80475.8069647661
TCGA-OL-A5D8-01A,96578.7690963976,110484.206687194,61707.3913810791,115206.225416239,157214.123184535,167078.540945063,92027.4083175605,88355.6147092947,153973.337155085,85002.0744818478,60251.6944955568,115238.142191333,90450.0051177833,83574.6616555781,107142.746620448,111045.726928496,117881.090312263,94478.4852701039,92585.2410373583,77181.1483110287,99364.0462257843,121833.214099831,115429.262441348,91412.9680269748,92378.5498597372,202513.777299611,74375.1823247244,113867.648156338,57769.6471167955,64487.2189133699,62467.0723731338,62936.8195586835,63301.9659728732,91817.9158032786,59331.3546678967,72310.7559720594,65880.3111112154,100124.248754081,128282.170742584,108457.01784188,90598.3151264932,70189.8071405421,104317.890874649,75238.2423288183,61162.396784188,64337.6378853309,80977.2266496182,103895.630286018,66870.6786711786,72290.5029506826,92907.9055570342,61857.5575676827,123539.85641471,61652.979103693,111159.729334305,146844.053487462,4.36557456851006e-11,121180.450807618,76996.8104430052,73043.9561644994,84940.6040591213,62628.1897846785,69063.7018119392,73871.199778083,75604.4382593648,60672.9334421373,76315.5499499773,87018.2960646071,98092.4431999934,64624.2214822948,55049.4738162726,78180.7956575777,58772.9133308569,61652.4697787348,53672.8714862474,66231.4371197798,64155.5160538974,77029.9752018332,64816.386018797,65374.7818010257,101998.621675444,107113.366056781,63180.3589356145,97129.7325244381,73166.102528137,138347.003745357,74289.4108410886,98351.7753861748,77344.5018341874,89622.0270242528,63077.1370942945,74284.3811393288,56868.1271559006,60317.6146061207,79104.7827414612,53717.4618912699,74110.0111441827,58985.2881207269,52485.3927020303,86208.0817460685,60613.3488016901,62132.1740332583,77929.3812388031,70402.4988927754,53362.9763887379,98911.0351455211,68982.2881211347,56815.0688943903,79670.963563694,95278.5535114745,60983.1975323051,69000.4704629504,65429.3804319829,58907.4926336101,65602.3569112517,102488.904248513,104513.432201359,111653.950585935,83600.8239594533,89784.1490591238,107785.861570442,85220.0557395921,93520.0578839139,72563.6816018894,72441.3014942198
TCGA-E2-A15K-01A,108422.385114586,103249.146650456,88888.1809868098,119054.407300376,118794.759074281,167717.788822967,102374.784452453,110842.240916939,143410.726043128,84551.5762458888,109260.54547899,86069.139124016,93923.5518920766,73764.8148728232,118480.817600309,107625.342039972,129130.343237661,103250.516130754,99466.3407131248,87101.9347945012,66457.3533606141,66141.6601924904,95729.6535962292,106947.525622217,87196.9452729543,127183.818989343,81873.5870408646,113811.530616214,89051.1898840153,87721.2973226832,107011.235951179,87083.1628868496,74628.4622464945,99838.760690312,96347.7912973792,129308.697727831,70589.7507383317,100372.839574829,97293.4219579915,77624.466544775,90873.50592728,77966.8237163977,85170.494230839,71001.0513359392,64989.9384626647,83733.0793213361,103964.167542421,87213.8718243346,74842.6572512236,85594.9448807347,83380.4882275437,95808.9108791733,101501.090239885,82450.3680578672,75632.8611064649,94981.7971746477,121180.450807618,1.45519152283669e-11,90897.0244220709,83517.7337354652,107387.726654385,74674.3888665036,79186.8222080585,85086.0444629463,85655.9388678604,89215.5517542952,103177.655920417,73972.3086983777,75826.4756215816,88078.7224342516,82733.8049358399,98724.3793770442,87009.0739465053,103662.605447704,104398.822530751,78700.5761312293,84544.8644264086,63923.6513725511,87557.1681049285,85634.9966310775,101071.817238022,124722.335580954,62411.7798941711,93576.3081451757,159885.280742352,154325.072599468,80183.6502830911,98039.2759250904,90145.7327100831,60164.4701361462,91434.3771213915,83189.8060907707,84210.747861251,89098.7496884679,63888.6840937538,79845.9396013564,80865.8886976626,91761.3769641522,97031.8157286169,88214.439775625,112866.611312029,82068.3733029204,95658.177225875,76447.7245713985,77657.5783875782,118107.980898649,88468.1094460889,114512.742801138,73293.0375646002,112181.166587616,86521.6255788514,95102.3031686789,99783.7699219448,88296.4426088269,76460.3467081938,64662.6517789946,82270.9546207932,77763.6290936845,97515.1095680956,91083.1389710242,76406.8675667585,104909.651618488,116879.666826492,86755.08503511,88376.3829034382
TCGA-BH-A0BM-01A,52285.1544545934,67347.2984166899,49319.7572794123,64822.6110827896,107666.223940619,120932.25503301,67799.7672149628,55060.8302866063,109601.599884333,69497.3794427689,52121.7448918361,92117.6151762901,59995.0548926977,68483.0083680769,64333.2920317876,86616.1337068777,85175.8892551204,61878.8100896486,66502.9865136202,53118.3250472506,67838.4848685351,90657.447360253,84502.0683503166,51535.2089222952,78227.8252624847,127860.139688707,40143.047751795,98830.1434860207,64550.5514822651,41218.5578552752,75636.580384938,40131.7335475016,51501.0487309788,66887.939749428,65303.4610572835,88628.6744752853,49148.9924444208,90880.4797473483,78569.7405104587,65240.4466752683,48946.2135973585,60710.1157960447,78482.912388334,63570.7662262039,58307.6500959376,60414.4368451782,56039.5498031644,83748.8738730639,50522.1481880134,47675.8936703926,67772.7684100037,52497.6203862906,79170.7477463984,41346.082844987,78327.4333535922,81385.5814853131,76996.8104430052,90897.0244220709,0,50751.9625578624,92724.3242020121,45490.3039867127,64058.0156612525,45785.5234533605,39175.4191508004,57595.8872187541,76970.7883916097,63767.1951194511,63646.1899734008,40476.0642291633,43223.2966238775,56956.2878211059,43952.6194603149,70209.7625758493,62977.6581281615,46864.4870800499,56982.8866900643,45644.5903773472,64404.9683025982,54849.9430563926,69858.0401036424,73871.4650074143,57144.9426757245,88477.1077349486,115630.899212937,108727.317713092,41592.6868302486,82645.2498886,63902.7789283803,59804.770501063,51105.9355150094,48886.8667907698,42314.1196490722,65933.9982646411,46384.0091119804,47318.6908603875,49947.9697264852,43106.8922148385,48059.1310880184,49429.1031720826,65351.7674169944,60755.3710600418,44860.1306691486,44603.2695063828,43311.0989776237,56762.6362860824,42900.7840182473,77224.3198216849,59802.8429472042,74397.3413518359,33862.7193290424,42028.290050299,38638.9037408167,39447.7361087421,33783.5741940505,75980.7249780736,84813.0090630519,85091.1610982998,87403.4040268336,76226.3653926951,57619.5428739533,57955.9857808725,97362.3933486938,42588.6549155798,62026.3954900867
TCGA-BH-A0AW-01A,57882.4490164237,66958.3586251446,43878.1115545536,63669.8490320469,96837.1032839337,125680.293542018,60522.0874001452,47708.7336317383,104670.180413095,51157.1502825384,56209.6588854952,79538.9902134846,58005.6951510415,48057.7552020139,68234.0155896653,66605.4084321435,87690.52477559,55622.686340596,55150.2327502924,44651.1187154995,53846.308989142,73832.7362416252,73105.6746623401,54449.1226462027,60107.1103244886,125861.731797919,43626.9921336823,75593.6751403071,59635.1075019359,45162.9877798381,55619.7958190068,39696.4441037876,50094.8778165325,54341.7379697536,64618.6139323396,86339.5316374319,43656.457379431,78568.8697951576,81131.370306711,63482.1974293797,61788.1141471833,53687.7448543046,86553.8142944863,52489.9226409308,46425.5318912637,50380.0574939789,70017.368735765,62840.710441622,54805.2807369877,49621.5928023356,74338.5681798662,48424.9551014943,78822.9708248383,43791.8097844724,86688.9249984796,80828.2278137029,73043.9561644994,83517.7337354652,50751.9625578624,0,80936.5709936636,36362.7433048822,62146.6539654189,39384.6892628823,43317.2810093566,48003.7413786493,71861.2842544302,48450.190773055,66580.0749487994,48113.3778771249,49754.9650030645,60470.5925999102,48714.3426416608,70155.777904501,58192.7970471349,43403.0231510362,47312.0673604214,47822.8690989873,57471.7144295714,46269.4855149113,65373.4079182718,79189.6761355243,49326.1675251423,91135.8393223609,104933.131128936,112466.819715797,59850.1388807369,66317.1095211992,47684.6872832592,57142.1241254448,46358.4092538609,44641.709514994,46115.0312040161,60349.5705868847,55020.106583684,50611.1607930761,44625.8613219911,49307.6284037633,58959.5872801038,44053.2791452222,60108.179834777,47136.2045514874,58759.2128979738,44882.1097497619,49690.731793519,59805.9457196201,57284.7240405874,81426.6955734468,37225.9879267705,95625.5838438792,43221.6662626591,46102.4504482515,43274.6192761785,45468.2367932911,40690.3177032434,53499.0947870048,72352.6414650928,75169.9263335255,75018.7519954809,62438.2513535548,66010.4495592877,67978.050734746,97053.9992875821,44735.0695283533,59556.2945547763
TCGA-AQ-A04H-01B,118997.635656185,124361.284951067,92764.433741177,132481.869980619,160067.860041348,197120.148551989,119996.848110708,98695.1868609088,166144.352973814,103149.82854365,79329.3001561469,119764.575356037,114425.383838744,102382.514190035,129195.325054671,123477.254697581,144660.882671927,119697.896256234,113143.55495089,105875.635567309,105619.950674161,119789.185739206,125928.612032808,107443.992162737,110631.347486891,190776.967537021,97741.3830214635,129689.771591891,77355.4850123827,73986.6746678157,76961.3628543388,84625.1363811797,80069.3282673487,115105.222234526,89030.8066189421,71192.4698717172,88797.5852785239,83636.5553104431,138640.070647773,108974.028247948,97481.7231214417,90832.1688222756,91465.1282864013,68265.3253079426,75793.3274027597,78253.026330753,114509.260916777,96769.4738578878,95970.3658879025,100446.178961951,106048.524820877,96052.2643296319,107169.593923743,84911.5794999292,112144.891553505,140487.809737465,84940.6040591213,107387.726654385,92724.3242020121,80936.5709936636,0,83896.6881486846,86908.5142804397,94198.1270294071,91471.3435548368,62724.8768920401,89542.405108756,76161.3116577921,109302.08031362,95000.0860004361,94077.0447994114,112726.959116975,95099.778588258,94929.6482354823,85050.0670888123,84768.6207341673,95836.2461752863,78357.4949114542,63081.3792817517,80244.0431070208,124537.320725651,133316.692655226,82228.4184460641,93841.3364375095,96085.7292738106,147288.664951647,106225.467412969,90171.2772412021,104382.159338633,91371.1664189373,83381.1175016918,95805.7427238259,89621.9574131463,74872.1084063416,84825.1140587564,82051.77673251,69337.4423894288,73224.1947310673,94511.6965326868,106058.432952564,87329.3448339639,71655.2102488384,102003.789976465,82761.0522493706,77711.9501618638,97344.4175303157,95068.276582485,92007.3137518739,79229.5208911007,114489.18931794,79182.3792821342,77928.9847337179,82338.0317316719,77755.1943815286,87672.7297058607,84567.2794087621,86273.4611252963,117407.088861484,73024.1246900372,94447.7416290081,116115.216839963,101598.687769789,85747.3226139373,92287.3114199246,86486.2623466503
TCGA-BH-A1FE-01A,45227.4391793087,51137.4078609696,33877.7342858706,54977.9529479687,88039.7891847338,112184.797602969,41919.7348187195,50095.1787517672,96605.2790835032,28613.6919996117,43946.3690798231,61031.9235659329,39602.5272258066,27588.4298658647,58683.0947144567,71963.3722671234,67885.1186993691,40554.1285205729,37514.0063169932,23255.168583655,41951.3652657326,61729.2353306701,58328.3846969911,44141.4008328355,36696.1739621285,121466.503052317,23562.8530558863,82718.3346033724,41785.1746126208,35552.5728421034,54703.1989861369,27568.7812026252,30758.8148667216,37834.7068109496,50015.8159478715,83523.4589439313,24341.1461231897,79444.3990764397,66859.0180208222,50945.7130811154,57397.0621475851,35058.9217647864,88541.816866656,46026.8124108166,23157.7996377023,40664.778062358,49130.6887261392,64352.0097985579,29733.3339719878,20373.2560820973,61261.7102177854,28683.0416285423,82599.6569928668,32238.7435809551,71199.9679526384,77086.5102113095,62628.1897846785,74674.3888665036,45490.3039867127,36362.7433048822,83896.6881486846,7.27595761418343e-12,44574.4638643281,21830.2777980585,34852.4298309414,39941.0343843146,63874.3005146352,55073.0722882363,51418.0148956288,25839.9879073707,28535.4349259547,28984.9153541646,28154.7667844202,53180.7509884578,36342.8229949594,26661.0148859053,20171.6626061242,42545.4499207369,49282.9378610784,24570.2553343667,46094.3676759101,67810.3311425283,31269.8826559924,80300.2104936795,92542.2604002292,106912.164616523,39456.2177812924,62996.7374209061,23209.8375819477,42280.0579224938,26960.0205501604,21307.9548139485,23448.8638346393,40121.614092944,45902.2080000945,29449.1081946194,45789.8115469586,38102.3255463878,37417.5369983039,26165.241344974,48593.7136613518,28823.3138042291,36624.638147824,31555.4145169613,36611.4441742276,58888.8174576838,39629.642044308,62395.6564869207,32393.822330677,80950.593101825,34110.4711601829,39994.2057899939,39396.3295843883,31492.8111888696,22346.0882290135,51830.5115432859,78144.6016134445,61791.1423730256,66189.4788901294,50959.7133448831,48752.3801108303,55829.2302963666,90747.9103463853,24397.5630317688,46208.6037009098
TCGA-A2-A25E-01A,73494.4422333727,80294.2959708287,53913.003331104,91038.3947435946,115783.263265051,140127.845859861,73734.9988846769,74527.6445433588,118124.714541819,66285.6523679456,65630.1481221151,88326.7881574331,71507.339572294,55463.1046770957,91043.7980396385,91026.6382997412,86237.0095913603,77741.9941995715,77680.8802746854,54002.2696462379,68394.2305948076,84967.8002556838,82729.1532318715,78717.9193543125,70687.3758732497,148167.833968425,50717.9016254206,92033.2477002781,50463.9492562905,59542.5553753771,68585.5452131361,48463.7894490427,47005.2258711495,74020.1173799973,45668.3884845554,90662.4203264569,46598.9265257704,80221.0395492449,82135.2700503933,70125.0362240379,69599.3808586039,43866.7189517332,87909.2092334471,60971.7245480974,43054.6809422077,61181.4915838984,63223.0642002479,78335.4053008451,49366.4843498954,48948.7443410946,73572.7410450741,49897.9677009177,91145.8230519853,44793.9058301935,76760.479706684,90465.3561120037,69063.7018119392,79186.8222080585,64058.0156612525,62146.6539654189,86908.5142804397,44574.4638643281,0,58876.4390680027,56690.3209127875,58209.9344928222,69397.4214517574,76642.478393064,67331.112490673,45903.8602590718,45480.6482837388,58339.5837869009,50422.4302411548,51964.0495204488,61612.6772666994,49237.0229241691,48197.5340810948,47740.1964029986,53080.9278359058,57601.2444033525,71677.1560083775,98174.514529701,51289.03173853,75811.7837090952,93816.8486796698,137989.157246042,47696.0183783802,76526.3283076068,61228.3896558667,57340.9984003773,53252.7710192367,49378.4214336292,51848.3718445642,55197.4889468621,55799.6331832969,38473.9071166491,48546.0459437436,57688.9831481901,49746.0924513732,64243.6702668621,70721.5309111985,52147.834792097,58902.7910113126,58351.3554131638,47593.4796778124,86649.8465434881,61029.9009035749,72418.8195700364,62373.2715153453,84296.6871922907,55339.5846933364,66611.3647400418,65795.5400758777,52964.8252411803,47140.3929304237,74883.83074241,78742.7900782904,81134.6848341231,75509.161781606,62780.831061672,69466.788424293,68742.1581569126,77853.1139138238,51521.7055822163,54914.4183027725
TCGA-AR-A1AX-01A,42963.9328355302,53194.8307623647,36483.5738140376,42107.618978371,93263.7213350939,114560.299855546,36803.0973106491,48050.4987421806,101812.943054126,27313.4223940901,47592.5008381312,68838.1315767601,42333.5326545595,29647.5235598728,50665.4387629464,86232.5130748349,70477.7155230614,34190.0735997367,29061.6533626136,26089.8048710377,46895.13595613,73120.4625695426,63549.3418012789,42076.2418299052,37100.346532991,124892.084390945,19924.6845613396,101109.659056998,55222.6276891498,30774.3983481951,70211.0453143652,27379.4041820225,39966.3239588081,25800.8788110643,62871.8728086856,89809.8377529937,27878.2731405244,95246.7723834919,77759.8662693968,61484.0115263984,63649.9001043933,45997.6745951096,103174.896935405,53490.9059899693,33106.5308195991,55869.9957791815,51568.8190236639,73140.1732264532,40965.5058424867,24316.4666786513,72228.3190094635,36273.6289925374,92234.9822246621,33752.8274816972,84406.4490231141,82634.8666190455,73871.199778083,85086.0444629463,45785.5234533605,39384.6892628823,94198.1270294071,21830.2777980585,58876.4390680027,0,37364.8520156929,40856.8096358426,77311.2025535794,57480.6914398462,65099.1707925785,29337.252475702,38349.4846268185,37902.8036543719,35387.5259061483,65806.4902588576,44894.0388064139,32000.3062067536,22409.010815725,52093.5741470512,58235.788130644,25450.5938681531,48268.1159880129,65260.0931683114,35001.8182115898,97522.7043523602,103163.925990294,107033.19644717,49419.8290053624,73581.2434872255,20105.9563199954,53377.7927164856,35649.9004417426,25103.8338669426,26275.1896664916,49454.8719128862,53693.3037790431,38164.3629182433,51531.0664130598,42748.8737758788,45881.9612179839,15994.2555217863,52105.5875985179,33718.248199321,44536.9965981734,37737.5840404686,48985.9599418648,55107.1168786627,44028.4893997657,73796.3904930576,31508.8844530475,91315.8734079497,33259.6051171462,41997.4784923816,33357.4580996613,30464.5190887122,23666.2330119094,57893.5780204763,90670.2640454705,75751.3752342284,82608.1945666138,62820.0987554793,56479.577288293,56527.8810431593,109063.629547296,23742.9298615457,58380.0942725916
TCGA-A2-A0T7-01A,35056.5239274017,47046.7959425536,41545.0156591794,55737.8410794883,81904.3699214837,95003.9458280274,53403.6307452252,44286.9555892056,94889.3836616279,51224.0943679717,43946.5976092851,73529.7329758808,42428.139796223,49529.4216579554,52869.2739694617,67493.4538279743,67380.9678106975,47089.5208205026,52657.4205482923,35041.3309192051,48422.6154764264,76062.6844237464,68475.2827273286,39397.8314591368,57465.5698081898,109669.041949693,32438.3416174453,78676.3899957705,50891.3076288298,43760.1859939745,65405.02774575,34687.1190425184,40642.1284465282,52912.0904694717,61563.4090985726,85550.1202412107,40243.3252632367,80839.7885273421,58352.9998153519,49553.5318316313,52764.9686945159,47837.6898215658,81696.3091304603,52906.54987378,44143.8354099876,49849.4198843598,58611.1306021067,64092.5669699088,44284.4080070207,37347.9555173947,71920.2328779374,40583.6180725607,72478.1355142745,33527.2270234124,84268.7615465427,64362.0690493011,75604.4382593648,85655.9388678604,39175.4191508004,43317.2810093566,91471.3435548368,34852.4298309414,56690.3209127875,37364.8520156929,0,51570.0405978211,67291.8182069054,52584.6553160898,50082.3727256601,35744.0487801274,38832.6872237088,39250.1391889226,34037.5087706037,62920.2579178917,48925.9254448618,33704.3916317588,44623.4287180636,41569.2235931577,55549.0418762136,45066.5816755489,52547.8159152121,62360.6842329911,53527.8295360161,91340.9751909701,106611.065868012,101872.498281415,44357.8256367687,62501.50407874,47562.6847181578,52088.4353788056,33672.2194548975,31663.0549879483,38640.5082365294,56588.1071602496,46234.8079524609,45230.6981883577,41761.5406822989,41044.1524897968,48449.6987961233,38526.859752171,57509.471226719,50396.76012987,38954.2557600032,39013.6886227305,42739.825035898,48942.9147479466,47644.7484617158,79003.9130631813,44141.183542244,87897.330212458,37713.7038517931,39082.3486662617,38852.2038305923,38698.4999069869,28760.2374892552,62196.8193920934,69544.4615080778,64952.4159165207,73353.9706532009,52479.1698876279,48843.2202176233,58526.9207991743,101386.596316666,34508.0850747488,51450.9176282947
TCGA-BH-A0DK-01A,65082.7414326462,75498.0568460441,50964.9174715827,75222.4744696961,122624.342529975,144492.479868395,66185.2379971845,52639.5698812221,122628.183650376,49704.7160394141,43243.6840661949,82658.5596340183,69413.9518636667,50337.1878366567,81067.707444208,94116.4839474436,91679.3144654615,62340.1566785887,54779.0648496759,50691.1122949423,68062.6879168391,90525.8579361223,88418.1274068205,62627.8819505055,56998.9592518918,155750.595012929,45912.224482105,111359.790425585,52196.8495086587,39279.7822575291,55872.9541207669,36068.0882038731,44641.8344427407,55171.3105635343,59541.8548170164,64482.9520948928,42242.7992695922,81894.6118081968,100559.108686102,73800.4133643911,78021.3935710159,54740.4010990644,85636.7452323053,39673.2728469753,39908.8744633732,54475.3409992755,72167.0257494342,72580.8975640131,54953.6163772736,48219.1052282822,78476.7111083778,49612.7593494152,92059.3332738916,46582.4034233067,90049.7261295989,105294.765935402,60672.9334421373,89215.5517542952,57595.8872187541,48003.7413786493,62724.8768920401,39941.0343843146,58209.9344928222,40856.8096358426,51570.0405978211,2.18278728425503e-11,65218.4929069665,57827.5911220845,84377.347994126,52136.3851356265,52911.2442077784,56131.8339033071,47521.4625230993,63386.619243912,44986.6738097912,44700.3705208581,42161.3925422047,55973.3106992428,43963.9837725784,35612.302856479,72907.9383773063,84967.4168526881,45369.4506694323,96109.2356568768,72955.58124697,122449.720609337,67328.6785511677,63664.9904055328,43848.3399583496,68238.3370677884,37163.4694602918,43776.3988607077,43672.2401347044,48523.8988730965,61451.8789195208,45149.2389648527,49621.5576203632,43382.648398948,54081.2529871991,49093.6222958345,49030.7111016865,35768.2065987481,61126.4027573069,47587.1509522929,51120.9519623183,54829.1113867462,58408.6301622781,68528.4110316125,43368.1085806457,94399.7694896652,40992.0022398198,44494.6587874614,40229.0831487509,42034.1561447756,41688.4731179687,58322.1851237513,75708.7988464634,87573.8611460657,71507.7172216202,58049.1746984626,79519.0196562343,67613.9258380074,83431.6731136516,45224.0854692767,52850.2242420453
TCGA-S3-AA11-01A,81429.5022126823,73617.2682692467,72821.8022957636,109041.909037301,136784.679005174,166136.645753964,91581.630343924,80734.7606506208,130591.51262157,73978.7619986729,72771.0482394126,102975.522883264,88410.2252451894,76975.339757474,102175.410467057,112130.814126952,110533.319771963,94333.0789203766,91330.875958088,71174.7688550252,88266.510327226,104578.091815527,103009.949382906,79149.0327134607,77109.9008182211,169932.785630023,73160.4029682636,102488.200998504,71561.4439462375,64334.829771506,73733.9255106208,68850.6860605207,61325.3067684536,86054.919024488,73135.6391766968,85067.3063359046,61284.8758061343,88775.5318954957,111541.569718896,78976.5925098345,91192.7009931624,76753.9832060221,92048.7153493582,69607.9964457769,65663.7960816158,72443.457942278,93110.9457538526,64822.8333507481,69477.8117865055,71932.53109269,100444.266443583,71117.9244414632,107448.787641941,65419.3643846193,105895.018178513,122361.912301383,76315.5499499773,103177.655920417,76970.7883916097,71861.2842544302,89542.405108756,63874.3005146352,69397.4214517574,77311.2025535794,67291.8182069054,65218.4929069665,0,76322.0863310269,98157.304155935,69341.1521585634,68581.9667196584,76129.5153033832,58566.5379860511,80051.6073916016,65105.7508425789,64028.3387547725,68624.5582038498,68258.0540592633,57783.8106799257,62173.4279502054,89612.9794895485,90134.1562106674,65745.1390960391,104133.687174373,96060.3257003568,145865.488235604,80890.533114394,53143.1646084781,71150.2390983414,85057.0088666354,53600.1794285601,72103.8510958442,68741.2789910903,69074.8945321288,72254.1541570356,65457.4085609349,68064.613051002,68946.0564693367,68468.7785095136,81572.0831866116,62003.6465551032,56698.5965631403,77238.7504550884,68349.3436519545,62570.9114206537,78763.9207159542,77631.5260543165,86030.4019526255,72594.6634000434,102608.671405813,63483.9136552515,59697.8367288447,70413.1183952001,64332.3237784159,63603.365040438,90343.7215832028,84228.4424176199,92973.3150185039,85712.4939462186,69063.7860541891,99291.2261017798,88159.2802444731,93332.7889052424,62974.9233832384,82506.1726286237
TCGA-E2-A10C-01A,78919.8440507389,80112.9137278499,65745.4518292081,86559.1447995747,112043.949820878,146839.895129827,83001.2207029263,65286.5536146105,127294.962243545,66699.7886340859,68317.5792698646,86814.2078783016,75587.8030437176,64202.1047019823,87136.4056541071,86884.1631216872,113116.525551109,77613.3768737114,76033.8155741233,67944.0809343401,64876.797130116,77689.2876421061,88155.8202453265,67701.3660344349,74338.418963949,130433.474947897,63403.7969615705,91670.5643200117,64692.3882480844,53411.2382049961,71795.375013439,60041.8680436066,59042.5631679561,73765.0214452526,83420.8627495891,86252.5653542294,57418.0880738925,85349.6353651044,93714.6722076154,66916.0838396118,70932.6223063331,70573.6552405758,76308.07270516,53586.2547178225,57660.6498975622,58123.363765864,89837.5574571058,67808.5391023607,69439.5914197905,70386.3207185758,84393.0276708763,69560.2724708811,76599.9028147783,58228.2215684914,94180.7790241721,89545.1900539902,87018.2960646071,73972.3086983777,63767.1951194511,48450.190773055,76161.3116577921,55073.0722882363,76642.478393064,57480.6914398462,52584.6553160898,57827.5911220845,76322.0863310269,1.45519152283669e-11,68376.3538095012,66494.8258655543,70872.3264940755,83383.4948404746,66135.9209061408,88290.761056942,70645.2237915927,54990.4497370334,67720.9835049836,53454.9967829711,62110.4430753662,56319.0723722818,85513.3554203041,94191.4823312019,55693.1412079405,96520.6245009307,118740.457781537,124370.988239025,78406.4034187285,68532.7587994617,67762.4091612124,60318.613771117,60447.9404469262,63370.2995665781,63075.7291845402,69583.5800180503,59449.6078799756,64963.2643447002,55282.6948898255,60520.7055426943,77997.9682055924,63953.0748212359,70217.9254472338,56690.9097181405,77626.4692887269,53278.8723795484,59768.0616241881,64674.469871206,68351.5392473896,92295.3746528617,46294.7472303672,102387.605174928,56423.5574111926,51311.6606775389,56421.3498699286,59269.1468923489,57638.7029987829,54107.3080811692,68768.6152089927,78219.2953992204,69999.491417557,71735.7589060771,72650.4146504266,78578.0812142291,106863.356020845,59061.8567084278,73342.8549447348
TCGA-EW-A1P6-01A,74843.7858143401,76578.3641772124,63506.2959650956,91990.5505682457,83985.4993504941,106690.678474503,85131.5302836576,82461.2608064292,114819.959525723,76576.2229238981,78090.4602432036,81255.6235574129,63374.9837200953,68192.2223305744,89080.4615361443,68575.6109277413,94917.8673602622,75622.7724353026,82802.4561596278,62096.1715984283,55769.0150469073,73490.4246383892,80101.2004355563,81603.1305384268,76812.3716754134,107076.751517598,56761.1675246507,78584.2839639654,71100.2530285454,75999.9453072071,85149.6616564441,62656.5268280514,61799.3025204316,93856.4801202225,77041.3634468054,109911.103129427,55989.4788206052,87550.8192349091,51606.407119785,57624.8701634779,50186.9000279608,62153.7129440445,78297.273150674,67414.755373564,57826.1432099331,55754.4516492705,66284.2347449162,84850.6353447861,57379.8177302107,60002.3350587881,65312.466700581,66060.1464195346,66607.8311035296,55146.623570649,73709.59198039,58375.3167522616,98092.4431999934,75826.4756215816,63646.1899734008,66580.0749487994,109302.08031362,51418.0148956288,67331.112490673,65099.1707925785,50082.3727256601,84377.347994126,98157.304155935,68376.3538095012,0,54686.0053911508,52253.4283700889,69353.7090962265,60002.1273287088,81905.2796400258,81743.4365318029,50614.4115643691,71814.9459158591,46839.6529038344,81856.5766747164,73339.0901059603,76565.2849921497,96646.0713819536,65341.3642764507,79487.719606319,147008.777963085,124377.972409208,51881.8789148154,85327.5479663848,77954.7656247066,33820.5234885167,65555.484779506,56173.4338957512,62469.851897055,75770.840767583,50911.3281166601,61201.3091214813,64336.3346929096,63898.9486352048,72962.4208770181,72246.8002475818,98629.2353522469,76231.6652360259,55885.7007892604,49399.3108467405,56350.0627630822,88494.840513355,60955.5203635748,94803.6434812739,63365.0768761456,88209.0716380265,69411.7148182082,68871.4118455357,75644.269594776,67928.4876853539,56658.7833283322,64942.5679152451,85348.8537535944,73629.5194615557,75271.7633078634,73992.4021427411,40070.9088313151,65831.6693630195,107106.511962275,65763.2574275812,64372.3257968936
TCGA-A2-A259-01A,44378.676180393,54493.0750351486,36871.8992961357,56759.1986628896,97636.3677324912,112461.759543499,47495.8622459577,56686.577728474,97575.5903396972,44720.56116245,47663.4524240766,77450.5347886703,44392.2811551373,41474.6989706349,56242.3350894954,82566.9724865026,66722.4244816268,46854.1553625587,49691.8169340953,27879.4363264098,56096.7324715757,76563.4333397837,67291.1795032126,47100.5322008623,53973.0292819026,129757.919547777,23768.6931045025,87828.013818694,43859.0307895895,39588.4327507664,65408.5737919596,32070.89536438,38238.1416811752,44260.072255985,49549.4319911382,84264.2402512279,31466.8347065728,87506.8808598451,72110.5553624038,57289.260954028,49312.1648350033,39331.2680751186,95647.1279065287,61528.7966808827,36835.1046979874,53060.736561305,41947.2280402521,76985.0804547798,33086.2745208621,23271.0403904904,65030.6887007536,31460.3859224675,88627.2503215379,34081.7253137267,77579.4221852191,81652.5090939403,64624.2214822948,88078.7224342516,40476.0642291633,48113.3778771249,95000.0860004361,25839.9879073707,45903.8602590718,29337.252475702,35744.0487801274,52136.3851356265,69341.1521585634,66494.8258655543,54686.0053911508,0,28810.0179457297,32522.810790978,27650.1590368765,53385.7485791116,43705.3935671386,34163.8285039832,27311.6842666834,45762.8116623572,56614.0783004893,38588.5349428469,47491.4953728011,67028.1722285098,41747.5782288609,85063.6342502246,92259.8844523472,109697.738816083,30269.4297737567,75312.7582527584,36431.2718743931,49329.9886304897,34360.3634765569,26767.9890187061,29789.1252335854,44894.476414048,47423.3799566759,29282.8765615557,50233.0030039814,39931.7375536978,34111.0844234463,34489.6189163295,52715.4422958634,42114.8595486829,34109.6919978101,42745.5140885824,41302.338627781,63726.7238325056,36938.4551880536,62305.1777353028,47390.1623109404,72869.4294939751,36043.5298379458,44472.9295091813,41020.235782123,32340.4464731912,25267.6664898413,71094.7579051567,89516.6173587841,71700.2477053112,76594.6267992839,60309.5008082368,52120.2387057507,54805.9545758707,94133.6793183065,27069.2861739304,53370.8865095817
TCGA-AR-A2LM-01A,49147.2928122356,63348.1360443727,36100.0327851158,69828.9367872607,99213.4908120326,110107.678234579,53891.7785050857,60072.342527534,104673.05265124,51101.5426357532,49132.4778332655,72680.39301628,47086.7407418042,48246.162916373,64785.3658139507,74902.5497701313,69501.7122933929,53857.1841689047,57537.6366320058,33631.4408354991,55143.8013362383,76360.3727822978,73537.2622821704,56493.0437288054,56906.5199222975,133187.60536259,29733.2606384059,84906.2792002621,45281.3183143897,45362.6001123235,58413.8669147685,34333.3785456025,38768.5163286796,60606.1956480056,47162.9416508898,84708.8531900171,33232.1408963087,85044.6280649392,65471.8644373156,62007.528460153,54240.6162063785,41138.7180112964,87545.1966479076,58455.1366041123,31810.4774284715,44291.8038202335,42042.1110444617,80199.3396214063,28546.7413198149,27414.6422556873,57211.0040147278,35892.8481022441,85283.3546158575,33372.3929264926,70815.6293715215,81367.1043638735,55049.4738162726,82733.8049358399,43223.2966238775,49754.9650030645,94077.0447994114,28535.4349259547,45480.6482837388,38349.4846268185,38832.6872237088,52911.2442077784,68581.9667196584,70872.3264940755,52253.4283700889,28810.0179457297,0,31062.6342672393,27114.9400374462,47891.5974077432,40933.4162967833,32221.8663528298,32136.031816238,40532.4480467258,60777.0127720475,44407.3220420161,55449.0028991055,74887.641374244,42487.3897989558,78131.0960032303,93882.9316780027,112315.911090621,29697.6963485339,80619.6218391119,43997.6652258615,48287.4987262897,37661.4321261679,32267.2821411422,26565.2681242702,47738.4184725099,45279.5253701914,30061.1248448345,51626.2087044486,43677.1097375203,33307.9866905095,43402.690061776,55758.8045677832,46404.4095503675,35355.0032935095,36368.5720923412,32455.9746333822,71821.4376088586,39060.190165462,60431.9496021266,53775.8781420879,72970.3295788379,36549.9501091595,47894.4525654084,46049.7157794948,37308.6579259954,26767.1400403768,72212.8837708723,88109.4857999997,72205.0452944456,76315.0194866692,61504.9102907708,51155.0079190097,57006.498774715,90255.4851134771,38324.5133432677,51201.4563317246
TCGA-AR-A2LQ-01A,36766.6280567495,51814.7909607751,45685.2702993683,62235.7977742604,92169.6536844897,103867.651564114,45508.1967933111,59857.6061699939,98076.247706606,41106.6497188145,51535.644435952,68784.9450941887,40184.4764940258,37738.8625506024,58675.5304290416,86025.8486713058,57783.1201866813,45403.8336654299,48155.2344893045,21398.3890916216,51159.8114316157,75192.4911894731,70829.4522632641,48386.5407792901,43516.5389884601,127082.884045768,28564.8625741344,98733.2681376354,51623.3328993905,53546.5150626983,71908.4672120846,36003.8503970745,45086.0987038927,49087.8634379741,59587.8685987457,105118.357202072,34039.0028140121,103111.387155597,72181.6835982199,61905.4940406997,76460.0425169898,41771.8809257696,114339.279941278,65699.9838601654,30119.1527712486,57916.1917079465,54981.9350621252,82368.1882572158,26958.7067550894,18310.6915064993,74896.3821862448,36428.7305729892,107144.853242735,47038.012706152,87687.2411851577,87240.4239566874,78180.7956575777,98724.3793770442,56956.2878211059,60470.5925999102,112726.959116975,28984.9153541646,58339.5837869009,37902.8036543719,39250.1391889226,56131.8339033071,76129.5153033832,83383.4948404746,69353.7090962265,32522.810790978,31062.6342672393,0,26569.8618322432,58547.9905840352,42235.8552486651,40026.5803720835,26291.3701941198,60650.1031107387,66583.089123552,41326.1441082937,43334.1292761368,70674.7651565911,50800.369634284,106435.388635003,102556.879216024,112997.936249575,40593.8465094709,80295.4109472609,32549.0820741109,63692.256032614,31688.394193398,24269.5303918784,27962.2727411373,49522.8681614185,61517.8199312843,42431.3376674892,65650.4231875393,50503.1614936918,40262.1974046994,34838.6418543179,60407.4330399001,47443.0996074694,38429.9166476969,42375.388170348,48865.6724508099,71072.2152183152,49858.3494401029,73928.3519111929,55527.7869246593,91267.7752630883,45983.9504149235,56137.3966857938,54695.6965909791,46082.0454657931,25150.0221146904,76389.9852831607,100536.303149237,65597.3875995408,90320.7176285989,59645.0472748472,59551.3054553596,70594.2662222136,111965.710285783,32783.9041956271,56020.5501195359
TCGA-OL-A5RX-01A,38045.2473806651,44840.517382311,33393.133068695,60463.0768235046,92619.153453876,101579.531231372,46084.9941855308,51188.115011979,92393.8464352253,41612.5138317332,46258.3230160168,71322.0907863998,41178.8964031744,39701.5916344339,59214.4403971612,75487.3664028388,63732.0998235474,42921.3610195759,46519.7512195229,28798.8559614207,50936.0377092531,76534.2655328548,70193.3654003643,45527.8381354292,48472.8052357259,124566.546994791,28332.8202433175,79264.7939193305,45217.8762334436,45268.0525474965,63366.6589767015,31625.3535045439,40094.575868896,46179.6983438386,50989.1917312531,83568.5469261106,26153.4016464738,86307.7636700403,66610.1246576502,54797.9827260314,62082.5015923117,43051.5582722045,90173.7611725759,56046.0043259225,34548.2432630858,49343.9293392062,50588.3914702317,66636.4745616862,31530.3825100838,26605.6191885764,65073.9152679463,29487.4109067757,86194.3655746264,39104.41971371,77875.6867883865,81215.4246984579,58772.9133308569,87009.0739465053,43952.6194603149,48714.3426416608,95099.778588258,28154.7667844202,50422.4302411548,35387.5259061483,34037.5087706037,47521.4625230993,58566.5379860511,66135.9209061408,60002.1273287088,27650.1590368765,27114.9400374462,26569.8618322432,0,54571.0474698324,38054.5820120717,34578.8135191886,27950.3596950901,48993.8764296832,52106.1443691235,36288.0484649974,45832.9324664516,58078.419926683,41932.1596837428,87425.4109738086,91454.0045007851,106308.135654655,34707.8494129547,65273.9079519492,33431.230552614,56536.322151209,26096.6509424344,26503.1895064262,27378.547536938,46583.0684455356,49894.2309887712,36353.0536410826,54311.0327092405,41141.0762646543,31863.8478510062,39519.1219727839,44835.8503261426,38610.7364134097,32992.3252982481,38997.0185288118,39215.1677467508,58701.8759492137,38857.0997404494,60939.3613791709,46876.6178317626,76591.0709598184,37263.3975624858,40047.9127100806,40508.3707500435,36275.5600587594,25397.5185962793,65656.6134942496,90459.0612999725,68874.2859984597,74965.7709044298,53050.5852653854,55375.4403464633,60088.7406160787,92711.0246725916,28972.0637761145,51624.9063382479
TCGA-GM-A2DC-01A,82997.8550010816,95595.0900947454,58242.8685228286,103240.837679056,132225.777201384,142519.312757387,84860.2553536383,83101.9395165369,138099.296450365,76510.1814238333,63536.9341778048,101610.219211292,81414.5915842037,68657.4835045277,98055.2474681332,102150.960908107,96785.5951392414,83717.8985104003,86190.839477623,62323.2545242882,85012.5000858943,104832.146246312,103262.399997116,84051.7824814813,80971.5671674336,175676.402002989,59645.1080345781,106694.62760976,53515.8496005152,64891.4712559851,70884.3979817693,54324.9460186971,51907.2553515788,83883.3732505837,56906.931699702,81459.4260507838,53354.5592833173,89086.9691135907,93393.4237561338,85288.0410032151,80301.7045772556,58678.8557683617,101714.650398488,72123.0079367324,51481.7496061186,62982.612470042,64821.6601873278,95408.3454236841,52292.0135934423,55852.9153991913,75803.8715547581,54790.0155024506,105371.720181601,47588.8237909653,94760.3916423576,111014.567825248,61652.4697787348,103662.605447704,70209.7625758493,70155.777904501,94929.6482354823,53180.7509884578,51964.0495204488,65806.4902588576,62920.2579178917,63386.619243912,80051.6073916016,88290.761056942,81905.2796400258,53385.7485791116,47891.5974077432,58547.9905840352,54571.0474698324,0,56661.404262316,50220.5035655824,53894.3197297558,60399.9577849281,69192.6906973462,64759.5903012634,85203.1747916284,104405.710152315,62444.2309022895,94246.5669253607,85152.6577487827,143093.376332654,55702.6826347457,86789.0409153215,70590.5452619902,76037.4934767188,56011.629818628,54803.2189954066,53777.7522919501,59210.0085197105,64294.89864122,47096.4835769754,61001.2320996155,58897.0395153759,50317.2581274842,75835.4671303871,72611.0232465482,64130.3076585565,66540.511275499,65180.8305171281,55064.6164843439,90794.0089462397,64754.3304377955,72645.5658894871,71854.6617119471,91171.6481435324,58978.9994166793,68927.467928403,66689.7987875485,59532.1270020716,53328.440661143,89042.0140550745,94065.4917817112,98052.4171021791,81740.8313213729,74452.2533076141,79428.0695165345,73527.0405712092,88184.5836698785,63642.6461029388,56500.1840872236
TCGA-EW-A1IW-01A,63006.9908050611,74432.0667550304,47711.4356741666,80776.1820664123,122903.633006898,139891.604062178,60107.0778600317,63467.0238394165,122663.874525761,53400.4326422155,41583.0862007186,86672.3378141077,62654.4981222271,54583.7302276555,72351.9487839198,97683.5109401961,88667.9055124866,62874.9363060149,60272.8209915471,45382.7504364407,71179.0503790601,93680.6681572623,89164.1393257859,56865.688825165,62292.2395934862,166445.577528713,45539.0632746016,101918.925155751,40100.0032981682,46623.093484205,52132.8907136425,43519.7433654374,40976.8478385772,59649.107054713,60596.7476314523,68057.4052971782,45732.5368315877,93390.3676555968,98010.7647341273,79588.828892388,80031.7288869693,54848.9084707304,104059.477818986,59857.6198148747,39412.3257775724,50452.4410048775,66704.5178381538,80798.5817397902,45899.5906589476,40816.3316372613,83727.5846084916,41394.6578360968,106691.16931126,47364.5330705984,98540.229008331,118111.917747916,53672.8714862474,104398.822530751,62977.6581281615,58192.7970471349,85050.0670888123,36342.8229949594,61612.6772666994,44894.0388064139,48925.9254448618,44986.6738097912,65105.7508425789,70645.2237915927,81743.4365318029,43705.3935671386,40933.4162967833,42235.8552486651,38054.5820120717,56661.404262316,7.27595761418343e-12,37786.2888172485,34953.139376725,63198.1289501523,56023.7581086545,37793.0827189751,69286.191512242,81734.9628751872,50360.9648109601,98818.1154357105,71877.6239319988,117927.48777046,58495.4072316546,83593.7350781381,45727.7541775491,72029.9889066302,36605.7224110182,40102.4288009718,38211.7853412636,47897.8731810759,68181.5531382918,43016.9202122852,62531.6855670465,45590.3481897637,40829.6560949928,51480.8774390129,38129.1929716918,43761.0365574468,53350.0055882935,52148.9277148803,47301.7407899018,70796.1752812535,54827.1525651235,56043.3315969272,57381.3220036052,92520.1188070448,44197.9488875521,46238.808402643,46454.8435899584,40349.6551726685,40571.0234808498,82976.053136871,95110.1599882866,87157.1032927733,67902.5514537439,65542.8993906728,80845.5852510562,74616.8721679895,98938.4821329821,44485.9353885545,60444.1179245583
TCGA-E2-A1IH-01A,51775.786870893,54534.3577599849,39899.1110246972,64640.7558714129,90693.0206125219,107404.280576129,55470.1131992344,50385.3980949943,106380.395479517,41789.6312533872,43136.7634177329,67669.3950576721,49688.4241249631,41609.2694990791,63204.7655202041,68068.1908470075,72682.0058600111,49498.2566181297,50662.2752367238,35971.8287901979,52738.9763734387,72600.1530091966,72669.8927959663,49109.5601265682,48324.3659756865,127315.652280012,30012.8491776341,81113.3952224096,43176.7122851854,41945.50202443,54984.8096618457,30843.9018468715,34335.5073936535,51876.2964738421,57396.1237683817,72698.0247508967,31227.7524869504,73821.7455222477,59065.670894326,50270.3400667415,54773.2280256953,46561.0497407218,80214.8082992537,48815.7127852915,34514.1197119814,42657.3867703989,49821.1908793095,62071.8486345749,39340.4365849406,30473.5224465569,62989.2544779542,35449.0884337555,71980.4877164446,29736.458238232,74823.0475456394,74095.6116907234,66231.4371197798,78700.5761312293,46864.4870800499,43403.0231510362,84768.6207341673,26661.0148859053,49237.0229241691,32000.3062067536,33704.3916317588,44700.3705208581,64028.3387547725,54990.4497370334,50614.4115643691,34163.8285039832,32221.8663528298,40026.5803720835,34578.8135191886,50220.5035655824,37786.2888172485,7.27595761418343e-12,34224.3445585724,35301.0512903912,54929.7192396961,33944.8790605723,57048.8764429164,71484.3760414164,42781.2974986065,85488.1643280592,90298.7631724032,115036.962446997,43532.9286446044,58925.2153569447,38206.6061127232,46287.4319202019,30656.5782259339,27399.5139511352,32818.8220606621,48574.7439019861,44519.9235982294,34872.2212436339,43000.5885725596,39965.8699252336,42667.2244942327,38595.8620316442,50482.439278392,41823.8362624348,42172.0142657009,37722.8207268671,40861.8103908391,51599.3057909008,44079.6713067676,69794.7356181168,38056.2697938463,83361.2957839811,35072.6271990484,39000.3421160134,40082.9104974748,37156.2473613857,27165.3163732358,59005.4574552036,73539.2919703027,68723.4405499874,62886.8287700585,48560.415543222,45123.6357737707,51959.2063377062,90633.3332840577,35095.6562157152,43847.2887398149
TCGA-AC-A2FB-01A,48355.8398452554,57272.2227904539,36692.9901614799,55668.5100166214,100759.604051779,121414.126300996,37563.7653334103,57057.8225213609,101572.281520927,26049.343929692,50413.6123408843,66263.962896268,44331.6282554694,22388.9912221954,60575.9337408609,90563.4011946795,66329.3896263633,41268.7048758574,36392.8930041353,20075.0573462536,48395.45924949,69876.6957161154,64836.7239373521,50638.552372884,34665.2336881215,137333.748396862,25293.3882106401,98165.1265189829,42469.7335083665,40479.4452893255,64399.8125546076,33644.8160030902,35367.610769225,30322.9071811043,52250.9800552528,91785.0734355061,24100.1357388623,94422.7951763964,83480.4886975714,63998.168234784,76310.7312128031,35068.4956399542,109585.45810246,55468.700110111,23420.3367406955,54021.2307231103,54012.8352942521,73470.1426460286,30099.0913092382,18059.3344201659,71857.6110988417,29887.3597932262,106748.003776283,40820.9407028155,83925.0058685156,95308.8627919085,64155.5160538974,84544.8644264086,56982.8866900643,47312.0673604214,95836.2461752863,20171.6626061242,48197.5340810948,22409.010815725,44623.4287180636,42161.3925422047,68624.5582038498,67720.9835049836,71814.9459158591,27311.6842666834,32136.031816238,26291.3701941198,27950.3596950901,53894.3197297558,34953.139376725,34224.3445585724,7.27595761418343e-12,57182.3188448686,54608.4516005311,25099.436714636,43676.2180726776,71002.5242972866,29994.7361061409,96331.3314243119,85815.1175283751,114472.993029143,41768.264008383,74920.5345713797,17735.7029455001,57230.8623034546,31784.0356957507,20714.5102864206,24089.7077430406,39552.3970048628,58826.9432900331,30388.3638657675,58673.5378556333,48135.1932317804,36220.4362001937,27032.5851642385,47441.7375971752,29277.1970789262,45633.0320495456,42490.0723880996,47789.8235738559,70738.1394573853,46037.2913830187,61969.3331829816,39669.5557779651,87381.5493399756,40121.7758963363,50573.6197053248,43625.0292251029,37159.0881795527,27425.8691185241,63510.611807665,93101.6917798476,69398.0493330724,79164.0438621824,57540.0892861534,64266.2826337634,68397.4240326391,102007.986194664,25730.2803369941,53611.8766914893
TCGA-B6-A0WT-01A,63935.0042887849,68677.580576354,50937.369502849,81531.6080408874,98931.4967104693,122996.436788269,76067.3421793081,59651.0358006556,113855.983311111,65073.1325993198,56566.7454938738,79186.6153248219,66739.0222535711,60254.9334828631,79253.0174571667,69707.1030278085,89622.1784231899,69522.7403746515,72167.5875307694,56190.4359238757,58047.0769434882,73663.5440146346,80348.9009652396,63842.9509403837,70135.8641900288,120703.895189437,44163.8109126855,80614.2128565137,56695.2143877394,49933.8276697382,67521.4863649756,43268.7041809324,46520.8918001267,74862.7082745837,60403.3756566395,81105.5838331271,42977.2310207236,73999.366651557,62128.1736279026,53200.3215792074,45344.2735303832,54869.6205829514,60294.300470897,50746.6328147885,45334.5996647936,48989.2970897847,59150.7207648053,66830.3534124969,48654.1969833592,50313.1249797787,60218.0634394279,54818.395444441,57172.5113276753,38071.5690129237,64763.7540966126,64253.9452847255,77029.9752018332,63923.6513725511,45644.5903773472,47822.8690989873,78357.4949114542,42545.4499207369,47740.1964029986,52093.5741470512,41569.2235931577,55973.3106992428,68258.0540592633,53454.9967829711,46839.6529038344,45762.8116623572,40532.4480467258,60650.1031107387,48993.8764296832,60399.9577849281,63198.1289501523,35301.0512903912,57182.3188448686,0,58441.9249591485,56553.6977011017,72619.248368256,87489.8107460869,51794.6020169574,75168.2165345441,111366.040802828,123163.554306877,45358.8208568119,63298.12666529,64407.593938383,42382.609556278,48889.2676418141,46790.9718824681,50417.7414027666,62425.8520027123,38519.7419289362,44117.2473975275,39972.0414995995,45994.447942416,57542.7760250582,57743.0707568841,70996.464812007,56450.5516958397,48418.0973320205,43786.2163456095,41494.9164641293,62821.2750819084,53383.2673412809,81920.9621327474,49393.7742349271,80278.7920047775,43398.668291438,48074.98463436,51124.2312690408,48030.0031925397,37766.0778140817,57011.8924961864,64085.2461710117,72335.8019540863,69651.8693318815,58348.5081324169,45618.7435290373,56122.2038357719,81124.0698914221,50948.6088132985,53591.4397114815
TCGA-AC-A8OP-01A,71908.1158005263,72594.7107360155,59999.7799775674,89365.4385790899,121127.704125666,149202.884923148,76023.9565731374,67005.3344980761,118743.726879319,61806.3017411252,55605.2396843177,88639.6777894046,72091.6745596703,59584.9265097327,89397.943992938,94922.671729158,96206.4511275186,74331.7491466321,72484.4642974798,60666.6394538825,69947.3404193781,86670.9270566946,84533.278090218,70308.4982531965,69320.8632130557,149285.215252923,58073.3232154065,100335.56340217,51560.7689462491,50053.7578622322,62679.7921112711,49720.3300142081,49723.8762907982,68234.8120073981,54485.7408929938,73405.5774526239,49740.0063987716,77617.7958668768,102064.902153665,70958.2748567184,80478.7404561145,55910.04541061,82258.9835871097,51145.660296849,47844.3524147561,61039.3111774259,80009.5416982572,66519.810862791,61033.2206356059,58744.664484536,82543.3228725492,56636.0547694994,93996.164436986,54545.6608990665,84216.0930230626,104434.392951337,64816.386018797,87557.1681049285,64404.9683025982,57471.7144295714,63081.3792817517,49282.9378610784,53080.9278359058,58235.788130644,55549.0418762136,43963.9837725784,57783.8106799257,62110.4430753662,81856.5766747164,56614.0783004893,60777.0127720475,66583.089123552,52106.1443691235,69192.6906973462,56023.7581086545,54929.7192396961,54608.4516005311,58441.9249591485,7.27595761418343e-12,43475.830167866,76163.9623379068,88288.2498184165,49953.8656871309,82664.914124199,86730.4112253247,124568.65356203,66698.1575112751,63310.3149042034,59035.3696780001,69178.064377439,45715.4635600977,55781.2679290947,52446.8287861557,50203.9833759232,64096.2203373948,53362.1775862538,51383.7630949951,49969.4141658273,57269.5557613675,63147.3075091955,54910.1270257196,41750.6068187422,62862.1370986471,54806.7722142538,47752.4339728794,69630.0260218473,62140.3436034097,70443.4211755914,54709.934149972,90386.0116634881,53004.9825998829,52332.9530029493,54890.5821809729,50969.0732344656,51233.4877894382,66677.9764902389,78302.0060459619,80272.2058502097,69973.1873428485,59469.0300928083,82547.2690687477,74300.6545609033,79744.3645120061,45609.496014805,59629.6838127342
TCGA-AQ-A7U7-01A,55255.5819240549,54650.6886967654,46345.4893004958,60299.6217891413,104966.57836519,132254.170603683,47044.6982105369,56365.981078434,110007.76028277,27608.1707182201,44805.4434415457,68923.4805407733,46533.8640616658,33034.5911196703,65945.0788287397,92870.2504745512,79922.0908901922,47356.0566144464,39428.9441825996,33279.1974028825,53184.0441588159,73451.7976695207,68406.3297141219,48406.4946569925,38008.8951980368,139250.133157935,33185.5829518469,104810.794643959,49199.1548221455,32763.6602905306,60994.9617871244,34860.5605077278,35774.817916856,36532.3405107836,61389.9337314288,78582.0207339105,29520.6718779187,91135.8345028483,89724.502383797,61591.1271756927,76254.383956826,48293.7488752922,95715.0880441367,49629.129211726,29891.0401061693,54003.7284343718,64017.0355316843,67261.6014385396,43775.0418009041,29220.3860235741,75332.8969926818,38654.9540858907,96391.9857974127,42827.4662715547,83259.1470297906,99560.1611892982,65374.7818010257,85634.9966310775,54849.9430563926,46269.4855149113,80244.0431070208,24570.2553343667,57601.2444033525,25450.5938681531,45066.5816755489,35612.302856479,62173.4279502054,56319.0723722818,73339.0901059603,38588.5349428469,44407.3220420161,41326.1441082937,36288.0484649974,64759.5903012634,37793.0827189751,33944.8790605723,25099.436714636,56553.6977011017,43475.830167866,0,55374.4680559059,69993.3919003355,28348.9141958341,95341.9486115164,88037.7624504219,113015.254010824,58221.9713665882,63692.1034734581,22743.6774051377,58241.0769973962,28480.8264149225,30618.2607224492,26509.4278679179,44503.4789793479,60343.0607884842,39516.1645346346,54287.8324023795,45568.7812563769,44915.6800960176,29999.8954075106,39207.1845484946,22891.2296266531,51254.2801732102,39210.611005267,45830.2397594062,56382.6632336546,45518.4779134999,65248.8044516485,36108.1586222369,92168.3127195183,36309.4562768689,38402.8300860905,39615.1646776782,34629.6385177261,31335.1620299079,58582.2597457508,85150.5082827977,73075.2823498776,72215.5654716907,57582.4453485842,65996.8173402019,62893.3726092479,96409.5959330133,24112.349579242,55358.0250694121
TCGA-AR-A24Q-01A,36318.4009905723,41835.4487195877,56099.5653103642,52333.1824837486,68398.2957325252,99473.9779875093,45543.902457732,73655.607459243,68319.447864826,49046.5476372895,70829.9714295192,75652.2642550327,37738.621305296,45588.3812869095,47797.7165157819,90735.6928544479,44002.2827765777,46834.072352072,48758.1716187306,34761.0064258718,52884.6672347574,73889.0210303603,51100.1395188377,50044.907617774,45964.1527484556,94675.6048510981,44517.8760264236,97261.9212730378,69313.9845071706,66724.5286991784,90585.5787312479,53385.1658559363,60965.4455440497,48103.5885651083,74947.0801329062,121987.061817289,47208.1996233674,112624.671039386,77368.7326193817,67030.5083350427,84462.2137273368,57900.3150463433,125107.698076156,81401.6438751832,52909.0865885916,78049.3259370528,75918.1441425197,82773.0742281834,53220.4592153282,40897.135523913,89127.9601142306,49711.1000177552,112280.034554042,62046.5490007785,95494.8857182088,91613.5003954602,101998.621675444,101071.817238022,69858.0401036424,65373.4079182718,124537.320725651,46094.3676759101,71677.1560083775,48268.1159880129,52547.8159152121,72907.9383773063,89612.9794895485,85513.3554203041,76565.2849921497,47491.4953728011,55449.0028991055,43334.1292761368,45832.9324664516,85203.1747916284,69286.191512242,57048.8764429164,43676.2180726776,72619.248368256,76163.9623379068,55374.4680559059,0,59388.9021214895,61479.8960263226,110079.397312017,127146.545226258,90490.0064464394,57263.8514724781,89804.2512069624,45315.875281306,72260.0634012991,50786.6988655573,43038.9155073616,49304.4571438236,64960.9712989682,76033.9270555878,57418.5653432096,73534.9529695702,67012.6142013147,59990.8634027172,44988.5310431494,76956.0081259778,59639.7408097413,55344.7098744847,62644.2402331217,69260.3270935541,85276.5071091086,61729.7815963404,92115.5806328752,59878.1158851533,106063.05574079,63842.5433213571,70008.5337612682,68895.1581614816,59881.0220356179,45566.572138515,77778.4757606849,111186.909689269,71189.2827503993,103523.276222939,72292.3892379268,71080.5135908766,87739.2763697103,126536.442053753,45264.4423529188,76860.9818726899
TCGA-S3-AA0Z-01A,52702.5122908582,48506.283104487,69629.2967409314,64326.7685723269,100344.449037713,104803.603891189,65597.1758704359,78593.3470326019,88829.4284465054,69126.9443589179,78117.7087220451,100571.072904982,58533.8036655477,75242.4321453744,54580.2456373278,109693.628362003,80558.4099769549,56303.929716997,59777.1437375653,62444.2903543466,79508.2721135082,102297.008533035,85916.5404420058,56034.4388048361,72665.2721708439,124085.390896433,64742.0051310892,116392.753445393,92198.3848952038,76689.5883404057,106098.95265733,68035.8287214571,80507.8205657678,62916.0621956766,98646.2415128427,124242.5768335,64184.7445195822,130723.262616615,95193.0925755139,79930.968181208,95019.692725365,91642.7590878673,127787.468691475,97286.9734483187,82006.9610107886,93961.1940590645,89536.1810288955,90941.665083756,78328.8308410485,67904.7496192083,106531.72922358,67289.8763095599,117160.301865771,76638.8406134117,114351.288045555,110862.012070068,107113.366056781,124722.335580954,73871.4650074143,79189.6761355243,133316.692655226,67810.3311425283,98174.514529701,65260.0931683114,62360.6842329911,84967.4168526881,90134.1562106674,94191.4823312019,96646.0713819536,67028.1722285098,74887.641374244,70674.7651565911,58078.419926683,104405.710152315,81734.9628751872,71484.3760414164,71002.5242972866,87489.8107460869,88288.2498184165,69993.3919003355,59388.9021214895,1.45519152283669e-11,82662.0817494405,130358.320033616,138815.357677892,93393.044710063,80343.6534541645,89017.4360444462,64039.2097415891,95163.9848083897,59718.2354388147,66368.4112912367,68981.8014297062,90076.967710541,91019.0419292639,80496.1681638986,87944.8873133529,76060.3859256354,77031.8686256461,63163.9151940823,79159.2938040678,76399.1861409838,69933.8693468789,75275.4794750689,83324.3608992641,80281.658818462,71581.79167939,110228.598500011,75297.9616586706,116554.012274491,71344.9728564834,67606.528004876,71133.6192225074,68829.1765078829,62851.9543019518,97924.6109780172,127734.438139432,97242.1850067205,117592.931431856,89051.4171311951,87893.8458817683,89385.5438242013,137838.680464169,59295.2344701675,93334.4875095719
TCGA-PE-A5DE-01A,67286.6964128163,68368.3843680115,49264.3705324982,73946.3407296022,105123.276652009,138928.010052165,54479.4311108081,70430.3637120108,115820.363146618,35123.9659757995,62223.5191822965,67051.1483828411,52155.1335641128,33622.2546260155,76677.6070895667,91400.6360480803,86568.2901059767,58405.338245607,51547.1156414693,40141.4716247553,48231.804489123,63342.1444510998,66391.167088398,63656.8341941152,43032.5069041384,133812.129376305,38711.3328734906,95734.2228871268,50229.3166188974,38322.9085873145,69384.0147917136,44017.1025964973,36341.9844873618,46941.7294326657,54355.6680719163,87252.6130739181,29881.964500146,84439.0071584261,89400.2007088566,60841.5112284856,73781.9887827094,38738.4489794068,84783.0088094895,45753.2510259217,26419.8422738678,55558.8539670414,61961.8273792154,68058.3237599383,37593.712611204,36924.0664120978,61757.0544292418,49273.2921499087,97280.6069576718,46070.2677142436,69786.7263962322,91986.779912119,63180.3589356145,62411.7798941711,57144.9426757245,49326.1675251423,82228.4184460641,31269.8826559924,51289.03173853,35001.8182115898,53527.8295360161,45369.4506694323,65745.1390960391,55693.1412079405,65341.3642764507,41747.5782288609,42487.3897989558,50800.369634284,41932.1596837428,62444.2309022895,50360.9648109601,42781.2974986065,29994.7361061409,51794.6020169574,49953.8656871309,28348.9141958341,61479.8960263226,82662.0817494405,0,80488.3593776003,99897.7039935887,120733.87547877,49620.401136554,71091.9685938301,33249.9615526909,49195.2295601917,44419.1873628665,39650.7434911476,30593.8725011734,45014.3422682111,51129.3035657746,37833.3215173805,55371.3523987199,53533.5017997939,47759.2836284143,39708.0839520811,54849.0987499667,31045.5053388525,57336.3627034906,39412.3071226887,42324.0404624543,79360.6109626069,44948.7578985506,65877.7109733761,41314.0567458774,82313.2097743827,44174.6533539895,54742.6355637858,53391.5342110728,42534.0197744946,38111.8953013832,54247.1893797558,79931.8329272639,66896.7918127989,73992.4420175696,63677.901055154,60630.9638217992,64787.1214750961,91317.897906186,36185.2339985524,58304.9072607078
TCGA-D8-A1JT-01A,116118.157579757,116123.222752436,86793.9953258003,130165.594647459,132940.14504193,176722.885561601,112849.709749883,120705.305533189,144231.685469161,105639.691512486,101378.17141758,112211.972222036,102497.110216211,97937.110119225,122707.65183317,112747.678778597,131502.891655502,116769.697298279,117829.67603552,100452.576181706,91558.1252110211,101771.741505192,103245.471435625,115342.088978284,111547.354619247,159564.33461693,93401.4033746841,114216.564173361,83545.3113475037,91676.9239248448,96449.5003399356,90375.3128955763,81304.0413940457,120902.147067894,82084.1604479569,107962.257444954,85619.180442186,91673.5398651099,109540.023447385,100914.505421777,82435.458920031,83623.8763634601,97922.9877428914,87547.3720060494,77939.8180617158,83344.0502468062,97849.2692911326,107928.510137952,84597.5894724425,95888.1402917545,88838.3708104081,90679.5778067299,103995.42138185,83082.5162028052,81622.1854012173,117556.79561452,97129.7325244381,93576.3081451757,88477.1077349486,91135.8393223609,93841.3364375095,80300.2104936795,75811.7837090952,97522.7043523602,91340.9751909701,96109.2356568768,104133.687174373,96520.6245009307,79487.719606319,85063.6342502246,78131.0960032303,106435.388635003,87425.4109738086,94246.5669253607,98818.1154357105,85488.1643280592,96331.3314243119,75168.2165345441,82664.914124199,95341.9486115164,110079.397312017,130358.320033616,80488.3593776003,0,144950.663748058,144076.349756508,81417.531500811,117479.64030299,108931.576710482,72447.9477281158,96935.7963904427,95854.8473686002,87954.1467649322,83815.5017215423,77058.6332315253,76018.129116773,77147.106714767,84044.0452569215,83002.7374490399,106205.200981386,109725.28775403,90659.2977997727,88472.7605883266,85184.8749088175,70214.9876664673,126638.590799295,87616.6386657164,84842.2426390023,89754.1639929943,96551.837799679,86760.7609958941,94073.0720251042,98725.5430309944,80300.7363054967,83878.0605627745,91531.2370380188,109018.823572884,109693.764580971,84939.7783286949,104892.581257082,92003.5169394236,100462.786060102,97751.7457848596,93426.9027682814,92130.3101028326
TCGA-D8-A1XF-01A,123473.312433116,138854.255657737,94709.3471342204,142612.000729882,195936.245652489,210320.579310284,120356.35911463,109282.664556977,183935.122375712,110993.969453518,76153.2744240665,148058.911548958,129501.550583068,109805.924915366,134110.890882299,153530.413739943,140131.103229903,125565.065097028,116854.468326341,101509.251641911,137650.015822653,158004.340917274,149245.98908162,117385.169101926,117875.573326088,251698.485114821,101747.525077441,157309.523069886,78877.3537480559,93005.5122243452,78015.4758511045,89359.0265705914,88234.0876207078,113489.89787936,88807.8023022474,75721.2740088085,97833.3177641554,125920.010480421,166543.204270725,139106.058835888,129278.972254683,98258.542456249,143457.030467312,101899.431307093,91036.3963089691,101574.973151166,115640.993110472,127258.549016211,100564.670831171,97521.6289093413,136981.789032189,83961.0685233644,160841.923526285,92161.8247728345,152327.278716414,188194.257326646,73166.102528137,159885.280742352,115630.899212937,104933.131128936,96085.7292738106,92542.2604002292,93816.8486796698,103163.925990294,106611.065868012,72955.58124697,96060.3257003568,118740.457781537,147008.777963085,92259.8844523472,93882.9316780027,102556.879216024,91454.0045007851,85152.6577487827,71877.6239319988,90298.7631724032,85815.1175283751,111366.040802828,86730.4112253247,88037.7624504219,127146.545226258,138815.357677892,99897.7039935887,144950.663748058,0,174098.276636607,111625.197582468,111252.125727437,101380.687268746,129752.898781687,80660.1518213182,95101.250159527,92885.5020085336,81855.9314855361,117144.583239362,79766.2541339845,95995.7093759682,85151.1289883457,82273.9553029743,116289.86181861,80915.0272607778,83043.9456287739,109380.72401434,109878.823130732,98541.2378147032,116520.264436762,104934.894298304,87859.8232046762,107715.035582416,131751.760920248,91133.3450840797,96450.564257676,90970.8752628648,87397.2131733492,98182.9663503122,132832.518367311,123565.511979986,142479.502477714,104257.580719999,106038.142355213,149926.450136918,120073.562112906,109663.773808147,98371.4319957469,97443.7777937274
TCGA-A7-A13E-01A,94826.097959365,100223.854238991,107590.834936941,104003.121743335,112875.578530837,148535.037609354,92620.7438468808,125180.687009212,106706.603788122,114706.473980145,109546.197577714,125307.522207518,82306.3561615476,118675.123533214,81489.4119000299,139487.795242077,115427.438538349,93784.8074367652,96052.5764257314,103559.321785756,101663.500554364,122230.92956432,101388.518045404,89832.6166501167,114864.19664506,135767.3991112,106196.627912296,144475.128349155,120144.337712484,112118.470569625,130505.370265478,108550.262498109,117986.762183557,108712.637813626,130381.305120745,150614.21852218,113973.452105931,158809.515258603,140626.971720209,129390.484255734,122317.211483462,122097.258046022,157569.573134545,128676.545988533,114888.548654633,122206.176622453,134641.810738914,140407.350160105,113754.407758242,110503.309060819,135750.701758442,113018.341372723,147977.751078556,115915.606104869,139418.679477829,150248.530205717,138347.003745357,154325.072599468,108727.317713092,112466.819715797,147288.664951647,106912.164616523,137989.157246042,107033.19644717,101872.498281415,122449.720609337,145865.488235604,124370.988239025,124377.972409208,109697.738816083,112315.911090621,112997.936249575,106308.135654655,143093.376332654,117927.48777046,115036.962446997,114472.993029143,123163.554306877,124568.65356203,113015.254010824,90490.0064464394,93393.044710063,120733.87547877,144076.349756508,174098.276636607,0,117943.882834,152286.943352667,116072.904952976,121641.272375743,112438.804185221,111350.216229188,104483.020134042,118668.232202113,125275.148031671,120695.897865007,118868.297377241,108301.565509103,113790.812149229,103801.189915906,124089.789090883,119103.971992571,105660.470115231,110211.574869671,113648.454051043,134136.156065836,108967.645292595,130451.485031256,116968.251976817,144828.578547745,108880.473069454,109349.20799709,110392.467632611,103059.349949812,102633.54453705,126004.140882538,160237.677011089,118838.609639848,141854.101802028,139390.336484948,128822.681844621,135834.178119611,168458.952008444,105660.903781025,128571.60322961
TCGA-D8-A27P-01A,54084.8668900137,67040.1279186581,44410.8667529434,74170.547867693,98955.9669902273,107639.379318224,62324.684526379,69875.0743466034,104465.105481804,63116.546623703,63179.1535981078,81891.3033318744,53669.015970087,54121.918437326,69928.0303241936,78432.1884615451,70049.9929912503,60240.1466915435,68482.3992383228,40356.934299706,57383.8778528306,75952.4025995421,76456.9799458834,64835.3161530779,70636.1940638869,123701.896689676,34669.7607277496,85349.8106379489,49507.4746777726,55547.129817166,76908.1072777122,42961.5734559955,47190.55798475,66579.5554835246,51338.0512758598,99646.1122435394,38029.741064837,86961.7671567884,61261.3696358604,59813.9534085146,53781.7244894081,42934.8185588078,88583.7590801037,66927.923374752,45070.1689123179,55864.7678430425,41884.6490804324,86989.7552289442,34222.0801324939,34968.7853095992,55593.0774335266,43173.0628500899,87748.9201461678,42569.2270267745,67002.6183851951,71165.467861332,74289.4108410886,80183.6502830911,41592.6868302486,59850.1388807369,106225.467412969,39456.2177812924,47696.0183783802,49419.8290053624,44357.8256367687,67328.6785511677,80890.533114394,78406.4034187285,51881.8789148154,30269.4297737567,29697.6963485339,40593.8465094709,34707.8494129547,55702.6826347457,58495.4072316546,43532.9286446044,41768.264008383,45358.8208568119,66698.1575112751,58221.9713665882,57263.8514724781,80343.6534541645,49620.401136554,81417.531500811,111625.197582468,117943.882834,0,88841.6584753758,57917.8147712507,52358.5918632311,49557.8281826941,37223.0806086957,38050.5160222397,55343.430196888,42820.3004061617,37214.0778245498,58597.2940326206,50373.6724059666,38845.2306668285,53001.5627823805,73446.2838823151,60331.8859196004,37309.5648573624,47159.9513521628,40377.746445753,83368.9577138416,39734.4316001692,71066.5991146485,63099.4150400768,64188.7372607519,47123.2851169074,61992.7487933845,56734.7174802154,47949.4348736116,33145.1543254644,75970.700002558,92714.4042040102,71162.597789524,84946.7104265319,69637.1740693323,44663.8829687577,59754.6524184824,93595.0288086998,42908.8114243865,53825.7664511145
TCGA-3C-AALJ-01A,81997.7618665654,66720.2072276263,76932.3930128009,103166.274741271,117733.102645982,141471.095198395,97055.6287372043,70220.2248320583,127422.484463432,67194.5747383326,78804.5477087103,97157.2781377922,86528.5903755405,68585.0770211859,107325.153453732,92366.1024711299,107749.27821336,85534.0123599406,83384.9155322291,72057.8948429201,80947.9556154813,98738.8077369407,101787.226601091,82634.0851260577,67331.9945071138,148570.110126221,70971.2121391654,98376.2568861379,81518.2587544497,74291.711222141,83729.3281868653,63751.9680189038,68056.6073163998,84103.7448765908,85062.6792945264,95490.2450937768,54955.7719692954,82678.5297339472,91897.6927607185,61554.5281620528,89788.5346446241,77285.3217172103,85619.8532185814,62128.6126547789,67278.0827628367,76037.6676316546,95637.6586478983,50794.8297849391,76453.5689066955,74099.0725823804,94160.1465492309,71415.0910036902,87822.2491085638,66907.8317324649,105943.964397224,91928.0476100587,98351.7753861748,98039.2759250904,82645.2498886,66317.1095211992,90171.2772412021,62996.7374209061,76526.3283076068,73581.2434872255,62501.50407874,63664.9904055328,53143.1646084781,68532.7587994617,85327.5479663848,75312.7582527584,80619.6218391119,80295.4109472609,65273.9079519492,86789.0409153215,83593.7350781381,58925.2153569447,74920.5345713797,63298.12666529,63310.3149042034,63692.1034734581,89804.2512069624,89017.4360444462,71091.9685938301,117479.64030299,111252.125727437,152286.943352667,88841.6584753758,2.91038304567337e-11,67166.5546470284,79101.7921698848,49715.6256300036,65097.2348925651,76838.0364553711,79315.9278427657,72397.5837516911,76559.3108534063,61144.6162966727,68792.6141007029,86823.6715888435,80135.8068283965,77953.3181859397,61714.5278853338,79954.697307444,63894.8611807494,77917.8727174244,64226.879184603,81804.3867791189,113260.868908095,57274.5050943946,116150.405027668,72595.5467120842,62254.4440840813,72776.4445267406,75453.3082657329,67377.3197007273,69171.4117301982,77269.4362220126,87820.7754850138,83948.8385307473,53346.6777094272,79797.1029868896,77624.4184945986,99063.7388880295,66048.7558788528,69773.0713627984
TCGA-OL-A5RY-01A,47409.3637659729,48030.8203263508,43418.1749546264,51350.9661029983,95982.644331882,118750.878768854,37607.988713961,54835.4647445956,100794.738270724,15693.8352072746,56514.5064921786,61833.1467159582,41183.067147811,20473.7307293118,59555.1554149241,91261.5594285721,68413.0514020439,37916.5344889536,28936.0617960043,22630.4867175472,46975.7926286504,68339.2188357301,62557.0789528993,47563.0703994963,24639.2219103133,131512.966925226,27765.0866863235,103893.049384111,57914.4963512654,42464.4090061312,73541.0367013459,34150.2311375343,42752.9741090294,26313.1879908836,65789.4979915378,102536.512967991,22855.8570511853,102713.841710361,86713.9749889035,62842.1555646364,84814.4985086473,45676.071357377,114242.041682883,57139.037566914,28888.046315425,62616.8462055045,61699.3896909296,68396.3641306639,40286.1729417493,23719.4720269836,79528.7922550792,38069.3338315115,108783.173442826,47618.4607892561,89501.8220400809,95563.0880129802,77344.5018341874,90145.7327100831,63902.7789283803,47684.6872832592,104382.159338633,23209.8375819477,61228.3896558667,20105.9563199954,47562.6847181578,43848.3399583496,71150.2390983414,67762.4091612124,77954.7656247066,36431.2718743931,43997.6652258615,32549.0820741109,33431.230552614,70590.5452619902,45727.7541775491,38206.6061127232,17735.7029455001,64407.593938383,59035.3696780001,22743.6774051377,45315.875281306,64039.2097415891,33249.9615526909,108931.576710482,101380.687268746,116072.904952976,57917.8147712507,67166.5546470284,0,62795.2601489731,32054.9679643018,26127.7958849411,28392.0139867114,49220.7065765601,67328.7370623674,42874.4375244494,63795.1479982892,53549.6379126367,49298.6916758584,21294.8132884061,49724.4653585938,28381.2371894502,52833.043454307,44230.7948740357,57280.001484025,65121.1624300987,50801.9451728974,78448.3383743627,34295.9681665177,101218.47603791,45165.0286646824,50968.5858969562,48365.5335615589,42827.1058412335,31083.2000786434,59920.2479257006,98377.1813627604,69667.3946894602,88454.6787628922,58423.6891366531,65742.8066554849,69092.920511199,112845.887051683,26448.7953812031,61215.5332281194
TCGA-A1-A0SG-01A,72465.570899168,76041.5433874046,60033.4942586595,86373.3044004614,88634.109960212,126492.23734641,75093.4514635613,78073.757547034,112520.668272044,61901.0977955202,71796.1887785644,68292.7290315454,59419.6097507504,54815.7524003582,85332.31666951,77542.6564152301,93286.5567633435,72671.5319114032,72197.2127288374,54048.1277993428,49569.3959807975,60991.304312967,71518.2042225004,75175.1492648243,63578.2407096808,111141.087425064,49786.4775006245,89747.390155501,66106.1053079968,60991.0555664637,73598.8810196016,56963.14892321,48889.8507403705,79856.1843768527,68419.6572663166,100578.812067514,50437.3499628951,84033.3966849079,66777.0075464851,57214.2246961296,49691.3624782453,52455.8475051861,74764.4177082782,57646.3291322499,44118.9676790673,54719.8473202285,65106.1573123161,74621.161642338,50780.019903931,49820.2250350669,64232.9274233578,62172.5054616275,69333.3940690871,50260.5733045898,66357.1670203145,70143.8881057839,89622.0270242528,60164.4701361462,59804.770501063,57142.1241254448,91371.1664189373,42280.0579224938,57340.9984003773,53377.7927164856,52088.4353788056,68238.3370677884,85057.0088666354,60318.613771117,33820.5234885167,49329.9886304897,48287.4987262897,63692.256032614,56536.322151209,76037.4934767188,72029.9889066302,46287.4319202019,57230.8623034546,42382.609556278,69178.064377439,58241.0769973962,72260.0634012991,95163.9848083897,49195.2295601917,72447.9477281158,129752.898781687,121641.272375743,52358.5918632311,79101.7921698848,62795.2601489731,0,59404.2457111393,49425.9198893308,52488.2365267487,64619.0522275786,46779.7553181358,50885.8577861536,56363.6548980008,62506.7500081006,66681.3934152282,57759.3369056744,86128.3924151848,57979.135229822,55668.7894894415,43818.0630601277,51535.1372755645,81306.5097791523,57791.2937620844,85931.3471385232,54012.8281007134,86702.0869490952,58590.6469897169,61970.4366860358,67958.4442379167,57275.6625119488,49038.5369217367,57301.1111882213,70460.1947976029,65139.1863686042,72132.7028169682,67853.7872235904,45372.6779359025,65818.0889300264,95611.6530397101,54130.7617519532,61091.0052250003
TCGA-A2-A4RW-01A,42102.7421193448,42818.6674134377,40331.0599409609,64467.6874007185,96206.0474115515,110224.158668097,53243.7556553951,46330.8222387173,97071.6345080002,38689.29123518,36826.713886622,71558.4448517062,46017.9448261249,41033.3608618573,63719.7132928497,74797.3484127142,68351.5151585906,45728.142091208,45962.4953448505,32251.8929707034,55638.1046365952,78993.5857471543,73069.92754632,45069.2358070308,46382.4626362131,131851.348825912,32261.2175073239,86936.6264819232,45505.6615092385,41832.4644514047,54370.3011149813,30143.7124626372,36712.3281744402,46562.876515602,55962.8722755514,73491.0670031999,29868.347806839,84578.2811583707,68965.0170427757,49226.3814042324,67296.2613191774,49530.8966341957,91079.440137704,50500.7738500896,35427.7922132357,48718.1693932966,58706.8662527198,59085.4080353127,40089.9130659791,29954.2282325049,71007.1444990678,30065.2176078165,83233.8091185916,38910.4352317368,85486.1194978863,84532.0626293756,63077.1370942945,91434.3771213915,51105.9355150094,46358.4092538609,83381.1175016918,26960.0205501604,53252.7710192367,35649.9004417426,33672.2194548975,37163.4694602918,53600.1794285601,60447.9404469262,65555.484779506,34360.3634765569,37661.4321261679,31688.394193398,26096.6509424344,56011.629818628,36605.7224110182,30656.5782259339,31784.0356957507,48889.2676418141,45715.4635600977,28480.8264149225,50786.6988655573,59718.2354388147,44419.1873628665,96935.7963904427,80660.1518213182,112438.804185221,49557.8281826941,49715.6256300036,32054.9679643018,59404.2457111393,0,27585.4200480481,33176.1582018523,46287.3832122763,55541.7242094547,39874.3984878889,48885.4275199896,40284.6529648419,41861.7690212078,38858.289907506,40422.4523123031,33297.4761299045,38351.1991379487,39251.8304927047,43657.0161861964,43648.0144254104,44526.1291057704,70271.3168920717,40238.808681216,90730.4138728756,37717.2843868163,35496.4329284749,39828.6016089894,36606.8755034164,27948.5069887754,61056.5177335104,81480.9951094013,69468.7043514588,70212.7060306963,42987.236229128,59220.2109319891,59161.6875504301,90046.2377819602,28010.9430202866,47010.8698979861
TCGA-D8-A1JB-01A,38224.8758202749,49696.9668388009,37904.1281718112,51541.6694917101,85310.2378074654,99596.0952525023,42051.0133731415,47021.5230393798,95749.7036667049,33175.082452728,48696.2557126908,64618.6563221016,39656.3621772579,30837.937278183,56497.9518523549,72324.4500938324,60337.0391501558,38760.39495113,38473.1955923116,21231.6144416523,46062.1855367505,68783.3175076086,65275.985450305,45906.4688165169,40694.6293612503,119568.743083521,21432.94427205,88252.8965775638,45679.5496873537,43007.509564046,64839.5843535777,28341.0955011352,35739.5531929597,38771.6977274289,55811.7210744622,90996.4362592724,27079.4457463377,83398.7443432479,61791.7658095447,53447.1504363157,64440.4244304834,36598.3182750281,97294.1796533084,51901.120267324,29120.2802743624,51238.4384655258,48388.1261905905,68052.0106615776,33567.5596710595,19564.2119562357,67620.6026631071,32467.8382289843,83706.4531377149,36176.2324814642,78843.9597256363,72140.2474609324,74284.3811393288,83189.8060907707,48886.8667907698,44641.709514994,95805.7427238259,21307.9548139485,49378.4214336292,25103.8338669426,31663.0549879483,43776.3988607077,72103.8510958442,63370.2995665781,56173.4338957512,26767.9890187061,32267.2821411422,24269.5303918784,26503.1895064262,54803.2189954066,40102.4288009718,27399.5139511352,20714.5102864206,46790.9718824681,55781.2679290947,30618.2607224492,43038.9155073616,66368.4112912367,39650.7434911476,95854.8473686002,95101.250159527,111350.216229188,37223.0806086957,65097.2348925651,26127.7958849411,49425.9198893308,27585.4200480481,0,27983.7282671715,47153.2659985208,51178.7655020736,36230.0254591995,51227.3460144352,44468.0692107333,42047.7979554483,28480.7937335762,54099.9294859051,36264.1211677086,34685.3361072102,37541.772570857,46195.22579482,57919.679477867,44606.5646362436,73482.4175181431,37920.8901147811,85451.8928051007,40586.05638886,46362.5063650708,40248.3674234349,37784.1402537072,25474.7751394644,58319.6386418299,81465.0553830418,66568.2890750036,73914.6701566791,50551.8583269958,46592.8053571073,57446.0549653671,98675.7522703861,26437.918908033,43420.4190556664
TCGA-E9-A3X8-01A,44469.6752686973,56409.7614998667,37252.5158865649,58257.1354659361,97241.6925953505,112952.007376078,41523.2083578541,56187.0379567356,104449.02622936,35008.1176684037,46105.4064240674,66640.0559079234,37133.1316707871,35792.4680006621,58140.9325047778,85669.5483202285,67781.850571422,43375.0195605414,42403.2507438542,26285.1836323903,47655.6528639988,71002.5895819532,65803.1630365784,45689.5403715474,42673.4145516279,130356.366499359,26076.5589858342,94769.1989403576,45093.123207936,33452.4988032067,61045.2332446383,30603.090236024,35324.2633636662,43659.2087452544,50948.4533046611,85980.446620985,26851.487050824,89337.8943450747,77442.8968158567,60835.8274137632,65666.6636328559,39427.3236491739,94045.748858223,52840.5185149266,25346.5762639299,46675.55372456,49013.4699824368,76057.751523383,30369.6128551537,21566.9643682788,62093.5363044031,35499.1025152999,95536.6767804478,35329.5441303002,74358.3543188036,89881.1526104863,56868.1271559006,84210.747861251,42314.1196490722,46115.0312040161,89621.9574131463,23448.8638346393,51848.3718445642,26275.1896664916,38640.5082365294,43672.2401347044,68741.2789910903,63075.7291845402,62469.851897055,29789.1252335854,26565.2681242702,27962.2727411373,27378.547536938,53777.7522919501,38211.7853412636,32818.8220606621,24089.7077430406,50417.7414027666,52446.8287861557,26509.4278679179,49304.4571438236,68981.8014297062,30593.8725011734,87954.1467649322,92885.5020085336,104483.020134042,38050.5160222397,76838.0364553711,28392.0139867114,52488.2365267487,33176.1582018523,27983.7282671715,0,40987.1919788294,51357.9532075616,31684.887668272,53197.0024326115,41994.0832398172,32555.4100652769,28020.1214835116,46070.8255521662,32883.00408781,40134.3294084479,32463.2416311715,33337.8843861314,64391.7785583067,34936.6684572159,59450.838683088,44533.4647277332,77675.1284940401,31776.1761774832,43007.7985796338,41451.9365916451,33038.8386160717,22707.8346969884,66479.6918938731,88976.0748056673,66839.377636274,77441.9785155751,62407.6668685845,55318.8611297895,58790.6505711197,98024.7102012769,25965.8352121199,51689.516427891
TCGA-GI-A2C8-01A,69366.7920311583,76911.4204968886,51785.6510766291,85247.2110482239,115940.95899087,143445.697087698,65779.6360710901,73613.3224009388,120811.847238827,53294.1052585213,51449.8088713059,81911.8192342327,63493.7690053242,48931.3363321307,79669.3869435999,93914.9725847246,84894.6657172749,67715.5640983377,66458.8161097483,46025.0485170942,63416.1385120521,80481.6713363902,77964.327580723,67629.4886946348,60564.2344953042,150546.875346396,48555.125167214,98653.2634231067,42438.0375127711,48994.0642055776,62947.5545590722,47643.4931596407,43228.024264727,61400.1934539388,51161.1296168465,74909.5965743709,45026.4014608075,82774.1702359493,95541.5197444383,72245.3586005351,75715.585001985,45611.0964897209,95674.1181731624,56815.0201686836,38510.4049625177,55715.3021030269,68519.1036651403,78995.2062025156,44501.70583856,42547.4229740953,76005.2680505791,46563.6664477809,106796.96495801,50260.8782255514,85929.5824916173,109388.80199347,60317.6146061207,89098.7496884679,65933.9982646411,60349.5705868847,74872.1084063416,40121.614092944,55197.4889468621,49454.8719128862,56588.1071602496,48523.8988730965,69074.8945321288,69583.5800180503,75770.840767583,44894.476414048,47738.4184725099,49522.8681614185,46583.0684455356,59210.0085197105,47897.8731810759,48574.7439019861,39552.3970048628,62425.8520027123,50203.9833759232,44503.4789793479,64960.9712989682,90076.967710541,45014.3422682111,83815.5017215423,81855.9314855361,118668.232202113,55343.430196888,79315.9278427657,49220.7065765601,64619.0522275786,46287.3832122763,47153.2659985208,40987.1919788294,7.27595761418343e-12,60574.8274906811,40201.6034739985,56302.6069178981,47561.3032536282,44863.526905055,54538.0793273712,57772.9192259061,43823.3377345409,58371.1731545232,51437.9494026141,46825.4390362543,81256.2241758568,51783.1772171045,57309.7093886755,53188.9559975469,80658.6913562064,49993.1645427162,56809.5810966179,58409.8200895457,46633.282672132,42864.8207389583,70661.3863214203,85305.75878193,74279.0062896063,69851.0146803962,65041.2678363256,76898.2538613586,76058.1146577833,89962.1991010312,46133.3571175154,58086.0868953712
TCGA-BH-A1ET-01A,68806.8435398632,75199.5556258222,51854.8502789716,86728.3408884993,103609.796194877,126926.310537133,76823.3654103444,70357.5943778915,121040.136027556,67616.1514069369,64975.0485984039,81865.3853512968,68937.2311898674,61299.7372747081,82197.9777162328,78316.1497889506,93344.019345121,71692.0794238781,75756.4029368116,58313.9268767704,59504.0006382192,75296.5421367798,83838.5706522725,70456.5846551998,74164.3639871513,125871.681267082,45284.3694806599,85865.2004303037,58444.7511534555,51851.6139597547,73714.5718412308,47387.86538048,48154.7111913152,74601.8985556126,62400.8935914163,85616.6537630656,45202.7633111872,73895.8415929791,69171.6822368149,58654.1844222627,51897.8234580462,54012.8596122878,62124.5971330559,55061.4452650684,48958.4395232864,51829.3346638467,58763.9680951165,73418.6668288144,46047.4881969969,52499.9125235676,60200.3593416594,58376.2518592916,74111.5883749231,42844.3497985395,69280.3383774494,71539.7177196008,79104.7827414612,63888.6840937538,46384.0091119804,55020.106583684,84825.1140587564,45902.2080000945,55799.6331832969,53693.3037790431,46234.8079524609,61451.8789195208,72254.1541570356,59449.6078799756,50911.3281166601,47423.3799566759,45279.5253701914,61517.8199312843,49894.2309887712,64294.89864122,68181.5531382918,44519.9235982294,58826.9432900331,38519.7419289362,64096.2203373948,60343.0607884842,76033.9270555878,91019.0419292639,51129.3035657746,77058.6332315253,117144.583239362,125275.148031671,42820.3004061617,72397.5837516911,67328.7370623674,46779.7553181358,55541.7242094547,51178.7655020736,51357.9532075616,60574.8274906811,0,47531.5709459972,50191.1192230929,48244.0506833647,56998.0259515826,61385.6746460251,75681.2971136591,60814.4663361124,53458.5471670057,46392.514571868,44081.7944708457,75539.8586069008,50595.5642385452,79720.8306838199,53494.2102124875,75410.3668870753,48106.0784527529,57222.866791816,56371.4962824628,49862.290755402,39603.4198850422,60991.5383121618,72408.34592959,73715.2963086791,73825.8778999129,66785.3227767772,48763.1228286503,63266.4573505669,85113.0312007006,54465.6545216633,57136.018455148
TCGA-E9-A1N5-01A,57616.55897298,70174.4354309824,38953.76906777,73403.4501308268,112422.192478255,133132.42257528,56967.7643689148,62441.7961573027,112448.348599984,49609.2467568192,47734.8802014038,77526.0013732326,57191.8958174298,43093.6395698896,70182.7279641869,84911.1118381639,73960.3552958285,60153.8849415917,59649.9857561534,37502.236038766,61012.5292532707,77389.2219550105,71614.5896103068,59467.7366272529,56583.2940801546,147782.494930117,34099.1025603541,95993.4273063281,37442.3493318588,41061.3100629825,56365.1334196308,36324.6642137223,34083.0407745889,54209.6604554239,42137.6224888089,75524.7715471748,36512.1990402573,80869.8142593841,81452.6210925886,64822.7901795406,57543.5463260553,37753.9350567264,88118.93977183,55492.9613756239,33897.2338733018,48413.6297309178,48975.886346373,79886.7770958073,36251.0530293554,30513.4543631234,66403.4651641615,35125.4543425017,95645.3899159421,34429.6616098309,76922.7977152209,96662.4298548732,53717.4618912699,79845.9396013564,47318.6908603875,50611.1607930761,82051.77673251,29449.1081946194,38473.9071166491,38164.3629182433,45230.6981883577,45149.2389648527,65457.4085609349,64963.2643447002,61201.3091214813,29282.8765615557,30061.1248448345,42431.3376674892,36353.0536410826,47096.4835769754,43016.9202122852,34872.2212436339,30388.3638657675,44117.2473975275,53362.1775862538,39516.1645346346,57418.5653432096,80496.1681638986,37833.3215173805,76018.129116773,79766.2541339845,120695.897865007,37214.0778245498,76559.3108534063,42874.4375244494,50885.8577861536,39874.3984878889,36230.0254591995,31684.887668272,40201.6034739985,47531.5709459972,0,45551.5214027847,42211.7285104059,32644.8908924084,44566.7291179248,53020.9983552416,39348.5118759672,46044.2099606856,44380.2974657287,38665.0017134533,73290.0325075185,41072.2585754574,53203.8894023959,51008.150931604,73019.9156544533,37670.7582753912,49785.2043455286,47640.1426056023,34120.2953085975,30468.0958078038,70614.9878220426,80786.4974245183,73140.7257353955,70377.7026933197,60993.4762059911,62085.3837587988,60160.7708992402,80676.4428391592,36033.3470314736,52607.7225858653
TCGA-BH-A0HX-01A,64305.1601061216,71314.769973209,52754.8068369574,77363.5777140787,101578.52054025,134309.168651618,72987.3883957772,56779.8667209967,113152.121623469,65148.2531630043,53594.3428090862,84737.2006196775,67503.5174603544,61339.809053331,77066.9086866209,79281.7199827133,85204.6839806473,71559.1387765077,71238.5094201194,58182.7955639041,64507.096910592,83096.3530439284,76977.4650443129,63525.8866090234,72090.5431604579,133034.934066983,49176.4998340859,86115.6396153846,53519.9049546676,47339.4034330713,60121.3133367348,41460.7427247018,43678.3711525709,71047.7625948605,57321.0822842761,75877.7714841033,51328.4288694881,67765.8010885138,78480.5676698636,60372.7301128564,55773.2492823753,52236.1852511866,75717.0355617773,52647.3333414195,49066.1264224325,57895.0758098148,69630.5108798273,60237.0274005299,57476.9610219423,55147.5669394152,74927.0942872662,54065.4513168214,72759.9066056791,38337.0367276613,83071.7241355218,78466.2845244053,74110.0111441827,80865.8886976626,49947.9697264852,44625.8613219911,69337.4423894288,45789.8115469586,48546.0459437436,51531.0664130598,41761.5406822989,49621.5576203632,68064.613051002,55282.6948898255,64336.3346929096,50233.0030039814,51626.2087044486,65650.4231875393,54311.0327092405,61001.2320996155,62531.6855670465,43000.5885725596,58673.5378556333,39972.0414995995,51383.7630949951,54287.8324023795,73534.9529695702,87944.8873133529,55371.3523987199,77147.106714767,95995.7093759682,118868.297377241,58597.2940326206,61144.6162966727,63795.1479982892,56363.6548980008,48885.4275199896,51227.3460144352,53197.0024326115,56302.6069178981,50191.1192230929,45551.5214027847,0,46727.867174171,58341.2856948313,56505.962127216,65362.5123329125,52268.6526711128,57524.7244522062,48583.7950969572,47691.1175376115,60035.5147686255,58778.2094674611,80210.0401135396,48989.3162621795,90785.0730413964,44199.3348779205,48326.6900827404,48777.6867270216,44909.4318589217,42161.0161946618,61924.3085716313,61996.2997360028,79359.4786691433,64723.9253566173,55816.4730482104,64920.319542762,62589.8925417542,79331.9721248917,49117.6699281097,53616.2655115877
TCGA-AN-A0XV-01A,57921.466139732,68867.7418808188,42815.063121565,72691.3576985938,109623.369709395,123497.130098131,66792.6565448546,54029.5393960471,114189.171330575,58783.0782226919,37922.0848002839,88380.0629613475,64418.3711104379,56824.1573167429,67596.0142176161,81590.7505296788,85048.9380501394,58743.4677358253,60668.4487143786,50026.8379846601,65713.6379898476,88494.6043913806,81437.1713402424,52012.9362219307,65743.9663699474,143729.466630699,42017.3838883084,91769.1832541029,49399.3744251415,39594.6815419995,60669.6334442892,35371.606211686,47282.9983245908,59302.8524534005,56407.0369474939,64961.7448113611,38199.6241781316,79453.773311141,81240.0040962579,64870.7950869951,55330.192189575,53288.8629605107,76488.9015722328,53543.3817258759,46568.6615471371,46689.6727022694,57833.1362704891,76192.3257659697,46594.1049435788,46500.0564838064,68007.7914809504,42767.0002213968,84131.0117006309,40549.9838975666,83468.7433608268,90431.1700822211,58985.2881207269,91761.3769641522,43106.8922148385,49307.6284037633,73224.1947310673,38102.3255463878,57688.9831481901,42748.8737758788,41044.1524897968,43382.648398948,68946.0564693367,60520.7055426943,63898.9486352048,39931.7375536978,43677.1097375203,50503.1614936918,41141.0762646543,58897.0395153759,45590.3481897637,39965.8699252336,48135.1932317804,45994.447942416,49969.4141658273,45568.7812563769,67012.6142013147,76060.3859256354,53533.5017997939,84044.0452569215,85151.1289883457,108301.565509103,50373.6724059666,68792.6141007029,53549.6379126367,62506.7500081006,40284.6529648419,44468.0692107333,41994.0832398172,47561.3032536282,48244.0506833647,42211.7285104059,46727.867174171,0,43242.4472135512,53604.9003437482,53231.6177262786,49643.3194962034,45852.2646126957,45059.5203208731,44824.0876008125,58931.1585986938,43086.7733185698,59397.6840167516,47069.5094965351,73861.8138951468,37582.8137289067,41887.1521654455,38279.3096129289,37578.3020442586,34694.7611124711,63663.2494223248,82622.5521423587,81242.4731530851,69573.9158820527,59891.2857095615,64431.7944119606,58539.9542954946,84709.1327900254,44579.5677072325,53657.0370722181
TCGA-AR-A24P-01A,59417.5381764153,69168.2247212085,42060.0603506191,74429.3283314674,115005.82551131,130202.795208024,57076.4326175098,67630.7378919755,111193.950675785,56494.0586426026,46534.7543721603,87036.9858709501,57696.955311638,52269.187379643,67892.5781937377,92542.4378826806,75708.591380139,60578.9929076933,61790.5141559459,41155.467621404,67223.224967986,87563.412382458,80236.1482929674,57118.0032913761,65287.7365371885,152945.3558425,39664.6292969622,97886.0611071565,43780.9433266353,46970.2582273329,62406.5110994511,39561.8935057964,43868.4623729233,57673.6584945423,46834.5312013743,79606.9095775734,41352.1554399354,93006.8229455806,88048.8798307731,71932.8338285446,67288.410010072,46429.2018744103,98546.2124605111,65598.1728661821,43598.148762231,57344.6592912309,53509.383806483,87259.0527877835,39157.0709179693,35875.4348586458,71566.9864875915,34912.425494469,105082.76855203,40834.8131546781,81889.4463365367,106189.362692373,52485.3927020303,97031.8157286169,48059.1310880184,58959.5872801038,94511.6965326868,37417.5369983039,49746.0924513732,45881.9612179839,48449.6987961233,54081.2529871991,68468.7785095136,77997.9682055924,72962.4208770181,34111.0844234463,33307.9866905095,40262.1974046994,31863.8478510062,50317.2581274842,40829.6560949928,42667.2244942327,36220.4362001937,57542.7760250582,57269.5557613675,44915.6800960176,59990.8634027172,77031.8686256461,47759.2836284143,83002.7374490399,82273.9553029743,113790.812149229,38845.2306668285,86823.6715888435,49298.6916758584,66681.3934152282,41861.7690212078,42047.7979554483,32555.4100652769,44863.526905055,56998.0259515826,32644.8908924084,58341.2856948313,43242.4472135512,0,50377.3366435421,50052.6332747837,50102.5569977771,45504.2680104016,53094.9892247767,41513.8385289136,76605.5364266316,43093.7050894497,46774.5162440533,61833.9040975124,73495.0741986464,37812.5469030285,50869.7187471438,47570.5485639259,37595.0703376385,33690.5840435034,84995.3915923738,97930.3964565958,79284.7452857504,80861.0729095427,68270.9901620152,70711.9276904747,66877.7193309284,91232.9324134488,39883.4810434428,57531.2120431907
TCGA-AR-A1AO-01A,37408.6559614595,48392.1531242252,45369.2514191073,39689.3518203685,88250.9863256089,113666.457546943,33135.7619869295,50408.7648018066,96204.9834064508,26236.572032079,53420.3773835043,63152.8191629479,36330.4415068148,30881.7742268511,45922.34264565,90023.973867124,65716.0192848964,33166.3883861461,29349.8721662677,24075.5004667512,43297.7988011527,66389.2859413037,58966.5348990042,38510.8933841038,37057.4453384589,113426.480114375,21882.5460162695,106968.980619621,62588.2188151214,34999.8332164333,77690.5425619811,31331.1318935925,44292.8639144246,26514.4163315271,67923.2595655816,106668.845585561,35209.2031715498,106902.660731886,81449.4541983497,61349.0456614116,71032.4782296994,48357.1916626538,112815.830393477,59956.8377467751,36027.6147334142,66013.83950209,57021.7874071119,75700.7624361092,43652.45071372,24118.3286280391,81156.4672357916,43352.9954744428,100822.711912285,40243.2057861195,86014.9426451056,83762.1969704208,86208.0817460685,88214.439775625,49429.1031720826,44053.2791452222,106058.432952564,26165.241344974,64243.6702668621,15994.2555217863,38526.859752171,49093.6222958345,81572.0831866116,63953.0748212359,72246.8002475818,34489.6189163295,43402.690061776,34838.6418543179,39519.1219727839,75835.4671303871,51480.8774390129,38595.8620316442,27032.5851642385,57743.0707568841,63147.3075091955,29999.8954075106,44988.5310431494,63163.9151940823,39708.0839520811,106205.200981386,116289.86181861,103801.189915906,53001.5627823805,80135.8068283965,21294.8132884061,57759.3369056744,38858.289907506,28480.7937335762,28020.1214835116,54538.0793273712,61385.6746460251,44566.7291179248,56505.962127216,53604.9003437482,50377.3366435421,1.45519152283669e-11,58677.6371198997,38470.1158809305,47771.5938803089,41101.1983577464,52665.4442969584,59293.5779045747,48056.0244561131,84738.0419567087,38492.0638038102,99742.8104088898,37492.0777677597,48558.7437280173,43186.1303706356,36219.706594161,23755.9496653354,66204.1799211023,93882.7853357609,67206.2481161595,95229.0995755363,67151.7937219998,59421.5704992164,62008.3498472468,119607.985433063,23509.37709504,65953.9777728887
TCGA-LL-A5YL-01A,70887.2159164201,69838.1146045115,55983.5154490385,84859.379861378,135168.267541328,154570.007397876,67911.9522165652,66302.1977946066,126501.259268788,57061.5083356218,50644.3514658789,100116.326141931,70932.5997116967,62539.2939900006,79202.2111581932,107613.613049903,99057.4224281765,70538.9048275832,67399.3744943115,57318.7286278629,82196.1281837355,104766.648235658,97654.2818325029,59542.4852925835,71077.7893932252,174947.980619262,54151.590753845,108308.856245099,53534.2343388715,47507.247336251,64320.6194799359,49051.53484281,52982.8141790924,59726.711066811,69298.9926605713,75723.9726264481,49483.5450629656,97498.1106884496,116147.33292518,83138.7009257967,88758.12647087,67736.1489755536,108865.828627227,65154.7356646822,52385.5904073184,65969.035521936,81709.2596414005,76221.4013269039,60902.1847197594,54164.3711955675,97148.5076089828,48380.4582881084,115445.888580895,56852.5648602316,109048.440013756,130343.050358609,60613.3488016901,112866.611312029,65351.7674169944,60108.179834777,87329.3448339639,48593.7136613518,70721.5309111985,52105.5875985179,57509.471226719,49030.7111016865,62003.6465551032,70217.9254472338,98629.2353522469,52715.4422958634,55758.8045677832,60407.4330399001,44835.8503261426,72611.0232465482,38129.1929716918,50482.439278392,47441.7375971752,70996.464812007,54910.1270257196,39207.1845484946,76956.0081259778,79159.2938040678,54849.0987499667,109725.28775403,80915.0272607778,124089.789090883,73446.2838823151,77953.3181859397,49724.4653585938,86128.3924151848,40422.4523123031,54099.9294859051,46070.8255521662,57772.9192259061,75681.2971136591,53020.9983552416,65362.5123329125,53231.6177262786,50052.6332747837,58677.6371198997,0,44651.2754269389,65202.0101654668,63323.6991827342,55953.9380545138,66274.3449724796,59562.9478163592,68695.7952259487,60519.9543591604,102230.40012523,47251.9266687826,42294.1229061984,47887.0395059692,44804.4086777124,47638.910291135,88053.9951289567,99934.3478372398,97595.6669247776,78800.9105888538,72080.7959416201,95799.5012606652,84180.6884860761,104419.990091153,44794.887889573,70659.42329507
TCGA-LD-A7W5-01A,59334.0731499411,60923.5776977901,48237.5095645378,69744.2197808134,110269.2279131,140198.258602546,52929.6868589976,56834.2510773428,113513.31632481,33112.0762010699,52781.4470977276,68271.44455115,52483.066572495,35416.4120230877,75052.0943380459,93994.546722332,83526.5739331047,55947.8611176496,47213.1041227375,38325.3316202029,53883.3595253361,72044.9040622594,70432.3373810941,55811.8973829191,43595.8197847189,143544.958089857,38530.9776009289,98060.2625229891,51420.9409161832,38912.2123308121,61201.9780671451,39498.1353605836,40256.5818861261,44572.7134282848,58922.0117520311,79923.4682391807,33007.609865333,82252.1106597884,93457.3849861597,65839.8335409165,77533.8700418712,44721.375993396,92629.4836252849,47365.9551451752,28383.9153416981,54395.7954956016,69514.0360250609,65130.2072773211,45755.0392906065,35992.7932221363,77880.9676660819,43846.1770706999,99312.8737398309,47405.9781466689,81687.6170640117,103095.908621277,62132.1740332583,82068.3733029204,60755.3710600418,47136.2045514874,71655.2102488384,28823.3138042291,52147.834792097,33718.248199321,50396.76012987,35768.2065987481,56698.5965631403,56690.9097181405,76231.6652360259,42114.8595486829,46404.4095503675,47443.0996074694,38610.7364134097,64130.3076585565,43761.0365574468,41823.8362624348,29277.1970789262,56450.5516958397,41750.6068187422,22891.2296266531,59639.7408097413,76399.1861409838,31045.5053388525,90659.2977997727,83043.9456287739,119103.971992571,60331.8859196004,61714.5278853338,28381.2371894502,57979.135229822,33297.4761299045,36264.1211677086,32883.00408781,43823.3377345409,60814.4663361124,39348.5118759672,52268.6526711128,49643.3194962034,50102.5569977771,38470.1158809305,44651.2754269389,0,55575.2842355968,42744.1550083335,47435.1459306503,65144.1180475729,51319.2102346052,66973.1738443833,36943.5062980655,92002.3629539665,43727.7200744793,46167.2719345992,46937.1592615074,39940.4749440501,37493.4442778808,57505.8521652275,79477.0715422109,72542.1104290255,68157.9454372453,57919.2355620744,72749.9201307811,69204.53395203,90398.5647977777,30559.9090382251,58039.8971581671
TCGA-BH-A201-01A,44697.64725362,53460.4709245253,43598.7248005907,66163.632413186,91468.1683444005,101295.14237329,57927.2826382968,58454.9597967149,95807.1001789646,58849.4337728938,52822.7584407768,79775.5859569621,49164.0075205625,57888.0168763643,63311.5883484538,74093.6025959637,68123.916928055,52217.3579453337,58690.802543213,40839.0631015821,60627.6011749819,81938.8732509761,74162.5058910189,55075.4769308602,66617.992687997,119679.252221314,33009.8671119628,88987.5264419842,56927.5236880313,52279.0575372733,75344.0146321517,38121.5345704593,49725.5716596711,63533.9330160932,59236.3847787878,90263.7693077428,44131.0904642882,93169.4114415019,64862.6436411901,60256.1201071391,55379.1718193899,51978.9919343762,90310.4301067067,67456.9195223282,49268.4315289339,58558.7933470728,50428.6427985603,80471.0406330447,42145.5138299454,36357.5867387003,67949.4389101516,41336.2082677546,79597.3232278838,45304.4094816225,71820.5353582052,76875.9441920736,77929.3812388031,95658.177225875,44860.1306691486,58759.2128979738,102003.789976465,36624.638147824,58902.7910113126,44536.9965981734,38954.2557600032,61126.4027573069,77238.7504550884,77626.4692887269,55885.7007892604,34109.6919978101,35355.0032935095,38429.9166476969,32992.3252982481,66540.511275499,53350.0055882935,42172.0142657009,45633.0320495456,48418.0973320205,62862.1370986471,51254.2801732102,55344.7098744847,69933.8693468789,57336.3627034906,88472.7605883266,109380.72401434,105660.470115231,37309.5648573624,79954.697307444,52833.043454307,55668.7894894415,38351.1991379487,34685.3361072102,40134.3294084479,58371.1731545232,53458.5471670057,46044.2099606856,57524.7244522062,45852.2646126957,45504.2680104016,47771.5938803089,65202.0101654668,55575.2842355968,0,42518.4518294264,44156.0882574625,64617.2422092645,42046.3193463279,75105.1309304896,59490.3677469635,74666.7009195997,44108.1294625833,48366.6906965428,46410.9899987681,41352.1695457185,33460.8320906524,71947.8944534073,96017.6472913991,75333.1730926203,83019.6205811484,65012.0044768454,48933.2592339938,60057.2775607564,97161.0001181769,38023.697567168,58603.8979547086
TCGA-AC-A8OS-01A,50543.2587159369,61453.8287636131,45138.8103674589,69289.0135788819,93216.0080385479,110139.549776306,60833.9583424024,51648.5791358429,106129.716178373,47527.7392858869,52037.804699257,65819.8160680998,46576.0773791825,46813.6439569054,71139.9849669785,70108.4018548438,78008.1628148367,53563.7505685577,54435.7112989206,38943.6779464682,49434.9788147552,71411.1974399853,71354.2785232845,57642.565540904,50865.4386625954,116272.709684903,38166.1137606754,87060.4038442528,56384.9500498069,41555.1777211315,65495.968075434,38175.2244987363,41526.4882803774,64490.2052437879,58861.33897819,87018.1160597328,37070.5093086913,83945.3125495089,67582.3778841637,54450.1150418075,60258.2772292995,46572.9938401935,70869.9238340652,47667.2373494632,34360.6536616652,42321.2998667249,56180.0284088006,67822.4172775771,37825.5890481247,36662.6832765112,59272.750957002,49098.0734838524,72520.9014600033,40433.4229755619,74007.08615675,69532.8399995799,70402.4988927754,76447.7245713985,44603.2695063828,44882.1097497619,82761.0522493706,31555.4145169613,58351.3554131638,37737.5840404686,39013.6886227305,47587.1509522929,68349.3436519545,53278.8723795484,49399.3108467405,42745.5140885824,36368.5720923412,42375.388170348,38997.0185288118,65180.8305171281,52148.9277148803,37722.8207268671,42490.0723880996,43786.2163456095,54806.7722142538,39210.611005267,62644.2402331217,75275.4794750689,39412.3071226887,85184.8749088175,109878.823130732,110211.574869671,47159.9513521628,63894.8611807494,44230.7948740357,43818.0630601277,39251.8304927047,37541.772570857,32463.2416311715,51437.9494026141,46392.514571868,44380.2974657287,48583.7950969572,45059.5203208731,53094.9892247767,41101.1983577464,63323.6991827342,42744.1550083335,42518.4518294264,0,34206.9071691055,57215.4722018417,43414.3886212639,75504.7298987157,44985.3692414609,81314.2244909029,40929.8250123785,42396.9964927349,45569.9709813396,43745.0650450804,33526.8306924584,52136.9599679359,75944.3879693199,68255.4212509279,73008.946496087,58370.1856190428,48455.5764694915,51375.2953061938,92345.8085114629,38930.5708850674,51940.5360764446
TCGA-D8-A3Z6-01A,60612.8557393263,71961.7976820025,45670.9570693685,82088.6175021464,110251.699581206,126070.327079163,67980.3255020349,62881.354232739,114644.97183004,61675.1843372447,51777.4501905712,79278.8820825288,55684.1512130443,58362.9032447004,76622.1645910375,76514.8059600516,84179.1598737896,66891.9512518629,69627.5347869837,48165.6282189558,60404.7471880787,78603.4474734668,78343.2478172832,61913.0904911952,69188.7787955996,135726.080591537,44259.8068747218,86041.0872269936,46453.7755199948,42378.2775452,58815.0754489354,40273.0302595063,39869.2617971087,73284.9177022092,46685.4871882144,79861.9453226086,43682.6851855927,77839.6411038009,79319.9469599565,63975.6733962146,58987.2459817985,46439.4845652349,71063.3487085967,52799.1445039474,37738.7602662246,41681.3329438142,55752.4380896712,75970.9085034666,39480.4907064571,43476.5601383241,60876.1031016016,47314.7596767902,81162.2460662785,39573.2337089998,69056.7823529228,87342.5811156138,53362.9763887379,77657.5783875782,43311.0989776237,49690.731793519,77711.9501618638,36611.4441742276,47593.4796778124,48985.9599418648,42739.825035898,51120.9519623183,62570.9114206537,59768.0616241881,56350.0627630822,41302.338627781,32455.9746333822,48865.6724508099,39215.1677467508,55064.6164843439,47301.7407899018,40861.8103908391,47789.8235738559,41494.9164641293,47752.4339728794,45830.2397594062,69260.3270935541,83324.3608992641,42324.0404624543,70214.9876664673,98541.2378147032,113648.454051043,40377.746445753,77917.8727174244,57280.001484025,51535.1372755645,43657.0161861964,46195.22579482,33337.8843861314,46825.4390362543,44081.7944708457,38665.0017134533,47691.1175376115,44824.0876008125,41513.8385289136,52665.4442969584,55953.9380545138,47435.1459306503,44156.0882574625,34206.9071691055,0,69112.4975200511,44138.577128188,59982.2945025157,57765.500962166,72872.8847330835,38673.784949941,45613.4997905612,48767.4153466978,40306.5236538576,33352.5818124489,68184.2822600688,77731.5201652512,74258.4245231407,70136.9747872646,65340.036615769,58802.1270079385,60106.663595907,80197.0765718357,43471.3437232934,51408.3703364565
TCGA-AC-A6IX-01A,62120.8336479588,64682.1016115256,68848.2228703206,73895.9692511237,119989.537684298,131105.361180873,84871.7462239866,49887.5526429163,119889.527207068,71401.041412918,54533.0639545576,104165.293713788,75830.3179763103,76540.0520934824,81194.6470638213,97218.7542004488,99837.472898164,70071.5496942829,70065.2885387584,66236.4861587236,85367.9461777407,111476.375659526,105080.741385064,59688.005242225,79040.4312458878,145143.257807926,58127.5353965902,114691.379326069,81603.6308272951,54750.7598966927,83225.3084681788,48848.4572299194,66040.7748339928,74974.1771958723,90468.0733644436,89906.5976772158,61569.6185466077,105161.170696779,90708.480657163,67600.1740412719,77538.2224680571,86224.2580987425,93853.8467353974,69182.2186139008,74052.2720169926,75091.422393867,85152.6533417367,76844.003623965,78320.1882762168,63138.6372050481,98617.4697963472,62037.320661289,74666.7346953721,55999.9823085529,113525.897580941,94080.1694111034,98911.0351455211,118107.980898649,56762.6362860824,59805.9457196201,97344.4175303157,58888.8174576838,86649.8465434881,55107.1168786627,48942.9147479466,54829.1113867462,78763.9207159542,64674.469871206,88494.840513355,63726.7238325056,71821.4376088586,71072.2152183152,58701.8759492137,90794.0089462397,70796.1752812535,51599.3057909008,70738.1394573853,62821.2750819084,69630.0260218473,56382.6632336546,85276.5071091086,80281.658818462,79360.6109626069,126638.590799295,116520.264436762,134136.156065836,83368.9577138416,64226.879184603,65121.1624300987,81306.5097791523,43648.0144254104,57919.679477867,64391.7785583067,81256.2241758568,75539.8586069008,73290.0325075185,60035.5147686255,58931.1585986938,76605.5364266316,59293.5779045747,66274.3449724796,65144.1180475729,64617.2422092645,57215.4722018417,69112.4975200511,2.91038304567337e-11,70719.6996426952,108139.0400254,60427.3052318364,117208.304709861,48602.2693072164,37481.6322865917,43140.202582105,57629.9868962506,52024.6889553066,80507.2909253009,92019.2950218809,102129.996124142,94064.3701393997,66065.0178686363,79416.5514744945,70337.3488405644,117454.90980258,52477.2109138545,72600.0745514441
TCGA-AC-A62Y-01A,57509.6850693265,62773.1865092997,46499.6886719297,69388.5299055591,102268.966894827,114571.018535565,61093.1101128451,66600.7227637744,107993.622685217,54940.9352495679,54048.6562554584,82294.4053803864,50759.8119890534,56075.4918682054,65005.8543138543,84208.9772602458,79631.3428452741,55895.2191666636,60772.6297819614,46283.793774252,62334.4999592553,79797.3091673805,76979.6462848087,58259.3147685023,65763.5083869289,128509.319784536,39312.145393481,92713.3794435421,54936.504665403,44486.1362873299,73509.781430748,41328.9261028216,46962.778858129,61489.6493408408,59201.6580936259,86451.5728397646,38049.3594955548,93082.6248605931,74855.8729248275,60683.8473817744,59674.4136770442,53884.5910081648,84029.9036965062,64933.6098646075,47868.5896739869,56842.7339145823,47034.956370806,81789.0479713307,43463.8816488289,41604.9843845978,61455.7481297978,44892.6184915655,87202.2276638061,46075.5592192863,70462.8920279096,85640.5505552762,68982.2881211347,88468.1094460889,42900.7840182473,57284.7240405874,95068.276582485,39629.642044308,61029.9009035749,44028.4893997657,47644.7484617158,58408.6301622781,77631.5260543165,68351.5392473896,60955.5203635748,36938.4551880536,39060.190165462,49858.3494401029,38857.0997404494,64754.3304377955,54827.1525651235,44079.6713067676,46037.2913830187,53383.2673412809,62140.3436034097,45518.4779134999,61729.7815963404,71581.79167939,44948.7578985506,87616.6386657164,104934.894298304,108967.645292595,39734.4316001692,81804.3867791189,50801.9451728974,57791.2937620844,44526.1291057704,44606.5646362436,34936.6684572159,51783.1772171045,50595.5642385452,41072.2585754574,58778.2094674611,43086.7733185698,43093.7050894497,48056.0244561131,59562.9478163592,51319.2102346052,42046.3193463279,43414.3886212639,44138.577128188,70719.6996426952,7.27595761418343e-12,69080.2271671089,56981.5529432204,64499.9772300612,41748.5336267174,49754.410836005,51157.0102764915,41310.6324724092,35962.9357914215,71829.0132040485,96542.7195151567,76791.5038766705,82763.359572893,70518.2568297952,52106.7335147448,55231.6689716656,92766.944494049,39827.2760113517,59556.8950052463
TCGA-AR-A24N-01A,96767.1641523167,106811.391632594,65549.4365892549,111006.419131337,147894.989464438,174010.091368136,88028.4921504449,97217.6740727792,145825.271051039,83711.8699751136,63626.7438411829,110480.610926107,89308.6761654037,78122.2655874345,100063.75210758,117447.124746684,112567.665175558,94811.1031689378,90971.3228639143,72319.8289266242,92253.0632518575,108653.590317218,106009.249341988,88706.3299783061,91200.2078146214,190137.843661143,73502.899967756,121919.960748788,57753.6656645095,67166.7561572153,72394.1637162266,68641.18511345,65388.759593598,88169.1264635193,64920.3988320682,80458.3411529811,69789.5240114808,106648.326415944,126088.228339479,105815.490609581,88765.2376707383,68533.3738138246,108693.317742157,79970.2778069252,63654.7889678119,70606.5759627526,85073.8212452904,110249.105071065,65160.1214320571,67782.8461353944,95024.4064250852,60799.2257252607,127839.628503867,68340.711109587,100086.096069501,145560.907145374,56815.0688943903,114512.742801138,77224.3198216849,81426.6955734468,92007.3137518739,62395.6564869207,72418.8195700364,73796.3904930576,79003.9130631813,68528.4110316125,86030.4019526255,92295.3746528617,94803.6434812739,62305.1777353028,60431.9496021266,73928.3519111929,60939.3613791709,72645.5658894871,56043.3315969272,69794.7356181168,61969.3331829816,81920.9621327474,70443.4211755914,65248.8044516485,92115.5806328752,110228.598500011,65877.7109733761,84842.2426390023,87859.8232046762,130451.485031256,71066.5991146485,113260.868908095,78448.3383743627,85931.3471385232,70271.3168920717,73482.4175181431,59450.838683088,57309.7093886755,79720.8306838199,53203.8894023959,80210.0401135396,59397.6840167516,46774.5162440533,84738.0419567087,68695.7952259487,66973.1738443833,75105.1309304896,75504.7298987157,59982.2945025157,108139.0400254,69080.2271671089,1.45519152283669e-11,83212.6629555223,87936.3663463922,62770.8975408807,70996.5386072985,70328.1999097106,58082.6796863085,65571.8385328134,100931.341391537,112143.827294391,104457.490355081,85690.5319730677,94952.8938734919,104064.131315857,94377.7338663213,101161.257367757,69741.6713979491,81575.8373895822
TCGA-AR-A0TT-01A,59802.4823012608,58636.7567778256,46512.4115138754,61962.807553431,91560.1402723959,124372.32781206,56977.4585494896,53950.5802372253,108172.805751612,35870.7755364508,56925.8332848647,69213.6216274292,55280.6098290241,35296.1844226178,69741.5776868647,76101.7371938742,86102.4766344915,49153.5731857656,45095.0571768939,42568.3496721071,46866.046464665,66633.3522883921,68211.9468895852,54938.3341187933,43640.9969755078,120165.550713294,39165.2367823735,86028.0383486431,57564.3118610259,45001.2506473625,68681.2673251195,38957.4848260678,47126.6638219985,42346.5713225499,69620.7485666536,85248.7271125639,32374.282871385,75941.1689252668,73259.4471704284,55156.7862948204,68306.8248854428,52192.0828840541,86936.1038643217,46958.8056663731,37420.7802165189,52072.0403491392,70883.2700236153,58539.2014482087,50424.6631053822,44149.3728939141,71282.0455432507,46821.3900377133,82314.0403036905,45708.6086779393,82736.7086441883,76758.7715336587,79670.963563694,73293.0375646002,59802.8429472042,37225.9879267705,79229.5208911007,32393.822330677,62373.2715153453,31508.8844530475,44141.183542244,43368.1085806457,72594.6634000434,46294.7472303672,63365.0768761456,47390.1623109404,53775.8781420879,55527.7869246593,46876.6178317626,71854.6617119471,57381.3220036052,38056.2697938463,39669.5557779651,49393.7742349271,54709.934149972,36108.1586222369,59878.1158851533,75297.9616586706,41314.0567458774,89754.1639929943,107715.035582416,116968.251976817,63099.4150400768,57274.5050943946,34295.9681665177,54012.8281007134,40238.808681216,37920.8901147811,44533.4647277332,53188.9559975469,53494.2102124875,51008.150931604,48989.3162621795,47069.5094965351,61833.9040975124,38492.0638038102,60519.9543591604,36943.5062980655,59490.3677469635,44985.3692414609,57765.500962166,60427.3052318364,56981.5529432204,83212.6629555223,0,97411.9589321081,45912.5020521891,48913.7093914066,46565.7318422231,45880.5153970043,37718.8908741022,44338.5041399834,75493.8312245967,70369.6230334179,67013.2524315757,55068.5083414704,58271.8505893904,66826.8583460087,102131.681266724,40463.8298792807,57236.2921568082
TCGA-D8-A1XC-01A,103771.851447817,110469.119618496,80450.9343204264,119191.146509471,143925.691898901,158689.354751906,106623.006808889,107860.432837621,148864.456132486,103877.067382376,91755.6079022096,121563.6849557,100594.585549207,98946.6437623934,111107.156717162,117431.420739675,124068.952517269,105395.48010117,110030.926584106,90122.3609978041,98988.8890812658,112861.300460578,117157.660244351,106184.238892968,111073.031035081,169546.150782531,80550.1977859289,119601.12355263,84271.1705025524,82455.7352015354,105821.956120791,81578.5038749926,84977.7874406858,111390.892441673,85097.1550836664,110662.046525167,76765.3945646642,106964.702421963,108656.863507391,101394.159015703,83873.9181312729,84976.693738293,98613.2657176888,95170.661644017,84452.8593805149,87680.1790359229,73825.1912704194,116573.856163555,76206.7502992027,84146.4957244724,86775.3875000818,84706.2504172963,112748.800757629,80601.0884924486,82200.8028270514,119173.929895673,95278.5535114745,112181.166587616,74397.3413518359,95625.5838438792,114489.18931794,80950.593101825,84296.6871922907,91315.8734079497,87897.330212458,94399.7694896652,102608.671405813,102387.605174928,88209.0716380265,72869.4294939751,72970.3295788379,91267.7752630883,76591.0709598184,91171.6481435324,92520.1188070448,83361.2957839811,87381.5493399756,80278.7920047775,90386.0116634881,92168.3127195183,106063.05574079,116554.012274491,82313.2097743827,96551.837799679,131751.760920248,144828.578547745,64188.7372607519,116150.405027668,101218.47603791,86702.0869490952,90730.4138728756,85451.8928051007,77675.1284940401,80658.6913562064,75410.3668870753,73019.9156544533,90785.0730413964,73861.8138951468,73495.0741986464,99742.8104088898,102230.40012523,92002.3629539665,74666.7009195997,81314.2244909029,72872.8847330835,117208.304709861,64499.9772300612,87936.3663463922,97411.9589321081,0,79389.6389565247,87207.1053282325,85971.7987095432,77559.0160852303,77043.1964547949,105403.114527615,124646.185055621,112010.227502438,104179.346088164,108304.013892163,84348.0941128375,84309.8409405507,105723.828883324,85558.4883448323,89824.294532426
TCGA-A2-A0YD-01A,52011.5499874681,61912.4970085364,41316.6151067055,60688.7614282348,109587.704580432,128821.555723939,55496.1092877223,50250.3239783843,109696.056599999,50710.9662555277,38490.5008782807,81651.6916070938,55555.7523344832,53166.2419300102,59330.9538991286,86676.3234910499,81264.9879261655,53854.814004619,52922.5922113288,43038.725665555,61977.7459273187,84176.5369035789,79126.657527124,43360.0229305667,61124.0047403613,139898.28178679,33660.1255578464,99844.8849316319,51043.7511220153,28889.6785622117,59327.5543951492,30366.0499503344,40772.7192956615,50704.5118039233,57012.4042215549,72800.1027859322,39998.9323469807,87555.9814961516,83427.8365050257,60873.3094887239,55500.3590015565,52100.2679089387,80782.396057607,52586.5038249973,42901.6803980017,52605.7243809628,55479.5144306511,74942.5699206814,42472.0868491626,36831.1746034362,68683.4588902865,39930.7299016222,82610.3789866669,34176.4036548023,79009.4633729982,89424.6117673987,60983.1975323051,86521.6255788514,33862.7193290424,43221.6662626591,79182.3792821342,34110.4711601829,55339.5846933364,33259.6051171462,37713.7038517931,40992.0022398198,63483.9136552515,56423.5574111926,69411.7148182082,36043.5298379458,36549.9501091595,45983.9504149235,37263.3975624858,58978.9994166793,44197.9488875521,35072.6271990484,40121.7758963363,43398.668291438,53004.9825998829,36309.4562768689,63842.5433213571,71344.9728564834,44174.6533539895,86760.7609958941,91133.3450840797,108880.473069454,47123.2851169074,72595.5467120842,45165.0286646824,58590.6469897169,37717.2843868163,40586.05638886,31776.1761774832,49993.1645427162,48106.0784527529,37670.7582753912,44199.3348779205,37582.8137289067,37812.5469030285,37492.0777677597,47251.9266687826,43727.7200744793,44108.1294625833,40929.8250123785,38673.784949941,48602.2693072164,41748.5336267174,62770.8975408807,45912.5020521891,79389.6389565247,0,32149.8565690742,30429.0173973104,28992.0124570104,25630.5580703216,69352.8320501506,80851.8416626615,78157.7319199756,76323.1375077126,63046.8895465636,61932.249121987,56922.2229302321,91998.6575462209,33089.8375948866,55232.996203292
TCGA-OL-A66N-01A,55732.1678498096,57028.7459222778,45360.04373564,66779.3738105134,109508.887735299,127612.833752467,65545.6837766847,49863.7879838869,110141.602830601,56624.3540125269,40945.3126935591,88192.4261271716,59434.1563038647,61208.2158937214,66757.2018209376,86671.2051740948,91929.6536848044,59098.9109121698,57747.6972605619,51436.8006987589,68798.8149574104,91269.5664475677,86527.7462705077,45914.9102997793,65511.2506191339,138486.390197263,44637.4744808215,95652.4506363868,55907.4681447667,37332.632478365,62523.6705026284,39913.836339504,47022.2194797631,61058.4419883695,69242.6679547212,68730.5336853447,45928.6559140555,88840.2503669958,84937.0517479398,61404.0918715782,59173.1135075521,65959.0847821333,76230.9719120822,55305.7612495957,51975.905673171,54354.951632374,67914.7169847009,66793.4123452399,55103.6358465051,47040.6276061354,77999.9389056545,45334.0866658962,72338.6001524193,41412.7017894123,88086.4308449581,92042.5091067325,69000.4704629504,95102.3031686789,42028.290050299,46102.4504482515,77928.9847337179,39994.2057899939,66611.3647400418,41997.4784923816,39082.3486662617,44494.6587874614,59697.8367288447,51311.6606775389,68871.4118455357,44472.9295091813,47894.4525654084,56137.3966857938,40047.9127100806,68927.467928403,46238.808402643,39000.3421160134,50573.6197053248,48074.98463436,52332.9530029493,38402.8300860905,70008.5337612682,67606.528004876,54742.6355637858,94073.0720251042,96450.564257676,109349.20799709,61992.7487933845,62254.4440840813,50968.5858969562,61970.4366860358,35496.4329284749,46362.5063650708,43007.7985796338,56809.5810966179,57222.866791816,49785.2043455286,48326.6900827404,41887.1521654455,50869.7187471438,48558.7437280173,42294.1229061984,46167.2719345992,48366.6906965428,42396.9964927349,45613.4997905612,37481.6322865917,49754.410836005,70996.5386072985,48913.7093914066,87207.1053282325,32149.8565690742,0,31601.2479193711,36002.9071211495,37847.8362133958,67956.6589221669,82179.6943468558,85608.4178005507,70165.8008472139,61963.8875294363,67862.5980559337,60897.0607216751,96036.7184873515,37308.308296376,61863.480060008
TCGA-A8-A0A6-01A,54001.4446635538,66475.9760073584,42678.651629935,57645.9904574371,113931.704748512,126862.576402284,60322.3685651071,43500.3859484308,113420.79264019,55691.5040713647,40025.1180764171,91414.7787106781,62958.4011465988,57384.9028953107,63216.2793330067,89140.056229058,86705.1671324934,53634.2895053042,51904.0533341108,47937.0189607016,70048.7193288676,95629.1766546749,87847.6341756169,47618.1391812223,66857.4360075427,145453.289662163,38739.8096984447,103670.132274101,58103.4269125872,34823.1549879807,66520.6104988183,33403.0677105858,48394.6684707758,51136.9350928338,66702.7550873044,70577.5067199207,45135.6741079879,90991.4774130322,89594.5984254341,72066.0835986242,62255.892796902,60725.3840930731,86048.9328526714,57446.4629754875,52831.468809362,57408.6973135228,61988.3851600126,77713.771234707,54590.3933141235,45848.7430104408,80651.9680559445,42358.7043452748,83402.2389339815,39511.6401067719,92210.6130947169,95616.6170141206,65429.3804319829,99783.7699219448,38638.9037408167,43274.6192761785,82338.0317316719,39396.3295843883,65795.5400758777,33357.4580996613,38852.2038305923,40229.0831487509,70413.1183952001,56421.3498699286,75644.269594776,41020.235782123,46049.7157794948,54695.6965909791,40508.3707500435,66689.7987875485,46454.8435899584,40082.9104974748,43625.0292251029,51124.2312690408,54890.5821809729,39615.1646776782,68895.1581614816,71133.6192225074,53391.5342110728,98725.5430309944,90970.8752628648,110392.467632611,56734.7174802154,72776.4445267406,48365.5335615589,67958.4442379167,39828.6016089894,40248.3674234349,41451.9365916451,58409.8200895457,56371.4962824628,47640.1426056023,48777.6867270216,38279.3096129289,47570.5485639259,43186.1303706356,47887.0395059692,46937.1592615074,46410.9899987681,45569.9709813396,48767.4153466978,43140.202582105,51157.0102764915,70328.1999097106,46565.7318422231,85971.7987095432,30429.0173973104,31601.2479193711,1.45519152283669e-11,34518.4040420502,35904.2939799311,69785.6939854256,88118.7089513011,92662.9982569231,79196.3644526891,68146.7976699676,70586.6525099187,60894.5991835565,100454.367694536,38575.6866576272,60417.0049600803
TCGA-AR-A1AK-01A,50949.2657096156,60710.1104457387,39460.9241209388,61700.6257016304,107700.130975742,131077.901474188,51670.3177129774,55019.5176145352,108928.245912538,48455.6574251199,40703.877054747,82008.0642412989,52765.2241719879,51848.6220207249,58261.6771400911,88987.1585436196,80676.3025040564,52071.105164839,50055.933042675,41864.8092502633,61733.1215596326,84181.6174536546,73651.9118706568,45112.8856148089,59287.4147403431,140404.0957391,30408.2878651232,97307.5669179133,45858.4327275899,30920.0446037464,59929.6591428703,32233.6650877502,37633.6003514316,46785.145911687,53427.7852673301,67984.9180852349,41249.0973213702,85631.0219345629,88065.84650474,66331.0792774758,54259.5460152749,48128.6654228679,88524.4073640684,54485.9171099634,41551.7242081268,55518.4790869558,55621.7628165789,76171.2499874758,42760.0829619866,35427.3137347246,70965.6775191112,38525.0978820849,87724.8033294452,34114.778890871,81064.0498695746,96126.5174905715,58907.4926336101,88296.4426088269,39447.7361087421,45468.2367932911,77755.1943815286,31492.8111888696,52964.8252411803,30464.5190887122,38698.4999069869,42034.1561447756,64332.3237784159,59269.1468923489,67928.4876853539,32340.4464731912,37308.6579259954,46082.0454657931,36275.5600587594,59532.1270020716,40349.6551726685,37156.2473613857,37159.0881795527,48030.0031925397,50969.0732344656,34629.6385177261,59881.0220356179,68829.1765078829,42534.0197744946,80300.7363054967,87397.2131733492,103059.349949812,47949.4348736116,75453.3082657329,42827.1058412335,57275.6625119488,36606.8755034164,37784.1402537072,33038.8386160717,46633.282672132,49862.290755402,34120.2953085975,44909.4318589217,37578.3020442586,37595.0703376385,36219.706594161,44804.4086777124,39940.4749440501,41352.1695457185,43745.0650450804,40306.5236538576,57629.9868962506,41310.6324724092,58082.6796863085,45880.5153970043,77559.0160852303,28992.0124570104,36002.9071211495,34518.4040420502,7.27595761418343e-12,27497.4854344666,70157.9816327173,82279.3474476119,79475.2503729457,72020.3827397581,65946.5668354447,64931.7816743086,57805.5738220004,89236.4666630345,31381.7407035523,58476.405441702
TCGA-BH-A0DV-01A,35454.6320142571,46081.3313379019,33214.778849891,51818.347755122,90736.6372511693,107938.367185342,41920.3093091394,45665.7219646277,96988.4713302196,37392.2014661635,40294.0109827969,65574.9214847148,40383.6260070577,35660.1390654315,50943.0168050373,73927.6227224443,61345.9804431529,38109.4532624463,41852.9940656258,25992.5357329424,43826.4130008456,67722.9158547061,64251.3189883395,37738.657817624,46013.2593510015,117885.804016716,18725.4124524718,88004.7880133578,43515.6432208461,33369.5310405393,62173.3836238851,21871.4976681785,34265.4277470812,36528.9695791307,50501.0510440725,83534.0941249628,26614.4435813891,83716.5830995498,64446.05630706,49214.8597562262,51265.8007713062,39581.0012336931,87359.7195680092,49546.407800897,29434.4999702952,46814.96975726,46431.2475973728,68168.7971138203,28854.6766465249,19850.2771432491,60507.3885493399,30689.1198432943,83919.4163221404,29580.3297737696,70779.3341625391,72625.8683732766,65602.3569112517,76460.3467081938,33783.5741940505,40690.3177032434,87672.7297058607,22346.0882290135,47140.3929304237,23666.2330119094,28760.2374892552,41688.4731179687,63603.365040438,57638.7029987829,56658.7833283322,25267.6664898413,26767.1400403768,25150.0221146904,25397.5185962793,53328.440661143,40571.0234808498,27165.3163732358,27425.8691185241,37766.0778140817,51233.4877894382,31335.1620299079,45566.572138515,62851.9543019518,38111.8953013832,83878.0605627745,98182.9663503122,102633.54453705,33145.1543254644,67377.3197007273,31083.2000786434,49038.5369217367,27948.5069887754,25474.7751394644,22707.8346969884,42864.8207389583,39603.4198850422,30468.0958078038,42161.0161946618,34694.7611124711,33690.5840435034,23755.9496653354,47638.910291135,37493.4442778808,33460.8320906524,33526.8306924584,33352.5818124489,52024.6889553066,35962.9357914215,65571.8385328134,37718.8908741022,77043.1964547949,25630.5580703216,37847.8362133958,35904.2939799311,27497.4854344666,0,59264.2997109876,79051.533046408,62052.3462247622,74421.6146863151,54284.682970037,46677.6938460068,53351.014327937,93925.3391208608,22074.2759213664,47084.9706180234
TCGA-A2-A0SW-01A,79567.4346985309,76855.4513957504,64592.7344449614,87174.8758936004,93457.7115541014,130941.683705358,80346.0153918696,74011.6192237339,116020.576437309,57186.9471642631,77920.7903782076,72326.4526454404,72700.3061186877,50655.2673277556,93914.3386620181,76857.6038326743,103030.194462358,70556.9715074974,66423.0668901032,63285.3827774287,52165.3946839542,66035.9759934307,80131.8769520325,81561.7447718663,60103.2942763905,114145.090969727,61485.9945155153,93757.6674423444,74219.1153563999,67851.3138783118,84044.2131836538,59835.2236124097,63101.0514497843,71257.7543326818,84335.7885108828,104353.162544384,47944.6504362834,88293.916718622,78526.0434959161,62561.2769483345,79609.9373126862,66711.0494057464,80698.740347674,52659.0054218873,51313.182710124,62225.0475828424,90294.625171199,67710.7055690484,65946.4063997808,67002.3558059384,74199.9448451435,69672.9978069813,77028.2024691983,66614.0914266007,76974.5143970049,74717.6623218081,102488.904248513,64662.6517789946,75980.7249780736,53499.0947870048,84567.2794087621,51830.5115432859,74883.83074241,57893.5780204763,62196.8193920934,58322.1851237513,90343.7215832028,54107.3080811692,64942.5679152451,71094.7579051567,72212.8837708723,76389.9852831607,65656.6134942496,89042.0140550745,82976.053136871,59005.4574552036,63510.611807665,57011.8924961864,66677.9764902389,58582.2597457508,77778.4757606849,97924.6109780172,54247.1893797558,91531.2370380188,132832.518367311,126004.140882538,75970.700002558,69171.4117301982,59920.2479257006,57301.1111882213,61056.5177335104,58319.6386418299,66479.6918938731,70661.3863214203,60991.5383121618,70614.9878220426,61924.3085716313,63663.2494223248,84995.3915923738,66204.1799211023,88053.9951289567,57505.8521652275,71947.8944534073,52136.9599679359,68184.2822600688,80507.2909253009,71829.0132040485,100931.341391537,44338.5041399834,105403.114527615,69352.8320501506,67956.6589221669,69785.6939854256,70157.9816327173,59264.2997109876,0,78716.8669366957,75348.6343203888,77347.3765535819,67642.9173560342,63384.0484033071,82676.117614911,102698.586121716,63124.8240954172,68021.2005664378
TCGA-BH-A0H7-01A,99981.8993532553,106786.153990418,91510.0738909808,121559.448990414,132232.614111496,170113.291112751,113834.897687674,87623.8025224564,152069.744974273,95187.4701059093,86921.2984011495,101471.308743518,101391.112731652,87803.1417720971,119156.142449592,103890.630639141,126099.396877002,112109.96087,108635.08570313,89755.242703524,85246.5175288975,95508.0173155024,111387.258586382,97646.1165486896,96832.0104142103,153069.721340704,85413.4291201055,110962.250673526,83109.6805687659,81334.8189747235,83389.873951427,82276.4044046155,66490.357262234,109831.767523307,88321.9989551076,104507.344603327,84997.2691043485,86459.4633369222,108994.049347935,82199.4678217069,82789.0005930522,75202.1377504879,86276.7164896517,61583.0074132843,74037.9316697591,81109.1944993173,109111.211125996,78174.598623303,87376.4841183382,90507.0790194187,103670.122310684,91980.199915329,96000.1522757715,71412.93641054,109014.338935561,105470.84499251,104513.432201359,82270.9546207932,84813.0090630519,72352.6414650928,86273.4611252963,78144.6016134445,78742.7900782904,90670.2640454705,69544.4615080778,75708.7988464634,84228.4424176199,68768.6152089927,85348.8537535944,89516.6173587841,88109.4857999997,100536.303149237,90459.0612999725,94065.4917817112,95110.1599882866,73539.2919703027,93101.6917798476,64085.2461710117,78302.0060459619,85150.5082827977,111186.909689269,127734.438139432,79931.8329272639,109018.823572884,123565.511979986,160237.677011089,92714.4042040102,77269.4362220126,98377.1813627604,70460.1947976029,81480.9951094013,81465.0553830418,88976.0748056673,85305.75878193,72408.34592959,80786.4974245183,61996.2997360028,82622.5521423587,97930.3964565958,93882.7853357609,99934.3478372398,79477.0715422109,96017.6472913991,75944.3879693199,77731.5201652512,92019.2950218809,96542.7195151567,112143.827294391,75493.8312245967,124646.185055621,80851.8416626615,82179.6943468558,88118.7089513011,82279.3474476119,79051.533046408,78716.8669366957,5.82076609134674e-11,85688.4433701233,85894.6826300206,77684.9673643326,91633.3979188884,100390.429223042,106613.189637662,86796.4756838691,80251.1807316246
TCGA-E9-A1RH-01A,75427.0095248024,72613.8053135766,77418.4296316218,98776.6307989912,91609.8172838424,132577.626010178,77269.7392674265,89492.4415048618,115771.977175189,62735.6648645825,87523.1408596237,64233.2740258698,62410.590285144,57085.8065805053,86118.0714088199,90219.5163762731,92312.8742780692,77949.9719715746,78800.5190676458,58340.1797942432,47126.3985530311,47124.4737962992,70498.6124577281,75762.428799032,66920.9793078741,109001.313868326,66692.0583399355,98003.4887219866,77520.636369418,82864.670733841,93942.8102593884,73527.2688677239,71377.8038449224,82516.6607731062,87503.5139348226,129532.901206924,64622.9107119143,106650.870649492,86377.836983123,66656.1562979891,88057.2836930199,61083.879582261,105083.218265282,74115.856241626,59003.6568664845,80866.9253000187,95875.215970867,82288.1440082375,63164.3170665964,63085.9625566994,90474.5707511646,74977.6317935956,110473.681717315,76085.7534450159,87077.8587850094,92548.8995753114,111653.950585935,77763.6290936845,85091.1610982998,75169.9263335255,117407.088861484,61791.1423730256,81134.6848341231,75751.3752342284,64952.4159165207,87573.8611460657,92973.3150185039,78219.2953992204,73629.5194615557,71700.2477053112,72205.0452944456,65597.3875995408,68874.2859984597,98052.4171021791,87157.1032927733,68723.4405499874,69398.0493330724,72335.8019540863,80272.2058502097,73075.2823498776,71189.2827503993,97242.1850067205,66896.7918127989,109693.764580971,142479.502477714,118838.609639848,71162.597789524,87820.7754850138,69667.3946894602,65139.1863686042,69468.7043514588,66568.2890750036,66839.377636274,74279.0062896063,73715.2963086791,73140.7257353955,79359.4786691433,81242.4731530851,79284.7452857504,67206.2481161595,97595.6669247776,72542.1104290255,75333.1730926203,68255.4212509279,74258.4245231407,102129.996124142,76791.5038766705,104457.490355081,70369.6230334179,112010.227502438,78157.7319199756,85608.4178005507,92662.9982569231,79475.2503729457,62052.3462247622,75348.6343203888,85688.4433701233,0,101333.754256095,76487.4071603403,72421.3159976396,99440.4988384549,126136.164806374,66981.2882319453,80547.9410503916
TCGA-E9-A1RE-01A,103694.650297995,101401.24307184,78256.0695772976,119351.161057339,128432.77973453,165401.089089896,102424.699831859,93540.9955141455,144689.335859946,88329.4295939803,78416.2142885642,104756.942872175,93375.8433972191,83782.2391216777,112810.206769389,101539.026098848,126900.320457168,102097.524639881,101581.270362436,86247.3377306302,85467.4992702754,102139.014116857,108422.569894048,96182.0300978874,95899.065602,167540.241534603,80839.5093274204,96070.8098754391,57357.8786540551,78883.0700587022,73031.3912487559,74313.0007400862,65510.5516859062,104274.026820112,84279.4440788873,78137.6980865411,71263.1253617385,67296.6686219079,98766.7358446572,83245.9723711858,82776.345022988,75930.8615023327,92651.3701753486,65382.7286334055,62275.3207887895,62344.0291538848,96564.221003335,83199.3470258277,76653.1641940582,80389.3213469707,90761.9461241637,75478.2271487547,92392.2271798069,72251.9115058556,101846.377511255,111482.80922662,83600.8239594533,97515.1095680956,87403.4040268336,75018.7519954809,73024.1246900372,66189.4788901294,75509.161781606,82608.1945666138,73353.9706532009,71507.7172216202,85712.4939462186,69999.491417557,75271.7633078634,76594.6267992839,76315.0194866692,90320.7176285989,74965.7709044298,81740.8313213729,67902.5514537439,62886.8287700585,79164.0438621824,69651.8693318815,69973.1873428485,72215.5654716907,103523.276222939,117592.931431856,73992.4420175696,84939.7783286949,104257.580719999,141854.101802028,84946.7104265319,83948.8385307473,88454.6787628922,72132.7028169682,70212.7060306963,73914.6701566791,77441.9785155751,69851.0146803962,73825.8778999129,70377.7026933197,64723.9253566173,69573.9158820527,80861.0729095427,95229.0995755363,78800.9105888538,68157.9454372453,83019.6205811484,73008.946496087,70136.9747872646,94064.3701393997,82763.359572893,85690.5319730677,67013.2524315757,104179.346088164,76323.1375077126,70165.8008472139,79196.3644526891,72020.3827397581,74421.6146863151,77347.3765535819,85894.6826300206,101333.754256095,5.82076609134674e-11,78029.0252081331,85982.7291465286,91074.0207691525,97804.8154582027,79327.576567669,70861.009254078
TCGA-E9-A1RF-01A,68471.3310863649,64193.0175143916,64678.6490565484,89356.2313315651,102969.562492476,129471.436900662,79150.7856170736,63855.3552853446,95231.7810015623,60152.8117063618,65987.193896073,83437.8793997254,71212.185727084,55835.2780750256,89558.6577986106,82355.9782787532,86915.8739734179,73840.9863267545,73732.5477931131,56460.2030626391,67073.0762269971,85384.2581042606,85806.6172920405,74402.3631674798,63545.0152686388,136123.350053901,57487.0710268931,91219.6407267393,65816.5924366215,68937.0041596649,73028.7206715394,53804.8722820493,54430.5380090851,73458.7410472166,70095.2047537965,95703.5889521873,48908.3721617917,82777.033081619,76175.4817526107,39186.5903868403,84402.8257900055,60874.4209545243,90234.9250110038,59300.7952057489,52562.6488515208,64973.9611425765,81550.1231943061,58331.5542933462,60796.5945386345,56373.743011424,85731.6361667655,56132.3237185845,85917.2240111888,56282.3448290001,96035.8705214585,83112.984547843,89784.1490591238,91083.1389710242,76226.3653926951,62438.2513535548,94447.7416290081,50959.7133448831,62780.831061672,62820.0987554793,52479.1698876279,58049.1746984626,69063.7860541891,71735.7589060771,73992.4021427411,60309.5008082368,61504.9102907708,59645.0472748472,53050.5852653854,74452.2533076141,65542.8993906728,48560.415543222,57540.0892861534,58348.5081324169,59469.0300928083,57582.4453485842,72292.3892379268,89051.4171311951,63677.901055154,104892.581257082,106038.142355213,139390.336484948,69637.1740693323,53346.6777094272,58423.6891366531,67853.7872235904,42987.236229128,50551.8583269958,62407.6668685845,65041.2678363256,66785.3227767772,60993.4762059911,55816.4730482104,59891.2857095615,68270.9901620152,67151.7937219998,72080.7959416201,57919.2355620744,65012.0044768454,58370.1856190428,65340.036615769,66065.0178686363,70518.2568297952,94952.8938734919,55068.5083414704,108304.013892163,63046.8895465636,61963.8875294363,68146.7976699676,65946.5668354447,54284.682970037,67642.9173560342,77684.9673643326,76487.4071603403,78029.0252081331,1.45519152283669e-11,70704.8543268076,78448.4648400039,99491.4555762371,56363.3350008659,60398.4566468667
TCGA-E9-A1R3-01A,66823.0613781545,65529.4329339339,61011.3156032928,80233.4846402708,81790.2115197236,99134.4500404787,77774.6848517391,74743.1121923096,112044.951695095,64639.7648460714,78079.250412723,75734.1579019222,59074.8495168097,61058.6774087481,80916.321367221,70109.7756465189,84768.7880018737,64404.6937606787,71916.4751256327,56044.3962847545,56078.0456957538,71400.1710378763,80802.6872612264,74550.3914716477,69582.3442343189,102763.449636492,46058.9607213864,89664.5317785421,73778.0939645547,69821.7233355149,92312.3929907307,52948.6960345297,59505.8820601214,81513.2494365539,81951.047958437,115547.654494501,47084.3763589646,89831.8336284493,45331.9326058267,51100.1003768322,58766.0530105609,61567.4573009412,80708.3653205857,67843.8960538189,56493.5771786713,62486.2938545591,57045.3337785352,82036.6347779373,53049.1077549737,51462.1321051769,57464.0715842381,62265.8232136317,66906.9229282437,54781.006396714,66455.2338301668,50056.0557712828,107785.861570442,76406.8675667585,57619.5428739533,66010.4495592877,116115.216839963,48752.3801108303,69466.788424293,56479.577288293,48843.2202176233,79519.0196562343,99291.2261017798,72650.4146504266,40070.9088313151,52120.2387057507,51155.0079190097,59551.3054553596,55375.4403464633,79428.0695165345,80845.5852510562,45123.6357737707,64266.2826337634,45618.7435290373,82547.2690687477,65996.8173402019,71080.5135908766,87893.8458817683,60630.9638217992,92003.5169394236,149926.450136918,128822.681844621,44663.8829687577,79797.1029868896,65742.8066554849,45372.6779359025,59220.2109319891,46592.8053571073,55318.8611297895,76898.2538613586,48763.1228286503,62085.3837587988,64920.319542762,64431.7944119606,70711.9276904747,59421.5704992164,95799.5012606652,72749.9201307811,48933.2592339938,48455.5764694915,58802.1270079385,79416.5514744945,52106.7335147448,104064.131315857,58271.8505893904,84348.0941128375,61932.249121987,67862.5980559337,70586.6525099187,64931.7816743086,46677.6938460068,63384.0484033071,91633.3979188884,72421.3159976396,85982.7291465286,70704.8543268076,0,58066.6018131075,110981.82858767,57393.1609915636,58244.7145047805
TCGA-PL-A8LX-01A,74326.4852311073,81367.6016443842,64381.7979781246,85122.6725106664,116162.116893195,125029.960801001,85557.1692081398,70494.4781029545,128633.585364593,72764.3054436317,67323.6031218118,98046.4961498897,72655.4079187713,75224.6989570342,88202.2137510509,92961.0315504073,98702.0046177273,73519.7641327147,76486.966978366,66107.2691873608,81075.2617771567,102884.258374382,98037.4608479501,77859.0905329492,78361.5613770384,144259.035695752,53792.1218924728,107264.506088605,76195.6729696235,58840.2487079369,84734.2495992955,49981.9467705613,63530.7108560222,84497.8575886074,72979.9153927589,94858.4700745676,55373.2617593176,95829.3397576386,80448.4847470514,73257.420905366,66425.7861157043,70503.0277162699,85652.6125345783,70654.95926952,66489.5515309481,68301.605724626,51084.2805314506,90703.1419198172,64842.0421648947,59582.2522474067,73228.6275490594,66291.4910119543,78362.733229693,51141.3675803967,88445.4181219399,84284.346613902,85220.0557395921,104909.651618488,57955.9857808725,67978.050734746,101598.687769789,55829.2302963666,68742.1581569126,56527.8810431593,58526.9207991743,67613.9258380074,88159.2802444731,78578.0812142291,65831.6693630195,54805.9545758707,57006.498774715,70594.2662222136,60088.7406160787,73527.0405712092,74616.8721679895,51959.2063377062,68397.4240326391,56122.2038357719,74300.6545609033,62893.3726092479,87739.2763697103,89385.5438242013,64787.1214750961,100462.786060102,120073.562112906,135834.178119611,59754.6524184824,77624.4184945986,69092.920511199,65818.0889300264,59161.6875504301,57446.0549653671,58790.6505711197,76058.1146577833,63266.4573505669,60160.7708992402,62589.8925417542,58539.9542954946,66877.7193309284,62008.3498472468,84180.6884860761,69204.53395203,60057.2775607564,51375.2953061938,60106.663595907,70337.3488405644,55231.6689716656,94377.7338663213,66826.8583460087,84309.8409405507,56922.2229302321,60897.0607216751,60894.5991835565,57805.5738220004,53351.014327937,82676.117614911,100390.429223042,99440.4988384549,91074.0207691525,78448.4648400039,58066.6018131075,0,94661.7515587755,57748.2963009136,63662.8827641565
TCGA-E9-A5UO-01A,124210.760386074,127864.340618857,96124.9429241072,145416.104144606,162237.073249126,188979.862193191,129098.807272027,113849.490748006,163657.233218943,114818.501978666,96951.7589725664,129441.58333763,120242.445446236,109727.713425308,139492.37617472,122167.651102656,138792.491192291,128457.280059259,126847.700598853,109916.30403859,117145.122351765,127835.139414799,129562.65532031,126131.054038967,122088.913352079,194452.645766585,101554.905921928,126876.087419612,89844.1021268289,93167.517261142,93071.4976497711,89591.4160651875,85698.4224788952,129437.213229761,80996.7741944494,97964.9335768099,89532.6786153624,97273.0011681852,131403.055953736,110486.919929856,102369.895271456,92596.8035991072,95961.5328141364,89062.9752233024,88962.3590093474,92128.2764640682,100405.346508659,107469.030761958,95304.3823467252,103740.674453424,101938.129497373,96470.1103903523,111383.844583017,89514.5034712608,104552.703522647,136362.026933254,93520.0578839139,116879.666826492,97362.3933486938,97053.9992875821,85747.3226139373,90747.9103463853,77853.1139138238,109063.629547296,101386.596316666,83431.6731136516,93332.7889052424,106863.356020845,107106.511962275,94133.6793183065,90255.4851134771,111965.710285783,92711.0246725916,88184.5836698785,98938.4821329821,90633.3332840577,102007.986194664,81124.0698914221,79744.3645120061,96409.5959330133,126536.442053753,137838.680464169,91317.897906186,97751.7457848596,109663.773808147,168458.952008444,93595.0288086998,99063.7388880295,112845.887051683,95611.6530397101,90046.2377819602,98675.7522703861,98024.7102012769,89962.1991010312,85113.0312007006,80676.4428391592,79331.9721248917,84709.1327900254,91232.9324134488,119607.985433063,104419.990091153,90398.5647977777,97161.0001181769,92345.8085114629,80197.0765718357,117454.90980258,92766.944494049,101161.257367757,102131.681266724,105723.828883324,91998.6575462209,96036.7184873515,100454.367694536,89236.4666630345,93925.3391208608,102698.586121716,106613.189637662,126136.164806374,97804.8154582027,99491.4555762371,110981.82858767,94661.7515587755,0,100230.28470012,84724.2642798626
TCGA-C8-A8HR-01A,38226.4069492152,42582.9540185072,39639.4888245966,49084.9796222268,94169.5478561586,115347.296604889,40397.2930621652,49140.8590426666,92789.1582644457,32911.0772657663,46528.5550409714,68691.1166458749,38763.3374001301,34610.9638161544,53246.3150819,85549.5406658361,64936.2639148068,39509.384936143,39583.135956588,26069.8128860963,48427.0291059853,71177.9265526663,62636.3860742764,39786.8954731822,44203.0362807907,121905.891355869,22770.1733953447,95523.9843964949,48824.4960402082,34548.7942470088,68217.0406053484,30476.7511704988,38059.0341378219,32669.1728570705,55795.7017308744,89998.7325241572,30823.5819486504,93998.1388561668,77465.6601978339,52651.0015411735,62614.3726060377,43692.0685572658,98190.2488746667,55883.3497766814,35578.5330092945,59642.0699180462,55230.5307902368,66112.0743930826,39183.7792886579,22443.9053688852,73671.6592034435,32846.0963046164,89561.4375742487,37889.4030902505,79720.2794111468,83611.5677228117,72563.6816018894,86755.08503511,42588.6549155798,44735.0695283533,92287.3114199246,24397.5630317688,51521.7055822163,23742.9298615457,34508.0850747488,45224.0854692767,62974.9233832384,59061.8567084278,65763.2574275812,27069.2861739304,38324.5133432677,32783.9041956271,28972.0637761145,63642.6461029388,44485.9353885545,35095.6562157152,25730.2803369941,50948.6088132985,45609.496014805,24112.349579242,45264.4423529188,59295.2344701675,36185.2339985524,93426.9027682814,98371.4319957469,105660.903781025,42908.8114243865,66048.7558788528,26448.7953812031,54130.7617519532,28010.9430202866,26437.918908033,25965.8352121199,46133.3571175154,54465.6545216633,36033.3470314736,49117.6699281097,44579.5677072325,39883.4810434428,23509.37709504,44794.887889573,30559.9090382251,38023.697567168,38930.5708850674,43471.3437232934,52477.2109138545,39827.2760113517,69741.6713979491,40463.8298792807,85558.4883448323,33089.8375948866,37308.308296376,38575.6866576272,31381.7407035523,22074.2759213664,63124.8240954172,86796.4756838691,66981.2882319453,79327.576567669,56363.3350008659,57393.1609915636,57748.2963009136,100230.28470012,1.45519152283669e-11,55952.821801199
TCGA-E9-A1R7-01A,72277.6364819147,78953.4197677089,55371.5951364983,89174.7943383339,108860.276177189,121430.27709738,78378.9283488813,64464.7294177008,122863.37265052,65942.5910222779,58401.962378149,83825.8074348852,66978.7431856121,59066.0262011846,87974.8638057729,76957.404668342,86774.4926074163,70909.3511313675,72656.3228833388,54724.0706886587,65908.8880721228,85604.0038334606,90367.4937801916,75519.7179958239,71184.4959187249,142348.578574055,52037.5252190994,94725.156657478,56185.2578600139,62859.4186116119,66682.4459283468,43962.3089304526,47957.2391479764,77443.1758060038,60292.7389931424,89066.2186634239,46726.4610808992,74233.6753859457,73031.4331440161,63782.9513639125,74519.2330066613,52899.5622907025,87078.0211655787,54963.7581161432,47355.8152094964,56730.8790053053,64713.9923967755,77801.8731902839,53221.5088998799,51293.8370490085,68092.1525554122,52420.2933958016,85608.5687135711,48881.2667858703,83381.2896458302,80475.8069647661,72441.3014942198,88376.3829034382,62026.3954900867,59556.2945547763,86486.2623466503,46208.6037009098,54914.4183027725,58380.0942725916,51450.9176282947,52850.2242420453,82506.1726286237,73342.8549447348,64372.3257968936,53370.8865095817,51201.4563317246,56020.5501195359,51624.9063382479,56500.1840872236,60444.1179245583,43847.2887398149,53611.8766914893,53591.4397114815,59629.6838127342,55358.0250694121,76860.9818726899,93334.4875095719,58304.9072607078,92130.3101028326,97443.7777937274,128571.60322961,53825.7664511145,69773.0713627984,61215.5332281194,61091.0052250003,47010.8698979861,43420.4190556664,51689.516427891,58086.0868953712,57136.018455148,52607.7225858653,53616.2655115877,53657.0370722181,57531.2120431907,65953.9777728887,70659.42329507,58039.8971581671,58603.8979547086,51940.5360764446,51408.3703364565,72600.0745514441,59556.8950052463,81575.8373895822,57236.2921568082,89824.294532426,55232.996203292,61863.480060008,60417.0049600803,58476.405441702,47084.9706180234,68021.2005664378,80251.1807316246,80547.9410503916,70861.009254078,60398.4566468667,58244.7145047805,63662.8827641565,84724.2642798626,55952.821801199,7.27595761418343e-12
