,0,1,2,3,4,5,6,7,8,9,10,11,12,13,14,15,16,17,18,19,20,21,22,23,24,25,26,27,28,29,30,31,32,33,34,35,36,37,38,39,40,41,42,43,44,45,46,47,48,49
TCGA-EW-A1OV-01A,-0.058377143,-0.026384227,0.2135569,0.04942905,-0.1643206,0.1527742,0.06581091,0.043116577,0.0041262815,-0.13611956,-0.008503439,-0.07617486,0.19976278,0.3008696,0.09205173,0.043231726,-0.047364183,0.15498078,-0.057881046,-0.1920484,-0.12630197,0.057591252,-0.09622198,0.026153298,-0.054038543,0.12707351,-0.1774617,-0.046348635,0.080516726,-0.16076481,-0.05211564,0.13739745,-0.20873399,-0.23994349,-0.059938844,-0.15535873,-0.16210116,0.24103378,-0.005139203,-0.008548314,0.007826988,0.23759134,0.17372356,-0.08649325,-0.17534207,0.09608615,-0.006976283,0.18443549,0.3066351,0.21954855
TCGA-EW-A1P6-01A,0.031734154,-0.02233721,0.12287387,0.03414936,-0.22294089,0.08296666,0.09159338,0.14657414,-0.13555531,0.10883438,-0.00699342,-0.16021658,0.0696073,0.21384765,0.10470145,-0.03125673,0.19474027,0.12838171,-0.15529923,-0.23633184,-0.15476154,-0.07705465,-0.13016278,0.068101995,0.016337894,-0.008917535,-0.37745887,-0.060881566,0.04018065,-0.28706208,0.004845013,0.21362853,-0.25518817,-0.20141077,-0.110125534,-0.17755355,-0.014883769,0.13559444,-0.12993804,0.14058188,0.0064928182,-0.009727347,0.0801598,-0.09624686,0.0021239747,-0.09793641,0.07597468,0.061400995,0.10216493,0.25547427
TCGA-AC-A6IX-01A,-0.18354821,-0.036592413,0.18139385,0.05525962,-0.12929279,0.013793496,-0.053065073,-0.0038634664,-0.06849202,-0.1359313,-0.042802222,-0.14349887,0.09997029,0.15758134,0.12048391,-0.12947294,0.05158693,0.2653575,-0.061172437,-0.25491378,0.20622149,0.096031494,-0.10509591,0.3040476,0.0056709056,-0.0075199646,-0.23452441,-0.034002922,0.0826609,-0.18999235,-0.1489868,0.08485865,-0.16719896,-0.100809984,0.06466036,-0.24266358,-0.07048517,0.033545338,-0.054729085,0.03863606,0.02541906,0.32239535,0.20391169,-0.12432699,-0.084580936,-0.20355561,-0.024181746,-0.03553401,0.12010594,0.18361665
TCGA-E2-A1IE-01A,-0.107101366,0.0144925425,0.27973956,0.07371477,-0.07348504,0.19686662,-0.06963195,0.14381951,-0.09267139,-0.0048012007,0.102940835,-0.059697952,0.04976992,0.14538383,0.1814692,-0.13407099,0.15358819,0.09698388,-0.12475953,-0.19237302,-0.025007475,-0.022757798,-0.2056757,0.18697023,-0.097051844,0.07648084,-0.41826445,-0.093850285,0.013928869,-0.20591664,-0.030395307,0.13732311,-0.24462306,-0.19795778,-0.05922197,-0.29228002,0.052414738,0.04573499,-0.06096876,0.08367895,-0.13756837,0.035760943,0.057741173,-0.12992005,0.11153455,-0.15977715,-0.101578616,0.004042025,0.13332757,0.0475737
TCGA-D8-A1JG-01B,-0.08170333,-0.048070192,0.023440126,0.0930675,-0.15253286,0.11571179,0.049511354,0.059715435,-0.121227756,0.034519404,-0.08438257,-0.018030839,0.14131191,0.2203245,0.2525009,-0.09457679,0.14540875,0.12531893,0.030359568,-0.014055638,-0.024739467,-0.043079983,-0.23385006,0.05353596,0.019594539,0.054441206,-0.39964786,-0.08434839,-0.1019785,-0.20416376,0.08577549,0.041073382,-0.17607564,-0.18667358,-0.12133169,-0.23213683,-0.08451832,0.09304704,-0.08768904,-0.03423688,-0.1936008,0.078367375,0.048945725,-0.25087178,0.025821267,-0.13950133,-0.09708838,0.21531598,0.20590867,0.24269061
TCGA-3C-AALI-01A,-0.034711473,0.16294245,0.12832099,0.068525374,-0.07649711,0.19951153,0.014481174,0.19924964,-0.11234854,-0.07218199,-0.021356001,0.035134792,0.091602035,0.24646212,0.14318036,0.0036367772,-0.044084508,0.2232393,-0.0051237135,-0.026090894,-0.033167265,0.14650983,-0.021939266,0.036817025,-0.020328127,0.12157976,-0.27835792,0.004525577,-0.09660301,-0.16062616,0.1004348,0.13285817,-0.26550087,-0.11820056,-0.26608223,-0.2364888,-0.10181119,0.09173738,-0.13203943,0.036338504,-0.13780078,0.2620072,0.13868186,-0.13919574,-0.21711439,-0.06547792,0.016464826,0.031023081,0.21783394,0.22092007
TCGA-A2-A25E-01A,-0.18936749,0.016815696,0.3219614,-0.039415345,-0.08052496,0.08799707,0.07487245,-0.047566537,-0.11345298,-0.13469732,0.033217303,-0.054103762,0.030460233,0.24715143,0.16845445,-0.020348646,0.024029536,0.27444932,-0.07065983,-0.2785298,0.0022900298,0.11761728,-0.044862572,-0.053833365,-0.011456189,0.0538788,-0.35877562,-0.11723826,-0.04698061,-0.060027324,0.07192438,0.09078082,-0.1755119,-0.22814031,-0.086516075,-0.15783918,0.0013044111,-0.015151972,0.008773991,0.014799864,-0.21710983,0.18904622,0.115847416,-0.03169661,-0.07091295,-0.18109734,-0.053878423,0.13627097,0.2429284,0.19330022
TCGA-OL-A6VR-01A,-0.06309852,0.06732333,0.011571399,0.17438792,-0.061561227,0.15613094,-0.012955321,0.16042945,-0.11632577,-0.07735192,-0.12305206,-0.09969398,0.1625285,0.119318716,0.0042643948,-0.029614612,0.06394864,0.2972398,-0.119634084,-0.091110386,0.084239505,-0.012046403,-0.09760624,0.07806995,0.048706587,-0.04385261,-0.35547698,-0.12364632,-0.029482195,-0.06947335,-0.08299312,0.14791127,-0.3674795,-0.19074576,-0.14079838,-0.20583284,-0.056127854,-0.010309191,-0.13476293,0.01834925,-0.21344201,-0.0003000483,0.20663263,-0.08347639,0.048494432,-0.18169993,-0.03753862,0.0009989315,0.2816795,0.188905
TCGA-XX-A89A-01A,-0.08719609,0.06360275,0.23253392,0.059185024,-0.21088177,0.13564949,-0.10282299,-0.010890597,-0.24093917,-0.016132167,-0.10469624,-0.056897204,-0.011547164,0.19092676,0.08360014,-0.13926464,-0.056772947,0.058547392,0.05775714,-0.07912734,-0.0069347825,0.051786825,-0.16954464,0.13769212,0.013575698,0.10674941,-0.18864313,-0.16003036,-0.20866698,-0.18840636,-0.06347601,-0.0070426734,-0.22916241,-0.35489732,0.04784485,-0.16541986,-0.12796709,0.11029754,-0.048819434,0.05550445,-0.13197875,0.22417106,0.18782733,0.029440919,-0.088477924,0.055905573,-0.087903604,0.05438988,0.28003845,0.23055203
TCGA-AC-A5XU-01A,-0.12683184,0.037517577,0.17992628,0.062513955,-0.15467457,0.16163547,-0.08282923,-0.11121167,-0.21501492,-0.13539936,-0.16485699,-0.03244062,0.028573465,0.2289188,0.109095365,-0.019696562,0.18962643,0.31985733,-0.0074368594,-0.0934631,0.10996426,-0.062556595,-0.0056830067,0.08937718,-0.03994495,0.045740914,-0.10483358,0.048980128,-0.11691141,-0.1680267,-0.050669957,0.15660182,-0.32848623,-0.23401304,-0.07186974,-0.21720281,-0.07316111,0.059754048,-0.019387743,0.000344121,-0.08528368,0.11752272,0.017783036,-0.25748137,-0.06653891,-0.19636098,0.068237916,0.10129634,0.21740325,0.21051516
TCGA-AR-A24H-01A,-0.1816435,0.05966988,0.22308412,0.16399787,-0.16841154,0.13887322,0.038727153,-0.019736107,-0.035673745,-0.03559865,-0.11900634,-0.0566196,0.015540432,0.30489647,0.02613995,0.04747633,0.068981856,0.28336826,0.017937886,-0.116429575,-0.108652815,0.16387302,-0.2549739,-0.029073108,0.00060732634,-0.025033701,-0.22667758,-0.14296553,0.062051926,-0.21914916,-0.1649269,0.09664465,-0.24636452,-0.21799591,0.018233616,-0.23265107,0.11023898,-0.050499376,-0.102436475,0.019799812,0.04961894,0.05226665,0.17075182,-0.15825285,-0.13457614,-0.19484,-0.049769484,0.17781518,0.068201505,0.120003425
TCGA-E9-A24A-01A,-0.14417669,0.07723365,0.19965625,-0.11697397,-0.10146802,0.10011484,0.01909905,0.036267705,-0.14589491,0.051429868,-0.043867882,-0.094679624,0.008425063,0.23794137,0.12726568,-0.015127164,0.18167813,0.13269582,-0.08257246,-0.28678587,0.0132205365,0.07662524,-0.1369834,-0.060633756,-0.0097950995,0.053331207,-0.27774787,-0.12733038,-0.03514982,-0.17055643,-0.1336815,0.16279522,-0.17905527,-0.31618896,-0.19887714,-0.10916907,-0.07959212,-0.028498892,-0.24975096,-0.12727708,-0.00952173,0.029576784,0.18707281,-0.13888487,-0.054357152,-0.070659146,-0.0821118,0.04979913,0.32669777,0.047228683
TCGA-AR-A5QQ-01A,-0.045613587,0.021855526,0.24294844,0.10322492,-0.118974365,0.22816142,0.07657612,0.029215043,-0.20318882,-0.003679551,-0.07704083,-0.046048213,0.081782274,0.15311281,0.020109719,-0.085678004,0.17507035,0.29888222,0.091704845,-0.2187832,0.061859827,-0.038284488,-0.21053603,0.22525002,0.045800317,0.014804629,-0.3873184,-0.014786558,0.018530684,-0.16933908,-0.04421469,0.085347906,-0.1555905,-0.1316263,-0.05300008,-0.21400928,-0.14343248,0.18433683,-0.10872264,-0.056936957,-0.08478184,0.10642745,0.2410974,-0.07764801,0.16386843,0.038539905,0.06531007,0.036924314,0.10894531,0.10914964
TCGA-BH-A1FN-01A,-0.17112164,-0.0024829519,0.14842567,0.070711195,-0.21828888,0.086783856,0.013957938,0.13694388,-0.1330384,0.060801562,-0.17499106,-0.10619018,0.059149377,0.12374138,0.20015109,-0.07758935,-0.0024313326,0.20749941,0.09369889,-0.0871487,-0.040221415,0.2263044,-0.16876462,0.14533308,-0.07062888,-0.06806973,-0.2728368,-0.124565445,-0.013691264,-0.24696444,0.04073423,0.071726814,-0.14196225,-0.23657236,-0.03331041,-0.119672954,-0.105440654,0.08795187,-0.091164984,0.05671058,-0.075143,0.316402,0.23373401,-0.052122697,-0.16562988,0.024478706,-0.04844871,0.21818234,0.16269793,0.14981055
TCGA-AN-A0XV-01A,-0.11815966,0.046821002,0.1239444,0.14558136,-0.1328342,0.1317215,0.0662009,0.14838456,-0.1083732,-0.096789725,-0.112455696,-0.14547735,0.007175896,0.22478424,0.25808656,-0.06700939,0.18636982,0.20736459,-0.032446936,-0.21702799,-0.059732355,-0.03558844,-0.10955975,-0.03174603,-0.12751183,0.01162955,-0.29795003,0.0055312174,-0.045720544,-0.18870181,-0.08443079,0.14280722,-0.20959935,-0.16120575,-0.19353764,-0.1031198,-0.14110506,-0.08463007,0.02563469,-0.06213913,-0.17289078,0.041784197,0.11801917,-0.20805779,-0.04710305,-0.1905589,-0.05579236,0.19891609,0.23087956,0.14888528
TCGA-BH-A1EY-01A,-0.16231123,-0.13158801,0.27614552,0.05088254,-0.11802756,0.20403887,0.04917764,0.04093567,-0.12697826,-0.14236458,0.010380468,0.015871478,0.048908647,0.18486407,0.19444785,-0.14188828,0.056057617,0.13509463,-0.03146308,-0.18985233,-0.005893831,-0.06939767,-0.07712049,0.18545607,-0.030655054,0.086965896,-0.33147573,0.013205104,-0.016851377,-0.1343642,-0.025777219,0.12029399,-0.15442505,-0.32761762,0.0072132237,-0.2128144,-0.05774016,0.030268915,-0.02710616,0.037672415,-0.11364765,0.2407547,-0.027005462,0.0044260114,0.023470752,-0.10496372,0.10791781,0.13157022,0.31107742,0.19769755
TCGA-EW-A1P0-01A,-0.17657767,-0.15658931,0.24901627,0.18430391,-0.18215746,0.15382172,0.0050089746,-0.042679083,-0.12839586,-0.08994414,-0.17679062,0.06608888,0.11775853,0.28039214,0.028610094,-0.04001783,-0.02941694,0.15905584,-0.057836115,-0.1588483,-0.102506764,0.11972401,-0.1693106,0.08569838,0.084329054,-0.0075986315,-0.1834819,-0.079606466,0.038856387,-0.15970924,-0.090225615,0.099894285,-0.20746498,-0.29084346,-0.10184806,-0.24225317,0.0049309884,-0.075555176,-0.07467649,0.07569998,-0.20953041,0.00058153254,0.2340625,-0.07122329,-0.049277745,-0.12999317,-0.00997335,-0.0036558993,0.2241112,0.19866902
TCGA-D8-A1XC-01A,-0.12409244,0.047625303,0.25117618,-0.14883493,-0.1526604,0.07702184,0.048285775,0.031296305,-0.0093861185,-0.08224766,-0.056419995,-0.08385704,-0.009700365,0.22984882,0.04379132,-0.16366753,0.101654515,0.18127887,-0.08670568,-0.2531224,-0.0946994,-0.046627175,-0.12339737,0.15217145,0.021210967,0.07926778,-0.29751977,0.01577876,-0.05625143,-0.20141187,0.100915335,-0.010905989,-0.22878456,-0.2666502,-0.14881872,-0.09761697,-0.13910317,0.020367218,-0.10487106,-0.07137887,-0.08319729,0.19161145,0.04819161,-0.034030624,0.10390492,-0.20533067,0.031682685,0.13904916,0.37316754,-0.036840376
TCGA-D8-A1XJ-01A,-0.16925569,0.24758768,0.29303044,0.047024395,-0.18161081,0.1738908,0.091144055,0.07660835,-0.018310713,0.04725178,-0.06381397,-0.049237624,0.014646257,0.2313474,-0.01661082,-0.0059426297,0.1267956,0.21721013,-0.0744869,-0.10509349,-0.13492194,-0.024834432,-0.091560096,0.076600194,-0.0812275,-0.0049890783,-0.30359343,-0.0038630748,0.01017409,-0.121739045,-0.10972296,0.06455424,-0.106803,-0.27709365,0.0027190286,-0.21459238,-0.04103497,0.2472522,-0.1286755,-0.09272148,-0.11863115,0.17932233,0.17143194,-0.011683092,-0.052791663,-0.09097074,-0.08552652,0.11825383,0.24794327,0.21632755
TCGA-A2-A0T2-01A,-0.022099888,-0.015733989,0.2292623,0.08919997,-0.16572535,0.12741588,0.14285961,0.03078749,-0.09031807,0.01872837,-0.16930865,-0.048448414,0.038775805,0.2347587,0.2718068,-0.0033840279,0.019026281,0.19824599,0.0126330415,-0.22985044,-0.212761,0.05649637,-0.089895606,0.06197712,-0.0040415013,0.075393476,-0.23927583,-0.18649681,0.01578022,-0.18341759,0.075780585,0.20062284,-0.16865504,-0.07800058,0.050153136,-0.23608562,-0.00039160764,0.15309,-0.12825212,-0.0564303,-0.07891542,0.07654664,0.10517618,-0.18283728,-0.07828334,-0.058919556,-0.12250179,0.041693635,0.25425392,0.29931816
TCGA-AR-A0TX-01A,-0.02338362,0.016831325,0.21855977,0.11298451,-0.09048008,0.098579675,0.03720943,-0.056387663,-0.17078991,-0.05966286,-0.08054796,0.026297763,0.09206505,0.27638295,0.20657748,-0.029809944,-0.011313634,0.16620025,-0.07485934,-0.4884728,0.06311666,0.0069548814,-0.16753192,0.07052205,-0.08898149,-0.020519696,-0.24354555,-0.09388323,0.0556533,-0.098095655,0.020311033,-0.0029428322,-0.1544426,-0.28587854,-0.032838356,-0.2338825,-0.10657999,0.14449404,-0.10254102,0.04110493,-0.056684285,0.009837971,0.14004184,-0.10804595,0.040093068,-0.033902884,0.03374068,0.11779075,0.25928676,0.15425895
TCGA-BH-A209-01A,-0.12845893,-0.059354454,0.23471884,0.06805486,-0.09410218,0.24374555,-0.0056608994,-0.03588983,-0.23906842,0.08122794,-0.19521767,-0.08703349,0.023665743,0.34223557,0.07439701,-0.015625602,0.08028146,0.23142028,0.080772884,-0.042183924,-0.066163644,0.13625379,-0.21876955,-0.09284608,-0.071568206,-0.093628526,-0.34331805,-0.118780114,-0.13109133,-0.13777013,0.07621807,-0.064074606,-0.21526855,-0.30490837,-0.038398817,-0.17154035,-0.12187023,0.013313677,-0.05372308,-0.09797085,0.015942527,0.13441205,0.0054335846,-0.1618041,-0.09883646,-0.022046255,-0.0580456,0.08476285,0.11361846,0.046019506
TCGA-A7-A26H-01A,-0.17700478,-0.10451191,0.25641176,-0.027126351,-0.057398174,0.07189797,-0.11683548,0.0031630143,-0.002181747,-0.018760975,0.02514444,0.047232624,0.2531285,0.21872833,0.051966626,-0.032265473,0.18187104,0.27801356,-0.027502384,-0.1148315,-0.0768051,-0.09086719,-0.11942676,0.07695494,-0.067247644,0.014940151,-0.4184929,-0.12863459,-0.016456861,-0.17390911,-0.24893466,0.025079787,-0.16120158,-0.07430297,-0.15384811,-0.17656699,-0.029659607,-0.044525582,-0.042881873,0.11904521,-0.10154162,0.18956617,0.09930896,-0.27354246,-0.0066580614,-0.08551861,-0.07511098,0.0090626655,0.22395383,-0.051700495
TCGA-AR-A24P-01A,-0.1405849,-0.066469036,0.27301627,0.18114446,-0.29197046,0.01893804,0.11658283,0.17712106,-0.17270657,0.04528636,-0.0038272091,0.01690389,0.09594629,0.08274049,0.124023415,-0.120506756,0.11347797,0.18831408,-0.122048736,-0.20884642,0.107708566,0.020246873,-0.003116491,-0.016250812,0.08262865,-0.040208183,-0.34567958,-0.025107995,-0.009503651,-0.11965939,-0.12163722,0.107333735,-0.16464362,-0.3500522,0.003945112,-0.10645337,-0.15352656,0.05233721,-0.11893084,-0.0067305444,-0.1653159,0.07733359,0.13717368,-0.21768403,-0.009742036,-0.07362088,-0.09131251,-0.009925861,0.22437814,0.07766252
TCGA-B6-A0WV-01A,-0.1945722,0.17060369,0.19284186,0.017729506,-0.13337561,0.16102463,0.056220178,0.112110645,-0.047221728,-0.0007517006,-0.1781692,-0.10182041,-0.0509656,0.14712839,0.09769523,-0.022113994,0.15218095,0.2992504,-0.05756202,-0.1265992,0.02515521,0.010189165,-0.009594279,0.11113376,0.014632247,-0.044207796,-0.308901,-0.10159592,-0.114229776,-0.1723004,0.09110624,0.12505585,-0.17084101,-0.15205854,0.0009973855,-0.28062084,0.06966236,0.038818233,-0.06920117,-0.065217935,-0.18353656,0.1876799,0.038928464,-0.1830155,-0.23898557,-0.16617434,-0.08534858,0.11507316,0.23727679,0.16036819
TCGA-AO-A0JB-01A,-0.15698361,-0.22439276,0.15773004,0.098989055,-0.19645336,0.12268646,0.02196988,-0.0020567968,-0.06780774,-0.12755989,-0.18486823,0.012285423,0.050093267,0.2510826,0.22069417,-0.052227814,0.25393164,0.2427768,-0.088011965,-0.06952172,-0.010257749,-0.009320872,-0.23142667,0.056147005,0.03438038,0.0031116523,-0.30398726,-0.1208994,0.12674998,-0.124806315,-0.032698352,0.22374195,-0.15365775,-0.21230757,-0.1706755,-0.16367826,-0.12855507,0.03304683,0.007890765,-0.10417785,-0.13826795,0.092701636,0.043288976,-0.04834295,-0.06480602,-0.082932256,-0.059017166,0.0980071,0.110282265,0.24233988
TCGA-D8-A1JS-01A,-0.11047,0.047317695,0.10882066,0.052568663,-0.15938157,0.1952943,-0.02973969,-0.11424154,-0.098824695,-0.049461298,-0.1490138,-0.18134023,0.06867575,0.09619474,0.05235601,0.05772008,0.047472626,0.19413753,-0.15278758,-0.3535276,0.100630276,-0.0816072,-0.13047254,0.124803826,-0.002858618,0.038372535,-0.29133335,-0.11719854,-0.041477766,-0.27831838,-0.024822703,0.11359095,-0.16446115,-0.16465046,-0.10521581,-0.2639293,-0.067440614,0.007992384,-0.24581899,-0.07146023,0.010553917,0.05816,0.08961575,-0.07005282,-0.09287104,-0.19168007,-0.032784365,0.028914982,0.22987573,0.23259248
TCGA-A2-A0SW-01A,-0.09399371,0.17930996,0.14144899,0.014061113,-0.23567627,0.11904982,0.10660674,0.019142698,-0.088581525,-0.0819565,-0.12981899,-0.12862909,0.12081765,0.18252005,0.23983301,-0.055601407,0.21649079,0.29624656,0.01749767,-0.25128555,0.0047802455,-0.07433149,-0.072060235,0.13344915,-0.09353177,0.123459235,-0.30601674,-0.117369354,-0.04727363,-0.24748945,-0.056177363,0.090146296,-0.15176131,-0.094324455,-0.012337125,-0.24402545,-0.101081476,-0.0027883057,-0.15383218,-0.062109794,-0.063206345,0.23744686,0.1670958,-0.02669201,-0.01192874,-0.02868435,0.0491052,-0.1397909,0.12185918,0.10914176
TCGA-S3-AA17-01A,-0.14099051,-0.035834108,0.35145286,-0.07112832,-0.13940774,0.15866743,-0.081641026,-0.0071078334,-0.15222427,-0.087757505,-0.103304885,-0.12066267,0.056645475,0.21334748,0.10001162,-0.031041116,-0.012863588,0.17502531,0.016962955,-0.22204825,-0.16195484,0.07638927,-0.17074162,0.06444722,-0.074381426,-0.08327504,-0.22022167,-0.14343552,0.07066324,-0.23107836,0.0520996,-0.015653651,-0.15866208,-0.23250753,-0.0045413957,-0.25861245,-0.13649951,0.053596407,-0.17180437,-0.09772508,0.022907477,0.15600358,0.12962236,-0.17064945,-0.19532482,-0.022417653,-0.075753264,0.013695802,0.21724483,0.158802
TCGA-A2-A1G4-01A,-0.16268617,-0.08527804,0.25139534,0.033963513,0.04158966,0.15846385,-0.103973694,-0.056203302,-0.115166165,-0.07558145,-0.10562652,-0.15779407,0.10510575,0.3049582,0.18067044,-0.07465266,-0.014932202,0.31136164,-0.023642557,-0.321138,0.055501904,0.034282647,0.017690085,0.11711172,0.09322177,0.107040755,-0.249263,-0.06498986,-0.01140539,-0.21236359,0.06969934,0.14301766,-0.28281063,-0.119834855,-0.09830333,-0.24751328,0.008597009,-0.029019522,-0.04850574,-0.15287459,0.05894444,0.053905364,0.124255925,-0.18670957,-0.029256538,-0.11302916,0.051867414,0.052536145,0.023821885,0.13921648
TCGA-E2-A1AZ-01A,-0.09438455,-0.08855245,0.20980181,0.06933971,0.01901409,0.14850819,0.028125554,0.074599735,-0.273079,-0.049230706,0.012914692,-0.07142309,0.14380237,0.22854953,0.07141071,0.06629758,0.22456434,0.18777156,0.03459777,-0.2023138,-0.07844647,0.025755366,-0.16703777,0.056551076,-0.019543508,0.10985713,-0.30328226,-0.0724443,0.037401836,-0.27341786,-0.05173894,0.071050234,-0.27351636,-0.169629,-0.035430092,-0.23341273,0.02084321,-0.07338923,-0.1120433,0.026561184,-0.0058445344,0.25726724,0.09571894,-0.21008603,-0.0008576634,0.033606734,-0.0035147632,0.056012355,0.08278626,0.2695071
TCGA-GM-A2DB-01A,-0.03698792,0.043347873,-0.005381813,-0.026149444,-0.1677659,0.16515164,0.04484363,0.0532886,-0.123247035,-0.061382674,-0.13942453,0.022995507,-0.012590616,0.2713169,0.03207478,-0.12664455,0.15650825,0.26580822,-0.098190024,-0.046616513,-0.16503367,0.06559268,-0.048567858,0.08097644,-0.1044847,0.06650782,-0.39029527,-0.0063026296,-0.03562892,-0.28187078,0.018892618,0.12698099,-0.26141122,-0.2637257,0.020612879,-0.23422264,-0.06889497,0.03335269,-0.08035778,0.09160575,-0.023459757,0.220306,0.018684814,-0.15759233,-0.14740199,-0.08355207,0.07436869,0.053629167,0.116629876,0.23410934
TCGA-AN-A0XP-01A,-0.26819304,0.07251268,0.20626429,0.1515125,-0.12422628,0.10557794,-0.05856857,0.07685703,-0.15654102,-0.11725386,-0.04535415,-0.13202958,0.03034655,0.17084178,0.10544393,-0.17346473,-0.018931087,0.25459945,0.009167835,-0.09628091,-0.09618914,0.04949154,-0.18194613,0.10585221,-0.11320979,-0.035401426,-0.2510574,-0.075786315,-0.00029185924,-0.16774741,-0.01824627,0.00075920246,-0.32763776,-0.06497726,-0.08600841,-0.31424546,-0.041904878,0.1349123,-0.09419543,-0.15754652,0.012281066,0.22337152,0.13187508,-0.0612781,-0.2304575,0.019707972,-0.078605264,0.0965761,0.10855191,0.16471638
TCGA-AC-A23C-01A,-0.19722107,0.07704834,0.3806627,-0.037609134,-0.010500228,-0.038069587,0.04802155,0.022321403,-0.32730526,-0.04620193,-0.012359103,0.024263639,0.006906722,0.2362529,0.119022824,-0.0039881286,0.015236477,0.3190187,-0.07533137,-0.12867261,0.0012017797,-0.0008654833,-0.065593,0.16133055,-0.0071875984,0.011249535,-0.3872193,-0.117283724,-0.07397997,-0.076983854,-0.05050743,0.03349743,-0.07542878,-0.17906065,-0.18709005,-0.23681964,-0.02433807,0.1166811,-0.10911592,0.14842749,-0.0038009353,0.11810338,0.027750118,-0.003014597,0.045819275,-0.01500068,0.054256678,-0.086972974,0.21124433,0.20430341
TCGA-OL-A5D8-01A,-0.12494457,-0.0865132,0.12596883,0.08476198,-0.086976014,0.07363228,0.06918825,-0.05142319,-0.13319835,-0.117496416,-0.16893713,-0.12726581,0.029674303,0.19255435,0.15693818,-0.06513148,0.071696945,0.31019413,-0.014514118,-0.24427398,-0.035451274,-0.006052255,-0.007963599,0.13728927,-0.027956063,0.103316665,-0.3077281,-0.04281714,-0.053156577,-0.090351164,-0.12594984,0.13359545,-0.41326433,-0.32715672,-0.08907998,-0.1947452,-0.03449317,-0.120308205,0.0045588473,-0.040565476,0.03905237,0.09639051,0.083074205,-0.09680273,0.014950701,-0.18538477,-0.09675117,-0.05337031,0.13888805,0.14832382
TCGA-AR-A1AL-01A,-0.12056134,-0.056755707,0.25205678,0.0053270357,-0.1444086,0.14347717,0.03296704,0.003716962,-0.09420773,0.03633759,0.023566488,0.027032612,0.16558762,0.11794091,0.07204079,-0.20042792,0.124782,0.34620535,-0.0860082,-0.16218303,0.026811427,-0.089784816,-0.18131177,0.17469043,-0.022553056,0.07673013,-0.34542167,-0.17834921,0.032792065,-0.06579387,-0.016632454,0.050939802,-0.19403483,-0.09716635,-0.13803767,-0.11703844,-0.097746104,0.05076097,-0.104793414,0.1488566,-0.19949129,0.08832203,0.11038562,-0.263913,-0.029226013,-0.11818501,0.031572353,0.15011631,0.19649285,0.19840342
TCGA-AC-A5XS-01A,-0.11358795,0.074140824,0.20148002,-0.013964789,-0.18051554,0.10769891,0.11080342,0.14029475,-0.14359814,-0.23802824,-0.02659799,-0.11444747,0.028931767,0.23947869,0.12189367,0.034698244,0.23521356,0.26788846,0.04922011,-0.14153247,-0.039373577,0.0102944225,-0.10263303,0.015638413,0.003224699,0.11403005,-0.3158229,-0.16340199,-0.032368887,-0.0342076,-0.03391234,0.049040355,-0.20490158,-0.32669023,-0.0069516636,-0.21578948,-0.13941829,0.11585176,-0.06232448,0.15972131,-0.17689516,-0.01605508,0.04682444,-0.2101885,0.14902985,-0.11560858,0.03631978,-0.0027186105,0.1263342,0.061343823
TCGA-A8-A0AD-01A,-0.15729082,-0.14698894,0.2356704,0.08743116,-0.033984993,0.16223857,0.10802562,-0.05878726,-0.10780698,-0.04443832,0.0136620095,-0.03191611,0.06575571,0.017061705,0.16710453,-0.18527536,0.042081133,0.31415057,-0.12127198,-0.17490603,0.012385781,-0.03404858,-0.13694522,0.12724899,0.044890825,-0.1359238,-0.2855534,-0.06942255,0.047485314,-0.16084874,-0.012371658,0.17103726,-0.27905828,-0.102812245,-0.18391633,-0.25275442,-0.044780675,0.015384412,-0.10414511,0.18703897,-0.08930522,0.018079607,0.0960641,-0.09794199,-0.1348561,-0.27474597,0.055108573,-0.082478754,0.13565709,0.19113328
TCGA-E9-A229-01A,-0.19890468,0.07703306,0.12921156,0.089027025,-0.081433095,0.15208562,0.046967532,0.06560396,-0.16421257,0.0173867,0.10966216,0.0013053013,0.028669005,0.2456178,0.12960556,-0.032591876,0.17576185,0.19816346,-0.00886633,-0.2668679,-0.053702552,0.044339206,-0.061973497,0.11456781,-0.11690987,0.08362779,-0.32866693,-0.02466057,-0.028313205,-0.19422069,-0.13740064,0.060751937,-0.3554316,-0.17223069,-0.07241599,-0.07996041,-0.040361,0.08567978,-0.1993584,0.029029146,-0.080658086,0.0923107,0.21913543,-0.12618944,0.1590575,0.046709683,-0.018113958,0.21369062,0.2189268,0.06390105
TCGA-E9-A1NA-01A,-0.10473261,0.046800155,0.22895227,0.027410075,-0.19561681,0.14923817,0.078596175,0.1391233,0.032710895,0.05807025,-0.06828972,-0.07358586,0.08491153,0.18886745,0.1542818,-0.11656966,0.020303199,0.15142132,0.0031544908,-0.021088576,-0.17841347,0.12671924,-0.04476541,0.062226973,0.0028837724,-0.047294244,-0.30292434,-0.16205062,-0.04625787,-0.153605,0.042350985,0.056340344,-0.30279505,-0.253017,-0.06826439,-0.2944627,0.026340276,0.08412141,-0.01711856,-0.025347704,-0.05225732,0.2539581,0.2075634,-0.2205329,-0.13705754,-0.06756583,-0.12887272,0.028399399,0.22818208,0.12932375
TCGA-E2-A1B5-01A,-0.19520944,0.077997126,0.31356147,0.10283163,-0.1747169,0.16739418,0.029024433,0.121305324,-0.20987454,0.010344316,-0.08511335,-0.11329273,0.050554182,0.22968696,0.08746789,0.08196719,0.1698058,0.17925623,0.005771062,-0.040601254,-0.031465363,-0.13640387,-0.15384406,0.1046218,-0.04966349,0.24433373,-0.27354228,-0.11730831,-0.025523638,-0.19335753,-0.1385498,0.2124105,-0.106142275,-0.24009402,-0.15768847,-0.12820669,-0.031407677,0.032020286,-0.16525145,-0.07482141,-0.028905319,0.07131269,0.12061444,-0.16211905,-0.13865072,0.015270232,-0.076679915,-0.023750624,0.21194592,0.078908704
TCGA-C8-A8HP-01A,-0.18551426,-0.17222118,0.21218394,0.11510661,-0.0073048323,0.26972106,0.03823043,-0.07085726,-0.2111298,-0.05830461,-0.1011428,-0.010322272,0.048554905,0.24818245,0.17154595,-0.09362724,0.10818514,0.18866713,0.017288132,-0.14190185,0.10889883,-0.015047867,-0.1211212,0.11854368,0.0376067,0.09244938,-0.34361613,0.03418316,-0.0327751,-0.13057424,-0.112147234,0.20511502,-0.10427288,-0.30113333,0.07731191,-0.13261895,-0.090894744,0.08364279,-0.043675415,0.038753074,-0.18361498,0.13631016,0.10040015,-0.1332206,-0.09255567,0.027768714,-0.023064585,0.048127227,0.2745495,0.12617423
TCGA-E9-A243-01A,-0.13823846,-0.022368817,0.21214461,0.15142599,-0.13345224,0.18152992,0.13747913,0.07518364,-0.16906455,-0.014450801,-0.07442585,0.021971872,0.011593158,0.2255185,0.14645109,-0.09718341,-0.058312938,0.36063766,0.018411562,-0.08461563,-0.014926026,0.067213826,-0.077962376,0.14710751,0.06925489,-0.039129075,-0.30993563,-0.111288026,-0.059593234,-0.053821273,-0.03414538,0.09083252,-0.039655782,-0.25556356,-0.092671,-0.17689586,-0.038364016,0.099848285,-0.17997073,0.113300055,-0.12194108,0.11650611,0.23262863,-0.06141044,-0.13255607,-0.11078755,0.029790187,0.06750571,0.252227,0.26021734
TCGA-A2-A0YL-01A,-0.12141645,0.22058637,0.32894433,-0.03647692,-0.21654183,0.20379068,0.07388289,0.019169703,-0.15194862,-0.12285764,0.05439539,0.032900054,-0.037435196,0.19474287,0.06268684,0.007441998,0.1313976,0.24954736,0.0022391728,-0.24724458,0.031141302,-0.07781656,-0.17706217,0.14748478,0.031438436,-0.032203425,-0.35781798,-0.056617603,0.06539268,-0.10823002,-0.079546794,0.15850066,-0.08369286,-0.26231444,-0.22609143,-0.22862564,-0.0057910215,0.00078218826,-0.14553496,0.023804013,0.018710667,-0.027008092,0.07545222,-0.13728634,-0.10154092,-0.015054851,-0.051946398,0.024616482,0.15914854,-0.0021154697
TCGA-BH-A1EO-01A,-0.104737334,0.15170804,0.16437115,0.1589345,-0.08366644,0.2905322,-0.05874538,-0.016541857,-0.09224347,-0.03637193,-0.036794238,0.012012456,0.16609854,0.055463515,0.0037821631,-0.21150449,0.11720922,0.20042783,-0.10840809,-0.18581107,-0.11548011,0.06978712,-0.1170242,0.11288196,0.044831,-0.08842181,-0.30668336,-0.11076581,0.05612659,-0.22389948,-0.0663427,-0.08383172,-0.24547039,-0.28830683,0.017774422,-0.12307184,-0.04612754,0.20144193,-0.14495286,-0.12371077,0.030574422,0.086540565,0.040249687,-0.18661864,-0.119757466,-0.045185298,0.08084438,-0.0024862597,0.22327593,0.22507235
TCGA-AR-A0TQ-01A,-0.17211083,0.08286167,0.19738196,0.07176172,0.005912909,0.08822444,0.11505951,0.047323566,0.0780458,-0.03991277,-0.09118657,-0.17853507,0.025237305,0.22100131,0.07877067,-0.016589807,0.039130233,0.26875347,0.015851831,-0.10847927,-0.026449569,0.10161683,-0.18050022,0.1120325,0.058741152,-0.034902096,-0.383103,-0.098531246,-0.02642114,-0.06908717,0.08685705,0.02029486,-0.21913461,-0.273088,0.008773637,-0.1986899,-0.06294559,0.043810308,-0.18406226,-0.04027503,0.15238774,0.17622735,0.07618898,-0.10385348,-0.0989145,0.06045272,0.051309437,0.14790705,0.25843546,0.31084728
TCGA-C8-A274-01A,-0.1287118,0.14290413,0.2544361,0.021535523,-0.16084082,0.15158081,-0.1528589,0.07747204,-0.17427842,0.018905139,-0.033873368,-0.043505684,-0.028229175,0.15610176,0.008316364,-0.07750103,-0.0023525958,0.15270038,-0.07836749,-0.2820311,-0.045699634,0.019520909,-0.12580094,0.077070266,0.10563916,0.10321682,-0.2728996,-0.087488264,-0.030175094,-0.18869545,-0.10700879,0.10793798,-0.09260155,-0.19569497,0.03710076,-0.20147866,-0.039830938,0.037904873,-0.27228087,-0.13375093,-0.015540335,-0.009263956,0.09742271,-0.17150642,-0.3435061,0.01748,-0.057792347,0.011367087,0.18514167,0.28037745
TCGA-BH-A208-01A,-0.2435419,0.07942762,0.16033538,0.12889998,-0.093623005,0.28958648,0.07379976,0.07944414,-0.18891457,0.14260831,-0.046187624,-0.0185438,-0.044536345,0.3275916,0.20438652,0.0142206,0.0664769,0.27054504,0.016558323,-0.15172483,-0.083218016,0.00619865,-0.15621984,0.017022926,-0.06978587,-0.064719476,-0.27888197,-0.07197415,0.08643991,-0.038441926,-0.13387044,-0.047252163,-0.1762478,-0.16430603,0.057204437,-0.13652605,-0.16419066,0.12751725,-0.026366584,0.092775136,-0.06598585,0.10827835,0.089699246,-0.09009957,-0.11780723,-0.14895165,-0.06785327,0.058547568,0.21717982,0.2611705
TCGA-AQ-A1H2-01A,-0.0050339852,0.015052952,0.33594832,-0.07972084,-0.09356935,0.19034526,0.08657106,0.053503554,-0.15298913,-0.052954778,-0.07532463,-0.15050802,0.11702789,0.19794844,0.13401839,0.06145923,0.27013236,0.24847916,-0.033975523,-0.21351174,-0.04896714,0.09494715,-0.07635355,0.0671865,-0.0023244768,-0.037495155,-0.37825686,-0.201011,-0.07848726,-0.009862025,-0.02910494,0.04111358,-0.24875756,-0.10060038,-0.22247635,-0.090201825,-0.031038264,0.017964512,-0.092091955,0.047417276,-0.017856026,0.09553252,-0.03426741,-0.21937008,-0.08386523,-0.23666824,0.009094367,0.022457179,0.1872402,-0.0070910067
TCGA-A7-A56D-01A,-0.13921145,-0.072399236,0.29532608,0.0985014,0.04425917,0.051348448,0.05125822,0.18199414,-0.26410884,0.08558893,-0.16121174,-0.08673486,-0.039378796,0.10784087,-0.0858843,0.017703589,0.04786523,0.16136044,-0.08918058,-0.118969426,-0.018306123,-0.060654335,-0.107667565,0.050340366,-0.10893718,0.067433655,-0.44422337,-0.07698537,0.05076441,-0.030096762,-0.101575546,0.1367249,-0.30538756,-0.27734068,-0.08045341,-0.13935815,-0.12291795,-0.048177265,-0.0642091,-0.035975687,-0.11918668,0.096349746,0.17154348,-0.15125683,-0.024684725,-0.08690936,-0.1512656,0.02142113,0.18414772,0.16056035
TCGA-AC-A2FG-01A,-0.13751891,-0.019968083,0.18451862,0.29323044,-0.08652032,0.13167751,-0.18096446,0.13500817,-0.18286382,-0.004896984,0.072558045,-0.080118746,-0.048599914,0.21324135,-0.052847583,-0.077146895,0.1257423,0.31018057,-0.17760831,-0.08508858,0.07694827,0.030184263,-0.2226334,0.21016264,0.046727512,-0.0009606317,-0.3146566,-0.05941923,0.103833206,-0.11238733,-0.08758194,0.034049317,-0.2517427,-0.14104895,-0.077867016,-0.08514517,0.05618183,-0.109361835,-0.18978268,0.06228178,-0.008208696,0.056624938,0.09550184,-0.07215862,-0.033916272,-0.16330884,-0.0045550745,0.079811126,0.2622286,0.1504085
TCGA-C8-A278-01A,-0.13424397,-0.0021757511,0.115966365,0.12363241,-0.14868139,0.16575566,0.046461266,0.0015449816,-0.06748687,-0.069978945,-0.15501311,0.05315384,0.12893768,0.25782597,0.18063684,-0.030388864,-0.029683333,0.18906857,-0.024549656,-0.0074741915,-0.07020908,0.023719762,-0.09198089,-0.045570515,2.5849316e-05,0.02898803,-0.36650512,0.009835328,-0.17753439,-0.20605053,0.011819705,-0.020472052,-0.1315105,-0.29939255,-0.22419062,-0.12302797,-0.13444827,0.051010467,-0.0953884,0.017191445,-0.121490784,0.2282623,0.11630623,-0.13645853,-0.14371319,0.07819241,-0.02356065,0.19481301,0.19699162,0.28272638
TCGA-A1-A0SG-01A,-0.2622163,-0.1217167,0.29025725,0.17090997,-0.11885185,0.11345893,-0.029336818,0.099520676,-0.15464668,-0.09832783,-0.010903433,-0.05394065,-0.042629343,0.14722738,0.115868114,-0.04888606,0.15584391,0.20942083,-0.05724557,-0.21178655,0.008004951,0.12196441,-0.075501025,0.2864998,-0.08778715,-0.053561907,-0.34943396,0.024324466,0.0012187307,-0.14685522,-0.13421722,0.15033373,-0.19707577,-0.15942074,-0.18644562,-0.088981725,-0.01934127,0.06986887,-0.13509852,-0.03124131,-0.050512534,0.12770157,0.16724718,-0.1769467,-0.047526345,0.04515063,-0.054398496,0.13052458,0.1275788,0.15717962
TCGA-BH-A1FJ-01A,-0.2208411,-0.05864053,0.1642194,0.2060157,-0.09407504,0.14061591,0.040635534,0.068312615,-0.033573285,-0.06629252,-0.22281237,-0.1555858,0.0577064,0.04861619,0.059509672,-0.06994106,0.17998233,0.17624532,-0.053002026,-0.30240265,0.16089547,-0.0041045966,-0.10651451,0.047115073,-0.0709033,-0.08693967,-0.30101925,-0.15932019,-0.017924566,-0.27462077,-0.08141183,-0.005706087,-0.25794357,-0.17241472,-0.16358864,-0.20613484,-0.0718233,0.07123445,-0.18293187,0.1011032,-0.16580896,0.10257752,0.09373961,-0.14334755,-0.009372138,-0.0829365,0.035169486,-0.02830515,0.17387205,0.12552671
TCGA-PL-A8LX-01A,-0.08401599,0.22093907,0.16296035,0.20749207,-0.18041103,0.2159567,-0.084980085,0.0034209567,-0.16245332,-0.000529539,-0.05754756,-0.13884422,0.05982436,0.25078845,0.17581409,-0.022323383,-0.06683003,0.14982885,-0.031258292,-0.03721539,-0.17800853,0.04571654,-0.07918199,0.1255856,0.041782726,-0.07398398,-0.37546936,-0.04969539,0.014532485,-0.00953862,-0.030825477,0.1374898,-0.22050767,-0.23557463,-0.16821615,-0.22866702,-0.0023541504,0.106723934,-0.09502809,-0.05035559,-0.17048217,0.10941193,-0.01652462,-0.074144535,-0.09591318,-0.116782494,0.07711895,-0.013447485,0.15730454,0.27773407
TCGA-BH-A0HA-01A,0.017369717,-0.01030881,0.22057533,0.06175654,-0.25168526,0.024399146,-0.020569399,0.061920054,-0.22369927,-0.019402228,-0.029413363,-0.10841781,0.06601012,0.28140122,0.104997374,-0.06594928,0.041622344,0.21376206,-0.09408188,-0.24498034,-0.030625777,-0.10735474,-0.20319021,0.20895863,-0.060779132,-0.06762724,-0.31448045,0.03181582,0.04026828,-0.18086055,-0.08719779,0.117494576,-0.2431862,-0.28604248,-0.06538774,-0.15225662,0.0709175,0.050209973,-0.068616696,0.03654513,-0.12710491,0.10986643,-0.05835238,-0.15792345,-0.08829391,-0.15639208,-0.10677845,-0.06525089,0.22932921,0.016085647
TCGA-E9-A1RF-01A,-0.038729746,0.078387745,0.17546895,0.13769813,0.019528603,0.11166186,0.0094314655,-0.07536694,-0.035996594,-0.10270865,0.022558467,-0.09809142,-0.006048752,0.24441771,0.094340585,-0.20323348,-0.042398963,0.10606726,-0.029388366,-0.07955209,-0.14177449,0.094349384,-0.0135198645,0.1137682,-0.055169012,-0.042455226,-0.3945313,-0.12216856,0.013526561,-0.1228777,-0.058826078,0.19268274,-0.22852647,-0.26223812,-0.10656505,-0.19661194,-0.10824816,0.05673927,-0.22604266,-0.17840357,-0.030251682,0.18718374,0.04331198,-0.09961489,0.051074844,-0.1296191,0.13504909,0.019083375,0.27674466,0.25913242
TCGA-W8-A86G-01A,-0.18136206,0.18316592,0.15656462,0.18005934,-0.15423435,0.13580786,-0.1546325,0.063783385,0.03917643,0.03710656,-0.17785692,-0.027964082,0.14963919,0.17893049,-0.027416993,-0.07149827,0.115795545,0.19237699,0.03848595,-0.13277447,0.030986134,0.19493286,-0.13747886,0.060883723,-0.25320393,-0.088986166,-0.2701303,-0.19103028,-0.08289948,-0.08011029,-0.053556766,-0.067205526,-0.286448,-0.2916658,-0.04105473,-0.23109697,-0.027034545,0.043619584,-0.12172189,0.053981576,-0.10534769,0.1408319,0.114713885,-0.053743538,-0.02493406,-0.03612825,-0.017356735,0.096600376,0.1814534,0.20859233
TCGA-B6-A0RO-01A,-0.120245904,0.025304131,0.18225841,0.23136652,-0.09658434,0.03317918,0.01432407,0.047418322,-0.14679451,-0.041247457,-0.11873582,-0.19694373,-0.05982337,0.22935382,0.019139068,-0.25242546,0.11732374,0.29890352,0.026980104,-0.02221029,-0.047901362,0.00014803288,-0.11779389,0.027283054,-0.011085447,-0.05839314,-0.22106095,-0.11418643,0.001166388,-0.15205196,0.04679298,-0.028399825,-0.33474162,-0.22519568,-0.091104634,-0.22431089,-0.0748893,0.031872023,-0.09950944,0.06822566,-0.08349332,0.11742603,0.0014002305,-0.08864606,-0.1896198,-0.07743449,-0.049956307,0.054054905,0.3535557,0.18031666
TCGA-EW-A1P1-01A,-0.063756146,0.09193202,0.15691954,0.077965245,-0.10897888,0.046269234,0.11384443,0.06700485,-0.18433847,-0.13476337,-0.039338347,0.045148745,0.04576297,0.22037119,0.04327588,-0.0038477755,0.16232343,0.24246848,-0.21360342,-0.16402781,0.18109341,0.08008909,-0.12613674,0.004075563,0.047778387,0.1636859,-0.3821783,-0.08884522,0.15064746,0.0039470224,-0.025044963,0.08962484,-0.13962515,-0.24593787,-0.100220695,-0.18717945,-0.10941082,0.23415634,-0.052886397,0.047714908,-0.13280933,0.024951944,0.17885865,-0.15900256,-0.0630721,-0.14150365,0.113151774,0.036495507,0.14048477,0.24391243
TCGA-OL-A66L-01A,-0.08401571,-0.035758626,0.23102868,0.07922826,-0.09605572,0.06960439,-0.015707064,-0.07940102,-0.33005852,0.08464878,-0.13430154,-0.08948042,0.03610522,0.06130695,0.13807012,-0.12181205,0.24401762,0.25612515,-0.008789218,-0.1727732,-0.04380388,0.06300204,-0.012100417,0.08218309,0.012578411,0.06517332,-0.19341438,-0.14237835,-0.1095656,-0.044898354,-0.1998366,0.10972706,-0.23206559,-0.25356135,-0.0418714,-0.19227645,-0.14700362,0.094911925,0.1129896,-0.043697406,0.004580399,0.061631,0.1739793,-0.26810446,-0.045400348,-0.14001462,-0.03257272,0.0065211137,0.3123369,0.076665916
TCGA-BH-A0E2-01A,-0.16606113,-0.06274773,0.30786777,0.03290676,-0.008734532,-0.029793695,-0.015082425,0.16832474,-0.14085884,-0.07195894,0.016916897,-0.07206846,0.11397415,0.19529013,0.17933467,-0.13254938,0.2918648,0.11753354,-0.0905206,-0.11320937,-0.018174203,0.0348589,-0.05518566,0.17226776,0.06440472,-0.010348677,-0.35774556,-0.13470113,-0.07505548,-0.13575459,-0.14363714,0.052373484,-0.19345814,-0.2311264,-0.14564948,-0.18463176,0.05560957,-0.09545417,-0.1249829,-0.08286562,-0.13239917,0.21929534,0.21542597,-0.12074206,-0.007161623,-0.090946935,0.1022161,0.04365375,0.13889076,0.11058825
TCGA-S3-AA11-01A,-0.10959125,-0.008573033,0.12554273,-0.039381865,-0.18855017,0.018108299,-0.017785672,-0.03140664,-0.13984181,-0.034116343,-0.057269495,-0.049055777,-0.13487013,0.30115086,0.029249292,0.021711389,0.08837746,0.17218317,-0.14375995,-0.2296979,0.056177117,-0.2017348,-0.15535134,-0.045335293,0.013414306,0.029992707,-0.35984755,-0.049144655,-0.07018234,-0.073457114,0.1514719,0.26222634,-0.26353616,-0.19146061,-0.11918662,-0.2194279,0.0149875665,0.15172596,-0.07471449,-0.06710557,-0.06835017,0.10837037,-0.110410586,-0.13047127,-0.053575467,-0.101280816,0.14016365,0.017052095,0.20922664,0.23791653
TCGA-GM-A3NW-01A,-0.13748358,0.10840355,0.3179075,0.013683263,-0.20431864,0.19327317,-0.098424904,0.046154622,-0.07141646,-0.013636855,-0.12088775,-0.021822574,0.17963475,0.24371903,0.1053406,-0.14240941,0.024152184,0.25987673,0.051329833,-0.033024523,-0.16844013,0.08711764,-0.094405465,-0.038149063,0.0015735833,-0.10673719,-0.3665812,-0.12669428,-0.13709925,-0.16014335,0.05773577,0.067130074,-0.3913799,-0.11790483,0.050410077,-0.10428344,-0.022390295,0.056355774,-0.020517914,-0.03741968,0.018985704,0.051512238,0.033471707,-0.102021046,-0.1145932,-0.04846791,-0.0119859455,0.1085252,0.20471467,0.17782988
TCGA-A2-A0YK-01A,-0.08753401,-0.11995867,0.25369835,0.12452026,-0.20667101,0.08845039,0.055891674,0.100068554,-0.23256353,-0.114504114,-0.17840849,-0.09338047,0.07416434,0.20308927,0.0970459,-0.13564454,0.035470974,0.18008642,0.07229641,-0.17587811,0.0040126964,0.0013032164,-0.20894687,0.088965274,0.036089916,0.07023075,-0.21217823,0.0025725819,0.10932753,-0.120783605,-0.082589746,0.15560555,-0.1633714,-0.24343172,-0.16455382,-0.25710523,-0.097269736,0.08572108,-0.106013626,0.060042612,-0.070145756,0.020937348,0.16670346,-0.1503931,-0.024587924,-0.04070315,0.15493496,-0.11866084,0.32893473,0.08199824
TCGA-LL-A7T0-01A,-0.07358745,0.02588382,0.19161043,0.24192521,-0.33342996,0.1664809,-0.036738977,0.052566618,-0.10690874,-0.023685984,-0.057576682,-0.049780805,-0.008947908,0.17763278,0.052233905,-0.08427239,0.0138533,0.080800906,-0.06890116,-0.12900133,0.05780893,0.094467364,-0.3057299,0.064018354,-0.040558115,-0.016488582,-0.20344983,-0.0780255,-0.0125639215,0.014730164,-0.034406293,0.08924213,-0.27740243,-0.25473547,0.029941166,-0.23308322,-0.18207191,0.022384346,-0.090276845,-0.021737041,-0.05584106,-0.014146165,0.30626953,-0.12000904,-0.2029393,-0.12933172,-0.018293737,0.13275371,0.12195091,0.24073598
TCGA-B6-A0X5-01A,-0.12595837,-0.1469676,0.21559814,0.111700684,-0.35322872,0.15098698,0.045453046,0.042917717,-0.1846052,-0.028896535,-0.09385218,-0.084841594,-0.026149027,0.2954083,0.106444344,0.012490258,0.08612724,0.24449609,-0.176083,-0.23437712,-0.17075568,0.0675906,-0.06343584,0.17386428,0.025315035,0.08108659,-0.24822035,-0.050011624,-0.048338234,-0.18600726,-0.10424247,0.09848354,-0.19367309,-0.08143079,-0.12724163,-0.21106856,-0.1415359,0.036618844,-0.049217153,-0.08049804,0.02026736,-0.0028481975,0.10173031,-0.029740568,-0.080287814,-0.2506983,0.05798368,0.051094245,0.10241747,0.1386819
TCGA-AR-A2LR-01A,-0.08074446,-0.00962527,0.2185827,0.2271032,-0.11475656,0.16920334,-0.026760804,0.057516344,-0.18561557,0.016458506,-0.12163605,0.034321103,-0.0021279466,0.16846214,-0.03293276,0.018283412,0.15577936,0.09989572,0.12941113,-0.24595919,-0.015874218,-0.065470204,-0.042111322,0.2074163,0.080703855,0.0008444686,-0.29999512,-0.043039486,-0.053828396,-0.2535369,-0.071585014,0.12590052,-0.19021337,-0.1841278,-0.011651845,-0.29482445,-0.09582449,0.07588263,-0.09045898,-0.03706319,-0.17700656,-0.0030394685,0.17098527,-0.044895854,-0.29137766,-0.1451259,0.082564704,0.10644154,0.16756076,0.1547706
TCGA-BH-A0BC-01A,-0.13461365,0.021207858,0.21948579,0.19425349,-0.1593554,0.1468701,-0.008152048,-0.036207255,-0.18547565,-0.114639975,-0.002156428,-0.039099142,0.21492983,0.12859492,0.253586,-0.11846153,0.16413161,0.2772332,-0.028763177,-0.26630354,0.007897831,0.057804313,-0.08306469,0.15179095,-0.10260865,-0.021360371,-0.20402935,-0.0038198784,0.14537823,-0.16336235,-0.01782509,0.06538841,-0.2560104,-0.19227172,-0.20832235,-0.14015524,-0.14989765,0.07556499,-0.087168835,-0.043992635,0.037068408,0.06155704,0.07496691,-0.080132686,0.11234834,-0.053745843,-0.079777874,0.13650921,0.2013625,0.20390159
TCGA-E9-A1R7-01A,-0.12169418,-0.09672835,0.17644693,0.10756506,-0.1945008,0.093980365,0.012846676,0.0982884,-0.26412645,-0.02681871,-0.001130607,-0.16027947,-0.018162092,0.23764342,0.090360716,-0.05876746,0.045283105,0.12945029,-0.023495981,-0.30921665,-0.011789345,-0.058807015,-0.14197917,0.022803146,-0.057559382,-0.10061839,-0.38952717,0.02649092,0.061209258,-0.227294,-0.051547837,0.072346866,-0.16109915,-0.26677498,-0.22330813,-0.095243335,-0.15589236,-0.04758366,0.1054073,-0.021643791,-0.18581991,0.09101887,0.10254881,-0.20589425,-0.134397,0.043247513,-0.01825354,0.049215965,0.16982614,0.046565782
TCGA-EW-A1J6-01A,-0.09010196,-0.072897606,0.20582378,0.05305919,-0.15522972,0.105765134,-0.09156816,0.112535246,-0.09360664,0.105054505,0.03634007,-0.14222991,0.03618267,0.088472135,0.23627093,0.027718822,0.2368973,0.14259547,0.020228595,-0.24602123,-0.010602481,0.11070406,-0.097142614,0.028785098,-0.09696938,0.015642405,-0.24983789,0.017020907,-0.004475738,-0.16244316,-0.11737472,0.084673226,-0.09331447,-0.27710706,-0.14454181,-0.31878978,-0.01065306,-0.019508565,-0.18817474,-0.0047419327,-0.03924946,0.13294612,0.27742183,-0.108077645,-0.047810536,-0.14455807,-0.05959949,0.045765355,0.3341301,0.0772929
TCGA-A2-A25A-01A,-0.08782152,0.13929789,0.26549393,-0.009992639,-0.16900699,0.026096312,0.11391298,0.075814925,-0.21356744,-0.12824598,-0.08503879,0.009331534,0.07003125,0.1944988,0.14181478,-0.19027525,0.10636622,0.19150487,0.0034516111,-0.2581731,-0.095486164,-0.091648154,-0.03634457,0.20250732,0.014097961,0.11157973,-0.25459903,-0.08328767,-0.04908252,-0.051299356,-0.11577874,0.018291006,-0.26212215,-0.1007009,-0.19289713,-0.18772954,-0.17881079,0.002356883,-0.107001424,0.13161488,-0.08433472,0.18488911,0.112834625,-0.15830214,-0.08458779,-0.22684048,0.031918146,-0.054742876,0.2304809,0.03643248
TCGA-C8-A8HQ-01A,-0.16671272,0.045921702,0.20783085,-0.010244107,-0.07703014,0.0016936497,-0.15533186,0.041538347,-0.14060071,0.04393489,0.009774006,-0.0048473603,0.08288286,0.32204512,0.24384859,-0.087441005,0.047715083,0.31429592,-0.13450748,-0.19520184,-0.049559135,0.038349062,-0.013501492,0.2148773,0.035377998,-0.04173007,-0.32066897,-0.07618933,0.10447309,-0.18793838,-0.010212469,0.123910755,-0.068069264,-0.13616069,-0.22548978,-0.15306129,-0.098476686,0.03476238,-0.047543805,0.05456484,-0.12681715,0.16290855,0.042567097,-0.2344531,0.00577854,-0.02033644,-0.07170953,-0.07837292,0.25294083,0.16106537
TCGA-E9-A1RB-01A,-0.11853579,-0.011809498,0.26264837,0.32777882,-0.080543585,0.19072555,-0.026915798,0.050361022,-0.1486164,-0.025814664,-0.07489471,-0.15117267,0.05591051,0.300649,0.013839076,-0.10893371,-0.0020465604,0.19295204,0.049984332,0.04859406,-0.095968075,-0.035628237,-0.09702209,-0.023153974,-0.054538894,-0.042013295,-0.31985247,-0.17292824,0.07292069,-0.23731716,-0.018010229,-0.022810945,-0.21366645,-0.25748047,-0.10119628,-0.2563867,-0.059503343,0.1181863,-0.107167765,-0.0058964267,-0.039272327,0.107041135,0.11248275,-0.112329915,-0.15881962,-0.017643914,-0.0803792,-0.040916946,0.19130477,0.1379426
TCGA-AC-A23G-01A,-0.14283067,0.100728214,0.14432488,0.19074711,-0.012989119,0.055319425,0.10589078,-0.061278734,-0.18309829,-0.039577838,-0.037268937,0.004032008,0.086907774,0.24078752,0.14622958,-0.18275987,0.09516526,0.2449777,0.034916233,-0.09180008,-0.04908201,-0.05783293,-0.15869077,0.10688665,-0.042591922,-0.04755324,-0.25450787,-0.23588516,-0.1343662,-0.12500712,0.06261951,0.10915349,-0.20823845,-0.13223529,-0.16193871,-0.21671689,0.07275893,0.09111744,-0.011308661,-0.11204798,0.07854652,0.17852625,0.13313499,-0.13973363,-0.2176514,0.019565327,0.0067374455,0.1213347,0.2808419,0.2552228
TCGA-A7-A6VV-01A,-0.05860389,0.014201736,0.22119257,0.16244724,0.023513632,0.14236769,-0.030382667,0.06341489,-0.091247454,-0.096165456,-0.07525665,-0.036441665,-0.010611855,0.3734062,0.007599821,0.048252054,0.034920342,0.1364551,-0.06914884,-0.07021906,0.00015467292,-0.009714194,-0.05074072,-0.023136567,0.048909195,0.052992567,-0.22907557,-0.029340973,-0.023376836,-0.25611827,-0.11230576,0.22279777,-0.19756158,-0.18413338,-0.098441325,-0.2088947,-0.10391383,0.19051594,-0.18715198,-0.034429587,-0.014004131,0.032177802,0.20871672,-0.2933668,-0.11217465,-0.13183728,-0.10764934,0.07409957,0.068604,0.34193844
TCGA-GM-A5PX-01A,-0.19101864,0.018562282,0.31584698,0.1166572,-0.12821516,0.24492936,-0.12076589,0.04187953,-0.2792939,-0.17519675,-0.070372194,0.04324643,0.039855927,0.19537963,-0.1062511,-0.10790094,0.12155559,0.19902487,-0.114454605,-0.26877865,0.029414786,0.0669466,-0.0813269,0.11615324,-0.03459219,0.058715843,-0.20599069,-0.08217857,0.0136468,0.030172333,-0.024523303,0.13180746,-0.1980752,-0.23365074,-0.024938228,-0.0011414891,-0.023845645,0.030495202,-0.08655593,0.024341641,-0.08865184,0.09454172,0.097982965,-0.16327198,-0.10478907,-0.14379986,-0.20359829,-0.00819312,0.2959988,0.1511687
TCGA-AR-A24U-01A,0.058525488,0.06356449,0.2880664,0.10621611,-0.14042524,0.29078335,0.0495902,0.07862041,-0.21842691,-0.04553105,-0.06937587,-0.076518215,0.14900833,0.17959855,0.23568715,-0.10106628,0.117954135,0.19421257,0.06394726,-0.17203858,-0.020507202,-0.057813387,-0.023461483,0.025779255,-0.063391514,0.02034009,-0.3286268,-0.0505221,0.04004301,-0.1789657,0.075003,0.136817,-0.15927021,-0.1351912,-0.1501233,-0.17423716,-0.18057048,0.08758875,-0.018002639,0.17351034,-0.13079493,0.03585363,0.1737424,0.011198728,-0.076946974,-0.035555672,-0.06487765,-0.020498063,0.33660945,0.018913021
TCGA-E2-A1LL-01A,-0.13150097,0.14189504,0.3428582,0.107539386,-0.18755937,0.21535644,-0.027521582,0.09761797,-0.15147859,-0.004216151,-0.21225972,-0.0807934,0.06667967,0.28177115,0.07537504,0.02306867,0.055265673,0.21738513,-0.008738488,-0.12954661,-0.1570557,0.016901871,-0.17417139,0.036242586,0.010185436,-0.013356261,-0.16399527,-0.10526708,0.0034932795,-0.21939254,0.005178706,0.1660314,-0.19454643,-0.18075374,-0.0645355,-0.070690855,-0.16084088,-0.03309858,-0.15784469,-0.002215202,-0.057884358,0.22328493,0.13993554,-0.1301768,0.0083322,-0.11115575,0.00012391237,-0.0060256994,0.28335327,0.15872528
TCGA-BH-A2L8-01A,-0.21536943,-0.092047215,0.07469306,-0.02843744,-0.050599303,0.14439166,-0.10799436,0.13769987,-0.21594575,0.041564763,-0.09804678,-0.0781255,0.09955401,0.25717884,0.087163106,-0.02273825,0.14717822,0.19490339,-0.1504816,-0.20080574,-0.00912406,-0.066005826,-0.06567994,0.10451791,-0.050976794,-0.010974748,-0.30871525,-0.06748773,-0.025006851,-0.116676785,-0.26647472,0.20823848,-0.12851346,-0.37078583,-0.2121361,-0.20974587,-0.16266368,0.11015252,-0.07949215,-0.030914288,-0.066972114,0.09966142,0.046018407,-0.18283674,0.0075567085,0.0021853112,-0.033552174,-0.04195619,0.1454697,0.0077731526
TCGA-E2-A1L7-01A,-0.032544833,-0.02959484,0.22293383,0.08708417,-0.09281724,0.23122713,-0.041891105,-0.012309554,-0.14332187,0.03228882,-0.13210988,-0.020808049,-0.014052964,0.25364286,0.1350273,0.011088303,0.05006951,0.2858335,-0.11152621,-0.21578167,0.14374454,-0.059297245,0.05311287,-0.02385379,-0.09741152,0.10453333,-0.36788484,0.051288437,-0.012014446,-0.121198975,-0.095353946,0.1639427,-0.1632262,-0.26049596,-0.23182867,-0.19927315,-0.09384847,0.14035809,-0.1077589,-0.011240098,-0.12726548,0.05375202,0.22552162,-0.20497411,-0.07680063,-0.032855436,0.0007308662,0.08522773,0.09615443,0.10403013
TCGA-BH-A1F6-01A,-0.10818371,-0.107959576,0.16237976,0.16552578,-0.05013096,0.15970396,0.07470969,-0.02523802,-0.13130693,-0.0061040903,-0.15124369,-0.08104092,-0.043599583,0.12145328,0.12486882,-0.04494132,0.03459263,0.14980946,0.013097266,-0.13989611,-0.11923735,0.18830761,-0.10248709,0.18169922,0.049491625,0.05281785,-0.3082868,0.09488412,-0.017915787,-0.12522556,0.058835775,0.09707418,-0.23826939,-0.21467716,0.036245164,-0.23334673,-0.04197082,0.10248111,-0.17112023,0.110936746,-0.1642806,0.31831884,0.16140313,-0.18879987,-0.16461922,-0.025324566,-0.021734817,0.065030575,0.23565492,0.2060162
TCGA-AO-A0JF-01A,-0.23493204,0.082670696,0.22521913,0.07148971,-0.06805714,0.16270365,-0.07565607,-0.02279697,-0.19986813,-0.06294431,0.004442804,0.11339296,-0.0034785585,0.25681773,0.12065257,-0.09132907,0.10797111,0.20595488,-0.06837793,-0.20276617,-0.03975427,0.01161717,-0.1310837,0.18154916,0.100581884,0.097802065,-0.33853883,-0.13277194,0.1302265,-0.09278248,-0.04014278,0.091478996,-0.3210172,-0.070714004,-0.14191312,-0.115038596,-0.17042124,-0.014274437,-0.11834184,0.14106685,-0.111518435,0.13259842,0.11761679,-0.18421273,0.09228904,0.056827735,-0.07413409,-0.067507215,0.22044632,0.08477964
TCGA-B6-A1KC-01B,-0.27069798,0.036971927,0.14836049,0.18766575,-0.13307343,0.11400032,-0.022442725,0.043904126,-0.11350157,-0.062630676,-0.035166778,-0.096053526,0.14639498,0.07895,0.09764347,-0.0041715107,0.02753912,0.21228111,-0.09574222,-0.084980756,-0.073636055,0.2000507,-0.06234694,-0.06116401,-0.024162296,0.15519829,-0.1723162,-0.0439598,0.13306794,-0.1686442,0.13008122,0.032542523,-0.21475513,-0.2876795,-0.15966557,-0.25315154,-0.08503482,-0.015794015,0.023402123,-0.037153002,-0.027334174,0.2762018,0.08070324,-0.25156826,-0.22954766,-0.12914619,0.09014728,0.079857595,0.13872549,0.23870838
TCGA-OL-A6VO-01A,0.022980498,0.024519574,0.19730689,-0.111296825,-0.17976864,0.12224805,0.0013473881,0.0681926,-0.09031483,-0.04201563,-0.1263788,-0.11255728,0.19209522,0.27430135,0.11371616,-0.00074941065,0.25350416,0.16356301,-0.060788166,-0.18167488,0.05664771,-0.0003854176,-0.06815081,0.15587059,-0.009192455,0.103585795,-0.14797792,-0.010912151,0.04696232,-0.15660638,-0.1433257,0.13101473,-0.21255867,-0.25759712,0.018450769,-0.29001257,-0.096663915,0.21172516,-0.017226553,-0.08065521,-0.09698347,0.16276048,0.004786878,-0.1695887,-0.18964115,-0.13993512,-0.080204144,0.031610277,0.22152115,0.20292653
TCGA-E9-A1R6-01A,-0.15127836,0.074747086,0.31899542,0.16776176,-0.17353024,0.1836436,-0.18945071,0.053857945,0.025227673,-0.015726956,-0.13954899,-0.12764306,0.116423,0.24510297,0.07253115,-0.08659854,0.07624178,0.17924877,-0.049228884,-0.05413936,-0.15560877,-0.007762212,-0.09880418,-0.03057895,-0.018400023,-0.058918476,-0.3098906,-0.14849411,-0.020106928,-0.17216958,0.11789163,0.088348016,-0.20612296,-0.23328224,-0.16573068,-0.18873158,-0.052412424,0.056564562,-0.09871468,0.14883928,-0.044852633,0.012652522,0.04580619,-0.18112396,0.0817568,-0.058093287,-0.006420055,0.033743195,0.23167695,0.25340936
TCGA-D8-A1J8-01A,-0.039859027,-0.13356061,0.20298634,0.08358717,-0.06767584,0.044139605,-0.09033898,0.018824795,-0.078036875,-0.045848034,-0.14380036,-0.10897523,0.006864717,0.16394664,0.20067053,-0.13064677,0.29249105,0.22494085,-0.034403518,-0.19113061,0.011379724,-0.0038873355,-0.09309877,-0.01572082,0.028593825,0.029822981,-0.41102657,-0.08127134,0.032154344,-0.17054932,-0.055040505,0.17707838,-0.21017976,-0.24437635,-0.2521871,-0.15971726,-0.06296262,0.0883067,0.01836493,0.043843247,-0.05790662,0.1334863,0.11208536,-0.2155928,-0.17380033,-0.029810218,-0.01799839,0.15238765,0.14353776,0.071834
TCGA-E2-A1IU-01A,-0.08422457,-0.025736379,0.13251095,0.11066987,-0.22256723,0.121724956,0.03205738,0.08949812,-0.027410537,-0.17123015,0.026759997,-0.050834864,0.110639654,0.14482066,0.1209746,-0.101183504,0.17427133,0.15930286,-0.02315439,-0.34400347,-0.097920164,-0.015133899,-0.11755735,0.12417442,-0.12270162,-0.086922616,-0.4930895,-0.17319638,-0.045561463,-0.14543022,-0.041935623,0.0025185423,-0.19582787,-0.15982135,-0.03192499,-0.21507062,-0.050158802,0.027534606,-0.12537503,-0.0056233034,-0.14793938,0.045387074,0.06861759,-0.19721389,0.007007618,-0.071606286,-0.048258837,-0.003308051,0.2403923,-0.011381242
TCGA-GM-A2DH-01A,-0.1598349,0.06447157,0.15110657,0.16094333,0.037399538,0.11562517,-0.041359298,0.08275359,-0.076763846,0.0007572441,-0.21937798,-0.10003276,0.10514663,0.15152146,0.03419049,-0.042474266,0.07728672,0.18979396,0.056438167,-0.07323986,-0.08003227,0.0725948,-0.19575256,0.028876893,-0.11450848,0.03329009,-0.2832691,-0.027638335,0.07549394,-0.17193519,-0.09055101,0.18030661,-0.20259242,-0.3647957,-0.17112763,-0.15349205,-0.070546545,0.20655492,-0.23437451,0.05413516,-0.20627159,0.1512357,0.06512191,-0.12833045,-0.15592976,-0.07401027,0.022858035,0.14302848,0.15054764,0.18060115
TCGA-C8-A27A-01A,-0.13066296,0.19428346,0.1893443,0.096957214,-0.1296297,0.25911027,0.01971522,0.12291734,-0.14674997,-0.04033724,-0.112509914,-0.17205338,-0.066085525,0.3506351,0.119701035,-0.14564991,0.019616706,0.09677379,-0.07563815,-0.057866763,0.009014068,0.15765144,-0.066564776,0.066063,-0.12060672,0.04833224,-0.32851362,-0.06269431,0.0088573955,-0.057704184,0.15069196,0.13958666,-0.15838495,-0.30694517,-0.11630736,-0.08910943,0.01460539,-0.044186056,-0.0645801,-0.030772744,-0.07365503,0.17161073,0.06344836,-0.19589587,-0.16942587,-0.15151757,-0.009228659,0.1524981,0.13896678,0.16026048
TCGA-A2-A04R-01A,-0.021272825,0.1027749,0.10543867,0.10147525,-0.15712263,0.08189976,-0.10898863,0.0862804,-0.06444632,-0.021124182,-0.00014047111,-0.17057902,0.0067376746,0.10207602,0.20026246,-0.09370859,0.20608628,0.22512817,0.053710945,-0.32762393,-0.0047245603,-0.05461784,-0.008959766,0.062110554,0.0067170453,0.023453655,-0.31824273,-0.14846332,-0.013325421,-0.23600207,0.033411786,0.13585538,-0.30144602,-0.15759513,-0.11954433,-0.38022348,-0.17309919,-0.030180499,-0.078505136,-0.019412516,0.09107885,0.10995768,0.014355111,-0.19389026,0.08254394,-0.0778489,-0.04519658,0.060354114,0.10728587,0.11783821
TCGA-AC-A7VC-01A,0.043353282,-0.050006527,0.12603925,0.11029861,-0.20641945,0.071328126,-0.03443982,0.041175537,-0.24290396,-0.0871227,0.032792464,0.06938705,-0.101892464,0.27623066,0.20258486,-0.003518076,0.18690525,0.19316289,-0.012477789,-0.20372233,0.07627976,-0.014786317,-0.12561631,0.08249606,-0.06182476,0.02059457,-0.3533685,-0.05866396,0.035348672,-0.17868362,0.056035377,0.11229617,-0.1855461,-0.1717157,-0.13556537,-0.2550965,-0.17586045,0.023584154,0.033146713,0.10425546,-0.16600339,0.16862613,0.2541056,-0.07383531,-0.13355324,-0.05181443,-0.04561339,0.13509464,0.14508745,0.11842706
TCGA-AC-A8OP-01A,-0.23394021,0.16005926,0.14204001,0.15820433,-0.09225026,0.1447888,-0.024840647,0.009398767,0.032041166,-0.07585437,-0.17784126,-0.19224206,0.07262856,0.25912088,-0.048423745,-0.077883005,-0.08057878,0.2696269,0.0644327,-0.061665297,-0.030836567,-0.0015089932,-0.21248262,0.005945876,0.008611837,0.11574038,-0.2478176,-0.19490947,0.003958971,-0.21884932,-0.10789642,0.07973829,-0.2527498,-0.31973127,-0.07787335,-0.14249614,-0.09449587,0.16761428,-0.029457306,-0.0788727,-0.09969764,0.07792741,0.1519162,-0.11104205,-0.08713227,0.023589082,-0.048673365,0.10552487,0.17795126,0.18621254
TCGA-A1-A0SQ-01A,-0.08799768,0.08433282,0.36696836,0.044842217,-0.23091075,0.18068282,0.105124585,0.06637826,-0.019062936,-0.113590054,0.016198773,-0.0650622,0.00057463715,0.2115803,0.10743644,0.10608085,0.15413508,0.15046035,-0.07851602,-0.1630678,-0.0080468925,0.026813606,0.05227312,0.095095865,-0.012245746,0.1442459,-0.3137854,0.033988286,-0.052433442,-0.20031887,-0.09545042,0.026716882,-0.31697714,-0.15578133,-0.1634395,-0.20563474,-0.09569067,0.1474666,-0.025958864,-0.0033130439,-0.008904913,0.071070835,-0.08790357,-0.056345817,-0.056753203,-0.15430951,-0.012720819,0.18240817,0.27856877,0.13155445
TCGA-BH-A0BF-01A,-0.054796565,0.028239649,0.24095826,0.13608207,-0.1609122,0.2079028,0.028641695,0.023368036,-0.20505275,-0.24907899,-0.0976715,-0.13207656,0.065241046,0.21163774,0.23436424,-0.04396651,0.1581448,0.22987325,-0.049293183,-0.15148632,0.029949365,-0.0080237165,-0.04796352,-0.09305977,-0.03566616,0.038500648,-0.34756315,0.084595725,0.12783837,-0.11859576,-0.08661432,0.08569954,-0.20375532,-0.2497171,0.03396992,-0.09147183,-0.08941023,0.10581655,-0.0744751,0.07818943,-0.08180747,0.23263986,0.16423851,-0.035945885,0.151339,0.0255289,-0.053949658,0.099578254,0.16709071,0.1530216
TCGA-BH-A1FG-01A,-0.085406184,0.025938883,0.2782618,0.018171178,-0.108290605,0.15455647,-0.034822237,0.03228398,0.012900751,-0.0706502,-0.07926241,-0.007723277,0.061175473,0.13923855,0.14954412,-0.03422479,0.20989425,0.2566839,-0.08762696,-0.20907809,0.083977595,-0.002033836,-0.12271696,-0.023922192,-0.035775345,0.046542536,-0.32663617,-0.0813178,-0.025924576,-0.062843755,0.023448486,0.1137141,-0.31496638,-0.173267,-0.06517895,-0.35084206,-0.025529673,-0.06479053,-0.12065436,0.04790579,-0.06929384,0.06695683,0.21477795,-0.17937306,-0.20186828,-0.22000015,0.0412371,0.10802016,0.1736522,0.028896287
TCGA-BH-A204-01A,-0.106196344,-0.16078444,0.16198906,0.0986567,-0.1934426,0.11429248,-0.0316385,0.0043186303,0.0037588899,-0.032303456,-0.11229934,-0.10409934,0.081677355,0.15697175,0.3377496,-0.06250336,0.007079759,0.24394682,-0.26828757,-0.24543524,-0.022692349,-0.00033620093,-0.1605007,0.14949043,0.038832013,0.079450436,-0.32827353,-0.067176394,0.05214737,-0.14463376,0.018018516,0.085175686,-0.2261787,-0.26705423,-0.090860575,-0.16830987,-0.026436456,0.0060364166,-0.15032536,-0.03717217,-0.06776988,0.12355745,-0.067200266,-0.14836842,-0.06992809,-0.13125412,-0.018126303,0.030347725,0.17016578,0.16552089
TCGA-AN-A0XR-01A,-0.08648667,-0.056177933,0.24865054,0.12757708,-0.11699506,0.0045729945,-0.06572837,-0.08345525,-0.18382585,-0.03660492,-0.021226626,-0.10786165,-0.04236807,0.1789063,0.0635414,0.097178884,0.19279711,0.20208849,-0.06866262,-0.23167582,0.06298465,-0.03954793,-0.08863182,-0.02166033,0.08763876,-0.045517817,-0.22636683,-0.058764488,-0.02343474,-0.23776515,0.022962205,0.31827798,-0.2680344,-0.3120051,-0.08426773,-0.20192447,-0.057064753,0.07573453,-0.13801,-0.10475412,-0.1231671,0.050875846,0.009662624,-0.02944462,-0.19288956,-0.084816925,-0.081947066,-0.022257945,0.28218272,0.11009862
TCGA-OL-A5S0-01A,-0.025028737,0.063884616,0.27352577,0.09161109,-0.16398273,0.03212875,-0.058111265,0.108762324,-0.12113048,0.023538115,-0.1515647,-0.04959649,0.11906286,0.19464843,0.1072457,-0.041189432,0.107440524,0.1712608,-0.042075045,-0.18346487,-0.13229366,-0.07384942,-0.16262434,0.04644152,-0.034898113,0.1495765,-0.35790214,-0.077733256,0.08322832,-0.13576272,-0.04369416,0.10746444,-0.10513562,-0.22001101,-0.095434695,-0.16383138,-0.0023144614,0.08062836,-0.1147371,-0.06628338,-0.14262496,0.15115075,0.2256684,-0.23584443,-0.14403935,-0.08966611,-0.052576363,0.032896627,0.19515674,0.3141653
TCGA-BH-A1F8-01A,-0.080671616,0.0483394,0.3265852,-0.0001121881,-0.10719917,0.26938272,0.15579723,0.06590815,-0.27513325,-0.05969086,-0.041724898,-0.23252183,-0.020947147,0.12474829,0.16749768,-0.017915197,0.15212378,0.29954553,-0.041307434,-0.120105706,-0.02132942,-0.050232667,-0.031994216,0.042739544,0.11667061,0.05348003,-0.2873411,-0.0935366,0.12250135,-0.155784,-0.04326321,0.053725157,-0.22554795,-0.10858364,-0.1512235,-0.11204625,-0.09423533,0.08908311,-0.12837286,0.03414143,-0.097654104,0.108434364,-0.048842676,0.03767154,-0.10355048,-0.116465084,-0.11362805,0.11256743,0.25998273,0.17498833
TCGA-A2-A1G1-01A,-0.108712815,-0.041643918,0.19242617,0.18960238,-0.0030785317,0.23139153,-0.015541466,0.102516405,-0.23707195,0.06571621,-0.12815689,0.00074378756,0.005019252,0.27761605,0.11693448,-0.09049311,0.11323233,0.3077049,0.012533724,-0.024839053,0.04961772,0.0015146179,-0.072051294,0.102778904,-0.038819507,-0.087275505,-0.39447898,-0.03452727,-0.09815492,-0.07844828,-0.10776003,0.043690577,-0.21665359,-0.17327793,0.029876556,-0.2091032,-0.16420351,0.12260449,-0.0010967464,0.10611357,-0.11076877,0.15155974,0.10704489,-0.10557422,-0.20008337,-0.08040762,-0.20045243,-0.044787724,0.10333667,0.13957337
TCGA-BH-A42V-01A,-0.15955478,-0.051041424,0.092384815,0.08189272,-0.083565265,0.19691442,-0.029819114,-0.0066968016,-0.11259468,-0.083649114,-0.047967397,-0.10050425,0.005887451,0.14606455,0.16077015,-0.08693249,0.14080384,0.30416426,-0.09667577,-0.3635063,-0.072393425,-0.034391437,-0.01729418,0.15634191,-0.14072518,0.072534315,-0.31313276,-0.07337795,0.02667309,0.007996225,-0.06467368,0.110648446,-0.18168862,-0.16487075,-0.13932359,-0.38340116,-0.1525481,0.031321343,-0.075637445,-0.030294484,-0.14203402,0.05878001,0.1400822,-0.02703463,0.012474575,0.020607715,-0.06488888,0.12411002,0.16820958,0.20614931
TCGA-C8-A1HN-01A,-0.048077706,0.23082483,0.3298488,-0.06246755,-0.0892715,-0.008046496,0.030262746,-0.018379288,-0.0845554,0.0949179,-0.043443892,-0.041735176,0.05720706,0.2256638,0.18623118,-0.11050866,-0.047092997,0.17072546,0.023593323,-0.100063644,-0.02646717,0.12786251,-0.21398792,-0.005548166,-0.04506296,0.011724379,-0.2760594,-0.073453814,0.08950335,-0.32651478,-0.029927364,0.14885537,-0.28784168,-0.12332626,-0.07596224,-0.26151848,-0.13647015,0.07972653,-0.042723533,0.0650624,-0.17487575,0.047338672,0.219023,-0.042971544,-0.051171716,-0.15767674,-0.0010677564,0.13785346,0.11812697,0.17012489
TCGA-A2-A0YH-01A,-0.133991,0.029514669,0.17453165,0.109799065,-0.14598678,0.01902842,-0.057366602,0.11027113,-0.14938517,-0.1157775,-0.07326722,0.030133424,0.06615447,0.33830526,-0.035650983,-0.13397685,0.12782931,0.109138116,0.1219183,-0.012590865,-0.11138655,0.12364302,0.041429583,0.24059281,-0.05878502,0.014222205,-0.3420834,-0.043688867,0.012487468,-0.22552967,-0.08268729,0.0895438,-0.25802052,-0.10822837,-0.13629247,-0.2831902,-0.119610205,0.036639314,-0.2873825,-0.0642645,0.102628246,0.09109329,-0.006357876,-0.08045497,-0.09887608,-0.06367085,0.0063924203,-0.011183718,0.24843036,0.14822474
TCGA-BH-A5J0-01A,-0.072022185,-0.0031924897,0.26514345,0.108297125,-0.096903965,0.26559854,-0.010654975,0.12986976,-0.09975595,0.046874873,-0.06685434,-0.045111567,0.061414555,0.22164215,0.08617163,-0.041959483,0.09617218,0.24727495,0.1347629,-0.10937527,-0.23058638,0.024009854,-0.10048599,0.03098352,-0.07692277,0.059463866,-0.31679514,-0.14888027,-0.04644599,-0.16352667,-0.08258042,0.056882154,-0.14520074,-0.328881,-0.2061546,-0.18916185,-0.06301587,-0.009379439,-0.12612951,-0.17592318,0.0071008946,0.14522518,0.18276842,-0.090737574,-0.023069503,0.002830774,0.14217994,0.08939806,0.19826102,0.09794883
TCGA-AC-A3W7-01A,-0.27976575,-0.04008998,0.27929065,0.01704458,-0.043354347,0.24459308,-0.0280537,0.08243605,-0.121314324,-0.08883373,0.11079348,0.037114423,0.1348836,0.18934181,0.10866534,-0.048943035,0.090343714,0.17132132,-0.062085442,-0.1106159,0.076780975,-0.02108471,-0.09339105,-0.08927598,0.1466177,0.08953689,-0.30056,-0.13848262,0.0156412,-0.18833934,-0.15872711,-0.003363555,-0.13681884,-0.04262811,-0.08284707,-0.13310686,0.0016758686,-0.08451974,-0.19501428,0.056719795,0.0017371286,-0.043203782,0.304939,-0.15453011,0.009361476,-0.1433965,0.03304949,0.19255951,0.34523448,0.034517676
TCGA-AR-A1AU-01A,-0.17537087,-0.034490246,0.034069348,0.15278156,-0.04182602,0.112240985,-0.015646601,0.13492349,-0.11391576,0.00228478,-0.01665908,-0.07292835,-0.009566238,0.22951017,0.10144931,-0.05462124,0.09051136,0.23292169,0.025744904,-0.31195492,0.13567415,-0.022880374,-0.13845898,0.15573205,0.08876074,0.056758907,-0.3171861,-0.18976675,-0.022272833,-0.18217489,-0.09713067,0.0095741665,-0.20334487,-0.2172148,-0.2094185,-0.2522608,0.107076935,0.122295514,-0.08533052,0.007855576,-0.12092826,0.13992812,-0.060118854,-0.2509636,-0.0052694627,0.055781,-0.16328788,0.026744546,0.117425084,0.19374043
TCGA-E9-A226-01A,-0.11460053,-0.013663498,0.19832444,-0.024332888,-0.12976518,0.15834111,0.09444697,-0.052818425,-0.26422986,0.05672378,0.021533206,-0.08358607,0.08743536,0.18522574,0.11030358,0.046012774,0.2469384,0.27120975,-0.13135304,-0.1499718,0.00582705,-0.04287425,-0.17601739,0.18603426,0.025985373,-0.020181099,-0.2325341,-0.17732692,-0.03742115,-0.13982104,0.0062081157,0.17573187,-0.17283478,-0.28930148,-0.123567685,-0.19571662,-0.030132698,0.16356947,-0.14674129,-0.15853287,-0.14937,0.0023935202,0.06826837,-0.14229584,0.014358935,0.025152022,-0.045388564,0.07199077,0.1925251,0.20580803
TCGA-A2-A0SU-01A,-0.18951389,-0.039107636,0.20690604,0.15763186,-0.034056924,0.1817088,0.010931183,-0.072233275,-0.07290043,0.025246298,-0.06825856,-0.07174094,0.0021500578,0.032507125,0.14456315,-0.07174563,0.07903217,0.109392345,-0.025300648,-0.20852149,-0.06069996,-0.116835855,-0.0352868,0.20681757,0.008946847,0.13006388,-0.33445522,-0.08915557,0.028523874,-0.071065165,-0.18332012,0.19895868,-0.16555886,-0.15004049,-0.24628252,-0.1953115,-0.059145443,0.080599554,-0.06842384,-0.119571686,-0.15799075,0.20392793,0.14103085,-0.054805428,-0.08721507,0.058692764,0.12574115,0.042272557,0.29959673,0.29567418
TCGA-BH-A0H9-01A,-0.084417604,0.057441477,0.27923632,0.102796584,-0.1581358,0.039329503,0.035492398,0.1062656,-0.051595386,0.047665786,0.0067056366,-0.095995754,0.037824247,0.27362028,0.1780264,-0.010494723,0.14552686,0.09055244,0.009285203,-0.14450572,0.08453721,-0.029821463,-0.1119698,0.13602498,-0.06091854,0.0025647744,-0.2650869,-0.14160185,0.079165466,-0.33468965,-0.20628068,0.1825304,-0.25196704,-0.13409267,-0.11609909,-0.1179996,-0.12463666,-0.041796736,0.0016909076,0.03669526,0.0374526,0.049187716,0.06696269,-0.091803595,-0.14824323,-0.110090695,-0.051841583,0.09474316,0.36885965,0.189641
TCGA-UU-A93S-01A,-0.1402378,-0.0076420633,0.29637158,0.11708919,-0.08566306,0.0831302,0.029424345,0.043960404,-0.11030413,-0.07518277,-0.14428736,-0.084203035,0.076080196,0.21768327,0.12685904,0.0669534,-0.014617213,0.0010679668,-0.023961652,-0.0947374,-0.1742401,0.09356686,-0.15641324,0.14505342,-0.041171495,-0.07874069,-0.34934032,0.0047451197,-0.053216964,-0.18034874,-0.035631485,0.04386451,-0.35917202,-0.23756371,-0.065313146,-0.18776555,-0.21907882,0.033986457,-0.25294176,-0.051142976,-0.084473506,0.13079582,0.17401503,-0.16403522,-0.12925336,-0.022596063,0.064032674,0.029558875,0.06759856,0.17438531
TCGA-EW-A6SC-01A,-0.04836581,0.19708107,0.16670352,0.08811664,-0.299129,0.15028206,-0.0028926583,-0.04203599,-0.21995805,-0.08611353,-0.02278724,-0.028689543,0.08219747,0.14599185,0.08514681,-0.07449081,0.16980444,0.18909343,-0.009800988,-0.202244,-0.04117184,-0.17076153,-0.06416323,0.07333559,0.07930498,0.012923053,-0.3086834,-0.008262356,0.14650823,-0.05495928,-0.108334884,0.21230403,-0.3541015,-0.12692335,-0.0817697,-0.17987722,-0.16102481,0.0392524,-0.02290829,-0.114042096,0.06779275,0.08439594,0.06857144,-0.15703133,0.045446478,-0.2016605,-0.09441084,0.10470464,0.22987212,0.06562554
TCGA-OL-A66N-01A,-0.23288256,0.0051013576,0.19969535,-0.030291798,-0.20136204,0.14420317,0.0010122507,0.11414207,-0.12504466,-0.06731419,0.060104124,-0.09995725,0.23989901,0.25944597,0.082181804,0.02730627,-0.040768694,0.2246131,0.05926404,0.039368156,-0.13320015,0.06696315,-0.18767458,0.0625341,-0.015556779,0.041212942,-0.27567866,-0.11825404,-0.011216357,-0.16536114,-0.06150621,0.13155575,-0.14866543,-0.23153208,0.0015952555,-0.22967099,-0.07624616,-0.0327019,-0.085106455,-0.020585416,-0.06269954,0.2716802,0.08602725,-0.0825631,-0.17639041,-0.12570108,-0.09571572,0.18526998,0.15859883,0.23430502
TCGA-EW-A1PB-01A,0.06570234,-0.11194575,0.41388127,0.17240778,-0.07474973,0.1665827,0.051341597,0.08605026,-0.21283104,0.0075670057,-0.14094436,-0.07138147,0.0029430012,0.30235815,0.12527664,-0.08025856,0.09387285,0.14828661,0.027799599,-0.21514156,0.07337035,0.0032086615,-0.023459548,0.042793088,0.05045097,-0.059768178,-0.33879095,-0.02654024,0.16252242,-0.13883655,-0.059480086,0.10481704,-0.12597232,-0.17449276,-0.093891166,-0.1146165,-0.05338282,0.07737695,-0.18684103,-0.07607238,-0.100824766,0.17151573,0.19961205,-0.09641473,0.002318035,-0.06929993,0.07457073,0.16640218,0.20075743,0.05032991
TCGA-AR-A2LN-01A,-0.13858543,0.0027464097,0.16868633,0.08289524,-0.05699912,0.11055235,-0.080132544,0.11189912,-0.09978712,-0.12451819,-0.0132175125,-0.08889056,0.07270131,0.26146924,0.12811941,-0.041534465,0.14477172,0.3176322,0.008051469,-0.15606907,0.04213084,-0.0060692304,0.045029003,0.25956404,0.070941165,-0.0335844,-0.44266567,-0.1340948,-0.07021905,-0.15501116,0.067049555,0.08975969,-0.11251282,-0.25685215,0.069430314,-0.20094597,-0.107465304,-0.052040666,0.083541736,-0.16256763,-0.0795182,0.12458317,0.063275866,-0.27861354,0.010101093,-0.01102783,-0.017968336,-0.010615347,0.17498364,0.0194229
TCGA-AR-A24Q-01A,-0.12716264,0.024535082,0.07914309,0.19709662,-0.08010748,0.24822712,0.09424636,0.16236013,-0.06183846,0.049694743,-0.10562999,-0.09218867,0.2143844,0.105815105,0.15431389,0.10841238,0.016109657,0.11296775,0.025640551,-0.1972814,-0.079800405,-0.047343202,-0.012141176,0.11970201,-0.088217765,0.14367026,-0.20981884,-0.056827802,0.018171394,-0.17226528,0.07398514,0.058004387,-0.20889814,-0.31069103,-0.022430943,-0.34209323,-0.055177007,-0.009651407,-0.062862456,0.024428595,-0.0088051725,0.24894951,0.059311576,-0.05371955,-0.08912201,-0.082280025,-0.014361428,0.23980393,0.21115659,0.27405855
TCGA-E2-A56Z-01A,-0.19576003,0.20943013,0.303493,0.15277278,-0.09335984,0.02385477,-0.006536127,0.06748185,-0.066622704,-0.077329546,-0.12893562,-0.09125113,0.028386006,0.21335544,0.13725623,-0.0131777795,0.009610161,0.27724436,-0.121537685,0.0020260725,-0.12498126,0.046535876,-0.09156668,-0.01590582,-0.020670554,-0.05419144,-0.39140344,-0.09064972,-0.03211739,0.008325441,-0.064269245,0.080698036,-0.24130689,-0.18095328,-0.10925026,-0.23187219,-0.070936516,-0.02557433,-0.12239074,-0.19131841,0.15804572,0.19998538,0.0653446,-0.17377032,0.009888782,-0.11916157,0.009110225,0.047101893,0.14146237,0.20763175
TCGA-BH-A202-01A,-0.03380529,0.10843158,0.22908513,0.16151822,-0.1777465,0.17182514,0.1757747,0.08706239,-0.03241028,-0.07993475,-0.107212625,-0.07366553,0.07030225,0.2201714,0.08744035,-0.10477957,0.16200131,0.2012381,0.07369947,-0.07842994,-0.09143906,0.19457796,-0.052391004,0.07646122,-0.02442062,-0.003278439,-0.33564618,-0.07766061,-0.022384655,-0.2308892,-0.08152583,0.09845706,-0.17367199,-0.17381054,-0.025787601,-0.27730206,-0.08942911,0.1901351,-0.049245384,0.01930165,0.09048496,0.14673345,0.03854321,-0.12025503,0.0056160726,-0.032537237,0.0072323726,0.045643948,0.36218187,0.1581211
TCGA-B6-A0WY-01A,0.015660135,0.16804981,0.16737211,-0.021230545,-0.050144702,0.1267634,-0.017873384,0.21213315,-0.12897144,-0.029508553,-0.16634238,0.095710374,0.0216729,0.20922108,0.16622086,-0.19503748,0.0131371785,0.046592306,0.0013532679,-0.19920939,-0.13578057,0.014097534,-0.16698238,0.14041825,-0.022381105,0.07955581,-0.22491187,-0.03583247,-0.04234601,-0.05710881,-0.036984075,0.017432181,-0.16054027,-0.28009048,-0.0535671,-0.29053587,0.06223744,-0.009598244,-0.15421045,0.07611363,-0.14901996,0.1533409,0.159332,-0.22840317,-0.16953143,-0.12081819,-0.08333843,0.09300138,0.21216576,0.2982327
TCGA-BH-A0AU-01A,-0.09993634,0.12327111,0.12339913,0.057156585,-0.18551862,0.14472069,-0.061875667,-0.002860742,-0.1218208,-0.1398828,-0.08124441,-0.22370493,0.12820454,0.25217628,0.10372849,-0.2153072,-0.016555417,0.18041538,0.20452973,-0.08710484,-0.02600374,-0.053067166,0.0026194316,0.051805295,0.034972515,-0.086050175,-0.34095538,-0.041238256,-0.07714592,-0.11539347,-0.0663617,0.026650013,-0.1324424,-0.29469937,-0.29142824,-0.16594113,-0.03575224,0.14638264,-0.12313804,0.121212766,-0.06863206,0.12401222,0.032266837,-0.12547468,-0.1514205,-0.096339166,0.09518747,0.13955739,0.2250639,0.108850256
TCGA-AR-A24W-01A,-0.24221787,0.038914822,0.25207242,0.1078804,-0.07179153,0.09815907,0.024323953,0.08439813,-0.30199763,-0.0019099487,-0.15853713,-0.10922266,0.02538761,0.17840764,0.10047021,-0.12543476,0.030695045,0.11386144,0.10839744,-0.075151816,-0.07682023,-0.018406088,-0.084066376,0.082868285,0.001436206,0.07402084,-0.3591031,-0.09613533,-0.12053268,-0.20089254,-0.050802913,0.15300407,-0.22119705,-0.20762232,-0.06363864,-0.30450612,-0.015535411,0.10051788,-0.12085732,-0.16292936,-0.12469627,0.11826045,0.0918461,-0.00858294,-0.15858755,-0.07055879,-0.13747251,-0.03385237,0.21322048,0.07443546
TCGA-A8-A08O-01A,-0.10890525,0.025382752,0.19125852,-0.016044337,-0.13913916,0.18296798,-0.059392825,0.04702311,-0.10469753,-0.032363713,-0.1367812,-0.122058496,-0.018851424,0.25564322,0.084285446,-0.028916456,0.02377653,0.25294295,-0.112995595,-0.13615717,0.08588098,-0.042177077,0.022481192,0.31856874,-0.15935144,0.016393283,-0.23518468,0.011218591,-0.118454486,-0.23002805,-0.119984694,0.10491076,-0.30801207,-0.02429341,-0.20494078,-0.13470164,-0.14344513,-0.11727057,-0.05866528,-0.089784294,-0.12975338,0.028481755,0.09062203,-0.12612167,-0.104015835,-0.017871637,0.020210214,0.0461947,0.25217757,0.26812896
TCGA-S3-A6ZH-01A,-0.13380219,0.08328579,0.3263341,0.06452672,-0.22221988,0.0022162835,-0.055008024,0.1274634,0.02805018,-0.018105261,-0.14125651,-0.049468864,0.15797007,0.24190536,0.03197742,-0.028474107,0.091256045,-0.016702214,-0.09826672,-0.10781432,-0.044688467,0.07184767,-0.1709053,0.17123258,-0.0096526705,-0.12838525,-0.20814812,-0.108619496,-0.124920964,-0.095191814,-0.043884188,0.018904949,-0.18242055,-0.21732384,-0.093307145,-0.38819358,-0.07300803,0.064066015,-0.020566821,0.116036505,-0.19202542,0.111411914,0.21383964,0.036324784,-0.13487472,-0.03988078,-0.06461348,0.058815237,0.22863124,0.23140097
TCGA-C8-A1HK-01A,-0.16462147,0.069473475,0.29005444,0.0077794236,-0.18459956,0.2199577,-0.016279077,-0.01433936,-0.037089426,-0.019345168,-0.0658956,-0.010120485,-0.0686033,0.21564063,-0.0014759782,-0.02439395,-0.07842292,0.14885642,0.058745917,-0.2029597,-0.11713328,0.10547795,-0.16500337,0.1534662,-0.06626524,-0.18155578,-0.2926179,-0.09079468,-0.002853192,-0.09419498,-0.024219664,-0.00027184878,-0.13682315,-0.19418299,-0.07462464,-0.4169037,-0.10293932,0.07193642,0.081841126,-0.066688515,-0.10665288,-0.013229601,0.08662793,-0.19884466,-0.1657989,-0.013878007,-0.0836321,0.066402845,0.1864142,0.24194247
TCGA-AO-A1KP-01A,-0.017192306,-0.118213296,0.052550353,0.067681186,-0.27217937,0.1624497,0.014700057,-0.018026866,-0.09157188,-0.008283304,0.021105522,-0.08745755,-0.08628176,0.0686662,0.17020075,-0.021234483,0.1538907,0.13268311,-0.024111526,-0.32820833,0.0030101791,0.168941,-0.025835264,-0.068594806,-0.028927619,0.113495655,-0.37079117,-0.1132718,-0.11715583,-0.20807116,-0.04051898,0.10919062,-0.3079183,-0.2222026,-0.07682678,-0.2450736,0.036239155,-0.0053987307,-0.16350703,0.016591065,-0.074686676,0.062108446,0.0830735,-0.072614126,-0.08603855,-0.093821056,0.042915557,0.16330963,0.2992448,0.082102045
TCGA-AN-A0XT-01A,-0.08993316,0.0076882397,0.2565579,0.10281903,-0.103428684,0.017478378,0.017592376,0.07180652,-0.06271236,0.027739076,-0.087021194,-0.16687018,-0.03601607,0.19505876,0.30012047,-0.012114273,0.15982553,0.26718795,-0.08717835,-0.17458585,0.02439787,-0.04306386,-0.042303015,0.10670024,-0.041091718,-0.072405085,-0.34308004,-0.0909616,-0.059914764,-0.2605644,-0.1502927,0.02359128,-0.29554468,-0.2495335,-0.057625886,-0.15172786,-0.056351528,0.011305926,-0.20457573,-0.14034232,-0.13922453,0.19005977,0.06937733,-0.11335601,-0.026968226,-0.122566305,-0.017588392,0.104757816,0.08202484,0.058259495
TCGA-AR-A1AS-01A,-0.11207229,0.10757004,0.24325019,0.01665946,-0.13842629,0.14873905,-0.04156985,0.027310686,-0.20074023,-0.037089143,-0.05570524,-0.104320884,0.0060890103,0.19007948,0.075764425,-0.10743632,0.020027572,0.23072259,-0.0869726,-0.121591315,0.06181756,0.020684373,-0.0022946678,0.111522816,0.028783536,-0.036887746,-0.33323467,-0.18662749,0.21982609,-0.13326712,-0.036734764,0.19119239,-0.3861732,-0.15986167,-0.10601124,-0.2021953,-0.1073853,0.056516033,0.050279874,0.040911872,0.05965874,-0.014446664,0.07016133,-0.22522508,-0.11277064,-0.056444257,0.04848892,-0.010476016,0.19662331,0.23801345
TCGA-HN-A2NL-01A,-0.0076330993,-0.004931548,0.21279073,0.17538075,-0.109210014,0.22565787,-0.02583831,0.027723009,-0.29873475,0.007908942,-0.07265921,-0.13146923,0.022026379,0.22139072,0.17663613,-0.11463867,0.1410899,0.29543766,0.06547339,-0.08273826,-0.019008292,-0.10226776,-0.02929,0.1358831,-0.042436704,0.062961146,-0.29996988,-0.010290389,-0.033390462,-0.19548854,-0.062100228,0.08548982,-0.2513983,-0.25550637,-0.07137042,-0.16048318,-0.03661076,0.07493694,0.016056703,-0.038587768,-0.12790398,0.16491255,0.07014313,-0.23358697,0.007948699,-0.07196519,-0.00704797,-0.015821667,0.1385381,0.25152087
TCGA-D8-A1X5-01A,-0.17761603,0.098931715,0.3261819,0.1666412,-0.10487795,0.14708537,0.03488451,-0.028740793,-0.043516833,-0.022814391,-0.101029366,-0.10524405,-0.07874618,0.32925627,0.11264338,-0.1300738,0.05221097,0.0819615,0.020366793,-0.17718436,-0.10087249,0.06925524,-0.038041078,-0.02521027,-0.15973864,0.09294987,-0.31401357,-0.13145752,-0.019902786,-0.26158142,-0.05294448,0.14363608,-0.08609797,-0.15942204,-0.11707055,-0.14053789,-0.020138947,0.13956875,-0.09266634,0.08977696,0.00689385,0.0110216215,-0.091146015,-0.15043995,-0.15782356,-0.07357344,-0.06428442,0.06914077,0.20371406,0.32656655
TCGA-AR-A1AP-01A,-0.22212563,-0.05820682,0.18907076,0.13530913,-0.21962295,0.044839762,0.012541575,-0.08333432,-0.21175231,-0.027465053,-0.008448553,0.046907485,-0.15158641,0.20512114,0.25652483,-0.045272246,0.16679607,0.22220688,0.036207158,-0.28208137,0.009588946,-0.0147212045,-0.10617545,0.18747999,-0.0033383847,-0.044481654,-0.2288129,0.06647416,-0.12203844,-0.24513449,-0.13484031,-0.082882255,-0.17534627,-0.19085994,-0.1038623,-0.27652627,-0.11928673,0.08642147,-0.06927938,0.078131184,-0.07100009,0.07039352,0.19577813,-0.03160657,-0.080451645,-0.098498,-0.11756978,0.02646864,0.06870949,0.14041187
TCGA-AR-A24R-01A,-0.15497567,0.11428348,0.19239314,0.094444074,-0.050571725,0.14420326,0.06918975,0.015858077,-0.09811299,0.048853677,-0.056008432,-0.05727417,0.098401554,0.24637975,0.10718503,-0.1862309,-0.1322641,0.2464158,0.044173896,-0.09939357,-0.05131805,0.15418215,-0.13470285,0.018317685,-0.040074125,-0.053013153,-0.33989188,-0.13110265,0.10969833,-0.12076861,-0.13848375,0.14730789,-0.13673878,-0.29488435,-0.010147459,-0.21265897,-0.04090251,0.11256447,-0.10915378,-0.15569353,0.057354532,0.13161886,-0.0066937883,-0.113585,-0.24095373,-0.113690965,-0.039202306,-0.004737942,0.30870712,0.10568248
TCGA-B6-A0IK-01A,-0.20732586,0.036256693,0.2785193,0.010814774,-0.10020656,0.18553072,0.0046172254,0.119189,-0.069946714,0.002834886,-0.09782948,-0.06628923,0.04018349,0.21441595,0.15618733,-0.027709015,0.16571955,0.18899892,-0.04023082,-0.2940656,0.03932133,-0.07540872,-0.2322592,0.12724866,-0.023425708,0.15705648,-0.27431935,-0.1039872,0.021083916,-0.0438726,-0.030427001,0.14018303,-0.124892876,-0.12353243,-0.09547532,-0.2692234,-0.09225429,-0.087593265,-0.17938696,0.118344165,0.0850772,0.14140145,0.024067335,-0.27645773,-0.000554584,-0.08636316,-0.080054045,0.11171251,0.19982888,0.13960329
TCGA-AR-A24S-01A,-0.07821658,0.0036587,0.19857968,0.059965175,-0.15996453,0.14731444,0.0678483,0.03863787,-0.14444838,-0.0040045977,-0.12761186,-0.052858185,0.06713148,0.24458267,0.16184536,0.05532945,0.064389616,0.076253615,0.05908712,0.0021167872,-0.042044405,0.18162468,-0.12224402,0.11322687,-0.03440208,0.10697814,-0.3839017,-0.07234838,-0.04629557,-0.17482838,0.07042024,-0.020708846,-0.14640577,-0.25759345,-0.101632506,-0.22532897,-0.030578144,0.064300284,-0.07714629,0.09585631,0.111760885,0.20737816,0.10591827,-0.2042078,-0.17458352,-0.13309392,0.07096719,0.110396676,0.21871842,0.30630714
TCGA-E9-A1N9-01A,-0.08373004,0.1843693,0.10246624,0.17155795,-0.08412787,0.16044937,0.020739365,0.11891189,-0.09071326,0.066756755,-0.064233534,0.0052182227,0.07221888,0.1796469,0.0914899,0.0055464413,-0.03999847,0.25405937,0.04399779,-0.084651254,-0.16325766,-0.08778993,-0.26080653,0.07432709,-0.043719582,-0.07105684,-0.3362579,-0.18298265,-0.060157996,-0.14318871,-0.050304532,0.14098868,-0.13958782,-0.20824376,-0.112633124,-0.124056965,0.007848753,0.10475851,-0.23525117,-0.030540325,-0.038758285,0.20720826,0.13261305,-0.052983474,-0.3341092,-0.09562228,-0.004583226,0.012018709,0.1925265,0.21136911
TCGA-B6-A1KI-01A,-0.11332585,0.22664638,0.090295844,0.054762453,-0.13828443,0.18019444,-0.12598826,0.024132324,-0.081438124,0.06888164,-0.049730845,-0.20421469,0.013769409,0.20048769,0.08939108,-0.04508768,-0.049353633,0.19264989,0.12595576,-0.13602598,-0.24299712,0.002434688,-0.19054486,-0.03606151,-0.0754863,-0.075171165,-0.42948213,-0.1215168,0.020436741,-0.082166776,-0.08195576,0.14935823,-0.143778,-0.22569568,0.040867817,-0.19440004,-0.019224847,0.011108051,-0.07053724,0.03766782,0.043866,0.13536473,0.11145732,-0.15121166,-0.2395956,-0.0476934,-0.017381227,0.03557435,0.25054693,0.18911944
TCGA-BH-A6R8-01A,-0.089506745,-0.13425931,0.24347769,-0.016973639,-0.29346052,0.15160449,-0.052636586,0.03741022,-0.16784503,-0.17523645,-0.077277794,-0.07654261,0.06780762,0.18268764,0.09171607,-0.08420745,0.024329163,0.2313411,-0.07426458,-0.16124867,-0.005613292,0.014094732,0.020621663,0.17713392,-1.4001843e-06,-0.033140566,-0.22677316,-0.16927913,0.04510773,-0.26425138,0.018857542,0.1390549,-0.2518408,-0.28215203,-0.10580073,-0.19805823,-0.05586455,0.059157316,-0.051500484,0.14200652,0.04469436,0.25324473,0.16323285,-0.04742319,-0.10957552,-0.008316249,-0.16272119,0.06510724,0.16017081,0.013244825
TCGA-E2-A1IK-01A,-0.14443418,-0.11475913,0.15695196,0.057660356,-0.14665419,0.10021322,-0.0657715,0.010794367,-0.11623869,-0.061707832,-0.07399032,-0.1030474,-0.007652912,0.18006265,0.044279005,-0.029639712,0.17781325,0.2919556,0.012958311,-0.21886453,-0.016219191,-0.12532085,-0.13486864,0.13157511,0.036964703,-0.040833957,-0.44141853,-0.06781909,-0.06442746,-0.11420068,-0.12575017,0.16470312,-0.15967828,-0.11929765,-0.18253094,-0.13555782,-0.050852478,0.110532895,-0.029104909,0.043185625,-0.043958325,0.16317838,0.25008053,-0.20236775,-0.07965375,-0.092015706,0.07984712,0.1892205,0.15678121,0.17807557
TCGA-AO-A0JD-01A,-0.23820184,0.08176303,0.13809504,0.15830316,0.0069211833,0.20974715,0.06427869,0.011967132,-0.090224564,0.03970666,-0.08361907,-0.10839237,0.01932261,0.1285681,0.2703311,0.020000031,0.15688233,0.2302032,-0.01895602,-0.23319595,0.039168358,0.061063003,-0.08558035,0.23653926,0.054193225,-0.042755105,-0.32552525,-0.09932909,0.021455126,-0.27387705,-0.025202075,-0.020740774,-0.14438856,-0.2574829,-0.19408332,-0.21074404,-0.008737255,0.059305422,-0.17326996,0.052883513,-0.1439715,0.0745791,0.09748989,-0.12986155,-0.14159103,0.05754059,0.068685286,0.029696573,0.1545793,0.1269714
TCGA-A2-A0CR-01A,-0.13995008,-0.14312035,0.047105983,0.2012478,-0.2237025,0.034232743,0.013144676,-0.033598024,-0.2242413,-0.019688886,-0.0706721,-0.08566022,0.1667345,0.27272266,0.021815049,-0.1144215,0.08988426,0.28049135,-0.04886497,-0.101413235,0.07792834,-0.11348502,-0.04733447,0.29305443,-0.05246398,-0.0135078,-0.34065053,-0.06664681,0.082693905,-0.23144495,-0.045267776,0.08706297,-0.056078624,-0.28459546,-0.05417483,-0.17287503,-0.09476517,0.02008653,-0.01842437,0.14112854,-0.09926684,0.03959385,0.17633036,-0.13560343,-0.17273694,-0.13085476,0.04796762,0.030494174,0.15940417,0.05372268
TCGA-EW-A6SB-01A,0.07311491,-0.025993444,0.41963273,0.1575086,-0.06003035,0.14579818,-0.013026533,0.10419101,-0.13043839,0.061333884,-0.049866762,-0.07307843,0.08581432,0.4243224,0.109639846,0.06726826,0.02601234,0.2773202,0.12501468,-0.101793826,-0.08010803,0.041362867,-0.08132642,0.057030704,0.025990052,0.024076836,-0.2702928,0.013827165,0.008811226,-0.103037074,-0.02304712,0.035282813,-0.13222472,-0.24469608,0.013101156,-0.2090581,-0.070914656,0.029015416,-0.03196505,0.032322608,-0.107559465,0.16429467,0.101728596,-0.1922549,-0.05516356,-0.061299007,0.0039300118,0.04844997,0.18220283,0.24223557
TCGA-D8-A73U-01A,-0.08709726,-0.10027362,0.19796929,0.06797658,-0.08201072,0.14384018,0.014936314,0.12189249,-0.20096296,0.003837509,-0.12092241,-0.067283966,0.025117693,0.27509904,0.31373495,-0.058752876,0.17042226,0.23840599,-0.008112797,-0.082001224,0.027011318,-0.10360153,-0.077797584,0.09398899,-0.1407066,0.11200599,-0.37920842,-0.12641336,-0.019440953,-0.19323651,-0.16285954,0.0759162,-0.15280354,-0.11586093,-0.11689711,-0.170674,-0.21246009,0.06635052,-0.012442815,-0.015344326,-0.04554016,0.08196089,0.12979548,-0.11667494,-0.01782809,-0.14670867,0.02824987,0.11500332,0.24553639,0.110705495
TCGA-B6-A0WZ-01A,-0.2390152,-0.07145169,0.2380665,0.03450749,-0.11887601,0.061152857,-0.08753388,0.24453796,-0.09902042,-0.07987881,-0.14511065,0.019534651,0.00021081118,0.31777975,0.1274387,-0.093296826,0.094722785,0.28154692,0.018429112,-0.20525981,-0.009874632,-0.019099377,-0.038413003,-0.02241076,0.14870095,0.019587802,-0.26968086,0.021280492,-0.030038692,-0.11949734,-0.08300316,0.094023496,-0.23586088,-0.30020618,-0.09848319,-0.16728014,-0.08290391,0.010323878,-0.19839709,-0.08838731,-0.08292866,0.16453072,0.17743944,0.113250926,-0.12020618,-0.05609383,0.015820116,0.01694532,0.17922683,0.07191022
TCGA-D8-A27K-01A,-0.13048449,0.06178499,0.21217375,0.21259981,-0.02667144,0.11291388,0.014315893,0.08603143,-0.067186706,-0.10676486,-0.00045360648,-0.11221129,-0.08571587,0.07359955,0.25455105,-0.064270556,0.09322491,0.2510498,-0.13296947,-0.27865344,-0.030436339,-0.071492106,-0.07682324,0.22536159,0.037882984,0.029614532,-0.3172312,-0.02346681,-0.02873057,-0.19282891,-0.11486235,0.095420994,-0.08654955,-0.22837465,-0.054778934,-0.28461158,-0.054038927,-0.12661514,-0.029849924,-0.034496836,0.017905122,0.03802304,0.096307136,-0.26390913,0.07709595,-0.0019557122,0.1137671,-0.039355963,0.28701448,0.12613489
TCGA-A1-A0SP-01A,-0.17092933,-0.08005471,0.19935007,0.17528497,-0.119136244,0.17356017,0.14992279,0.052709103,-0.054264653,0.08566334,-0.011288183,-0.13274243,0.052125715,0.18247999,0.072095245,0.078145266,0.17918573,0.27160975,-0.0872278,-0.24322878,0.063555054,-0.0030393978,0.047929186,0.08518773,-0.01627563,0.079103984,-0.264291,0.0365947,-0.024969015,-0.25427917,-0.08532015,0.09685304,-0.15131721,-0.25573355,0.05793144,-0.2781608,-0.13077356,-0.032250382,-0.07523471,-0.12055057,-0.10597385,0.089083955,0.25203383,0.03591216,-0.11691959,-0.0044661197,-0.018253485,0.17954898,0.15302011,0.20510606
TCGA-AC-A3OD-01A,-0.078643195,0.033089884,0.19288632,0.15506229,-0.13124159,0.07703609,-0.055744845,0.068864234,-0.31264496,-0.028515022,-0.15013172,0.0066117262,-0.051917497,0.24968521,0.110078216,-0.029818326,0.1440555,0.32980698,-0.016301565,-0.15843889,0.021208867,0.027782531,-0.057343267,0.07334781,0.007686656,0.032122377,-0.291486,-0.06406269,-0.029260425,-0.19878584,-0.05747162,0.18229443,-0.22059086,-0.1996752,-0.0432747,-0.20556974,-0.18891585,0.0037224563,-0.034860134,0.05552625,-0.12764089,0.1967971,0.17837733,-0.14160237,-0.06193747,-0.18500003,0.01573677,0.028953902,0.18506019,0.12836285
TCGA-BH-A0DS-01A,-0.1954146,0.10411492,0.14807099,-0.044891845,-0.14061792,0.13589671,0.08324342,0.012976976,-0.037010457,-0.14493778,-0.13214265,-0.026291981,-0.010654215,0.35022247,0.10092384,-0.066038,0.014477132,0.33315343,-0.08001685,-0.06496702,-0.021554621,-0.023239132,-0.18745129,0.049431425,-0.03331787,0.10207376,-0.35381174,-0.09498711,0.021124773,-0.18084364,-0.09628873,0.11933676,-0.17077094,-0.1732497,-0.10808067,-0.1879799,0.00847244,0.051402006,-0.27121857,-0.06418257,-0.12512112,-0.0080918865,-0.016229771,-0.21656345,-0.064285725,-0.07474184,-0.06888966,0.099240236,0.16073778,0.20351179
TCGA-BH-A0H7-01A,-0.18102616,0.14150514,0.07172262,0.14564817,-0.23861508,0.118192576,0.11777026,0.08152932,-0.10765672,0.017931283,-0.1339576,-0.19925193,0.079596534,0.29265073,0.027868873,-0.13650405,-0.012144809,0.22097374,0.07551883,-0.10926046,-0.062476493,0.07475404,-0.07137216,-0.058263652,-0.10459068,0.030334065,-0.2669191,-0.1026569,-0.044472843,-0.1562465,-0.044737253,0.06665175,-0.29676506,-0.25048792,-0.13172546,-0.27607885,-0.019395119,0.008066882,-0.061586298,-0.025068741,-0.035076983,0.13427123,0.19304554,-0.07847595,-0.19396345,-0.07716481,0.08223019,-0.111096285,0.23680143,0.081938736
TCGA-EW-A1OY-01A,-0.071197025,0.054492775,0.20670736,0.07484953,-0.19562584,0.048572905,0.06043749,0.082594536,-0.14207922,0.0019649672,-0.17122717,-0.13653749,-0.011768774,0.26777598,0.065041535,-0.026537096,0.0137779135,0.052330572,-0.21040896,-0.122587964,-0.053167503,0.13824226,-0.18459666,0.18115664,-0.10643451,0.12046612,-0.36110318,-0.18245102,0.09423036,-0.13846208,-0.019970648,-0.0094065005,-0.37439138,-0.19625893,-0.07803348,-0.20872729,0.021492817,0.1964222,0.044651646,-0.0970401,-0.031168751,-0.009979974,0.08332126,-0.11991037,-0.05683228,-0.11907185,0.042162284,0.052705944,0.12882672,0.1967944
TCGA-AR-A24L-01A,-0.07307668,-0.08549991,0.38031343,0.111862384,-0.004092475,0.17506096,0.036698077,-0.046712156,-0.15376604,-0.13511506,-0.053460095,-0.14242274,-0.0015265846,0.11601059,0.11688845,-0.0838918,0.10963478,0.31025696,-0.042189144,-0.14282149,-0.015662106,0.03363044,-0.12169636,0.14745596,-0.06745244,0.060733117,-0.36346406,-0.062218904,0.10408895,-0.20887169,-0.09672504,0.15245055,-0.18410878,-0.29777125,-0.1146412,-0.11018618,0.031728346,0.03038697,-0.09992453,-0.08612809,-0.010222258,-0.032199543,-0.02039917,-0.05888657,-0.0066726487,0.011084852,-0.0047849524,0.08076855,0.2545738,0.23111539
TCGA-E9-A1R5-01A,-0.21572645,-0.00041414684,0.24009338,0.060786426,-0.034861393,0.24575502,-0.13187203,-0.037334066,-0.17221205,-0.076474465,-0.10276401,0.040049873,-0.0070130327,0.20734502,0.16744806,-0.1208966,0.06748797,0.081955545,-0.17534934,-0.08014346,0.0035765998,0.058539294,-0.15037175,0.11131809,-0.05927575,0.13556775,-0.24845536,-0.05724068,-0.124205224,-0.15181592,-0.056457706,0.17098108,-0.14914514,-0.23680234,-0.14300229,-0.026063718,-0.045186915,-0.098550424,-0.22155401,-0.036821812,-0.0896683,-0.11129551,0.20622134,-0.11538723,-0.15871093,-0.25672486,-0.06600587,0.10798262,0.20524876,0.21570085
TCGA-D8-A4Z1-01A,-0.2549278,-0.070129,0.16255188,-0.068205014,-0.17987767,0.12330363,-0.06747964,-0.034513254,-0.1515966,-0.072474934,-0.07741965,0.046220537,0.06957763,0.07732528,0.22232452,-0.12439414,0.17332353,0.24956329,-0.16302608,-0.19394778,-0.07754801,-0.08518334,-0.17048022,0.1404457,-0.056631673,0.053350687,-0.3942246,0.039127335,-0.06231459,-0.06495162,0.056677457,0.025362782,-0.18679121,-0.31573385,-0.096758455,-0.15038918,-0.18672234,0.11215289,-0.07561562,-0.11781407,-0.0027503655,-0.003946564,0.13144735,-0.16528033,-0.0251612,-0.11551395,-0.097183764,-0.02070434,0.16444416,0.10482376
TCGA-AR-A255-01A,-0.17679858,0.16837227,0.21492927,0.07447997,-0.10548862,0.08576911,-0.057118353,0.06330027,-0.07981189,-0.06461334,0.038133904,-0.13068326,0.016682047,0.15691635,0.26357812,-0.09420086,0.046143,0.11488192,0.04925273,-0.23820756,-0.07140845,0.13757166,-0.14768584,0.17597736,-0.039443407,0.00030409032,-0.26716572,0.06028432,0.11140335,-0.20151983,-0.054811254,0.12704535,-0.28393885,-0.25957912,-0.11962477,-0.16503368,-0.07155746,0.18683788,-0.1648149,0.0754366,0.094450876,0.09368543,0.14116067,-0.045941316,-0.17406505,-0.08261185,-0.037732672,0.16210596,0.22011848,0.12285813
TCGA-E2-A576-01A,-0.026205756,-0.048768897,0.21808286,0.03872107,-0.068046585,0.08619095,-0.006783478,-0.0041484376,-0.12467718,-0.19858412,-0.19276091,-0.08120523,-0.0064210175,0.2408681,0.118812606,-0.12801577,0.093029685,0.16012716,-0.108011246,-0.2023348,0.019124351,-0.02029006,-0.14963455,0.1722261,0.22516808,-0.08436005,-0.31370655,-0.08608481,0.047317836,-0.2287014,0.034536485,-0.035299778,-0.24751376,-0.08100468,-0.19982287,-0.20906495,-0.16459568,0.026487142,-0.11011875,0.0053118267,-0.10866378,0.14282256,0.023279585,-0.23862109,-0.14419726,-0.15140648,0.023123443,0.0026783524,0.18504235,0.16884568
TCGA-AO-A0JM-01A,-0.19890636,0.057089854,0.3100006,0.018386796,-0.06041481,0.18193983,-0.02577823,0.04431576,-0.08513977,-0.022907408,-0.12424938,-0.1442558,0.12379412,0.20473154,-0.047207754,-0.012985425,-0.028388828,0.23563266,-0.010958695,-0.0765612,-0.17192203,0.0028455413,-0.04193216,0.16980195,-0.027896304,-0.0023293719,-0.34447214,-0.08185857,0.090097524,-0.0703385,0.10714249,0.16086593,-0.28799093,-0.24048245,-0.08209624,-0.22434038,-0.034993358,0.08398153,-0.10864918,0.020918652,-0.049806952,0.2083599,0.14896896,-0.11774132,-0.20325589,-0.045523275,-0.0013648323,0.19337513,0.12946546,0.14427246
TCGA-BH-A8FZ-01A,-0.20589106,-0.11745037,0.21675442,0.08285042,-0.15665612,0.03248717,0.051348556,0.030310858,-0.22550549,0.11759719,-0.07009791,0.015660023,0.02452934,0.15309675,0.16922806,-0.22958747,0.19079609,0.24664697,0.01821557,-0.14162922,0.105958104,0.013207714,-0.27528226,0.09092949,-0.1678628,0.018330187,-0.2996601,-0.09051621,-0.021109253,-0.14550489,-0.12375833,0.14890897,-0.19433594,-0.16730347,-0.13122042,-0.18901864,-0.023899006,0.027597066,-0.057096854,0.015564573,-0.101007275,0.19347036,0.06876227,-0.1713675,-0.12304491,-0.005192766,0.042961273,0.07972244,0.22435883,0.08902027
TCGA-D8-A1XB-01A,-0.19249818,0.028191216,0.16039957,0.043691486,-0.17284171,0.051300943,-0.006405885,-0.049294062,-0.19717814,-0.070263274,0.0066578793,-0.15690039,0.065630384,0.19480427,0.076723844,-0.06596149,0.20508766,0.1939028,-0.0832923,-0.22166535,-0.026735863,0.13340169,0.018111844,0.15219086,0.0604264,0.018794723,-0.501219,-0.02521798,0.020591695,-0.08654035,-0.096901834,0.018102787,-0.16118287,-0.19290581,-0.1796761,-0.22459647,0.062699065,0.024004307,-0.13327993,0.031815045,-0.14219578,0.050661035,0.17130631,-0.056909796,0.03742774,-0.029036703,-0.14869072,0.08137978,0.2654959,0.036077864
TCGA-D8-A1J9-01A,-0.05157193,-0.08174396,0.19024761,0.15363154,0.024346022,0.0822365,-0.012401435,0.12260664,-0.20290351,-0.097743765,-0.15829106,0.078932345,0.07221051,0.2839323,0.14075892,-0.14770186,0.20561475,0.19485593,-0.14780286,-0.30142373,0.009605129,0.09237117,0.037086926,-0.041711383,-0.12583971,0.1133113,-0.38896346,-0.07591106,-0.046780795,-0.11446659,-0.02808698,0.13136612,-0.105916366,-0.21311232,-0.02111493,-0.18510127,-0.0106209405,-0.08496622,-0.08350161,-0.05030359,-0.10673818,0.09684919,0.17747238,-0.09380827,-0.06530425,-0.15071112,0.03222862,0.010534477,0.17587632,0.21629867
TCGA-A2-A0T6-01A,-0.07695448,0.067453615,0.21998484,-0.026561266,-0.1425855,0.1486357,0.004624944,-0.0070553645,-0.124885745,0.08101645,-0.19187634,-0.11539254,0.13088502,0.141756,0.13981938,-0.04673964,0.032794025,0.41427025,-0.06736074,-0.16565953,0.11365291,-0.016240636,-0.11601329,0.19511254,-0.023886267,0.073570624,-0.371659,-0.023778398,0.012148653,-0.1569173,0.065201424,0.11400877,-0.1809587,-0.10247169,-0.21925375,-0.112700544,0.15077907,-0.061228123,-0.061424952,0.023365568,-0.13157046,-0.014437226,0.122913264,-0.32302853,0.01429274,-0.045545686,0.022422135,0.11027045,0.1450433,0.053145573
TCGA-A1-A0SF-01A,-0.18877271,0.10944271,0.1026228,0.1612683,-0.23029861,0.09982169,0.11235021,0.035246853,-0.085847706,0.05415846,0.15039079,-0.13648205,0.083394565,0.2547035,0.022721268,-0.10167582,-0.040503852,0.2531831,-0.04036432,-0.23167644,-0.16445057,-0.044691887,-0.11988217,0.0035515674,-0.047587246,0.06262209,-0.34914345,-0.20226443,-0.072411545,-0.17726897,0.026288215,0.016395159,-0.14210235,-0.23951334,-0.19229048,-0.117613405,-0.056404907,-0.022933956,-0.054060794,-0.03537947,-0.08368952,0.21034038,0.082286336,-0.25375152,-0.11684589,-0.070820816,0.017699232,0.12882787,0.1387946,0.14196451
TCGA-OL-A66K-01A,-0.22946092,-0.047650963,0.14914015,0.026904661,-0.15667234,0.09942403,0.009739745,-0.0077447086,-0.026483934,0.007280752,-0.023113126,-0.103603765,0.04023983,0.15395804,-0.039966896,-0.029943489,-0.012787268,0.13094698,-0.07198349,-0.117018215,-0.09222515,0.023936993,-0.2261176,-0.046139155,0.03394843,-0.13844745,-0.31939626,-0.2830067,0.08367057,-0.18587244,-0.036817104,0.01631288,-0.13660225,-0.18465725,-0.013687137,-0.26529884,-0.081001185,0.22265528,-0.093698055,-0.042745978,-0.1101901,0.23724945,0.10583088,-0.24534674,-0.08919501,-0.12398324,-0.043273445,0.008788144,0.17686144,0.34221563
TCGA-D8-A1JT-01A,-0.012887821,-0.015133657,0.22633982,0.092895344,-0.18758751,0.11131292,-0.086281575,0.050809585,-0.10598618,-0.09101766,-0.2633678,-0.22669816,-0.009654164,0.1781761,0.15160894,-0.10336371,0.035801467,0.09138019,0.0047750925,-0.15250869,0.063321315,0.02909286,0.058056284,0.090366654,0.06583499,0.025838232,-0.301473,-0.20767753,-0.021011977,-0.19106968,-0.07155549,0.20076127,-0.24818616,-0.27591893,-0.06585224,-0.2654803,-0.015358318,-0.029035712,-0.09000765,0.06582574,0.013101739,0.05931614,-0.005627012,-0.0940393,0.015126617,-0.21793728,-0.08036085,0.10680242,0.23630407,0.21356043
TCGA-EW-A1J3-01A,-0.19400042,-0.11389959,0.14257433,-0.045419067,-0.07401771,0.14027505,-0.017582703,-0.064303264,-0.16474056,0.029097833,-0.14037392,-0.14042258,0.04002494,0.13193461,0.16135734,-0.09186691,0.14755411,0.20101741,-0.119273245,-0.11592771,-0.022767456,0.07658248,0.054523673,-0.021621674,-0.11259371,0.011937431,-0.37438187,-0.21058358,0.0027389897,-0.12476049,-0.1265418,0.2123335,-0.17936783,-0.2043715,-0.16674727,-0.19952403,-0.07406318,-0.00042670485,-0.13694724,0.0058567454,-0.12573192,0.01334569,0.1972538,-0.14803046,-0.12701754,-0.18225212,0.09192101,-0.019540157,0.27600855,0.16074865
TCGA-C8-A1HL-01A,-0.11303734,0.16806276,0.2711837,0.058942717,-0.15044945,0.08088072,-0.06452648,-0.08075814,-0.033536423,0.048214853,0.0027372378,-0.009961151,0.040615,0.28120816,0.2149994,-0.104196355,0.009203592,0.23392358,0.025733773,-0.06269801,-0.03021696,0.073824786,-0.12190673,0.046882994,-0.11088501,0.07736322,-0.27447182,-0.031294644,0.05130955,-0.16985808,-0.1016864,0.13321762,-0.19490817,-0.13014531,0.06748708,-0.19705524,-0.17524941,0.16496812,-0.20912285,0.019536005,-0.076665156,0.21329881,0.019198135,-0.18971722,-0.26447773,-0.09873172,0.072677456,0.079170264,0.15068279,0.24841131
TCGA-E2-A1LB-01A,-0.1601479,0.025413409,0.35543486,0.0948946,-0.059756156,0.08406843,0.0860761,0.005524805,-0.12264062,-0.101075016,-0.09807954,0.010751428,0.0934126,0.16109669,0.06585307,0.029300103,0.20735665,0.20310713,-0.038692348,-0.19883811,-0.061118957,-0.13801548,-0.18118584,0.09392137,0.0032164303,0.030311922,-0.34836346,-0.037083033,-0.079631254,-0.10494306,-0.14848095,0.15705681,-0.022367625,-0.17222072,-0.10485232,-0.25005558,-0.038173843,-0.018386235,-0.14373186,0.11567068,-0.15516496,0.14026466,0.0697114,-0.07268566,-0.13837838,-0.23913415,-0.12741849,0.11840964,0.25031856,0.07294385
TCGA-AO-A0JG-01A,-0.18535061,0.11074669,0.17468536,0.104666926,-0.11211183,0.18694489,0.04516527,0.034610473,-0.12745044,-0.18367575,-0.035218507,-0.050636265,0.039231163,0.2704661,0.2411361,-0.069973305,0.18670325,0.14684935,-0.094062015,-0.22416362,0.01743669,0.017388742,-0.084535785,0.12953122,-0.088761955,-0.083244696,-0.25201517,-0.0798958,0.0046240566,-0.14475653,0.121722125,0.16772227,-0.1673252,-0.21197504,-0.19065504,-0.17270619,-0.117421806,0.14782625,0.011095387,-0.08074033,-0.17603917,-0.06433797,0.20002203,-0.15281989,0.018121913,-0.17018317,0.08749163,0.13462618,0.14428096,0.15871401
TCGA-A2-A4S3-01A,-0.052253902,0.028931746,0.33770937,0.09722284,-0.2543021,0.030638628,0.065471485,0.07163663,-0.1704477,0.04561749,-0.094636664,-0.019464688,-0.05404845,0.19105771,0.2164674,0.02061659,0.09258464,0.27389047,-0.020613357,-0.33236435,-0.047568347,-0.08033838,-0.13454461,0.052741807,0.028131023,-0.0028157523,-0.14841779,-0.02811073,0.0071173776,-0.24315196,-0.005557611,0.14516537,-0.25620177,-0.2660262,-0.2069885,-0.16597892,0.015769938,0.021260494,-0.06874213,-0.09499232,-0.06576,0.20076145,0.007988328,-0.14031434,-0.048768476,-0.051937215,0.03344267,0.0844406,0.18434659,0.099064514
TCGA-LL-A6FR-01A,0.017870588,0.03935047,0.13062575,0.15620045,-0.13108437,0.17228433,0.06250284,-0.08234776,-0.1854767,0.12347609,-0.19360188,-0.06812763,0.07702733,0.2802191,0.037797205,-0.070025966,0.10263301,0.23572485,-0.026468549,-0.009211396,-0.07379102,-0.025651677,-0.13776414,0.108400896,0.09083719,0.024337906,-0.24617039,-0.021792185,0.06352912,-0.16067663,0.053349014,0.08211613,-0.26327595,-0.094452254,0.029673679,-0.32613763,-0.14394452,0.09287254,0.046266176,0.06872372,-0.06595927,0.24125269,0.18751134,-0.100857265,-0.027540956,-0.04534617,0.046347857,0.092726335,0.3116317,0.25145143
TCGA-E9-A22E-01A,0.041235894,0.09022414,0.15884568,0.101477414,-0.10270832,0.048495535,0.08893294,0.16393594,-0.08346182,-0.074883886,0.092265524,-0.05027896,0.08779346,0.14078823,0.074943006,-0.0888757,0.072541274,0.25027972,0.10080308,-0.12978096,-0.0608658,0.19516528,-0.1355903,0.029090932,-0.11990463,-0.07759895,-0.23911461,-0.033103853,-0.10645269,-0.12753645,-0.04636059,0.15122408,-0.26336157,-0.25735095,-0.053982858,-0.27351946,-0.08911362,0.1886336,-0.14434657,-0.003574985,-0.11079217,0.1595461,0.115233675,-0.14146224,-0.09501595,0.071070656,-0.067775935,0.09602055,0.39000112,0.16237618
TCGA-AR-A0TR-01A,-0.07574368,0.16804455,0.27804247,0.0035606415,-0.25765315,0.20405567,0.10698449,-0.0582768,-0.059767406,-0.087940626,-0.1001982,-0.11170861,0.07009189,0.1793505,0.14726059,-0.004182336,0.12773621,0.09691699,0.014838861,-0.014713966,-0.08140455,0.19093727,-0.12332407,0.14551406,-0.0030956983,-0.095693715,-0.25976643,-0.09916151,-0.17824192,-0.06281528,-0.09693264,0.048452158,-0.25924075,-0.17625166,-0.07718669,-0.12802352,-0.024071418,0.09318593,-0.11140714,-0.07117816,-0.15551907,0.07317215,0.14607936,-0.18765023,-0.25611466,-0.112293,0.062321644,0.030156266,0.25126222,0.23259054
TCGA-AR-A24M-01A,-0.068158425,-0.0085325595,0.3237159,0.044400983,-0.10180328,0.01253289,0.08915458,0.016436,-0.09670582,-0.10203486,-0.0073853703,0.036833365,-0.07812655,0.22029752,-0.01760041,-0.10187185,0.050428923,0.17535979,0.03379131,-0.12000914,-0.00407824,0.09079994,-0.26736778,0.086921245,-0.12786251,0.1480449,-0.41562527,0.057315137,0.04883755,-0.12264693,-0.0339121,0.17109267,-0.18266432,-0.13941187,-0.15207855,-0.2290566,-0.14636768,-0.21941878,-0.15308662,0.031264633,-0.14190869,0.039301895,0.09353042,-0.10145221,-0.032457538,-0.17218919,0.02897373,-0.045127504,0.258923,0.14585969
TCGA-D8-A1JP-01A,-0.24358398,-0.041166224,0.2156745,0.14346847,-0.26804185,0.21667473,0.03561027,0.0036536744,-0.12795477,-0.06269958,-0.15107861,-0.1554521,-0.045237128,0.17916554,0.2068226,-0.06711095,0.05884868,0.14305142,-0.025273846,-0.21165012,-0.110038966,-0.046862744,-0.1937813,0.060026072,-0.019691214,0.091689184,-0.31630903,-0.064825565,-0.039136205,-0.15346642,-0.101619944,0.07461394,-0.08545591,-0.19641863,0.0053968565,-0.1027475,-0.047373172,0.10729066,-0.24094222,0.02990425,-0.10596791,0.13541685,0.094248585,-0.12989752,0.04563153,-0.24235459,0.20179471,0.07736129,0.1582863,0.084605135
TCGA-A1-A0SJ-01A,-0.0809604,0.14318532,0.37239912,-0.06637391,-0.089078866,0.19802067,-0.035567254,0.11096511,-0.09526856,-0.08199132,0.01726321,-0.08909471,0.03616219,0.20801839,0.019791948,-0.021797178,-0.04604008,0.19183421,0.094856374,-0.14852393,-0.03252308,0.0028806385,-0.17105885,0.12220842,-0.053292874,0.08269072,-0.3373193,-0.024105726,0.07785628,-0.16079748,-0.07495336,0.03896294,-0.19721511,-0.14841694,-0.16595276,-0.25144583,0.032185063,0.2251756,-0.01543248,-0.010823183,-0.0177522,0.18502617,0.14653042,-0.05639497,-0.23181671,-0.04873011,-0.103884965,-0.025314404,0.23610982,0.18718114
TCGA-AN-A0XN-01A,-0.12403712,0.016913595,0.17664823,0.07666199,-0.08528071,0.18783084,0.014625822,-0.0076726195,-0.18008026,0.05441151,-0.05819514,-0.109343044,-0.009096793,0.21744005,0.08604535,-0.05906881,0.09239499,0.28120884,0.071058996,-0.16361015,-0.10885114,0.036484532,-0.21852386,0.06679565,-0.059098523,-0.06380517,-0.21454555,-0.064763434,-0.032666184,-0.21889359,-0.08022473,0.10836032,-0.13350555,-0.3172305,-0.0857089,-0.19762427,0.015997589,0.12786673,-0.17721619,-0.035111997,-0.099155895,0.18514995,0.11245591,-0.12166359,-0.13747086,-0.18025249,0.03112126,0.029497549,0.31080273,0.2239808
TCGA-A2-A4RW-01A,-0.16564909,-0.03783177,0.18634194,0.108379126,0.018638644,0.14633425,0.03173911,-0.010736895,-0.11761711,-0.08236565,0.04467394,-0.14985162,-0.020048534,0.30246925,0.11031874,-0.102144,0.07964212,0.33655238,-0.11950716,-0.18634486,-0.0049714753,0.0044653593,0.03655695,0.1567655,-0.0009665478,0.14306654,-0.34590968,-0.051030308,0.02169562,-0.15134923,0.07959198,0.11090049,-0.09780788,-0.25844684,-0.21438059,-0.06572361,-0.1447387,0.10738836,-0.06216718,0.15423977,-0.006564252,0.07866602,0.13881831,-0.21133022,-0.1418087,-0.15847285,-0.059065115,0.061985046,0.21798335,0.07676779
TCGA-OL-A66J-01A,-0.056058634,-0.056454428,0.18462417,-0.009115454,-0.1514826,0.21410505,-0.04957569,0.14901492,-0.1174576,-0.04955065,-0.08038103,-0.053510495,-0.10472182,0.2541892,0.19037458,-0.013323866,0.08317627,0.2198012,-0.030723948,-0.16673696,0.059188865,0.00856478,-0.08626123,0.07216507,-0.052052606,0.14837079,-0.37571466,-0.07102318,0.028031014,-0.037581198,-0.08171977,0.16210192,-0.20615849,-0.24791765,-0.052887235,-0.10160219,0.0009724959,-0.034585252,0.00083765335,0.13663101,-0.04562957,0.06770577,0.19273597,-0.21337609,-0.07955182,-0.0377291,0.08443098,-0.03612176,0.3356279,0.25897244
TCGA-D8-A1JF-01A,-0.12883624,-0.04267691,0.22981565,0.11489919,-0.028918311,0.1439513,-0.019120924,-0.041935217,-0.0672312,-0.0011107363,0.0400921,-0.12188163,0.052924585,0.22519805,0.060272176,-0.09212406,0.09580037,0.06889612,-0.024280902,-0.18083555,-0.18347533,0.13221024,-0.11132925,0.072204456,-0.08651759,0.1104712,-0.44698313,-0.0022505731,0.15305386,-0.19998045,-0.020639643,-0.13452211,-0.2737206,-0.22484526,0.029559119,-0.10158666,-0.12912278,0.0020331938,-0.012209955,-0.051762253,-0.066735,0.24210091,0.2260167,-0.087362625,-0.15649492,-0.12061829,-0.09125584,0.12233537,0.1575393,0.1508544
TCGA-BH-A0W5-01A,-0.08062907,0.017315501,0.1863132,0.0985131,-0.08885115,0.17454989,-0.08030615,0.08331144,-0.25475904,-0.10591038,0.08717281,0.013741316,-0.059615653,0.23315081,0.14222471,-0.008143115,0.0552638,0.28432584,-0.06771842,-0.24679287,0.010124853,-0.03752029,-0.039659973,0.079162754,0.02679475,0.024996102,-0.3438832,-0.043680213,0.10598958,-0.1463846,-0.1781593,0.06952229,-0.19707224,-0.22074749,-0.09115792,-0.245135,0.03210058,0.0064760186,-0.14149636,0.029862484,-0.020302802,0.28581944,0.024204917,-0.13836819,0.05819653,-0.105640404,-0.016303416,0.03803191,0.21524261,0.20750079
TCGA-E9-A1RH-01A,-0.16577972,-0.012614972,0.3235004,0.17750882,0.01549523,0.16675678,0.056039955,-0.052760243,-0.108796835,-0.04854909,-0.03852792,-0.11031995,0.039529674,0.27709457,0.17317466,-0.031351503,-0.049568504,0.08630408,0.08657082,-0.21911502,-0.100776546,0.09193609,-0.042068064,0.115884006,-0.05300714,0.0023381594,-0.13206011,-0.069443464,0.053838704,-0.08760899,0.02810899,0.10590699,-0.11510497,-0.31650314,-0.09556277,-0.18601416,-0.11415912,0.22208297,-0.030127196,0.00929768,-0.12269525,0.19644874,-0.062235963,-0.21731517,-0.13027844,-0.17371109,0.05053553,0.007712441,0.23406343,0.29729822
TCGA-3C-AALK-01A,-0.18612778,0.047422443,0.13573633,-0.056804515,-0.21218474,0.0905779,-0.09216499,0.054250237,-0.028343441,0.006857689,-0.062017836,-0.122906335,0.10778743,0.2439548,0.055555966,-0.2149761,0.1226028,0.2518437,-0.026768532,-0.34966227,0.123155035,-0.024938611,-0.12709801,0.032151774,-0.08576978,-0.05557076,-0.3643182,0.025139812,-0.036028635,-0.2044588,-0.1585896,0.15762076,-0.18936853,-0.17599522,-0.11816614,-0.119789645,-0.1181978,0.15208474,-0.0038428302,-0.06592432,-0.12340603,0.031936053,0.06939195,-0.10638782,-0.11726826,-0.10601416,0.14079894,0.09496687,0.20434462,-0.025692115
TCGA-EW-A1OZ-01A,-0.10033621,0.08739571,0.18387102,0.09687359,-0.1416098,0.09081301,0.019590827,-0.06584653,-0.14166397,-0.1022799,-0.10787694,-0.16982368,0.030424226,0.28771794,0.13434921,-0.07433887,-0.02159092,0.20744474,0.0341571,-0.070208184,-0.13542987,0.17738548,-0.049538594,0.03184698,0.005096825,-0.0386244,-0.30523774,-0.11163538,0.040089875,-0.08899532,-0.116967686,-0.054555316,-0.24296781,-0.08004574,-0.059371624,-0.21307321,-0.23792927,0.09658055,-0.19995038,-0.0030004864,0.10783485,0.14985214,0.08175694,-0.094451934,-0.15242906,0.01758907,0.031878,0.26446378,0.22251152,0.27854955
TCGA-OL-A5RV-01A,-0.115756236,-0.06768567,0.173783,0.03495136,-0.016993107,0.17779675,-0.122274,0.057825934,-0.07262159,-0.15452266,-0.047159657,0.084296405,0.031398367,0.37502038,0.13361001,-0.022443578,0.1831643,0.22109362,-0.11063308,-0.22406535,0.031130137,-0.0042478335,-0.03540386,0.12623818,0.15036961,-0.0035845952,-0.38306993,0.07303053,-0.10826412,-0.06778191,-0.1288026,0.11858266,-0.2161595,-0.09403356,-0.2411833,-0.19709556,-0.22397387,-0.05052404,0.0009866117,-0.053728968,0.07532172,0.06284521,0.027859973,-0.08632136,-0.05572765,0.013398537,-0.06969317,-0.0021511894,0.26924786,0.10265983
TCGA-D8-A1XY-01A,-0.08488208,0.21932793,0.18831258,0.060293734,-0.16031621,0.0003796569,0.040583123,0.11375267,-0.017567908,0.08156521,-0.06801135,-0.03853914,0.086445756,0.30050823,0.11780704,-0.011401393,0.01748555,0.22768845,-0.12910649,-0.0015945386,-0.075162716,0.0827238,0.084812135,0.07987887,-0.054630857,-0.0060927602,-0.44774422,-0.1405764,0.13180678,-0.034979526,-0.039909977,0.07989131,-0.19979295,-0.24108632,-0.037029844,-0.26419508,-0.08218737,0.09472525,-0.10468799,-0.09865476,-0.11897154,0.13939977,0.08539979,-0.08943509,-0.08974941,-0.20362875,-0.11490442,0.07537302,0.1798434,0.2011847
TCGA-E9-A22H-01A,-0.118102856,-0.13054463,0.27576986,-0.040802382,-0.16756572,0.1741958,0.021695025,0.15806405,-0.11754193,-0.059014745,-0.13175517,-0.026940063,0.012190611,0.22140442,0.045534074,-0.056135695,0.12876558,0.3043966,-0.05335751,-0.30839097,0.008411981,0.09976208,-0.09238729,0.20480236,-0.022709513,0.0030186381,-0.24024759,-0.1496498,-0.12384372,-0.10961719,-0.055540226,0.039503343,-0.18255624,-0.22433408,-0.18776396,-0.17984816,-0.22161274,-0.04951332,-0.13503091,0.093844436,-0.09110106,0.07605397,-0.021388426,-0.108793035,-0.10701303,0.049769174,0.030379007,0.1052974,0.20871839,0.10758775
TCGA-AO-A0JE-01A,0.02726394,-0.15032698,0.19576576,0.14703533,-0.18182376,0.21724008,-0.062074482,0.013137784,-0.15660603,-0.13185732,-0.06392961,-0.24929263,0.0777462,0.21358447,0.14532827,-0.07611248,0.055416707,0.14261869,-0.08550923,-0.1403069,0.020520812,-0.00086164137,-0.089106485,0.09566101,0.0077037346,0.0028899258,-0.22253782,0.0083417725,-0.10610175,-0.15538572,-0.07338769,0.13062853,-0.2301617,-0.06876096,-0.16976129,-0.26088357,-0.12887938,-0.038970273,-0.08822401,0.11137856,-0.18381359,0.17598315,0.07413906,0.0018828984,0.022501362,-0.018404944,-0.027852941,0.1605385,0.37726614,0.19339138
TCGA-C8-A275-01A,0.028454196,-0.16073638,0.33419147,0.089773744,-0.0065963776,0.02546859,-0.010113642,-0.05527159,-0.05189455,-0.07622198,0.048739802,0.009038094,-0.013904416,0.18140107,0.16122997,0.06553683,0.026008416,0.2221241,-0.06664623,-0.19160938,-0.009723284,-0.027874216,-0.08012247,0.10646552,-0.098904416,0.057845477,-0.2934381,-0.0355903,0.072569646,-0.12407383,-0.053443074,0.04789982,-0.22032805,-0.20274153,-0.07547995,-0.37307557,-0.0777088,0.26665226,-0.23836936,0.064441495,-0.057158727,0.03932091,0.0434163,-0.16120592,-0.10239639,-0.07307646,0.0002447018,0.20757166,0.23373319,0.14292738
TCGA-AO-A1KT-01A,-0.122619264,-0.021534108,0.3321819,-0.049998235,-0.16479729,0.30130896,-0.07850288,0.19308278,-0.15533006,-0.012252536,-0.138524,0.15500581,-0.030327301,0.062348668,0.027162818,-0.03952639,0.01747566,0.07869819,-0.11473673,-0.17649873,0.058400705,0.12324564,-0.036799647,0.0647779,-0.05013101,-0.04026176,-0.44035217,-0.09612388,-0.028840719,-0.109425545,0.023661645,-0.066771954,-0.23658787,-0.17667517,-0.1801561,-0.24563047,-0.027422668,-0.04577593,-0.12939829,0.10151832,-0.012970318,0.06549725,0.07907367,-0.16697323,-0.05891931,-0.073285565,0.07172393,-0.001521199,0.22982313,0.14254408
TCGA-BH-A0AZ-01A,-0.3016123,0.03535949,0.25713933,-0.07521181,-0.2837606,0.20890947,-0.042066686,-0.005949281,-0.07616609,-0.11165804,0.07676458,0.06859754,-0.09847959,0.25653368,0.13321589,-0.08159673,0.21000738,0.12253304,-0.23106577,-0.05840676,-0.07110189,-0.120778225,-0.019865923,0.10999613,-0.04915201,0.056576684,-0.2914892,0.054090843,-0.08066502,-0.20513606,-0.13764682,0.10712871,-0.12966082,-0.16345336,-0.12430711,-0.18645264,-0.12735194,0.113597885,-0.06202842,0.06984646,-0.12704287,0.11043938,0.015591113,-0.025751822,-0.047095615,-0.1612039,-0.07022553,0.043728825,0.14337884,0.21031994
TCGA-E9-A1QZ-01A,-0.19546635,0.08616324,0.25204527,0.09405238,-0.013108861,0.18878563,-0.00401994,-0.013059458,-0.24157707,0.0060756574,-0.02521079,-0.06222297,-0.013429609,0.18177688,0.10642828,-0.09068834,0.14035593,0.15876469,-0.038733225,-0.21204835,-0.034950368,-0.0089579215,0.027866283,0.0991953,0.06696046,0.048656527,-0.33559343,-0.1652734,-0.042142108,-0.23813349,0.012437963,0.09547305,-0.23860905,-0.28110424,-0.12144715,-0.21329749,-0.1981947,-0.08786264,-0.03852043,0.1252788,-0.08815868,0.1295883,0.19084848,-0.080101654,0.07581801,-0.14193287,0.10830888,0.062824205,0.17342257,0.11427316
TCGA-D8-A1JU-01A,-0.043957163,-0.021531224,0.25270468,0.064438485,-0.08595866,0.1675389,0.029967511,0.18955216,-0.20445411,-0.0899671,0.054553933,0.084747,0.014189739,0.17357124,0.069263555,-0.151978,-0.0028529842,0.37372857,-0.048019476,-0.18535525,0.062415823,0.042378686,-0.08402048,0.0865213,-0.116189234,-0.009140942,-0.33826742,-0.011981985,-0.05825644,-0.19899604,-0.08365379,0.14427775,-0.16911143,-0.073479585,-0.0640864,-0.17622995,-0.00023016092,-0.031147666,-0.12712608,0.115533695,-0.10470169,-0.028358674,0.21763395,-0.18414308,-0.18925197,-0.07564524,-0.14895497,-0.008457104,0.2924383,-0.03860378
TCGA-LL-A5YM-01A,-0.22254232,-0.023700478,0.26111403,-0.08203945,-0.14146866,0.21736552,-0.046180923,0.028272063,-0.1555155,0.07089005,-0.085501656,-0.07868349,0.054127738,0.1244273,0.08115121,-0.04726549,0.013172129,0.048803467,-0.065252185,-0.23533654,-0.03530685,0.051615726,-0.007938058,0.08915605,0.11280802,0.054337844,-0.36018893,-0.09115158,0.09745842,-0.16628858,0.044712044,0.103048064,-0.12178984,-0.40854836,-0.2377415,-0.23596759,-0.009641251,0.026509272,-0.119215354,-0.047316834,0.0022719563,0.0035081855,0.07958722,-0.17282961,-0.053853646,-0.14177786,-0.037470523,0.0045026126,0.2898378,0.037540857
TCGA-S3-A6ZG-01A,-0.068719864,0.20401736,0.28630525,0.06520297,-0.14127985,-0.016996507,-0.049147356,-0.07327407,-0.10103495,-0.08564323,-0.2639892,-0.15931813,0.16871256,0.1306786,0.15420786,-0.13671552,0.092337295,0.21874942,0.068111576,-0.16333145,-0.21397816,0.15707718,-0.17544688,0.010770606,0.062587276,0.027484013,-0.2691701,0.013525128,-0.082594976,-0.15775995,0.03884018,0.13392319,-0.1280054,-0.1733947,-0.10706364,-0.13660127,-0.031097785,0.10048066,-0.1083869,0.08313772,-0.09411387,0.19940859,0.16439383,-0.10527841,-0.13904952,-0.06286772,-0.029319778,0.14026827,0.20256935,0.2082666
TCGA-C8-A26V-01A,-0.15857719,-0.11219809,0.185419,0.06824448,-0.23990563,0.17171882,-0.008113557,-0.09350476,-0.23900147,-0.06887417,0.053477075,-0.12127542,0.07561786,0.16815943,0.035564754,0.09360204,0.21621306,0.27017817,-0.18881987,-0.1613903,0.043643363,0.0058110687,-0.01591888,0.038958117,-0.07276479,-0.0189592,-0.34398836,-0.0016109875,-0.104423106,-0.16148068,-0.058894906,0.16716562,-0.24486656,-0.25426033,-0.07592977,-0.241786,0.10329263,0.041093823,-0.17902373,-0.0014780891,-0.18708982,0.04890303,0.07746631,-0.078209825,-0.08733646,-0.00022942174,-0.094784856,-0.0037494362,0.14577267,0.075887404
TCGA-D8-A27P-01A,-0.17611459,-0.055516772,0.2141398,0.031159248,-0.03896848,0.030380834,0.051113922,0.14633328,-0.20509386,-0.08569804,0.018587919,0.010101686,-0.119034216,0.20954408,0.07368317,-0.06725643,0.050711982,0.09039616,-0.105400614,-0.2237503,-0.022425901,-0.047361724,-0.116449,0.1360374,-0.0051561426,-0.04824595,-0.38827372,0.09981563,-0.06310898,-0.18762904,-0.14992768,0.013922364,-0.25093424,-0.25700486,-0.14324766,-0.20704064,-0.19250835,-0.043540042,-0.029212225,0.035569716,-0.045656405,0.1269763,0.20397636,-0.0833148,0.044987712,-0.22138068,0.10031596,-0.054449428,0.22099034,0.17299289
TCGA-A2-A0SY-01A,-0.061831877,0.15303637,0.15630206,0.039906815,-0.013430253,0.11454799,-0.030758822,0.13455132,-0.2606292,-0.16983202,-0.029317867,-0.06703247,0.10476465,0.052110273,0.14896636,-0.044183075,0.13128185,0.18532969,-0.15672994,-0.24918881,0.074458085,0.014462731,0.05883184,0.2956104,-0.02034429,-0.07828903,-0.24656887,-0.013973669,0.031529747,-0.07878388,-0.14898764,0.22807398,-0.07969464,-0.03217468,-0.08294402,-0.18635222,-0.107561104,0.10042219,-0.19496581,-0.11036934,-0.10470977,0.19417751,0.06818711,-0.16667855,-0.2265253,-0.17317346,-0.0997927,0.15299816,0.23418953,0.13848235
TCGA-A1-A0SK-01A,-0.10192749,-0.06628924,0.23441535,0.16750605,-0.12830736,0.078152776,0.084165305,0.044451587,-0.04310805,-0.038150564,-0.0983138,-0.097119115,-0.031165099,0.25404224,0.003051951,-0.04503479,0.008172402,0.2176536,-0.0117040705,-0.028017487,-0.15206246,0.089151226,-0.2917922,0.014540592,-0.020694146,0.0055045765,-0.3132216,0.05239225,-0.021493517,-0.29709986,0.063491076,0.05560851,-0.17032549,-0.2667629,-0.022703363,-0.11783702,-0.033514973,0.056684222,-0.16785955,-0.08063895,-0.03149313,0.15141207,0.15230016,-0.16639785,-0.10513198,-0.07506855,-0.038402073,0.13223365,0.3441078,0.19031031
TCGA-AC-A2FF-01A,-0.15269056,-0.092521526,0.19603094,-0.0049432036,-0.21561508,0.21305218,-0.076582775,0.043094646,-0.0104029775,-0.13903658,-0.1056051,0.07418128,0.051271264,0.326729,0.2418817,-0.09238698,0.11400127,0.15796815,0.15137103,-0.16535015,0.031273786,-0.050297894,-0.040918816,0.11293831,-0.0187164,0.08298077,-0.30456382,0.03245527,-0.009939937,-0.11873011,-0.18150245,0.15583746,-0.1278868,-0.31685206,-0.09166193,-0.1951436,-0.11020182,-0.028427117,-0.12749499,-0.044188224,-0.018807244,0.03921657,0.16674978,-0.14009136,0.021567991,-0.096382394,-0.0837022,0.025622651,0.27497506,0.046834216
TCGA-D8-A1XM-01A,-0.18410428,-0.038097803,0.13363054,0.086189106,-0.22290304,0.20520824,0.14525563,-0.045305632,-0.23021741,-0.13231792,-0.11187923,-0.06348395,0.1233093,0.172548,0.0136612775,-0.13307889,0.005145284,0.31393006,-0.16436459,-0.24029128,0.03107412,0.08336684,-0.07426745,0.080924265,-0.061554544,0.029287789,-0.37731093,0.026007593,0.025479732,-0.11480435,-0.10057998,0.13115841,-0.14770013,-0.31953508,-0.11272304,-0.13873166,-0.037688747,-0.12851879,-0.027135836,-0.0075281477,-0.04403083,0.15993293,0.09869781,-0.1863768,5.4235978e-05,0.004084343,-0.094503105,-0.0013296679,0.15446727,0.054184694
TCGA-B6-A0RL-01A,-0.07096503,-0.01822302,0.21195178,0.16200964,-0.194402,0.19485895,-0.061157662,-0.011318137,-0.047521345,-0.09139918,-0.13125333,-0.08678543,0.036150113,0.29637933,0.1766719,-0.028413825,0.23291759,0.21785058,-0.014891124,-0.14339091,0.09292908,0.040192157,-0.13742839,0.13952294,0.02579394,-0.07528209,-0.29275554,-0.11395056,-0.03000208,-0.124062285,-0.07376334,0.08212822,-0.29160798,-0.21885878,-0.10769016,-0.24113822,-0.056843366,-0.041155808,-0.07004621,-0.025863428,-0.026308805,0.036646858,0.07814203,-0.19594732,0.0059874374,-0.26906246,-0.07901703,0.14267093,0.15002944,0.037944492
TCGA-BH-A1FE-01A,-0.05071416,-0.08465779,0.13964334,0.19472973,-0.1262248,0.15448642,-0.039379455,-0.06370778,-0.044589646,-0.20678978,0.002842505,0.054355007,0.106213346,0.1963364,0.057804625,-0.1397391,-0.028168349,0.12652773,-0.044793386,-0.10772661,-0.23105845,0.034036856,-0.20796816,0.06343434,-0.1319074,-0.039764933,-0.359555,-0.13290642,0.05119418,-0.17684847,-0.04553896,0.056664072,-0.12676135,-0.22603858,-0.12094696,-0.2799665,-0.055353068,-0.06658928,-0.17695875,-0.007836056,-0.14875393,0.21401857,0.13422863,-0.17333268,-0.18038695,0.007279145,-0.102692075,0.13066414,0.1466501,0.18145448
TCGA-E2-A1IO-01A,0.026288582,0.107442245,0.2018099,0.056338802,-0.078565694,0.17903988,0.15708013,0.030278716,-0.052724525,-0.13150635,-0.1160436,-0.0053173117,0.13118644,0.25947714,0.17857003,-0.024011591,0.13491456,0.18947446,0.09926975,-0.21650472,0.10609783,-0.06756699,-0.081744365,0.021465927,0.029158449,0.05423781,-0.31258214,-0.14111747,-0.024506552,-0.27599785,-0.15613699,0.18207929,-0.18217623,-0.1682671,-0.0030123575,-0.1878838,-0.11758778,0.010150357,0.03675315,-0.038846888,0.008004003,0.0052961414,0.04285417,-0.14472215,-0.17390399,-0.057793297,-0.13265398,0.17532557,0.33266348,-0.104401626
TCGA-GM-A2DD-01A,-0.13057831,0.063266985,0.25123122,0.09349552,-0.18181019,0.17519939,-0.05619283,0.10272076,-0.18403967,-0.0064205895,0.02930559,-0.015759727,-0.01586751,0.33958974,0.09069014,-0.100377895,0.070896894,0.25907058,-0.060820796,-0.09006895,0.014881143,0.036386024,-0.13260317,0.1672807,-0.06301455,0.12346992,-0.13054563,-0.05201327,-0.09469534,-0.2504878,0.076463796,0.06781897,-0.16591306,-0.20959651,-0.0217396,-0.20010294,-0.10456171,0.035490233,-0.17151958,-0.036995728,-0.037070658,0.17209832,0.2265644,-0.26691744,-0.14337702,-0.038415074,0.053356536,-0.018615292,0.037134472,0.27096707
TCGA-A2-A25D-01A,-0.0950202,0.08744162,0.21874952,0.07287908,-0.1611999,0.14970581,0.04217627,0.24919549,-0.07931312,0.011347683,-0.032739874,0.018087633,0.062387675,0.26769707,0.09861049,-0.11634356,0.029442364,0.36793068,-0.172882,-0.14570394,-0.069839105,-0.08327907,-0.070662476,0.058906764,0.027717201,0.010150387,-0.3240337,-0.009552741,0.02634555,-0.31500787,-0.012481999,-0.012519329,-0.16462104,-0.28254157,-0.11801603,-0.04005238,-0.1840317,0.099744976,-0.0727541,0.037623305,-0.077425934,0.095048666,0.0626124,-0.06717033,0.009004706,-0.21846992,0.016770069,-0.0074755293,0.20992562,0.09359681
TCGA-D8-A1Y3-01A,0.022705842,-0.014729206,0.31783298,0.029395029,-0.063202344,0.09859305,0.013800584,0.06894307,-0.1548478,0.004663506,-0.06859843,-0.040362183,0.0706767,0.22011873,0.1767388,0.04367508,0.09287791,0.34966347,-0.012322467,-0.20931235,-0.2066248,0.13389957,-0.037323087,-0.00071448594,0.028948972,0.086554855,-0.2874918,-0.15114477,0.0035020236,-0.2279791,-0.1160517,0.08463528,-0.24421991,-0.2233548,-0.049071338,-0.19230527,-0.13272712,0.06625019,-0.0018990687,-0.032675218,-0.11621617,0.104445495,0.12428156,-0.046267714,-0.1625648,-0.08881157,-0.084207125,0.12699129,0.19429703,0.17089143
TCGA-A2-A0YT-01A,-0.04279193,0.032518957,0.21442781,0.009802755,-0.21386017,0.1632444,0.11622313,0.050762605,0.015569534,-0.00574982,-0.026571615,-0.083393574,0.042121466,0.13990517,0.15617897,-0.1584463,-0.031800233,0.17950267,0.14249162,-0.0495415,-0.13419303,0.017324232,-0.15640573,-0.06784968,0.026182095,-0.069948256,-0.2482207,-0.14325716,-0.06081858,-0.2573465,-0.22980736,0.07088414,-0.26958802,-0.3430068,-0.12440757,-0.15727678,-0.01889794,0.07705862,-0.1153071,-0.08630648,-0.17857549,0.19642007,0.090259925,-0.08283668,-0.21652487,-0.08716292,-0.03207873,0.15879892,0.1925687,0.06381165
TCGA-C8-A27B-01A,-0.060127668,-0.0842439,0.29051644,0.1221493,-0.07936388,0.07432164,0.07088425,0.054318704,-0.22122246,0.18019699,-0.123251,-0.13210666,0.1761204,0.15294476,0.122749984,0.005102279,0.13389131,0.2510415,0.037872862,-0.112142205,-0.1435132,0.050293338,-0.0072887843,0.099644825,0.0016666489,0.179843,-0.35380727,-0.040919963,-0.052661616,-0.21595788,0.036204234,0.12466834,-0.14702107,-0.34952414,-0.11767276,-0.23984483,-0.013851969,0.089888595,-0.11424996,0.043415256,0.04516554,0.1730227,0.09955448,-0.025619844,-0.08226321,0.019777223,0.040126316,-0.011273502,0.1369714,0.15657604
TCGA-GM-A2DI-01A,-0.1709646,-0.08469272,0.27884743,0.010355878,0.034238983,0.14829165,0.14590053,0.10229729,-0.16120592,-0.0015044435,-0.040032215,-0.04273623,0.13308808,0.13892804,0.07541246,-0.035635717,0.044490725,0.3278924,0.035597984,-0.11546885,0.15348116,0.020084437,-0.1339872,0.11825142,0.02497613,0.13279879,-0.33444592,0.1266067,0.07569189,-0.11731549,0.013681226,0.25118315,-0.22733721,-0.21149687,-0.11729615,-0.121813364,0.016113877,0.110710986,0.00608622,-0.038868655,-0.0056611015,0.09159618,0.19974382,-0.20956066,-0.08808121,-0.1172916,0.120893076,0.080421925,0.26560512,0.06382555
TCGA-E9-A1RC-01A,-0.18534465,0.0036574893,0.2024121,-0.032332096,-0.037579317,0.2304499,-0.007594136,0.0072564725,-0.022403248,0.031132149,-0.0005072445,-0.19720052,0.13703357,0.26434827,0.15917303,-0.007680693,-0.08099596,0.1634538,0.021507328,-0.052880727,-0.038256034,0.13601966,-0.16192448,0.12908825,-0.059698157,-0.08400535,-0.35399222,-0.05395999,-0.1670946,-0.247096,0.047562253,0.10920606,-0.2654908,-0.24537157,-0.08063955,-0.29709357,0.008945669,0.025366632,-0.010761395,-0.04273373,0.06972,0.032358658,0.0061003393,-0.08207995,-0.12357661,-0.07563011,-0.026896086,0.14168459,0.1962428,0.22819957
TCGA-D8-A1XA-01A,-0.15972392,0.0047599496,0.27835497,0.114466295,-0.13151261,0.2261485,-0.031184886,0.12451569,-0.2091427,-0.03584505,-0.049135223,-0.043356635,-0.068764836,0.12507969,0.17338242,-0.025173323,0.07046488,0.2944465,-0.26947755,-0.079409726,-0.035063494,0.060045477,-0.016732927,-0.03434424,-0.011734944,0.12309102,-0.2872424,0.007366918,0.0133805,-0.120226905,-0.06955824,0.21027856,-0.29447913,-0.170883,-0.16445099,-0.17895828,-0.012768399,0.10485322,-0.09601096,-0.035608135,-0.006937789,0.14834198,0.1487141,-0.22293779,-0.03158454,-0.14606114,0.042611044,-0.06573337,0.06906411,0.19082458
TCGA-EW-A1PH-01A,-0.005977171,0.043592986,0.11216191,0.10045165,-0.17499909,0.16687791,0.083191566,0.053071816,-0.044315167,0.077310376,-0.0893275,0.03147282,0.04382305,0.31243154,0.12248556,-0.043003783,0.1190021,0.22084585,-0.011280092,-0.041359913,-0.09947782,0.09969855,-0.060758263,0.13507646,0.0607835,0.120788015,-0.24741103,-0.1366415,0.03710426,-0.21395822,-0.03592797,0.15744795,-0.14866066,-0.24740998,-0.07089521,-0.27606055,-0.109007746,0.14367,-0.1285952,-0.14121106,-0.05070534,0.10013091,0.23359615,-0.17404325,-0.26037365,-0.0700619,0.029805057,0.2083643,0.19791816,0.09357041
TCGA-BH-A0H3-01A,-0.34129274,-0.09481869,0.18780975,0.10809272,-0.059449945,0.16072968,-0.11974715,0.13492528,0.005051381,-0.063121654,0.055415615,0.1071427,-0.09580286,0.2038153,0.056356214,0.047872502,0.21126948,0.16035257,0.043162514,-0.27064183,-0.027105192,0.0041905707,-0.09815657,0.101960175,0.020601733,0.0333766,-0.31529176,0.024301004,-0.1006316,-0.13175786,-0.060219463,0.168365,-0.31269845,-0.3004225,-0.18033056,-0.073945396,-0.028971858,0.057121973,-0.12885346,0.08004076,-0.05917464,-0.008463048,0.098538876,-0.24727857,-0.09578976,-0.09666618,-0.1000925,-0.0045597963,0.05646706,0.06605628
TCGA-OL-A66I-01A,-0.0042729913,-0.024967281,0.23460883,0.16414791,-0.041991685,0.07138223,0.11070268,0.06462778,-0.106542915,0.017544037,-0.13816184,-0.010220495,0.09023207,0.2203435,0.009479978,-0.10215198,0.1372326,0.28734717,-0.023741981,-0.0015447641,-0.09173248,0.051021647,-0.12940927,0.09749718,0.017928662,0.012626344,-0.33735746,-0.01660842,-0.041471172,-0.15768334,-0.039413594,0.0876703,-0.16449614,-0.22128192,-0.061606407,-0.20741984,-0.09872179,0.24705894,-0.17739242,0.043080367,-0.058053195,0.34087694,0.011243408,-0.11563288,-0.15505886,-0.026278058,-0.054368228,-0.031850424,0.25773773,0.22635163
TCGA-E2-A15I-01A,-0.1278238,0.0060434486,0.18240178,0.1427517,-0.18830568,0.082289815,-0.027557105,0.045541137,0.009787116,-0.070548706,-0.049750857,-0.006200798,0.08756969,0.16255,0.08365076,-0.22801448,0.2133244,0.351413,-0.118601866,-0.17924531,-0.03658226,0.09448144,-0.13018829,0.0874026,0.01610217,-0.004148224,-0.3631602,-0.036230158,0.18901502,-0.2341532,-0.025731785,0.1251587,-0.12474125,-0.31304857,-0.0664962,-0.13688032,-0.020390699,-0.07239374,-0.009695178,0.06436671,-0.05122432,0.07029561,0.20763668,-0.08886417,-0.1289435,-0.14039572,-0.060841236,0.011796627,0.21811537,-0.030082403
TCGA-AR-A5QP-01A,-0.15061103,-0.05395796,0.027073303,0.040928315,-0.21985124,0.16079606,-0.00066951726,0.15472634,-0.11758803,-0.18782209,-0.16638692,-0.07813219,-0.021438582,0.15409838,0.12425686,-0.04777166,0.06477304,0.11843265,-0.08314315,-0.13666974,-0.08293399,-0.1784053,0.029287092,0.16417283,0.03484297,-0.033005524,-0.41649094,-0.08663986,0.0605979,-0.08053571,-0.0663414,0.05063319,-0.21773466,-0.36174285,0.014375235,-0.20328307,-0.123683155,0.14477733,-0.013748728,0.0030017276,-0.09304002,0.13873969,0.06525782,-0.18661843,0.05891653,-0.088960156,-0.07609456,0.01878313,0.1990883,0.24064416
TCGA-AR-A0TZ-01A,-0.18972418,-0.09016026,0.056001052,-0.06205423,0.0029312433,0.09090202,-0.060473785,0.028620223,-0.058036778,-0.0008415731,-0.080563486,-0.19572933,-0.095060244,0.21130063,0.13815318,0.0033992287,0.11713447,0.15236445,-0.15734065,-0.20947208,0.059039656,-0.09738306,-0.014757552,0.08509804,-0.047461875,-0.092952184,-0.401554,-0.023849906,-0.018075265,-0.15007019,0.05328799,0.06043435,-0.28048527,-0.27686894,-0.20669946,-0.24016222,-0.056370623,0.010205964,-0.058737382,-0.096355565,0.023257999,0.11370879,0.16922297,-0.112042464,-0.03504583,-0.17383479,-0.035722785,0.13977861,0.24848588,0.21617098
TCGA-EW-A2FW-01A,-0.079024054,0.02813646,0.19173768,0.13522832,-0.19251126,-0.030889232,0.09706227,0.045282643,-0.123679936,-0.11828252,0.052561823,0.022042388,-0.070510834,0.16295795,0.14146447,0.03137016,0.14778525,0.07576568,-0.065949336,-0.12016451,0.04252257,0.021854358,-0.025322545,0.079987355,-0.1060904,-0.03091163,-0.38988838,-0.14648144,-0.020981746,-0.112694,-0.06701617,-0.008037287,-0.33730218,-0.33233607,0.033097446,-0.18731408,-0.083044305,-0.048192065,-0.25445905,-0.015236087,-0.057798136,0.13538526,0.2551832,-0.20412926,0.06633212,-0.06766062,0.0039684353,0.056140803,0.2510147,0.07799537
TCGA-BH-A1FM-01A,-0.1530208,-0.036904797,0.21387541,0.04260942,-0.2355051,-0.042133186,-0.15762758,0.043423157,0.022009252,-0.06674995,-0.032138027,-0.13588567,-0.010167233,0.16263269,0.06385044,-0.105443716,-0.0022994806,0.22031863,0.10603319,-0.108036086,-0.06723102,0.15834726,-0.1645506,0.15685715,-0.2087024,0.05810525,-0.27912137,-0.081180446,-0.04978498,-0.09680525,-0.09946529,0.07581254,-0.26652372,-0.15445808,-0.24323624,-0.25398332,0.020147778,0.14546199,-0.096180126,-0.00022116178,-0.15389465,0.24026272,0.0039855004,-0.11529113,-0.16781707,-0.07419636,-0.0040818383,-0.03502098,0.20323336,0.21339904
TCGA-LD-A7W6-01A,-0.16163146,-0.05551341,0.1540877,0.0029701274,-0.037777197,0.218795,-0.1619416,0.11522765,-0.29120386,-0.26095584,-0.07939478,-0.11080348,-0.03704081,0.2295732,0.08948929,-0.107032984,0.07636039,0.12373705,-0.11347108,-0.21641853,-0.04255056,0.12787747,-0.12516643,0.1473476,0.13013384,0.004798075,-0.2748179,-0.100631595,-0.011542259,-0.280997,-0.19574854,0.11793692,-0.12476999,-0.10899234,0.014210777,-0.105439916,-0.11925773,-0.014295029,0.007514273,0.06269867,-0.04369972,0.09321456,0.105517484,-0.1409219,-0.11344341,-0.10609995,-0.040295683,0.0046802345,0.31246844,0.14393331
TCGA-C8-A1HE-01A,-0.23341568,-0.00046331296,0.2721454,0.059219886,-0.069228634,0.04721196,0.038707066,-0.006354017,-0.17800845,-0.027457388,-0.049502853,-0.03254936,0.055963267,0.26345643,0.105634406,-0.009225083,0.17396133,0.20234734,-0.0002654409,-0.15967685,0.12193389,-0.028526573,-0.12717839,0.10993763,0.049556915,0.1364993,-0.20056255,-0.027896632,0.10084199,-0.20412582,-0.07844954,0.1225752,-0.17287003,-0.014643868,-0.20703393,-0.4057909,0.10949928,-0.098058365,-0.112709336,-0.008492248,-0.03061906,0.13777408,0.044413753,-0.04634765,-0.10414958,-0.046741698,-0.071672246,0.16866429,0.32388526,0.12779242
TCGA-E9-A1R0-01A,-0.08424727,-0.020770673,0.19587438,0.08429919,-0.31488812,0.15421629,-0.13007826,0.0704841,-0.27729073,0.0064934273,0.0028278593,0.010463916,0.10044264,0.16924074,0.024179047,-0.11222085,0.09856997,0.22945985,-0.16337924,-0.35200313,-0.03917982,-0.013209059,-0.1608551,0.09892434,0.110042594,0.039851908,-0.32387158,-0.004929552,0.012057015,-0.17063786,0.0042717494,0.009495887,-0.19528115,-0.14545387,-0.13360208,-0.09203298,-0.115264796,0.059248213,-0.1092414,-0.0053633475,0.101773955,-0.05847719,0.120291874,-0.15034695,-0.06453625,-0.07795496,0.015165764,-0.052842416,0.25122657,0.18245505
TCGA-E2-A1LH-01A,0.08446166,0.02416223,0.30535015,0.24318403,-0.04860992,0.23175877,-0.05521478,0.022871533,-0.07933234,0.008993933,-0.016142972,-0.1197688,0.047825787,0.2511317,0.039370514,-0.046629854,0.1707751,0.17451686,0.19241177,-0.10354663,-0.06810246,0.07950791,-0.13313985,0.11547927,-0.07083219,-0.0072413487,-0.35984224,-0.09148284,-0.023461714,-0.16922759,-0.10386748,0.14706646,-0.06884331,-0.23189922,-0.08229407,-0.21542592,-0.06941563,-0.030472087,0.01713262,-0.06316182,-0.122447886,0.26715714,0.15527038,-0.20040053,0.002632954,-0.037303027,0.014757932,0.15517707,0.09303688,0.17195567
TCGA-A2-A0YM-01A,-0.064950846,-0.016035812,0.21393226,0.09601466,-0.17215653,0.25954646,-0.02270925,0.0640334,0.009154009,0.060455892,-0.067807265,-0.20796537,-0.019262396,0.25962004,0.11512376,0.029300528,0.04027765,0.14397286,0.031399462,-0.018189657,-0.16442399,0.017541006,0.03796369,0.09590547,0.011871627,-0.025869539,-0.24362262,-0.023969917,0.0693499,-0.16318935,-0.19087848,0.12747656,-0.17257668,-0.23092465,-0.007550941,-0.27774704,0.034127098,0.16872314,-0.21061297,-0.019206546,-0.060268704,0.2533621,0.08402825,-0.20173895,-0.1482663,-0.065344416,-0.06252041,0.22494662,0.20158093,0.1651898
TCGA-EW-A1P4-01A,-0.15872104,0.026082689,0.29653162,0.1833099,-0.08136441,0.20047365,0.010490669,0.085436724,0.018363284,0.011566821,-0.13455161,0.10163288,0.045017906,0.31042224,0.119134195,0.029461237,0.13003552,0.15996532,0.008141019,-0.057309486,-0.025247471,-0.0043715877,-0.065834105,0.06616181,-0.069399305,0.085578695,-0.2704389,-0.082189076,0.047441162,-0.21307468,-0.03350544,0.13057981,-0.10064999,-0.2569153,0.022077082,-0.10007785,-0.09701432,0.10416851,-0.15163445,0.014709048,-0.1456235,0.27586845,0.053575747,-0.14364739,-0.12344269,-0.060373023,0.008972661,0.033303387,0.3195101,0.26431307
TCGA-AC-A8OS-01A,-0.15307191,0.022181703,0.16758046,-0.014670004,-0.14118423,0.066366106,0.16526818,0.11306588,-0.041398842,-0.21763818,-0.20843837,-0.18521813,0.008581788,0.05261788,0.1260858,-0.020977179,0.107483156,0.3450846,-0.15549761,-0.14119045,0.12896548,-0.16247912,-0.11537487,0.033015702,0.035640128,0.041099235,-0.32638997,-0.10893417,-0.041031495,-0.19237398,-0.14235881,0.16459584,-0.17735046,-0.22906604,-0.10471061,-0.16036083,-0.07522159,0.08076371,-0.04604608,-0.0022137684,0.027610864,0.09445469,0.21812066,-0.19718903,-0.17662975,0.0007729794,0.0235486,-0.0052451435,0.1864561,-0.011876336
TCGA-B6-A0RT-01A,-0.0919354,-0.122815765,0.1481876,0.09480076,-0.15169685,0.11628087,0.10382545,0.056557365,-0.1734099,-0.13706656,-0.1953566,0.013889197,0.098166935,0.24400002,0.08480686,-0.118247956,0.09597161,0.32824814,-0.0032816099,-0.26247928,-0.08467449,-0.08113991,-0.088215016,0.09744438,-0.10034853,0.12320245,-0.40027046,0.0168659,-0.047337476,-0.14252152,-0.035122626,0.18550746,-0.0155868335,-0.19668317,-0.048684336,-0.22826213,-0.07879542,0.034788735,-0.08444391,0.049419496,0.010725533,0.23374106,0.11614742,-0.07015437,0.015235064,-0.018329587,-0.017148659,0.004355903,0.24681768,0.10603957
TCGA-E9-A1R3-01A,-0.07160315,0.031148866,0.1448368,0.07985085,-0.18925583,0.14509094,0.007374075,-0.008711518,-0.17915292,0.029341757,0.015877726,-0.13776231,0.09409158,0.28198177,0.02645979,-0.13553469,0.03718713,0.23675686,-0.118364334,-0.12854671,-0.056381736,0.09887938,-0.18623118,0.110266894,0.057667457,-0.114943504,-0.33839512,-0.11591156,-0.071913205,-0.09951174,0.05169635,0.04164408,-0.23926428,-0.13767894,-0.06128425,-0.16995442,-0.07300739,0.24734952,-0.10379329,0.0068317777,0.13910513,0.22166508,0.16689135,-0.16190015,-0.14254491,-0.08556172,-0.10498202,0.024682414,0.09211285,0.2858539
TCGA-D8-A1XO-01A,-0.17448156,0.008198645,0.11427076,-0.06161804,-0.13955186,0.13316357,0.10235637,0.07086814,-0.14161238,-0.07430407,-0.05413915,-0.10899217,0.122077145,0.3167664,0.102252826,0.041664895,0.08870744,0.14835837,-0.07779972,-0.21164465,0.022846682,-0.09582449,-0.16374758,0.18120629,-0.08177306,-0.0141028,-0.22752345,-0.08070617,-0.07008206,-0.051022854,-0.13309456,0.14970505,-0.23816374,-0.22942413,-0.14052941,-0.24501073,0.021704204,-0.12515205,-0.22743285,0.047557656,-0.03530782,0.14568561,0.089796945,-0.22479172,0.073021986,-0.20615102,-0.056204557,0.11618777,0.20983078,0.14275917
TCGA-EW-A1PE-01A,-0.13234776,-0.029307807,0.2493572,0.09575079,-0.07954277,0.04620364,0.15013942,-0.00230468,-0.22318503,-0.24698535,-0.045122623,-0.02855965,0.02509039,0.09629439,0.015879178,-0.046922278,-0.01394127,0.06272899,-0.0019306386,-0.24377072,0.02444423,0.041200057,-0.10740984,0.05495541,0.105366334,-0.014219306,-0.3991559,-0.07490121,0.011708752,-0.16152908,-0.110900804,0.18550251,-0.1921317,-0.32536238,-0.23151994,-0.16485986,-0.10632596,-0.012766839,-0.045012668,0.10087892,-0.11704295,0.15007216,0.11170599,-0.12209616,0.011789879,-0.053842273,-0.1255562,0.19494389,0.06590557,0.22732842
TCGA-A7-A4SE-01A,-0.119938,0.0026719258,0.1418819,-0.0040688855,-0.17030929,0.13704772,0.07241187,0.08367722,-0.15616237,0.059388243,-0.14411671,-0.062481847,-0.021972973,0.22006738,0.051201314,-0.03673915,0.22505791,0.28023112,0.023868272,-0.117737055,-0.15062517,-0.015574579,-0.093033545,-0.11416186,0.044998832,0.072905086,-0.2165675,-0.17698263,-0.06644877,-0.24437343,-0.18433405,0.021074833,-0.06905184,-0.33618304,-0.20423362,-0.25884187,-0.0528663,0.13921654,-0.064354904,-0.01374241,-0.124359176,0.1362715,0.055947464,-0.16430138,-0.14080927,-0.06698779,-0.10607057,0.094556324,0.048660778,0.25212282
TCGA-AR-A24K-01A,-0.12694544,0.102926366,0.10046729,-0.023568189,-0.02333552,0.12618047,-0.06259497,0.08327534,-0.05265462,-0.051155735,0.011067066,-0.18101507,0.01227239,0.24547498,0.05191433,-0.055767614,0.04023206,0.27239934,0.0012095958,-0.16158713,-0.08893396,0.19589365,-0.09078226,0.12206951,-0.12212768,-0.07936298,-0.2975947,-0.18764095,0.026727458,-0.0899836,-0.017538792,-0.0012974223,-0.26559234,-0.39042017,-0.050657984,-0.26362956,-0.1035936,0.07284349,-0.06032565,-0.0043001617,0.01996194,0.20392415,0.029571746,-0.10263887,-0.1660549,-0.16032493,0.039369598,0.09964834,0.2384309,0.12504977
TCGA-AR-A0TP-01A,0.01219832,0.031647,0.113026015,-0.008065654,-0.07108762,0.22766815,0.17064844,-0.083823055,-0.18240725,0.083944485,-0.09813854,-0.07677146,-0.027482074,0.25472823,0.07238909,0.0018339169,0.23308583,0.13896133,-0.019363107,-0.11797992,0.035439115,-0.03815949,-0.09616046,0.22012389,0.018410683,0.09205888,-0.28244796,-0.031324226,-0.12635274,-0.20574227,-0.08370261,0.13612874,-0.12413943,-0.31326362,-0.15800628,-0.19690123,-0.05916946,0.014467608,-0.07660767,-0.0927192,-0.016574807,0.16954973,0.15830748,-0.08622236,-0.09872298,-0.2334859,-0.046924237,-0.051560204,0.25146836,0.23486896
TCGA-A1-A0SH-01A,-0.15584822,-0.07377955,0.3209947,-0.001234115,-0.09338382,0.21489567,0.013170762,0.08647012,-0.09179985,-0.21975301,-0.049347196,-0.30574182,-0.06286414,0.07184996,0.22846757,-0.054006062,0.14236549,0.31518936,-0.0068548312,-0.27692404,0.022105401,-0.09377566,-0.020586776,0.04807404,-0.017026193,-0.086045794,-0.22417103,0.060071602,-0.04988904,-0.0025946049,0.025968201,-0.019977156,-0.1628078,-0.19552481,-0.03238857,-0.22391154,-0.050014686,0.09461648,-0.16357563,0.14089087,-0.16018815,0.049127348,0.072069086,-0.132066,-0.10211483,0.045132957,0.0065648714,0.023275258,0.24759069,0.123642094
TCGA-PL-A8LZ-01A,-0.17586038,0.0012231839,0.20561765,0.06675648,-0.1503519,0.14728153,-0.118563466,0.14990689,-0.24858908,0.06778513,-0.06236432,-0.015983626,0.057535388,0.28850016,0.18248598,-0.09176314,0.061336767,0.27816647,0.16627467,-0.12716618,-0.08823474,-0.039482284,0.010308066,0.06358149,0.09468715,0.04492043,-0.29922953,0.011711749,0.09540734,-0.12786801,-0.13232093,0.10377004,-0.1454931,-0.25640988,-0.095705666,-0.21149686,0.005514353,0.13547362,-0.19276047,0.11425886,0.031450417,0.25937647,0.15648206,-0.027855882,-0.071379915,0.04452975,0.0068755876,0.04607658,0.12936799,0.14476871
TCGA-A2-A0T4-01A,-0.052593235,0.05171699,0.20062989,-0.0021860274,-0.052276257,-0.005619359,-0.012457137,0.041044038,-0.104469165,-0.17165604,-0.14391954,0.09104801,-0.067613184,0.26515943,0.33373708,0.010944757,0.03317987,0.13475344,0.040762246,-0.18640609,-0.01936532,-0.06288494,0.10034589,0.12609547,0.019146709,0.10417687,-0.4065743,-0.118083775,0.099555545,-0.15832508,-0.044635482,0.08642557,-0.2341414,-0.357417,-0.003969997,-0.10664264,0.020475741,0.0972267,-0.092789166,0.13953714,-0.00080307,0.056819446,0.18193792,-0.18722576,0.026403712,0.039523207,-0.078574285,0.09738177,0.1825263,0.13614485
TCGA-A7-A6VW-01A,-0.045130797,-0.11575898,0.19991751,0.04656257,-0.077633776,0.16793923,0.0003175332,0.114962414,-0.15946484,-0.11656485,-0.25834668,0.04075528,0.02142992,0.19334532,0.20854346,0.021654379,0.17796223,0.16783206,0.0516207,-0.19415513,0.1211238,-0.0014839872,-0.16088043,0.14922608,0.003232885,0.10251059,-0.28590608,-0.027960822,0.15334977,-0.120844446,-0.018304,0.07659289,-0.23355033,-0.22528918,-0.022666933,-0.116933405,-0.028004633,0.060277585,-0.2395453,0.14435162,-0.20352063,0.12523778,0.1918326,-0.11177966,-0.088623516,-0.012712521,0.08080508,-0.054374404,0.21744117,0.1790676
TCGA-LL-A8F5-01A,-0.043196127,0.0028916034,0.26367474,0.03662159,-0.11360364,0.21209535,-0.096919425,0.02689441,-0.17710754,0.055144094,-0.12779447,-0.065052986,0.12503003,0.1920986,0.17248218,-0.08128103,0.0379297,0.24582803,0.080865376,0.048399515,-0.14174159,-0.10317675,-0.13289277,0.049973063,-0.12097271,0.041439496,-0.31185386,-0.042182125,0.0060903854,-0.16109818,-0.09380887,0.080135055,-0.13833135,-0.27578002,-0.06155957,-0.24428175,0.0032245503,0.15102468,-0.058880232,-0.118483245,-0.11384553,0.23912619,0.12581715,-0.20921798,-0.06578023,-0.088645644,0.13714063,0.16245733,0.14352812,0.1744793
TCGA-AR-A2LO-01A,-0.15147954,0.08345946,0.18591063,0.073794,0.0031128542,0.05170533,-0.025391323,0.06769928,-0.09058101,-0.12705281,-0.19551086,0.084928244,-0.038278364,0.04555376,0.06729317,-0.05764798,0.0898464,0.2843139,-0.0992206,-0.14928806,0.11474424,-0.08698955,-0.04401872,0.08649193,-0.037503716,0.07439905,-0.40948045,-0.17054807,-0.10913734,-0.15427569,-0.079185836,0.12269248,-0.12202651,-0.2576576,-0.06657546,-0.1933053,-0.011775669,-0.02095057,-0.08918596,-0.022144293,-0.0519364,0.062886275,0.111497894,-0.27304417,-0.18449137,-0.11753059,-0.060529266,0.12790129,0.29282108,0.22295779
TCGA-A2-A0T0-01A,-0.09305341,-0.14371835,0.35054675,0.055816516,-0.009746746,0.19648796,0.051228393,-0.059810046,-0.1561378,-0.0183598,0.024218544,0.0055532395,-0.028648715,0.21834984,0.1979525,-0.12411646,0.22697386,0.10078338,-0.102885984,-0.09017954,-0.06094697,0.048742823,-0.008091382,0.11853707,-0.059164725,0.08187456,-0.1732493,-0.11802083,0.12617242,-0.22780845,-0.083760254,0.16197228,-0.11964614,-0.21734387,-0.020605942,-0.22428644,-0.14208841,0.16861236,-0.21393667,0.06337629,-0.00062251143,0.15582353,0.11471551,-0.095938325,-0.08100602,-0.034922745,0.02584892,0.08704922,0.30248064,0.22515348
TCGA-BH-A0H6-01A,-0.15182234,0.024016906,0.041288987,0.04539633,-0.024029868,0.14618877,0.02147346,-0.04715864,-0.17729731,0.0034106558,-0.14736538,-0.025817825,-0.027179293,0.20389454,0.075467154,-0.16979562,0.085302666,0.19756202,-0.0904368,-0.050844166,-0.09149031,0.07614518,-0.028444193,-0.0595519,-0.06769247,-0.0056465697,-0.381192,0.076839596,-0.04353465,-0.17068088,-0.17450248,0.08617793,-0.315944,-0.23771821,-0.087052576,-0.32071683,0.013530005,0.06803148,-0.053548556,-0.03445399,-0.04100074,0.10260441,0.061404146,-0.09381268,-0.13532527,-0.0879471,-0.15848424,0.19709906,0.27056175,0.23097791
TCGA-AN-A0XU-01A,-0.1416192,0.12337707,0.18144178,0.09897637,-0.026790885,0.20136201,0.11366381,-0.025647795,-0.17685755,0.027406853,-0.11786004,-0.109453134,-0.06282658,0.3414191,0.04373252,0.014615843,0.1794376,-0.020176955,0.06077051,-0.10063907,-0.19415295,-0.064075105,0.0042366004,0.1999674,-0.13572264,-0.0014944492,-0.23295967,-0.07219815,0.043935396,-0.26796627,-0.1532674,0.03701368,-0.14421973,-0.15537494,-0.07592521,-0.21108343,-0.0561693,0.101374246,-0.059476975,-0.04442673,-0.096185476,0.118475325,0.21102321,-0.053287607,-0.15236488,0.0062833475,0.14749834,0.08084015,0.18390162,0.33415383
TCGA-OL-A5RY-01A,-0.062697865,-0.12230048,0.15805383,0.17700142,0.05247272,0.1970895,-0.07126728,0.06708109,-0.17993978,-0.039953,0.079626374,0.08349086,0.113388516,0.20117593,0.028413866,-0.18831082,0.244011,0.19165567,-0.028349215,-0.09311245,0.06674524,-0.22128281,-0.11783257,0.04293281,0.0082405675,0.123603754,-0.3755386,-0.04931326,0.111879066,-0.19739206,-0.011435457,0.116185926,-0.21839252,-0.2181407,-0.03569803,-0.2609301,-0.10733757,0.097832054,-0.12029225,0.135728,-0.08448107,0.09058119,0.16205053,-0.04596231,-0.11181076,-0.04496784,0.054907832,0.09162707,0.1367026,0.17597695
TCGA-AC-A62Y-01A,-0.12200053,0.1338491,0.08031846,0.14855999,-0.14886922,-0.035468914,-0.06530225,0.0339179,-0.16892599,-0.158172,0.017950092,-0.11766587,-0.06355407,0.2634849,0.1436802,0.033866275,0.025734289,0.25062567,-0.0024958733,-0.08859991,-0.12165173,0.054618433,-0.06600344,0.026607463,-0.08915579,0.1287149,-0.3344089,-0.13380706,0.06642418,-0.15978585,0.041160103,0.1269042,-0.18969381,-0.25638914,-0.06393235,-0.20797247,0.056893144,0.10170993,-0.2258668,-0.09431749,-0.21647997,0.1783496,0.11598452,0.0069747097,-0.1718303,-0.026128056,-0.04384471,0.034555312,0.14814097,0.28407946
TCGA-D8-A1JC-01A,-0.05453337,-0.06390672,0.09686025,0.074392974,-0.07969957,0.22072117,-0.055977583,-0.021734841,-0.13181138,0.0734636,-0.06024584,-0.06772762,0.13001445,0.15724938,0.013792456,-0.09824502,0.11055251,0.077571854,0.013399364,-0.3398378,0.029799432,-0.05240746,-0.16265114,0.076779336,0.012318364,0.08048777,-0.29638383,-0.20281525,-0.067043126,-0.15676932,-0.15569542,0.07427855,-0.255118,-0.24930091,-0.30217174,0.033437017,-0.08825633,-0.0759845,-0.11097386,-0.00450388,-0.13360286,0.27021414,0.055250727,-0.2002752,-0.21096483,-0.084790535,-0.050935138,0.023040308,0.14334138,0.1326727
TCGA-EW-A1IW-01A,-0.010573145,-0.006237195,0.17465022,0.028464021,-0.121166,0.15657319,0.10517541,0.0005421085,-0.23469537,-0.040935382,-0.08865182,-0.0030188728,-0.010439249,0.10432865,0.148218,-0.11792603,0.20335667,0.27027187,-0.110540494,-0.18924214,0.15489322,0.11587995,-0.040921487,0.06493211,-0.1529477,-0.02579853,-0.3746434,0.03783044,-0.031943146,-0.17869602,-0.11838413,0.12193968,-0.13692817,-0.23592138,-0.06393189,-0.2909709,-0.072981775,-0.12405063,-0.09713602,0.09343427,-0.009789998,0.16305742,0.12469401,-0.062080815,0.040046897,-0.044039927,-0.09437491,0.115385175,0.2135057,0.23212427
TCGA-A2-A4S1-01A,0.017209092,-0.008366756,0.20554315,0.0271948,-0.1607963,0.2051193,0.07873256,0.122515984,-0.07518984,0.0020694775,-0.054169312,-0.01953014,0.021581937,0.43019634,0.05982445,-0.083286025,0.068738624,0.12716691,0.012723556,-0.08208668,-0.033440545,-0.039906427,0.006192702,0.0456636,-0.09712128,0.15133516,-0.28569862,-0.015898854,0.006855286,-0.06382521,-0.044433277,-0.057578832,-0.19532171,-0.13312167,-0.102445535,-0.2825314,-0.035060313,0.18949488,-0.121253945,0.051799465,-0.15684365,0.13931209,0.21875207,-0.08423992,-0.13210067,-0.11927044,-0.07563741,0.1062764,0.2405859,0.31620803
TCGA-AR-A254-01A,-0.20988615,0.039980434,0.23169473,-0.025987778,-0.11512219,0.19217236,0.18746243,-0.035733465,-0.08756063,0.034177113,0.008882095,0.030294653,0.16542754,0.1681057,-0.02655227,-0.029271442,0.06679857,0.248024,0.035803918,0.037903897,-0.17420116,-0.049819,-0.10274298,-0.008261036,-0.11554387,-0.02868394,-0.33343706,-0.107467525,0.045186978,-0.17707722,0.015840271,-0.020648133,-0.2991866,-0.3057122,-0.024952808,-0.24920651,0.048651274,-0.049170665,-0.16959584,0.00419786,-0.15884943,0.04092475,-0.016101109,-0.1210085,-0.15499666,-0.04626629,-0.03274897,0.15349814,0.21962577,0.20768754
TCGA-BH-A8FY-01A,-0.032314878,-0.024893582,0.32078826,0.0769595,-0.2484499,0.105385646,-0.16854846,0.027025571,-0.117292985,-0.15587388,-0.011266504,-0.041092906,-0.10207991,0.15160045,0.07003878,0.05113015,0.0015324671,0.22338316,-0.12212524,-0.19837415,0.109259605,-0.033913378,-0.061594173,0.09590314,0.010297249,0.0065869046,-0.23022562,-0.019301472,-0.061521724,-0.22936387,-0.040037397,0.08650481,-0.3596807,-0.28914374,-0.015500508,-0.18463957,0.021418039,-0.0045091687,-0.031357825,-0.13215029,-0.09326856,0.24618419,0.034246955,-0.15852396,-0.15249436,-0.1400114,-0.04404555,-0.019923711,0.21297719,0.07138231
TCGA-EW-A1PA-01A,-0.072820805,-0.10342746,0.16642265,-0.034587663,-0.1949481,0.17382403,0.054329365,-0.01866124,-0.07073951,-0.16228548,-0.09752142,0.015323129,0.024508588,0.14069706,0.23343968,0.08591215,0.21313673,0.19754648,-0.053620487,-0.2073392,0.15231894,0.09833822,-0.16118933,-0.033185538,0.047634453,-0.056966856,-0.46380344,-0.056869134,-0.031843398,-0.11427044,0.087507956,0.2594139,-0.08714021,-0.18278213,-0.19343846,-0.19826046,0.058749225,0.012019399,-0.093547575,0.006220589,-0.14494987,0.20515443,0.012271237,-0.04444707,-0.07997997,-0.13712037,-0.015582737,0.042129215,0.117674015,0.14376909
TCGA-B6-A40C-01A,-0.09785113,-0.10079134,0.1254335,-0.023365023,-0.103930175,0.11541473,0.04586005,-0.028761247,-0.04639845,-0.06626728,-0.06001406,-0.09701772,0.08296325,0.21702653,0.27049634,0.00034232007,0.052636653,0.340325,-0.17826867,-0.2667507,-0.18337657,0.034137607,-0.033631653,0.08329294,0.06595076,0.034942757,-0.2203921,-0.049863696,-0.076148726,-0.12042246,-0.15114982,0.2340583,-0.24817286,-0.19634958,-0.08395751,-0.19991595,-0.0070657125,0.0012153941,-0.29369247,-0.023557391,-0.06782468,0.08034766,0.14630467,-0.21476999,-0.020784898,-0.03482205,-0.08634862,-0.025033785,0.22120784,-0.0030353733
TCGA-E2-A1LK-01A,-0.16055705,-0.030116294,0.22310059,0.055341955,-0.16155119,0.07432991,0.03407573,0.117205754,-0.004304448,-0.024954967,-0.22652347,-0.12985225,-0.12658231,0.30520234,0.08170457,-0.07779774,0.073629275,0.14311233,0.047291685,-0.08632119,-0.22311413,0.073459856,-0.019663416,-0.07514401,0.11233607,-0.02781519,-0.26888788,-0.008417595,0.051677953,-0.16760807,-0.046683144,-0.0047653234,-0.19893886,-0.26396605,0.03303316,-0.31400332,0.011436799,0.089542575,-0.14109695,-0.0032726075,-0.12030257,0.24943398,0.084794976,-0.015692692,-0.1589519,-0.04110329,-0.08990771,0.12355152,0.2035505,0.2341713
TCGA-B6-A0RM-01A,-0.21439019,-0.03153622,0.12914385,0.050644755,-0.13568789,0.15692542,0.15930088,0.016468102,-0.18879536,-0.1330683,-0.041541222,-0.088758685,0.22733365,0.25553086,0.063623,-0.15695806,0.16337197,0.11608389,0.037174806,-0.20876741,0.093255475,0.14443173,-0.08196895,0.013268577,-0.028974148,-0.008598737,-0.38437402,0.00632228,0.020484453,-0.056468975,0.0753247,0.15989885,-0.21645464,-0.27721298,-0.1351611,-0.13085616,-0.024082975,-0.052094176,-0.10827829,0.027297776,-0.060476795,0.0774431,0.16458653,-0.1634537,-0.11815278,-0.18463719,0.02547979,0.06943928,0.22693102,0.08963277
TCGA-BH-A1FU-01A,-0.10243601,-0.027984235,0.1865947,-0.08176732,-0.1687877,0.17462704,0.079634584,0.11366451,-0.12115705,-0.052030016,-0.025082957,-0.014884119,0.008717297,0.2519633,0.0806586,-0.009399336,-0.049001638,0.15649906,0.07695208,-0.20659302,-0.05596834,0.01478626,-0.15737763,0.15753591,-0.05833241,0.18098372,-0.39972907,-0.030448645,0.06452033,-0.06648169,-0.04530364,0.16915184,-0.13658036,-0.28181475,0.030203413,-0.26221827,-0.08861522,0.1249269,-0.124022484,0.053711228,-0.03719395,0.24346657,0.12035879,-0.1837732,-0.05210369,0.031105548,-0.16833518,0.21523228,0.097012945,0.09945432
TCGA-AR-A1AI-01A,0.044817485,-0.033777937,0.26726225,0.082794614,0.003490433,0.059382565,0.05707478,0.0051083732,-0.09966028,0.037707277,-0.07533428,0.10798963,0.15579619,0.3331466,0.08752649,-0.07449446,0.09910518,0.28255847,0.12383143,-0.1007547,-0.06035114,0.017933838,-0.1601643,0.042246528,0.028558074,-0.059664372,-0.2968369,-0.07501837,-0.10582293,-0.267064,-0.011105882,0.14577709,-0.15898079,-0.26859307,0.024467235,-0.10863738,0.028985724,0.012042432,-0.0094427895,-0.10359975,-0.15360178,0.16766958,0.120926395,-0.16552494,-0.12385624,-0.07556891,-0.046669446,0.12464535,0.33362746,0.1435211
TCGA-LL-A5YL-01A,-0.042440306,-0.06971296,0.22093101,0.057919916,-0.064828955,0.2075236,-0.045989804,0.00025996863,-0.2880923,0.010503215,-0.044101622,-0.12609318,0.02459943,0.14002033,0.117337555,-0.022912245,0.011170916,0.25799534,-0.15427078,-0.22421741,0.082908735,-0.042946413,-0.23112153,0.12689102,0.0550691,-0.05959324,-0.23714095,-0.045209948,0.07718863,-0.19974193,-0.15267995,0.096301325,-0.238653,-0.20520996,-0.14680964,-0.30939546,-0.061530113,-0.09200413,-0.12929247,-0.07812756,-0.006682839,0.13611324,0.08708059,-0.21781406,-0.026637018,-0.10693455,-0.034059063,0.029754108,0.22261603,0.07261386
TCGA-A8-A075-01A,-0.1318613,-0.005266818,0.27757415,0.14801608,-0.1187459,0.07755586,-0.026206713,-0.14743286,0.023750616,-0.014942628,-0.15652898,-0.1900679,0.12272375,0.27739468,0.12601236,-0.089774996,-0.06939514,0.12512998,-0.05377686,-0.006998614,-0.13759361,0.080302455,-0.18710615,0.12599294,-0.10618844,0.11695845,-0.3815972,-0.058070485,-0.02213151,-0.15663178,0.04681676,-0.041943505,-0.12885357,-0.23134725,-0.08025939,-0.31498176,-0.05192775,0.16225997,-0.05099148,0.041938853,0.035775818,0.13149667,0.15355118,-0.18421571,-0.086307675,-0.05873945,-0.044135906,0.006699536,0.16662973,0.18768594
TCGA-EW-A1IX-01A,-0.19041476,0.116689846,0.22759295,-0.008019618,-0.13673432,0.06711746,-0.07521052,-0.09750913,-0.28900364,-0.10714124,-0.06769763,-0.02023449,0.030198772,0.20781554,0.060336385,-0.07930013,0.1113671,0.26787198,-0.047605734,-0.21557474,-0.035756126,-0.05548308,-0.18318428,0.13292837,-0.03307376,0.22878368,-0.3259206,-0.05847839,-0.047895182,-0.12449693,-0.21046992,0.13496226,-0.14513846,-0.20415471,-0.15711392,-0.15706453,-0.047159407,0.13114989,-0.03221236,-0.054038726,-0.120180525,0.00574207,0.04521152,0.02255374,0.06335607,0.030952007,-0.015825195,-0.06986477,0.24924167,0.2219772
TCGA-EW-A6SD-01A,-0.18006748,0.12401324,0.16350308,0.0069904206,-0.07265314,0.24747564,0.1216782,0.061947584,-0.08308043,-0.1205971,0.03584186,-0.17078273,0.10497405,0.37517375,0.21562085,-0.13075267,-0.016283171,0.14203241,0.0559923,-0.1009575,0.018112091,0.11382585,-0.12740777,0.0705986,-0.14942305,0.062443066,-0.17976104,-0.115630604,-0.060322735,-0.25635934,-0.041590504,0.14887649,-0.13750646,-0.18386109,-0.12514463,-0.24523129,-0.14100495,0.13173616,-0.091893956,0.084944345,-0.024341198,0.17351276,0.13384633,-0.123860605,-0.069025494,-0.06019354,0.027280383,0.11060382,0.17849116,0.2024044
TCGA-OK-A5Q2-01A,-0.060949653,-0.0194307,-0.016975578,0.13986692,-0.08644313,0.14156662,-0.06870201,0.087043196,-0.2929501,-0.12362264,-0.09103937,0.00801673,-0.049405515,0.2738531,0.10760785,-0.086181164,0.19756827,0.20072246,-0.20858237,-0.26506504,-0.027630378,0.018684192,-0.091715276,0.05729498,-0.12630002,-0.045033418,-0.41850522,0.04929017,0.02362954,-0.045554582,0.015285326,0.16713887,-0.1802401,-0.26360306,-0.110752925,-0.17509624,-0.12819819,0.055452287,-0.14955607,0.038274165,-0.05251786,0.15961303,0.07791986,-0.1157213,-0.09678779,-0.051356424,-0.08338711,0.045285664,0.19741592,0.046637002
TCGA-D8-A1X9-01A,-0.13777782,-0.0956512,0.26018465,0.020422274,-0.119160786,0.11000492,-0.036191825,0.038379673,-0.10694696,-0.037503116,0.01906615,0.030311448,-0.06088925,0.17504448,0.2338269,-0.19387163,0.12028505,0.17340824,-0.10136105,-0.09654868,-0.07264633,-0.022232786,-0.15785103,0.06924805,-0.1429823,0.037292015,-0.48780584,-0.007739966,-0.026918413,-0.12897168,-0.031246984,0.1589121,-0.19624466,-0.32223076,-0.013766015,-0.08244642,-0.2156315,0.006574138,-0.13669749,0.048983626,0.0057970225,-0.024376962,0.0742991,-0.22450279,-0.034215443,0.022357563,-0.06749016,0.054506753,0.08424387,0.20268238
TCGA-E9-A22B-01A,-0.096302755,0.13170196,0.12864035,0.17707628,-0.08136981,0.23460332,-0.077971116,0.005184263,-0.004712047,-0.15374222,-0.18485242,-0.07733428,0.05339151,0.22273189,0.102398895,-0.077482454,-0.013286743,0.25951874,0.0032978058,-0.17168857,-0.11994104,0.0804651,-0.07507768,0.071258314,-0.022059103,0.0799561,-0.3969704,-0.101433925,-0.13171472,-0.06561461,0.04876061,0.16568668,-0.27624765,-0.16159254,-0.07006542,-0.18301065,-0.055239644,0.14239247,-0.14750068,0.01969222,-0.0032095409,0.13146146,0.13529098,-0.053757705,-0.274913,-0.070224054,0.03219062,0.18967631,0.10420684,0.13022618
TCGA-LL-A9Q3-01A,-0.06813476,0.16659665,0.23723716,0.08068995,-0.07669094,0.065082856,0.0686489,0.0089782365,0.03595638,0.16564773,-0.069658674,-0.07280105,-0.010727382,0.24014223,0.06695695,0.048997834,-0.010260522,0.18015927,-0.016084207,-0.14566703,-0.135975,0.043171957,-0.01571101,0.05660651,0.058098186,-0.062202726,-0.33463165,-0.17196287,-0.011582688,-0.20757966,0.07408025,0.035209343,-0.2734244,-0.19270702,0.026917536,-0.27226976,-0.06605472,0.13345419,-0.21392451,0.04901225,-0.05734758,0.20580778,0.09178028,-0.124474235,-0.24535164,-0.05191519,-0.08955935,0.10271996,0.24626918,0.202463
TCGA-D8-A1XQ-01A,-0.09925947,0.10248084,0.23144332,0.016134476,-0.1994122,0.10819535,0.077647105,0.037519712,-0.085643485,0.20940852,-0.09469503,0.056887813,0.06370158,0.27608588,0.012023204,0.018490076,-0.05745928,0.1757053,0.005722028,-0.10837556,-0.037016984,0.12746312,-0.1043563,0.010984928,-0.13802448,0.09136539,-0.29124707,0.03569411,0.03149951,-0.2011396,-0.029189827,0.11464811,-0.14512645,-0.27311632,-0.0642764,-0.1608305,-0.15846607,0.1140319,-0.072771035,-0.15530889,-0.20035464,0.18124484,0.064133555,-0.14237446,-0.06752499,-0.0890318,-0.06046168,0.15657273,0.20702125,0.32427868
TCGA-A2-A0CT-01A,-0.1278705,0.008730596,0.1474648,0.119697265,-0.19956964,0.12190843,0.025628816,-0.053232487,0.035366464,0.008913276,-0.11681638,-0.14946121,0.11957383,0.1676353,0.15023144,-0.0007888682,0.07298125,0.14257969,0.06013235,-0.10135536,0.026361298,0.042252194,-0.08487305,-0.02626428,-0.052711625,-0.18076739,-0.28544763,-0.10124185,-0.022911346,-0.25760657,0.057807583,0.061077937,-0.16290487,-0.20207328,-0.06739397,-0.20829788,-0.16162297,0.14799987,-0.058769144,-0.03285408,0.08212758,0.21161349,0.27087924,-0.09452765,-0.14294052,-0.14567477,-0.098096944,0.14018038,0.30940312,0.26003766
TCGA-E9-A248-01A,0.07586801,-0.062934265,0.17364118,0.063758485,-0.004806751,0.14772873,0.056948896,0.1017376,-0.056396283,-0.0391593,-0.11897785,-0.1921537,0.036827754,0.2737606,0.2082847,0.002338814,0.025912344,0.2142103,0.042502422,-0.16471156,0.010845879,0.06981164,-0.107088014,0.023634257,-0.08386898,-0.025996491,-0.2997321,-0.048747994,-0.017769054,-0.24523105,0.019496405,-0.02526225,-0.25706488,-0.3366573,-0.01185241,-0.15964943,-0.0068939477,0.08753571,-0.14685844,0.011957594,-0.09636327,0.12164528,0.32684195,-0.1436865,-0.13240229,-0.017711014,-0.12859446,0.014184418,0.032647964,0.26374823
TCGA-BH-A0BT-01A,-0.053251393,0.12595591,0.19241822,0.047627077,-0.0407711,0.08795736,-0.10914337,-0.012578579,-0.1518271,0.04786249,-0.050268885,-0.078619175,0.08461571,0.24520984,0.2026632,0.00032107576,0.20166501,0.23076847,0.059880503,-0.10336557,-0.05197895,-0.011402897,-0.20638351,0.008139329,-0.08603125,-0.16951852,-0.38471398,-0.05315959,-0.07101655,-0.015058917,0.0420649,-0.037478223,-0.20266896,-0.19944897,-0.094212934,-0.27008674,0.044276867,0.013836851,-0.1477083,-0.14865565,-0.04522941,0.10567447,0.09432415,-0.106484905,-0.19452496,-0.17814803,0.0339604,0.12316674,0.2558409,0.18835935
TCGA-BH-A0HI-01A,-0.07056103,0.087482,0.14069204,0.1082801,-0.08253704,0.06818953,0.12807888,0.017020283,-0.12611458,-0.14534009,-0.07243103,-0.005542291,-0.00024989847,0.23718901,0.22546463,-0.0048153377,0.21406446,0.29030213,-0.07651144,-0.03239684,0.11952134,0.0091943005,-0.13363957,0.23548868,0.025466403,0.065493494,-0.19019681,-0.121030286,0.123915665,-0.23590587,-0.0023837534,0.21278192,-0.35376266,-0.31998175,-0.18395211,-0.10558512,-0.014145854,0.0041061686,-0.15941179,-0.04803314,-0.03303998,0.13588566,0.045498155,0.07567304,-0.013607653,0.0005912423,-0.04998193,0.022480493,0.16651474,0.15101832
TCGA-D8-A1XU-01A,-0.15518875,0.055781335,0.18469997,0.0059194774,-0.13063256,-0.048009887,0.1545547,0.022508375,-0.09223154,0.10852164,-0.18981962,-0.083911054,0.09275665,0.18412186,0.020392893,0.027811093,0.02581976,0.23822534,-0.07284289,-0.20332044,0.19643337,-0.048792023,-0.04696169,0.04544613,0.05879449,0.068988614,-0.5477673,0.089466706,-0.040146727,-0.20558183,0.019929823,-0.038519513,-0.13005365,-0.17672138,-0.15373056,-0.26518407,-0.027881056,0.078282185,-0.0408169,0.09672533,-0.0427454,0.05799519,0.021705456,-0.06298334,-0.03241484,-0.15490153,-0.13939472,0.008369992,0.21372664,0.12897304
TCGA-EW-A1P7-01A,0.03296216,-0.08771138,0.22668982,-0.033723615,-0.069234125,0.21515562,-0.035138123,0.08082107,-0.27596048,-0.106840745,-0.064031154,0.005015111,-0.12648496,0.15344079,0.098085105,-0.07517336,0.1436726,0.07837748,0.17003149,-0.04793175,-0.02873904,-0.05602448,-0.13189077,0.11381258,-0.04937323,0.021485105,-0.3962039,0.03499788,0.07981354,-0.11293155,0.0758396,0.14306402,-0.16614133,-0.2771862,-0.21684116,-0.12903528,-0.19934615,0.0035305878,-0.15507153,0.02137512,-0.060033724,0.07679101,0.21297108,-0.13367596,-0.040377844,-0.046938535,-0.23521867,0.08680766,0.18264064,0.1715847
TCGA-E9-A295-01A,-0.15754071,0.02171609,0.18957172,0.08874381,-0.1161607,0.07308356,0.07073357,0.09850361,-0.087958276,-0.09660565,-0.02062577,-0.11329067,0.110133864,0.29699835,0.18029486,-0.19213696,-0.0011763803,0.18653208,-0.16338645,-0.21069565,-0.0956955,0.09002708,-0.16622677,0.05610335,-0.07483581,0.016339684,-0.15523161,-0.13133515,-0.09165087,-0.12737325,-0.18254164,0.03139228,-0.22075571,-0.21170019,0.039256077,-0.30037984,0.043719977,0.18662466,-0.10064055,0.028399942,0.13160248,0.04151173,0.20982327,-0.044593647,-0.20747545,-0.12306451,-0.13926412,-0.02867857,0.13257119,0.20775664
TCGA-E9-A54Y-01A,0.023501758,-0.11252586,0.272901,-0.02274936,-0.09516442,0.06583528,-0.09636482,0.006810422,-0.1485962,-0.053958476,-0.067634024,-0.17194997,0.018486664,0.24940799,0.10235936,-0.015297029,0.10097455,0.30879676,-0.14368959,-0.057597525,-0.0091906255,0.063975945,-0.0792667,0.17637184,0.04964356,0.027137965,-0.3235138,-0.044185072,0.09586685,-0.15070426,0.0066637183,0.16747132,-0.09424006,-0.32771325,-0.10217964,-0.19256043,-0.059294447,0.13242584,-0.01594391,0.038042057,-0.0748293,0.1152315,0.08461343,0.001965154,-0.1344253,-0.27432823,0.09093753,0.013377371,0.24521978,0.20319553
TCGA-LL-A73Y-01A,-0.127215,0.10510353,0.20307921,-0.040939093,-0.11467285,0.20760193,0.05586827,-0.052758645,-0.010815085,0.057288323,-0.18561295,-0.04986691,-0.014938802,0.22951981,0.06876802,-0.11240638,0.140291,0.24719088,0.1979964,-0.13438809,-0.054170594,-0.030413361,-0.16178884,0.09354957,-0.09668985,-0.03758823,-0.26171,0.050609764,0.029339228,-0.22328404,-0.19392207,0.16283453,-0.1955816,-0.10876387,-0.047079388,-0.32753164,-0.19409408,0.053242594,-0.114651926,0.1663972,-0.07436092,0.06258583,0.09711264,-0.22232953,-0.05121831,-0.014055925,-0.16716404,0.041209437,0.117423005,0.16772987
TCGA-E9-A227-01A,-0.13915534,-0.0008961547,0.24348003,0.012460397,-0.17958486,0.1343437,-0.14476821,0.10260962,-0.08438116,0.057546705,-0.03204698,-0.15091687,0.12991385,0.17517248,0.1326984,-0.16393846,-0.025425488,0.31702158,-0.002747292,-0.13691829,0.21941717,-0.009245856,-0.07967814,0.0748186,0.01664767,0.013468895,-0.37870705,0.11541258,0.08550937,-0.03629971,-0.0025254467,0.06591757,-0.1644235,-0.32096773,-0.19531162,-0.17408003,-0.11833468,0.0254334,-0.12866858,0.07852654,0.012657637,0.08854399,0.10138763,-0.14741807,0.007876233,-0.03378847,-0.0070501436,0.14018136,0.25293437,0.045847166
TCGA-A1-A0SB-01A,-0.10249624,-0.09662308,0.27351087,0.014438721,-0.14126906,0.22418839,0.10930431,0.13716605,-0.08300389,0.025473706,0.028579947,-0.09067815,0.07941557,0.1521486,0.20178941,-0.017548965,0.107784785,0.1342334,-0.014837894,-0.2577522,-0.0046774643,0.007960601,-0.07956486,0.1655316,0.088341415,0.19662471,-0.29062036,-0.13482462,0.029511254,-0.07100391,-0.09755535,0.13503139,-0.1551699,-0.22664338,-0.0425827,-0.24424176,-0.13396156,-0.04487576,-0.18941726,0.14556803,-0.03964519,0.13629964,-0.07057325,-0.1390866,-0.06502664,-0.086309224,-0.15808861,0.09096997,0.23652454,0.21194647
TCGA-AC-A3YI-01A,-0.12280412,0.0732581,0.26879278,0.08836041,-0.17725718,0.19685654,-0.062862575,-0.008673239,-0.0391014,-0.028859023,-0.006223565,-0.0018256292,0.09101828,0.12121844,0.046125334,-0.058613233,0.28631064,0.26855576,-0.011890035,-0.12872855,0.002513071,-0.1840997,-0.054372665,0.03585802,0.05622833,-0.08510856,-0.42271882,0.05061662,-0.05259503,-0.1613581,-0.2360421,0.1855341,-0.11487393,-0.24705593,-0.061699178,0.007196229,0.010349795,0.13428718,-0.10706512,0.16274808,-0.11532936,0.066691056,0.11242166,-0.076389134,-0.007628879,-0.061763164,-0.020901823,0.18783146,0.19880933,0.15900326
TCGA-LL-A5YN-01A,0.06219082,-0.06790597,0.16672857,0.0033533366,-0.10598186,0.19166206,-0.076294005,0.100256555,-0.15879382,-0.065240115,-0.08548285,-0.033588834,-0.09144766,0.19105937,0.1121463,-0.083494045,0.053944428,0.26383397,-0.026548844,-0.26806146,-0.11674538,-0.0026545366,-0.029289005,0.16033652,-0.047382608,0.069927074,-0.28693685,-0.05544737,0.027393682,-0.21536285,0.03296399,0.23487657,-0.24779901,-0.21801712,-0.043551445,-0.13514973,-0.04852959,0.23318277,-0.13353585,0.054709602,-0.11530581,0.0806044,0.14958498,-0.32026193,0.060760662,-0.1434493,0.037260123,0.103499904,0.12564194,0.1131257
TCGA-AO-A1KS-01A,-0.058004964,0.044168636,0.2325201,0.13892338,-0.11472671,0.08311762,0.032372966,-0.029915098,-0.041703995,0.015607929,0.011111246,-0.2978998,-0.052050445,0.27576718,0.17110991,-0.0731505,-0.07124115,0.1545944,0.034821052,-0.092810966,-0.066329665,0.0925638,-0.09319157,0.11771473,-0.14575516,-0.007919871,-0.4115895,-0.20507923,-0.03682037,-0.2191719,-0.0042785425,0.18885325,-0.18506703,-0.20894906,-0.12857713,-0.13930178,-0.0037441913,-0.07321924,-0.19641423,-0.110903814,0.0037956694,-0.024672907,0.036004756,-0.05674227,-0.13699703,0.050220527,0.009705726,0.02533477,0.26712006,0.18518437
TCGA-A2-A0T7-01A,-0.20579603,0.082398064,0.046819832,0.03320947,-0.038317192,0.25316685,0.026536379,-0.05052713,-0.18577966,0.04376989,-0.027613467,0.06589818,0.049271893,0.20146827,0.15979059,-0.041159797,0.11246024,0.23926714,-0.0426104,-0.20685218,-0.00595502,0.04581551,0.024518384,0.18175133,-0.01311822,0.19078052,-0.3046886,-0.06269319,0.036833853,-0.14363974,-0.108875625,0.06439319,-0.23117974,-0.31965396,-0.27916393,-0.121777646,-0.104447946,-0.02180016,-0.08765023,-0.0028960044,-0.036709987,0.024496123,0.14741938,-0.13132691,-0.038771704,-0.1314402,-0.01655625,0.1051842,0.23472796,0.22752999
TCGA-BH-A0GZ-01A,-0.08341301,-0.14174947,0.17922515,0.12874134,-0.14555536,0.10106531,-0.12795322,-0.08174095,-0.26348704,-0.009446425,-0.08257716,-0.07511795,-0.058625527,0.34507975,0.15699297,-0.06777566,0.07839912,0.19325009,-0.13115765,-0.10238503,0.009240232,-0.021707043,-0.12574741,0.07865079,0.032745767,-0.05848512,-0.33595353,-0.0656981,-0.050829094,-0.0033900621,-0.1796251,0.1277186,-0.2911009,-0.078177676,-0.1003101,-0.07712812,-0.05767225,0.014677381,-0.13107747,-0.13574572,-0.03106011,0.028513474,0.16822863,-0.11339604,-0.029986355,-0.04361264,0.028863743,0.08999809,0.38753152,0.13646795
TCGA-AC-A2BK-01A,-0.06514572,0.028644081,0.20889942,0.18083706,-0.23633699,0.1673284,0.1290272,-0.08297397,-0.028538894,0.06251084,-0.034969408,-0.18823586,0.055463865,0.25234097,-0.025660794,0.05837058,-0.031081753,0.24804151,0.13059291,-0.061161406,-0.14547391,0.12750307,-0.086354926,0.035586014,-0.0386902,0.018394649,-0.27546644,0.02846421,0.029085798,-0.24458148,-0.013690771,0.052028257,-0.17737237,-0.27294886,-0.06992153,-0.22896896,-0.20060895,0.024860844,-0.07672181,0.012524979,-0.12955305,0.15694793,0.2063717,-0.21573435,-0.071209684,-0.12081367,0.07153793,0.114264935,0.14563444,0.16647853
TCGA-B6-A0WT-01A,-0.14943597,-0.010821848,0.2075983,0.07970208,-0.10964335,0.1607457,-0.06657544,0.0021880516,-0.08441187,-0.041753765,-0.1775549,-0.21688291,0.028091453,0.10368583,0.20364895,0.08730753,0.16253719,0.1289116,-0.07542391,-0.32688636,0.12560688,0.10044854,-0.12902083,0.12442985,-0.041646663,0.041674167,-0.34258208,-0.09599775,-0.15165913,-0.2494742,-0.17861497,0.11200681,-0.17711057,-0.115556784,-0.084427476,-0.13898149,-0.015522089,-0.038461883,-0.12755513,0.070529856,-0.0641555,0.10821814,0.045864046,-0.13496071,-0.105260454,-0.06551691,0.0049422593,0.06399819,0.27734417,0.19425938
TCGA-A7-A26I-01A,-0.08375251,0.011133807,0.20327532,0.04955306,-0.038642798,0.18455401,0.08313301,0.072773464,-0.021487841,0.09098234,-0.101307675,-0.13478129,0.07064692,0.24702966,0.19113174,0.051945087,0.0752674,0.19494013,0.0029817037,-0.17762525,-0.050028585,0.032411687,-0.07646558,0.10306765,-0.12999804,0.019171465,-0.30756783,0.04446416,-0.05470177,-0.15934536,0.12026122,0.2027829,-0.13808917,-0.26618126,-0.042860966,-0.07632532,-0.20779684,0.09137929,-0.05127793,0.012350671,-0.06366975,0.24635363,0.15966178,-0.28234196,-0.14482184,-0.061204005,-0.09089281,0.07886217,0.1769807,0.27107653
TCGA-A2-A1FW-01A,-0.052317817,0.10840466,0.25968465,0.0753389,-0.19263132,0.11310421,0.058365423,-0.022413904,-0.123864055,-0.058107626,-0.072435655,-0.1663229,0.017359596,0.19842274,0.0022510889,-0.07866333,-0.06709493,0.23663466,-0.019369105,-0.054146864,-0.090868145,0.12633798,-0.20034213,-0.07874999,0.09639108,-0.043573502,-0.35083082,-0.24531023,-0.08345038,-0.18012118,0.13355803,0.07386956,-0.14530778,-0.13144903,-0.19595201,-0.2992884,-0.10720854,0.040356286,-0.083833605,-0.025687208,-0.06019137,0.16066633,-0.013145148,-0.13068211,-0.15507138,-0.039643258,0.10475644,0.10549602,0.2502001,0.15937227
TCGA-A2-A25C-01A,-0.23900782,-0.016458772,0.3071573,0.06740503,-0.12660491,0.04819861,0.032931518,-0.15891805,-0.105835475,-0.012712404,-0.07806242,-0.038393695,-0.09153151,0.23813318,0.08378301,-0.011185769,0.10422744,0.23344584,-0.058920395,-0.16046454,0.18393213,0.056074932,0.12100525,0.043845557,-0.06501681,0.102636434,-0.3740333,-0.09858938,0.11345232,-0.10770278,-0.0738676,0.019295348,-0.18953852,-0.26208925,-0.08569201,-0.13069502,0.017692732,0.056311667,-0.09718211,-0.16097282,-0.12779316,0.16815779,0.17867517,-0.13571732,0.023340289,-0.06616521,-0.059231624,-0.078970894,0.27989748,0.09600693
TCGA-OL-A5RU-01A,-0.11381866,-0.09329532,0.15774101,-0.009146561,-0.14014901,0.13985737,0.024324393,-0.015938703,-0.14470674,-0.011453781,0.026366211,-0.06374664,-0.052881103,0.24745359,0.22714472,-0.09715686,0.2587404,0.27713814,-0.040510245,-0.24639651,-0.0006309014,-0.015564357,-0.022529043,0.00575224,-0.01665869,0.103496134,-0.29339987,-0.05568397,0.012394191,-0.18419327,0.06532898,0.15324958,-0.30272147,-0.36742058,-0.091586374,-0.08370465,-0.030107869,0.08591621,-0.035832558,0.045633394,-0.10679735,0.019442527,0.15117596,-0.08725678,-0.009863379,-0.02991929,0.061251756,0.06154523,0.2656174,0.13607153
TCGA-E2-A570-01A,-0.06892785,0.04753235,0.15613632,0.01819687,-0.21683328,0.21580632,-0.058461238,0.029887533,-0.23488209,-0.13701855,-0.06754594,-0.09378105,0.10140564,0.207372,0.01803702,-0.13246527,0.21858686,0.29747543,-0.0025464478,-0.1268599,-0.011570571,-0.116627455,-0.1148729,0.13324144,0.03229892,0.022231808,-0.20647226,0.06631772,-0.03208376,-0.124051034,0.04286919,0.13101731,-0.23719946,-0.2501716,-0.121278405,-0.3029852,-0.08819152,-0.007919003,-0.115730174,0.043086734,-0.10028329,0.14518003,0.14755952,-0.09754567,-0.07849033,-0.085540645,-0.015135623,0.06472335,0.3122762,0.06776545
TCGA-D8-A1Y1-01A,-0.1977513,0.030850282,0.20710178,-0.0424435,-0.23413444,0.12163487,0.0033653835,-0.010297923,-0.2858411,-0.03764362,-0.086303696,-0.1453249,0.08095947,0.23471119,0.09697052,-0.032562435,0.09756981,0.15301216,-0.06559218,-0.17023298,-0.14445001,0.110750794,-0.060686816,0.09461443,-0.0764252,-0.0060216268,-0.2962007,-0.06414045,-0.030241229,-0.27060354,0.033103377,0.07033242,-0.2804196,-0.24541254,-0.13784043,-0.12720603,-0.03872956,0.114053465,-0.06383982,0.041426554,0.011788631,0.08063415,0.12547636,-0.1864832,-0.129743,0.0150377825,-0.09022501,0.027957099,0.26904133,0.1481962
TCGA-5L-AAT0-01A,-0.15486395,-0.06849348,0.24069792,0.028202692,-0.1761502,0.094063506,0.049534753,-0.0682176,-0.16952753,0.0009913224,-0.13524123,-0.16258498,0.07343378,0.16089764,0.07933464,-0.21640278,0.11437413,0.17879073,-0.112306796,-0.16002677,0.06738145,-0.0632827,-0.0030555625,0.27461478,-0.019337693,0.02176285,-0.21923935,0.06402532,-0.07086283,-0.087877385,-0.06625617,0.07131079,-0.33684298,-0.20990108,-0.08345932,-0.11597967,-0.14437522,-0.026092747,-0.009860568,0.07071168,-0.11218931,0.10272526,0.24413761,-0.20934227,-0.05661208,0.013516399,0.02322866,-0.024399005,0.3336324,0.13532512
TCGA-LL-A740-01A,-0.21965614,0.02531562,0.114521146,0.06366461,-0.20745496,0.12613653,-0.1705935,-0.02636313,-0.2222724,-0.036777057,-0.056879107,-0.05073168,0.051817678,0.22581187,0.13074805,-0.06978391,0.091988236,0.1627425,-0.11714311,-0.11656204,-0.08263241,-0.043007463,-0.14597636,0.11202569,-0.047173265,0.033047922,-0.38689864,0.13262385,0.018326638,-0.13859487,0.03413156,0.114183754,-0.21665776,-0.26167113,-0.18534441,-0.28147358,-0.028647158,0.0040863254,0.028238215,0.051221173,-0.080453865,0.20376545,0.19174558,-0.11798966,0.058609378,-0.086947836,-0.08594267,0.1491377,0.14756832,0.097575225
TCGA-EW-A1P8-01A,0.11634684,-0.14806636,0.3044536,-0.019885765,-0.07927273,0.17631626,0.16055696,-0.074712195,-0.06786365,-0.040684726,-0.1442545,0.07718167,0.14250062,0.29125187,0.11013659,-0.022287847,0.11087666,0.15201591,-0.12158187,-0.1399771,-0.01825322,-0.026479067,-0.10626693,0.04944375,0.007489986,0.06520083,-0.3949639,0.029788865,0.10530573,-0.24983673,-0.0825404,0.16383117,-0.093256205,-0.17995645,-0.09091627,-0.18000647,0.023270035,0.051847402,-0.13530588,-0.035815727,-0.07029134,0.2011361,0.12895428,-0.22387768,-0.07666116,-0.012783073,0.08549661,0.15832652,0.18394779,0.10029798
TCGA-EW-A2FS-01A,-0.061845824,-0.14951651,0.14924365,0.11806474,-0.117740944,0.08817647,0.0061418656,0.11409529,-0.2451937,-0.0250724,-0.015347022,-0.042814936,-0.02751723,0.09344526,0.21309176,0.03846029,0.0835246,0.3701659,-0.12846613,-0.15335125,-0.10935611,0.030930016,-0.16545564,0.18772249,0.08322411,-0.111673556,-0.3469096,0.121105544,-0.13140337,-0.23263088,-0.0343242,0.09246138,-0.087408274,-0.249835,-0.034596823,-0.270928,-0.014504519,-0.012731153,0.03682665,-0.023335109,0.026969591,0.064647906,0.03504705,-0.24712564,0.008470811,-0.0036978663,-0.05942954,0.04151291,0.17954813,0.19218275
TCGA-OL-A66P-01A,-0.07912143,-0.12675442,0.29776952,0.22468063,-0.036227286,0.117625125,0.048853315,0.03334637,-0.011629185,-0.021066926,-0.22915688,-0.06391177,-0.038553867,0.3160013,0.10335518,0.023459885,0.060391273,0.3135821,-0.024533065,-0.05965772,-0.005907092,-0.076482005,-0.042338353,0.13793567,-0.034407232,0.10018706,-0.30888462,-0.02323399,0.022088818,-0.052009456,-0.0065603666,0.063578494,-0.26268864,-0.27805474,-0.107638724,-0.25007197,0.015450332,-0.03207713,0.038956095,0.08286307,0.13177735,0.18319653,0.063045464,-0.15741281,0.028893847,-0.024035297,-0.0538709,0.034135323,0.23952323,0.17380334
TCGA-AR-A1AK-01A,-0.12681153,-0.021013109,0.13715452,0.10373032,-0.021541893,0.0962306,-0.052076597,0.06254593,-0.20158674,-0.118178725,-0.005204444,-0.16483521,0.056326784,0.25997183,0.14502165,-0.11946848,0.09127953,0.08471478,0.035322122,-0.29154748,0.04189807,-0.116310455,0.1266358,0.011489063,0.0027728882,0.021371782,-0.40845135,-0.09967508,0.08752072,-0.1703153,-0.024676785,0.07429615,-0.27956635,-0.13766527,0.014563384,-0.276285,-0.20056778,-0.053948708,-0.06534487,0.13247462,-0.104460336,0.079564996,0.015393843,-0.0834935,-0.09939111,-0.19195561,-0.16493559,-0.02757154,0.15791376,0.18376346
TCGA-C8-A1HG-01A,-0.08013442,-0.020771008,0.20865043,0.007173275,-0.2532925,0.046969686,0.015499838,0.067065306,0.009399208,0.0809557,0.053517774,-0.06460107,-0.05100064,0.2684399,0.028890114,-0.0875207,-0.012692165,0.11817479,-0.0016623265,-0.2522721,-0.14522472,0.019215412,0.000113715025,0.26673925,0.059739128,0.036232844,-0.3657691,0.0052265213,-0.100095704,-0.25837046,-0.06719831,0.21306388,-0.25343746,-0.3087304,0.025080767,-0.17486982,-0.0077743074,0.14103316,-0.11928902,0.04847393,0.058432166,0.14650382,0.059564024,-0.12509198,-0.2038418,-0.031180397,-0.059792392,0.059109677,0.05103156,0.14935812
TCGA-A7-A13D-01A,-0.12732165,0.077141374,0.25405326,0.12388616,-0.04322744,0.14766029,0.046146013,0.11599924,-0.030056529,0.1000756,-0.094090454,-0.018813958,-0.00070366624,0.26777267,0.19727947,0.057817575,0.090365514,0.12062691,0.085646056,-0.12249489,-0.03352966,0.062700905,-0.105470486,0.047200512,-0.048983086,-0.056671396,-0.3663223,0.021071704,0.008887354,-0.22974004,-0.12724546,0.04118621,-0.13431126,-0.29292086,0.07565531,-0.17981252,-0.16224268,-0.05049717,-0.1303505,-0.04476376,-0.10135194,0.22675206,0.10533764,-0.12234371,-0.043398704,-0.046451084,-0.15012655,-0.0037631826,0.17668855,0.3388365
TCGA-AR-A2LL-01A,-0.056734987,0.04523555,0.24508394,0.101266086,-0.17597122,0.14423746,0.027429938,-0.13362783,-0.2651841,-0.1521008,0.03837563,-0.084394425,-0.04764985,0.2571057,0.13919781,-0.04540171,0.09480763,0.081269115,-0.1091359,-0.12222515,-0.047982655,0.09886804,-0.07837457,0.19610524,-0.023032699,0.030429412,-0.31462356,-0.1539349,0.07127016,-0.20966716,0.03923152,-0.0057407995,-0.22172593,-0.29761216,-0.05266695,-0.15315431,-0.0009457323,-0.107504,-0.16618612,0.012874127,-0.0933741,-0.036892503,0.04960334,-0.19995895,-0.040370215,-0.12477176,-0.0718996,0.068258084,0.31914172,0.059920285
TCGA-AQ-A04H-01B,-0.2723842,0.09510864,0.15308633,0.16226532,-0.12214606,0.15004821,-0.057846293,0.092475235,-0.14457545,-0.02343439,-0.12678106,-0.2023618,-0.06898569,0.20014836,0.024753107,0.15764953,0.02250301,0.122806475,-0.06670258,-0.07634821,-0.12343142,0.023058018,0.023082903,0.07948991,-0.052366763,-0.060533486,-0.2983199,-0.2081413,-0.1054199,-0.11366012,-0.016263895,0.17355418,-0.2656821,-0.23262332,-0.08823562,-0.2332705,-0.024599355,0.04926459,-0.044910792,-0.04297996,-0.0735731,0.19861346,0.13084187,-0.08183602,-0.1296155,-0.119097106,0.14024709,0.041446563,0.30564106,0.13789655
TCGA-AR-A1AW-01A,-0.020881921,-0.10409958,0.22409579,0.1947397,-0.07657843,0.2270042,0.02989262,-0.0009652458,-0.15928152,-0.048984133,-0.14594135,-0.14086579,0.034160737,0.10094322,0.108361006,0.07031499,0.114969954,0.32954264,0.025543882,-0.15153193,-0.12499726,-0.09871926,0.04146123,0.15644221,-0.064344235,0.04702841,-0.38442823,-0.06237282,-0.018817676,-0.13443159,-0.09504543,0.17997125,-0.2420305,-0.17098525,-0.017568998,-0.23325817,-0.06881043,0.13961847,-0.1491184,0.05440219,-0.08057772,0.10933933,0.06942695,-0.18451709,0.045013115,-0.14258724,-0.014713867,0.08144154,0.2212696,0.055060796
TCGA-AC-A23E-01A,-0.13750347,0.16655342,0.30346298,0.069805644,-0.07365658,0.13624111,0.090759054,-0.026077108,-0.045132697,-0.08544801,0.13668239,0.014940938,-0.08036234,0.18638062,0.00309381,-0.14379285,0.0073606716,0.18609369,0.04201204,-0.08722982,-0.12049521,0.069670595,-0.18832856,0.030397328,-0.078141354,0.028415812,-0.38112766,-0.06455229,-0.018011866,-0.19952582,-0.04447509,0.102101386,-0.18296766,-0.28166875,-0.024530228,-0.1903317,-0.007939212,-0.13256411,-0.058995564,0.0031441536,-0.043414492,0.24015497,0.13991594,-0.15336595,-0.16052637,-0.107683696,-0.05885756,-0.028824333,0.24175203,0.22612165
TCGA-D8-A27W-01A,-0.11511529,0.19146368,0.1061675,0.21001968,-0.07235171,0.057710197,-0.109702095,0.04728685,-0.13296586,-0.03760783,-0.18927589,0.057103474,0.019522708,0.25598228,0.16403064,-0.1633976,-0.0067653474,0.16489363,-0.019059293,-0.06484586,-0.21157394,0.0882326,-0.1640253,0.1350274,-0.19460148,-0.06353137,-0.34344774,-0.16297932,0.057576187,-0.21714956,-0.07549209,0.10864711,-0.1647756,-0.14081964,0.009134856,-0.2856718,-0.06479808,0.1496795,-0.0946755,-0.065662414,0.037851017,0.08191651,0.12266623,-0.043758333,-0.14445814,-0.15781207,-0.03147045,0.12556219,0.15015791,0.1776602
TCGA-BH-A0C3-01A,-0.08863827,-0.06659746,0.25186178,0.12375217,-0.06254673,0.06075763,0.0332726,0.030575348,-0.27511173,-0.032459978,0.088576235,-0.0194443,0.21392816,0.16284233,0.17676285,-0.042993017,0.02874719,0.17486142,-0.15137395,-0.10641815,-0.01817882,0.02775266,-0.08728785,0.07861263,-0.014383897,-0.06116003,-0.37872016,-0.030413337,-0.17845361,-0.24422045,-0.072904944,-0.031248908,-0.12920524,-0.37525928,-0.06452935,-0.19925131,-0.11705971,-0.12491193,-0.10595036,-0.03483665,-0.1158535,0.09142884,0.13328676,-0.10623509,0.016910233,0.019093337,0.04927244,0.081606776,0.24320622,0.13966323
TCGA-3C-AAAU-01A,-0.01889195,-0.13125466,0.22852674,0.007329799,-0.11184338,0.15122311,-0.06336643,0.116780624,-0.021554142,-0.14820388,-0.11245011,-0.29995048,0.021716617,0.2085965,-0.037713256,-0.019911142,0.13558865,0.11245395,-0.06378954,-0.09452991,-0.07833596,0.019807553,-0.23979738,0.07055963,0.012159337,0.016726209,-0.38035744,0.006431078,-0.053350747,-0.03188866,-0.0063568032,0.0821134,-0.28997594,-0.21792795,-0.1343919,-0.11848231,-0.12534304,0.031159565,0.046211153,-0.06216262,-0.044409808,0.16530187,0.071688324,-0.098721586,0.04209285,-0.21413781,0.045251567,-0.0016586885,0.26810363,0.29211125
TCGA-A1-A0SI-01A,-0.21553484,0.032729395,0.2229201,0.13996907,-0.35168323,-0.0029705453,-0.034262158,-0.04778667,-0.22134174,-0.06985357,0.018243834,-0.11430651,0.014542016,0.10281146,0.09677513,-0.038427647,0.021506779,0.15197314,-0.0024534205,-0.099930115,0.12857285,-0.10713828,0.0028866671,0.116749,-0.015266085,0.08815311,-0.29030976,-0.084829286,0.0891474,-0.16709155,-0.122290015,0.2037317,-0.16947155,-0.22705798,-0.113334574,-0.2655762,-0.085872985,0.012719758,-0.09872973,0.12443244,0.004593266,0.14809059,0.12869549,-0.15864944,-0.09001775,-0.11287334,-0.011053513,0.01689859,0.2617882,0.22417319
TCGA-3C-AALJ-01A,-0.26358342,0.075224735,0.19634768,0.14063172,-0.13775457,0.067909546,0.03913371,0.09497714,-0.06344483,0.018808056,-0.049911257,-0.061064966,0.07313798,0.165435,0.038074445,0.09964541,-0.030936109,0.29378423,0.099359386,-0.06660642,-0.13645189,0.09840417,-0.105765715,0.047563862,0.1113229,0.021798255,-0.2663633,-0.04651304,0.00444536,-0.21800606,0.012788629,0.014887025,-0.17503743,-0.32187173,-0.08905237,-0.29792145,-0.15913369,0.14915656,-0.070275106,0.07998975,0.13541225,0.04745999,0.09086146,-0.14837833,-0.17158152,-0.09538329,0.08773887,0.028032186,0.15504438,0.29783195
TCGA-BH-A1F5-01A,-0.19485986,0.06452529,0.28647324,-0.060251266,-0.005846463,0.10679458,-0.04211236,-0.10108487,-0.20267908,-0.032993477,-0.045198184,-0.044273242,0.07046472,0.14422071,-0.0020049142,0.00055209687,0.17162356,0.119786315,0.024723733,-0.18546373,-0.046672747,-0.004209589,-0.243485,0.20448801,0.024290469,0.23440829,-0.3797569,-0.11283999,-0.025219949,-0.21704766,-0.06759498,0.10468315,-0.22891985,-0.12151075,-0.10945059,-0.25708613,0.02449192,-0.0016574833,-0.098623686,0.02819872,-0.06781561,0.046700142,0.17214361,-0.13829124,-0.12994498,-0.07948617,-0.08836525,0.05836617,0.2687352,0.01976455
TCGA-E9-A22D-01A,0.0063766497,-0.027363567,0.21209645,0.10381411,-0.108865306,0.19783321,-0.03282008,0.030280296,-0.11386546,-0.012452185,0.040086236,-0.045697503,-0.016520407,0.20890905,0.044767614,-0.13218188,0.0716956,0.10649646,0.030594941,-0.12316827,-0.15277301,0.11729966,-0.018387781,-0.14629397,-0.10837838,-0.009781855,-0.44218794,-0.091314785,-0.040416956,-0.17533627,0.0072111897,0.020643856,-0.24169068,-0.27272683,0.00094080303,-0.26167208,-0.2659525,0.046844866,-0.12660828,0.018448295,0.115715176,0.120648675,0.13554576,-0.021455428,-0.07784313,-0.018545635,-0.05452227,0.15107636,0.22488323,0.22394402
TCGA-D8-A27V-01A,-0.07570333,-0.070423,0.1727228,0.02654034,-0.1855899,0.14838918,0.00078156125,0.07739518,-0.054833885,-0.1851241,-0.08422952,-0.10967221,0.09391359,0.22287962,0.10850534,-0.13712604,0.14178246,0.2402653,-0.14457601,-0.1024909,-0.0705569,-0.03464367,-0.01181138,-0.017257133,-0.006427379,-0.036140114,-0.44548497,-0.16128497,0.08303259,-0.1422607,-0.16325946,0.10415567,-0.19008185,-0.11441617,-0.21605231,-0.15278758,-0.17956331,-0.0063136513,-0.18133958,0.04050528,-0.12862475,-0.010287305,0.14849088,-0.21993074,-0.09621302,-0.13137507,0.008171914,0.05771807,0.0940399,0.18072852
TCGA-AR-A1AQ-01A,-0.006425851,-0.06710228,0.19435479,0.118141405,-0.24731466,0.16495067,0.18803664,-0.03128127,-0.20370753,0.040333483,-0.15704177,0.120377876,0.0076297056,0.22669485,0.15826239,0.01603466,0.111662865,0.17810167,0.072299935,-0.2588798,0.020215992,-0.011667719,0.0041959067,0.15949212,-0.0258733,0.015974402,-0.27416712,0.061810303,0.05606536,-0.17645329,-0.123425946,0.15648256,-0.08138325,-0.3007054,-0.064995475,-0.16158475,0.075753845,0.0151057,-0.07265855,0.021393774,0.054666273,0.29611644,0.11956673,-0.20675054,-0.020381177,-0.14434114,0.028583594,0.10155872,0.17117351,0.12311319
TCGA-OL-A5D7-01A,-0.03631521,-0.112158455,0.30328146,0.124514155,-0.051648118,0.10535061,0.02789048,0.044526655,-0.28877068,-0.040412843,-0.24762501,0.03511295,0.013753061,0.12004818,0.28055602,0.0614248,0.08062465,0.13577315,-0.022220973,-0.1457082,0.0947224,0.037276737,-0.1715798,0.0781591,-0.017930977,0.13138105,-0.313123,0.037637115,0.0041340697,-0.18935685,0.033634752,0.062799856,-0.14655408,-0.21332432,-0.09929524,-0.22049305,-0.0774891,0.005226638,-0.04969241,-0.04372743,-0.051743142,0.1442366,0.0007936471,-0.19516805,-0.1940117,-0.08059661,-0.004415978,0.19235817,0.1904485,0.22802222
TCGA-BH-A0HX-01A,-0.13044195,-0.005836982,0.20144232,0.0779653,-0.062283684,0.17829363,-0.04648992,0.04407129,-0.09124133,-0.122391,-0.12904479,-0.16666932,0.23397872,0.2092342,0.03749961,0.051547147,-0.028161595,0.18083037,0.09807111,-0.08088214,-0.071336545,0.07457411,-0.1570223,0.1561015,0.005854276,-0.08225732,-0.23395714,-0.20801766,-0.048772488,-0.22449355,0.06817445,0.16177204,-0.12660022,-0.17980419,-0.16475302,-0.18219098,-0.04829447,0.08857833,-0.11759917,0.042831294,-0.11578435,0.13968457,0.1638385,-0.04604929,-0.087148234,-0.12779449,-0.023724712,-0.06499304,0.42123052,0.16094325
TCGA-A2-A3KD-01A,-0.0898956,-0.1407561,0.18977624,-0.037467763,-0.18090697,0.081991106,0.104499444,0.19651012,-0.006205038,-0.14983621,0.114993684,-0.026346982,0.046943534,0.21951105,0.094283506,-0.06678437,0.15460117,0.14818722,-0.048018437,-0.14766681,-0.029742777,-0.011648618,0.022211129,0.04042924,-0.019656207,-0.10054383,-0.22293328,0.02441734,-0.012188472,-0.13876729,-0.16534038,0.18755822,-0.41697463,-0.2342156,-0.080001585,-0.20968363,-0.12836578,0.0047811,-0.1514098,0.0113119045,0.015806425,0.034887444,0.026534047,-0.19253308,0.06641528,-0.057807505,0.0045339805,-0.07535089,0.33300096,0.21794014
TCGA-A2-A0YC-01A,-0.18955216,0.12512417,0.15667498,0.098923,-0.103728116,0.1458132,0.038565196,-0.076507345,-0.18346156,-0.11484012,-0.088697426,-0.04305719,-0.014377107,0.07087391,0.09022773,-0.023345152,0.04972696,0.25645137,-0.048312284,-0.13935018,-0.045939066,-0.0166392,0.035257194,0.020354407,0.022478081,0.12710854,-0.43385357,0.09510984,0.008326447,-0.1827431,-0.21328515,-0.06261123,-0.3233879,-0.22499181,-0.16240469,-0.22462465,0.07452314,0.032475222,-0.0028120717,-0.0263011,-0.07102895,0.020958386,0.00036241833,-0.033194404,0.026053626,-0.177367,0.06461375,0.11753036,0.31921357,0.1242441
TCGA-E2-A1BC-01A,-0.13669455,0.0209788,0.115533546,-0.012213046,-0.05552462,0.11251989,-0.08591417,-0.033693537,-0.18906921,-0.0048191585,0.08514606,-0.005155673,0.04562925,0.24643254,0.21139169,-0.088948324,0.081386015,0.3385908,-0.14324209,-0.19869722,0.020777684,0.01213376,-0.11952226,0.059292726,0.13842055,0.09912923,-0.22586443,-0.10772691,0.05552053,-0.038663406,-0.0030062872,0.04292316,-0.13709037,-0.2594538,-0.09554748,-0.32655656,-0.12821227,-0.05808851,-0.15269202,0.10687292,-0.0032143237,0.22465813,0.16962084,-0.2575472,0.030000499,-0.045943905,-0.09911407,-0.063726254,0.23790783,0.10710846
TCGA-AR-A24X-01A,-0.23205543,9.291779e-05,0.2184521,-0.11271046,-0.17400758,0.083886676,0.016048139,-0.08416484,-0.1932687,-0.06035731,0.028657565,-0.03560623,-0.022045627,0.23737353,0.13918142,-0.11995249,0.041553576,0.3305892,0.0077897967,-0.13785137,-0.14536281,-0.01748444,0.04483032,0.135943,0.008637481,0.1549357,-0.30870077,-0.070813574,-0.121746965,-0.25523075,-0.022321042,-0.022109779,-0.19678329,-0.26620016,-0.14883843,-0.21136986,-0.021207865,-0.005720466,-0.04829423,-0.059667427,-0.16414696,0.07662494,0.081724845,-0.11962644,0.18747355,-0.13985114,0.063278124,0.0013956553,0.18372945,0.031295158
TCGA-A7-A13E-01A,0.02830595,-0.03261981,0.2032876,0.13214526,-0.18057494,0.1897082,0.089930356,0.00697713,-0.12484358,0.05405356,-0.2578015,-0.09224356,0.05970262,0.3042283,0.06829657,-0.056364633,0.014169281,0.2232228,0.08771899,-0.18064573,-0.053405825,0.051060222,0.0074301846,0.094212145,-0.036907703,-0.06376744,-0.1770488,-0.023455214,0.011186203,-0.11884117,-0.02519644,0.13659355,-0.16425993,-0.33395827,-0.01798336,-0.22586264,-0.12578663,0.17931527,-0.0061091776,0.021691388,-0.07880045,0.16984789,0.14723745,-0.07380149,-0.11364896,-0.24700044,-0.16275832,0.11217698,0.15529925,0.22788274
TCGA-AR-A256-01A,-0.014361771,0.061933562,0.27581587,0.09818525,0.07609283,0.16592798,0.028436555,0.08202718,-0.15882851,0.021181947,-0.045935716,-0.02910258,0.018247819,0.26155132,0.152359,0.08683314,0.03222047,0.05684478,-0.026978943,-0.17047073,-0.15516931,-0.0082074255,-0.046598054,0.1662186,0.014763869,0.037532773,-0.37791577,-0.08295973,-0.08810186,-0.20583497,0.032728888,0.07088435,-0.16522275,-0.27157432,-0.14594027,-0.28703222,-0.011476026,0.07641202,-0.1600666,-0.15640661,-0.08914039,0.21245556,0.092535,-0.1441081,-0.0984969,-0.08880907,-0.13945985,0.1080941,0.12917188,0.1925772
TCGA-OL-A5RZ-01A,-0.099109955,0.029585194,0.3131295,0.15149997,-0.066430084,0.12791885,0.16634062,0.07995592,-0.08919153,-0.020831423,-0.10161093,-0.16616932,-0.04770914,0.21414271,0.103249915,0.00093319255,0.063318685,0.17575243,0.05035524,-0.16328,-0.19044869,0.02129194,-0.13843304,0.07281455,0.011720795,0.013396899,-0.16692276,-0.064785294,-0.19046673,-0.13162377,-0.022840649,-0.0012816109,-0.27699265,-0.062243845,-0.1186865,-0.21507323,-0.11401902,0.144158,-0.20658106,-0.07662214,0.0064312625,0.25898236,0.111561894,-0.14707883,-0.14943618,-0.003899036,0.01359666,0.12523712,0.18237714,0.31719783
TCGA-GM-A2DL-01A,-0.15218882,0.016795602,0.23718755,0.031111553,-0.13111445,-0.04650106,0.021710169,-0.08053644,-0.07083818,-0.00577404,0.05559855,-0.06845658,-0.029681653,0.19282916,0.075368024,-0.07103728,0.23678117,0.25156733,-0.09328454,-0.20755155,0.11724155,-0.021621987,-0.082974784,0.16294298,0.050028276,0.0032661555,-0.31949472,0.03643701,0.0501855,-0.12773935,-0.0836737,0.01762079,-0.15933265,-0.37452784,-0.21482944,-0.28304702,-0.09449616,0.0073274854,-0.019055458,0.031836115,-0.08822502,-0.019089567,0.21787514,-0.17192538,-0.077106714,-0.017020607,-0.0034336518,0.16790028,0.20920098,0.12203098
TCGA-A8-A0A6-01A,-0.06576195,0.05308287,0.17214982,0.021534434,-0.047401413,0.15734898,0.025481438,0.056688122,-0.043290976,-0.10568061,0.0018063294,-0.1002848,0.15702766,0.33346885,0.15094517,-0.04926083,0.015212709,0.12512106,0.02292461,-0.10280071,-0.06533711,0.11122706,-0.17596994,0.02964758,-0.028301202,0.0007607593,-0.23914751,0.021663306,-0.010986008,-0.13437991,-0.082885094,0.08168732,-0.29676872,-0.2977168,-0.1792659,-0.096081756,-0.08446184,0.13327217,-0.24026166,0.015908761,0.06751539,0.23009567,0.032800723,-0.17422037,-0.29885757,-0.0075194477,-0.045443635,0.045710664,0.3084927,0.05910317
TCGA-GI-A2C8-01A,-0.10148716,0.018680114,0.15503512,-0.018525472,-0.12841511,0.044345655,-0.17715533,0.09517751,-0.08609882,-0.068050146,-0.14037682,-0.056903366,0.18619367,0.19206099,0.20846766,-0.1366607,0.062962495,0.23315576,-0.13250706,0.038913596,0.10717513,-0.0018493364,-0.09300026,-0.00600207,-0.04756852,0.05088008,-0.3689678,-0.06525346,-0.021912556,-0.16589431,-0.0689711,0.12340933,-0.24509592,-0.18304536,-0.04234902,-0.19242615,-0.09382428,0.1521871,-0.17332192,-0.08891525,0.08393928,0.07017009,0.15151608,-0.14750932,-0.18393484,-0.098004796,-0.05197374,-0.024706932,0.16787301,0.33565113
TCGA-AR-A251-01A,-0.12945357,-0.10690492,0.23457776,-0.004154721,-0.119272,0.28494865,-0.017787518,-0.021863274,-0.047788695,0.17662524,-0.10396784,-0.078320295,0.056350727,0.2722007,0.0868766,-0.0709891,0.07860375,0.11436536,-0.0019245131,-0.22774158,-0.071094535,0.011976177,-0.15371254,0.09479097,-0.071328044,-0.070328854,-0.18637577,-0.03575947,0.01674162,-0.20321357,0.01849815,0.20204161,-0.1874721,-0.3892548,-0.034320526,-0.23238477,-0.05545351,0.06318133,-0.124370635,-0.014237287,-0.10683397,0.15164562,0.016915234,-0.06131194,-0.18064125,-0.08556591,0.033969633,0.12143927,0.21304314,0.19562118
TCGA-LD-A7W5-01A,-0.2502871,-0.054457247,0.09972526,0.1753789,-0.16912207,0.14844921,-0.100278705,0.03909228,-0.08222286,0.071823105,-0.19745177,-0.11798828,0.10742761,0.2501741,0.009107541,-0.15586302,0.08343605,0.15908247,0.15385504,-0.15771134,0.017121421,0.12946427,-0.13750213,0.09156307,-0.07726483,-0.012798666,-0.26227212,-0.03287867,-0.002070708,-0.121620804,-0.032794546,0.11720788,-0.1914535,-0.09170866,-0.099156715,-0.18907437,0.004014193,0.05638561,-0.25277418,-0.042470265,-0.09522665,0.22946097,0.238884,-0.20564717,-0.15724415,-0.07489325,-0.16328788,-0.062398996,0.18905105,0.14183174
TCGA-BH-A0DH-01A,-0.066162504,0.039190996,0.2614331,-0.011842615,-0.09594513,0.18570186,-0.04727638,-0.02847692,-0.21576259,-0.18004459,-0.123856895,-0.08906954,-0.14328875,0.21033598,0.18097584,0.010786232,0.022539238,0.2190166,-0.032057073,-0.20577265,-0.07603655,0.024664357,-0.15404886,0.07415723,0.10248013,-0.04814851,-0.23873945,0.02560073,-0.0133445505,-0.29891622,-0.26103956,0.13526669,-0.12359033,-0.251126,-0.17448546,-0.09045523,-0.030859796,0.07961725,-0.11364245,0.016532991,0.047376644,0.017194916,0.0723825,-0.037341543,0.022991577,-0.15621124,0.06624013,-0.0679544,0.26298755,0.23527227
TCGA-E9-A1NG-01A,-0.28435183,-0.13980445,0.2925481,0.1753303,-0.15414123,0.094333045,0.054000482,0.044728562,-0.17563927,-0.04278327,-0.033138603,-0.040370747,0.16679329,0.14831069,0.066504166,0.046015117,0.074979566,0.08281224,0.021219328,-0.2746018,0.06921607,-0.035876036,-0.070151605,0.17016715,-0.15510681,0.017574301,-0.41839692,0.014377751,0.024340853,-0.22804086,-0.06799199,0.097244434,-0.17698717,-0.21685562,-0.1401823,-0.08504554,-0.05941793,-0.08169578,-0.11670193,-0.034287978,0.045175847,0.11450633,0.16892214,-0.029580938,-0.09108989,-0.10051247,-0.003289417,0.061665755,0.22762251,0.10254888
TCGA-D8-A1JL-01A,-0.10866126,-0.0494552,0.1892987,0.15784438,-0.17188628,0.2709468,0.0487857,0.054267198,-0.15522923,0.04595451,-0.1215247,-0.05991339,0.12156865,0.22805272,0.10802286,-0.061799485,0.09447251,0.14556439,0.030360585,-0.10913555,0.0038880908,-0.06338099,0.08475752,0.1954162,0.15163395,0.04113418,-0.3102965,0.012610317,0.0060134907,-0.28394353,-0.053037774,0.05187972,-0.107514754,-0.12664942,-0.0770714,-0.11879245,-0.14205058,-0.017597398,-0.17975247,-0.027098583,-0.03689802,0.1268155,0.111855,-0.30187318,-0.0485615,-0.024603149,-0.07197283,0.116825774,0.19815898,0.32696614
TCGA-A2-A1G0-01A,-0.11012367,0.15401192,0.28357697,0.044449612,-0.03757863,0.11169231,-0.07466643,0.032961085,-0.2549192,-0.14364086,-0.012705677,-0.00050886354,-0.0047972724,0.19836186,0.07358371,0.064841814,0.112029344,0.23080185,-0.008108638,-0.12232046,0.09352877,0.0865171,-0.059301194,0.10828657,-0.15173288,-0.06415668,-0.3424865,-0.08208829,0.009824812,-0.29077232,-0.12410334,0.1414749,-0.17799267,-0.12578665,-0.057364233,-0.30812043,0.071725756,0.04701646,-0.15180352,0.014390014,-0.077656224,0.051879626,0.120708935,-0.03161303,0.028626047,-0.17879893,-0.1483052,0.09928848,0.08810827,0.264291
TCGA-C8-A1HJ-01A,-0.03396135,-0.09596684,0.3152046,0.09489806,-0.076361544,0.14173357,0.2351874,-0.01631692,-0.04565215,0.045381296,-0.06601445,-0.06830085,0.020516545,0.3539919,0.14510073,0.006543462,0.10399472,0.14131191,-0.058037736,-0.28013733,0.031634547,-0.011125408,-0.06212114,0.07941249,-0.031770468,-0.022692401,-0.327444,-0.06942103,0.04951765,-0.20270255,-0.023019014,0.21320122,-0.20504497,-0.11618589,-0.09693652,-0.1622023,-0.057590988,0.1296395,-0.10795348,-0.06181579,-0.14520647,0.08751638,0.17957897,-0.21236923,-0.14112794,0.026209548,0.03219771,0.0113696605,0.21559504,0.10763289
TCGA-AN-A0XW-01A,-0.26159763,-0.07009851,0.2548187,0.14701262,-0.112692,0.2004229,-0.10472106,0.14688945,-0.26413596,-0.013894647,-0.0449067,-0.13446994,0.057087712,0.053712357,-0.02541422,-0.19065072,0.13879918,0.14539069,-0.18204474,-0.06110899,0.025528176,0.013332391,-0.12487536,0.22334264,-0.044666167,-0.035997704,-0.37695834,0.051879063,0.020702159,0.008222299,0.003936245,0.07475191,-0.115353346,-0.29197204,-0.16337833,-0.16869292,0.010115068,-0.018321712,-0.17125382,0.054195438,-0.06513061,0.023152497,0.14077853,-0.0292201,-0.03592887,-0.16943614,0.005732419,0.08825488,0.16237462,0.21838394
TCGA-E9-A1NF-01A,-0.13878235,-0.00078126375,0.25351727,0.17438868,-0.028206298,0.101984195,-0.06737109,-0.03434789,-0.12225411,0.062218923,0.06350386,-0.03616996,0.07573406,0.2894005,0.13072383,-0.011069949,-0.08847029,0.22196981,-0.0026601818,-0.20730105,-0.06509046,0.0483165,-0.03347452,0.05520939,-0.14371763,-0.0248188,-0.33111978,-0.07044757,-0.09918991,-0.23992097,0.046674453,0.124471724,-0.11152821,-0.2257977,-0.07894581,-0.178758,-0.0376083,0.07429132,-0.18498316,-0.06271,0.094273455,0.14740792,0.13339417,-0.11018625,-0.15911296,-0.08357297,0.06675225,0.08681102,0.3522606,0.17575985
TCGA-E9-A22A-01A,-0.097203106,0.03707645,0.34342673,0.021785975,-0.19070406,0.19494407,-0.079399586,0.090191364,-0.17116924,0.02747096,0.022030775,-0.10178329,-0.13159904,0.21056977,0.20163159,-0.076584466,0.14486139,0.11651273,-0.06696751,-0.19588013,0.09893244,-0.042631187,0.0034915232,0.1389855,-0.090887934,0.022499852,-0.36366746,-0.117905356,0.011778357,-0.18043944,-0.08173207,0.0789069,-0.051356748,-0.22623436,-0.098274365,-0.15275493,0.063217334,0.10724237,-0.13462017,-0.16217922,-0.15371883,0.068694584,0.11697101,-0.2193579,-0.09377283,0.01174482,-0.11718235,0.099617936,0.18362777,0.14426075
TCGA-D8-A27L-01A,-0.12650186,0.062416155,0.35393497,0.059794206,-0.027986787,0.062366802,0.0075437995,0.016252747,-0.04008538,0.011509868,0.10942639,0.008560538,-0.08194368,0.080433436,0.14124788,-0.091330945,-0.032169756,0.15851626,-0.12890154,-0.07223781,0.062568076,-0.06541302,-0.0353802,0.19553337,-0.09335334,-0.018032787,-0.38654324,-0.0119822705,0.012340681,-0.10273215,-0.121229485,0.2962226,-0.42160055,-0.293546,-0.12568352,-0.12070133,-0.07896632,0.11193715,-0.03870112,0.010026305,-0.07698972,0.09972769,0.09788917,-0.09991647,0.0896651,-0.10750832,-0.043455742,-0.03292845,0.2068042,0.09028604
TCGA-BH-A0BJ-01A,-0.16598256,0.07378118,0.24361269,0.12391074,-0.16778009,0.032422,0.023974476,-0.1301362,-0.08619084,0.005263975,-0.05162342,-0.06856957,0.15556945,0.3022317,-0.0066874456,-0.0909068,0.009051048,0.21261993,0.004018732,-0.24656016,-0.023294406,0.061097328,-0.05819872,0.16727589,0.051026773,-0.105869606,-0.36197117,-0.03934298,0.109451406,-0.09385908,-0.10537045,0.0237111,-0.1883765,-0.252772,-0.081022985,-0.26798907,-0.03969551,0.0052338545,-0.09023424,0.030715609,0.06156054,0.14626229,0.2001598,-0.06652584,-0.081320606,0.043601893,-0.039651554,0.17149444,0.24305603,0.17216635
TCGA-E2-A1B1-01A,-0.11456236,-0.051214144,0.19162102,-0.040115587,-0.04363278,0.07687209,0.06895014,0.19800405,-0.108262785,-0.1940768,-0.2511856,0.007855186,-0.010630253,0.3292172,0.08261134,-0.008217836,0.12968084,0.24038006,-0.038336888,-0.23556674,-0.0104658045,-0.09339846,-0.14113931,0.2529337,-0.011713833,-0.14094846,-0.27655086,-0.07282099,-0.011982068,-0.15014598,-0.06974474,0.14982258,-0.17398238,-0.08754224,-0.08745971,-0.21837656,-0.10055421,0.055676606,-0.13420957,-0.024162564,-0.07888213,0.05056826,0.08090239,0.00773033,-0.12905173,-0.15875834,-0.008916279,0.15060252,0.24645919,0.15595217
TCGA-BH-A0GY-01A,-0.11143762,0.01429379,0.347197,0.050108217,-0.17416675,0.05474284,-0.06960562,0.017714038,-0.16932169,-0.019084314,-0.122586414,-0.062175795,0.072969586,0.27939692,0.0047017955,-0.10003057,-0.009793869,0.20584466,0.05886022,-0.096223734,-0.104114756,0.04243806,-0.1886799,-0.024567332,-0.071404554,-0.11682395,-0.33785135,0.025845286,-0.124026366,-0.18194868,-0.069479644,0.10577781,-0.03905092,-0.23309484,-0.010754656,-0.23973116,-0.03182474,-0.0058628325,-0.14372659,-0.04173053,0.065270565,0.16531117,-0.013240696,-0.1441151,-0.14934078,0.010876867,-0.061536435,0.29466,0.2227399,0.1741317
TCGA-D8-A27R-01A,-0.13926226,0.12252552,0.13141157,0.18944907,-0.1018976,0.2895451,0.09150587,0.18101177,-0.03941591,0.019132333,-0.028365571,0.07974986,0.084423564,0.22255951,-0.006463094,0.0057383548,-0.027124228,0.1160752,-0.013545666,-0.0676461,-0.034659747,0.04968843,-0.18394022,-0.046876505,-1.0227773e-05,-0.16543396,-0.3166045,-0.14078659,0.027510753,-0.09364064,-0.0792592,0.24330448,-0.19037503,-0.17713743,-0.12298537,-0.35452074,-0.12710202,0.13035044,-0.10727956,-0.035995513,0.016483238,0.12595682,0.17587925,-0.061587717,-0.05201918,-0.005651015,0.07990212,0.12452753,0.29881474,0.104831114
TCGA-AQ-A7U7-01A,-0.19469921,0.03439563,0.10361038,0.097420774,-0.21906054,0.21567014,-0.029699348,0.045292962,-0.1507364,0.040477674,-0.008858786,0.056921456,-0.019479478,0.25403437,0.22389346,-0.10773878,-0.011219036,0.304207,-0.072086796,-0.1704191,0.1462821,-0.06474674,-0.052377373,0.28746575,0.10703464,-0.09423907,-0.351107,0.013865333,0.02417076,-0.17718177,-0.069236934,0.10245416,-0.19905216,-0.19602561,-0.15610388,-0.12711054,-0.0747947,0.017168492,-0.16303675,-0.012426933,-0.0976052,0.12071184,0.012212175,-0.11327722,-0.055893984,0.04788216,-0.12457099,0.0050613224,0.18104327,0.13399997
TCGA-D8-A1XT-01A,-0.025104215,-0.017163528,0.24212441,0.20331109,-0.027991733,0.18227564,0.06510116,-0.0194634,-0.10480595,-0.02717473,-0.13181758,-0.100527994,-0.030800356,0.27366555,0.12180081,-0.013978693,0.15573932,0.27079067,-0.056900807,-0.3006106,0.009399615,0.059945993,-0.13371159,-0.036440678,-0.04601106,0.12330607,-0.30487713,-0.037914895,0.11158049,-0.2203358,-0.07735009,0.10601022,-0.06004696,-0.24810176,-0.14654855,-0.2933781,-0.03039515,0.014282581,-0.14389953,0.11360496,0.032593608,-0.006711649,0.06757648,-0.07984146,0.03819106,-0.05834374,-0.04344488,0.08157105,0.27122292,0.1412358
TCGA-A7-A4SF-01A,-0.082564615,0.024958076,0.26144555,0.10071936,-0.25585574,0.09227506,0.08428022,0.015360346,-0.13510342,0.008585392,-0.05938562,-0.16020958,0.015636737,0.2537198,0.15081014,-0.04164176,0.08493536,0.1689281,0.008494246,0.05936973,-0.10786381,0.021723492,-0.056389134,0.13322006,0.07568216,0.08939898,-0.34010512,-0.19374901,-0.04013982,-0.16429076,0.014406305,0.117723346,-0.22346476,-0.31020182,-0.13798258,-0.16191372,0.037401248,0.10882332,0.009093061,-0.08076452,-0.08138437,0.07749673,0.1437204,-0.28451863,-0.048094936,-0.16491228,0.020358188,0.1162189,0.07010155,0.20076095
TCGA-BH-A0BS-01A,-0.09265722,0.010804936,0.18697277,0.13018024,-0.14180052,-0.020179648,-0.21565387,0.042023063,-0.12960885,0.09748988,-0.1012073,-0.16095702,0.0849261,0.25164393,-0.04188752,-0.15894803,0.21826163,0.20329061,-0.18332994,-0.23482089,0.0013138134,0.11401739,-0.056958415,0.020151258,0.112962365,-0.016543658,-0.20951396,-0.063121445,-0.0097560985,-0.23538375,0.035373583,0.13707896,-0.34861094,-0.23489617,-0.085213564,-0.027494887,-0.08355696,0.036646914,-0.09915589,0.003095311,-0.14848258,0.04871252,0.120756574,-0.0654562,-0.015334095,-0.079156525,-0.055162273,-0.028194545,0.34578303,0.060747996
TCGA-AR-A5QM-01A,-0.11671913,-0.02615928,0.25764072,0.17315191,-0.19092976,-0.004513029,-0.04122432,0.009839032,-0.3314021,-0.05090295,0.047953293,-0.09511866,-0.0017525103,0.24504538,0.0878634,-0.036102965,0.119231686,0.21274033,0.06581926,-0.025389101,0.04956289,0.00060776476,-0.0768043,0.075910196,0.056988668,0.014173599,-0.3906516,-0.17653066,-0.056854095,-0.22881773,-0.13304016,0.07715534,-0.24311475,-0.32753164,-0.13139795,-0.1246546,-0.11935035,-0.012267367,-0.12901084,-0.05807771,-0.09193343,0.11098762,0.110113285,-0.06587786,-0.08147901,-0.08944523,0.047601175,-0.06938841,0.043396607,0.13694438
TCGA-EW-A1P5-01A,-0.13695247,0.036267977,0.13440299,-0.04374584,-0.054940224,-0.015989738,-0.045926828,-0.092133984,-0.13636991,0.027462242,0.0005158414,-0.021503469,0.049051877,0.09511593,0.054742016,-0.1596702,-0.08972458,0.15486942,-0.018944087,-0.15722468,-0.05281884,0.036276348,-0.08665221,-0.05403034,-0.0336264,-0.10171077,-0.42880425,-0.06919902,-0.039563823,-0.24839087,-0.039970733,0.13367048,-0.31833807,-0.22017136,-0.0357235,-0.21815133,-0.09681713,0.2088814,-0.0067561567,0.012538719,-0.013131065,0.22770396,0.053116202,-0.21872337,-0.17437316,-0.062448885,-0.04133838,0.012543768,0.25545192,0.27533308
TCGA-E2-A2P5-01A,-0.111578174,0.10322387,0.18598579,-0.0507216,-0.18867275,0.16009396,0.085457146,0.053054687,-0.062817775,0.02750175,0.09034337,-0.03978836,0.15264505,0.26156908,0.041694492,-0.06431389,0.014974689,-0.022106692,0.06827503,-0.17179109,0.009651469,-0.037343144,-0.20323887,-0.04921566,-0.046619646,-0.09595807,-0.32736564,-0.090570204,-0.045892954,-0.1960495,-0.1461994,0.026399849,-0.3656009,-0.05613615,-0.11323158,-0.20976838,-0.049876463,-0.02750011,-0.09380617,-0.020825282,-0.09237358,0.1922242,0.083685644,-0.28943655,-0.14928049,0.019737726,0.009890832,-0.055779442,0.28053394,0.19979602
TCGA-E9-A1RE-01A,-0.10011363,0.06401825,0.2669501,0.26292813,-0.1999024,0.025030322,0.016140636,0.050315432,-0.11154368,-0.13206771,-0.09303131,-0.0040433193,0.08327712,0.26555923,0.087983534,-0.09688243,0.050919633,0.1541269,0.022680819,-0.073932774,-0.09442642,0.1987357,-0.09983599,0.057584066,-0.031205505,0.059821904,-0.35945857,0.014621304,-0.0030559115,-0.18006955,-0.011678005,0.08524576,-0.33049005,-0.22780243,-0.0072994567,-0.19489627,-0.12569202,0.16696344,-0.19827823,-0.004475744,-0.0371744,-0.05500705,0.07711755,-0.04259939,-0.13991323,-0.14106175,0.038110215,0.17320977,0.14050433,0.12698098
TCGA-E2-A15K-01A,0.016427254,-0.005724761,0.19275616,0.036213025,0.0026617139,0.1546642,-0.004182535,0.030982574,-0.101147875,-0.11420014,0.04143839,-0.08187617,0.034995753,0.26397982,0.17894214,-0.051372927,0.07299239,0.2485972,-0.07349197,-0.13476282,0.10999676,-0.030684195,-0.08790931,0.0744023,-0.08653843,0.013545342,-0.20195986,-0.02608862,-0.12800606,-0.19617039,-0.08383221,0.10973885,-0.36953622,-0.10789253,-0.17325184,-0.20219943,0.040300783,0.03200184,-0.020370062,-0.06468145,-0.14101598,0.17015007,0.16504471,-0.22854851,-0.026053572,-0.1326245,-0.15192218,0.057885636,0.33260268,0.22137733
TCGA-D8-A1JB-01A,-0.094994836,0.023236183,0.32993567,-0.06747484,-0.007774205,0.036736283,0.07806235,0.12040115,-0.119359404,-0.10187161,-0.060569637,-0.043758523,0.11625405,0.17647788,0.057382647,-0.09635427,0.070590705,0.1848293,0.14005564,-0.1761875,0.06659861,0.02446348,-0.046189383,0.17733398,0.06646639,0.028825486,-0.24472488,-0.005653926,0.100310884,-0.13424595,-0.1230511,0.19401033,-0.15110493,-0.227244,-0.22324727,-0.14567527,-0.1343648,0.106855914,-0.1678445,-0.030620161,-0.12161886,0.17389119,0.107239895,-0.3011829,0.024289008,-0.09306796,-0.13063812,0.116300054,0.25653428,0.19004823
TCGA-B6-A401-01A,-0.24403735,0.0987879,0.20761062,0.016438402,-0.115793236,0.11923258,0.037500527,-0.024905358,-0.10418789,0.0041066143,-0.013716218,-0.099450044,0.100607604,0.24999163,-0.07716543,-0.17984465,-0.038324844,0.09510763,0.017139228,-0.16206801,-0.09404113,-0.07760108,-0.17246312,0.15333976,-0.05125437,-0.0406847,-0.39548168,-0.1354963,0.11914956,-0.09243265,0.00998114,0.15744275,-0.23272184,-0.21683088,0.011669283,-0.2911142,-0.18603502,0.005474059,-0.0065942546,-0.105090335,-0.0652734,0.19899732,0.11572274,-0.16153677,-0.21067542,-0.042125452,0.01723495,0.04581508,0.06665194,0.16061124
TCGA-A7-A6VY-01A,-0.15399365,-0.029517682,0.13296601,0.15536876,-0.1489402,0.2556571,-0.030520156,-0.02202237,-0.17363621,-0.03909911,-0.041855775,-0.09595958,0.013009572,0.33230245,0.099529564,-0.045061044,0.12322616,0.12572564,-0.06330686,-0.10729451,0.078689985,-0.096221514,-0.15386961,0.16276026,0.011800448,0.041450795,-0.416533,0.034791667,-0.08784012,-0.18172108,-0.058456905,0.15483712,-0.22001497,-0.12833214,-0.07863652,-0.21434686,-0.0076997457,0.13931738,0.08228431,-0.02638439,-0.15552112,0.2219466,0.056922458,-0.081199996,0.015839001,-0.013600961,0.14123297,0.15365191,0.17857148,0.13978393
TCGA-LD-A74U-01A,-0.17752677,0.014040883,0.18793884,-0.10595293,-0.17099239,0.13931848,0.021590479,-0.02415488,-0.056518055,-0.11368815,0.06772578,0.02787912,0.049445808,0.13945335,0.058782775,0.05955987,0.122808225,0.31613234,-0.112477764,-0.27829447,0.08471062,-0.02522874,-0.012489203,0.13403134,0.018117419,-0.06461499,-0.2872709,-0.14074731,0.026343467,-0.10593607,-0.08875297,0.13893361,-0.3479056,-0.17441835,-0.010779547,-0.09843586,-0.16871135,0.0951048,-0.11259047,0.1385576,-0.13777661,0.17852974,0.1816824,-0.2086586,-0.03102811,-0.09386148,-0.05389883,0.056099225,0.23356874,0.12746173
TCGA-C8-A1HI-01A,-0.15675665,0.09511205,0.16844049,0.13577011,-0.17092575,0.29717094,0.16101438,0.06593371,-0.16141689,-0.09204917,-0.017912464,-0.12094643,0.0726089,0.09113713,0.08063592,-0.06650513,-0.05121243,0.15763178,0.030358031,0.04508178,-0.2090653,0.09903404,-0.089051865,0.018991437,-0.13440457,-0.038878486,-0.30994964,-0.12735623,0.007821895,-0.1822757,-0.06643323,0.11361099,-0.13883415,-0.27628493,-0.13413137,-0.21282329,-0.09456087,0.073398344,-0.037262537,-0.14759955,-0.04437613,0.027210165,0.16636364,-0.18235148,-0.09627753,-0.01841075,-0.061611257,0.07489158,0.3665166,0.098545015
TCGA-AQ-A1H3-01A,-0.16644515,-0.06817898,0.20165387,0.10575475,0.0076949256,0.24888629,0.059722498,-0.052923918,-0.041862316,-0.010098058,0.120192476,-0.10814781,0.029097917,0.27621144,0.06504834,0.05130852,0.15578523,0.31053177,0.0048576384,-0.18791716,0.06791124,0.0049878727,-0.010432249,0.2349338,-0.019443782,0.0014799836,-0.24629936,-0.090807706,-0.044216536,0.01936574,-0.17399003,0.22259894,-0.15915886,-0.17352003,-0.24140005,-0.19053261,-0.18058242,0.024208263,-0.023255575,-0.043978836,-0.08501129,0.11102441,0.13697428,-0.19443525,-0.11860318,-0.116832994,-0.08689396,-0.09766627,0.24234003,0.051642988
TCGA-B6-A0RG-01A,0.018637188,0.06275652,0.2413915,-0.10441222,-0.17918238,0.08906609,-0.030091446,0.0007986028,-0.16059268,-0.10391758,-0.148344,-0.09469807,0.042366523,0.1426821,0.17873974,0.06388347,0.15374771,0.11209991,-0.07386789,-0.18131833,0.057536423,0.07305375,-0.016080497,0.048916012,-0.034827273,0.045168564,-0.20063984,-0.1954889,0.115779385,-0.15594976,-0.083390094,0.07705103,-0.3797554,-0.2987057,-0.24188654,-0.22796002,-0.11899338,-0.047393378,-0.090636835,0.1265459,0.028625263,0.020242725,0.06734291,-0.16086078,-0.0080772,-0.07335166,0.1183868,0.14249131,0.18845847,0.22406356
TCGA-AR-A1AY-01A,-0.14902209,-0.1970407,0.36506566,0.13903221,-0.0750145,0.13773297,0.061828725,0.020236993,-0.16703421,-0.07748237,-0.11989935,-0.011356128,-0.019849865,0.1896472,-0.061075866,0.016555905,0.11158425,0.20626996,0.009555477,-0.27480984,-0.021954212,0.002924511,0.00938356,0.08295791,-0.033299036,0.03219288,-0.25543827,-0.011828203,-0.05705792,-0.237588,-0.085237674,0.0974804,-0.0132294055,-0.30084205,-0.16813518,-0.21046798,-0.103275195,0.08019304,-0.025083836,-0.01448752,-0.17912464,0.08535165,0.079410665,-0.17568108,0.07086732,-0.0828456,-0.021607254,0.05769601,0.17393294,0.28814596
TCGA-AC-A2B8-01A,-0.19447696,0.0010925848,0.2352369,0.093071036,-0.1626063,0.15568668,-0.014741465,0.16491267,-0.07315686,-0.10751756,-0.07808234,-0.07937147,-0.009270156,0.3001009,0.16694722,-0.11419797,0.221422,0.2297864,-0.08165419,-0.26055983,0.10669366,-0.017093474,-0.23668288,0.1552573,-0.023030918,0.036279097,-0.36037993,-0.12234288,-0.014485262,-0.12841742,-0.09862527,0.062205393,-0.059804194,-0.2658891,-0.11409026,-0.06202081,-0.06859324,0.04552402,0.0836225,0.07749033,-0.028190605,0.1330162,0.058130234,-0.13087691,0.027507342,-0.020950627,-0.014582242,0.123234436,0.19964738,0.09046567
TCGA-E9-A2JT-01A,-0.048425954,-0.02469264,0.2824798,0.09759187,-0.13225606,0.013492168,-0.07741859,0.1839056,-0.23138766,0.09387989,0.013328895,0.00038050217,0.12065159,0.22521707,0.10201649,0.07742738,0.03934888,0.09043566,0.032454193,-0.15344971,0.22344586,0.051240146,-0.02081977,0.14675963,0.07892182,0.074112095,-0.36744228,-0.01859217,0.10808549,-0.17999205,-0.16295205,0.12507057,-0.018710524,-0.2081279,-0.1340862,-0.2781423,-0.107964434,0.13192378,-0.05878279,0.011988452,-0.1506408,0.1748636,0.18591212,-0.08372831,0.010829305,-0.11256695,0.031799663,-0.12685008,0.18389836,0.1832851
TCGA-BH-A0AW-01A,-0.086716235,0.020371726,0.22645737,0.118588746,-0.0035714982,0.036179937,0.043091875,0.20346697,-0.1379565,-0.066615164,-0.08909301,0.037843153,0.051276814,0.30542457,0.1477482,-0.13836452,0.06264675,0.15862618,0.10910071,-0.08270801,-0.03284747,-0.010521657,-0.2851485,0.11921647,0.030605284,-0.04648988,-0.28505167,-0.11466481,0.004995908,-0.14173514,-0.12642322,-0.12952743,-0.1477726,-0.1900008,0.069046184,-0.2813608,-0.13742642,0.05538697,-0.063037835,0.096515715,-0.04046838,0.1579557,0.21817951,-0.15543267,-0.19221032,-0.15005936,-0.052024283,0.16800267,0.17962345,0.1392069
TCGA-BH-A0E0-01A,-0.16625734,-0.042811394,0.23800778,0.11674525,-0.018996917,0.12402255,0.087547444,-0.007367179,-0.09702865,0.072516605,-0.16354044,-0.059014726,0.09535498,0.32578543,0.11964664,-0.09759569,0.14203021,0.22945334,0.12530996,-0.094899796,-0.12908776,0.113937125,-0.022532186,0.16448419,0.116649024,-0.014354932,-0.41515863,-0.0816301,0.012019544,-0.21206138,0.022923551,0.04358519,-0.14090864,-0.14200355,-0.054990005,-0.11393963,-0.1057824,0.12475298,-0.05758697,-0.059455596,-0.18357961,0.20367931,0.12041563,-0.14173241,-0.13228208,-0.1400854,0.041443177,0.07814292,0.120888084,0.19682497
TCGA-D8-A1Y2-01A,-0.21413481,-0.0059863855,0.20168461,0.028829433,-0.09890331,0.111059874,0.043704987,0.11730459,-0.2435923,-0.12458065,-0.09497654,-0.078034535,0.028326614,0.2369872,-0.017917668,-0.041928,0.045351617,0.17952177,-0.02553123,-0.16131313,-0.10655296,-0.116666995,-0.15129463,0.1391049,-0.06511266,0.025536602,-0.30811343,-0.0985968,0.06390633,-0.14423114,0.06113153,0.08474939,-0.22148505,-0.15498815,-0.23292628,-0.110961996,0.0756515,0.0967894,-0.046587218,0.0646864,-0.14241605,0.07903452,0.25378805,-0.08911534,-0.006060225,-0.17892346,-0.06754811,-0.046624,0.38196108,0.08739176
TCGA-UL-AAZ6-01A,-0.050636657,0.011118284,0.18606985,0.091563076,-0.18389347,0.20415266,0.042895537,-0.04704653,-0.0062302463,-0.085422546,-0.06716528,-0.19909017,0.04342269,0.20029251,0.055762265,-0.022567049,0.01342242,0.18214977,0.026070537,-0.0066092126,-0.010929296,-0.04749805,-0.04900356,0.024930894,0.012601361,-0.18093304,-0.26573458,-0.047417723,0.04611307,-0.21808238,-0.07496243,0.020590521,-0.25906315,-0.27700207,-0.12283004,-0.32460412,0.07627806,0.0070522376,-0.14836456,-0.042972155,-0.13240096,0.13336657,0.12858549,-0.07259688,-0.2690838,-0.084772065,0.071557924,0.0068051484,0.26708066,0.26352566
TCGA-BH-A0DK-01A,-0.13492838,-0.019344479,0.24030772,0.2050663,-0.11708952,0.08768387,0.03693188,0.13665962,-0.20318706,-0.02212399,-0.08405077,-0.0461285,0.032061893,0.18307255,0.15455224,-0.059942644,0.15101779,0.18228826,0.026270786,-0.27425465,0.08399581,0.03293562,0.0035961827,-0.012414639,-0.076799266,-0.061344255,-0.2713224,-0.0518507,0.099811256,-0.03701257,-0.1077981,0.1958404,-0.19771898,-0.27188668,-0.03583575,-0.20703778,-0.0602117,0.111172125,-0.12861016,0.24214529,-0.0552127,0.075019166,-0.058558643,-0.28616014,0.04412523,-0.0966405,-0.086674884,0.09223939,0.17994183,0.194086
TCGA-BH-A1ET-01A,-0.23128358,0.014776005,0.3093576,0.053340584,-0.20086353,0.057544094,0.008873943,-0.025762787,0.003224049,0.035170883,-0.022048352,-0.16190696,0.078831546,0.0974123,0.260385,-0.092438914,0.15593447,0.24880163,-0.121556714,-0.169396,-0.02505797,0.13747996,-0.07386324,0.14506139,-0.10146636,-0.006051775,-0.3843824,-0.02041813,0.06178816,-0.1380987,-0.16600919,0.15301098,-0.22350118,-0.15821487,-0.08995921,-0.111942165,-0.18172535,0.0727079,-0.228088,-0.026699176,-0.077034175,0.04405263,-0.08904674,-0.018718012,-0.017770143,-0.10061513,-0.07132305,0.061817713,0.223631,0.055693716
TCGA-LD-A66U-01A,-0.050189618,0.090251036,0.14735445,0.029504756,-0.089109845,0.1306489,-0.051639426,0.07510269,-0.23437652,-0.09323128,-0.030196879,-0.05469025,0.013653425,0.15662551,0.13173895,-0.07589564,0.052352685,0.21675612,-0.06669877,-0.096415535,0.12720342,-0.08622938,-0.023014935,0.2789128,0.003000811,0.06001349,-0.47943994,-0.1156222,0.0015045548,-0.1005412,-0.031319328,0.2026705,-0.24937229,-0.27447918,-0.04622397,-0.11403795,-0.19820014,0.05269666,-0.09512827,0.075031176,-0.06894281,0.1024611,0.090717174,-0.1768733,-0.019539842,-0.1363945,0.0492857,0.10884791,0.15700455,0.17769343
TCGA-E2-A1L9-01A,-0.06200111,0.008092523,0.0864088,0.10500451,-0.25770286,0.1537182,-0.09081896,0.04110524,-0.1738467,-0.04297605,-0.034088623,-0.1357702,-0.08638147,0.04570607,0.13786429,-0.014096904,0.1260369,0.14292936,0.016807768,-0.25093976,-0.09336569,0.10994265,-0.016230922,0.12863594,0.117408305,0.13994639,-0.42366353,0.01630653,0.04278549,0.050428078,-0.18295884,0.118459284,-0.15250933,-0.24943034,-0.15518948,-0.0066439854,-0.116977274,-0.066803664,-0.077560805,-0.02487599,-0.25468913,0.12870653,0.13805051,-0.15188985,-0.11170521,-0.11886241,0.010420001,0.11435861,0.21714088,0.22388169
TCGA-B6-A1KN-01A,-0.052536666,0.20535731,0.20292835,-0.021809235,-0.14817588,0.2053706,0.04003196,-0.012271892,-0.0748871,-0.07950879,-0.078717954,-0.08848299,0.17164837,0.23995718,0.02924769,-0.04053465,0.09444119,0.13374853,0.0034130476,-0.15128782,-0.14883256,0.115999624,-0.04997717,0.14864528,0.119019695,0.039710745,-0.29668072,-0.03501987,-0.086769134,-0.21648553,-0.020934049,0.094504446,-0.123089395,-0.3342024,-0.1882625,-0.10999756,0.09877224,0.010269993,-0.13394009,0.012521347,-0.0372,0.27676842,0.13166608,-0.17787382,-0.21063767,-0.07563527,0.034794692,0.102525644,0.04161499,0.24601696
TCGA-AR-A0U2-01A,-0.09647558,0.11799099,0.33612227,0.08551996,-0.11996501,0.16003804,0.08827916,0.112378314,-0.096328855,0.005352193,0.027137501,-0.06839879,0.013547631,0.2134504,0.00910258,0.011934968,0.1069181,0.13833156,-0.098515704,-0.07162756,-0.074595965,0.06003406,-0.08142683,0.17742415,-0.03488858,0.09300468,-0.32105342,0.029373929,-0.013960383,-0.34296596,0.035495088,-0.084232435,-0.1463607,-0.12796263,-0.118723884,-0.12410219,-0.15996508,0.025477646,-0.06361361,-0.07457291,-0.1789802,0.18173489,0.08770258,-0.2103982,-0.19403443,-0.20718385,-0.07973198,0.105446264,0.2541857,0.14099035
TCGA-D8-A1X8-01A,-0.1946714,0.019033428,0.18959059,-0.023993228,-0.08094029,0.032650985,-0.08779673,0.07764865,-0.09575819,-0.087476075,-0.068468064,-0.2742698,0.10325149,0.21098568,0.029101996,0.039197877,0.17523257,0.2336321,0.030251306,-0.26761138,0.030141313,0.046077374,-0.045561664,0.24347678,0.16372539,0.029991511,-0.4183431,-0.010230963,0.023657043,-0.17160806,-0.056298368,0.09108029,-0.2891526,-0.24087998,-0.039246626,-0.14697976,0.07903642,-0.058428146,-0.20556965,0.12457729,-0.06573549,0.02755241,0.038076695,0.003469511,0.02592937,-0.0066584987,0.06282281,0.038839873,0.135984,0.14016874
TCGA-EW-A1P3-01A,-0.071874045,0.025818445,0.2740608,0.023906883,-0.13524152,0.20997909,-0.0028525456,0.11861313,-0.016534157,-0.09859758,-0.11083272,-0.018746492,0.0048880028,0.19052081,0.20888019,-0.14462993,-0.003489061,0.27740884,-0.048758257,-0.11701969,-0.034336455,0.04470778,-0.012839933,0.17475103,0.057292115,0.03529453,-0.36988702,-0.18346243,0.013552367,-0.27036652,0.040675633,0.20319916,-0.15302676,-0.24647717,-0.0711598,-0.18728745,-0.07034356,-0.029775707,-0.06373482,0.04338573,-0.16436866,-0.07388573,0.12566745,-0.11604396,0.019149285,-0.023613995,-0.21180904,0.16722822,0.15062462,0.07820219
TCGA-E9-A247-01A,-0.14911447,0.107965685,0.15570618,0.05006597,-0.17990443,0.10471017,0.087444656,-0.0105582625,-0.0824171,-0.05669437,-0.043495346,-0.175697,-0.042694323,0.28947252,0.1313137,-0.110085875,-0.08706765,0.27965334,0.038938075,0.00702857,-0.07079116,0.12354379,-0.20143342,-0.095076166,-0.036824025,-0.067774974,-0.37818068,-0.03781175,0.00923681,-0.08391571,-0.04077929,0.004228662,-0.11055251,-0.34413216,-0.069161564,-0.2320561,-0.059139576,0.13656747,-0.07192564,-0.04113464,0.021634491,0.09289937,0.22406241,-0.0925657,-0.17196864,0.009234973,-0.0054432284,-0.0056693857,0.23533863,0.20688544
TCGA-EW-A1J5-01A,-0.07520109,0.10365916,0.2523869,0.009194946,-0.14069492,0.13082866,0.032785777,-0.01539514,-0.1662772,-0.15559562,-0.18159741,-0.18248932,-0.047277775,0.12703043,0.14420326,-0.08114221,0.14141029,0.2758916,0.027289245,-0.16693439,0.032289665,0.029386677,-0.10139389,0.104496986,0.0112848915,0.029487617,-0.3423826,-0.028029257,-0.054865498,-0.10241135,-0.10311155,0.03582338,-0.2398161,-0.13782097,-0.15051103,-0.31285164,-0.10546374,0.13716629,-0.14835396,0.20321947,-0.05685342,-0.096305616,0.083622955,-0.100528866,-0.03656657,-0.16022977,-0.07796667,0.08547635,0.25527397,0.001993115
TCGA-OL-A66H-01A,-0.16225244,0.1345256,0.23615198,0.10227369,-0.13664064,0.019045588,0.08898719,0.07660555,-0.15407984,-0.08083535,0.09538927,-0.009161528,-0.050034307,0.2919177,0.2049562,0.018857297,0.12983531,0.083472274,-0.05429017,-0.27685687,0.0073660417,0.038456265,-0.020137299,0.20319268,-0.044080146,0.08336179,-0.27881876,0.03350055,0.1592554,-0.2875901,-0.07594597,0.13856734,-0.28452572,-0.23835848,-0.15296224,-0.051424615,0.01949099,0.045530654,-0.05701438,0.021575311,0.03163657,0.16985965,0.03371186,-0.050022013,-0.14174311,-0.10598814,-0.079907484,-0.010478203,0.21967266,0.17320316
TCGA-D8-A1JI-01A,-0.17220838,-0.061856646,0.1253238,0.057207745,-0.30058664,0.31026936,-0.014368961,0.026095225,-0.11460029,-0.027693303,-0.037413534,-0.062065315,-0.090124555,0.1652999,0.2493918,0.027177168,0.025791159,0.22299145,-0.00044258186,-0.19995646,-0.02509003,0.061844938,-0.038190205,0.02002055,0.13206403,-0.026902447,-0.40870324,-0.041520867,0.022067713,-0.14492978,-0.1249707,0.032437973,-0.2355641,-0.20433226,0.0012297069,-0.0892743,-0.1753858,-0.05425043,0.032678086,-0.09267682,-0.017515242,0.0022584682,0.20669176,-0.12929267,0.0041431277,-0.19566405,-0.076710165,0.06887698,0.21452345,0.13209727
TCGA-E9-A1RI-01A,-0.11908686,0.030488688,0.20012455,-0.051524866,-0.10117729,0.22629268,-0.07014469,0.07294762,-0.18279548,0.011195044,-0.16219296,-0.069028385,0.008833208,0.08684259,0.033630855,-0.047118433,0.06438585,0.26293534,0.094203025,-0.26456073,0.06544624,-0.0540292,-0.11438018,0.10522231,0.03656872,0.025228025,-0.42880288,-0.1563771,-0.054275982,-0.18589601,-0.06333038,0.033868104,-0.2788763,-0.18555911,-0.06517983,-0.1929019,-0.20307429,-0.104209624,-0.18227202,0.17788945,-0.010533978,-0.036046237,0.17766835,-0.08092912,0.015280424,-0.102186285,-0.05225078,0.06458225,0.17521316,0.0043012938
TCGA-AR-A1AX-01A,-0.0820356,0.0075755287,0.21496789,0.020133596,-0.057636082,0.1007397,0.11220018,0.096552946,-0.15677664,-0.25638694,-0.09183523,-0.032615285,0.03168504,0.13020456,0.10323815,-0.080144405,0.09917264,0.24548474,-0.07225348,-0.20372346,0.04521757,0.0040450445,-0.040427737,0.03790261,-0.10422607,0.06672417,-0.37720683,-0.09752798,0.045229595,-0.25391546,-0.06849591,0.12678827,-0.107829876,-0.18781222,-0.06502177,-0.19408646,0.026884412,0.09469037,-0.0750509,-0.0041519124,-0.022207392,0.19295168,0.17584275,-0.08643793,0.010067903,-0.11373122,-0.07718971,0.13824284,0.3374648,0.26033303
TCGA-OL-A5DA-01A,-0.06955311,0.053069003,0.17389885,0.012882168,-0.15469629,0.060531374,-0.01663485,0.018617034,-0.19568937,0.009448766,0.014432271,-0.07931101,0.12129625,0.28318053,0.15339464,0.03626682,0.14933975,0.23582684,-0.1484447,-0.068642676,0.14411685,-0.057511702,-0.061450697,0.18051057,-0.00042414697,0.08829276,-0.29835662,0.020719891,0.07324464,-0.2492818,-0.14945918,0.13870582,-0.2037673,-0.10992346,0.009643311,-0.27192253,-0.2674059,-0.024703557,-0.0828891,-0.051163107,-0.05154476,0.10899374,0.19196968,-0.14609219,0.017465625,-0.19365229,-0.0035007487,0.03129941,0.23952124,0.13970883
TCGA-C8-A1HF-01A,0.020584986,0.08743346,0.19734164,0.028059568,-0.046454757,0.20705809,0.06485765,0.13449576,-0.10474807,-0.019597271,-0.13814881,0.0030089132,0.2178238,0.19252627,0.021321017,-0.08808674,0.16859041,0.29088065,-0.024725366,-0.06175211,-0.06443198,0.03324069,-0.20331392,0.02537695,-0.053251427,-0.07658219,-0.35035694,-0.06913659,-0.08367982,-0.18869342,-0.077453144,0.25579104,-0.2467774,-0.24565881,0.0059546684,-0.13921665,0.013647282,0.09916476,-0.10892695,-0.051161706,0.053572446,0.05780169,0.15112229,-0.053364538,-0.1884983,-0.021328406,-0.124759905,0.19326083,0.1460322,0.19860531
TCGA-EW-A1J1-01A,0.008648009,-0.048085067,0.19009203,0.10290024,-0.16225238,0.21765894,-0.025295446,0.08041925,-0.09281265,0.14514552,-0.028759634,-0.039371483,0.024993615,0.13821909,0.10800569,-0.044645075,0.02757584,0.17367606,0.11030186,-0.2349615,-0.13436626,0.15120913,-0.039521243,0.033382297,-0.15200537,-0.029973049,-0.3449255,-0.28329495,-0.061029125,0.0052748127,0.0022237333,0.069481455,-0.2873667,-0.11174355,-0.16581476,-0.28038245,0.066198796,0.23027329,-0.050048657,0.021186402,-0.05557871,0.17731018,0.17044091,-0.03732508,-0.097155824,-0.13873284,-0.084252864,0.060364217,0.22420534,0.121325806
TCGA-AO-A0JJ-01A,-0.22251728,-0.13297717,0.22419128,0.03554294,-0.17673059,0.10128809,-0.0715924,0.055665024,-0.051271964,-0.1531889,-0.06508343,0.009160777,-0.07308339,0.25056723,0.0049443813,-0.13844684,0.08818818,0.17295688,-0.02412626,-0.1890206,-0.0059803384,0.09988607,-0.088532545,0.1642195,0.08953657,0.10277527,-0.32490012,0.031355698,0.033978477,0.016420553,-0.13486551,0.23416118,-0.24278784,-0.3246393,-0.059893664,-0.31382623,-0.017023766,-0.083780825,-0.032630797,-0.06773558,0.014688651,0.0931678,0.064265676,-0.059495077,-0.041905165,-0.09641565,0.10086908,0.10899612,0.25273043,0.050224494
TCGA-E2-A1B4-01A,-0.15773138,-0.076282546,0.33445808,0.060456555,-0.26270998,0.10563676,-0.03712066,0.11083552,-0.09747584,0.012680899,0.012056095,-0.044476062,-0.019218618,-0.00614066,0.059978407,-0.1488078,0.12784082,0.17523426,-0.1313899,-0.25788495,0.10236039,-0.05826742,-0.0008002672,0.11579719,-0.060755685,-0.038193252,-0.20810984,-0.123512246,0.06909298,-0.1538257,-0.0010113645,0.10379298,-0.22691223,-0.25299472,-0.07340887,-0.29923958,-0.071689084,-0.07020976,-0.12756352,0.10835382,0.021896768,0.17764437,0.030107282,-0.21690083,-0.10179264,-0.15223312,-0.03139842,0.08143245,0.27694085,0.120982975
TCGA-Z7-A8R5-01A,-0.1651679,0.00313553,0.1905245,0.11415733,-0.15304035,0.10584518,-0.0077466127,0.071506135,-0.20636164,-0.100816116,-0.122705676,-0.04863944,-0.07073132,0.2985424,0.049084205,-0.07803127,-0.060529806,0.24267766,0.24609111,-0.05019454,0.07878588,-0.030581709,-0.23680744,0.088421315,-0.066282466,-0.073311284,-0.25572166,-0.12888134,0.06641163,-0.15925966,-0.07204269,0.14520265,-0.20328654,-0.18857835,-0.11144737,-0.27631626,-0.054719836,0.1277004,-0.22417901,-0.030543981,0.016513962,-0.02678139,0.15179348,-0.101940654,-0.055977512,-0.07583022,-0.001789719,0.050973844,0.2638076,0.12096739
TCGA-BH-A0B6-01A,-0.055681504,0.014832184,0.13744506,-0.02914503,-0.2704415,0.24532712,0.10814298,0.058066975,0.10287655,-0.111154296,-0.14279915,-0.0731386,0.19716342,0.2674143,0.08583506,-0.10247211,0.06210632,0.1673844,-0.05545077,-0.12088388,-0.027064702,0.09663641,-0.1532355,0.19857545,-0.041269083,0.0625606,-0.37761596,-0.012134004,-0.055808432,-0.18006893,0.03169005,-0.029002847,-0.18204822,-0.102080055,0.16296107,-0.13177834,-0.051579706,0.028251331,-0.013308004,0.02115404,-0.07825063,0.13806055,0.17555955,-0.008919889,-0.123606905,0.025465805,-0.07193135,0.11378532,0.23697308,0.32476267
TCGA-A7-A26J-01A,-0.15509056,-0.05199709,0.27901772,0.17922181,-0.19366442,0.10733371,0.03959832,-0.09602978,-0.08465135,-0.11203843,-0.05688142,-0.049169116,0.09089905,0.15200536,0.2312973,0.042063434,0.06794645,0.19821359,-0.036763493,-0.11687749,0.027641632,-0.060429864,-0.0397579,0.118191,-0.112292774,0.030143222,-0.2726185,-0.014254997,-0.07189397,-0.031924646,0.09051144,0.12858365,-0.29957667,-0.23179145,-0.105624415,-0.25037628,-0.18512484,-0.072008595,-0.055017263,-0.1835618,-0.047743883,-0.02171248,0.14967296,-0.08761205,-0.09686458,-0.17186898,-0.13851787,0.026677294,0.29237768,0.15158603
TCGA-BH-A1EW-01A,-0.22967388,0.13218418,0.14974788,0.059473984,-0.07270788,0.19105244,-0.11735725,0.19535421,0.01771587,-0.06298144,0.00058945146,-0.0034498002,0.11591973,0.20980968,0.25840193,-0.09171626,0.064203866,0.19442783,0.10312136,-0.037067913,-0.043106534,-0.0045279297,-0.18111244,0.11210418,0.03302025,0.030489923,-0.33387533,-0.08819072,0.04627231,-0.1154083,-0.059765372,0.1920498,-0.08404682,-0.11379991,-0.15948115,-0.25416058,-0.10262088,0.06254032,-0.11452288,-0.058466896,-0.15283048,0.2432111,0.120011955,-0.14624096,-0.15190244,-0.07359596,-0.07184657,0.14045651,0.2816459,0.052606497
TCGA-BH-A6R9-01A,-0.08416415,-0.0668913,0.1462988,-0.048728433,-0.008074534,0.035139807,-0.096928746,-0.025217727,-0.24734168,0.05974269,-0.06370515,-0.06636624,0.107315175,0.23276454,0.053869866,-0.021360582,0.16327849,0.26079822,-0.10336922,-0.29191384,-0.063118145,-0.029714426,0.016984235,0.10697258,-0.10614603,-0.0010289514,-0.2761958,-0.04142409,-0.042057186,-0.13424462,-0.16303733,0.11799891,-0.28140223,-0.21905944,-0.17444232,-0.0811903,-0.12365124,0.14640799,-0.20005737,0.004859078,-0.14459565,0.2217873,0.057781022,-0.13941097,0.024372753,-0.15024671,0.010286662,0.09375362,0.21085837,0.20968685
TCGA-HN-A2OB-01A,-0.30280328,0.0021200716,0.060739625,0.19118242,-0.05738108,-0.0975749,0.04863242,-0.07095216,-0.15060532,-0.043013554,0.05133545,0.0493288,0.011705031,0.37683296,0.11723666,-0.12177554,0.1279847,0.29933247,0.06821794,-0.16415156,0.15459882,-0.01597152,-0.047350574,0.12251432,0.010113386,0.034645163,-0.2194358,0.06561319,-0.12236014,-0.15941732,0.049388386,0.19418064,-0.16267201,-0.20403083,-0.12594889,-0.06483343,-0.10301078,0.037905544,-0.14460586,0.11675915,-0.05427645,-0.03507853,0.18693958,-0.029827464,0.0153314965,-0.25765336,-0.08701591,0.12267516,0.20806298,0.16421737
TCGA-BH-A8G0-01A,-0.24248296,0.01958261,0.21790986,-0.07283349,-0.13407701,-0.0006238479,-0.09429379,0.06359124,-0.26897117,-0.03277599,-0.038807265,-0.114945404,0.09841111,0.11517277,0.07163483,-0.21256283,0.17142144,0.15512748,0.0024292755,-0.21535555,0.17482746,-0.029069655,-0.107189685,0.018476373,-0.027237294,0.093380444,-0.358826,-0.03470775,0.16468924,-0.19159247,-0.1096892,0.22017771,-0.24733439,-0.21065676,0.0062392256,-0.035370495,-0.08650858,0.054837234,-0.062148616,0.085156925,-0.085390374,0.041774806,0.2369305,-0.18746102,-0.10159378,-0.03590749,0.04128845,0.14067966,0.14021794,0.08573467
TCGA-A2-A259-01A,-0.21279676,-0.024894932,0.17811732,0.105073825,0.0056655295,0.14905185,0.04838906,0.052394353,-0.19599415,-0.01950712,0.022782236,-0.054372057,0.1434787,0.18900628,0.08359945,-0.07918244,0.1618324,0.19340271,-0.08993667,-0.2110877,0.13084148,0.14209326,0.06879261,0.16608031,-0.018263903,-0.025070656,-0.4419821,0.074882925,0.024282597,-0.14628984,-0.1123473,0.14477953,-0.123539366,-0.21259741,-0.09808305,-0.18828157,-0.17214586,0.071049646,-0.077038445,0.040844433,-0.035887446,0.004445999,0.19717772,-0.15261222,-0.10564832,0.005764698,-0.14110579,0.07705927,0.22015,0.17888269
TCGA-BH-A0BZ-01A,-0.1950549,0.03957831,0.24418227,0.08872196,-0.051993694,0.15436062,-0.08366138,-0.030162,-0.20944224,-0.014408283,-0.13624439,-0.02393194,0.097300075,0.2591859,0.03305184,-0.10740841,0.1299367,0.15726303,0.1397083,-0.064899944,-0.0209126,0.042396404,-0.042006403,0.10634111,0.03805073,-0.17559254,-0.2554075,-0.05004578,-0.04674297,-0.18784517,0.12378562,0.11058541,-0.2995141,-0.30090043,-0.14058307,-0.25832024,0.056318786,0.095980786,-0.11733365,0.15708612,-0.02287202,0.15583472,0.1347368,-0.14771579,-0.1850518,0.046313036,0.00015279102,0.09135431,0.08104666,0.16315433
TCGA-E2-A1IJ-01A,-0.26558918,-0.060243346,0.16311425,0.09149906,-0.14627643,0.16090675,-0.06771105,-0.031245751,-0.19622332,-0.14554602,-0.061093464,-0.23477156,0.02233286,0.15303142,0.045686807,0.09188455,0.0985725,0.22682427,0.026088994,-0.25031173,0.19040705,-0.0010503838,-0.070154086,0.21425177,-0.15678394,0.048060805,-0.20206319,-0.015066533,0.102517724,-0.19155036,0.024508752,0.0973841,-0.20655836,-0.16639544,-0.111906394,-0.109944716,-0.013275843,0.02246877,-0.19048916,0.09867182,-0.007712573,0.07742457,0.2134601,-0.18726072,0.022988815,-0.0443597,0.05377299,0.08768764,0.28823775,0.15392272
TCGA-WT-AB44-01A,-0.18408778,0.040278725,0.15489382,0.1101097,-0.06953873,0.18308347,-0.030187212,-0.026183175,-0.2365818,-0.12390025,-0.15124682,-0.016821742,0.0119276075,0.30525535,-0.047391858,-0.018721443,0.10614276,0.13726771,-0.052319538,-0.02047403,-0.15198103,0.17233829,-0.10480436,0.042667728,0.08821957,-0.19008504,-0.2137036,-0.1060202,0.0051595247,-0.18524386,-0.12150924,0.10450003,-0.14508687,-0.27152973,-0.027225696,-0.3185111,-0.19063602,0.08544426,-0.09860927,0.06569779,0.037328705,0.19456702,0.13337712,-0.1659611,-0.1725433,-0.046180382,0.039353155,0.20961748,0.10227346,0.10590125
TCGA-AR-A24Z-01A,-0.23625866,0.0176872,0.11318176,-0.021598866,-0.14868635,0.22721182,0.051695913,-0.068518326,-0.16543728,0.075403795,-0.092434466,-0.00480434,0.10801732,0.19655773,0.09321966,-0.10257805,0.011352001,0.22772565,-0.052114107,0.051930167,-0.091634214,0.037997276,-0.11074079,0.104135364,-0.001720381,0.041641258,-0.3252519,-0.13059968,0.020826492,-0.34722698,0.011560076,0.12800525,-0.20457456,-0.2665474,-0.025112676,-0.26798573,-0.04490594,0.1610902,-0.08431868,-0.032786485,0.11758794,0.2055976,0.07655784,-0.10385912,-0.042384427,-0.11888455,-0.0374315,0.10377878,0.11384925,0.22494593
TCGA-B6-A0RE-01A,-0.09177711,0.048950005,0.14877461,0.073559284,-0.08064033,0.16634797,0.11597802,0.07030172,-0.26654673,0.041463178,-0.07808107,-0.17813306,-0.060016263,0.19997934,0.030497223,-0.043237783,0.13830219,0.18721898,0.06981104,-0.16103303,-0.074860185,0.14654793,-0.0035913137,0.083377615,0.011316986,-0.13325073,-0.32080486,-0.047651533,0.10022939,-0.24718283,-0.09829828,0.1195756,-0.111101516,-0.22888255,-0.18035033,-0.12513544,-0.016548986,0.12493031,-0.15835723,0.015736965,-0.07896659,0.23300594,0.11846065,-0.02371709,-0.21676414,-0.05741645,0.0113899885,0.07985189,0.25325593,0.25436717
TCGA-BH-A5IZ-01A,-0.035560444,-0.07949229,0.19476865,0.07809203,-0.2294283,0.2676068,-0.028872905,-0.03277943,-0.09409041,-0.07970644,-0.009427099,-0.08321066,0.16714866,0.21106263,-0.019048806,-0.09282204,0.107448965,0.10896641,-0.050582584,-0.122384325,0.15326932,-0.15585695,-0.020882035,0.01804678,0.020749165,0.14324346,-0.37937462,0.00676465,0.057862658,-0.10622573,-0.18698534,0.32085255,-0.099228814,-0.24697903,-0.08836557,-0.2541291,-0.08305246,0.050051913,-0.14296249,-0.04059095,-0.0453577,0.17425528,0.16560274,-0.064004034,-0.05596521,-0.036685415,-0.06211052,0.045190148,0.20672372,0.14070882
TCGA-EW-A2FV-01A,-0.17947353,0.035380524,0.25716376,0.01275806,-0.13130006,0.06991388,-0.09970612,-0.07597503,-0.11991147,0.06836935,-0.036241338,-0.029184934,0.18301138,0.18707778,0.017134063,0.051780924,0.025737222,0.17103551,0.07806024,-0.1850435,-0.0020712556,0.072114214,-0.017545559,0.0038102814,0.001203678,0.06171104,-0.43608424,-0.22607799,0.035885967,-0.15675744,-0.0027022753,0.060509883,-0.1671317,-0.22594902,-0.0976661,-0.1157627,-0.12568879,0.1658875,-0.21676911,-0.11217657,-0.038144972,0.2285851,0.115919404,-0.12085736,-0.09324326,0.03372328,0.0046707,0.20625722,0.19280325,0.2078122
TCGA-D8-A1XR-01A,-0.106758654,-0.09828723,0.05180958,-0.0011090928,-0.20899564,0.013312799,-0.008302603,0.007622631,-0.17046385,-0.044966843,-0.14480925,-0.014471879,0.14686742,0.10249314,0.23791887,0.031401426,0.08383953,0.2004488,-0.051761996,-0.021705382,-0.008185497,0.00749033,-0.16872883,0.23148803,0.009301695,0.015558756,-0.3701508,0.07206818,-0.024261449,-0.28820774,-0.04937678,0.07832096,-0.20396513,-0.24176924,-0.11389791,-0.20873825,0.015914982,0.09056764,-0.17196724,-0.020521477,-0.14194624,-0.041661207,0.19197707,-0.18065545,-0.048719503,-0.22324277,-0.0047122273,0.11267627,0.26205274,0.05500773
TCGA-AC-A5EH-01A,-0.2667254,-0.028302591,0.21333207,0.10614135,-0.17188379,0.27914932,0.11406307,0.081565335,-0.05821196,-0.07495321,0.07722644,-0.0977845,0.10174122,0.28968567,0.0035902353,0.006459576,-0.02978287,0.17558514,0.1130863,0.038050435,0.032993786,0.087731294,0.030150754,0.051012404,-0.12560602,-2.9616922e-05,-0.41203317,-0.10455389,-0.061748847,-0.2481635,-0.045172036,0.18290785,-0.14986435,-0.09459201,-0.0062921504,-0.09256471,0.11771051,0.13538778,-0.08219482,-0.08994767,-0.10560291,0.14686789,0.033406112,-0.23629907,-0.078235805,-0.025347665,-0.0849942,0.028914396,0.10365053,0.2595752
TCGA-BH-A0WA-01A,-0.16197452,0.029837381,0.25913095,0.059201177,-0.08987176,0.11073941,0.10053592,0.012149768,-0.1222004,0.049509883,-0.11249031,-0.13118905,0.027651927,0.23249583,0.059686545,-0.10738948,0.04288748,0.16477922,0.09452846,-0.16498198,-0.040154137,-0.008925755,-0.114207916,-0.0076262513,0.006585012,0.21727338,-0.31648684,-0.15555693,0.13246824,-0.09095323,0.07353516,0.16080992,-0.119634725,-0.16119134,0.03932102,-0.23653083,-0.024333162,0.19416083,-0.044632,-0.06969469,-0.09826088,0.17519845,0.22236346,-0.16509661,-0.009766035,-0.24772798,-0.064002186,0.006023615,0.15997036,0.30765957
TCGA-D8-A1JH-01A,-0.12191312,-0.07725995,0.2358803,0.09091783,-0.023032326,0.18125814,-0.054077152,0.007697579,-0.18027584,-0.0033856442,0.09879292,-0.069828525,-0.085572995,0.16644114,0.11070732,-0.15786795,0.07768032,0.20434278,-0.0040745563,-0.18886688,-0.057051014,0.050357915,-0.11898019,0.058117818,0.06672096,-0.077079535,-0.27602637,-0.07479998,0.082382515,-0.21813996,-0.12522201,0.0721574,-0.22060645,-0.1966993,-0.10820578,-0.19203992,0.109404325,-0.07106796,-0.1498232,-0.0030365572,-0.067090504,0.122955985,0.099345565,-0.25380677,0.079871885,-0.26943877,-0.07965891,0.095406875,0.32864335,0.11637667
TCGA-EW-A1PG-01A,-0.17823721,-0.024966722,0.1152175,0.13872123,-0.18435672,0.19295774,0.02885137,0.058768295,-0.15400128,-0.050857715,-0.1411081,0.0008428093,0.048032958,0.07956235,0.19931786,-0.0035828324,0.21538857,0.10153676,-0.05190978,-0.31445214,-0.023651656,-0.054251067,-0.17709182,0.14989355,-0.08169391,0.16100939,-0.44133306,-0.103509665,-0.03479579,0.0036932377,-0.1303568,0.20106818,-0.085095994,-0.22115983,-0.094541684,-0.04400224,-0.2103867,0.13874441,-0.011519612,-0.008579523,-0.011342869,0.21384324,0.0976638,-0.0973974,-0.057467826,-0.01042808,-0.039622996,0.109933585,0.17247671,0.10102304
TCGA-BH-A0W3-01A,-0.19768207,0.0945064,0.23837365,0.12456212,-0.069670215,0.16311924,0.00986134,0.20304859,-0.15058517,-0.04708903,-0.08934891,-0.17746675,0.095814265,0.26177627,0.08215065,-0.17661677,0.00816023,0.2952574,0.049108807,-0.09774039,-0.026207209,0.009911035,-0.033041175,0.005890397,0.08359021,0.02515496,-0.3679071,-0.17491685,-0.06446403,-0.20169328,0.05568716,0.029517502,-0.10548948,-0.11079526,-0.022746349,-0.1442729,-0.050324015,-0.03522364,-0.07624436,0.037505142,0.038834,0.1369318,0.018273996,-0.069716,-0.24317893,-0.20244133,0.08018437,0.12070056,0.08713076,0.3057043
TCGA-D8-A27E-01A,-0.16442357,-0.117570125,0.2687366,0.010422329,-0.0225936,0.16040891,-0.094023295,0.018702595,-0.084778756,-0.11293681,-0.21542826,-0.10152232,0.072489515,0.16380821,0.1403901,0.10771452,0.16516136,0.15325858,-0.115183994,-0.23438129,-0.11698049,-0.02511416,-0.07218796,0.16059764,-0.0056974753,-0.004198725,-0.3137584,0.09386762,0.094365984,-0.2233624,-0.17979111,-0.049209237,-0.16681385,-0.23923428,-0.123614825,-0.2681665,0.065442935,-0.10255681,-0.0758465,0.101070985,-0.037083834,0.05429328,0.0846894,-0.19340436,-0.0764344,-0.19055755,0.06618064,-0.050267648,0.1851072,0.10460321
TCGA-BH-A0HK-01A,-0.20878083,-0.07964373,0.21546888,0.042536963,-0.16564961,0.04676013,0.06716686,0.04517426,-0.16023532,-0.14530824,-0.10236379,-0.028047854,0.038698606,0.23660636,0.16961135,-0.011254534,0.02337249,0.28209904,-0.09188517,-0.05045948,-0.16645753,-0.030414438,-0.1905065,0.09643498,-0.047185738,0.072777465,-0.28880677,-0.07459048,0.016708871,-0.19605252,-0.12280959,0.1978017,-0.16874759,-0.19816032,-0.16370009,-0.29314858,-0.15841173,-0.058214564,-0.16570029,0.013390885,-0.15887675,0.031352505,0.011985948,0.047203045,0.03504413,-0.15634447,0.14524607,0.039629724,0.20836534,0.09754577
TCGA-BH-A1EN-01A,-0.26096147,0.16460279,0.1835113,0.14804462,0.033366013,0.10565499,0.12098512,0.079170026,-0.028898971,0.012517814,0.011720848,-0.11234852,0.026970323,0.25570568,0.056611203,-0.04771175,0.044857286,0.020461822,-0.14690618,-0.10468959,-0.072527,0.027169008,-0.17911685,-0.07166947,0.032823127,0.03324983,-0.38282177,-0.050110593,0.16853707,-0.23767519,-0.078211926,0.10989353,-0.12853353,-0.21535057,-0.17893957,-0.30062976,-0.017245654,0.13019966,-0.082797706,0.012925189,-0.008118156,0.21698917,0.13212885,-0.15393472,-0.19843091,-0.03811664,-0.10044248,0.041119955,0.1703678,0.13659212
TCGA-D8-A1JD-01A,-0.082185306,0.13781284,0.26263696,0.1022717,-0.13008873,0.1623075,0.02094271,0.110676534,-0.10077202,-0.02607812,-0.061188944,-0.11277304,0.16063125,0.25693843,0.16005608,-0.06253416,0.01165058,0.24727543,0.03582647,-0.026074901,-0.11249837,0.18667859,-0.14545003,0.03679505,-0.04365079,-0.09745785,-0.2959783,-0.24868925,-0.040463373,-0.21741593,-0.055856507,-0.0885586,-0.22295006,-0.22783792,-0.13629904,-0.1670117,-0.0064984607,0.116884656,-0.15247595,-0.07234699,0.01735112,0.07847132,0.14039329,-0.14122082,-0.13530433,-0.07425529,0.04421797,-0.04640574,0.10669034,0.24603853
TCGA-AR-A0TT-01A,-0.10095359,-0.018398715,0.050261658,-0.026702547,0.06030058,0.22643116,-0.056661632,0.0495003,-0.1585031,0.09897075,-0.11183818,-0.18137586,0.020269362,0.3407818,0.067507744,-0.09229936,0.05103112,0.19419919,-0.03522839,-0.25908968,-0.12956159,-0.014783737,-0.092315055,0.14795434,-0.18484288,-0.0026608747,-0.36549437,-0.061220776,-0.035857912,-0.13955931,-0.043872725,0.22777566,-0.1395992,-0.17398748,-0.13054742,-0.19878034,-0.027933115,0.065210864,-0.14538433,0.1823865,-0.08661727,0.017918289,0.08495158,-0.20320523,-0.10981786,-0.018729975,0.02042511,0.17968418,0.20013852,0.07928776
TCGA-B6-A0WX-01A,-0.16472837,0.07450733,0.3018816,0.089275494,-0.09605596,0.110133365,0.12518497,0.07968454,-0.15332255,-0.005199365,-0.009866361,-0.09304754,0.11768183,0.24546343,0.022280771,0.031111142,0.122063674,0.13245076,-0.00051121175,-0.09262622,-0.00815407,0.10244473,-0.14135991,-0.041279055,0.10425123,-0.089631066,-0.33925933,0.061866768,0.023613751,-0.15826645,-0.10647339,0.11774121,-0.22425127,-0.22233944,0.029521676,-0.2947479,-0.051906604,0.14868566,-0.17951591,-0.059529457,-0.10150657,0.29659685,0.06677926,-0.2109559,-0.08468884,0.07028942,-0.029259725,0.066137664,0.15847914,0.1316766
TCGA-A2-A0EN-01A,-0.08222547,-0.07262324,0.31313205,0.0024084272,-0.186627,0.04108645,0.0067471233,-0.09774235,-0.21024154,-0.08624228,-0.12488134,0.020256957,0.049930084,0.23644626,0.13152769,-0.07295024,0.018189626,0.11358022,-0.078164205,-0.13005465,-0.057008903,-0.21870326,-0.22048241,0.18052474,-0.046060808,0.046538815,-0.30188462,-0.06000762,-0.02716393,-0.1173151,-0.06964732,0.20177537,-0.1934606,-0.19909799,-0.28220877,-0.12144227,-0.080462724,0.058388866,0.028992215,0.017389968,-0.007902673,0.061019693,0.15009247,-0.114507295,-0.0576265,-0.07078541,-0.13479507,0.1295372,0.31397942,0.061040074
TCGA-AC-A8OQ-01A,-0.09040001,0.06340235,0.2567192,0.17461678,-0.024837883,0.08411153,0.029102463,0.09247193,-0.17348202,-0.008502202,-0.24889833,-0.07982316,0.051902514,0.31072634,0.057060782,-0.07189462,0.087829866,0.06364281,0.08093423,-0.03071341,-0.059345182,0.10460216,-0.06157282,0.07701328,-0.08647623,-0.0802953,-0.3199663,-0.007671868,0.020876756,-0.13584964,0.08918748,0.11729672,-0.16563602,-0.37487447,-0.020413803,-0.14957924,-0.08919319,0.17021322,-0.16708057,-0.03923541,-0.10031552,0.26237023,0.14672968,-0.029512824,-0.12049974,-0.14520961,-0.107507996,0.0010272823,0.14376582,0.20365763
TCGA-S3-AA12-01A,-0.04498471,0.08798582,0.2837343,-0.03979508,-0.113694966,-0.016804455,-0.058005385,0.03405639,-0.21472791,0.013553256,-0.15443335,-0.0621749,0.08945194,0.11800621,0.117578894,-0.07839065,0.11224971,0.26279625,-0.094390094,-0.16381937,-0.18348405,0.04839336,-0.04456439,0.10424328,0.15979809,-0.09469625,-0.4009328,0.0019156107,0.021931784,-0.24843064,-0.09591482,0.20079719,-0.11572691,-0.26402727,-0.23126651,-0.20141606,-0.086466424,0.023332652,0.009241175,0.03423087,-0.13392809,0.037906423,0.1354062,-0.06603179,-0.09277465,-0.16454084,0.06237731,-0.0007583171,0.14175004,0.11445563
TCGA-E9-A1N4-01A,-0.15762874,-0.06981267,0.3056807,0.0877005,-0.14683269,0.20382696,-0.0960586,0.031097274,-0.20884623,0.03999769,0.019157432,-0.040770203,0.052627154,0.11827672,0.20881422,-0.09608104,0.12541753,0.2649482,0.061292604,-0.19016661,0.12584189,0.01112824,-0.16838264,0.006109396,-0.07983382,-0.09817517,-0.2519381,0.015085854,0.1829763,-0.26000804,0.06706673,-0.05443496,-0.19566587,-0.22540164,-0.10009009,-0.22603638,0.032173082,0.009178836,-0.009288093,-0.044878263,-0.13411449,-0.0260021,-0.06269127,-0.18125503,-0.15956084,-0.08393033,-0.018818067,-0.052926943,0.26042616,0.09057663
TCGA-AR-A1AO-01A,-0.16833118,-0.015822867,0.14720584,0.09463208,-0.06552797,0.14571477,-0.022370176,0.040098097,-0.34453246,-0.0069925105,0.009735915,-0.043197736,0.07811558,0.31020918,0.03858029,-0.07344375,0.10471114,0.16543859,-0.040138673,-0.11413941,-0.023392323,-0.16199945,-0.010797799,0.054383922,-0.0371502,0.049780313,-0.37129587,0.12465874,-0.07066618,-0.14560896,-0.06017534,0.033455376,-0.27196425,-0.24055,-0.022883069,-0.119701274,-0.08616378,0.037074614,-0.15520896,0.15516211,-0.21443273,0.042261258,0.20030624,-0.11860775,-0.10703673,-0.078162596,0.08722191,0.0917498,0.25771016,0.08115295
TCGA-E9-A5FL-01A,-0.10384842,0.047447238,0.08141768,0.069855005,-0.0406209,0.10565614,0.09736177,0.14816079,0.019006599,0.06490812,-0.079296164,-0.04933234,0.05357573,0.2891835,0.052053582,0.098764315,0.088641785,0.17167674,0.005267159,-0.18909065,-0.09159646,0.013968946,-0.17015648,0.006277344,-0.09377376,0.08885809,-0.2858467,-0.10190088,-0.05841465,-0.16593924,-0.03798979,0.13818216,-0.24366054,-0.13701975,-0.08598148,-0.35385427,-0.17663412,0.06287833,0.010637151,0.1207239,-0.055406746,0.11660949,0.2027646,-0.19657142,-0.16603222,-0.12407134,0.058035184,0.043050922,0.27460587,0.25960204
TCGA-A1-A0SN-01A,-0.14169021,-0.020681996,0.22860296,0.1937217,-0.16510776,0.24603602,0.034047157,0.019061072,-0.047316696,-0.08622837,-0.18560305,-0.05749916,0.043824717,0.12594213,0.15177342,-0.15348086,-0.0045498535,0.17027336,0.10998685,-0.19124486,0.051584046,-0.025558097,-0.17121747,0.0977644,-0.0076909564,-0.104813695,-0.41511577,-0.11073424,0.027641593,-0.26564997,-0.06850465,0.016839355,-0.26184037,-0.20473403,-0.07677145,-0.13760498,0.009951869,0.15774946,-0.050820764,-0.014171784,0.014951708,0.022062434,0.15791565,-0.04748043,-0.18709226,-0.104884624,-0.057613984,0.07697687,0.11708578,0.19194984
TCGA-E2-A573-01A,-0.11220616,-0.12527873,0.2294461,0.06809915,-0.015074013,0.1824818,0.061772946,0.038269415,-0.053909622,-0.102975324,-0.23864931,0.019322168,0.059845373,0.27213946,-0.016736737,-0.040618256,0.029518826,0.22018114,0.027756443,-0.16563939,-0.03069976,0.08218369,-0.017046632,0.14379928,0.03794308,0.054696012,-0.35719264,-0.023405159,0.01958792,-0.12230941,0.074496575,0.3247814,-0.15662797,-0.110804476,0.01664114,-0.20702757,-0.15880112,0.13806659,-0.00973865,-0.07700234,-0.026683152,0.19713806,0.20954448,-0.22955967,-0.036941014,-0.03343491,0.116517134,0.1168206,0.21407239,0.13448003
TCGA-AR-A24V-01A,-0.28207493,0.030478504,0.19121782,-0.00048426137,-0.22698429,0.08129677,-0.011609241,0.015334352,-0.18315575,0.020398023,-0.050722,-0.04027119,0.04075304,0.19221812,0.11275092,-0.13540713,0.06397957,0.18947321,0.016599087,-0.067128606,-0.2502464,0.011820722,-0.07974857,0.10760729,-0.12638082,-0.030993754,-0.2917432,-0.12618025,0.06719263,-0.1477501,-0.060806006,-0.040103156,-0.11700245,-0.18667237,-0.12104298,-0.10880459,-0.05477607,-0.07819729,-0.15627743,-0.10964668,-0.05332077,0.23210977,0.11695418,-0.10125806,-0.17795533,-0.10222847,0.0446693,0.18359134,0.25393203,0.31303796
TCGA-E9-A3X8-01A,-0.17386457,0.14579572,0.33117712,0.16528246,-0.1450766,0.24750432,0.03913595,0.04317105,-0.16091242,-0.06553193,-0.007911463,-0.121956535,0.107898,0.17327201,0.096947104,-0.047496274,0.062331356,0.3011576,0.033000156,-0.07785884,-0.13315435,0.12405948,-0.26100576,0.13292348,-0.14216779,-0.019205885,-0.15533759,-0.07064586,-0.018400924,0.02174058,-0.0046513192,0.086978465,-0.27416003,-0.20339459,-0.024371406,-0.19178416,-0.030814894,0.1049198,-0.1670364,0.044537626,0.00088330155,0.28408033,0.1833225,-0.012455975,-0.04280132,-0.01880118,-0.08203156,0.113463745,0.056475464,0.11591242
TCGA-XX-A899-01A,-0.14993662,-0.070863806,0.16517997,-0.025703585,-0.09667167,0.12703735,-0.041743103,0.057777993,-0.25912145,-0.28469157,0.09431451,0.03930401,0.09967012,0.32092354,-0.0062719737,0.054499425,0.20145556,0.1725213,0.121584065,-0.2874598,0.17573375,0.0061643757,-0.007983088,0.088299416,-0.059804186,0.025481762,-0.34350267,-0.07935302,0.045252103,-0.13313855,0.008609108,0.14380307,-0.22801663,-0.1885524,0.01619296,-0.1598938,-0.090426706,0.114877425,-0.1090068,0.060994245,-0.1039568,0.054227613,0.025178015,-0.09937161,-0.097319305,0.042713046,-0.056008022,-0.07899253,0.19347277,0.17641284
TCGA-BH-A1EX-01A,-0.13818665,0.030622981,0.16393536,0.019180622,-0.12427732,0.08751185,-0.105269,-0.10385823,-0.06590578,-0.030946765,-0.148656,-0.08215633,0.13250121,0.20854136,0.22411652,0.10588208,0.0273832,0.23777713,-0.009954603,-0.054047905,-0.17425963,0.01928385,-0.11918715,0.19315301,-0.049506042,0.06362709,-0.45767447,-0.13105322,-0.060789824,-0.26751328,-0.13017932,0.048875794,-0.101251155,-0.16919427,-0.13880222,-0.14422683,-0.12737943,0.13242827,-0.12932152,0.1170719,0.15642932,0.04553724,0.14460455,-0.047256604,-0.027720002,-0.14942211,-0.087954625,0.050543983,0.23256378,-0.02292279
TCGA-D8-A27I-01A,-0.21171592,0.055685274,0.20329773,-0.00359745,-0.17134662,0.039265987,0.04923752,0.09905115,-0.2641084,-0.103941455,0.11433969,-0.048496466,0.22633591,0.24415855,0.1299662,-0.11651037,0.078587875,0.18545009,-0.10777565,-0.23529395,-0.14871544,-0.08149235,-0.084709875,-0.00044795632,0.11386216,0.14452283,-0.30183282,0.07871507,-0.005000807,-0.0056407563,-0.029161604,0.024638213,-0.2368051,-0.21554564,-0.064023934,-0.2498433,0.019725857,0.0408035,-0.24215512,0.028424278,-0.21827814,0.017954323,0.1253668,-0.05827908,0.01617176,-0.079747275,-0.059185628,0.008599756,0.21311586,0.03008996
TCGA-D8-A1XV-01A,-0.1449425,-0.06592208,0.33590606,0.045350228,-0.12223311,0.24848296,-0.06669444,0.064204514,-0.16387571,-0.030250335,-0.19035935,-0.062996976,0.12477799,0.26102746,0.09991046,-0.044995587,0.14845695,0.18924208,-0.1922044,-0.19754583,-0.06905045,0.059573613,0.047410924,0.065696985,-0.015645513,0.057861358,-0.34828794,-0.14093493,-0.012941351,-0.19430552,-0.10132451,0.1334731,-0.013396965,-0.2018792,-0.23936915,-0.21838647,-0.11125265,-0.02476479,-0.049400706,-0.07851536,-0.0001896727,0.12540536,0.06278291,-0.12469693,-0.034124203,-0.0037785354,0.05725666,0.15040115,0.13800414,0.04989831
TCGA-E2-A15J-01A,-0.026472144,0.04813859,0.20656805,0.20879361,-0.1395814,0.14521466,-0.15339836,0.056781393,-0.13915606,-0.17085421,-0.11574445,0.08110019,0.12602739,0.06755403,0.23180775,-0.022032795,0.20875739,0.17726116,-0.15394932,-0.18327455,-0.07192724,-0.05044754,0.061813027,0.18731399,-0.010272322,-0.07242149,-0.33141562,0.033455558,-0.0039178682,-0.14035586,-0.03251966,-0.045337368,-0.31942326,-0.21346974,-0.080874525,-0.11087752,0.10390693,-0.028196078,-0.22452404,0.04083319,-0.11006003,0.08585917,0.13462524,-0.2095245,-0.085409,0.017157868,-0.0154109225,-0.021787204,0.21121041,0.13273373
TCGA-AC-A6NO-01A,-0.319337,-0.13717377,0.1510104,-0.022984177,-0.1941281,0.0202931,-0.046456583,0.13601631,-0.23630783,0.004120052,-0.0770595,0.035777602,0.024363326,0.19483687,0.02635565,-0.123385556,0.08431336,0.18585238,-0.023004696,-0.08651693,0.0052093663,0.0036467367,-0.0075758095,0.18249653,-0.18826783,-0.027187685,-0.17034137,-0.042762835,0.07377919,-0.15666282,-0.052087083,0.1663826,-0.13142546,-0.15610553,-0.11181156,-0.21022816,-0.058359016,0.027919337,0.03643579,0.0689729,-0.17649145,0.017446067,0.09790939,-0.2621477,0.081995614,-0.08603603,-0.017481409,0.20384,0.2918278,0.33101934
TCGA-D8-A73W-01A,-0.05005874,-0.018272577,0.32192686,-0.07881612,-0.16190042,0.0146170845,0.11005124,-0.043731425,-0.21924269,-0.17686306,-0.048975274,-0.05511001,-0.09593274,0.13087386,0.04573655,-0.039888833,0.11703941,0.2630997,0.06960204,-0.21279109,0.104028456,-0.022089712,-0.03401166,0.07742168,-0.024199056,0.19444567,-0.35888436,-0.052273206,0.019650314,-0.21432483,-0.08037983,0.004980337,-0.27170777,-0.11401571,-0.049743325,-0.2752078,-0.002585255,0.13881448,-0.12858962,-0.03163025,-0.12842979,0.107978076,0.042727668,-0.15606259,-0.05710026,-0.121405214,-0.14371155,0.05358662,0.20570385,0.13343273
TCGA-E2-A1IH-01A,-0.250337,0.11005914,0.25637293,0.16072127,-0.021530764,0.25570104,-0.073206566,-0.052458875,-0.05929006,-0.054236334,-0.00032722056,-0.097790994,0.15560421,0.2994737,0.028588695,-0.08789021,0.042050518,0.24499224,0.0098961145,-0.09638897,0.004222532,0.06721227,-0.10327796,-0.080002874,0.079533115,0.10888012,-0.3000158,-0.026936296,-0.037752975,-0.08041805,-0.080665424,0.04547271,-0.18728325,-0.27643013,-0.03352274,-0.28256124,-0.08433907,0.045739885,-0.08168614,-0.029611923,-0.1207796,0.14911096,0.10297812,-0.15825607,-0.16373584,-0.07728135,-0.07701452,0.06103619,0.18671668,0.20999826
TCGA-A2-A3Y0-01A,-0.04295888,-0.04567754,0.26754662,0.09969627,-0.06370602,0.18911134,-0.07699779,-0.0077621425,-0.094486676,-0.09038682,-0.13107617,-0.12221564,-0.011492588,0.26322368,0.19525544,-0.20890968,0.10315679,0.17805903,0.047823116,-0.2808892,0.03748047,-0.105229825,-0.11091759,-0.054177668,-0.044852965,0.08601136,-0.11675971,0.03646781,0.11457074,-0.1734359,-0.05746663,0.14785953,-0.18888491,-0.2863814,-0.07482329,-0.2599302,-0.23031464,0.026987595,-0.07508744,-0.06813552,-0.15810348,0.24589252,0.025977066,-0.10262737,0.0013316763,-0.055617724,0.06762327,0.07620588,0.20615199,0.12959379
TCGA-GM-A2DO-01A,0.07633532,-0.033632983,0.28029588,0.032591,-0.22153787,0.17556483,0.0034979489,0.065975696,-0.15773214,-0.035591815,0.1504101,-0.120607525,0.15314342,0.20758604,0.043050203,0.0069224825,0.1415063,0.2483082,-0.017342433,-0.23525456,-0.09167414,-0.039031565,-0.031852532,0.1310175,-0.03447714,0.09863132,-0.33113647,0.17880322,0.115315884,-0.13853456,-0.06793772,0.08418988,-0.33062172,-0.25117764,-0.017053042,-0.15761438,-0.117717765,0.022334224,0.027978692,0.08742921,-0.04736719,0.12105782,0.06129637,-0.14569412,-0.055268403,-0.08486538,0.10754024,-0.11604534,0.09213747,0.17100279
TCGA-E9-A1R4-01A,-0.04513186,0.07859055,0.18986316,0.16106246,-0.07972534,0.0100741815,-0.10657624,0.03586407,-0.1736254,-0.059153773,-0.12826571,-0.06281126,-0.016050894,0.12082685,0.09187133,-0.17916848,-0.05714136,0.27319384,0.041281812,-0.17241769,-0.14189412,-0.020230895,-0.13948195,0.16494313,-0.03155239,-0.10094903,-0.32054728,-0.19569108,0.053301547,-0.17167847,-0.06092655,0.17914937,-0.22876994,-0.17809264,-0.076051205,-0.2458969,0.047540557,0.14786626,-0.028775832,0.060800225,-0.061325245,0.2372622,0.041494373,0.04173336,-0.19601177,-0.032161176,-0.09245751,-0.082678385,0.27780563,0.17286195
TCGA-AO-A124-01A,0.01088612,-0.03325665,0.33870018,0.1494404,-0.250547,-0.013311383,0.05067434,-0.06987569,-0.15314312,-0.06889776,-0.13050874,-0.23007555,0.18892694,0.16103043,0.1922401,-0.03825287,0.177101,0.10896721,-0.024239302,-0.12056424,-0.15460962,-0.01982572,-0.11990906,0.13557047,0.048673846,0.0495418,-0.2713868,-0.03136774,0.057888255,-0.21106416,-0.0031239043,0.15545014,-0.1041665,-0.21662612,0.04190592,-0.2704195,-0.038012825,0.17450936,0.0361708,-0.019697556,-0.043580044,0.12650387,0.13254963,-0.20215073,-0.12840495,-0.12033373,-0.0013502397,0.04390289,0.09973171,0.20181403
TCGA-A2-A1FV-01A,-0.003942623,-0.026983242,0.15020189,0.12239497,-0.075839825,0.17021647,0.021412969,-0.010026522,-0.14429457,-0.0053138277,-0.13139573,-0.033798113,0.050810806,0.14114375,0.08697733,-0.027388442,0.0903763,0.08358688,-0.14640912,-0.12311557,-0.011293778,0.2457881,-0.08320705,0.045817684,-0.02722868,0.04529173,-0.38534954,-0.09315473,0.01644364,-0.33094552,0.009990649,0.1739558,-0.3582516,-0.2588188,-0.17218937,-0.10416362,-0.136051,0.055300858,-0.038323868,0.019367978,-0.14345862,-0.0027179068,-0.0046860334,-0.0043140864,-0.14068176,-0.14361942,-0.070534736,-0.05248341,0.27718812,0.17341846
TCGA-D8-A1JJ-01A,-0.15313609,0.07143194,0.13609286,0.081407174,-0.08955507,0.11698094,-0.050170824,0.14450826,-0.0909932,-0.104544125,-0.08670421,-0.043017652,-0.010239173,0.1287091,0.02814226,-0.048198216,0.055028826,0.09366555,0.03117189,-0.14924653,-0.15468521,0.033741795,-0.2448959,0.2199114,-0.07834542,-0.06859099,-0.35702616,-0.19764791,-0.097806066,-0.10594747,0.047942977,0.048735283,-0.29559252,-0.27662346,0.0035299468,-0.076950066,-0.07082454,0.10939584,-0.09841944,-0.034444522,-0.013137685,0.29199094,0.090466596,-0.14928329,-0.17164986,0.005116214,0.11572474,0.014828449,0.111086465,0.3354305
TCGA-GM-A2DM-01A,-0.15223412,-0.054451212,0.19729951,0.041280102,-0.27728423,0.05990583,0.008640416,0.07333861,-0.18089907,-0.10772211,-0.10074373,-0.07496789,0.15575068,0.16255085,0.008216255,0.0104892505,-0.10029012,0.31157017,0.0022471712,-0.27980253,0.061167035,0.06835098,0.002122976,0.1480788,-0.003953751,0.085021526,-0.2907314,0.05558388,-0.001137343,-0.19718105,-0.11162223,0.0062747756,-0.22235243,-0.15029268,-0.24777712,-0.08903031,-0.14669356,0.11600203,-0.0576866,-0.05574389,0.044662554,0.12027503,0.029083738,-0.1691612,0.057165843,-0.08044365,-0.11420222,0.14985764,0.24934171,0.19554967
TCGA-E2-A14N-01A,-0.15278794,-0.024966678,0.0963175,0.14272186,0.020918839,0.063861206,0.15946898,0.064416945,-0.04891644,0.07479451,-0.124535814,-0.024355214,-0.036059346,0.22504574,0.19276921,-0.057680734,0.09948952,0.17497088,0.1285165,-0.18698028,0.07071626,0.042903993,-0.036535125,0.16381283,0.12879844,0.011620275,-0.36564767,-0.14523168,-0.029884601,-0.29384154,-0.011154949,0.09707095,-0.14635755,-0.30883124,-0.10686009,-0.19809064,-0.06271681,0.14920042,-0.062954806,0.1257932,0.019206414,0.11521054,0.1369323,-0.066077925,-0.055571705,0.08132859,0.09623695,0.06308939,0.2822295,0.21834289
TCGA-BH-A1EU-01A,-0.068130806,0.21797167,0.091437936,-0.0023759797,-0.10017294,0.066069484,-0.010280113,0.050287455,-0.31545833,-0.03568551,-0.12127637,-0.07549904,0.10503429,0.17444023,0.058476206,-0.11156951,0.008698998,0.23928654,-0.019317884,-0.092218265,-0.035432413,-0.044444315,-0.13206936,-0.02455118,-0.008304533,-0.004799942,-0.25922453,-0.23020752,-0.025562622,-0.24408363,-0.10409971,0.2324413,-0.11760443,-0.37018856,-0.09280818,-0.19500388,-0.14092107,0.16338347,-0.055967636,0.110586375,0.047683444,0.16473688,0.15635125,-0.14949948,0.015073894,-0.029149638,-0.021670582,0.12079194,0.17866844,0.16541252
TCGA-E2-A1BD-01A,-0.22759032,0.11473171,0.19670637,0.06960863,-0.1842387,0.14115904,-0.08477014,0.015344432,-0.061868295,0.0028563892,0.02792051,-0.18384129,0.08996825,0.17759049,0.11146378,-0.20350523,0.095401295,0.1555131,0.0415822,0.099693365,-0.03946809,0.07587889,-0.041399892,0.04112677,-0.15488686,-0.13392958,-0.22497721,-0.11799144,0.025788227,-0.09615219,0.044374563,0.03348279,-0.2305729,-0.28165248,-0.13523848,-0.3899253,-0.033065088,0.098574094,-0.16277337,-0.050664347,-0.0018029148,0.18732029,0.12897682,-0.1571079,-0.17091313,-0.05994397,-0.054276012,0.1171348,0.20954864,0.103438236
TCGA-OL-A5RW-01A,-0.042340863,0.049691964,0.18013775,0.09628077,-0.061186783,0.17716993,-0.0197519,0.03805461,-0.16085856,0.08192303,-0.08299117,-0.08083221,0.016163204,0.26203468,0.17548089,-0.04862983,0.07327983,0.042523984,0.18532613,-0.15049861,-0.10622641,0.027089376,-0.055216454,0.095221736,0.05431069,0.022294063,-0.2937167,-0.12361691,-0.104242295,-0.19226237,-0.10252028,-0.027076548,-0.37042588,-0.19299036,-0.059260827,-0.18588492,-0.16023567,0.15893354,-0.017065382,-0.056117773,-0.1743265,0.22232218,0.11626509,-0.1281869,-0.2402567,-0.064645335,-0.001202716,0.14567287,0.2094059,0.11372826
TCGA-AC-A2QH-01A,0.041085552,0.1040588,0.16458654,0.13812928,-0.06409265,0.2137836,0.0064064767,0.09085937,-0.055499654,0.051495094,-0.121031225,-0.15205467,0.057319105,0.18299457,0.20085229,-0.05164649,0.06599528,0.15467805,-0.026814235,-0.05942029,-0.1070472,0.027083432,-0.058238715,0.042925578,-0.1052004,0.0062226355,-0.28639323,-0.12579904,-0.041402206,-0.27731395,-0.012599085,0.12941048,-0.18827246,-0.32980898,-0.08649544,-0.22480778,-0.11096487,0.10065839,-0.01006782,0.046305977,-0.08438238,0.30683625,0.20092404,-0.022301514,-0.08613173,-0.15290563,-0.11649267,0.081584536,0.20100525,0.212122
TCGA-E9-A1RD-01A,-0.117915496,0.13874799,0.24584214,0.10153193,-0.118841805,0.20154794,-0.1169081,0.091956384,-0.18440643,-0.2095649,0.012851494,-0.14507267,-0.004469685,0.19432685,0.01634736,-0.01837401,0.17090006,0.11438279,-0.14042807,-0.009327885,-0.19117703,0.00059013604,-0.014343482,0.05475152,-0.021818459,0.054052964,-0.28517726,-0.07603742,-0.049419187,-0.065639794,-0.11318146,0.083549485,-0.25109258,-0.18469606,-0.14476596,-0.18378052,-0.05442612,0.04329024,-0.0062915864,0.11544655,0.014010001,0.11848987,0.1568507,-0.21928106,-0.17511319,0.026560778,-0.14851458,0.041370507,0.24422713,0.3016733
TCGA-BH-A1F2-01A,-0.063224494,0.12574044,0.15574744,0.16478549,-0.1623095,0.027770396,-0.07901305,0.092366,-0.030285131,-0.048422582,-0.10047009,-0.041063536,0.16308732,0.28992197,0.027154539,0.03053851,0.10132506,0.35388762,0.037188116,-0.12487139,-0.00723103,0.10791406,-0.07728598,0.06482209,-0.10011438,0.06657173,-0.34833246,-0.21844585,0.15607701,-0.15773995,0.032395948,0.10463075,-0.20443586,-0.16219395,-0.12445848,-0.22810847,0.096250325,0.18619803,-0.17305271,-0.041146107,-0.035803247,0.097443335,0.048329826,-0.017709866,-0.07479953,0.008521663,0.0008650492,0.107373156,0.24027787,0.20216466
TCGA-C8-A26W-01A,-0.313902,-0.029760571,0.37689394,0.089352734,-0.14227268,0.05529449,-0.10489941,0.14067966,-0.17843176,-0.017874373,-0.15232937,0.083512,0.044162437,0.12008279,0.20246105,-0.016144184,0.16202322,0.2723092,-0.12520616,-0.0065802964,0.11024281,-0.108809486,-0.11203884,0.051739223,-0.016806157,0.09688192,-0.28162324,-0.02897214,-0.08676104,-0.14288309,-0.03707496,0.14882754,-0.1223468,-0.09798912,-0.10578469,-0.20932992,-0.14135097,0.039220147,-0.19156063,0.055374395,0.03986497,0.123065636,0.1482844,-0.11933709,-0.05850003,-0.14654304,-0.058471207,0.053658783,0.20753755,0.1084972
TCGA-AO-A0JI-01A,-0.06400919,-0.10703245,0.3151967,-0.057190694,-0.20884715,0.12637044,-0.04917617,0.10834735,-0.17706305,-0.006716605,-0.11372466,-0.108355746,-0.041762616,0.15366413,0.087262526,-0.11790668,0.13001026,0.25225052,-0.059074264,-0.040627163,-0.031126114,-0.10285372,0.09107777,0.14720842,-0.120522015,0.06000061,-0.28718543,-0.11938946,-0.103397615,-0.20696978,-0.12509376,0.17999426,-0.34929094,-0.1702656,-0.089524664,-0.15488964,-0.24089189,-0.015214503,-0.022733554,-0.034806196,0.0031030376,0.09278218,0.10674945,-0.14482732,-0.03562885,-0.113565534,-0.027749028,-0.12008166,0.16914757,0.13992576
TCGA-LL-A7SZ-01A,-0.041354652,0.08934655,0.24714041,0.118809976,-0.15562905,0.063459285,-0.040181726,-0.009408793,-0.1714929,0.0835905,-0.101487786,-0.08717423,0.112421535,0.29181814,0.071201235,0.007054368,0.0010119282,0.2532051,-0.076736234,-0.116968885,-0.17532924,0.022947906,-0.14741035,0.15524042,-0.058676984,0.0693864,-0.3266601,0.06890178,0.068169355,-0.17556898,-0.011589339,0.041356836,-0.22936599,-0.17043935,-0.031570796,-0.16108957,-0.17048393,0.21902478,-0.12485189,-0.07809854,0.06801235,0.044556167,0.09700832,-0.16844194,-0.1449895,-0.18314835,0.0024616423,0.06538422,0.24452588,0.19944769
TCGA-PL-A8LY-01A,-0.15452595,0.009423453,0.23172873,0.13316216,-0.111055166,0.2418684,-0.044365913,-0.034293532,-0.1424778,-0.18483777,0.021295251,-0.0035455602,0.0027792952,0.06632289,-0.06959291,-0.049114853,0.20079805,0.2692078,0.046618514,-0.2739949,-0.012431253,-0.029421294,-0.017093046,0.19101867,-0.045457177,0.099563755,-0.3128885,0.052276418,-0.029190859,-0.02374541,-0.053519655,0.06520822,-0.14490062,-0.26575255,-0.09197984,-0.08693069,-0.10341177,0.09487907,-0.20366156,0.07895995,-0.025254896,0.13528354,0.27432126,-0.13179468,-0.022985678,-0.13442,-0.036362845,0.09550922,0.17049527,0.26519886
TCGA-GM-A2D9-01A,-0.044402167,0.10809921,0.23582628,0.065889716,-0.16959265,-0.02977064,-0.026013546,-0.0011530288,-0.20605199,0.016253779,0.07944655,0.0867792,0.07991695,0.12846465,0.090455055,0.03999301,0.12715156,0.19295411,-0.15551658,-0.24338445,0.03188323,-0.09271997,-0.07663931,0.15226534,0.0411108,-0.15523824,-0.37099043,-0.07723545,-0.002732559,-0.20695154,0.08028267,0.10055507,-0.22551104,-0.3085903,-0.06278124,-0.21874236,-0.21248797,-0.08598258,-0.09834428,-0.036352392,-0.0014399487,0.09816531,0.1477827,-0.11152737,-0.15180756,-0.12253915,-0.12413458,-0.06535829,0.094964094,0.17454332
TCGA-B6-A2IU-01A,-0.10957311,-0.019669889,0.10007454,-0.06834152,-0.2627529,0.16151069,-0.0051950193,0.064436555,-0.13948886,-0.041330397,-0.045532614,-0.1650054,0.059186604,0.10165305,0.038030308,-0.00055747107,-0.023603931,0.3121139,-0.04951839,-0.32074767,0.0701201,0.034710467,-0.026374876,0.035977393,-0.0384948,-0.17706579,-0.4075146,-0.14183716,-0.120096825,-0.29967907,-0.04046049,0.043505903,-0.16270122,-0.1279861,0.054017466,-0.1607773,-0.0009170747,-0.120163284,-0.13494094,0.056127563,-0.04617969,0.08889845,0.098469324,-0.24140917,-0.0075832605,-0.047127184,-0.04327219,0.09684,0.19682188,0.17882031
TCGA-A7-A5ZX-01A,-0.18395272,-0.003289031,0.27660784,-0.034192942,-0.2469675,-0.02480408,-0.12710516,0.03172764,-0.018247493,-0.0351091,-0.0037006005,-0.09833434,0.0067449203,0.22506364,0.029799726,-0.15491009,-0.03202122,0.31386343,-0.08164847,-0.14064354,0.03603556,-0.1601584,0.020425105,0.21753141,0.045115862,-0.033546183,-0.2502558,0.00081035995,-0.089662045,-0.041663095,-0.2662654,0.049052987,-0.13456443,-0.3445889,-0.09862627,-0.15138772,-0.03976688,-0.014377474,-0.11810938,0.100322604,-0.18780184,0.029031761,0.22782932,-0.09286173,-0.07233767,0.012233427,0.007518357,0.09062116,0.19884805,0.16792278
TCGA-AN-A0XO-01A,-0.26261863,0.047216862,0.26772672,-0.035451405,-0.06908887,-0.050314732,0.07267266,0.1309587,-0.13901496,-0.04082758,-0.07370127,0.0066191596,0.06560602,0.13099413,0.20941228,0.051849317,0.097703785,0.12631755,0.07769161,-0.36974958,-0.0073353415,-0.03951204,-0.052870937,0.017002443,0.060216658,-0.031972535,-0.3839588,-0.09615416,-0.002235465,-0.07284994,0.0074107028,0.2687776,-0.16425174,-0.29710782,-0.15619941,-0.18176495,0.013864455,-0.0073630014,-0.027210774,-0.094614275,0.025861714,0.094114244,0.097382985,-0.19393004,-0.09859948,-0.101544,0.018989107,0.0051330966,0.23624572,0.06558394
TCGA-EW-A1IY-01A,-0.16394109,0.03560769,0.12709855,0.09203681,-0.080378644,0.13462546,0.0066697598,0.14856075,-0.29515484,-0.12562746,-0.04311574,-0.07637834,0.1380622,0.12279168,0.11086522,-0.09902499,0.24159315,0.13733459,-0.068058856,-0.10759795,-0.036243323,-0.09247613,-0.10445625,0.07404055,0.0035525193,0.05559899,-0.24264467,-0.008465056,-0.07573581,-0.21948116,-0.20584384,0.20615198,-0.23936383,-0.24090824,-0.1688795,-0.17577703,-0.1599331,0.08021346,-0.012786729,0.11892126,-0.07783956,0.16386542,-0.022257216,-0.2120778,-0.12787466,0.08591214,0.006764289,0.13373359,0.21221325,0.16440366
TCGA-B6-A0RI-01A,-0.15894245,0.05046301,0.11333896,-0.018920152,-0.050570324,0.2009283,-0.022793677,0.069981396,-0.14076498,-0.16947952,0.016694715,-0.14849538,0.051804367,0.12737031,0.25087357,-0.07135138,0.11900971,0.18317398,-0.121474236,-0.1869976,-0.054023396,-0.083815396,-0.11689703,0.17171767,-0.12876005,0.09912752,-0.42080003,0.031903457,-0.007299294,-0.20266026,-0.087158106,0.086985745,-0.25831175,-0.13056393,-0.07560899,-0.27427635,-0.16320829,0.07582952,-0.07646488,-0.061881132,-0.07033295,-0.12178998,0.062786125,-0.028839378,-0.08749384,-0.09612154,-0.12506895,0.016102139,0.22404814,0.16490074
TCGA-BH-A0HB-01A,-0.115047775,0.016843645,0.08310289,0.010327538,-0.2472185,0.1718163,0.0025855405,-0.018197779,-0.14805596,0.04450376,-0.119236805,-0.19669731,0.08473258,0.34766853,0.19308497,-0.18818949,0.21674103,0.12637985,0.0149462605,-0.19862142,-0.0686145,-0.07564523,-0.07992007,0.012503206,-0.11901312,0.009344695,-0.32544744,0.11962533,0.015322334,-0.069702685,-0.10887558,0.12448914,-0.24903822,-0.23075283,-0.093391016,-0.25124925,-0.06950277,0.0015685073,-0.18791445,0.07403888,-0.05449527,0.0048460206,0.07816381,-0.10306009,-0.035682797,-0.045418654,0.029821979,-0.09873664,0.14450595,0.19259472
TCGA-EW-A1J2-01A,-0.2533881,7.8297795e-05,0.19355896,-0.038141694,-0.11394768,0.13338594,-0.03731558,-0.00047215246,-0.114296116,-0.18735787,-0.20196585,-0.016554473,-0.042498525,0.105571285,0.08067332,-0.12631889,0.14664157,0.24588467,-0.0116131585,-0.2961613,-0.088912696,-0.054064803,-0.16754612,0.054684456,-0.04282881,0.00022376268,-0.19720004,-0.10045166,-0.020672206,-0.11943052,0.00480551,0.15576123,-0.23194075,-0.24743119,-0.08794447,-0.29654247,-0.059305616,0.0767539,-0.10675628,0.0805956,-0.14157619,-0.034095466,0.11599164,-0.2530464,-0.09398378,-0.18163222,-0.026074851,-0.048075177,0.2376985,0.02391133
TCGA-BH-A0B9-01A,-0.059277583,-0.059606094,0.19678128,0.10483016,-0.09447439,0.19645615,0.19959867,0.08585972,-0.04621913,-0.01930071,-0.05428962,-0.06240544,0.0426965,0.25896505,0.1611738,-0.08124754,0.19841859,0.21042682,-0.13789544,-0.13698944,0.043704223,-0.07774209,-0.10825865,0.18650365,-0.024018355,0.051645268,-0.1942104,0.073775336,0.06865695,-0.0989203,-0.12348317,0.10521462,-0.15599823,-0.32197794,-0.065224126,-0.20350897,-0.027217062,0.17717083,-0.16863532,0.07343174,-0.106834345,0.016598625,0.24476506,-0.086603425,-0.09965086,-0.09727759,0.08819531,0.15963545,0.24702258,0.20531544
TCGA-BH-A201-01A,-0.13437612,-0.025509436,0.13381149,0.11358783,-0.08710828,0.12958647,0.012797389,0.004739619,-0.17951228,-0.024733678,0.100573845,-0.042696685,0.06877559,0.15653023,0.16651687,-0.26972046,0.18594414,0.13632643,-0.0015447069,-0.13860372,0.101721875,0.11723708,0.05379403,0.1390508,-0.055453505,0.15974975,-0.32588065,0.024874529,-0.124844745,-0.08538132,-0.025180224,0.14771222,-0.16081989,-0.12712191,-0.14656208,-0.25873202,-0.007698183,-0.12639216,-0.18275774,-0.016966693,-0.031874407,0.22721876,0.20304233,-0.2605064,0.0074702334,-0.17030755,-0.10023604,0.09672192,0.2063336,0.13805981
TCGA-BH-A0C0-01A,-0.14669448,0.17288695,0.2537378,0.106031194,-0.07999456,0.14441139,0.06389466,0.09701929,-0.12479801,0.034861647,-0.10267756,-0.13301398,0.08949627,0.31904325,0.12191174,-0.1366138,0.0312598,0.10883708,0.015033659,-0.25306666,-0.113113664,-0.025781052,-0.06516218,0.16758277,-0.017118722,0.05022278,-0.2151804,0.051023103,-0.021676788,-0.19644599,-0.06732946,0.0971544,-0.21050118,-0.22376165,0.0022662203,-0.18910664,-0.14272039,0.17547242,-0.023041148,-0.075435236,-0.07472694,0.08086944,0.1524893,-0.14540088,-0.21263704,-0.03320685,-0.0908703,0.20083858,0.2584797,0.10228987
TCGA-BH-A0HP-01A,-0.066407636,0.09061984,0.2834875,0.066686384,-0.061450295,0.042613823,-0.03218902,0.034091573,-0.07027443,-0.21152155,-0.008405164,-0.0033119204,-0.05276826,0.26340294,0.09363214,-0.0766516,0.15480517,0.19488907,-0.09299304,-0.082127735,0.11180757,-0.12971161,-0.21758048,0.051022213,0.088584416,-0.05628254,-0.36237055,-0.12357537,0.01238163,-0.12657118,-0.099267185,0.0863346,-0.15722413,-0.25579807,0.033562966,-0.11862307,-0.069073655,-0.119532704,-0.11607086,0.1247294,-0.22351038,0.14163075,0.10592898,0.03972226,0.022258598,-0.10598976,-0.106394425,0.12812245,0.34643227,0.121585906
TCGA-D8-A1XL-01A,-0.13621576,0.1328526,0.243553,0.16317245,0.013770722,0.16365096,-0.046233978,0.1421057,-0.10281425,0.032555316,-0.12775056,-0.014992196,0.081838846,0.25579995,0.20133549,-0.0995958,0.13620132,0.04878007,0.07705976,-0.058328915,-0.18958426,0.017421672,-0.042623144,0.038713407,-0.029539997,0.06157786,-0.4061841,-0.019362332,-0.013618915,-0.20505933,-0.0064407,0.18572733,-0.15927641,-0.14536668,-0.14705656,-0.1966313,-0.2078821,0.059785113,-0.16173074,0.0716053,-0.040961277,0.19161026,0.03334598,-0.06416427,-0.2916092,-0.09210253,-0.05500531,0.04839444,0.13917632,0.12007595
TCGA-BH-A1FC-01A,-0.12661822,0.09104433,0.29748923,0.18940592,-0.06960093,0.15726118,-0.09246968,0.052574344,-0.04976472,0.0022149258,-0.05949228,-0.14323953,0.016380467,0.19232632,0.13303909,0.10146957,-0.025772404,0.19249919,0.0117051,-0.13345142,-0.038224213,0.105540305,-0.062882125,0.05818,0.027669676,-0.03833815,-0.25580597,-0.03439104,0.029899767,-0.16542858,-0.05753489,1.903513e-05,-0.13624465,-0.28259766,-0.071240485,-0.25125876,-0.13737965,0.16402376,-0.16004273,0.0068504116,-0.08894977,0.28866506,0.17704205,-0.120473824,-0.13004602,-0.0676572,-0.1104085,0.08936914,0.22978367,0.27011037
TCGA-BH-A0W4-01A,-0.15626854,-0.101393536,0.0013673216,0.080826856,-0.06717804,0.096417814,-0.15440518,-0.03147908,-0.1384995,-0.08500972,0.019479832,-0.100349404,0.083134,0.16584152,0.13971193,-0.0668665,0.016107688,0.12421921,-0.09012929,-0.18359911,0.0110283075,0.0043177796,-0.25610712,0.15050088,0.0707687,0.15962553,-0.40081978,-0.2345534,-0.046259258,-0.029300924,-0.026069831,0.17724103,-0.21304978,-0.22228938,-0.23643734,-0.22762835,-0.13976039,0.1909707,-0.12924553,0.020687705,-0.0136104245,0.05339432,0.13312125,-0.2161935,0.05324951,-0.15638874,-0.071296394,0.094441675,0.114265405,0.01412532
TCGA-AC-A7VB-01A,-0.027182437,-0.091441855,0.27626836,0.03266803,-0.23758096,0.09688756,-0.047773913,-0.00059666764,-0.17208934,-0.018425655,0.037676476,-0.058645792,0.04346651,0.25195968,0.19727772,-0.004016944,0.18131071,0.30576402,-0.101210944,-0.14071752,-0.058536295,0.021884143,0.044112183,-0.028935907,0.032658618,0.029356204,-0.32627285,-0.09208494,-0.103329726,-0.2349196,-0.037232522,-0.07644448,-0.27458182,-0.30250698,-0.040267915,-0.19897866,0.093350984,0.015399852,-0.04544286,0.010800583,-0.041253924,0.10524482,0.090530045,-0.08478641,-0.048637535,-0.048815887,-0.06621517,0.04429667,0.2757257,0.13668205
TCGA-EW-A1OX-01A,-0.1620627,-0.05129048,0.22982362,0.096325755,-0.09047177,0.06783034,0.050669864,0.083656535,-0.06454676,-0.029423892,-0.12395013,-0.07202379,-0.14186844,0.19507517,0.34215313,-0.0053215893,0.06381356,0.17290516,-0.15199389,-0.10069203,-0.00076550565,0.20609485,-0.14475873,0.075958416,0.053183645,0.12441618,-0.2611988,-0.015565723,0.027148036,-0.20895861,0.07529327,-0.0054987785,-0.25719687,-0.23392853,-0.18122855,-0.16775231,0.044832364,0.05474334,-0.058720812,-0.017784463,-0.00017946074,0.10546015,0.022320332,-0.2550654,-0.10863235,-0.1609685,-0.022981092,0.18973376,0.26378268,-0.037178427
TCGA-AO-A128-01A,-0.1553677,-0.09285702,0.245872,0.17145163,-0.22161607,0.265371,-0.022203723,-0.038566183,-0.18713424,-0.1155005,-0.10233012,-0.13939779,0.18701819,0.26935372,0.102476336,-0.042630844,0.0033576528,0.19080539,0.08472305,-0.14282678,-0.017816998,-0.09204396,-0.040231198,0.16913357,-0.09357999,0.035257287,-0.27530494,-0.045773372,-0.12411928,-0.17637926,0.045608,0.1975763,-0.14039098,-0.21846098,-0.08452401,-0.15348926,-0.032817945,0.044470496,-0.10920251,-0.06784449,-0.05544761,0.18648057,0.16051951,-0.14843415,-0.007390222,-0.051484812,-0.0024525095,0.08581399,0.16824195,0.19361088
TCGA-C8-A26Y-01A,-0.12031741,0.13602999,0.26333398,0.20722988,-0.077307016,0.10289914,0.14869578,0.26193598,-0.120818004,-0.0703311,-0.16927719,-0.09391143,0.059402302,0.25894466,-0.019551799,-0.19340962,0.040221147,0.21510763,0.002361023,-0.059491716,-0.03613211,-0.009513641,-0.07384939,-0.013501383,-0.04047406,0.094507165,-0.32153943,0.051101625,-0.024140645,-0.15504955,-0.01720315,0.18710794,-0.10712531,-0.17519914,-0.11080754,-0.11738579,0.019622529,0.026728494,0.027776834,-0.031953264,-0.2619946,0.13619745,0.15783578,-0.12800187,-0.17188595,-0.109857954,-0.060850177,0.04657948,0.13496876,0.2859778
TCGA-BH-A0B5-01A,-0.31639984,0.10990827,0.15979227,0.11806918,-0.17579727,0.1376308,0.06937605,-0.017795578,0.0038686956,-0.07819501,-0.15640835,-0.109743655,0.012397789,0.2841791,0.06632699,-0.023053434,-0.032077584,0.15119688,0.03929041,0.009356238,0.003791142,0.1220295,-0.08437107,0.028417327,-0.017423322,0.0315718,-0.30759397,-0.29153422,-0.16588457,-0.013625669,-0.15977705,0.054776862,-0.14156736,-0.23397341,-0.049165312,-0.27871832,-0.084940955,-0.040194653,-0.16519703,0.0014082728,-0.10269196,0.18615013,0.12264156,-0.10413114,-0.087399915,-0.004837314,-0.17256573,-0.0442756,0.236397,0.14837502
TCGA-B6-A0RN-01A,-0.19868861,-0.050773393,0.22537464,0.10326494,-0.16837277,0.16829719,0.0035555037,-0.017195553,-0.20301992,-0.05580004,-0.09730038,-0.08936165,-0.011979879,0.13435751,0.14671718,-0.13906987,0.051659834,0.18764412,-0.0736556,-0.17627737,-0.079455696,-0.14558983,-0.07890399,0.12500839,-0.049850818,-0.07522814,-0.31246734,-0.1131159,0.05677026,-0.060500305,-0.12470539,0.02588271,-0.3143336,-0.29868558,-0.19558617,-0.23621769,-0.01690549,0.12791078,-0.039699633,-0.075733036,-0.054085594,0.15898712,0.064505436,-0.058022093,0.10294665,-0.21070509,-0.15175319,0.031977996,0.18009335,-0.0006692307
TCGA-E9-A1NE-01A,-0.0713893,0.0313267,0.37761334,-0.006920645,-0.05320904,0.042639766,-0.043092407,0.11463404,-0.14576645,-0.052018795,-0.0705964,0.051737603,0.0073269675,0.29039252,0.14145121,-0.12961106,0.24172913,0.085871816,-0.04993196,-0.30344793,-0.19987115,-0.102875575,-0.053351935,0.086786695,0.036730114,-0.027434105,-0.40251783,-0.028274376,-0.019707086,-0.1766368,0.054500453,-0.022307621,-0.09373171,-0.15813968,-0.091878615,-0.1677776,-0.076497555,0.037504505,-0.13431066,0.044685427,-0.004031423,0.084516175,0.22226739,-0.18112692,-0.06578903,-0.045518316,-0.10518353,0.1513721,0.16484308,0.054436874
TCGA-AR-A1AN-01A,-0.16000596,0.09908617,0.21641426,0.11302812,-0.020747874,0.14682731,0.024388723,0.1302561,-0.1280655,-0.0931705,-0.17754266,-0.19525276,-0.012170591,0.25286046,0.1291248,-0.02613901,0.18828125,0.21863699,-0.119515345,-0.099834956,0.028541798,0.028016929,-0.08022563,0.24541949,-0.0999442,0.04028678,-0.34169158,-0.0686176,0.15330355,-0.109800026,-0.072817676,0.1310873,-0.20607284,-0.32037947,-0.02349725,-0.16760398,-0.09395664,0.02770976,-0.06898341,0.015534392,0.00049276394,0.06803395,-0.0007855926,0.05184595,0.099175684,-0.07777338,0.040891092,0.076111585,0.29616147,0.125045
TCGA-E9-A1RA-01A,-0.024276616,0.022548072,0.149708,0.06976726,0.007337252,0.16919088,-0.066330254,-0.11732305,-0.102041505,-0.086690284,0.10706353,-0.0038587307,0.21855392,0.17515272,0.1482805,0.032992613,0.10854776,0.16569954,-0.056324594,-0.14452676,-0.11148719,-0.0764434,-0.24157421,0.16649072,-0.065946534,0.03692032,-0.36954108,-0.20832102,-0.017736787,-0.16986328,-0.026458066,0.049388114,-0.26112995,-0.27882743,0.004693738,-0.16006507,-0.046588656,0.039265167,-0.15158564,-0.06742249,-0.06273887,0.12758335,0.2080495,-0.1901496,-0.10302396,-0.08545249,-0.078725845,0.12694839,0.18053228,0.18148474
TCGA-AC-A8OR-01A,-0.009458544,0.062081322,0.18159711,-0.02079396,-0.1811827,0.056842636,-0.037027232,0.029511208,-0.21313359,0.056420166,-0.13208826,0.020701835,0.08109172,0.12658168,0.059193894,0.011535587,0.1888786,0.2508108,0.010434262,-0.21384369,0.040407777,0.0713828,0.0034815473,0.03165628,0.062445443,-0.054950144,-0.30156702,0.06585959,-0.07104517,-0.05149263,-0.086155996,0.1522523,-0.37399825,-0.25600275,-0.16227615,-0.12041357,-0.029958045,0.10821803,-0.120288745,-0.023290584,-0.054151077,0.15067516,0.23890734,-0.09934549,0.093910865,-0.20599473,-0.13512488,0.085635304,0.19878884,0.23696582
TCGA-S3-A6ZF-01A,-0.105022594,0.05099665,0.32306167,0.09217262,-0.09392621,0.0031449122,-0.0147699425,-0.048620712,0.030354753,-0.09187429,-0.065951996,-0.09261227,0.019327179,0.2504124,0.021299439,-0.08753913,0.025922133,0.18157054,-0.023895971,-0.14067052,-0.0034730174,0.11348947,-0.11305432,0.1170338,0.051443227,-0.054130513,-0.42720696,0.033565745,0.02614646,-0.2939891,-0.10391681,0.10801506,-0.13588826,-0.24696961,-0.06559628,-0.08113806,-0.16729084,0.1597641,-0.117897145,-0.1272883,0.018972207,0.21961501,0.116724364,-0.1453122,-0.22086293,-0.20292507,-0.10097499,0.0817597,0.032997496,0.10597057
TCGA-AR-A1AR-01A,0.014361858,-0.04537535,0.18566361,0.09070226,-0.11013033,0.14122495,0.05614062,0.053469907,-0.22274382,0.00042696402,-0.048476987,-0.06262138,0.101246074,0.20091595,0.13424729,-0.07858531,0.23922224,0.20984249,0.011990119,-0.24002999,-0.009813156,0.0061597712,0.05419213,0.056102615,-0.17783412,-0.028269053,-0.31122354,-0.052297633,0.05987931,-0.2693205,-0.018400418,0.23468973,-0.09739051,-0.31801763,0.005058156,-0.22528823,-0.10021196,0.14500602,-0.104157686,-0.1343506,-0.12865542,0.016439397,0.15826763,-0.09338482,0.021853724,-0.030544885,-0.0061205495,0.03396429,0.25329977,0.13687116
TCGA-A2-A0EU-01A,-0.05004404,0.29470265,0.10774086,0.087593384,-0.1710018,0.23150617,-0.0076161963,-0.060958494,-0.2581356,-0.025438517,-0.112418726,-0.13532718,0.008203985,0.16870627,0.1408059,-0.044549707,-0.0811634,0.13848779,0.035727106,-0.1444097,-0.0006012926,0.04969512,-0.13197355,-0.03845722,-0.009557992,0.003966387,-0.23889382,-0.17291886,-0.07719068,-0.09570374,-0.022804687,0.067233115,-0.22787674,-0.24574403,-0.034090277,-0.26490307,-0.035620924,-0.03440219,-0.16448344,-0.006912998,-0.06321403,0.2828195,0.09439076,-0.081737086,-0.20763564,-0.079582796,-0.0021222064,0.20910642,0.13798483,0.2338481
TCGA-AC-A6IW-01A,-0.04909053,-0.12390135,0.28232458,-0.063331924,-0.097879425,0.21181224,-0.03526085,0.15213037,-0.20483392,0.059468403,-0.07424078,-0.023166576,0.08261844,0.25505564,0.11526104,-0.11592163,0.18011971,0.17417659,0.06729452,-0.16878872,0.046765197,-0.063067675,-0.022778062,0.16473062,-0.006038167,0.1466785,-0.27753064,-0.080626,0.016845927,-0.18518661,-0.07750066,0.11683731,-0.14017737,-0.31212828,-0.010794443,-0.17605855,-0.024494005,-0.025079343,-0.08402145,-0.0050771586,-0.11906391,0.18266937,0.13540311,-0.1700491,0.0011033192,-0.01002539,-0.023400756,0.19971372,0.15976225,0.251518
TCGA-BH-A0DG-01A,-0.20423959,0.017513936,0.23033337,0.07041803,-0.20544796,0.07244905,-0.028768307,0.17340244,-0.17743468,-0.07731814,0.018373754,-0.17970279,0.11985779,0.20529598,0.15093753,0.016667202,0.01946138,0.20295493,0.01908542,-0.2169869,-0.047755614,-0.11254065,-0.13569081,0.32963997,-0.12992646,-0.054333664,-0.33488438,-0.019317351,0.0007340531,-0.2607904,0.011473565,0.11085887,-0.11050812,-0.21921973,-0.23860623,-0.08478644,-0.08936363,0.10913226,-0.023099547,-0.057335086,-0.00052618294,0.0040140226,0.19443142,-0.08885129,0.018168684,-0.07901738,0.02855214,0.06030661,0.13846813,0.0640556
TCGA-D8-A27N-01A,-0.056015506,-0.080680124,0.31118703,-0.011784871,-0.09839681,0.041703984,-0.07366215,0.08869789,-0.107180625,-0.037878588,-0.14609464,-0.081027605,0.10698486,0.2488369,0.15335436,-0.11190765,0.054449845,0.17749868,-0.07647635,-0.22322285,0.008165193,-0.0748893,-0.014457868,0.09361855,-0.11264038,0.018350367,-0.36775962,-0.16639459,-0.0072463946,-0.09580053,-0.11081614,0.13617672,-0.13432838,-0.1861942,-0.20978384,-0.23708835,-0.08581062,0.0038856363,-0.03292655,0.024596592,-0.045081235,0.11836345,0.14290069,-0.04163257,-0.056015614,-0.23612922,-0.028162086,0.053082358,0.3392292,0.14084116
TCGA-E9-A1N8-01A,0.014107383,-0.048542313,0.22798394,0.1843459,-0.03327942,0.061149906,0.17265981,-0.008268467,-0.21313804,-0.01701045,-0.054718982,-0.19522701,0.004791615,0.15921417,0.16257575,-0.050310634,0.18999931,0.084043056,-0.11016667,-0.111005865,-0.011074129,0.027645735,-0.18156491,0.06250985,0.044786565,-0.03628561,-0.3364183,0.116745256,-0.007946436,-0.20436093,-0.05775926,-0.011721378,-0.13003513,-0.175874,-0.23618056,-0.24683237,-0.04839041,0.049019936,-0.16717118,-0.10110049,-0.10630707,0.16895811,0.20513768,-0.09525446,0.059732348,-0.1949559,0.010144453,0.091535605,0.23105322,0.22995867
TCGA-BH-A28Q-01A,-0.009686715,-0.041792434,0.18215075,0.16739751,-0.073340416,0.04601733,0.021470428,0.016331302,-0.18306969,-0.18578394,-0.008259293,0.011478092,0.14751758,0.12834534,0.056941383,-0.26668775,0.08584598,0.14090827,0.0011546076,-0.2544853,0.1273135,-0.14978056,-0.07405735,0.023824096,0.019304408,0.04940392,-0.3292606,0.06897964,0.03903311,-0.13828838,-0.06334297,0.10104717,-0.22301862,-0.23842436,-0.2051213,-0.2202675,-0.012667618,-0.06778715,-0.07847144,-0.04249158,-0.033740968,0.067962535,0.14164712,-0.19773547,-0.10801301,-0.1436682,-0.11254966,0.096756436,0.34012288,0.1246282
TCGA-AR-A24N-01A,-0.20737983,0.058054503,0.19667192,0.030484812,-0.15572187,0.11978671,-0.038680356,0.0005343472,-0.10923045,-0.1638436,-0.17332943,0.052501503,0.035571013,0.08919564,0.16049677,-0.15239817,0.1321148,0.23264438,-0.02382901,-0.32922494,-0.08306799,-0.044302274,0.051331688,0.058690935,-0.1093342,-0.07400181,-0.1852363,-0.05451307,-0.050619464,-0.06546129,-0.1369801,0.09758698,-0.21564995,-0.36973503,-0.037729297,-0.20619664,-0.12896402,0.012456583,-0.02703213,0.06974152,-0.033288036,0.026893487,0.13195582,-0.16566068,-0.108642355,-0.26723608,-0.08800739,0.10277231,0.21120714,0.1282981
TCGA-BH-A0H0-01A,-0.0007553963,-0.100408316,0.24998862,0.11609125,-0.31808046,0.19380704,-0.06612805,-0.03143641,-0.19096865,-0.116966516,-0.12220218,-0.14428341,0.080359876,0.12064359,0.18023293,-0.10984165,0.04288646,0.25645688,-0.17267106,-0.14010748,-0.09177884,-0.04924208,0.03225478,0.04630539,0.07141274,-0.02363599,-0.32239518,-0.09198549,-0.02810192,-0.08742458,-0.10196297,0.19047935,-0.1553061,-0.12853841,-0.075382195,-0.13544664,-0.030313415,0.0751848,-0.17237481,-0.015280887,-0.08510459,0.06042521,0.26005107,-0.065873936,0.02275581,-0.13009566,-0.011267117,0.016835012,0.29071358,0.1664697
TCGA-B6-A0RU-01A,0.0039594267,0.014052023,0.18166745,0.13250719,0.023317229,0.11772469,0.11620388,0.13763118,-0.13799042,0.054001123,-0.09296574,0.055360947,-0.0029102755,0.21776457,0.031636655,-0.07311423,0.078919955,0.20441802,-0.107502304,-0.32003152,0.11446386,0.024067275,-0.04709396,0.17838737,-0.1715075,-0.002394048,-0.33415237,-0.0049056504,0.10414659,-0.1254812,-0.004535098,0.0715821,-0.23506807,-0.26960665,-0.13065001,-0.28276476,-0.06604217,-0.03854366,-0.13275294,0.083579205,-0.15401034,0.2044106,0.21134557,-0.07981988,-0.050765224,-0.054439817,0.050277077,0.12311615,0.10841958,0.15948538
TCGA-A7-A6VX-01A,-0.06991905,0.04569585,0.35855028,0.022715924,-0.09968012,0.050411146,0.01995462,0.04098099,-0.16015333,-0.078622945,-0.1177679,-0.1325453,0.14788546,0.2439215,0.10788051,-0.0946165,0.122950196,0.18220368,0.04294102,-0.045758944,-0.058479525,0.11141632,-0.0328841,0.23539422,-0.124057256,0.013124097,-0.25125685,-0.20458168,-0.058703307,-0.110390075,-0.136239,0.043676507,-0.26080593,-0.20922574,-0.06486735,-0.19857188,-0.09046185,-0.005115934,-0.19322982,-0.06758445,-0.038597725,0.17747489,0.10571856,-0.1518216,-0.16623211,-0.2140517,0.032955907,0.006045267,0.14805757,0.18353657
TCGA-AR-A252-01A,-0.053005498,0.008371676,0.23658843,0.19116841,-0.012751486,0.13149661,-0.0051668654,0.013254055,-0.05547736,-0.13618451,-0.08485214,-0.023467304,0.11547101,0.23966269,0.05144659,-0.12529771,0.080645956,0.1778101,0.11761947,-0.08369295,-0.14687778,-0.096139394,-0.068672344,0.020019151,-0.060420997,0.06331965,-0.29948995,-0.074371815,-0.21936263,-0.18129292,-0.12788883,0.10724762,-0.24269979,-0.2906576,-0.024694419,-0.14071308,-0.048094384,0.16166565,-0.16661434,0.016941447,0.14052291,0.11350604,0.13867885,-0.16010731,-0.012495296,-0.05358737,-0.10362529,0.16118951,0.2001386,0.29023984
TCGA-A2-A1FZ-01A,-0.08867457,0.09447537,0.15050691,0.07958988,-0.20681052,0.17153613,-0.099293195,-0.04976406,-0.18894543,0.040106554,0.0024350914,-0.11217866,-0.0045605814,0.170364,0.16673508,-0.08363394,0.19119075,0.29277715,-0.09758915,-0.2268812,0.16527839,-0.029366283,-0.16392519,0.15870102,-0.006962195,0.07663421,-0.22178484,0.057229448,0.055005662,-0.14684236,0.011946552,0.031465277,-0.23054612,-0.2925738,-0.06961882,-0.10145667,-0.1419767,0.0038657167,-0.10363598,-0.03887117,-0.12148937,0.057535,0.085156925,-0.16663042,-0.07676107,-0.05349627,-0.014691937,0.12435883,0.32279053,0.20077284
TCGA-B6-A0RS-01A,-0.10885253,0.06431098,0.29446694,0.007469128,-0.08758721,0.23387395,0.038819067,0.03653148,-0.1175186,0.020908838,-0.019828744,-0.035799842,0.15238142,0.18988045,0.12940666,-0.03421325,0.036770113,0.1771732,0.049855214,-0.20114718,-0.15575136,0.009438757,-0.06651612,0.07447551,-0.078935154,-0.063873015,-0.27516443,-0.06616539,-0.053503875,-0.23825558,-0.05669757,-0.014246692,-0.16744767,-0.28293604,0.11347912,-0.24771474,-0.08732235,0.16011745,-0.12308643,0.03135912,0.030154163,0.21093933,0.061389603,-0.09809521,-0.13396233,-0.014339502,-0.039877277,0.21823949,0.1634677,0.30141714
TCGA-E2-A9RU-01A,0.02811162,0.058968246,0.23736326,0.10357741,-0.01858768,0.18527758,-0.04863401,0.03552578,-0.04591003,-0.074883595,-0.10129885,-0.088921875,0.09133234,0.2663211,-0.029420132,-0.103329234,0.038795687,0.18195097,0.07165851,-0.0031238878,-0.103581786,0.13710164,-0.19487977,0.07506953,-0.03401283,0.015491803,-0.24207318,0.024884356,-0.011582588,-0.19794355,0.058315154,-0.105652444,-0.18857704,-0.29961333,-0.045213602,-0.21940237,-0.17453697,0.10370224,-0.19791776,-0.15317148,0.017807933,0.13537964,0.10054042,-0.21987489,-0.19729197,-0.14869118,0.04138955,0.13407822,0.118608415,0.3082641
TCGA-Z7-A8R6-01A,-0.20863383,0.11007918,0.28621247,0.10027855,-0.25270668,0.121304415,-0.10845548,0.07090208,-0.1595516,0.026613515,0.015355739,-0.08242735,-0.12200826,0.1828954,0.17410363,0.06639529,-0.0010185726,0.055542614,-0.15183589,-0.10454766,0.030412817,-0.11951711,-0.19982114,0.024774065,0.13618036,-0.06213824,-0.37195945,-0.025416322,0.066296,-0.09136822,0.052262302,0.17086782,-0.23065183,-0.13400629,-0.17869687,-0.17047001,-0.14115763,-0.032023177,-0.09488377,0.02685034,-0.11338534,0.24831176,0.119865514,-0.10232,-0.08857911,-0.09447007,-0.051069327,0.06961561,0.23546088,0.0045630173
TCGA-E9-A22G-01A,0.03119157,-0.03989485,0.22734769,0.25735238,-0.028937919,0.24270631,0.26432207,0.07574669,-0.030654013,0.02743274,-0.12100284,-0.12668717,0.03188082,0.28590834,0.19670898,0.007963795,0.1447135,0.18715835,-0.103404656,-0.107736014,0.1095881,-0.12985356,-0.048784122,0.172652,0.010900107,0.04541316,-0.2629642,-0.065083824,-0.008143111,-0.10692549,-0.12797374,0.077542745,-0.16803043,-0.35568097,-0.08121446,-0.21270229,-0.09676608,0.038602974,-0.13148336,0.046988294,-0.08447294,0.060063794,0.052771848,-0.101060934,-0.031141758,-0.11842442,0.11791228,-0.008242264,0.16262119,0.15937178
TCGA-V7-A7HQ-01A,-0.17656167,-0.15805154,0.26666033,0.18052807,0.0018228107,0.06867029,-0.09716638,0.03997619,-0.06931154,-0.076845884,-0.18674295,-0.040426172,0.036584906,0.14468765,0.075142115,0.04953483,0.0481261,0.22322634,-0.163046,-0.1393967,-0.054635845,-0.10518152,-0.07042043,0.08541755,-0.05770765,-0.08589813,-0.3525542,-0.03460982,-0.12171001,-0.23868854,-0.023340873,0.14259379,-0.31386682,-0.26653585,-0.13912542,-0.12199895,-0.09231285,0.012531663,-0.09581147,-0.006752357,-0.142702,0.08503109,0.1371658,-0.19604138,0.057899624,-0.21389067,0.031842165,0.118202634,0.13830948,0.060950696
TCGA-AC-A2FB-01A,-0.033647817,-0.05766463,0.35143974,0.14938518,-0.10161834,0.057678938,0.03307876,0.083097994,-0.21616022,-0.09500424,-0.049057625,-0.044377513,0.020204062,0.15160261,0.024350561,-0.11741144,0.10735212,0.3920549,-0.16044897,-0.13747068,0.085238494,-0.07957772,-0.1314208,0.2559045,-0.09960947,0.04525869,-0.3034742,-0.10439057,-0.098989934,-0.095518135,-0.06752364,0.061991643,-0.20591065,-0.3392443,-0.054114923,-0.1632417,-0.013335562,0.11691281,-0.05980946,0.12862022,-0.0021961099,0.006199707,0.1617526,-0.11202542,-0.07940732,0.004855912,-0.022049483,0.03495786,0.11460769,0.026255019
TCGA-AR-A24O-01A,-0.21263337,-0.036221895,0.10949715,-0.041371644,-0.2282487,0.16980629,0.00690564,-0.05199659,-0.09477023,0.048357822,-0.048252475,0.045865227,0.07248965,0.14075941,0.091415994,-0.0152107105,0.11767444,0.22431214,0.022553587,-0.24008662,-0.090365864,-0.04485768,-0.16439745,0.24893945,0.03958191,0.09578346,-0.42961863,0.017336022,0.06165041,-0.1796325,-0.08134116,0.22856408,-0.22965956,-0.115605034,-0.007157753,-0.22853272,-0.067867205,0.06517384,0.006127662,0.0822086,-0.15471181,-0.0019111917,0.13449202,-0.17687754,-0.09390223,-0.10742942,0.065481216,-0.050099954,0.19453774,0.14934143
TCGA-PE-A5DE-01A,-0.16847558,0.08068317,0.21248458,0.014561226,-0.05126357,0.2578328,-0.060818814,-0.022379873,-0.08515392,-0.13435327,-0.037317622,-0.007848196,0.058949947,0.21816444,0.053394377,-0.1906531,0.026098754,0.34638146,0.11295384,-0.07998716,-0.13817742,-0.017196227,-0.0294529,0.06395907,-0.11015398,0.0138642555,-0.33913377,-0.05613213,0.18284062,-0.16821976,-0.05384195,0.121723466,-0.13333812,-0.2535736,0.07383565,-0.15328349,-0.017148025,-0.02072653,-0.1178532,-0.051590785,-0.16255787,0.11974181,0.07706152,-0.1965288,-0.17059122,-0.057202656,-0.060140505,0.09797058,0.22900349,0.20894375
TCGA-AR-A250-01A,-0.13981074,0.059215646,0.09089203,0.1493102,-0.11118666,0.0977978,0.081667766,0.046832446,-0.1877513,-0.08870402,-0.039928768,-0.17812489,0.081487894,0.17168367,0.1752731,-0.039410096,-0.019139232,0.08053366,0.08729143,-0.008062858,-0.13179012,0.12816681,-0.16685818,0.13968146,0.057799257,-0.17284325,-0.39462757,-0.12646373,-0.07093745,-0.12318708,-0.12420039,-0.081084,-0.19562666,-0.20083848,-0.08417213,-0.19032641,-0.14281029,0.012550257,-0.12488185,0.0031418665,0.029520577,0.19858679,0.12516806,-0.15319663,-0.0028546914,-0.07277941,-0.027754152,0.035325516,0.231446,0.35990486
TCGA-D8-A1JN-01A,-0.11788739,-0.058750384,0.1363131,-0.05116805,-0.089583255,0.15961327,0.038048748,0.007313814,-0.11483368,-0.027272353,0.1170586,0.009349371,0.06606436,0.19523071,0.1872965,0.036101848,0.21479802,0.28933278,-0.070064284,-0.25184798,-0.019968256,-0.068983674,-0.090743266,0.039772715,0.0025153502,-0.037865683,-0.3145278,-0.050520997,0.016592676,-0.14693828,-0.0015116284,0.09105623,-0.30607143,-0.2585013,-0.118552305,-0.20647103,-0.10487957,0.0014803124,-0.14795832,-0.0057137785,-0.109319456,0.07981451,0.091058224,-0.09082886,-0.18518057,-0.21731752,0.0034316313,0.030299697,0.28382847,0.16012459
TCGA-A2-A1FX-01A,-0.14405905,0.066359505,0.34540343,0.00674748,-0.16990736,0.18322939,-0.06715031,-0.12896787,-0.13289352,-0.0022309085,-0.1526222,-0.073846065,0.118735544,0.24837661,0.08758205,-0.12758476,0.09006238,0.15434173,-0.17648996,-0.19258438,0.063629925,0.008545369,-0.012810863,0.15669163,-1.0960321e-06,-0.014676234,-0.40705833,-0.20735922,-0.08399375,-0.116206266,-0.063911766,0.060936525,-0.14016122,-0.20370734,-0.09606475,-0.21742801,-0.14437102,0.14893532,-0.008522622,0.05252896,-0.107876524,0.17503527,0.02918118,-0.16786774,0.08467217,-0.0016550841,0.0261301,-0.06664995,0.09416356,0.05928494
TCGA-4H-AAAK-01A,-0.14441587,0.13626528,0.2705294,0.19751698,-0.30641016,0.061433267,-0.075431,-0.0041482844,-0.08134469,-0.031612337,-0.038812455,-0.19128667,0.11759145,0.25997108,0.008564163,0.026302334,0.029157085,0.07356118,-0.12381458,-0.15223505,-0.18349586,0.20340602,-0.04597903,0.052402373,-0.14766082,0.020926017,-0.3330451,-0.10389202,0.090016395,0.020633051,0.026669107,0.01423638,-0.14685178,-0.19411871,-0.13075323,-0.13313623,0.053709522,0.10918904,-0.07024703,-0.085905775,0.0023489546,0.21160574,0.18981224,-0.15111384,-0.058692966,0.0017075224,-0.0668152,0.081012726,0.21418317,0.23208167
TCGA-BH-AB28-01A,-0.22506219,-0.055066966,0.22941332,0.04443426,-0.17230648,0.047321178,-0.0061840997,0.07286286,-0.17865762,-0.13257971,-0.04503632,0.059923142,0.017383967,0.19921412,0.15158816,-0.104130305,0.1319705,0.1878933,-0.098549955,-0.14170247,-0.073796205,-0.09282548,-0.06460464,0.2698942,-0.107495256,-0.16792935,-0.30410084,-0.04533752,0.06805069,-0.12904502,0.032457456,0.04038894,-0.20896293,-0.26014158,-0.21945187,-0.25663945,-0.1710859,0.0030326133,0.045286816,-0.041890558,-0.0768487,0.14605859,0.0923767,-0.0823055,-0.019407038,0.037018746,-0.07013777,-0.0110761095,0.26694778,0.12089905
TCGA-E9-A228-01A,-0.10968806,0.022481013,0.25827226,0.11132053,-0.0032778345,0.108206734,0.06370692,-0.12634462,-0.16589375,-0.0013684588,-0.0886587,-0.027697472,0.07495156,0.16821091,0.20620303,-0.09993155,0.14803408,0.30010593,-0.06654462,-0.31763962,-0.009413042,0.04253227,-0.10260073,-0.0721446,0.13535221,0.015902711,-0.25096816,0.05339343,-0.04006226,-0.22312953,-0.09469578,0.03445434,-0.15031238,-0.3109821,-0.15605657,-0.21182548,-0.10609365,0.11910948,0.0020261458,-0.041056577,-0.14294875,0.15771905,0.073884495,-0.08933896,-0.07492446,-0.14770287,-0.044874564,0.03860723,0.20650811,0.15868701
TCGA-D8-A1JE-01A,-0.12693179,0.13552493,0.10398468,0.15645602,-0.14608374,-0.07527425,-0.107500784,0.028049413,0.040238887,-0.058477882,-0.069510505,-0.112967126,0.03879492,0.31004798,0.13037926,0.12522316,-0.058536623,0.2757478,0.052054208,-0.1622313,0.097475395,6.0163362e-05,-0.087112546,0.057146892,0.01961636,0.044535235,-0.4352832,0.030211508,-0.1282617,-0.29756355,-0.12690535,0.09933195,-0.17881109,-0.22892319,-0.021935085,-0.22444285,0.025164668,-0.023140572,-0.06869665,0.057724155,-0.13373129,0.20405376,0.08221825,-0.14046663,-0.033005733,-0.011087405,0.07014164,0.03740094,0.11601854,0.1841397
TCGA-AQ-A54N-01A,-0.09357501,-0.121318154,0.17068772,0.023872167,-0.12388873,0.15059447,0.026404262,0.06454578,-0.15603304,-0.018706005,-0.13821399,-0.03821107,0.11984865,0.2056403,0.08330628,-0.042089853,0.068759084,0.05224816,0.066014834,-0.104014866,-0.0755058,0.07778746,-0.067976855,0.16662408,-0.028230308,-0.04562825,-0.30473536,-0.0056009567,0.037930164,-0.18221106,-0.07569579,0.1336618,-0.22624207,-0.18477963,-0.21095368,-0.40682593,-0.13530318,0.09497327,-0.12693904,-0.16930264,0.045068547,0.1482695,0.1272458,-0.09320675,-0.099017575,-0.071553424,-0.016478788,0.15890668,0.20866066,0.2687124
TCGA-D8-A1JK-01A,0.030616533,0.14124031,0.2633468,0.20546155,-0.11488684,0.20016782,0.019050311,0.022857867,0.01010056,-0.054925893,-0.047674302,0.06540326,-0.013298916,0.23931448,0.09751906,-0.10644597,0.06107311,0.175604,-0.03743205,0.009583825,-0.21347705,0.12395462,-0.17586635,0.16243051,-0.15674403,-0.11599617,-0.2904464,0.008737735,0.04971217,-0.14856623,-0.16830887,0.111870095,-0.18391253,-0.28589407,-0.0807297,-0.18193214,-0.043955598,0.11940831,-0.08663631,-0.030667406,-0.016102055,0.15278324,0.122549444,-0.18662174,-0.18240024,-0.13790992,-0.037821285,0.13631453,0.16398442,0.1755863
TCGA-A7-A5ZW-01A,-0.05851664,0.04341085,0.1236389,0.049274337,-0.11919943,0.1098191,0.0222657,-0.07650242,-0.08678543,-0.12263811,0.037182383,0.08761919,0.058547225,0.2500505,0.25015926,-0.07358609,0.25273964,0.30981216,0.012082706,-0.16408125,0.06527739,-0.04862641,-0.038836043,0.17538801,0.09715488,0.109157644,-0.2457124,-0.22813904,0.06552424,-0.14795527,-0.24579716,0.122403294,-0.092374384,-0.30843788,-0.09856223,-0.20338531,-0.07637628,0.025949322,-0.03421326,0.08192603,-0.005725821,0.021016942,0.11567283,-0.034265365,-0.07283922,-0.10107239,-0.0413309,0.0966076,0.30593014,0.11522204
TCGA-GM-A3XL-01A,-0.10404589,-0.07638116,0.2767581,0.08556466,-0.14079104,-0.005265504,0.10338807,0.0017298058,-0.22311634,0.08995016,-0.17821285,-0.07715007,-0.052349526,0.15234849,0.15750556,-0.06348937,0.17709626,0.047014907,-0.04821525,-0.03489299,-0.072368026,-0.11051886,-0.14111254,0.1126105,0.009914627,0.040644307,-0.4748142,0.10268904,0.08543366,-0.14589585,-0.016249496,0.12471196,-0.1984482,-0.102891356,-0.08904571,-0.23729949,-0.01690177,0.18185231,-0.09047582,0.059405442,-0.02520568,0.19519725,0.03482022,-0.060937632,-0.039601643,0.029526895,0.07891867,0.14355268,0.3081943,0.14832549
TCGA-OL-A66O-01A,-0.18894544,0.09757835,0.20776692,0.07466316,-0.14367574,0.24718969,0.05574988,0.084517844,-0.015047216,-0.028271751,-0.098062515,-0.13822602,0.01430124,0.2917738,-0.082447805,-0.12906453,0.03671828,0.19672759,6.346731e-05,-0.13451774,-0.10921995,0.11447823,-0.10770722,-0.09483574,0.1351772,0.0038313204,-0.24284263,-0.05077897,-0.094165534,-0.2368469,-0.11845796,0.06933047,-0.21909986,-0.2560275,-0.14706482,-0.16196984,0.015101085,0.11593648,-0.079575546,-0.035870194,-0.023997996,0.06937297,0.16259262,-0.10994091,-0.20829988,-0.098719314,-0.08889852,0.056451507,0.08383199,0.33198673
TCGA-A2-A0YI-01A,-0.08967075,0.031352002,0.1393329,0.07946492,-0.06674146,0.04085647,0.0741851,-0.09237524,-0.085597716,-0.0005407178,-0.06911097,-0.031515475,0.07124064,0.17802238,0.16693604,-0.1943749,0.19965364,0.12453787,-0.025807379,-0.12698382,0.0001928866,-0.08114711,0.0043688826,0.02071334,0.17950612,-0.012964622,-0.5060532,-0.13473052,0.034861196,0.0058942614,-0.09214755,0.19445652,-0.17771344,-0.18468213,-0.2271797,-0.12036747,-0.098993815,0.11436211,-0.12437156,0.12389396,-0.19369555,0.020707242,0.015123399,-0.17618689,0.062032465,0.029281016,-0.022736352,0.07586801,0.20161745,0.29976943
TCGA-PE-A5DD-01A,-0.2293098,-0.004899107,0.09770921,-0.0049458407,-0.18530773,0.16794126,0.01141579,0.18247774,-0.4441894,-0.050480507,-0.10265401,-0.022384994,0.08148166,0.0832391,0.14590593,-0.091829404,0.034964047,0.18535218,-0.12124899,-0.16721527,0.022345899,0.08239805,-0.13316609,0.052059222,0.048739124,0.026388418,-0.39023432,0.026248064,-0.045833305,-0.22692733,-0.04348335,0.083602466,-0.17939907,-0.24494958,0.09405975,-0.09486335,0.0009804398,0.06974072,-0.097032055,0.087731026,-0.020743893,0.13819498,0.13197242,-0.09028284,-0.017076204,-0.1618902,-0.10477369,0.027165,0.17808637,0.1270552
TCGA-AC-A23H-01A,-0.1829475,0.07048588,0.13801302,0.072850026,-0.024082564,0.15843652,-0.045187905,0.07026707,-0.12788816,-0.14756761,-0.044667624,-0.16562414,0.12594011,0.16138993,0.14217694,-0.029001938,-0.06482895,0.19009359,-0.008619355,-0.13305007,-0.041350983,0.07471373,-0.039865926,0.06496931,-0.072892055,-0.12701473,-0.3198589,-0.190331,0.06558687,-0.25237268,-0.07431903,0.030353192,-0.22466111,-0.1902607,-0.14195085,-0.3072442,-0.08821488,0.018668646,-0.07445245,-0.12512061,-0.14589429,0.252408,0.102893636,-0.09301997,-0.10723696,-0.011673813,0.030958412,0.10237208,0.033825293,0.33073306
TCGA-A7-A13G-01A,-0.12883833,-0.063696936,0.29420197,0.06334806,-0.11992179,0.14786409,-0.052600488,-0.081294775,-0.1488582,0.0031738603,0.030054765,-0.009421366,0.07269794,0.18199223,0.14478134,0.048407346,0.12905934,0.24186666,-0.0021688365,-0.16829328,0.03167639,0.17622589,-0.0319157,0.08974754,0.0069786054,0.041309442,-0.31042644,0.03194724,-0.06804178,-0.14752273,-0.04813465,0.20728506,-0.17133884,-0.2641198,-0.20363468,-0.18756619,-0.0785642,0.031080596,0.0045631705,0.0018826157,-0.103203334,0.054676946,0.17382585,-0.093748756,-0.06670799,-0.302121,-0.07944872,0.035828285,0.14237483,0.28928387
TCGA-A7-A0D9-01A,-0.17512369,-0.12016128,0.26947334,0.104101084,-0.18778151,0.09107224,0.044659395,-0.020648606,-0.21715096,-0.038100883,-0.037233807,-0.09805758,-0.03688412,0.07557312,0.14779934,-0.061643515,-0.055184904,0.22306147,-0.012887914,-0.21972848,-0.004031687,0.08480147,0.05672733,0.0656864,-0.007980181,-0.04746758,-0.37002665,-0.07900138,-0.025430059,-0.12859689,0.08069735,0.07799949,-0.29954857,-0.20857832,-0.15970579,-0.27855936,-0.122625485,0.048738416,-0.22851554,-0.10702252,-0.05839852,0.12725264,0.15921818,-0.20858864,-0.037167728,-0.13714695,-0.0015993962,-0.04525229,0.056580134,0.102790326
TCGA-GM-A2DC-01A,-0.07905984,0.009083407,0.23934014,0.16067964,-0.1889957,0.034905765,-0.03308037,-0.005748487,0.03160879,-0.0025876467,0.007190884,0.10470324,0.08879746,0.05644184,0.06455763,0.027448267,0.005940015,0.2082988,-0.060917694,-0.1984219,0.040582795,0.09540047,-0.11006496,0.028202707,-0.043009,0.16068809,-0.36144003,-0.13231876,-0.016960839,-0.15853554,-0.15341902,0.13210034,-0.2388296,-0.23819782,-0.04167179,-0.32723117,-0.1272198,-0.062743746,-0.17082532,0.042868454,-0.16122524,0.18493041,0.14798221,-0.24434862,0.042760916,-0.17719004,-0.01491407,0.021529201,0.09590893,0.1829081
TCGA-BH-A0E1-01A,-0.19222645,0.06788415,0.22213142,0.14115158,-0.12639442,0.018768182,0.105224825,0.058444288,-0.17431995,-0.051078852,-0.18248259,0.008009768,0.08359289,0.10539953,0.07532904,-0.030602138,0.13991933,0.27595967,-0.060999,-0.2662072,-0.03689206,0.016232027,-0.063645646,0.06418331,-0.06298807,0.0011668025,-0.3937728,-0.03621913,0.0103586195,-0.23028725,-0.014347926,0.11627107,-0.29437354,-0.17319812,-0.115098774,-0.18664292,-0.044323653,-0.06496614,-0.20078479,-0.046545327,-0.12393135,0.035602,-0.0050918628,-0.014482992,-0.055371996,-0.04486965,-0.08188943,0.020065786,0.21226278,0.26919684
TCGA-E9-A1ND-01A,-0.049706385,-0.0821565,0.31851447,0.18795782,-0.16692491,0.076090254,-0.0037688364,-0.047327537,-0.2181999,-0.09066325,-0.064491786,-0.10199127,0.052481156,0.29080674,0.07795425,-0.014395949,0.1414127,0.1990853,0.0649477,-0.056152236,-0.026853466,-0.07634673,-0.110165596,-0.029024456,-0.030470759,0.08819446,-0.2904134,-0.02274111,0.097957976,-0.24827437,-0.017725127,0.10518918,-0.10880344,-0.078433596,-0.038344577,-0.2050042,-0.2140211,0.13155141,-0.07497565,-0.014734316,0.04334574,0.20241053,0.11298865,-0.19102128,-0.10405321,-0.14405032,-0.08413106,-0.06507162,0.31164387,0.16979122
TCGA-GM-A2DK-01A,0.025403395,0.04761381,0.20542789,0.06406743,-0.096787326,0.09055961,-0.02106187,0.12834457,-0.2538694,-0.019781953,0.0069929645,-0.11759293,0.19994503,0.30394047,0.0825207,-0.1304542,0.087358914,0.17566447,0.021567686,-0.1495474,-0.03755306,0.024638673,-0.14813598,0.18724822,0.02770605,0.05970411,-0.35700575,0.010824219,0.20287961,-0.29898715,-0.06274832,0.030404165,-0.14092906,-0.22610436,-0.15949045,-0.045363292,-0.12816778,0.023697443,-0.0940547,-0.17305106,-0.21425518,0.091249324,0.17875403,-0.12036825,-0.003517639,-0.16433924,-0.03126976,0.05451982,0.08793449,0.009845554
TCGA-E9-A2JS-01A,-0.14607832,0.12979567,0.12010508,0.058702867,-0.21682665,0.14116077,0.069581635,0.1666713,-0.16177195,-0.022146873,-0.03143457,-0.16536821,0.120174296,0.18655038,0.0784062,0.03260477,-0.0083358735,0.14039326,-0.030068623,-0.1520543,-0.07886502,0.028402105,0.032931726,-0.035940938,0.029594762,-0.016111253,-0.41622975,-0.056250628,0.003786359,-0.14663066,-0.053401764,0.023122009,-0.116843015,-0.17077793,0.042061087,-0.27244726,-0.019825475,0.1648771,-0.24474983,-0.02804718,0.06214442,0.1782444,0.1570948,-0.1643819,-0.12794782,-0.15276156,0.019542275,0.08427473,0.31106675,0.19725797
TCGA-C8-A1HM-01A,-0.14803958,0.069253735,0.18068817,0.14923956,-0.171911,0.17507921,0.0528572,0.005155039,-0.112753995,-0.005618895,-0.12218945,-0.13820055,0.07095186,0.23516722,0.09085331,-0.08652249,0.009101966,0.18891667,-0.022150472,-0.035336457,-0.054552555,0.20293209,-0.120670356,0.02486443,-0.086429596,0.04400966,-0.3086693,-0.054650716,-0.14926144,-0.19412334,-0.04345186,0.12850505,-0.18882571,-0.2929442,-0.04459135,-0.28023246,-0.04988837,0.06749952,-0.16398469,-0.039458107,-0.12568519,0.22482501,0.016120171,-0.096976586,-0.21181643,-0.026314875,0.07937097,0.121704414,0.16017307,0.2092568
TCGA-A2-A0YF-01A,-0.18533108,-0.11198575,0.18153535,0.14693448,-0.11108528,0.19081943,-0.02586768,-0.021163976,-0.1693604,-0.066915825,-0.1395368,-0.08019288,-0.1287523,0.13160552,-0.028380869,0.001074507,0.1137617,0.20559044,-0.008406953,-0.34278724,-0.042812124,0.022866385,-0.06388551,0.17061907,0.068119176,-0.109890155,-0.352803,-0.029001663,0.0021775125,-0.22164096,-0.06855124,0.13469252,-0.22782275,-0.33007684,-0.078509144,-0.19315411,-0.005551353,-0.054893505,-0.06921975,-0.12970462,0.06010759,0.046933364,0.09043716,-0.14736627,-0.10152075,-0.07047408,0.004476941,0.10920735,0.20080222,-0.019129956
TCGA-E2-A574-01A,0.040748876,-0.0020261065,0.2419085,0.14736667,-0.23132692,0.08111209,0.03117904,0.13674562,-0.08418208,0.09629218,-0.10707877,-0.036546465,0.032284275,0.33787322,0.08456471,0.12639633,0.049925394,0.086860746,0.017762257,-0.009634253,-0.032014642,0.0033250973,-0.13576484,0.13483974,0.021316282,0.013331918,-0.2556562,-0.21029314,-0.05958622,-0.19019559,0.07262943,0.069829,-0.25203407,-0.25483268,-0.08280442,-0.3081398,-0.13788396,0.05598515,-0.1328562,-0.059211552,0.012436871,0.052835297,0.14976104,-0.11120127,-0.28698874,0.025724173,0.011150775,0.041568145,0.08697682,0.24271043
TCGA-AO-A0JA-01A,-0.09608369,0.11379622,0.31175816,0.12592167,-0.18684496,0.10861348,0.017281286,0.050965644,-0.087599084,0.02170704,-0.109002106,0.085228376,0.0072846836,0.19445582,0.11224061,-0.027623026,0.092057124,0.14024319,-0.14351982,-0.40022883,0.20405142,-0.0997534,-0.074210495,0.1486907,0.059607733,0.021070125,-0.40128273,-0.12926386,-0.051331323,-0.18231812,-0.046958145,0.059171285,-0.22558205,-0.16644397,-0.034133825,-0.09283454,-0.052976232,-0.04865537,-0.05999199,0.0002427523,-0.03675958,0.11976653,0.05832308,-0.0280178,-0.072240755,-0.16796279,0.08694693,0.06742566,0.20673122,0.14107405
TCGA-LL-A6FQ-01A,-0.03997117,0.082947455,0.29864514,0.045618024,-0.09704105,0.12567268,-0.033909757,0.15506545,-0.17249659,-0.043236338,-0.044669632,-0.19411212,0.17302139,0.23790777,0.074413426,-0.05934228,-0.009092013,0.22109206,-0.059975646,-0.03263923,-0.087996006,0.077295035,-0.012649754,0.08121442,0.05437349,-0.002262009,-0.2793375,-0.14870235,-0.019436084,-0.24368174,0.061148,0.10143944,-0.2753516,-0.18535717,-0.08584513,-0.19352397,-0.099794835,-0.07862684,-0.08714795,-0.027197368,-0.114191994,0.19117747,0.15634434,-0.17022446,-0.17876098,-0.20260085,-0.015937546,0.048154917,0.20697515,0.1762534
TCGA-EW-A1IZ-01A,-0.06886587,-0.16188176,0.13824587,0.051469427,-0.1646847,0.10458922,0.17209595,-0.026722131,-0.1465717,-0.09678407,-0.1243341,-0.06367748,0.098652214,0.2504527,0.16202728,-0.045714084,0.13665871,0.25485915,-0.018772032,-0.26738998,0.0025115607,0.023926066,-0.09579187,0.15178064,-0.04850868,0.05755258,-0.34034944,-0.026825,0.04065158,-0.113686636,-0.08951942,0.071795255,-0.25822517,-0.2761698,-0.13274364,-0.21098256,-0.09470988,0.0992111,-0.20995843,-0.045154255,0.03757219,-0.0022373416,0.14242402,-0.16807936,-0.11454233,-0.060044773,-0.07623846,-0.08417859,0.1963338,0.03679359
TCGA-E9-A245-01A,-0.038210794,-0.018689752,0.28580308,-0.07298928,-0.18288144,0.12113134,0.021248356,0.0771832,-0.13970703,0.06693914,-0.08763459,-0.19465658,0.014691145,0.19706848,0.22581011,-0.032227494,0.13104375,0.30890757,-0.015741184,-0.21809483,-0.062125042,0.19077012,-0.106133625,0.025945988,0.053618144,0.041906748,-0.25104508,0.060612123,0.022903606,-0.07850644,0.053030346,0.21769607,-0.1061823,-0.19767532,-0.12485685,-0.24694988,-0.24587204,0.037595168,-0.087907776,-0.05222825,-0.13241792,0.10239923,0.17717607,-0.10686242,-0.0079061035,-0.122749016,-0.07195467,0.061196137,0.1793432,0.16996776
TCGA-BH-A0BA-01A,-0.103520624,0.051095758,0.2097789,0.010197229,-0.07687179,0.0620178,-0.022305643,0.105676904,-0.036547523,-0.0563343,-0.08480601,-0.039620668,0.056848988,0.2722439,0.09450009,-0.13112262,0.07658046,0.19828923,0.005913163,-0.14141984,0.100597546,0.012344124,-0.14985695,0.13176796,-0.18783337,-0.076208636,-0.24046536,-0.15891542,-0.06311528,-0.40283597,-0.0795693,0.087249205,-0.2221208,-0.21504603,-0.057369947,-0.27445272,-0.042597163,0.049161352,-0.043265563,-0.029079523,0.09112313,0.10708148,0.102092944,-0.113762505,-0.12449628,-0.06059738,-0.07810166,-0.026486859,0.17682792,0.32123914
TCGA-E2-A1B0-01A,-0.03583926,0.0009811241,0.27183744,0.07224053,-0.13021152,0.045933574,0.011456332,0.01894184,-0.034672763,0.13118692,0.015443397,-0.21727203,-0.0018200761,0.16356426,0.20746088,-0.06981934,0.15103707,0.18727532,0.013069906,-0.18797965,-0.15756148,-0.023281502,-0.13322257,0.10105315,-0.042978402,-0.021809956,-0.4590677,-0.12214567,0.11809837,0.006508441,0.046523225,0.12052024,-0.14024243,-0.29018986,-0.08789429,-0.12916961,-0.06069619,0.15279241,-0.03446111,0.15191601,-0.02804148,0.12536456,0.20276357,0.034077626,-0.21714409,-0.12836938,-0.031125417,0.039353162,0.13463274,0.1774764
TCGA-AR-A2LK-01A,-0.07136179,-0.003620755,0.21207313,-0.013268304,-0.25030562,0.12031472,-0.13626419,0.057463083,-0.22994,-0.07117442,0.017054705,-0.122562364,0.14529146,0.22238532,0.04461784,-0.013966341,0.082629375,0.24116398,-0.038414814,-0.117026515,-0.1318382,0.09258473,-0.09905614,0.15478666,-0.0014130126,0.10693214,-0.31728202,-0.051254146,0.0015313928,-0.17802154,-0.24559183,0.02260048,-0.2977541,-0.17084858,-0.061787993,-0.16324644,-0.03036712,0.09440496,-0.037754886,0.060338438,-0.049817048,0.094787374,0.05576368,-0.103202306,-0.15446691,-0.2523839,-0.10597039,-0.045307763,0.1787601,0.19071639
TCGA-E9-A6HE-01A,-0.0011018007,-0.04107344,0.08163175,0.112376556,-0.12224423,0.049730863,-0.10763786,0.00876777,-0.04343161,-0.059701785,-0.020185402,-0.045428634,0.015200745,0.20315647,0.10908438,-0.14359024,0.053123962,0.17682388,0.026318567,-0.20435613,-0.024085335,-0.11600688,-0.08855323,0.03512257,-0.04975664,0.018541753,-0.40644288,-0.07755667,-0.03039654,-0.27055496,-0.101039566,0.23535205,-0.37819678,-0.30326268,-0.11288884,-0.16543697,-0.044716943,0.024996543,-0.026714655,0.0059261764,-0.2801345,0.054400034,0.11076679,-0.10250632,-0.054853693,-0.09093392,-0.12038069,-0.052825276,0.15023664,0.14407341
TCGA-OL-A6VQ-01A,-0.2008698,0.11641533,0.09080179,-0.04956515,-0.12912947,0.046713676,-0.08505747,0.06303244,-0.08097873,-0.08267597,-0.21283384,-0.1715199,0.118011415,0.22728242,0.053284496,-0.0859596,0.03384633,0.17768653,0.038747005,-0.059860446,-0.13023125,-0.05756448,-0.1147234,-0.07846792,-0.15706372,-0.10736341,-0.18366702,-0.014922123,-0.06776376,-0.16745864,-0.010000602,0.037564844,-0.35959482,-0.24662608,-0.15488416,-0.14985223,-0.04979822,0.07132438,-0.22211538,-0.023772938,-0.041166797,0.1983737,0.25357437,-0.17002021,-0.22592634,0.021322915,-0.032850355,-4.5316767e-05,0.21144086,0.18475641
TCGA-D8-A73X-01A,-0.2467731,0.038336597,0.21953307,0.09336573,-0.17559585,0.25514182,0.10954197,-0.06791181,-0.312819,-0.017911823,-0.06534826,0.010429277,-0.023890084,0.09915858,0.001754909,-0.10183153,0.15062147,0.16352965,-0.07277044,-0.19799925,0.09204196,0.020172756,-0.0790188,0.13623019,-0.007928669,-0.0135408575,-0.30140543,-0.1068889,-0.027105851,-0.24923018,-0.15973186,-0.06826631,-0.2037319,-0.22420442,-0.25558046,-0.18139188,-0.03469,-0.0035431222,-0.10210491,0.039066732,-0.030431055,0.072461404,0.15008494,-0.18947798,0.010626746,0.0049595917,0.0035404155,0.09716952,0.15833597,0.13879327
TCGA-WT-AB41-01A,0.023509344,-0.04762121,0.044674985,0.1419836,-0.094930686,0.12305155,-0.02883348,0.16549072,-0.16465946,-0.01630128,-0.08857659,-0.0081929155,-0.026675822,0.11946086,0.18075405,-0.030060668,0.27725878,0.13753496,-0.11920394,-0.2499185,-0.11679576,0.03857112,-0.1500079,0.062193356,-0.037929185,0.0053263605,-0.19929746,0.02994841,0.0040768804,-0.2434138,0.044108074,0.17667723,-0.08507695,-0.39354503,-0.09995042,-0.23052819,0.039475095,0.1364324,-0.18187882,-0.032415226,-0.012237066,0.06713269,0.108779356,-0.22293544,0.024871092,-0.16465476,0.08271234,0.10815017,0.28097358,0.13921307
TCGA-LL-A6FP-01A,-0.16127685,-0.067555845,0.22718965,-0.007022269,-0.26007092,-0.010863109,0.04707645,0.15979056,-0.08942911,-0.042930298,-0.15030764,-0.090854764,0.0115894,0.14133917,0.1468201,0.015357375,-0.00074941147,0.18979122,0.07781027,-0.023143727,-0.106309734,0.14653902,-0.010748723,-0.032299448,-0.07513212,-0.069036365,-0.3604413,-0.14989285,-0.10045074,-0.128611,0.016104102,-0.015261986,-0.32126227,-0.28347692,-0.113594264,-0.27882838,-0.17585328,0.1228403,-0.122435726,-0.020360626,-0.10742064,0.14986613,0.10953771,-0.09862924,-0.065145925,-0.1613705,-0.03848835,0.08796475,0.12409339,0.16412345
TCGA-C8-A26X-01A,-0.10519133,0.12354371,0.24044463,0.16677414,-0.23254757,0.20398241,-0.039566483,0.034938656,-0.028024947,-0.06944897,-0.03147181,0.06072305,0.09892471,0.24525863,0.12225979,0.009104765,0.046817757,0.35113126,0.05835021,-0.098113745,-0.16186808,0.035428263,-0.06451189,0.05286813,-0.100397,0.040000852,-0.25223088,-0.12828486,0.072902866,-0.20576832,0.11061109,0.052863177,-0.15393376,-0.19770719,0.012712381,-0.22323935,-0.09218731,0.027764568,-0.021267278,-0.017599585,-0.041993838,0.2511127,0.2060816,-0.14760569,-0.06407755,0.04092223,0.0639336,-0.08919594,0.14883384,0.27400574
TCGA-A2-A0SV-01A,-0.06841958,-0.049438212,0.268212,0.08812238,-0.18305252,0.1028757,0.0039539766,0.02157409,-0.12211268,-0.10737571,-0.10698184,0.028898606,0.11549091,0.2237627,0.19050948,0.007643972,0.12755269,0.21334258,-0.021801466,-0.1487112,-0.1315493,-0.10545844,0.0786734,0.18962353,-0.08259523,0.07685212,-0.27777588,-0.114930466,0.036982425,-0.20907648,-0.06900843,0.024651403,-0.26016507,-0.08687038,-0.23496726,-0.20966063,-0.16782604,0.10753692,0.001887439,0.025997715,0.0046683317,0.19905518,0.089464694,-0.21259497,-0.04635383,-0.11440127,-0.001469278,-0.07351561,0.2943742,0.08166087
TCGA-B6-A0WW-01A,-0.14001115,-0.0055005075,0.3003339,0.057895083,-0.09813237,0.11672422,0.04178669,0.14960855,-0.19227499,-0.054769423,-0.067732915,-0.075041965,0.019361878,0.15643407,0.19608054,-0.051600322,0.08818761,0.073201396,-0.17620374,-0.26315215,-0.006370542,0.020049592,0.089050785,0.0014744987,0.011683012,0.15692006,-0.4316597,0.013899218,-0.0414454,-0.15434694,0.06047933,0.006106854,-0.29075506,-0.23116961,-0.120435424,-0.20680729,-0.0074059004,0.09316933,-0.15672603,-0.08172187,-0.09859831,0.060830835,0.06778551,-0.08750254,-0.078334816,-0.16861513,0.025038116,0.036269598,0.24791564,0.045664422
TCGA-BH-A0BM-01A,-0.21404469,0.015803862,0.3229004,0.040471967,-0.1922092,0.1393533,0.020906158,-0.105448,-0.20409644,0.011568592,-0.078664385,-0.0054144636,0.0077043264,0.049540844,0.18370682,0.12798382,0.14456305,0.24718279,-0.01037073,-0.1101744,-0.006251857,0.0054942705,-0.022287844,0.08571543,-0.10444602,-0.064252496,-0.32099977,0.09937593,0.0100022415,-0.2104439,-0.08035022,0.14218345,-0.359828,-0.18335384,-0.07424058,-0.21823978,-0.06981525,-0.08572553,-0.13163386,0.11812162,-0.021367446,0.022334551,0.03607757,-0.14923726,-0.2177995,-0.067793496,-0.031926252,0.12588304,0.14817387,-0.056333654
TCGA-D8-A3Z6-01A,-0.081732705,-0.029793387,0.19588462,-0.006111829,-0.20969468,0.0803386,-0.1628555,0.06482058,-0.0697225,-0.20169328,-0.061221793,0.08386293,-0.009768555,0.14680395,0.19299152,-0.113066144,0.024410933,0.2316813,-0.08408928,-0.12518854,0.09356586,0.05015512,-0.09270932,0.20832679,0.055058412,0.09124347,-0.32481328,-0.065730445,-0.00675468,-0.21598944,0.07314095,0.062783755,-0.27390665,-0.1676458,-0.17797942,-0.25440457,0.022950346,0.0535038,-0.13050711,0.02242852,-0.013392824,0.012574742,0.16795209,-0.20641625,-0.032552708,0.022933327,0.03387447,0.10988621,0.32353303,0.1278187
TCGA-D8-A27T-01A,-0.13802336,0.107741594,0.20189126,-0.007315593,-0.2509595,0.13807687,0.038190383,0.09176626,0.041069347,-0.13304186,0.14142974,-0.12881817,0.13860823,0.18828154,0.22812678,-0.16656049,0.02185756,0.19380865,-0.1332574,0.030568497,-0.06329566,0.045261297,-0.114401795,0.1137596,-0.12689729,-0.04338467,-0.30035034,-0.067789055,-0.049121864,-0.20069619,0.11285583,0.1173485,-0.13401067,-0.2311168,0.027650272,-0.26829347,-0.059466857,0.09335515,-0.07638008,-0.015015113,0.021362303,0.19448039,0.14128505,-0.062350076,-0.14024292,-0.038537506,0.07370879,0.1293544,0.23889162,0.22454564
TCGA-OL-A97C-01A,-0.20183323,0.06277256,0.12287723,0.095817894,-0.10053193,-0.089862585,-0.01498405,0.0077307983,-0.19457865,-0.05584658,0.02635597,-0.0946038,0.10394657,0.2449202,0.19513343,-0.026264908,0.05989503,0.18001536,-0.06160088,-0.15393502,0.029533546,-0.08596113,-0.15063179,0.21754797,-0.09952657,0.124407955,-0.40747833,-0.011377293,0.09955531,-0.061995585,-0.06924599,0.025049483,-0.07994769,-0.31288043,-0.054639418,-0.1852399,-0.11900135,0.1313821,-0.09012051,-0.011270362,-0.10078683,0.036021736,0.09211919,-0.12494033,-0.1432187,-0.04694235,-0.046876565,0.04514707,0.2954558,0.2623958
TCGA-AR-A0U3-01A,-0.17859237,-0.013938677,0.21210498,0.095078714,-0.05869888,0.056209568,0.049547613,0.048371453,-0.24720903,-0.14600548,-0.16922083,0.1368817,-0.02681278,0.048922073,0.1707444,-0.060191654,-0.01876882,0.2966215,-0.072900124,-0.11224189,-0.05412311,0.037425872,-0.086890616,0.06472917,0.13379318,0.050528172,-0.4040962,-0.0060876696,-0.06864058,-0.12785284,0.06051694,0.11513597,-0.25826272,-0.19296625,-0.12562485,-0.24658021,0.019330502,0.0035357233,-0.062986456,-0.12006583,-0.028577404,-0.008729451,0.12669232,-0.14249186,-0.046993412,-0.12971951,-0.03841111,0.08587554,0.24649945,0.25986007
TCGA-E9-A1NI-01A,-0.06312603,0.12506945,0.17489494,0.11959016,-0.21500097,0.062485788,-0.06398154,-0.042081498,-0.0014147732,-0.16929944,-0.10386016,-0.060112126,0.093974024,0.12714504,0.059781212,-0.10166913,-0.08412934,0.22668898,0.022993669,-0.12569836,-0.17185332,0.10521684,-0.14966509,0.06378209,-0.1664067,-0.060863566,-0.3612013,0.06471579,0.030573895,-0.2196242,-0.11931672,-0.01747043,-0.12143038,-0.18712394,-0.104174875,-0.25796914,-0.057386365,0.17269975,-0.2681233,0.017325277,-0.09763424,0.15145768,0.12619662,-0.12228567,-0.11445942,0.019923773,0.044021383,0.03147624,0.27065605,0.20096321
TCGA-BH-A0B3-01A,-0.12308854,-0.106591344,0.2190548,0.1328599,-0.018962419,0.16199464,0.115866594,0.05443416,-0.16595612,-0.012600064,-0.118279085,-0.11847396,-0.025459556,0.25139946,0.17921902,-0.050767917,0.19212852,0.11308775,-0.003988898,-0.26018858,-0.09261442,-0.18936561,-0.13478889,0.22380932,-0.03821326,0.031908486,-0.3047425,-0.049320254,-0.0056846905,-0.16850378,0.009442073,0.05963008,-0.19901013,-0.24571832,0.071480885,-0.29378885,-0.016988462,0.10460371,-0.053779624,-0.05934812,-0.18277435,0.16526559,0.15630661,-0.09925229,-0.038791776,-0.09311059,0.044259857,0.057243396,0.16377069,0.06591386
TCGA-A1-A0SE-01A,-0.23424496,0.0605891,0.2641911,-0.012483603,-0.18543845,0.06935804,0.16797197,0.086045705,-0.12603796,-0.18470158,0.03950524,-0.034578323,0.038853537,0.13614841,0.08342561,-0.04594002,0.23938039,0.14830346,0.011211242,-0.2610671,0.016624507,0.065583825,-0.050082054,0.1726311,0.12118219,0.008643566,-0.21272953,-0.123476356,0.051476672,-0.12444619,-0.05643863,0.05817729,-0.31268942,-0.25588533,-0.13775815,-0.1834763,-0.02592712,0.05093362,-0.059096258,0.08072524,-0.0967447,0.18326472,0.10793547,-0.18874118,-0.18642066,0.022890998,-0.08392678,0.0830516,0.2079121,0.13620298
TCGA-LL-A50Y-01A,0.008696152,-0.03172837,0.17994072,-0.020587666,-0.23799369,0.14816639,-0.05418497,-0.054289293,-0.09691158,-0.07843257,-0.0470644,0.062009536,0.110530324,0.17552581,0.027298719,-0.033690132,0.19803883,0.33647758,-0.105351694,-0.16685697,0.07485191,0.12723458,-0.12518375,0.16585757,-0.016149292,0.02120837,-0.3310028,-0.15334974,-0.041331697,-0.10663534,0.04479542,0.025055906,-0.20260474,-0.2562678,-0.13445526,-0.20998193,-0.117409796,0.0016176973,-0.19629799,-0.009150756,-0.08893228,0.11115523,0.06720562,-0.15610649,-0.12486958,-0.20020096,0.018787907,-0.040866867,0.28371885,0.0252302
TCGA-E2-A1II-01A,-0.038682748,-0.19466044,0.25585023,0.07028041,-0.014906315,0.17136593,0.16168436,0.10088685,-0.12664847,-0.031976927,-0.020056821,-0.05106458,0.05412458,0.2938069,0.0941859,-0.04378586,0.0934603,0.24620867,-0.14018108,-0.22581488,0.0050209365,-0.05261567,0.0811523,0.098512456,-0.06463603,-0.08523026,-0.20834342,0.034030702,-0.0076355394,-0.060422428,-0.23377024,0.17860638,-0.16341244,-0.20570055,-0.15010658,-0.19037174,-0.07995053,0.10613583,-0.06997026,0.089954264,-0.022633739,0.23415706,0.19786683,-0.045127507,-0.07502862,-0.15080419,0.053388014,0.18612932,0.17919014,0.21425968
TCGA-AQ-A0Y5-01A,-0.10423507,0.033939388,0.11079006,0.11086962,-0.07771727,0.09628687,-0.017562835,0.048736922,-0.09559652,-0.032483082,0.027084665,-0.048856314,-0.023019465,0.20109236,0.32540047,-0.032257374,-0.029803684,0.1534867,-0.21899955,-0.15512596,-0.13235591,0.20410971,-0.06143976,0.05627197,-0.05187843,0.043797635,-0.40616623,-0.06555479,0.0361182,-0.15840566,-0.044926215,0.06239116,-0.15597503,-0.15184869,-0.0841627,-0.17989194,-0.18169211,0.13622707,0.029692972,0.08686075,-0.1516477,0.1834161,0.19173156,-0.13391928,-0.14529257,-0.058445435,0.06006937,-0.016515343,0.29067826,0.2106524
TCGA-5T-A9QA-01A,-0.0030719794,-0.05290284,0.12416388,0.10655066,-0.17646074,0.16260727,-0.0552696,0.08841477,-0.10582464,-0.037646852,-0.16025497,-0.12027433,0.08567096,0.32751378,-0.013032718,0.045608997,0.056126546,0.1587074,0.08261304,-0.24362043,-0.060653344,-0.011517824,-0.11720642,0.07430174,-0.02996565,-0.060733423,-0.3899735,-0.12288426,0.069108866,-0.054073438,0.009138702,0.057982706,-0.15714021,-0.14932953,-0.18493468,-0.23250791,-0.21533981,0.10674258,-0.049372084,-0.119814344,0.041934747,0.06420607,-0.0026802763,0.016755668,-0.09449955,-0.15410747,-0.079203725,0.061551668,0.29602772,0.29240894
TCGA-D8-A1JA-01A,-0.07100669,0.060621016,0.3345923,0.013869794,-0.12637345,0.06796744,-0.035036743,0.077445336,-0.14550215,-0.027506819,-0.092449754,-0.0932946,-0.017590623,0.3268815,0.15179227,0.051009275,0.20652144,0.120811485,0.0078300815,-0.26750457,0.017016036,-0.028259937,-0.17202128,0.11516866,-0.0007227505,0.013910379,-0.26430303,-0.12789929,0.10345153,-0.069401674,-0.0051094266,0.19908349,-0.20374388,-0.1730191,-0.25580186,-0.19155344,-0.111081794,0.033945445,-0.05119924,-0.054668497,0.009228371,0.16124058,0.07743188,-0.124359235,-0.07546311,0.036702618,-0.19000448,0.026733255,0.20101453,0.20114338
TCGA-D8-A27F-01A,-0.22454949,-0.041199397,0.30802637,0.0646775,-0.14488903,0.085085616,0.051148333,0.0270377,-0.20654367,0.034403972,-0.070024304,-0.031370714,-0.053992953,0.1897041,0.25812122,-0.025339995,0.17764086,0.12860264,0.050910052,-0.16689235,0.037271705,-0.02499354,-0.118452504,0.053788483,0.034201995,-0.06074076,-0.2584264,-0.07334442,0.013487278,-0.1895108,-0.026741259,0.10073034,-0.25328895,-0.112151384,-0.16995384,-0.29927647,-0.12485442,0.13157114,-0.05282341,-0.017654762,-0.12534411,0.13369963,0.06687349,-0.13295104,-0.030381937,-0.11706987,-0.2086292,-0.00041719654,0.20219667,0.23220018
TCGA-GM-A2DN-01A,-0.057060648,0.051048264,0.36565718,0.13700727,-0.1201265,-0.04127569,0.128741,0.17692295,-0.15994419,-0.06624677,0.01398254,-0.15875103,0.08518802,0.19075434,0.21111833,-0.117989875,0.028407713,0.29559478,-0.073483296,-0.22641188,-0.055697795,-0.06085891,-0.1311061,0.12003219,0.08861001,0.020641237,-0.3098821,-0.024804302,0.04094266,-0.18538949,-0.050205033,0.17720799,-0.16388506,-0.14937046,-0.07061363,-0.18832628,-0.08186621,0.10626664,-0.07659104,0.116928756,-0.048021376,0.0043188054,0.085123934,-0.27506468,-0.0050062793,0.00087027973,-0.07380772,-0.045142025,0.11199157,0.17195739
TCGA-BH-A1FL-01A,-0.13239852,-0.02993632,0.22232814,0.08495768,-0.13853619,0.10314894,-0.077871904,-0.004183008,-0.16927972,-0.0449221,-0.13056979,-0.06849811,0.02680917,0.2270227,0.101919465,0.023357645,0.04958481,0.25247172,-0.0643487,-0.2713471,-0.061208077,0.047609467,-0.18372981,0.047198396,-0.016778087,-0.049169965,-0.40307283,0.0037920333,0.20833284,-0.15781206,-0.1467874,-0.0069433427,-0.23165628,-0.10410105,-0.22750024,-0.2602054,0.039882135,-0.0674357,0.038056448,0.114777066,-0.10668102,0.059339307,0.15412034,-0.10955082,-0.0154982945,-0.1897619,-0.0075931163,0.0506361,0.19519144,-0.0020299302
TCGA-BH-A0DQ-01A,-0.23134845,-0.07089281,0.15425959,0.10760533,-0.06421296,0.099855185,0.010013975,0.019770171,-0.03275841,0.0021204345,-0.004685884,-0.089332,-0.0120626725,0.24674132,0.1449615,0.063258365,0.015470456,0.27542236,0.086320214,-0.11868266,0.11623064,0.018887516,-0.0017728179,0.15716043,0.10003636,-0.011644718,-0.36757055,-0.061151784,0.004400422,-0.2104365,-0.1008883,0.11619139,-0.42071024,-0.1855918,-0.17218608,-0.12183709,-0.08967968,0.12914738,-0.042080563,0.059954382,-0.12509272,0.15807791,0.17512496,-0.19581598,0.013346662,-0.10151635,-0.016043112,0.10937857,0.15201633,0.0413669
TCGA-AR-A2LQ-01A,-0.04226538,0.21941762,0.25656557,0.092161335,-0.122223526,0.12386351,0.11223305,0.25458252,-0.14845905,-0.27594155,-0.13103397,-0.005658929,0.04181356,0.21801917,0.090942346,-0.04851584,0.09329286,0.26062417,-0.10089206,-0.2939257,0.06206741,-0.13565378,-0.08541286,0.099790834,-0.07258188,0.027630605,-0.28840044,-0.13287237,0.025615046,-0.15425907,-0.25300416,0.11992924,-0.07766553,-0.15584064,-0.16554704,-0.118391,-0.07342123,0.027430646,-0.095234185,-0.0066387057,-0.0797034,0.19182725,0.007481536,-0.124909,-0.03075929,-0.071922846,0.042146448,0.046883836,0.080952786,0.08889186
TCGA-AR-A2LH-01A,-0.07576965,0.00966382,0.25266743,-0.14123085,-0.0329888,0.17242987,0.106973566,0.027429968,-0.19867854,0.01476785,-0.081248924,0.012739022,-0.023179777,0.07808877,0.13588487,-0.09225656,0.15602386,0.22966653,-0.13264126,-0.17544147,-0.057068057,0.049300127,-0.11424769,0.14444003,0.055622686,0.031160373,-0.27454108,0.13241713,-0.0055651744,-0.20845014,-0.071137875,0.13196255,-0.18290086,-0.26745954,-0.07912773,-0.30795953,0.04060017,0.074537,-0.08396218,0.0738203,-0.13833277,0.032992557,0.33509982,-0.005111524,-0.033396464,-0.014741316,-0.0717382,0.05803901,0.24718314,0.1732648
TCGA-AR-A2LE-01A,-0.12784635,-0.1132925,0.28162405,0.020020122,-0.11564763,0.078753404,-0.08457811,0.041217707,-0.21061918,-0.07711833,-0.0007932383,-0.07864747,-0.09171508,0.18771882,0.20763245,0.095202915,0.064569116,0.14032038,-0.1535339,-0.1850387,-0.042479895,0.09355807,0.014757531,0.103085816,0.020390078,-0.06905232,-0.3132938,-0.21744251,-0.009899715,-0.08557083,-0.06405365,0.16098519,-0.28012758,-0.31957436,-0.010319104,-0.14177969,-0.14715321,-0.14669159,-0.14404513,0.114187546,-0.0012378388,0.012262911,0.13771655,-0.016326595,-0.0049583106,-0.08876626,0.19766419,-0.016451577,0.21913157,0.1637457
TCGA-E2-A10C-01A,-0.107765965,-0.011322091,0.13366424,0.10862524,-0.13447087,0.16170827,-0.0696628,0.190106,-0.08750978,-0.14586723,-0.14300284,-0.039565224,0.03156551,0.29922312,0.10697818,-0.13665132,-0.053144634,0.1673135,-0.067593776,-0.24703407,-0.10504386,0.102666825,-0.109320566,0.15337507,-0.017511789,-0.04946607,-0.2539408,-0.21401809,0.0017205524,-0.1459227,0.06122748,0.07648179,-0.18877174,-0.22164252,-0.13346684,-0.24649072,0.027196242,0.12817472,-0.26453903,-0.13755795,0.049086105,0.20689572,0.1476998,-0.110635504,-0.103811435,-0.08012276,-0.009412197,0.113967404,0.15480423,0.038162746
TCGA-GM-A2DA-01A,-0.031697255,0.008257113,0.2833727,-0.028460192,-0.18424317,0.17036869,0.049260322,-0.044162877,-0.14647014,-0.24558116,-0.046535984,0.051565558,-0.024160175,0.081238285,0.17130572,0.0027918285,-0.03852569,0.23573692,-0.113120794,-0.09824978,-0.030844104,0.0683783,-0.049346007,0.1323881,0.033512637,0.06144754,-0.32731426,-0.028825883,0.018457714,-0.24408956,-0.09971662,0.18906926,-0.40110785,-0.17856331,-0.10616038,-0.15330535,-0.19011265,-0.024552535,-0.23001276,0.06330266,-0.06274891,0.20084134,0.12530385,-0.103896946,-0.012889799,-0.0099615315,-0.04654032,0.012402674,0.07192197,0.063581154
TCGA-A2-A0YG-01A,-0.043235473,0.07724357,0.3061562,0.056944333,-0.051198445,0.072139814,0.06843077,-0.00017713729,-0.108082905,0.040207803,-0.048033286,-0.17260718,0.067396425,0.22585353,0.0691577,-0.13533708,-0.026759518,0.1541314,-0.0065405015,-0.20199761,-0.063238084,0.0464152,-0.27150145,0.0105589535,0.01519051,-0.12937604,-0.2516794,-0.14028881,-0.073242284,-0.06832344,-0.10595474,0.22732154,-0.20627077,-0.19891092,-0.06427034,-0.17713402,0.06543763,-0.018178014,-0.0391044,-0.08716442,-0.05859343,0.26903975,0.118450955,-0.14788055,-0.11203769,0.036157764,0.08271363,0.15950382,0.19700858,0.33523
TCGA-E2-A1L6-01A,-0.07325927,0.03175986,0.23691165,0.08542904,-0.13085991,-0.03069648,0.1014516,0.16598949,-0.14819023,-0.11085744,-0.04680924,-0.19864784,0.11716877,0.09513315,0.06909387,-0.19733603,0.061856225,0.23619026,0.028007979,-0.20496975,-0.06705463,-0.014322352,-0.105574735,0.13725476,-0.030438941,0.11754551,-0.38854703,-0.17676601,-0.15507464,-0.07500856,-0.13497645,0.15507542,-0.24910912,-0.27907422,-0.056092538,-0.19392179,-0.03963327,0.06374678,-0.16535163,0.018530859,-0.1161026,-0.018246124,0.23224466,-0.08973729,0.035032757,-0.021039678,0.00053114654,-0.022330245,0.17043799,0.06975974
TCGA-B6-A0RP-01A,-0.28696102,0.075459376,0.28040114,-0.039316226,-0.10907773,0.20436166,0.0360743,-0.0030143769,-0.030824851,-0.03035541,-0.08274196,-0.09364277,0.03286639,0.22848588,0.22480333,-0.14247234,-0.037225343,0.1358246,0.05821771,-0.032206126,-0.059163604,0.15670021,-0.10472214,0.0705192,-0.021460706,-0.10105676,-0.33323905,-0.07070262,-0.055975612,-0.13796833,-0.006855054,0.05520616,-0.16548201,-0.16199769,0.098870054,-0.22804473,-0.10087678,0.12922274,-0.214548,-0.0948902,-0.12564324,0.22343162,0.15808472,-0.08197835,-0.07188445,-0.07955184,0.008773791,-0.03422555,0.25573942,0.20515142
TCGA-E2-A1IL-01A,-0.12955059,-0.121973984,0.20911013,0.09894389,-0.23613341,0.17261027,0.053921632,0.006818579,-0.028422438,-0.080960445,0.064673096,-0.04942849,0.004107127,0.1964319,-0.018437626,-0.059456315,0.09598778,0.20408551,-0.054995,-0.19633234,-0.043685663,-0.04112199,-0.12357094,0.20557772,0.053485323,-0.052699998,-0.32083228,0.019708235,0.053104766,-0.25530586,0.013294848,0.0067596873,-0.20878127,-0.18042594,-0.30152828,-0.14621116,-0.08818307,0.02979432,-0.22327267,-0.061119933,-0.07902816,0.06448585,0.04608042,-0.102046356,0.061638143,-0.14659457,-0.21354985,0.09035832,0.22849648,0.18493213
TCGA-C8-A26Z-01A,-0.18146811,0.09434004,0.14706135,0.0062405528,-0.09482492,0.045433708,0.13600636,0.09046949,-0.0696366,0.057001114,-0.18101095,-0.11705947,0.069780804,0.23761007,0.10373801,-0.031636056,0.008516497,0.22286719,-0.073702574,-0.0036733756,-0.09911825,0.11284973,-0.07641086,0.12322273,-0.04285332,0.021852963,-0.26887658,-0.09178334,-0.11666347,-0.14844204,-0.16145812,0.1470268,-0.2861246,-0.18019305,-0.20155394,-0.27113593,-0.062335726,0.019704359,-0.111137845,-0.012281586,-0.044907637,0.031080412,0.12696294,-0.13993493,-0.18546723,-0.22747645,-0.057635617,0.02535522,0.19963005,0.30344394
TCGA-BH-A0HY-01A,-0.18654157,0.06151701,0.108847685,0.043848526,-0.025438009,0.050909046,-0.016663726,0.08470745,-0.06727676,-0.021608014,-0.23818515,-0.17736849,0.06135885,0.22753534,0.01895034,0.008233908,0.11633647,0.1509165,0.056387328,-0.15593898,-0.13978149,-0.06837739,-0.15567985,0.043287553,-0.037806954,-0.014637618,-0.25824064,-0.05581881,-0.035342745,-0.09516806,-0.12067856,0.0140215205,-0.2934512,-0.2937737,-0.075165175,-0.2249583,-0.121035166,0.0039660223,-0.12682252,0.014028772,0.002447824,0.21883483,0.12970498,-0.20321627,-0.015348026,0.017278193,-0.06221034,0.2161918,0.3480076,0.19818257
TCGA-E2-A1LA-01A,-0.002575365,-0.060454097,0.20631427,-0.0107051525,-0.16635524,0.15730073,-0.050634023,0.18113974,-0.20683579,0.0021237365,-0.09400834,-0.18838446,0.12746008,0.06703209,0.1080745,0.05817821,0.055499274,0.34066555,0.060046904,-0.2790888,0.021957325,0.06106942,-0.15160426,0.2213094,-0.07554429,0.056465823,-0.33096698,0.055623636,0.042632967,-0.112912275,0.023221942,0.08822368,-0.1650339,-0.20675167,-0.24637637,-0.14889523,-0.14183801,-0.092221126,-0.026531935,0.04021433,-0.01942456,0.028781284,0.05037029,-0.23780395,-0.1251472,-0.012450901,0.08583095,0.051576845,0.17913991,0.14036638
TCGA-B6-A1KF-01A,0.020715851,0.041765522,0.3094908,0.026105698,-0.16631067,0.21528679,0.09493478,-0.04661348,-0.07373926,-0.03692241,-0.051353294,-0.11677468,-0.110490024,0.2523012,0.0037447307,-0.10923628,0.14669204,0.06113316,0.024423264,0.0032541181,-0.02543472,0.071806826,-0.043663494,0.10596275,-0.019671882,-0.014388111,-0.22635026,-0.12871273,0.023051403,-0.38140798,-0.07786217,0.08333971,-0.10634053,-0.33406428,-0.120219685,-0.24570619,-0.039456863,0.07148604,-0.035914417,-0.029480837,-0.11970968,0.25345674,0.15495962,-0.14776112,-0.11812226,-0.066538334,-0.16587171,0.060353238,0.16193566,0.16230129
TCGA-E2-A1LG-01A,0.059519943,0.0818309,0.17792867,-0.022217581,-0.06949027,0.22997859,-0.039788507,0.13117734,-0.08435741,0.14841597,-0.08167852,-0.078220464,0.079469696,0.2213718,0.16891298,-0.07867283,0.07319698,0.25900614,-0.06596389,-0.13437684,-0.16222662,0.22417243,-0.13191155,0.17360055,0.019514542,0.009426241,-0.3284106,0.087481566,-0.09132602,-0.18553549,0.041165702,0.11520078,-0.18532005,-0.2726485,0.042581785,-0.2084668,-0.17294283,0.02847997,-0.14765261,-0.06371248,-0.07744123,0.15742181,0.077479355,-0.19067398,-0.034631997,-0.06418848,-0.013898326,0.101707004,0.15502544,0.18137711
TCGA-D8-A1XG-01A,-0.109857775,-0.12844546,0.26497903,0.13420555,-0.18457082,0.049595017,0.022347717,0.034160774,-0.15368916,-0.025130356,-0.12008987,-0.09865023,0.00420767,0.23273766,0.12312296,0.04861183,0.14345726,0.23563044,-0.20419692,-0.058844965,0.085662,-0.016194163,-0.05611711,0.15648594,0.11729189,-0.17692378,-0.3210182,-0.11624117,-0.04584881,-0.08169347,-0.11129093,0.11016723,-0.36999765,-0.16340889,0.056035053,-0.1890957,-0.06636158,0.12830591,-0.07486454,-0.013828228,-0.095888376,0.13764745,0.055303637,-0.20634952,-0.08484517,-0.12882397,0.0067169075,0.089717254,0.19407466,0.031452317
TCGA-BH-A203-01A,-0.14831376,0.061429497,0.14309005,0.18427935,-0.16047494,0.10633733,-0.09083763,0.026179137,-0.13769789,-0.012562511,-0.03727737,-0.022015184,0.022003956,0.1936723,0.089487344,-0.012081545,0.0183579,0.17587733,0.15888676,-0.15896036,-0.12780298,-0.0119448,-0.11527292,0.056165554,-0.07468753,0.0060027437,-0.2741492,-0.12674765,-0.07048077,0.0062111323,-0.040433597,0.11928314,-0.26601714,-0.3172566,-0.09298368,-0.09306626,-0.07197423,0.15794963,-0.22712395,0.0045841746,-0.18189904,0.21502624,0.13208568,-0.25021738,-0.21586871,-0.033008326,0.0538046,0.13900232,0.19692162,0.1890229
TCGA-E9-A1N3-01A,-0.10455312,-0.018909363,0.38910127,0.058806043,-0.054891314,0.15900111,0.0015569938,-0.0627787,-0.11175899,-0.09740683,-0.13247792,-0.16433524,0.06967798,0.21682343,0.07036817,-0.052036677,0.13710354,0.09434123,-0.0605458,-0.2997731,-0.07085086,0.09011885,-0.17877932,0.028850954,0.02306125,0.051116057,-0.38289025,-0.19870777,0.035223547,-0.18324745,0.09225961,0.26069507,-0.19329147,-0.26072344,0.028662048,-0.090935536,-0.013400064,-0.041773647,-0.0035069443,0.04272146,0.025370946,-0.07362485,0.1145838,-0.12612318,0.034199137,-0.038916353,0.03400137,-0.029448472,0.21967377,0.040078077
TCGA-EW-A6S9-01A,-0.15659559,0.018156257,0.071410954,0.0002272022,-0.05299701,0.06765393,0.03455748,-0.06425086,-0.16237116,-0.13350886,-0.09490608,-0.24221252,0.06932152,0.1395267,0.06185629,0.03472462,0.16496302,0.18927714,-0.16636285,-0.17030355,-0.01597036,-0.016820617,-0.1075869,0.10483509,-0.0130403275,0.017489921,-0.29066566,-0.10725007,0.04199198,-0.31883863,-0.1374877,0.040105913,-0.31522897,-0.17106865,-0.09401231,-0.17660874,-0.13447084,0.022075556,0.014076226,-0.023704609,-0.21534455,-0.012247567,0.25157848,-0.20319405,0.028474906,0.04104738,-0.030280301,0.015248645,0.26143503,0.20460662
TCGA-D8-A1X6-01A,-0.21600899,0.06915518,0.0526802,0.116873674,-0.16165017,0.050353885,0.028006582,0.017719602,-0.10940515,-0.052954983,-0.07694686,-0.018063856,-0.0019206392,0.23015542,0.033598486,0.13822113,0.107897274,0.30755508,-0.084122576,-0.04482002,-0.12627451,0.12407512,-0.15824538,0.025731254,-0.029865049,-0.09887162,-0.36061496,-0.12073164,-0.086905606,-0.1408143,0.025959583,0.11019155,-0.24270679,-0.22161655,0.050081972,-0.20826827,-0.096205086,0.08906797,-0.010146587,-0.10082841,-0.038076065,0.16532145,0.09663262,-0.24755667,-0.13036533,0.08838032,0.03956139,-0.069503814,0.21697082,0.28502548
TCGA-E9-A1RG-01A,-0.16348015,0.021869779,0.30015332,-0.004766017,-0.104655735,0.2796556,0.019679055,0.1384662,-0.045030642,-0.025571937,0.05114184,-0.22354169,0.0043682726,0.3263459,0.05714355,0.016680216,0.060098838,0.2745198,-0.030095106,-0.14261794,-0.08536471,-0.021464407,-0.06186732,-0.022009656,-0.024305198,-0.017739777,-0.3035093,0.044205733,-0.07237547,-0.09098236,-0.022736276,0.12554353,-0.2848844,-0.20585348,-0.08224361,-0.20283128,0.0014315329,0.12689102,-0.19069494,0.020056948,-0.06814536,0.07667535,0.09711002,0.060583785,-0.098251246,-0.16572957,-0.06411276,0.050769787,0.13655369,0.24736787
TCGA-B6-A409-01A,-0.09337088,0.12458405,0.115111336,0.078397684,-0.09363398,0.08526907,0.002939291,0.12829964,-0.17657663,0.04450777,-0.21483491,0.023674492,0.0005554382,0.2280757,-0.0029414217,0.10242948,0.07967584,0.20247194,0.13824989,-0.039656155,-0.11566878,0.054623682,-0.11151903,-0.046285406,-0.07432747,-0.06153328,-0.29248273,-0.07659541,-0.00016030035,-0.1301179,-0.02321558,0.003316581,-0.15901266,-0.3446193,-0.09537609,-0.30652207,-0.12839024,0.15882744,-0.11530056,0.034284644,0.061444383,0.31550223,0.13908683,-0.01877693,-0.17364958,-0.097470656,0.010984472,0.16362043,0.19432893,0.18352573
TCGA-E9-A1NH-01A,-0.029567555,0.13652018,0.23190108,0.07856466,-0.15700002,0.04598522,0.00051260827,0.065746926,-0.13800164,-0.07986162,0.09637625,-0.12084367,-0.014241569,0.18540946,0.18194403,-0.07196736,0.0042046206,0.2347728,0.04057057,-0.044276483,-0.044236384,0.05313874,-0.113578945,-0.017215375,0.14273162,-0.081381045,-0.3394029,-0.120405994,-0.031108933,-0.154126,0.0582841,-0.05035491,-0.12136079,-0.19950335,-0.026870439,-0.3229062,0.16684696,0.08846893,-0.16300902,-0.108752675,-0.023162227,0.02082153,-0.032439895,-0.2090102,-0.17923306,-0.080601126,-0.034395088,0.17889826,0.32844543,0.21032335
TCGA-E9-A5UO-01A,-0.1237064,-0.09834026,0.10081404,0.1063482,-0.2797389,0.0815964,-0.029381929,-0.12607078,-0.14022775,-0.021886598,-0.12063395,-0.0728726,0.0943679,0.15365247,0.18780538,-0.013083237,0.113919236,0.19285889,0.00087763503,-0.063293025,0.014421086,-0.039942622,-0.08543288,0.018894885,-0.0621628,-0.0941883,-0.40475893,-0.15173511,0.0052696224,-0.1887098,0.07832348,0.11274665,-0.27945673,-0.29394567,-0.116877235,-0.119350255,-0.06279399,-0.04973527,-0.1566278,0.022823222,-0.13942102,0.12254143,0.12454791,-0.1362478,-0.052907996,-0.24619752,0.03763415,0.123959176,0.17848943,0.14748085
TCGA-AO-A03L-01A,-0.1237503,-0.012308964,0.22613387,0.10476956,-0.06361535,0.112628855,-0.004040435,0.03247112,-0.06896741,-0.065596804,-0.012393038,-0.15468273,0.07558552,0.2518618,0.20951253,-0.12335739,0.024696548,0.2588809,-0.047617678,-0.039807696,-0.04405716,-0.0133981,-0.16730511,-0.007542463,-0.041285004,-0.042032894,-0.2531052,-0.09034364,-0.2351179,-0.036763348,-0.13095075,0.033989202,-0.23065236,-0.27435067,-0.18177208,-0.16767712,0.05393359,0.1271391,-0.021455523,-0.20529252,0.052639484,0.2500528,0.20108056,-0.116880044,-0.05438103,-0.1135996,-0.07191181,0.046287537,0.13858037,0.27903685
TCGA-B6-A0X4-01A,-0.05544019,-0.015048029,0.3168412,-0.08369122,-0.1148824,-0.024107028,0.06974492,0.057488028,-0.15802939,-0.0184418,-0.1681495,-0.029029429,-0.06931759,0.11720373,0.12623133,-0.12717146,0.21005926,0.1893492,-0.109790005,-0.13597402,-0.037709363,0.09999155,-0.13260403,0.16402893,-0.0031170289,0.07697142,-0.45726475,-0.050365612,0.059772894,-0.18643288,-0.14388327,-0.021707086,-0.19161572,-0.25052792,-0.027157975,-0.13387142,-0.051852707,-0.03380731,0.019077953,-0.018261265,0.094351344,0.09987305,0.22063226,-0.14236948,-0.03249205,-0.19012742,-0.04524661,0.007841648,0.24295013,0.099764004
TCGA-C8-A273-01A,-0.027157433,-0.0004371984,0.27110174,0.15962435,-0.21048397,0.09776536,-0.13120176,0.01746202,-0.103901796,-0.044760898,0.033294775,0.01202306,-0.010245709,0.118802115,0.06909344,-0.06740987,0.045155764,0.2531112,0.05205707,-0.115085736,0.112124145,0.116132736,-0.03749585,0.108748384,0.16000803,0.0061596376,-0.51870704,-0.013035477,-0.07383513,-0.13919418,-0.026543386,0.14193773,-0.21759598,-0.124578476,-0.0769856,-0.22154751,-0.022611722,0.08581261,-0.10754266,0.032619946,-0.05502383,0.18117112,0.018444872,-0.12218578,-0.13790746,-0.107742,-0.14847319,-0.03928629,0.26345995,0.12764701
TCGA-PL-A8LV-01A,-0.056724407,0.0039272285,0.23030706,0.08405844,-0.12842111,0.19549939,0.018348398,0.13410144,-0.049678307,0.0765423,-0.056356777,-0.11367381,0.08435684,0.19708984,0.031522445,-0.06246731,0.08586372,0.25229108,0.090366036,-0.1655764,-0.0030333442,0.12779926,-0.045099124,0.05244052,-0.02915836,0.029557861,-0.27069253,0.042425137,-0.012264583,-0.08950622,0.031964228,0.115236,-0.27518582,-0.33940023,-0.20934854,-0.187442,-0.041375343,0.11036486,-0.06816659,0.0509186,0.021631243,0.3433679,0.0959495,-0.11321997,-0.12740025,-0.025057351,-0.042126883,-0.07165864,0.2216866,0.23881975
TCGA-E9-A1R2-01A,0.0010879126,-0.039059613,0.16542254,0.044383246,-0.28644907,0.106564514,0.102370255,0.016205192,-0.17196794,-0.09624144,-0.085186474,-0.052049734,0.033898838,0.19090942,0.1339341,0.014867111,0.18464734,0.26896736,-0.10271103,-0.15088408,-0.023495875,-0.011822605,-0.025455073,0.278142,-0.09269411,0.040533125,-0.4071432,0.011469168,-0.10587275,-0.17899376,-0.07768384,-0.033402946,-0.1940336,-0.196846,-0.0402072,-0.24093972,-0.103578344,0.068062425,-0.03076714,0.09370011,-0.013996638,0.16063009,0.077602506,-0.091454245,-0.1507568,-0.093531996,0.013110773,0.09495309,0.27054468,0.006986925
TCGA-D8-A27G-01A,-0.15413128,-0.012656447,0.1332545,0.032698415,-0.18039669,0.14395125,0.06890231,0.020534389,-0.08560365,-0.10442863,-0.015928105,-0.20166926,0.03080834,0.17897014,0.0075976574,-0.067157485,0.20797426,0.28631496,0.050258655,-0.154697,-0.12902823,-0.006421888,-0.06723749,0.17997317,-0.019890076,0.054589696,-0.3212063,-0.114747986,0.022499995,0.010132059,-0.09860368,0.17483538,-0.097603545,-0.31355855,-0.23680344,-0.12998436,-0.07461486,-0.14268582,-0.123271465,0.15726326,-0.15512,0.11389956,0.060972158,-0.1505193,-0.02993809,-0.19513683,-0.0503214,0.16012435,0.15474007,0.18720114
TCGA-B6-A0RV-01A,-0.010365156,0.07182145,0.03469638,0.12184636,-0.11724957,0.12848295,0.078404635,-0.012784442,-0.1247624,-0.1356594,-0.10742414,-0.15132956,0.006518732,0.17265394,0.11074488,-0.008808882,0.1727036,0.17344499,-0.07646199,-0.31218767,-0.06916723,0.025541436,-0.07345381,0.26937276,-0.035892084,-0.013023693,-0.17469443,0.007362067,0.062745005,-0.2160956,0.009815644,0.04280593,-0.3105906,-0.3144068,-0.15574858,0.013708372,0.02614041,0.02842245,-0.1511418,0.07558321,-0.075187296,0.06809384,0.19338125,-0.25284445,-0.10867121,0.032383196,-0.17204657,0.043444313,0.3036472,0.048322607
TCGA-D8-A1XZ-01A,-0.1403807,0.07369644,0.18295816,0.050874557,-0.10034056,0.16139665,-0.016094353,0.020085635,0.05821778,0.09404763,-0.011241912,-0.010650223,0.087742135,0.30137098,0.16953467,-0.07061363,0.090189904,0.14935508,0.0593785,-0.07178884,0.030418394,0.27469546,-0.2012196,0.12594065,0.047788683,-0.114684075,-0.34865555,-0.042122334,0.021456636,-0.1018263,-0.11584653,-0.01983324,-0.2022774,-0.1675822,-0.1852239,-0.15577365,-0.074752614,0.16342972,-0.18210672,-0.14392969,0.055640392,0.19561784,0.15618287,-0.15357657,-0.061102,-0.14558561,0.17592981,0.047613155,0.045065,0.24240331
TCGA-E2-A1L8-01A,-0.16362835,-0.061122853,0.19915707,0.0415546,-0.13780244,0.16791116,-0.073836304,0.10514346,-0.1313112,0.121505216,-0.05232119,-0.015717426,0.1341517,0.25844938,0.08574035,0.010642674,0.060778473,0.3124146,-0.088442005,0.003983601,0.051064156,0.13050404,-0.06311192,0.1928985,-0.031125685,-0.07413065,-0.35257962,-0.19789363,-0.05210328,-0.17853881,-0.13075535,0.009838558,-0.19587962,-0.1861245,-0.026328934,-0.051349156,-0.008393482,-0.039993413,-0.09312769,0.05831776,0.155522,0.049234193,0.110436514,-0.061630163,0.010175079,-0.24397126,-0.03485823,0.075018175,0.34401247,0.16723575
TCGA-AN-A0XS-01A,-0.15695098,0.030057998,0.13496439,-0.09975835,-0.047572948,0.13855435,0.03498501,0.012625988,-0.16185462,-0.011689944,-0.05246465,-0.09687084,0.027209189,0.43781734,-0.018907342,0.016950894,-0.006277359,0.25038704,-0.022532519,-0.08097096,0.041738685,0.075917006,-0.25953808,-0.0170653,-0.061923005,0.022113,-0.31461957,-0.10173413,-0.014803354,-0.08248074,-0.0008028233,-0.02165237,-0.27256554,-0.1840072,0.02279934,-0.33908108,-0.036942825,0.086057134,-0.23518518,-0.04303991,-0.03772765,0.100195386,0.17406707,-0.15862846,-0.08852144,-0.13577761,0.094687454,0.08358441,0.093454614,0.13544242
TCGA-A7-A13F-01A,-0.19732119,0.054130778,0.1956584,0.082273915,-0.098680265,0.09542014,-0.0116463,-0.029418861,-0.19043617,0.0077056317,-0.26636693,-0.12976314,0.044254247,0.30371135,0.06708192,-0.020677565,-0.12742883,0.057875786,0.013332595,-0.10954955,-0.026076727,0.10871092,-0.09129971,0.041829173,-0.10825273,-0.1030222,-0.29940888,-0.1155523,-0.028873809,-0.1742053,-0.12419904,0.026960665,-0.34695712,-0.14034699,-0.07777341,-0.21877117,-0.015937274,-0.05219531,-0.10245083,0.005156831,-0.082950786,0.17598508,0.15096742,-0.20559521,-0.085145056,-0.0813279,0.015949994,0.13102378,0.21045734,0.2387605
TCGA-AC-A62X-01A,-0.03396927,0.0018308851,0.28480297,0.07604658,-0.10408067,0.1597005,0.0935612,-0.0673222,-0.1493201,0.050685022,-0.078918464,-0.014390026,0.043142222,0.23587169,0.018983966,0.010948819,0.049042307,0.20423913,-0.050530072,-0.096249476,-0.010384544,0.013990803,-0.11046805,0.0038168342,-0.19293322,-0.09047704,-0.38847262,-0.024378821,0.06531676,-0.13511981,0.05379753,0.047618072,-0.22760442,-0.14450666,-0.083946966,-0.2102176,0.106765464,0.093110465,-0.04297682,0.06129989,-0.04343778,0.36907268,0.23682202,-0.016966134,-0.16557433,-0.042421848,0.057234615,0.13494505,0.14413325,0.2538555
TCGA-D8-A1X7-01A,-0.18300533,0.03765044,0.11287323,0.033498246,-0.12252633,0.116920106,0.116141245,0.059985023,-0.15889332,-0.096831635,-0.13792145,-0.08571137,0.11226353,0.2465313,0.077789605,-0.047779113,0.15282272,0.10886359,-0.18505952,-0.10997449,-0.019216625,0.11540008,-0.034836445,0.08728247,0.030726172,0.04066784,-0.4825584,-0.008139584,-0.017193472,-0.08275888,-0.13061282,0.104370095,-0.2231934,-0.26424477,-0.06331768,-0.17171223,-0.012454002,0.14011212,-0.15227622,0.11468453,0.015532757,0.13264476,0.028234463,-0.26614276,-0.014989859,-0.21270621,-0.08099081,0.054710537,0.17358106,0.06467745
TCGA-BH-A0DP-01A,-0.10875444,0.15122263,0.34517762,0.14605933,-0.17977849,0.15169105,0.01359545,0.13056044,-0.10229508,-0.13210931,0.05345391,0.060522296,0.137651,0.26773942,0.0752034,-0.12413978,-0.0353202,0.1985568,-0.12800755,-0.016562415,-0.18470943,-0.015025519,-0.23595577,0.082489476,0.05031533,-0.042433463,-0.3172701,-0.09570787,0.06503151,-0.16526936,-0.07304575,0.04565544,-0.29415366,-0.15352926,-0.07702392,-0.06778359,-0.13254775,0.03311946,-0.09918934,0.008890457,-0.016397092,0.24390611,0.11113149,-0.13026232,-0.14364539,-0.080618046,0.05139456,0.054038372,0.14417271,0.08419235
TCGA-AR-A1AJ-01A,-0.14994162,0.032883883,0.14476615,0.012835075,0.0010890261,0.15546836,0.021508679,0.1096104,-0.2438135,0.13634375,-0.14756419,-0.07024141,0.10435809,0.29581818,0.123793565,-0.09758044,0.12986383,0.13663742,-0.041010726,-0.12549272,-0.029682225,0.11256588,-0.124966055,0.027716052,-0.033359565,0.011530782,-0.21431121,-0.104506455,0.054747593,-0.18099998,-0.013701368,0.093365856,-0.2132828,-0.25942397,0.05099119,-0.20103598,-0.012831335,0.26444563,-0.24989897,0.112604275,-0.03442828,0.16558173,0.18798172,-0.16081814,-0.050130606,-0.012259549,0.074037634,0.035866342,0.26123396,0.19106677
TCGA-OL-A5RX-01A,-0.19977754,0.04807142,0.21238859,0.069716506,-0.07217595,0.09731688,-0.076697536,-0.0062450655,-0.2951239,0.01059778,-0.019235384,-0.13015161,-0.039863497,0.32525736,0.027928336,-0.12127911,0.107259884,0.2535977,-0.15869159,-0.100117736,0.09419686,0.042942718,-0.05119014,0.097493246,-0.051404186,0.023251666,-0.36195156,0.009949453,0.04639692,-0.17945813,-0.08582778,0.12766728,-0.09397988,-0.20765467,-0.1345034,-0.122175336,-0.21572474,0.09649283,-0.24079806,0.100664854,-0.07228125,-0.032175023,0.03189166,-0.06692796,-0.12388899,-0.18354607,-0.05609082,0.08711768,0.19758351,0.11888209
TCGA-E2-A1IN-01A,-0.15507588,0.0702698,0.28434217,0.13912684,-0.013010377,0.14174235,-0.10188548,0.07690639,-0.046869244,0.0062052812,-0.011277257,-0.063149,0.07269998,0.18029886,0.033986714,-0.10669335,-0.015823321,0.07264379,0.06027643,-0.08412065,-0.09182612,0.083059445,-0.14504185,0.10830301,-0.17499907,-0.074544065,-0.3656965,-0.1753545,-0.1479605,-0.24150445,0.058755476,-0.017126653,-0.1847867,-0.23722975,0.05316162,-0.32690325,-0.08318217,0.08594793,-0.08756749,-0.033621833,-0.047733065,0.1463853,0.08691801,-0.09784028,-0.22455256,-0.13165432,-0.04710767,-0.03637484,0.29636154,0.073646314
TCGA-D8-A1XK-01A,-0.06366165,-0.08476382,0.2711878,0.18696678,-0.11779609,0.24319628,0.0070355427,-0.020851487,-0.037926096,0.008461155,-0.12815064,0.07803128,0.012884952,0.2801847,0.029398926,-0.09806448,0.07311684,0.053353712,0.0018031218,-0.25239816,-0.14172852,0.09665127,-0.2464148,0.056764573,-0.015578212,0.07128964,-0.20482223,0.051778246,-0.1572562,-0.12449483,-0.065910414,0.018169215,-0.17897446,-0.1652709,-0.074748926,-0.2695142,-0.0986545,0.20418759,-0.060572784,-0.015093173,-0.2942242,0.1125503,-0.038142353,-0.23750551,0.008969513,-0.088695936,0.00454432,0.048113268,0.24516694,0.11432913
TCGA-AO-A1KR-01A,-0.05992004,-0.036047153,0.1644547,0.075826995,-0.09376186,0.26765504,0.11599707,0.029972304,-0.096998096,0.1405382,-0.121056736,-0.16171849,0.14682586,0.2328477,0.01222488,0.1266185,-0.03493595,0.2825437,0.07531859,-0.12374538,-0.05088471,-0.04776378,-0.12418313,0.0830122,-0.14975409,-0.097050324,-0.34981957,-0.06391885,0.12201201,-0.1045905,-0.12765796,0.14930472,-0.108189896,-0.22391425,-0.08241053,-0.04762139,-0.075075254,0.020708602,-0.12466658,-0.022620343,-0.18000479,0.15160023,0.09862878,-0.029297875,-0.12182339,-0.092814766,-0.02099104,0.16765234,0.25698614,0.27682233
TCGA-A2-A4S2-01A,-0.22041017,0.03608312,0.15382247,0.14411844,-0.22285298,0.22560365,0.12860598,-0.013052465,-0.21128146,-0.099342786,-0.052627224,-0.057473306,0.10550684,0.33117312,0.18919799,-0.036187198,-0.073612355,0.07700632,-0.03465998,-0.21167573,-0.021266166,-0.02770368,-0.11807986,0.11897767,0.11544086,0.00072544266,-0.28589976,-0.12579998,0.103825636,-0.18213971,-0.026457697,0.15247993,-0.30054516,-0.14531292,-0.17078981,-0.13341084,0.009891074,0.04915139,0.055832155,0.113617,0.07583517,0.00080862903,0.058447536,-0.29164425,-0.060876302,-0.08529289,0.034245018,-0.01493311,0.10734035,0.09683364
TCGA-A7-A26G-01A,-0.029984338,-0.06654371,0.29639372,0.20397377,-0.21989582,0.15151492,0.008698895,0.09095481,-0.09170327,-0.07005436,-0.21800198,0.010578182,0.11298357,0.23322645,0.15621252,0.008826639,0.1135896,0.19793238,0.016470768,-0.016406553,0.037099242,-0.006736188,0.020631852,0.16381896,-0.09187398,0.14827771,-0.300111,-0.07201615,0.028189033,-0.11489711,-0.13334665,0.075165085,-0.11133175,-0.32387608,0.02940323,-0.08364132,-0.10639653,0.14989495,-0.18075442,0.07820917,0.04110635,0.14426789,0.037315704,-0.096608326,0.00962624,-0.008852403,-0.120054945,0.030835943,0.34719855,0.14667833
TCGA-BH-A1EV-01A,-0.1743699,0.0367061,0.3090478,0.098167636,-0.16047814,0.08839974,-0.0026185326,-0.02610019,-0.15933901,0.0019941232,-0.059119094,-0.12159894,0.05460364,0.1783764,0.001144804,0.101542704,0.11470221,0.17185691,0.018124,-0.10235851,-0.12572196,0.1572446,-0.018534014,-0.008583954,0.046173148,0.0003443113,-0.24990404,-0.06269348,-0.08996135,-0.29500556,0.047594797,0.07234389,-0.26873118,-0.23122986,-0.14520134,-0.2203354,-0.16061737,0.021454703,-0.17494544,0.038766973,-0.03630486,0.16758141,0.17188096,-0.10942133,-0.21542601,0.08504847,-0.103397444,0.07041805,0.20329386,0.19813666
TCGA-A2-A0SX-01A,-0.009880885,-0.14050318,0.26727077,0.15165402,-0.06579348,-0.01934893,0.03799588,0.047837112,-0.16756879,-0.05340155,-0.07066146,-0.04703816,-0.070403814,0.27060774,0.09659698,-0.054932654,0.10847056,0.14492121,-0.088173315,-0.22791372,-0.059549943,-0.020402348,-0.2772166,0.22334589,0.0072142435,0.08511398,-0.3195687,0.0459662,-0.022388205,-0.1208496,-0.12812956,0.19003683,-0.1269471,-0.33524126,-0.0060315775,-0.09174253,-0.14675559,0.13274124,-0.10150109,0.020705035,0.041963696,0.11271649,0.028232697,-0.21613573,-0.10103794,-0.09071607,0.0019164176,0.10427676,0.20031807,0.1673494
TCGA-AR-A5QN-01A,-0.10250037,-0.044699557,0.063026905,0.014886369,-0.11975849,0.05024867,0.06929157,0.038974144,-0.10287939,-0.025813073,-0.0023010143,-0.05200615,-0.077189505,0.14110313,0.25205043,-0.07438139,0.0624241,0.13137467,-0.055578418,-0.34717914,0.08397924,0.053864304,-0.20902315,0.15944123,-0.022272013,0.01637978,-0.30724534,-0.008224136,-0.044211376,-0.23628439,-0.23484817,0.110250786,-0.20796767,-0.2143368,-0.1758699,-0.050588235,0.035665408,0.003609342,-0.05918048,0.102888286,-0.037225693,0.3315166,0.101051204,-0.18772931,0.088694,-0.10047855,-0.14575408,0.05810731,0.24437873,0.0997654
TCGA-D8-A1XF-01A,-0.07978011,0.13899478,0.2342667,0.25172874,-0.13849771,0.09319747,0.00913317,-0.044799455,-0.15856734,0.045226336,-0.12813033,-0.12470343,0.010003969,0.05106355,0.040216584,-0.11638841,0.1260961,0.077381894,-0.024276659,-0.21243972,-0.023049295,0.18113275,-0.19355276,0.065311834,-0.089308046,0.04478281,-0.2960825,-0.10578661,0.054091953,-0.2562116,0.028334526,0.13358165,-0.20350306,-0.1577694,-0.027911723,-0.27553132,-0.18450244,0.07334013,-0.18543337,-0.031181639,-0.0908887,0.20579511,0.008522667,-0.09811434,-0.05652291,-0.22976425,0.03278823,0.12693503,0.13131449,0.20455268
TCGA-E9-A1N5-01A,-0.17860831,-0.07451103,0.2037765,0.19548291,-0.18501912,0.12679936,-0.04011183,0.09406164,-0.19673376,-0.09579107,0.0005875158,-0.033487696,-0.03351077,0.068575144,0.12765734,-0.10861292,0.15629847,0.22658387,-0.23042223,-0.043883197,0.005051993,-0.090197824,-0.2165813,0.15811735,0.079622895,0.11171732,-0.1775761,-0.19090335,0.11058807,-0.121320054,-0.07200049,0.056216314,-0.27375367,-0.3211142,-0.10374137,-0.23126344,-0.12005481,0.055991814,-0.108562775,0.071830384,-0.05758436,0.11627313,0.05457014,-0.075908266,-0.040731054,-0.14069615,0.04222829,-0.08539088,0.24636701,0.112143844
TCGA-D8-A27M-01A,-0.08927908,0.0254231,0.21094915,0.08560135,0.03035828,0.23296008,0.044132043,0.14734939,-0.069781356,-0.0045324303,-0.061269294,0.17890887,0.07623917,0.2297406,0.28890127,-0.01902026,0.08787055,0.29648483,0.09436622,-0.17035128,-0.043170102,-0.003647979,-0.13076061,0.13456334,0.083737634,0.07311279,-0.33940348,0.1550536,0.025807058,-0.10523824,-0.12209358,0.096981004,-0.29674077,-0.10291233,-0.150535,-0.17162518,-0.051670462,0.0789344,-0.21118538,0.05329916,-0.058282882,0.10303794,0.10815331,-0.13895784,-0.008869646,-0.018250152,-0.03207289,-0.05847841,0.11054803,0.22394405
TCGA-S3-AA0Z-01A,-0.10338806,0.023053871,0.18354051,0.18109965,-0.10261605,0.14797612,-0.10252208,-0.10556022,-0.07608967,0.03716485,-0.22278546,-0.04537001,0.013927314,0.1722802,0.16850106,-0.13920991,0.14015089,0.070820495,0.077250965,-0.2336023,-0.0062774937,-0.0014664427,-0.063765936,0.07318011,0.011496901,0.0747129,-0.39980447,0.09738289,-0.03710912,-0.21297511,-0.035007454,0.14844172,-0.101956025,-0.17605627,-0.117491275,-0.26024252,-0.13084227,0.011604034,-0.04834829,-0.036712036,-0.022436278,0.17216638,0.1634533,-0.1702183,0.06256894,-0.072534576,-0.1146158,-0.05441769,0.13415855,0.34502208
TCGA-E9-A244-01A,-0.075611845,0.095201515,0.30789593,0.11922655,-0.07814536,0.1460167,0.06275381,0.098677665,-0.1326441,0.0049878866,-0.1445262,-0.14050812,0.17793213,0.14879735,0.18598388,0.08598695,0.24559164,0.11997043,-0.10131575,-0.060838506,-0.17047104,0.015267715,-0.16370383,-0.006385613,-0.06392143,0.060055524,-0.1903886,-0.08292641,-0.16918242,-0.16735892,-0.00026158124,0.06495107,-0.1625365,-0.12942632,-0.09513037,-0.28553748,-0.004980866,0.15225413,-0.10583625,-0.02698081,-0.13578813,0.2559256,0.17667072,-0.09987284,-0.19233547,0.023024008,0.053548627,0.037953865,0.26859844,0.12886754
TCGA-OL-A5D6-01A,-0.062175643,-0.09911036,0.15501101,0.085359566,-0.098160096,0.17675605,-0.002404676,-0.043675013,-0.22084612,-0.13916168,-0.19148925,0.008014331,0.10838911,0.2853114,0.17905952,0.048788514,0.19411188,0.023872634,-0.09365537,-0.14265007,0.10619876,0.029504126,-0.12675409,0.115045965,0.0016492038,0.04447343,-0.37264007,0.004491885,0.05102285,-0.072337165,-0.012743627,0.14642411,-0.21064101,-0.29522154,-0.054662596,-0.17663127,-0.010618622,-0.059450656,-0.07977309,0.03409731,-0.117573865,0.027307544,0.16990565,0.09658732,0.0005439522,0.047198612,-0.13299005,0.07386727,0.28601715,0.2525703
TCGA-A2-A0T5-01A,-0.11019649,0.15549846,0.24660231,0.1389736,-0.15709405,0.07527288,-0.088107586,0.10989172,-0.15708362,0.0390697,0.02632636,-0.08886215,0.016671816,0.05586851,0.054274667,-0.05851178,0.1387294,0.22775862,-0.12993333,-0.120486066,0.19433074,0.042697493,-0.0362599,0.17891558,-0.033489775,0.06424787,-0.4580401,0.0029458145,-0.035538632,-0.17985924,-0.11996285,0.24348533,-0.22575918,-0.11673691,-0.07751032,-0.19420369,-0.06207177,-0.058370285,-0.038736608,0.07039445,-0.090007104,-0.13740125,0.12069521,0.0013427011,-0.12522751,0.026709048,0.054376163,0.13398036,0.1682515,0.24866211
TCGA-AC-A2FO-01A,-0.28639966,0.007618685,0.22444348,0.079265006,-0.058228776,0.14939056,0.018458564,0.1313137,-0.13863422,-0.26596892,-0.0007392109,-0.044174507,0.23468849,0.10874433,0.09688059,0.1588563,0.09420826,0.14990146,-0.07818041,-0.17234252,0.05864388,0.001974025,0.042145133,0.03029657,0.030753927,0.17125104,-0.4202599,0.021779055,0.07126596,-0.20331939,-0.04744777,0.13097253,-0.2775144,-0.22838768,-0.11984997,-0.14850113,-0.041256152,0.10430102,0.06304018,0.04330117,-0.0600794,0.06184588,0.08400757,-0.17614256,-0.022623178,-0.11169604,-0.020259555,0.035453983,0.18331973,0.01566104
TCGA-C8-A8HR-01A,-0.23303261,0.0979899,0.10991211,0.20196648,-0.026815599,0.09014803,-0.037058163,0.027589343,-0.057242684,-0.1713768,-0.01380997,0.019816881,0.18655725,0.052388817,0.23705603,-0.017458001,0.18499693,0.28119785,0.008352982,-0.13588016,0.062523626,-0.12522009,-0.11827018,0.14171086,-0.0028551316,-0.05719059,-0.2820578,-0.017465573,0.11596819,-0.13607386,-0.005448604,0.17695157,-0.14426813,-0.35825673,-0.071607694,-0.16255383,-0.17655267,0.05051693,-0.15592507,0.07916401,-0.07963114,-0.0027949247,0.21195152,-0.1866965,0.013232981,-0.10159816,-0.09879482,0.089374915,0.19966,0.117370896
TCGA-E2-A1IF-01A,-0.12168475,0.09560213,0.20941311,0.16887839,-0.12032635,0.23720159,-0.12072343,0.1506899,-0.24173522,-0.12859686,-0.03978678,-0.089158855,0.06027628,0.22467199,0.045525804,-0.03387759,0.061210062,0.14944,-0.090153284,-0.18530361,0.024868935,-0.09420546,-0.02446662,0.19614871,0.052007906,0.05811273,-0.22998893,0.013818925,-0.0015965087,-0.18723579,-0.07108902,0.115280636,-0.19497828,-0.13214855,-0.03119825,-0.08816589,-0.06461395,0.0790412,-0.2106837,0.11675568,-0.16517796,0.09722721,0.2447125,-0.20506793,0.121834025,-0.19882461,-0.08112424,0.061883945,0.29358864,0.042607695
TCGA-AC-A4ZE-01A,-0.032060243,0.18277466,0.28175062,0.19917306,-0.011396851,0.21304852,-0.088833146,-0.038055632,0.053479817,0.026190504,-0.06320532,0.009734192,0.106618725,0.17592007,0.065263465,-0.07418208,-0.16629787,0.16240789,0.037763968,-0.12339572,-0.06792771,0.03630405,0.020442966,-0.038281813,-0.011224689,-0.046780124,-0.32854328,-0.08637189,0.01131844,-0.19440266,-0.0046718903,0.06585248,-0.20829566,-0.3276569,-0.14407556,-0.3519463,-0.09300007,0.0726889,-0.0077679404,-0.10186926,-0.121006064,0.10864305,0.128448,-0.0634677,-0.18520571,-0.09137335,-0.020863907,0.07733545,0.16024396,0.22800961
TCGA-C8-A1HO-01A,-0.17017917,-0.0658858,0.32616884,0.10984972,-0.10751708,0.09835378,-0.10383894,0.017539969,0.016514543,0.04716624,-0.07920263,-0.115097076,0.041393433,0.1685642,0.121646084,-0.011999496,0.08249908,0.19237031,-0.04606421,-0.38383552,-0.06413778,-0.074038565,-0.10045893,-0.0094846105,0.097132735,0.015708566,-0.39776403,-0.030845767,-0.040859427,-0.17445816,-0.045692854,0.15095876,-0.21149537,-0.26282763,-0.052951127,-0.11984714,-0.13077807,-0.069682375,-0.08168372,0.019400185,-0.0664905,0.07851879,0.12630221,0.036288224,-0.19041155,-0.021588705,-0.10017597,-0.037486423,0.2044502,0.17933555
TCGA-AR-A0TV-01A,-0.077529974,0.04032863,0.25021878,0.151333,-0.16752703,0.11913077,-0.07133206,0.08475343,-0.1294642,-0.095739685,-0.010417088,-0.098988935,0.1906664,0.3339519,0.16919208,-0.034396414,-0.05783767,0.19613944,-0.024510851,-0.115290076,-0.14879084,0.053724658,-0.122465804,-0.0286371,0.0076634134,-0.09896596,-0.2926972,-0.075646885,0.020226602,-0.12583211,-0.10184265,-0.0048102364,-0.114443704,-0.18366154,-0.034790866,-0.29264638,-0.16460031,-0.022894396,-0.067010775,-0.023025814,-0.053581577,0.08099527,0.17024489,-0.0675705,-0.23007286,0.09749771,-0.097912155,0.16983487,0.17275697,0.2726733
TCGA-AC-A6IV-01A,-0.2622537,0.01569787,0.060447946,0.06422383,-0.08497738,0.16000102,-0.05260568,0.25327513,-0.0718977,-0.1441411,0.01366375,-0.010894341,0.03678058,0.10227641,0.06296854,-0.07442861,0.13724568,0.1473359,0.03783625,-0.25782245,0.0049695508,0.056536395,0.0113432035,0.19156681,-0.036163546,0.035835765,-0.34671736,-0.028001735,0.01635566,-0.19571643,-0.111600846,0.07747845,-0.31912756,-0.27062094,0.026526408,-0.22397383,-0.035896175,0.009684416,-0.15967505,-0.0144001525,-0.14353164,0.14186214,0.15466286,-0.2207579,-0.03823506,-0.09907384,0.06728376,0.13882287,0.14146031,0.15898566
TCGA-A7-A5ZV-01A,-0.17085086,-0.09066413,0.351744,0.14026287,-0.05124421,0.21638888,0.1204236,0.11135108,-0.1681992,0.12623268,-0.077186234,-0.063956365,0.032531932,0.1660186,0.04329115,-0.06733245,0.082256265,0.14740823,0.05550363,0.007216328,-0.0594262,0.07756765,-0.11732853,0.23063853,-0.03197981,0.045099318,-0.21065961,0.06276512,0.023692453,-0.074416384,0.030269636,0.17930987,-0.2192721,-0.28618938,0.015255474,-0.2807916,-0.00054078776,0.135018,-0.08565581,-0.023745472,-0.106436975,0.120840214,0.15711161,-0.078219004,-0.093307346,-0.22497264,0.00094238215,0.06956286,0.24332866,0.19891916
TCGA-BH-A1ES-01A,-0.09227115,-0.08494821,0.1683385,0.020596249,-0.15052295,0.17257094,-0.027406337,0.025941662,-0.19251157,-0.08963219,-0.10039698,-0.041052267,-0.06876416,0.060607947,0.2371442,0.020050578,0.12225265,0.31670085,-0.075032555,-0.22515172,-0.051133983,-0.11691475,-0.08026231,0.16482164,0.026772728,0.00750196,-0.19279633,-0.080957085,-0.05756869,-0.16885166,0.0729033,0.15687469,-0.1580875,-0.13122159,-0.14434281,-0.24938583,-0.035370916,0.07294448,-0.10542056,-0.10675683,-0.15965661,0.064233266,0.34474418,-0.19103816,-0.10942319,-0.01816165,-0.14347844,0.039842904,0.2762913,0.044073246
TCGA-BH-A0DV-01A,-0.08059334,-0.034111515,0.18877545,0.06947288,-0.18902981,-0.065470256,-0.028675187,-0.03056851,-0.14021449,0.02936521,-0.015922543,-0.012401886,-0.043437447,0.19236918,0.004779854,-0.025803294,-0.048687167,0.18479972,0.014633382,-0.15840928,0.08855815,-0.11516096,-0.08904102,0.23005107,-0.10784305,0.07687412,-0.25400183,0.1001781,-0.029556101,-0.17397802,-0.057947464,0.1240222,-0.13661999,-0.2441765,-0.08056098,-0.32569245,-0.09253473,0.0717729,-0.08915791,-0.044477314,-0.16827056,0.16888475,0.23968412,-0.31487888,-0.001028621,-0.11267891,0.06437066,-0.026951423,0.34117216,0.044028696
TCGA-LL-A5YP-01A,0.019012215,0.12947501,0.33622023,-0.0045080325,-0.1649403,0.26852474,0.08284983,0.046261244,-0.106291726,-0.08045966,-0.22318631,0.014722502,0.14605123,0.13466437,0.048401326,-0.059401236,-0.032590818,0.16737942,-0.067363426,-0.06339518,-0.014061252,0.011707198,-0.06244892,0.119826406,0.029894056,-0.04112824,-0.27287814,-0.029209139,0.007116035,-0.12719083,0.038662534,-0.0105584,-0.15356262,-0.22065824,-0.12652028,-0.2851554,-0.16321628,0.12527058,-0.14077897,0.04153791,-0.01608389,0.21834381,0.20551701,-0.04978905,-0.17066433,-0.088780954,0.02251695,0.053603355,0.1256075,0.3378035
TCGA-A2-A0T1-01A,-0.2868509,-0.012443177,0.22430801,0.11500606,-0.12134473,0.1263594,0.09244417,0.15522407,-0.24344772,-0.01706394,-0.07825834,-0.055716332,0.20300753,0.24994951,0.117982045,-0.016390754,-0.037827227,0.32785642,0.11992989,-0.2134681,-0.0540308,0.08590732,-0.08390893,0.057102866,0.0004690954,0.04535867,-0.17715615,-0.05572791,-0.08567544,0.01656629,-0.01979372,0.0138992695,-0.14130607,-0.26927087,0.0788549,-0.14657132,-0.012181692,0.084083416,-0.07415912,-0.06595564,-0.037493613,0.1766476,-0.09213349,-0.109825276,-0.20482412,-0.027539024,0.006636639,-0.020476036,0.29610837,0.22033682
TCGA-AR-A2LM-01A,-0.10956583,-0.031918794,0.26496485,0.08391594,-0.15279399,0.09129338,0.035053086,0.061307598,-0.051644213,-0.06977675,0.0061020423,-0.118965186,-0.0049550696,0.29823682,0.052683752,-0.16473182,0.076482125,0.23296855,-0.15923494,-0.20009832,0.07823359,-0.08781919,-0.15605131,0.076178595,0.060541358,-0.05795921,-0.19968514,-0.08850578,-0.04573601,-0.14413871,-0.021420114,0.12809607,-0.21662048,-0.30014136,-0.11768332,-0.15254942,-0.2173633,-0.056686744,-0.24606058,0.004862173,-0.07173268,0.14253591,0.11052901,-0.17851856,0.059411034,0.11209403,-0.030677507,0.13379714,0.27853158,-0.03541171
TCGA-A2-A3XU-01A,-0.058767226,-0.00392096,0.16187847,0.09682021,-0.30669907,0.14916374,0.012422972,0.111847706,-0.09017185,0.22373113,-0.09028391,-0.011749194,-0.0008919949,0.22300787,0.20780595,-0.011196273,0.18019593,0.060236193,-0.015274075,-0.12988865,0.04219464,-0.12509711,-0.1419583,0.19470732,0.011022908,0.11240158,-0.25060123,-0.028869897,0.044424146,-0.23660016,-0.050528612,-0.030530995,-0.17086054,-0.15463778,-0.15932709,-0.31925976,-0.0888377,0.053284947,-0.09964633,-0.09944663,-0.13287896,0.08282257,0.1680664,0.0007931059,-0.22649477,-0.063838676,-0.054659132,0.15913127,0.12730089,0.20569034
TCGA-D8-A1XW-01A,-0.07313764,0.11512715,0.32969698,-0.050514266,-0.15688515,0.28998297,0.11582272,0.041202128,0.0032276548,0.054838,-0.10473614,-0.017363003,-0.054803357,0.22064407,0.11670762,-0.14182207,0.071328536,0.21203229,-0.025717841,-0.06828353,-0.027298411,0.080849946,-0.037768018,0.17449199,0.055396724,0.0320621,-0.3118996,-0.017484276,0.1337131,-0.17310362,-0.10910574,0.16171558,-0.10925058,-0.3262393,-0.043322712,-0.070938215,-0.17482246,0.11676597,-0.021079266,0.0019669607,-0.025919536,0.2323948,0.011289604,-0.08393435,-0.018607879,-0.027150208,0.08016924,0.19791053,0.25331953,0.14793983
TCGA-GM-A2DF-01A,-0.03579534,-0.008632829,0.27118072,0.12725763,-0.003389823,0.16280253,0.08870989,0.0032589843,-0.14840154,-0.06638534,-0.083179206,-0.019920317,0.0045825094,0.33058736,0.11975997,-0.11800716,0.11312559,0.16509363,-0.005090851,-0.34187293,0.00065878424,0.04585377,-0.091679156,0.19549301,-0.049944546,-0.096182264,-0.19895014,-0.046280753,0.029541997,-0.10433618,-0.05443646,0.22695403,-0.19347069,-0.23660606,-0.013872378,-0.12226807,-0.19056323,0.121845424,0.05716164,-0.04934969,-0.1320629,0.22475092,0.11784753,-0.15954773,0.0641338,-0.051103078,0.01725552,0.11772916,0.27128133,0.10304849
TCGA-E2-A1IG-01A,-0.16427112,0.06646916,0.23609206,0.11799381,-0.2225882,0.051530853,0.021498688,0.017436342,-0.21014075,-0.07169165,0.039291844,0.09766631,-0.029872358,0.24212365,0.213894,-0.06716938,0.013193204,0.2527073,-0.022096599,-0.22191164,0.0048090066,-0.176549,-0.13356976,0.09012426,-0.11022012,0.06039689,-0.17993169,-0.007779306,-0.0034106423,-0.13665505,-0.09763786,0.10289034,-0.3316291,-0.26245472,-0.018538745,-0.2649245,0.0055919667,-0.10114199,-0.08151261,-0.08317152,-0.023949409,0.06370003,0.09691101,-0.0719565,-0.069919676,-0.20685916,0.0075184447,0.07933655,0.1849772,0.19283795
TCGA-LL-A73Z-01A,-0.07044697,0.00793784,0.090181835,-0.013800646,-0.16706875,0.17438231,0.07494827,0.0801536,-0.25429553,-0.0715387,-0.12159039,-0.08132957,0.02150769,0.20044021,0.057407018,0.027961396,0.042324554,0.18606095,-0.009496611,-0.30590516,-0.016834743,-0.071601704,-0.00034457818,0.07741122,-0.07760021,-0.038865548,-0.37070665,0.017834442,-0.08031306,-0.18264434,-0.1265074,0.12872991,-0.14451641,-0.26307443,0.024198346,-0.31167713,-0.21231303,0.011718988,-0.09589324,-0.0550258,-0.1756042,0.09048569,0.0849123,-0.18902034,-0.10327645,0.06157795,-0.025275532,0.047162686,0.21446505,0.17524584
TCGA-AC-A2BM-01A,-0.25644428,0.0532567,0.20505525,0.13074504,-0.1010384,0.09565133,0.011677886,0.036683813,-0.014810219,0.0050849887,-0.00048137983,-0.11162942,0.05192988,0.12532815,0.049792584,-0.09621626,0.040130384,0.22401392,0.17971955,0.006852688,-0.21615529,0.10354414,-0.0645222,0.094756976,-0.18524854,-0.011228952,-0.4105156,-0.08976181,0.04314998,-0.13389868,0.033908065,0.13443302,-0.34728667,-0.17055081,-0.08349536,-0.26787415,-0.13491699,0.06999404,-0.11878335,0.08304359,0.012615946,0.0985081,0.059949324,-0.16117094,-0.05152907,-0.07281489,-0.05037255,0.073452935,0.20865838,0.180047
TCGA-BH-A1F0-01A,-0.047782432,-0.005558598,0.20260671,0.08609667,0.0067246957,0.17145993,0.01762503,-0.073006034,-0.17983592,-0.045328703,-0.037425,-0.016008629,0.17793736,0.27771246,0.16212286,-0.098808624,-0.042248067,0.22080529,0.111966975,-0.2364766,0.055294693,-0.1624787,-0.00473975,0.14034465,0.06803036,0.15062477,-0.3294812,-0.055044875,0.04791604,-0.07709723,-0.008057527,0.18887511,-0.30449226,-0.12866409,0.039237846,-0.19471648,-0.11667602,0.16619271,-0.14707954,0.008018586,0.044239316,0.12053387,0.1501285,-0.1559657,-0.17490782,-0.013994634,-0.09065717,0.046857994,0.11883401,0.22774991
TCGA-S3-AA14-01A,-0.1405854,-0.030831812,0.09796444,-0.027160738,-0.032502126,0.021520078,-0.1793324,0.023919912,-0.16888386,-0.12743045,-0.09402911,-0.107583545,0.079223484,0.35598657,0.11079512,-0.114954926,0.15147084,0.19042905,-0.119261965,-0.24242283,0.013070494,0.14600678,-0.13895065,0.15820351,0.07799844,0.025179215,-0.25803468,-0.050685532,-0.06918182,-0.20264533,-0.08808425,0.1383305,-0.3169315,-0.2735653,-0.059465867,-0.10710923,0.06378649,0.033233218,-0.17533222,0.042406198,-0.12163873,0.07747114,0.13165575,-0.13107906,-0.0046005985,-0.034866974,-0.020031318,0.020329203,0.12216238,0.25317892
TCGA-D8-A1Y0-01A,-0.1505617,-0.10325432,0.15159534,-0.027608132,-0.19370632,0.1687003,0.03475325,-0.016648356,-0.15853487,-0.24415877,0.022978505,0.03581817,0.12880948,0.23698261,0.18670148,0.007844542,0.014233771,0.09755478,0.044183537,-0.28342193,-0.024496388,0.05409659,-0.0075810314,0.031043297,0.064523615,0.00091500115,-0.36124873,-0.061639234,-0.0073055453,-0.116543405,-0.085962616,0.16095825,-0.27159745,-0.21560995,-0.18308839,-0.2939474,-0.08636858,-0.06816513,-0.18621317,-0.008208331,-0.01166455,0.01859471,0.09823388,-0.08224731,-0.17725863,-0.10641813,0.116863646,0.06682877,0.15367122,0.10429653
TCGA-A2-A0YD-01A,-0.28971553,-0.05672526,0.19096237,0.065621234,0.093061246,0.008977179,0.001523285,0.017313858,-0.14543898,-0.16852868,-0.071603216,0.04539446,0.14051624,0.27480167,0.12653297,-0.15008053,0.15947358,0.079963475,-0.07180616,-0.28690827,0.028499406,0.1331944,-0.063733146,0.11701956,0.086519115,-0.061700754,-0.2826667,0.06951036,-0.06686992,-0.071903676,-0.07295592,0.19883995,-0.2400239,-0.3262849,-0.032674957,-0.16275491,-0.043179855,0.024342554,-0.17856805,-0.0073885377,-0.026208624,0.20950375,0.105132066,0.0017044832,-0.015404133,-0.042809393,0.078992225,0.10777732,0.20105742,0.15603876
TCGA-S3-AA10-01A,-0.07020423,0.10399937,0.24311681,0.10295697,-0.15240233,0.08396202,0.038137954,0.053100474,-0.15620479,0.122426994,-0.16380115,-0.026871687,0.14962412,0.31061944,0.08870821,0.038870428,0.0046116123,0.118062295,-0.020865511,-0.13754778,-0.14207596,0.0025473326,-0.11087205,0.061827887,0.027150452,0.01577024,-0.24318583,-0.14418752,0.008752778,-0.17089118,-0.08151631,0.14600374,-0.2019017,-0.14681031,0.03788814,-0.34181634,0.07647927,0.093562156,0.02952992,0.017216288,-0.05875135,0.23525119,0.34790793,-0.16818303,-0.013349184,-0.011760868,0.034263,0.15554227,0.13177621,0.17173992
TCGA-D8-A27H-01A,-0.039691653,0.056144748,0.27959,0.10284764,-0.19833422,0.17187643,0.04987554,0.06700198,-0.105613634,0.023322444,-0.027899615,-0.08027999,0.018145747,0.16813515,0.22152644,-0.10099904,0.16883746,0.24717565,0.0451853,-0.17314294,-0.047792975,-0.019313749,-0.13656527,-0.0056749233,0.023169965,-0.1320646,-0.33355173,0.13905376,-0.01055809,-0.09188696,-0.11480287,0.18682012,-0.18835981,-0.20044804,-0.0017662739,-0.2917174,0.06386461,0.042507928,-0.12729979,0.12723258,-0.04106767,0.15716083,0.24647525,-0.039273087,-0.07946261,-0.18606406,0.036412224,-0.0060826405,0.12601665,0.17265742
TCGA-BH-A0DI-01A,-0.1906458,7.7939534e-05,0.0915075,0.01526951,-0.23998609,0.15823798,0.05348134,-0.092998765,-0.24968512,-0.08165231,-0.03691166,-0.03311006,-0.051136352,0.29830492,0.031567633,-0.07693194,0.15595864,0.07963467,0.051087867,-0.23272732,-0.12790355,-0.04574294,-0.08177629,0.11230324,-0.040793452,0.09681967,-0.40587237,-0.0525867,-0.050009135,-0.117613785,-0.082172066,0.15717368,-0.21429464,-0.33065107,-0.017032757,-0.21071757,-0.108149596,0.0002512067,-0.008438427,-0.028083706,0.06390695,0.089025475,0.2149613,-0.061314404,-0.060508814,-0.040074494,0.045724697,0.07533629,0.21003431,0.08821461
TCGA-A7-A26E-01A,-0.14104015,0.0136807915,0.2266764,0.106183544,-0.01599489,0.13844037,-0.12836584,-0.044058345,-0.05323586,-0.19083199,0.065277055,-0.037017375,-0.09041241,0.24844837,0.14965206,0.01438971,0.07889122,0.2603145,-0.026737653,-0.31582376,0.054520488,-0.029190041,-0.05785296,0.042494603,0.05361103,0.06429263,-0.45903933,-0.15412508,-0.10506478,-0.1741787,-0.0021096503,0.14919378,-0.18017131,-0.119537614,-0.034484494,-0.122341774,0.008663846,-0.038740907,-0.07570372,-0.004852278,-0.15669546,0.11925506,0.22692831,-0.104846604,0.07223424,-0.07841384,0.06809956,0.14748128,0.17736603,0.11303483
TCGA-GM-A5PV-01A,-0.14139853,0.015373756,0.25359675,-0.006375201,-0.09545288,0.15595509,0.10235087,-0.05065497,-0.16635033,-0.119874425,-0.09701097,0.0391107,0.031344477,0.26821676,0.20007393,-0.046685304,-0.02276617,0.14360659,-0.04159274,-0.20194548,0.17962845,0.044734135,-0.0009893796,0.14544569,-0.101288244,0.015091576,-0.34797272,-0.04703886,0.013121855,-0.18448606,0.061924174,0.17618187,-0.197059,-0.2649949,-0.12754615,-0.094871305,-0.14441569,0.050359737,-0.10320559,0.028476285,-0.087415375,-0.02987785,0.24063669,-0.24209009,-0.056103613,-0.10709219,-0.07105069,-0.04008609,0.23694043,0.0851373
TCGA-A7-A26F-01A,-0.00020374011,-0.15710995,0.24433231,0.111040674,-0.11292827,0.13018692,0.018996052,0.12370422,-0.2219656,0.004331312,-0.12367399,-0.031872306,-0.055890474,0.21722248,0.13041997,0.010279289,0.066591784,0.26292703,0.032083996,-0.08175584,-0.08336655,0.024876283,-0.12754579,0.12196479,0.016561516,0.058707092,-0.34218585,0.054089062,0.051133934,-0.2193339,-0.06621992,0.060602978,-0.1661427,-0.2536161,-0.13938573,-0.23570335,-0.17067014,0.027098209,-0.06783634,-0.019778758,-0.12439051,0.2570152,0.26003218,-0.11733935,-0.14537394,-0.12054719,-0.013164505,0.09833733,0.058952346,0.09342509
