,0,1,2,3,4,5,6,7,8,9,10,11,12,13,14,15,16,17,18,19,20,21,22,23,24,25,26,27,28,29,30,31,32,33,34,35,36,37,38,39,40,41,42,43,44,45,46,47,48,49
TCGA-A2-A0CR-01A,-0.20580578,-0.048434913,0.20355934,0.018489579,-0.21422105,0.03237753,0.0015302658,0.20829208,-0.1540419,-0.06309838,-0.13649753,-0.03530787,-0.022149237,0.24957414,0.18281874,-0.1203643,0.06918349,0.038003147,-0.01722592,-0.20463593,-0.06406427,-0.07961226,-0.0498458,0.16499837,-0.11482929,-0.06140867,-0.39349967,-0.08697097,0.0060950583,-0.21922036,0.053764354,0.21440518,-0.18101098,-0.23570932,-0.19808735,0.031437475,0.07403822,0.10104658,-0.19048017,0.038031396,-0.07119398,0.07572509,0.11881987,-0.11191757,-0.014544328,-0.058762148,0.012669271,0.18070239,0.0904534,0.18964463
TCGA-BH-A0C0-01A,-0.15122052,-0.0092120245,0.20934795,0.12642242,0.04341178,0.2702899,-0.026686305,0.0671004,-0.12784325,0.012117838,-0.3222154,-0.09489062,0.012577958,0.2150394,0.06806704,-0.12376705,0.082696915,0.2064555,-0.08717826,-0.10266837,-0.085212216,0.034445904,-0.15840156,0.068225786,-0.025530454,-0.036501393,-0.45892292,0.048416518,-0.032888483,-0.10243354,-0.121724784,0.1105521,-0.22207087,-0.15166038,-0.015064927,-0.15359153,0.047622137,0.020157699,-0.15816571,0.035447188,-0.097623646,0.10443134,-0.01829877,-0.14269531,-0.06509736,-0.077118434,-0.13042137,0.0118865445,0.18704258,0.23136526
TCGA-XX-A899-01A,-0.2766245,0.008321633,0.0020908862,0.040050894,-0.09333359,0.23406227,0.049839314,0.1288672,-0.22086403,-0.02809299,0.045893915,-0.05488362,0.05785677,0.17520708,0.043381408,-0.041982766,0.07337498,0.31543556,-0.020190246,-0.24532968,0.038707227,-0.027594967,-0.07999745,0.13404126,-0.17818256,0.08079895,-0.3666455,-0.10867135,0.041506667,-0.2667371,-0.11918641,0.05385743,-0.19592096,-0.13921288,-0.22755072,-0.21450555,-0.016726991,0.06988649,-0.021186968,0.15671787,-0.015454464,-0.038812306,0.17683223,-0.079885095,0.021418141,-0.13784502,-0.05987239,0.03888317,0.035234425,0.17121215
TCGA-GM-A2DD-01A,-0.30062416,0.056773275,0.10760526,-0.013132195,-0.14902666,0.09281412,-0.01702426,0.049439374,-0.15650007,0.014970151,-0.10827353,-0.13919185,0.01810559,0.19509013,0.19667578,-0.063305534,0.051573545,0.23162,-0.080499895,-0.13309297,-0.14188679,-0.014253154,-0.0777638,0.1827645,-0.04406372,-0.0037183969,-0.3363628,-0.031966798,-0.046604175,-0.21385616,0.0017578156,0.039275784,-0.1572605,-0.17598842,-0.120436154,-0.27406704,-0.09125962,0.22295529,0.058083974,0.06816319,-0.07786945,0.071741655,0.20334795,-0.19297518,-0.12468493,0.031319503,-0.04019344,0.07411479,0.19045863,0.23928645
TCGA-E2-A10C-01A,-0.12330385,0.026452383,0.14678171,0.15110086,-0.112934895,0.026824404,0.05988654,0.17047903,-0.005800227,-0.07180229,0.01584133,-0.09116522,0.06727378,0.2334523,0.17761172,-0.103720315,0.07340678,0.14798185,0.08616403,-0.1734259,-0.18670456,0.0044237697,-0.03462885,0.07325904,-0.10817783,-0.038295057,-0.45189145,-0.14895856,0.10317965,-0.028294973,0.030229555,0.15885594,-0.16559345,-0.19008563,-0.087847404,-0.16541475,0.022955673,0.12851813,-0.112226665,-0.08326278,-0.024116075,-0.052332874,0.24135816,-0.21895073,-0.20156004,-0.1669321,-0.09023444,0.17175427,0.19780695,0.07172598
TCGA-A2-A0T4-01A,-0.18885233,0.0018754166,0.08430171,0.09672563,-0.059087347,0.18224503,0.03974831,-0.027254328,-0.15311009,-0.04670724,-0.033602558,-0.09108098,-0.0002690883,-0.052496478,0.19906788,-0.030216806,0.02014525,0.33867726,-0.05682039,-0.24674456,0.0076303645,0.13106029,-0.013786986,0.048023026,-0.1589713,0.14334133,-0.3581661,0.032885097,-0.07427904,-0.22983904,-0.009574946,0.17500621,-0.17815359,-0.06953747,-0.0037530747,-0.15993463,-0.0031611337,0.23489866,-0.05062276,-0.09212567,0.03485036,0.10555275,0.067188606,-0.24134567,-0.107809335,-0.10761752,-0.17129809,0.106640466,0.2883753,0.12921609
TCGA-A8-A08O-01A,-0.12792829,-0.03724609,0.19878827,-0.0073379846,0.055731855,0.09418305,0.15007767,0.013546287,-0.20099361,-0.12776622,-0.042694304,0.08421644,-0.026669325,0.28142878,0.11664005,-0.14878102,0.05600578,0.28128913,-0.079790466,-0.25835523,-0.0025262202,-0.091207966,-0.04407219,0.21181692,-0.097307324,-0.052862223,-0.290344,-0.17497113,0.07104598,-0.15414995,-0.08251451,0.18228593,-0.28466597,-0.2081912,-0.07559771,-0.24659482,0.054923926,-0.0136868395,-0.18063782,0.022142142,-0.16457102,0.10864801,0.0011349614,-0.10286259,-0.06638689,-0.11248395,0.06031971,-0.08726616,0.122263886,0.014491834
TCGA-BH-A0BF-01A,-0.15730058,-0.03740268,0.16482265,0.0037974354,-0.2151865,0.07656917,0.06621913,0.028522998,-0.18265705,-0.020128781,-0.13622022,-0.0037763186,0.11738055,0.25528327,0.0045212437,-0.00617553,-0.019747881,0.1486585,0.03501541,-0.18039587,-0.03327058,0.09570928,-0.0125534125,0.010449932,-0.0794624,-0.021703951,-0.54054546,0.04693466,0.006999971,-0.1837494,-0.055596218,0.047423095,-0.17588244,-0.09415725,-0.17004962,-0.04695101,-0.095625415,-0.19188394,-0.18450604,0.03787788,-0.092044,0.014382374,0.31278333,-0.12062974,-0.12779206,-0.0038639186,-0.05452382,0.103445575,0.17181508,0.13370134
TCGA-AR-A1AN-01A,-0.24206808,-0.05839394,0.17757985,0.08182269,-0.05980781,0.09330995,0.0025885631,0.1962695,-0.18399593,-0.10286625,-0.044663053,-0.1348376,0.007699585,0.028484292,0.17334192,-0.019396141,0.08621665,0.27567747,0.05426994,-0.3004031,-0.05881783,-0.06493247,0.010113713,0.13867037,-0.08522109,0.110571764,-0.37236568,-0.054606903,-0.1148324,-0.19292895,-0.14191598,-0.023799933,-0.11486468,-0.23910376,-0.14903238,-0.18032359,-0.08083826,0.01573104,-0.15362743,-0.004014128,-0.044143457,0.14600304,0.21299066,-0.0073812813,-0.033305403,-0.13920642,-0.18386108,0.13863435,0.040820636,0.13350137
TCGA-BH-A0H9-01A,-0.27121472,0.06771674,0.30808204,-0.023818573,-0.075312234,0.25210288,-0.019450672,0.05881335,-0.109926976,0.09532106,-0.096664175,-0.13906547,-0.008426258,0.10671315,0.10120605,0.008298365,-0.024851851,0.15463236,-0.0075826244,-0.26191872,-0.07541949,0.031645562,-0.11853244,0.092334345,-0.10281405,-0.04196314,-0.30435875,-0.030512968,-0.09654769,-0.106397875,-0.11614454,0.21087402,-0.24711823,-0.19083793,-0.15610951,-0.11458507,-0.078569025,0.21959817,-0.03989631,-0.04189802,-0.12814696,0.11046601,0.10627428,-0.07975113,-0.032942645,-0.22507952,-0.16732562,0.13963863,0.14720564,0.121721506
TCGA-LL-A7T0-01A,-0.1882388,0.18000117,0.35361847,0.055568684,-0.22499385,0.16270481,0.065582424,0.08949396,-0.2052212,-0.04573997,-0.10273261,-0.032628145,0.19776408,0.20974341,0.16710566,-0.094295114,-0.104227655,0.19306237,-0.045356434,-0.2371525,0.034070987,-0.06432636,0.01748422,0.16450141,-0.065981336,0.055435058,-0.2502776,-0.15348414,0.026193637,-0.070944615,0.09162175,0.056966353,-0.045392673,-0.17953888,0.054057468,-0.27274758,-0.06348433,0.13192177,0.0047951457,-0.051640574,-0.098450124,0.054605074,0.08851766,-0.11137916,-0.21747936,0.00198304,0.06800855,0.17394555,0.1372782,0.13829084
TCGA-EW-A1J6-01A,-0.061572507,-0.0969956,0.20373252,0.10994911,-0.11684815,0.09393523,-0.019223185,0.039009053,-0.06654075,-0.09513367,-0.067874566,-0.014727681,-0.0032953732,0.24871555,0.2155208,0.06848133,-0.060256105,0.29771134,0.08223532,-0.27460372,-0.053360123,0.01585382,0.08544598,-0.071051635,-0.0028143732,0.16981179,-0.22263584,-0.122693494,-0.096541815,-0.20481391,-0.025603017,0.2591693,-0.254931,-0.16939223,-0.052312948,-0.09135391,0.067659676,-0.0011442183,-0.059912995,0.073683724,-0.1236617,0.09592338,0.2520105,-0.1673333,-0.114442825,-0.13906994,-0.11873258,0.005387569,0.30078593,0.06069289
TCGA-OL-A5D8-01A,-0.034973685,-0.031716727,0.24972576,0.00063842256,-0.16984668,0.051546745,0.050526746,-0.06874328,-0.09640266,-0.2559163,0.005123323,0.13769123,0.19169979,0.24915783,0.13908398,-0.05390556,0.01568327,0.28723308,0.06060343,-0.044390306,-0.046484735,-0.06763336,0.051345505,0.18718377,-0.009640365,-0.050271604,-0.22783498,0.14251104,0.032605376,-0.18082778,0.008339256,0.18428358,-0.2653567,-0.24238329,-0.17845906,-0.26127303,0.051994953,0.014668944,-0.19609693,-0.033372805,-0.12039406,0.0020766074,0.17336784,-0.08452633,0.033874884,-0.02934819,0.031204678,0.042310767,0.26788008,0.079675324
TCGA-D8-A1JH-01A,-0.064323574,-0.025380056,0.19053392,0.12539244,-0.22722302,0.13027233,-0.042768463,-0.08010574,-0.15273562,-0.0331486,0.096365504,0.12147044,0.0018925347,0.17211206,0.20430078,-0.04885214,0.023595016,0.29495504,-0.074415,-0.15970819,-0.069562875,0.034674406,-0.111033194,-0.00971182,0.053624976,-0.06884972,-0.46208772,-0.033682678,-0.08282722,-0.2998148,-0.06666973,0.23452635,-0.10393629,-0.2816923,-0.088579625,-0.16564435,0.05468884,0.123044066,-0.064057894,-0.025856335,-0.11659721,0.0037103102,0.023984576,-0.15110435,-0.048995737,0.026232747,-0.043906093,0.0892659,0.17366202,0.00942222
TCGA-EW-A1J5-01A,-0.13692948,0.048235007,0.26592436,-0.0907991,-0.08396021,0.100279205,-0.005130446,-0.1442776,-0.19041684,-0.06815091,-0.16001484,-0.06842523,0.04486328,0.18310727,0.13153574,-0.022136513,0.17386964,0.35505503,-0.015563985,-0.26264018,-0.048392512,0.00349875,-0.11303675,0.1349829,-0.09240676,0.10892846,-0.45687106,-0.0358946,-0.055855054,-0.1294675,0.018018674,0.082635425,-0.26260105,-0.110394605,0.12617232,-0.09135703,-0.12769382,0.049078345,0.10123216,-0.114600495,-0.07702159,0.07157964,0.11558851,-0.0032722468,-0.13054095,-0.13605404,-0.014730159,0.056261525,0.031107152,0.09658902
TCGA-EW-A1IX-01A,-0.16532397,-0.105862714,0.09854746,-0.00219476,-0.11002427,0.26166996,-0.1307025,0.031331614,-0.13462612,-0.08783461,-0.1130268,-0.18492284,0.09430114,0.2316259,0.18954647,-0.039635975,0.03798232,0.2718858,-0.04388227,-0.23646836,-0.0142970225,-0.08041708,0.074314736,0.097337574,-0.030563472,0.041423567,-0.24563433,-0.037018638,0.026925312,-0.01218839,0.036129892,0.04724221,-0.2575561,-0.23622093,-0.17262043,-0.06752174,0.0040097963,-0.04860589,-0.13879351,0.02639488,-0.031286955,0.18637553,0.07001159,-0.15752263,-0.131425,-0.16527556,-0.039660826,0.19583172,0.25242576,0.25321054
TCGA-E9-A1R6-01A,-0.2086651,0.031933628,0.12941918,-0.006011741,-0.17872705,0.13714337,-0.00792911,0.06531254,-0.00066179445,-0.04364385,-0.06180747,0.058014102,0.035937194,0.18605602,0.27586383,-0.038231093,0.007129851,0.35037455,-0.01986594,-0.16453817,0.05548637,0.044212833,-0.08521562,0.08681071,0.08683742,0.14764182,-0.44313523,-0.042345364,0.18887992,-0.12613638,-0.20084178,0.054187577,-0.06759369,-0.08124023,0.011501662,-0.24874762,-0.096497074,0.10368395,0.09464421,-0.08301272,-0.02954602,0.23028181,0.06732059,-0.10995453,0.0029542197,-0.15877514,-0.10867241,0.0507387,0.11960699,0.18713328
TCGA-BH-A0GY-01A,-0.13179462,0.046835437,0.038282145,0.071051165,-0.2500765,0.0020462612,0.10750702,0.13973512,-0.024742754,0.11163406,-0.14021696,-0.095703594,0.1358129,0.16421501,0.1901455,0.00864146,-0.09646728,0.24681392,-0.002660809,-0.13786288,-0.078877,0.024115825,-0.10962858,0.01885376,-0.15524627,-0.13972154,-0.36410415,0.09775301,-0.016184889,-0.1093868,-0.098282285,0.1491859,-0.29417628,-0.2256027,-0.06940733,-0.17440885,-0.1385595,0.14727475,-0.043255944,-0.055796582,-0.14751984,0.11219482,0.15649246,-0.055691533,-0.16690469,-0.066899024,-0.17237246,0.11281616,0.17808746,0.17742431
TCGA-AC-A3YI-01A,-0.115931,0.11049578,0.076042034,-0.068602346,-0.21413416,0.08173246,0.092752926,-0.0023208524,-0.13150717,-0.05706506,-0.02188448,-0.008720928,0.19570461,0.27981392,0.20771098,-0.04377561,0.16228698,0.15465362,-0.12281158,-0.35591933,0.112853155,-0.12064341,0.027936377,-0.008476842,-0.10749774,0.06614768,-0.40630826,0.015881015,0.060502246,-0.12042893,-0.088213265,0.15757547,-0.06667272,-0.27363488,0.015280164,-0.13292323,-0.08712526,0.15279727,-0.01435582,0.13922545,-0.12572436,0.17278662,0.04655417,-0.07372652,-0.02333315,-0.14185907,-0.15110488,0.05910496,0.11109434,0.08603263
TCGA-AO-A0JF-01A,-0.11870955,0.017372577,0.12650932,0.19503248,-0.1754273,0.093720935,0.12536074,-0.027521402,-0.26210618,-0.02998801,-0.07669517,-0.058552455,0.07432267,0.27788025,0.23855463,-0.060807385,0.095534354,0.26972687,-0.09288369,-0.09293805,-0.043752138,0.07326348,0.066530205,0.02037622,0.02878228,-0.06720412,-0.42784068,-0.014903797,-0.009421367,-0.21800582,0.008597797,0.13363822,-0.22027496,-0.22788242,-0.004394516,-0.038867462,0.029092824,0.08536656,0.07770843,0.076796144,-0.12293103,0.055868737,-0.02951601,-0.060250077,-0.015283348,-0.1770542,-0.20695306,-0.01726827,0.26042593,0.022986282
TCGA-A2-A0T2-01A,-0.14904353,0.047147837,0.15991801,-0.05533371,-0.25447744,0.10935513,-0.011317433,0.0936784,-0.15175466,-0.13995163,-0.0628271,-0.04156823,0.012237823,0.3013257,0.13937587,-0.11961957,-0.108401164,0.29235154,0.021486757,-0.025633704,-0.052513197,0.26065466,-0.0429418,0.057445843,-0.07585348,-0.07228547,-0.3541837,-0.17526974,-0.024601003,-0.18746307,-0.12071975,0.122814015,-0.19511397,-0.18194391,0.016727438,-0.21948522,-0.0119819045,0.09827854,-0.12053683,0.16925171,-0.11689537,0.09686149,0.13184112,-0.008884841,-0.118072465,-0.089742854,-0.04258765,0.051129922,0.17983569,0.09863143
TCGA-AR-A0U3-01A,-0.098394655,-0.008653391,0.13233866,-0.033617627,-0.20645027,0.06417971,0.005400748,0.007667425,0.028462894,-0.01834327,-0.05089999,0.094767004,0.04337748,0.32480302,0.16674428,-0.077522464,0.058413647,0.1536671,-0.16597676,-0.16061161,-0.15345779,0.090527095,-0.10606246,0.09238182,-0.10770135,0.06301167,-0.5091697,0.026973413,-0.052550554,-0.036695324,0.033691753,0.0030726667,-0.27003452,-0.23510408,-0.080752045,-0.13015105,0.06409451,0.046678357,-0.058990963,0.010743969,-0.18019448,0.07052898,0.101997666,-0.13871378,0.04932282,0.038498256,0.02225391,0.22706413,0.23394589,0.1372415
TCGA-EW-A1P7-01A,-0.06365091,-0.020967858,0.08181976,-0.070385285,-0.12908114,0.23925847,0.07532095,0.010597827,-0.060763378,-0.14706913,0.105224535,-0.09541955,0.07711332,0.17791659,0.30846256,-0.058955643,0.055759177,0.25945202,-0.04724609,-0.16772407,0.11190394,0.054344963,-0.052490417,0.11109757,-0.15862015,0.03455254,-0.4947866,-0.064056575,-0.023055743,-0.055549234,-0.23134428,0.09445542,-0.229441,-0.15623173,-0.009519141,-0.035044003,-0.031159958,0.16935691,-0.024891276,0.14419013,-0.0038953568,-0.033410598,0.06457778,-0.024365395,-0.11003826,0.05578029,0.041140676,0.21518652,0.19129814,0.120872684
TCGA-LL-A9Q3-01A,-0.048047442,-0.0013075137,0.05756603,0.023439081,-0.10678874,-0.011282872,-0.16265477,-0.0031615158,-0.066036776,-0.048195295,-0.021964679,-0.1309165,0.12426608,0.30271524,0.18429758,-0.087585956,-0.10253347,0.20162748,-0.019824235,-0.19554019,-0.107236415,0.05235744,-0.29752606,0.0031439536,-0.033923477,-0.01718498,-0.29813445,-0.19898702,-0.08246109,-0.1127649,-0.08651794,0.06821359,-0.15722367,-0.25113168,-0.107343316,-0.33295146,0.030798206,0.17197298,0.0016224126,0.12550421,0.06898993,0.1909823,0.08258227,-0.11205453,-0.19783448,-0.17198454,-0.058485977,0.11369328,0.12463947,0.104917414
TCGA-GM-A2DM-01A,-0.18269797,0.08377909,0.1337989,0.061898064,-0.08694674,0.080134444,0.13314068,0.051288854,-0.12767313,-0.03763824,0.06854102,0.017203284,0.029159904,0.37453118,0.19882852,-0.03131338,0.17120284,0.16351674,-0.17051235,-0.2084736,-0.031896614,-0.0035628683,-0.07218227,0.011263972,-0.073791906,-0.08109276,-0.27777317,-0.0041140094,-0.088509165,-0.16515853,-0.032335825,0.1726402,-0.12543029,-0.2580762,-0.15404661,-0.16658062,-0.010868947,0.20413555,-0.20247775,0.10168121,-0.2680942,0.08775286,0.09236025,-0.10750867,-0.021228448,-0.13222542,-0.115794234,0.15031905,0.16150624,-0.049462944
TCGA-AR-A0TP-01A,-0.33311638,0.023151673,0.2593754,0.10419317,-0.10548719,0.067039244,-0.033453148,-0.08951659,-0.041761138,0.019683696,0.057642605,-0.09267448,0.035774052,0.15754281,0.18403964,-0.057134066,0.104532264,0.2548979,-0.09815763,-0.22790508,-0.047662843,-0.034550052,-0.16626067,0.05302611,-0.02449826,0.018692708,-0.33197993,0.032038167,0.027209753,-0.21549883,-0.105073385,0.17541167,-0.1958203,-0.22800438,-0.00903369,-0.15680884,-0.09512878,0.032960434,0.006556841,0.022451084,-0.14506957,0.16614139,0.14605565,-0.08808869,-0.080781735,0.054920927,0.04856256,0.02359068,0.24103126,0.24856496
TCGA-D8-A1Y2-01A,-0.21401402,-0.02769234,0.22449094,-0.014765044,-0.10752109,0.06195063,0.025934165,0.055485588,-0.1406934,0.031074729,-0.026777834,-0.025734581,-0.0738412,0.15421423,0.25665456,0.0026044894,0.16705096,0.2891996,0.050071493,-0.21777588,-0.109365,0.032303162,-0.09861,0.19322821,-0.16949446,-0.08459614,-0.37191033,0.055437516,0.058426496,0.02162101,-0.018241731,0.052554343,-0.2004582,0.04380937,-0.19300473,-0.17854585,-0.022692502,0.06817532,-0.12124845,0.09664569,-0.06812315,0.24208741,-0.012260861,-0.13531046,-0.2169524,-0.08008826,0.11946852,0.094672136,0.24147168,0.058758087
TCGA-BH-A8FY-01A,-0.09861813,0.025207203,0.29718587,0.1146632,-0.15004748,0.16483471,0.013863213,0.03058504,-0.11305624,-0.049698874,-0.12389367,0.10965355,0.050462723,0.14465557,0.23200904,0.09369512,-0.12074234,0.20762058,0.0018074148,-0.194428,0.046636503,-0.12665117,-0.26065457,0.27128828,0.0040734373,0.077531114,-0.3077813,0.050759282,-0.035658836,-0.2583415,0.0057450067,0.10621449,-0.1617174,-0.20005478,-0.1875579,-0.09757053,0.0002114282,0.08428125,-0.055948816,0.1417621,-0.03573477,0.13325754,0.0011665298,-0.17725824,-0.011596213,0.018488877,-0.041338626,0.15459062,0.20282269,0.10895941
TCGA-E9-A22E-01A,-0.097311005,0.013642256,0.19565202,0.105564885,-0.17897636,0.06890349,0.08746495,0.17975686,-0.24032593,0.023464328,-0.08626825,0.10439373,0.13105734,0.19019894,0.15056418,-0.092942506,-0.058594666,0.26325583,-0.14929344,-0.103166185,-0.06851842,0.0798123,-0.1211537,0.074643545,0.0063272617,0.035128634,-0.4548697,-0.047694154,-0.027425025,-0.17639402,-0.029205322,0.087371446,-0.1549714,0.03915318,-0.080990136,-0.2580154,-0.08216182,0.104212284,-0.016802136,0.13306189,-0.013504825,0.13812013,0.17957732,-0.05115735,-0.19267483,-0.18778765,-0.20205219,0.041195996,0.09535235,0.05170074
TCGA-A2-A1FV-01A,-0.06790567,0.04913936,0.3083242,-0.07476578,-0.057382114,0.10047994,-0.107061245,-0.027320486,-0.16058904,-0.054936104,0.017152054,-0.21902782,0.06875548,0.28905627,0.05604486,-0.09502147,0.07984205,0.30950287,0.0062704682,-0.16892338,0.039433368,-0.09137296,0.0042385175,0.05999983,-0.122870006,-0.05441229,-0.22841017,0.07305572,-0.017224234,-0.12671287,-0.14663778,0.18349953,-0.29854366,-0.11234377,-0.008985787,-0.18803422,-0.009223326,-0.007368282,-0.047654524,0.08522565,-0.076719806,0.11373598,0.20823476,-0.10406244,-0.042276997,-0.12794586,0.020096553,0.31371266,0.19567162,0.15067664
TCGA-A2-A1FZ-01A,-0.20923893,-0.14012505,0.21037918,0.14277025,-0.13687521,0.10796974,-0.012544471,0.02954172,-0.2434318,0.027981492,-0.16348591,0.03370627,0.021780245,0.28433445,0.09940749,0.07945307,0.009182313,0.2219253,0.005739852,-0.2046263,-0.22204863,-0.051903404,-0.058302328,0.14086288,0.033282842,0.06432427,-0.41278684,0.0999333,-0.11660933,-0.11870008,-0.05642414,0.20628989,0.0026954834,-0.18888134,0.0017648523,-0.010008337,-0.187488,0.105955765,-0.15514478,0.08659163,-0.059389364,0.06690203,0.1448291,-0.10952516,-0.08300331,0.0060930317,0.07871998,0.22162208,0.07711345,0.08168049
TCGA-E9-A295-01A,-0.10119938,0.059849054,0.21149407,0.14001384,-0.21863772,0.14372328,0.11523844,0.10563194,-0.20629145,0.04659951,-0.12910223,-0.14104158,0.01629542,0.16643652,0.16413403,-0.044407163,-0.08558063,0.27749068,0.002339223,-0.168581,-0.08736049,-0.0705895,-0.0805455,0.162928,-0.044510085,-0.044694066,-0.30899337,0.17035323,0.041378845,-0.1913638,-0.081308216,0.16320199,-0.17095119,-0.14697711,-0.25338814,-0.28435573,-0.03703845,0.03742476,-0.008776404,-0.014995311,-0.039071627,0.062509365,0.089442484,-0.03601504,-0.13884103,-0.09401957,-0.109544866,0.20233981,0.18011524,0.07164189
TCGA-E2-A1IF-01A,-0.11786907,0.00728524,0.020487014,0.07383581,-0.033876892,0.16169815,-0.07195801,0.16186173,-0.15240036,-0.19582528,-0.098822765,0.033030964,0.022495965,0.28289816,0.23342802,-0.10890505,0.012977372,0.24891937,-0.07089386,-0.079459235,0.07079791,-0.10149157,0.03516742,0.2485609,-0.050889764,0.059658855,-0.33412302,0.005790807,0.07133606,-0.2960844,0.047512226,0.13857353,-0.2710149,-0.22707652,-0.010492028,-0.04964856,-0.09177721,0.0882044,-0.05319071,0.1671537,-0.01387288,0.20864508,0.16934803,0.06909906,0.039724912,-0.006587554,-0.04049409,0.1425254,0.20735244,-0.006995836
TCGA-EW-A1OX-01A,-0.10786101,0.04828339,0.076852396,-0.002841142,-0.0032818136,0.011169816,0.0568533,0.052134726,-0.2042144,-0.13523716,-0.10073705,0.038885836,-0.0141357975,0.36487576,0.23696522,-0.09622888,-0.012215258,0.22713977,-0.017888624,-0.20350201,-0.050914902,-0.031638324,0.037107218,0.20655681,0.06326822,0.04672208,-0.361836,-0.032727074,0.12773821,-0.06361237,0.08709783,0.18311143,-0.16997506,-0.23095883,-0.1048846,-0.08574045,-0.13515921,-0.029438723,-0.041246027,0.07834019,-0.14072186,0.052431982,0.165483,-0.21925272,-0.059620947,0.10803357,-0.08635045,0.020406086,0.17413047,0.2896132
TCGA-LL-A5YN-01A,-0.18045071,-0.055829905,0.2713726,0.057507988,-0.034601223,0.089298904,0.08278628,0.034159224,-0.06857575,0.046450317,-0.08987034,-0.10863666,0.014896896,0.23635569,0.14755836,-0.108928025,-0.030827718,0.42400318,0.022925999,-0.14329797,0.03159443,0.07215918,-0.09882468,0.16571547,-0.16388772,0.11425145,-0.36925042,-0.04069818,0.002384698,-0.12613077,-0.10208799,0.09796805,-0.27760187,-0.13380086,-0.010854487,-0.12225311,-0.040395454,0.008293493,0.03334021,-0.018580642,-0.095700935,0.112258404,0.26659966,-0.09862013,-0.06237428,0.05380226,0.033221215,0.076720834,0.22106032,0.12748493
TCGA-AQ-A1H2-01A,-0.1914422,-0.043044683,0.09160764,0.11132264,-0.17311043,0.13731049,0.020004231,-0.017910723,-0.18643732,0.028768234,-0.010956432,0.04363439,0.047194075,0.19513547,0.12564209,0.065264024,0.07693184,0.28590462,-0.19548672,-0.17696866,-0.10288816,-0.00371033,0.0056864163,0.19909504,-0.10544454,-0.06831898,-0.40603122,-0.058089152,0.11936472,-0.15027153,-0.14807491,0.21114348,-0.1407381,-0.09372522,-0.20056066,-0.311279,0.023140833,0.15279002,-0.07089583,0.039101914,-0.033629104,0.08833756,0.1234311,-0.12465007,-0.10893099,-0.025344977,0.025467094,-0.04798729,0.21527453,0.02701554
TCGA-EW-A1PE-01A,-0.15826024,-0.0005149297,0.17346053,0.12659284,-0.019927192,0.13375829,0.11927986,-0.05982028,-0.17775066,0.07130329,0.041885875,-0.06747849,-0.13231273,0.27310887,0.18411168,-0.10351857,0.09325139,-0.022958398,-0.089991085,-0.15106745,0.023043828,-0.045378577,-0.07673385,0.11322679,-0.05091009,0.06548433,-0.45962352,0.10363545,-0.08617812,-0.2055483,-0.0130703105,0.12187367,-0.10106689,-0.2695975,-0.059422944,-0.14109202,0.06335639,0.1012193,-0.24930604,0.084108114,0.030755294,0.17346764,0.047708467,-0.034355737,-0.08282207,-0.11587803,-0.096548274,0.008169161,0.28777868,0.14568785
TCGA-A1-A0SG-01A,-0.12215885,0.00510753,0.20983535,0.08978327,-0.020934025,0.031139748,0.14263552,0.07959386,-0.2007069,0.060267057,-0.07165909,0.0092309,0.012143185,0.3543045,0.137378,-0.17057353,-0.061015077,0.21146768,-0.051013287,-0.1020652,0.13757712,0.056126975,-0.11254164,0.0936774,-0.21395822,-0.022383757,-0.37826425,0.08340988,-0.027899517,-0.12898237,-0.05523994,0.09351342,-0.28498426,-0.17639177,-0.07257098,0.01586943,0.023826737,0.1055973,-0.18463778,-0.021397771,-0.07218558,0.103884116,0.09954484,-0.11748493,-0.13072856,0.018285472,0.018459935,0.052560203,0.3286193,0.13866702
TCGA-LL-A6FQ-01A,-0.118555635,0.025131946,0.27724776,0.030409817,-0.055905983,0.18425687,-0.12538816,0.041836873,-0.16515368,0.047149785,-0.14276177,0.06474855,0.041980937,0.32285282,0.06310182,-0.012512165,-0.101851165,0.26915726,0.01691288,-0.07707062,-0.071660444,0.11567129,-0.11248515,0.08388116,-0.01896728,-0.09128999,-0.39564472,-0.14427337,0.01879928,-0.11276441,-0.20095041,0.13325557,-0.23696424,-0.10467167,0.14522144,-0.16180888,-0.14092273,0.11847029,0.06410958,0.055867273,-0.08444898,0.15708432,0.047182728,-0.09457713,-0.0068692514,-0.10554751,0.03803899,0.09809361,0.2754527,0.08747764
TCGA-E2-A14N-01A,-0.12241044,-0.09495424,0.11161356,0.21327505,-0.040487606,0.24733348,-0.01268606,0.082747884,-0.16321978,-0.057788704,0.00051250786,-0.1002532,0.08596037,0.19518486,0.06466873,-0.12560734,-0.08701,0.28767362,-0.03713721,-0.13606879,-0.02123585,-0.020792091,-0.073290214,0.09937976,-0.23146525,0.08433243,-0.42813244,0.0053590005,-0.14197509,-0.23690033,-0.06356147,0.23324014,-0.15136617,-0.14489876,-0.1484097,-0.15660344,0.07065985,0.03516879,-0.15940583,0.04088292,-0.025506895,0.04945955,0.09448773,-0.17602247,-0.07241978,0.017800104,-0.14267705,0.12988134,0.12379996,0.11305107
TCGA-BH-A0B5-01A,-0.08781782,0.09554155,0.08087209,0.11137859,-0.04485562,0.19484986,-0.014166617,0.21128613,-0.088487625,-0.15422355,-0.1655157,0.015719209,-0.08254891,0.19117464,0.17438471,-0.076204546,-0.051369354,0.19984232,-0.104440965,-0.3049806,-0.13424566,0.029547209,-0.13052358,0.13306361,-0.023348676,-0.074568234,-0.2695431,-0.005218881,0.05581304,-0.29883534,-0.110295095,0.035309985,-0.22869897,-0.1960358,-0.031006105,-0.16727407,-0.014127953,0.15100914,0.19101064,-0.09208244,0.006668383,0.043274406,0.13017738,-0.06954758,-0.11807923,0.06735341,-0.0037198893,0.26910532,0.13239755,0.1897995
TCGA-A2-A0CT-01A,-0.13655227,0.13557413,0.10637878,0.1498539,-0.09144211,0.08348388,-0.12861568,0.112971514,-0.23604427,-0.15197071,-0.035175007,0.04429346,0.11444265,0.29480103,0.21965712,-0.10817843,-0.09828398,0.13614586,0.04432115,-0.1344642,-0.15507668,0.06722377,-0.101595566,0.021587031,-0.08665065,0.012151073,-0.38904452,-0.047367763,0.12775509,-0.24495181,-0.01516527,0.08297592,-0.14411019,-0.06761925,-0.058305666,-0.23417284,-0.06352891,-0.074181855,-0.14847243,-0.0078077954,-0.097505115,0.10955917,0.25387344,-0.12054389,-0.113816656,-0.16749625,-0.07967843,0.1672737,0.097559735,0.09868342
TCGA-BH-A0B6-01A,-0.061456908,-0.04047283,0.18371257,0.030692218,-0.19158557,0.12090658,-0.09477464,0.1275342,-0.13585357,-0.09817099,-0.07013714,-0.022751171,0.022979109,0.248962,0.20422943,-0.053628996,-0.062984854,0.20240228,0.020136548,-0.16578312,-0.02378794,0.13530968,0.046141677,0.040462017,-0.0058200667,-0.16887935,-0.33130464,0.03985368,-0.1350678,-0.17967501,-0.10746959,-0.032536384,-0.22988105,-0.24903335,-0.019649515,-0.15364014,-0.016957808,0.02447441,-0.17950031,-0.045547128,-0.05540755,0.26395425,0.10432882,-0.112912565,-0.10921863,-0.113700375,-0.014188246,-0.013841435,0.2594159,0.28501618
TCGA-AR-A1AP-01A,-0.11961977,-0.026423262,0.16990244,0.014879376,-0.19634156,0.22433637,-0.0718528,-0.024377774,-0.19283941,-0.027452681,-0.10286875,-0.031617597,0.07704881,0.23202309,0.12198273,-0.010654324,0.030073892,0.42080742,-0.1598721,-0.23846424,-0.13235101,-0.015871884,0.07339213,0.13440207,-0.17551863,0.20899415,-0.3658293,0.02656703,0.061652567,0.06622539,0.019228002,0.09436553,-0.10115863,-0.16156927,-0.03814631,-0.052126966,-0.14119942,0.042033795,0.02245189,0.103758976,-0.22623451,0.020965787,0.021731118,-0.18257643,-0.0448643,-0.12267605,0.035010096,0.0839807,0.07204555,0.13939223
TCGA-OL-A6VQ-01A,-0.100123145,0.029585773,0.20685357,0.12919873,-0.1637766,0.08902901,-0.11196674,0.106116265,-0.13538754,0.07997223,-0.11747574,-0.16126299,0.00079920626,0.23381187,0.16252027,-0.12842494,-0.029162243,0.15012468,-0.009221501,-0.10104363,-0.04226144,0.08220496,-0.0020438784,0.1622391,-0.048022147,0.05922042,-0.370002,0.052031778,-0.0046996274,-0.060819943,-0.1546222,0.15034243,-0.21401325,-0.21253175,-0.0357735,-0.36247495,0.13222158,0.11053703,-0.036388956,0.08729874,-0.09129654,0.03641593,0.011273569,-0.062776685,-0.20145106,0.011970966,-0.14213397,0.1255636,0.09615186,0.2877622
TCGA-E2-A1IG-01A,-0.20009296,-0.016141878,0.27936447,0.0020349892,-0.12990613,0.102912635,0.04967976,0.06817012,-0.03169772,0.063271284,-0.14006917,-0.04298333,-0.0050408165,0.27538756,0.022797043,-0.1742577,-0.015930403,0.175911,-0.093493424,-0.16272412,0.0021506008,-0.098249406,-0.0895971,0.17990652,-0.12209748,0.041145876,-0.4475662,-0.100639954,-0.24702914,-0.21925415,0.08483708,0.10068484,-0.073809676,-0.19118595,-0.05288755,-0.16411096,-0.08594588,0.100561954,-0.057041347,-0.03401017,-0.03417904,0.00971156,0.18445466,-0.12551527,0.090923674,-0.15595728,-0.11240547,0.07993009,0.15087116,0.15762983
TCGA-AC-A3OD-01A,-0.22050138,0.02065564,0.31892243,0.07066926,-0.09178924,0.13140093,0.02675752,0.001266396,-0.10484981,-0.027494535,0.035615716,-0.026533019,0.060694687,0.18863484,0.099505864,-0.09201646,-0.01568143,0.18968245,-0.03332679,-0.21885219,-0.004096886,-0.00956415,-0.057882298,0.20918518,-0.06587896,0.014695594,-0.41267136,-0.11671007,0.028287826,-0.20158121,-0.020674743,0.1652362,-0.23658235,-0.19902603,-0.024561107,-0.16806222,-0.11268352,0.00897439,-0.1939055,-0.0059752325,-0.09395889,0.20470814,0.14872049,0.010194117,0.016755551,0.05444631,-0.03216678,0.15430625,0.20358598,0.19762
TCGA-BH-A0DQ-01A,-0.21408327,0.08570709,0.22030173,0.059439763,0.00038365307,0.075641744,0.06874298,-0.06715278,-0.13973504,-0.1457107,0.1119422,-0.004460236,0.11946159,0.18765958,0.3172194,0.01312812,0.111123815,0.2545014,-0.056445833,-0.21168274,-0.040632583,0.027217811,-0.083694965,0.10721607,-0.0018165726,0.048757114,-0.4574178,-0.067479424,-0.08124553,-0.23894332,-0.0992921,0.13187735,-0.20840774,-0.21631207,-0.09212251,-0.19283612,-0.081737235,0.10070913,-0.042359106,0.08612722,-0.1883895,0.018908417,-0.0038148782,-0.03344791,-0.058425553,-0.048252624,-0.04887308,0.05375595,0.11390082,0.013364321
TCGA-D8-A1JT-01A,-0.13628669,0.010911826,0.10860435,0.12128616,-0.11170972,0.14142108,-0.01620009,0.006293577,-0.11892424,-0.011119868,-0.16807584,-0.046018936,0.059860535,0.16541967,0.14417404,-0.04642011,0.0532598,0.20535518,0.059395667,-0.22631513,-0.02551722,-0.0011925863,0.013371307,0.14050478,-0.15177901,0.104113236,-0.3653721,0.009530632,0.03882453,-0.21378942,0.014326442,0.15752138,-0.2840572,-0.23718062,-0.03813616,-0.21991763,-0.12875518,0.10737724,-0.049943034,-0.13000932,-0.0742658,0.14006957,0.077109955,-0.24966398,-0.15901856,-0.04087482,-0.10374071,0.17441347,0.25611004,0.04544937
TCGA-AO-A0JJ-01A,-0.111924715,-0.009414357,0.15668963,0.01962582,0.016179005,0.12372281,0.037815128,-0.13359593,-0.09824137,-0.024505831,-0.10071964,-0.00010606741,0.020134537,0.22243167,0.065988384,-0.02633821,0.06716324,0.22232082,-0.16769785,-0.27951813,-0.019921264,0.008252103,-0.13272627,0.087473944,-0.1165166,0.06769665,-0.4934724,-0.09350608,-0.14133042,-0.13028945,-0.071119875,0.12542225,-0.23770946,-0.26538604,-0.15853854,-0.073992476,-0.2832532,-0.0846606,-0.034780517,-0.036254812,-0.003983752,0.0760875,0.06262321,-0.07091246,-0.090206146,-0.00041817513,-0.03787863,0.18061225,0.12245754,0.13705029
TCGA-AR-A250-01A,-0.106967606,-0.0032398666,0.2945774,0.12698609,-0.19940883,0.20084539,-0.05251504,-0.019585421,-0.11868543,0.03908396,-0.11836617,0.016137877,0.0910681,0.1609808,0.20305036,-0.102991425,-0.08372584,0.2163745,0.078545205,-0.19820786,-0.044152133,0.029070573,-0.16441707,-0.06587822,-0.046068106,-0.1297572,-0.35825568,-0.19679734,-0.010732426,-0.18563281,-0.06823561,0.1987238,-0.09191151,-0.21308844,-0.19475672,-0.15560383,0.04965318,-0.031513754,-0.07152593,-0.0077334004,-0.09972215,0.20477651,0.14291169,-0.056603324,-0.06383825,-0.060863663,0.015485266,0.061449487,0.18832727,0.20214865
TCGA-A2-A3Y0-01A,-0.08787923,-0.026488498,0.22128198,0.17502683,-0.16733928,0.20309503,0.0141738495,0.051925637,-0.030134618,-0.107356295,0.00086317695,0.08284521,0.12989603,0.22025421,0.12146699,-0.119161084,-0.05866061,0.22228536,-0.1635733,-0.112449035,0.18998143,-0.10172736,0.03990158,-0.018557245,-0.024583295,0.097567044,-0.44771987,0.046908967,-0.026707476,-0.27860096,-0.080702916,0.046678912,-0.11785553,-0.22175282,-0.07719587,-0.0730877,-0.06847298,0.13294163,0.032224458,0.07527209,-0.19466855,0.03199113,-0.015561109,-0.18787201,-0.035076357,-0.18618,-0.08876325,0.09295651,0.17445269,0.15819241
TCGA-AC-A6IW-01A,0.050042737,-0.096829355,0.19147837,0.007336117,-0.07591511,0.31099683,0.09618856,-3.958683e-06,-0.19735175,-0.007168206,0.02050672,-0.008675428,0.013454754,0.31963247,0.14698862,0.07539222,-0.09310061,0.17339636,-0.009432293,-0.11888907,-0.015389828,-0.044045307,-0.057193052,0.053010102,-0.10829875,0.0071044215,-0.37654898,-0.08108692,-0.06685006,-0.1347016,-0.26094818,0.16507034,-0.17789802,-0.25700793,-0.055823848,-0.0865779,-0.08362399,-0.07678879,-0.030586202,0.054882128,-0.108321495,0.18028633,0.09109397,-0.119654015,-0.13878064,-0.099880695,0.057803795,0.13371573,0.27589032,0.11246332
TCGA-AN-A0XO-01A,-0.072640136,-0.14117959,0.15679966,0.15660317,-0.08870163,0.20116481,-0.024558745,0.13959368,-0.25456345,-0.03725123,-0.20414697,-0.022069188,0.014559084,0.30364668,0.23370408,0.04283305,0.041072562,0.15514104,-0.18670131,-0.28933933,0.015169364,0.07071282,-0.15925102,0.004734019,-0.028583964,0.054003865,-0.38123542,0.050239123,0.009876774,-0.11300563,0.0194163,0.0767412,-0.11275144,-0.16010687,0.034872413,-0.046746314,0.008622704,0.12808937,0.063744396,0.051022638,-0.16315046,0.035740703,0.114722475,-0.2622263,0.046158414,0.047289353,-0.076171294,0.057697985,0.23247522,0.11001466
TCGA-AC-A62Y-01A,-0.05418161,-0.047780193,0.20244804,-0.018472044,-0.13549851,0.09536885,0.06806448,0.02355332,-0.11997843,-0.058661632,0.014137825,-0.013109925,0.123866916,0.23378444,0.24379058,-0.26003748,-0.028925875,0.27353004,-0.07418299,-0.09709649,-0.13161264,0.051170748,-0.13310972,-0.048719022,0.030257557,-0.084934555,-0.24550292,-0.014787376,0.1622239,-0.16270705,-0.04561728,0.12188676,-0.24889852,-0.23039518,-0.023385374,-0.26362297,0.031751055,0.1928594,-0.13054149,0.122145884,0.10670839,0.06390239,0.099328265,-0.2909313,-0.016077677,-0.017788645,-0.124665506,0.13493744,0.035116628,0.18924247
TCGA-D8-A1XW-01A,-0.033351228,0.09119811,0.19999644,0.15836082,-0.067357115,0.12076864,-0.09975766,0.09679025,-0.109507196,-0.048915092,-0.0125038605,-0.06516862,0.07860875,0.27366892,0.2831437,-0.095041476,-0.095672294,0.10196916,-0.055190016,-0.13552845,-0.09284667,0.071874164,-0.043670386,0.1007477,-0.07175388,0.0018628326,-0.44377798,-0.04278239,-0.19056524,-0.22030947,-0.17077613,0.13443229,-0.08651523,-0.2577787,-0.0015012566,-0.00995323,-0.0043058638,0.1621425,0.014120658,0.07449916,-0.0889705,-0.031340033,-0.0060962792,-0.29361114,-0.25572821,-0.09198839,-0.03604781,0.096792474,0.093425915,0.026016057
TCGA-B6-A0X4-01A,-0.10970875,-0.02017346,0.17105618,0.0048636976,-0.059024714,0.14648679,-0.008708272,-0.010063586,-0.15786883,-0.23171437,-0.104307204,-0.13337319,-0.0028034595,0.31387496,0.020135144,0.02586375,0.043173224,0.22240506,-0.04053008,-0.25471494,-0.12890114,0.12495638,-0.07737351,0.18443386,0.077982254,-0.010521588,-0.35249555,-0.030945117,0.010981561,-0.16754171,-0.13717026,0.15162922,-0.07494053,-0.062354024,-0.06498441,-0.032104984,-0.020614337,0.056833804,-0.14076224,-0.062894836,-0.22839564,0.12869449,0.053052485,-0.17594399,-0.082850724,-0.09377744,-0.08153936,0.24283226,0.21597363,0.24937734
TCGA-BH-A2L8-01A,-0.11668572,-0.0010772635,0.21798708,0.0045232805,-0.1518266,0.23071164,0.055351492,-0.14823334,-0.09732378,-0.13253616,-0.030291822,0.013121682,-0.08196687,0.15161072,0.24091035,-0.15212448,0.065933146,0.41370752,-0.011615636,-0.2245787,-0.05775046,-0.008763317,-0.13305923,0.011481624,-0.029481778,-0.020625416,-0.3270824,0.042817693,-0.004899025,-0.089617,0.11587992,0.27615124,-0.14003524,-0.2146121,-0.1768735,-0.15729095,-0.16364728,-0.04494211,-0.114670984,0.145071,-0.042192064,0.03232482,0.034219816,-0.04393603,0.048914388,-0.14017862,-0.035091784,-0.072699636,0.045213025,0.1487443
TCGA-BH-A204-01A,-0.14336683,-0.13109815,0.259817,0.05902031,-0.15588592,0.071021035,-0.13531415,0.10856396,-0.019772058,-0.094605505,-0.13717587,0.09296489,0.046858232,0.40325403,0.16625749,0.042420685,-0.08373893,0.2688844,-0.06669808,-0.21862215,0.020155055,0.072811335,-0.08365569,0.2542435,-0.094252534,-0.0291965,-0.19242945,0.15721816,-0.01140604,-0.23832445,-0.0709382,0.11587714,-0.23528735,-0.23263349,-0.06945955,-0.12625434,-0.16672006,0.06363287,-0.05904562,-0.107508816,0.07499668,0.005968876,0.14727794,-0.10127338,-0.0618301,-0.03230434,0.07071083,0.1090046,0.06962854,0.060584884
TCGA-A1-A0SE-01A,-0.3064067,-0.108166724,0.117674954,0.071340926,-0.14437649,0.13054521,0.100158066,0.022455081,-0.023361487,-0.04576769,-0.11991713,0.007586157,0.06758652,0.17791979,0.061981943,-0.057879772,0.06341426,0.30854088,-0.026063621,-0.25506163,-0.18728073,-0.027874572,-0.01709948,-0.051415477,0.063979596,0.069294035,-0.4527805,-0.031960122,0.04291828,-0.20877722,-0.059794787,0.07787017,-0.053973388,-0.19685294,-0.018182913,-0.09658305,-0.050147984,0.06976577,-0.054233514,-0.056008067,-0.15277809,0.08545908,0.13105604,-0.11981136,-0.02791073,0.09298465,-0.116604455,0.2077814,0.26627815,0.16961035
TCGA-C8-A1HK-01A,-0.21889488,-0.023464372,0.18768743,0.161455,-0.16099834,0.080447406,0.062856086,0.057350915,-0.12944192,-0.114562586,-0.06470186,-0.108128704,-0.0056601414,0.2790295,0.2448113,-0.03864729,0.034452695,0.06369438,-0.053491887,-0.09977306,-0.07973312,0.25243095,-0.18131448,0.17870584,-0.009795019,-0.010867219,-0.3870034,0.07853696,-0.056101408,-0.19460846,-0.1413557,0.046192735,-0.1531003,-0.20666102,0.015747057,-0.25026253,-0.06490842,0.11037051,0.062430844,0.05749256,-0.16444379,0.18006629,0.15700717,-0.04073597,-0.10046158,-0.07819875,0.025562514,0.0077581247,0.08429026,0.17569369
TCGA-OL-A5DA-01A,-0.23736101,-0.04848763,0.24466708,-0.016590076,0.03603942,-0.008474025,0.03248236,0.06656306,-0.2251388,-0.077665925,0.05171788,0.019042699,-0.13039896,0.13341685,0.13939588,-0.022280512,-0.06377725,0.30320305,-0.19189392,-0.19663157,0.07396729,0.09714089,0.006465723,0.12079465,-0.13140182,0.031138927,-0.2833231,-0.058019202,0.025212254,-0.18294893,-0.13315666,0.033045795,-0.28582755,-0.18533036,0.043508686,-0.1863381,-0.06935532,0.012077884,-0.014511784,0.05273627,-0.13830529,0.10077391,0.07007745,-0.19069819,-0.007350555,-0.14789724,0.009004003,0.18283576,0.3106543,0.14451535
TCGA-D8-A1JL-01A,-0.34275973,0.04155213,0.15606652,0.12087486,-0.013270804,0.15146334,-0.045338448,0.07996405,-0.26139826,0.008055783,0.13408984,-0.028192656,-0.002729464,0.19267775,0.054679167,-0.06938577,-0.13038202,0.2485284,0.08308463,-0.3374289,-0.14489321,0.0585183,-0.09323869,0.027346013,-0.07198471,0.0761362,-0.32676247,-0.009364965,0.017001156,-0.11620294,-0.116247416,0.12767972,-0.037479345,-0.16775584,-0.045178134,-0.10729279,-0.10990052,-0.070958786,-0.13433853,0.07054094,-0.12998904,0.1341471,0.121443,-0.16739485,-0.1597763,-0.057475064,0.14432532,0.075792275,0.23823221,0.10127443
TCGA-E9-A1RI-01A,-0.1123648,-0.14284074,0.123601764,-0.06603098,-0.08595159,-0.00026815463,0.010735539,0.027639933,-0.24360879,-0.18035953,0.012393515,-0.06819556,0.113344036,0.22074865,0.2405885,-0.011794036,0.20534007,0.28548962,0.04261714,-0.31562853,-0.008727252,-0.00014642219,-0.08297603,0.228682,-0.00588185,0.119775236,-0.3110111,-0.014520353,0.07941579,-0.06195976,-0.19983849,0.11828449,-0.09491125,-0.21417442,-0.16483009,-0.042265937,0.02982757,0.12051982,-0.13497089,0.01848918,-0.065577656,0.23512755,0.019497681,-0.02481119,-0.11598386,-0.048083868,-0.13080935,0.020813834,0.19887184,0.108562015
TCGA-LL-A73Z-01A,-0.19579154,0.0030723538,0.12550205,0.06554907,-0.061172888,0.16835883,0.029868161,-0.015745172,-0.11491388,0.05982066,-0.05256762,-0.010763941,0.046107672,0.30282918,0.07969587,0.011237538,-0.02783891,0.23812029,-0.002566369,-0.17838392,-0.033199653,0.1864528,-0.21140319,0.080318004,-0.18147805,-0.00011133274,-0.3479131,0.03170962,0.04472683,-0.15292776,0.06753109,0.010647504,-0.3857008,-0.07974442,-0.06827919,-0.047022104,-0.030963097,-0.018670818,-0.094530314,0.027273484,-0.19255096,0.073514365,0.27971908,-0.11514028,0.011572774,-0.024758173,0.096685134,0.07572478,0.23188202,0.22469804
TCGA-S3-A6ZF-01A,-0.08326991,-0.083740175,0.2821325,0.13588955,-0.08619646,0.1278144,-0.043536488,-0.023632472,0.048642874,-0.016241223,-0.10783969,0.023016773,0.13180819,0.13027897,0.21578507,0.008383889,-0.046085067,0.1625283,-0.13652375,-0.12075352,0.078218654,0.11166828,-0.09619386,0.0171454,-0.0002650903,0.037748378,-0.34630293,0.08485836,0.205473,-0.023025855,-0.09009161,0.078866825,-0.15038465,-0.24677174,-0.24765638,-0.19072746,-0.0913309,0.14992334,-0.19966403,0.023665706,0.03365903,0.20918599,0.15916932,-0.1797386,-0.18913141,-0.11168913,-0.036533434,0.08080403,0.14064251,0.24408916
TCGA-AR-A2LL-01A,-0.08175703,0.01092962,0.09530478,0.0006931216,-0.1556537,0.035108328,-0.07947158,-0.11903315,-0.1680733,-0.059120513,-0.05738318,0.017299589,-0.011092028,0.34974983,0.15909204,-0.06619583,0.08385244,0.23152886,0.08055608,-0.06138184,-0.06498486,0.06485924,0.021763984,0.32968405,-0.098489046,-0.036826335,-0.43186522,0.033424422,-0.12274666,-0.063023284,0.11271421,0.14158301,-0.18723248,-0.1594555,-0.017827716,-0.2328561,0.031770173,0.0530106,-0.032710783,0.14821719,-0.13578317,0.08351713,0.044615354,-0.28106079,-0.112052746,-0.096118875,0.07138313,0.13412814,0.120148405,0.0643346
TCGA-B6-A0RP-01A,-0.09333075,-0.121580854,0.14732261,0.16137274,-0.19614717,0.14829911,-0.0027641389,0.20357399,-0.04600711,0.039957177,-0.00884586,0.018140733,0.15797915,0.25784156,0.10403828,-0.102929994,0.11553457,0.2793264,0.062152218,-0.16092743,0.030682152,0.10538336,-0.1522672,0.05881654,-0.03617072,-0.06882438,-0.31310943,-0.018400595,-0.07455662,-0.19591796,0.02355217,0.057237986,-0.17847303,-0.26265365,-0.01210852,-0.17568843,0.059168123,0.10541207,0.042171575,0.068795905,-0.15704279,0.23622304,0.14441015,-0.05743161,-0.071675025,-0.053710613,0.036790352,0.23329897,0.103051856,0.2565778
TCGA-E9-A1RC-01A,-0.0031250392,0.015492904,0.08672621,0.04277454,-0.17737296,0.05495128,0.13112879,0.061910264,-0.029568402,0.032018784,-0.14701253,-0.027328733,0.0752142,0.18695006,0.15798025,-0.15430163,0.03519924,0.15381353,0.05679489,-0.16193213,-0.13643862,0.017972171,-0.17630066,-0.08611452,-0.1383978,-0.06248228,-0.3494969,-0.020025706,0.12016804,-0.25409156,-0.026820328,0.082549125,-0.19632006,-0.177988,-0.12727748,-0.039652266,-0.25893542,0.1406667,-0.13928995,0.16174564,-0.047928296,0.2063318,0.14725536,-0.0900485,-0.27042913,0.013852836,-0.13379751,0.1661363,0.2219892,0.11904704
TCGA-EW-A1PG-01A,-0.13666935,0.10136804,0.1822344,-0.0065956376,-0.14550635,0.15352204,0.16089106,0.18158567,-0.15526332,0.003909029,0.075818665,-0.020044865,-0.08779335,0.30504164,-0.0009390976,0.017994467,-0.011680257,0.18466759,-0.13121694,-0.24419554,0.004166033,0.1117037,-0.09345774,0.18309684,-0.066279955,0.062450532,-0.4146264,-0.082015365,-0.06630651,-0.10118262,8.860482e-05,0.060341775,-0.19288796,-0.21629567,-0.084579736,0.085209556,0.039808497,-0.058212977,-0.19352248,0.11710079,-0.14379959,0.10074697,0.17673689,-0.24365158,-0.059578028,-0.04866765,-0.071501404,0.031747103,0.12658492,0.16658996
TCGA-D8-A1XO-01A,-0.26145774,-0.02154086,0.17126592,0.05895065,-0.13003525,0.15813197,0.13002816,0.090138696,-0.24435027,0.056602426,-0.018428339,-0.2005636,0.14960133,0.16546012,0.11262228,-0.16456193,-0.12211076,0.22898881,-0.18728457,-0.11023669,-0.15504955,-0.028697172,-0.08483686,0.14414528,-0.11195904,0.070456415,-0.3466666,0.039866827,-0.07263194,-0.10707521,0.04852544,0.11713514,-0.11413098,-0.27194956,-0.047477145,-0.16001172,-0.05079595,0.0352815,-0.046542853,-0.044348285,-0.05284398,0.07160146,0.06303386,-0.047827303,0.03563617,-0.04575504,0.085027255,0.1255441,0.32821223,0.1669481
TCGA-D8-A1XJ-01A,-0.07550234,-0.0024828867,0.1999943,0.033850946,-0.1063432,0.25983644,0.0016798001,0.010803071,-0.23521619,-0.028143715,-0.13226315,-0.031478986,-0.14326547,0.18024236,0.13679606,-0.09193196,-0.015900593,0.19468118,0.0651575,-0.27652127,-0.06767358,0.0014965166,-0.1659108,0.016458623,-0.05335809,-0.11648251,-0.2819947,0.022512825,-0.0560663,-0.22430202,-0.19126585,0.011447585,-0.17437594,-0.1087536,0.0365016,-0.2121156,-0.1405329,0.065042116,-0.06644646,0.006339165,-0.22355112,0.18799213,0.06713179,-0.064080745,-0.2297359,0.052685905,-0.04590804,0.10556205,0.27336755,0.16466017
TCGA-AC-A23E-01A,-0.018113308,0.051453136,0.18770221,-0.0019887302,-0.16138487,0.15770338,-0.14507714,0.076348506,-0.13330264,0.092764296,-0.01215663,-0.14492498,0.04993302,0.2873048,0.27443504,-0.19524516,0.017832028,0.21344635,0.015881969,-0.04883173,-0.07355639,-0.011650122,-0.03065608,0.022039367,-0.024664596,0.13262135,-0.28929406,0.04972578,-0.026047833,-0.19695708,-0.09040993,0.05160731,-0.30796033,-0.18722336,-0.15312223,-0.15498208,-0.24352793,0.092772976,-0.120517,0.050445493,-0.122062095,0.11480486,0.016250094,-0.0816607,-0.08552512,-0.19661509,0.0513519,0.20864199,0.09824852,0.16940725
TCGA-A1-A0SI-01A,-0.19221853,0.04606109,0.19763161,-0.041268785,-0.11690443,0.11765824,-0.104762025,-0.016323557,-0.15566127,0.043262176,-0.10695754,-0.09023089,0.0022973989,0.25371444,0.25059077,-0.17480056,0.12546268,0.2815787,-0.150869,-0.23136224,0.055796277,0.042474885,-0.12326685,0.13586253,-0.017475894,-0.008609914,-0.2957815,0.16048034,-0.035049938,-0.20674956,0.007843986,0.123879425,-0.22897138,-0.110340446,-0.06082981,-0.15561794,-0.1321138,-0.01988821,-0.17173849,0.1142233,-0.031574048,0.09808699,0.025013244,-0.1590873,-0.021980563,-0.07731721,-0.039359488,0.27298573,0.10018258,0.114392914
TCGA-E2-A1IJ-01A,-0.30004984,0.07633737,0.09509279,0.036461484,-0.09830484,0.03649276,-0.11369675,-0.07699924,-0.1781219,-0.103821814,-0.076392576,-0.007767671,0.06745309,0.24138416,0.080932215,-0.13832945,0.10814789,0.2541358,0.04879767,-0.32103544,-0.07930446,-0.03546223,-0.059543636,0.057633847,0.056458857,0.12321091,-0.43861005,0.06111537,-0.102999546,-0.22629316,-0.10775732,0.09291172,-0.24926177,-0.21433337,0.009644472,-0.17438753,0.014347354,0.09952735,-0.06755505,0.18853688,0.012983935,0.17026113,0.034596194,-0.07654545,-0.055917177,-0.0020403482,0.002386238,0.05541788,0.053737026,-0.01505932
TCGA-D8-A1Y1-01A,-0.16033325,0.1537943,0.11296827,-0.07922623,-0.105646156,0.065109745,-0.098812155,0.023588734,-0.12253192,0.12469159,-0.10882524,0.011401202,0.07062056,0.34265426,0.16744956,-0.11096846,0.012963493,0.2359561,0.012393848,-0.09575048,-0.034027033,0.028209284,-0.089987785,0.16687696,0.09158061,0.08040885,-0.4192833,0.03151697,0.053028114,-0.14779116,-0.12910917,-0.043028418,-0.13705178,-0.091982715,-0.0654893,-0.16120392,-0.13298483,-0.07080413,-0.0814949,0.08126324,-0.07512924,0.18482874,0.1132788,-0.12689467,-0.0051383222,-0.105336465,-0.09732597,0.064401515,0.41858536,0.023473702
TCGA-D8-A27M-01A,-0.09879385,-0.07370387,0.16398875,0.16066511,-0.02612942,0.17770174,0.10281775,0.1279001,-0.2385245,0.01399734,-0.12092203,-0.1507777,0.11381361,0.33382598,0.1583285,0.04291996,0.002495537,0.14901276,-0.09874015,-0.25538847,-0.063267455,-0.016177205,-0.13961735,0.14551619,-0.08479948,0.046576757,-0.40356332,-0.09626665,-0.17398798,-0.06688058,-0.0149211055,0.15672536,-0.20061319,-0.25752202,-0.06884477,-0.1624593,-0.07931172,0.054330178,-0.016168987,0.09907425,-0.011299213,0.025204029,0.15715805,-0.10836118,0.033178464,-0.010319577,0.022958789,-0.105680436,0.15842704,0.10864519
TCGA-A2-A1FW-01A,-0.07050108,0.0334883,0.25309086,0.21381779,-0.020545635,0.25827602,-0.02406928,0.08514121,-0.09390516,-0.01466522,-0.0854482,-0.0024883258,-0.019701224,0.2490663,-0.040517583,-0.16197766,0.0067390315,0.25199184,0.0003685685,-0.097615466,-0.06972599,0.018556934,-0.115431786,0.08863085,0.004107142,0.03375264,-0.3710047,-0.0058719576,0.099493995,-0.10204725,0.011110189,0.06944763,-0.15692706,-0.17371966,-0.06220195,-0.31687617,-0.14409806,0.14111601,0.07286286,-0.08112108,-0.10602647,0.27409354,0.1579999,-0.09342812,-0.09017065,-0.07726194,-0.030429982,0.18775177,0.19625326,0.13592847
TCGA-A7-A0D9-01A,-0.16754141,0.0047091437,0.24881506,0.12791885,-0.041006196,0.08837487,0.0095462,0.09843662,-0.13898504,-0.15245566,0.078506015,-0.15057415,0.024786312,0.25125116,0.2687605,0.0798513,0.037976947,0.14655334,-0.055859253,-0.1581527,-0.03801228,0.027708836,-0.10678263,0.07369767,-0.095559284,0.1301624,-0.29575762,0.0046930728,0.12060869,-0.25957957,0.056867544,0.16596219,-0.118527874,-0.114392206,0.069917865,-0.16415814,-0.16522467,0.22990021,0.011253713,-0.03040435,-0.17564099,-0.02666436,0.031179665,-0.20803118,-0.04790734,-0.18986838,-0.08489447,0.21058398,0.18721999,0.15267763
TCGA-E2-A1B5-01A,-0.21256642,0.0479155,0.31849086,0.09767851,-0.10924996,0.161756,0.15441656,0.010737962,-0.1689863,0.017368859,-0.039429028,-0.07494209,-0.055718035,0.28469637,0.22100131,0.015299598,-0.05028172,0.27908486,-0.17049995,-0.12907779,0.04330022,0.09797244,-0.040011153,0.22607453,0.06979953,0.02168919,-0.26687604,-0.08066932,0.00010419895,-0.1845784,-0.17218286,0.19359832,-0.2885754,-0.19011538,0.045194566,-0.14299572,0.094453596,0.14873798,-0.08873411,0.014641182,0.010698552,0.014212397,0.052524563,-0.10529583,-0.09611207,0.034657396,0.050600853,0.09200309,0.02939073,0.1344873
TCGA-E9-A1R2-01A,-0.18088892,-0.05010564,0.23456912,0.026476117,-0.04647757,0.09319017,-0.04442498,0.030901153,-0.20990485,-0.16200034,-0.08629984,-0.069177166,-0.03695371,0.1518526,0.34220555,0.040028162,0.07463478,0.24494833,0.05171264,-0.284396,-0.06570158,-0.05987518,-0.08155533,-0.0506273,-0.17222084,0.074287556,-0.30699155,0.04275906,-0.01868241,-0.15356469,-0.08244157,-0.09257657,-0.2551408,-0.21820322,0.123187765,-0.024829576,-0.046469625,0.12182214,-0.19196926,-0.017950408,-0.17589903,0.028302722,0.15032302,-0.17694743,-0.05787478,-0.08470316,-0.03603246,-0.059210856,0.21624593,0.04896116
TCGA-BH-A1EO-01A,-0.2075871,-0.06270465,0.05714656,0.006889471,-0.09140446,0.08694352,0.0010533705,0.1927798,-0.044842377,0.031485826,0.04173603,-0.03915498,0.1898913,0.13062716,0.22162347,-0.14409038,0.07265911,0.26601574,-0.05277029,-0.14901793,0.07492948,-0.012197791,-0.21760829,-0.0049737585,-0.02058883,0.13518257,-0.41528425,0.012378953,-0.060690857,0.007971229,-0.12619038,0.06289208,-0.25304583,-0.14134312,-0.11451596,-0.2862303,-0.05130952,0.17660943,-0.0013137476,0.10809346,0.010846565,0.206523,0.13800517,-0.028528092,-0.06369301,0.06554402,-0.031185325,0.12930492,0.27275768,0.10275365
TCGA-A2-A0YL-01A,-0.05799149,-0.041509666,0.14171256,-0.05502485,-0.13095145,0.14028983,0.057761546,-0.06698214,-0.12521452,-0.13541675,0.055850968,-0.001588969,0.0531741,0.25598937,0.2192314,0.04622098,0.0716638,0.33601487,-0.01293333,-0.18599848,-0.0007853567,-0.04216228,-0.07236254,0.12960632,-0.12711526,0.12748903,-0.4308274,-0.047684856,-0.0735897,-0.015264238,-0.07020697,0.16139852,-0.03844863,-0.11838252,-0.21924603,-0.27382475,-0.099774994,-0.12817897,-0.023750626,-0.11957935,-0.12540707,0.20262821,0.106526285,-0.08139001,-0.055053454,-0.05129962,0.058998916,0.12058284,0.16897981,0.17643644
TCGA-BH-A0HK-01A,-0.20995972,-0.15954827,0.28603187,0.026760982,-0.08374387,0.21277659,0.07940374,-0.01868503,-0.16239789,-0.11592656,-0.010377865,-0.11223961,0.025883751,0.2629814,0.21212018,-0.05306038,0.10421958,0.015767537,-0.0569843,-0.15088153,0.08161287,0.0071037724,-0.0069833165,0.1295715,0.018100772,0.14909346,-0.23981997,-0.08063671,0.04664161,-0.18249227,0.0099685965,0.112284236,-0.15269399,-0.18643266,-0.25676587,-0.110541224,-0.17908794,0.07131141,-0.119897045,-0.0354215,0.036665324,0.12937184,0.1765661,-0.09865637,-0.06099293,-0.1417404,-0.11914358,0.24475148,0.22710536,0.1609924
TCGA-AR-A5QQ-01A,-0.26745737,-0.06630663,0.24021877,0.0033768567,-0.03662511,0.038163655,0.045751728,0.1512739,-0.15529215,-0.09182082,-0.16882187,-0.14735141,-0.0035351536,0.120554894,0.18136983,-0.19952935,0.01422706,0.263113,-0.13624582,-0.1974726,-0.085320555,-0.047814958,-0.04077732,0.123371236,-0.10465514,-0.07139803,-0.3613048,-0.11121254,0.0031407175,0.0050783944,-0.01586575,0.15547103,-0.015371211,-0.32418874,-0.089889444,-0.12618329,-0.11316508,0.16876893,-0.19573136,-0.051824432,0.0075275917,0.071207576,0.10680943,-0.06968545,-0.13946119,-0.07945906,-0.048920013,-0.06657345,0.21713825,0.13768585
TCGA-BH-A0BM-01A,-0.15523283,0.07308069,0.057262536,-0.01835343,-0.29982486,0.069606885,0.17256175,0.013977552,-0.17944735,-0.02075362,-0.12811932,-0.045954097,0.07252093,0.33035746,0.071015194,-0.0155784255,0.020911433,0.12199227,-0.04040197,-0.20277245,0.052750096,0.051537845,-0.0520475,0.16844565,-0.09329318,0.046992775,-0.43237987,0.11176896,-0.057621006,-0.18206795,0.03702177,0.12706918,-0.11649519,-0.20403595,0.014586655,-0.25072235,-0.054358084,-0.049445946,-0.016126165,0.044035308,-0.15741707,0.04263468,0.07347559,-0.19337292,0.030687058,-0.028582871,-0.03442526,0.24206243,0.22351167,0.07550255
TCGA-D8-A3Z6-01A,-0.06393314,-0.06549276,0.119870834,-0.10126787,0.026020853,0.12394641,0.12919666,0.039828062,-0.21252327,-0.024490127,0.018537093,-0.01085661,0.068638116,0.23803285,0.14786272,-0.08870545,0.08180674,0.24561568,0.014996263,-0.18417113,0.028007276,-0.027198939,-0.03223371,0.062030446,-0.016493825,0.020237707,-0.3612309,-0.067660496,0.28639033,-0.2836364,-0.045489464,0.052545227,-0.22152597,-0.26520073,-0.03618385,-0.17386043,-0.0641187,-0.080733664,-0.13756484,-0.014978301,0.018752065,0.16299613,0.16721871,-0.15618092,-0.038155418,0.080618076,-0.05251239,0.14326285,0.2466049,0.1807914
TCGA-AO-A0JD-01A,-0.13553528,-0.123755485,0.27833086,0.12917365,-0.07811173,0.057639133,-0.0949718,-0.0017242256,-0.017533146,-0.04528896,-0.04665733,0.066718444,-0.014075665,0.1748665,0.1098755,-0.022394568,0.0903374,0.28577402,-0.018127708,-0.25174037,-0.13609919,0.07724014,-0.16410403,0.2639407,-0.08897992,0.19824594,-0.39248624,0.03642217,-0.1417759,-0.13501668,-0.057282317,0.121616855,0.0022855923,-0.2517394,-0.018764121,-0.21676444,0.019635532,-0.11919513,-0.013756945,-0.06669904,-0.12297095,0.12115493,0.013332149,-0.01120569,-0.1089843,-0.08286218,-0.079529695,0.19007899,0.19340174,0.09548117
TCGA-BH-A6R9-01A,-0.036205735,-0.075956434,0.08768218,0.09932408,-0.09833648,0.10694907,0.0385171,0.11713931,-0.21934737,0.031778347,0.03624282,0.0020703778,-0.043044128,0.2491253,0.20668839,0.02262012,0.0779732,0.25567737,-0.023857579,-0.3156972,-0.13245729,-0.10710344,0.0038837001,0.052085802,-0.14842068,0.08762164,-0.32519722,-0.066063,-0.026178965,-0.16352783,-0.087249994,0.18636528,-0.17442794,-0.14479037,-0.021662384,-0.35793558,0.05635234,0.07854611,-0.07901868,0.049537472,-0.18819559,-0.0022564912,-0.063970335,-0.14703502,-0.21792112,-0.09682579,-0.008074576,0.04917353,0.22276895,-0.017675778
TCGA-AC-A8OR-01A,-0.0018289832,-0.029569313,0.026495507,0.13163216,-0.117382996,0.11635589,0.11835253,0.05681381,-0.11356614,-0.11164172,0.057875473,-0.20274758,-0.070176914,0.313286,0.1776273,0.003513967,0.08356126,0.1891811,-0.06829069,-0.20426849,-0.07272991,-0.0022134972,-0.06141174,0.20607765,0.053277314,0.10572983,-0.3304368,0.06228868,0.048558652,-0.20829289,-0.14402694,0.09321575,-0.08453981,-0.17746834,-0.17398353,-0.08065344,-0.08738047,0.17359798,-0.13168031,-0.0018634949,-0.18993776,0.13639729,0.11258535,-0.112566814,-0.11204455,-0.07718716,0.0328845,0.22083527,0.291124,0.1595466
TCGA-GM-A2DO-01A,-0.05028416,-0.04688652,0.08139646,-0.02674771,-0.11547595,0.23576456,0.021233905,-0.104636796,-0.13119057,0.062208157,-0.09427297,-0.104557686,-0.062374815,0.2227112,0.1275158,0.01510789,0.081780255,0.31920907,0.018452635,-0.15690252,0.06043529,-0.03663739,-0.0874305,0.11275097,0.044405617,-0.08646163,-0.373675,-0.071118765,0.07610588,-0.099313505,0.013825066,0.14142528,-0.20213142,-0.19842711,-0.119788975,-0.2928188,-0.20632945,-0.051999073,-0.1744149,0.13656491,-0.016482271,0.18863477,0.031526223,-0.2352485,0.0121277915,0.06564831,0.027348433,-0.06508011,0.22254011,0.14842674
TCGA-3C-AALK-01A,-0.08649394,-0.13694324,0.12708703,0.13066879,-0.025133472,0.14243326,0.340723,0.07015182,-0.018019734,-0.07828582,-0.010506091,-0.01118995,0.06166715,0.1930805,0.162612,0.08049913,0.077435076,0.24441645,-0.024785856,-0.28190845,-0.13711436,0.11063485,0.08786354,0.0966736,0.0027419003,0.13596804,-0.33416688,0.05284468,0.035952106,-0.15003705,-0.03346673,0.044681717,-0.2976694,-0.13482364,-0.068756305,-0.27250403,-0.12529346,0.027401976,-0.15578997,0.10141944,-0.054827098,0.17462474,0.10947032,-0.1962053,0.02297352,-0.059663065,0.0027704907,0.12413312,0.08759979,0.12718147
TCGA-BH-A0H7-01A,-0.114285685,0.15635899,0.2479847,0.009164652,-0.16803291,0.07686425,0.07697399,0.101383515,-0.05848865,-0.16427262,0.0032583906,-0.13448371,0.08083161,0.29920506,0.06773524,-0.11003044,0.056015804,0.23867282,0.049607694,-0.2654015,0.068330154,-0.021850485,-0.15070595,0.0131749045,0.11811124,-0.043870535,-0.3468832,0.014876592,-0.0110248495,-0.14698707,0.038654555,0.12818131,-0.13292678,-0.11335103,-0.09728465,-0.21618523,-0.10241595,0.0027129026,-0.05804434,0.12489848,-0.22592995,0.059719086,0.15183055,-0.060046807,-0.031124072,0.003129303,-0.0828434,0.02584323,0.21488686,0.31632417
TCGA-D8-A1JS-01A,-0.24289843,-0.08487293,0.17073628,0.06095788,-0.13574542,-0.12534185,0.13322493,0.1034282,-0.22051431,-0.12999025,-0.15933049,0.010727571,0.04783355,0.09776568,0.18398754,-0.006514682,0.13078445,0.14196518,-0.01483682,-0.19409275,0.0026224994,-0.08710545,-0.20501868,0.021623358,0.01581419,0.123637505,-0.4484776,0.030800605,0.038806092,-0.16092338,-0.080289476,0.29884917,-0.07249251,-0.22840048,-0.078455165,-0.086325385,-0.10346841,0.025364427,-0.1600324,0.08462754,-0.09946079,0.0439182,0.08416261,-0.03271808,-0.12068285,0.06462907,0.029550064,0.22864214,0.11262554,0.12592627
TCGA-A1-A0SF-01A,-0.203947,-0.16488531,0.23823097,0.20219071,-0.023800237,0.052056987,-0.06977955,0.08760154,0.0024264154,0.0667422,-0.10058427,0.040145446,-0.0014123855,0.16581203,0.15253654,-0.06907889,-0.046955004,0.28690344,-0.05914452,-0.03936883,0.06961301,0.09330844,-0.10442017,0.11094295,-0.07340762,0.012126473,-0.38489714,-0.021143602,0.053988203,-0.113896556,-0.016530557,0.118688166,-0.145229,-0.16068968,-0.09793954,-0.29416507,-0.026931511,-0.023666406,0.050253253,-0.027781632,-0.07346426,0.2017643,0.10478957,-0.07943389,-0.1925535,-0.059677057,0.052175462,0.13282438,0.34694597,0.2072244
TCGA-BH-A209-01A,-0.10231584,0.21697877,0.16861291,0.07885132,-0.1271167,0.057694998,0.013833814,0.13960458,-0.15028659,-0.063659474,-0.09529307,-0.17459825,0.059145026,0.3459072,0.17300437,0.012088933,0.0021991031,0.23578681,-0.08728868,-0.15906425,-0.0067418097,0.061695926,-0.105733864,0.021938004,0.009675005,-0.053378433,-0.350137,-0.013721772,0.028086102,-0.13842925,-0.022110352,0.09348114,-0.32037964,-0.2468569,0.014720672,-0.1456801,-0.11406909,0.12977709,-0.01140663,-0.03872524,-0.07846858,0.1613857,0.10163397,0.0037738003,-0.22025369,0.16406205,-0.1524702,0.008099781,0.046424277,0.17412211
TCGA-OL-A5D7-01A,-0.12941901,0.019515753,0.20766109,0.026718186,-0.090679005,0.13084605,-0.13769136,0.10930804,-0.20049194,-0.09305128,-0.053573757,-0.088415734,0.05032707,0.12663034,0.16164166,0.015981177,0.100941695,0.20051295,0.102858506,-0.17414306,0.010130899,0.041485414,-0.018666178,0.009150338,0.039962653,0.07319137,-0.41895503,0.012372534,-0.11645012,-0.10905281,0.0018544511,0.17618807,-0.26830742,-0.28073305,0.026205352,-0.14869529,-0.15742278,0.048476353,-0.193756,0.04246499,-0.1629112,0.07099471,0.11529785,-0.10236633,-0.15618457,0.08266373,0.063238434,0.081294514,0.2985783,0.13853651
TCGA-PE-A5DE-01A,-0.07045102,-0.11413577,0.16306414,0.10187983,-0.12199448,0.11555714,-0.11411281,0.013162039,-0.0810688,0.026207414,-0.05973511,-0.047995124,0.061451398,0.26248038,0.05141164,-0.08055781,0.083526336,0.33887732,-0.07482926,-0.12278834,-0.019378912,-0.041475154,-0.100926355,0.044035267,-0.009309094,0.13425414,-0.37244698,-0.14295323,-0.07843279,-0.07133907,-0.063009456,0.034812387,-0.20937268,-0.21717265,-0.087979056,-0.31112045,0.009302285,0.2636335,0.08560515,0.12842596,-0.041620284,0.13810796,0.14094539,-0.1435348,-0.11913207,-0.16006713,-0.0074696844,0.16643934,0.12909302,0.15432724
TCGA-EW-A1P1-01A,-0.09328487,-0.11030987,0.19877094,-0.06619488,0.030496439,0.2318915,-0.11285546,0.09484911,-0.14122769,-0.020725904,0.084251836,-0.055933043,0.11554632,0.29010275,0.035021584,-0.03223156,0.11837826,0.15256692,-0.058198057,-0.10039361,0.026809648,0.016300868,-0.09736872,0.23497282,-0.038518343,0.058618203,-0.40763363,-0.0212022,-0.06651503,-0.19878118,-0.015597382,0.09422796,-0.19039658,-0.2530333,0.01705597,-0.20646884,-0.092149474,0.20953906,0.11140845,0.053573288,-0.044307716,0.02338289,0.065372325,-0.18324982,-0.010568136,-0.11448027,0.008548726,0.10706839,0.32058838,0.09286402
TCGA-A7-A13E-01A,-0.17486079,0.118461385,0.16028899,0.14311059,-0.016245695,0.096291035,-0.06879691,0.12153369,-0.13165812,-0.057515595,0.019520555,-0.07073555,0.07123628,0.20174822,0.07495496,0.008894318,0.03898587,0.15033805,-0.1463035,-0.19677296,-0.015297327,0.016674927,-0.098511934,0.03299968,-0.18061945,0.0050630574,-0.34762344,0.0015227343,0.16353749,-0.19624282,-0.12780003,0.10536968,-0.2623398,-0.25699967,-0.03398223,-0.3208016,-0.05001743,0.059429638,-0.017428366,0.020110764,-0.051903736,0.18184653,0.20707837,-0.044271696,-0.10088895,-0.10458212,-0.14177515,0.0021710144,0.27871174,0.12551904
TCGA-E9-A244-01A,-0.31951633,0.09633726,0.07154809,0.094898,-0.13782823,0.15548624,-0.074639425,0.124407776,-0.07791954,-0.043706648,-0.1599075,-0.118357055,0.11615344,0.30388182,0.2551893,-0.18394859,0.082536004,0.17810726,0.08571826,-0.050728247,-0.06515695,-0.0017146579,-0.10954353,0.17364578,-0.087700546,0.06569037,-0.24971068,-0.15657741,0.042455293,-0.14488618,-0.042314224,-0.066666506,-0.056263838,-0.14854394,-0.054534886,-0.20748876,-0.046930816,0.04201027,-0.120265804,-0.028959332,0.0730932,0.18083704,0.12013241,-0.12205094,-0.22229111,-0.16479754,-0.099358186,0.11997638,0.1813252,0.2086805
TCGA-A1-A0SN-01A,-0.08779372,-0.021451732,0.088091955,0.09679079,-0.24996156,0.078591414,0.01084933,-0.06934989,-0.1455743,-0.022442628,-0.010221377,-0.1580684,0.032075528,0.19976722,0.060121458,-0.01885133,0.0035001207,0.21505721,-0.06398326,-0.21234307,0.043401394,-0.040085178,-0.119219236,0.12179379,0.08030437,-0.023399556,-0.38923317,-0.03558455,-0.060487147,-0.28933758,-0.032146364,0.07884939,-0.16108902,-0.23990722,0.030201316,-0.121967226,-0.05977705,0.02443701,0.093440056,0.011400383,-0.24462517,0.10422084,0.15247396,-0.16440012,-0.15158543,-0.012059002,-0.059456196,0.13819107,0.22679575,0.31073874
TCGA-GI-A2C8-01A,0.09141133,-0.0058782385,0.124146804,-0.05291564,-0.17383632,0.054612953,0.021939425,-0.07973037,-0.17966563,0.05183625,-0.12555999,-0.040195324,0.16043846,0.077366605,0.2186912,-0.07402826,-0.13265243,0.2844977,-0.023091894,-0.16988948,-0.030709501,-0.06426926,-0.30407733,0.07841778,-0.07851715,0.11716829,-0.3326047,-0.049459998,0.01444593,-0.18236595,0.030010872,0.044603854,-0.21225144,-0.2024888,-0.010543609,-0.14964305,0.042857524,0.07617485,-0.1272578,-0.021988802,-0.05249229,0.1509385,0.13570487,-0.07769024,-0.1691965,0.056206,-0.08329912,0.33743665,0.14458598,0.19667432
TCGA-D8-A1JI-01A,-0.11052344,0.025685428,0.16171472,-0.032286823,-0.12448547,0.13965341,-0.070960924,-0.09042514,-0.26071912,0.050743476,-0.048329722,-0.083006926,0.14671868,0.25268665,0.1665809,0.040541444,-0.15709236,0.20913525,-0.07856232,-0.19734302,-0.16475317,-0.0123366555,-0.05913241,0.089321904,0.025364462,0.0811107,-0.28995907,-0.05538915,-0.09268057,-0.074628055,0.009672064,0.18832438,-0.2231181,-0.2857756,-0.20936088,-0.17953357,-0.2541301,0.05862129,-0.10213749,0.08405272,-0.12938634,-0.12231566,0.0058592753,-0.072615944,-0.11607685,-0.112068176,-0.06325249,0.066975996,0.20145129,0.1250802
TCGA-E9-A248-01A,-0.08553063,-0.020557072,0.20506924,0.09867755,-0.120966725,0.08943689,-0.0754559,0.14304855,-0.17034736,-0.047849324,0.10200023,-0.15363291,0.11189187,0.2883472,0.20767036,0.0065178573,-0.049691547,0.13265714,0.038277134,-0.26098648,0.0662088,-0.030202689,-0.097580805,0.07898761,-0.008600054,-0.06151322,-0.39932066,-0.023865499,0.08486359,-0.10851902,0.00034570377,0.14990778,-0.11869636,-0.16941789,-0.07694372,-0.23120485,-0.036591858,0.10163782,-0.09636659,-0.11066911,-0.1130385,0.21488427,0.21144915,-0.114682116,-0.20320435,-0.06504803,-0.07117971,0.14115633,-0.018898273,0.22008675
TCGA-A7-A13G-01A,-0.024258032,0.055548187,0.20493631,0.012331068,-0.17033821,0.15771914,0.023617735,-0.0298636,-0.1086392,0.00093870296,0.0020622353,-0.0795054,0.08793484,0.290888,0.12551191,-0.0019522392,0.0936652,0.11802304,0.065199725,-0.28493834,-0.057159837,-0.08558923,-0.0720677,0.054935053,-0.14913431,0.017463757,-0.39765707,-0.030848945,0.012303583,-0.27734655,-0.0133146895,0.2192347,-0.2064084,-0.2034419,-0.012133559,-0.10102838,-0.14095213,0.10990072,-0.13886975,-0.0607147,-0.08040232,0.002654469,0.2061763,-0.09833023,-0.18437098,0.024496246,-0.13792494,0.035805345,0.26845187,0.061912477
TCGA-LL-A740-01A,-0.22509764,-0.07795538,0.12145501,0.07197641,-0.17935118,0.20805746,0.065891095,0.0033980776,-0.1163766,-0.030367637,0.054149233,-0.059623826,-0.110920206,0.25348017,0.27535248,-0.11923715,0.05892343,0.22426113,-0.10240489,-0.2744864,0.051982775,0.039966684,-0.0063172653,0.2434104,-0.03347656,-0.007604439,-0.23554823,0.15049827,-0.06717126,-0.22874649,-0.049016513,0.071323454,-0.09187349,-0.14271456,0.015376454,-0.19384703,-0.12365261,0.0411955,-0.07287386,0.109276,0.003793775,0.10569143,-0.033208758,-0.18927461,-0.10970872,-0.07606761,-0.18876934,0.03447225,0.24896944,0.20867613
TCGA-BH-A1FJ-01A,-0.19203569,0.07907868,0.119963914,0.04204,-0.03409484,-0.06544354,-0.07684993,0.05473102,-0.12346979,-0.021061368,-0.117997274,-0.013307029,0.07453017,0.27572453,0.031967167,0.20117064,0.059731,0.291903,0.12305002,-0.17383516,0.06786864,-0.03480153,-0.12789862,0.28385115,-0.17236298,0.038389806,-0.34985986,-0.037388336,0.14055674,-0.21691394,-0.11501355,0.0663225,-0.11484565,-0.16183767,-0.014457037,-0.12516303,-0.044276442,0.064000875,-0.026611673,0.17397252,-0.09925198,0.21417461,0.08356121,-0.1877817,-0.10039678,0.018762121,-0.08871992,0.2030647,0.14018084,0.16662316
TCGA-EW-A1P3-01A,-0.1639267,0.087419145,0.14118369,-0.0011616902,-0.089478165,0.08973464,0.017518926,0.09373841,-0.18804497,-0.07334916,0.016689185,0.04332004,-0.012922584,0.18156013,0.17559041,-0.11540587,0.04237528,0.15345594,0.06750852,-0.11720063,-0.110372804,0.017802292,-0.03388382,0.23687954,-0.122657806,0.07225306,-0.37733465,-0.0070666163,-0.15726428,-0.114394516,-0.15755095,0.06196564,-0.22346291,-0.21760908,0.00041096867,0.03775215,-0.08228181,0.24097025,-0.14422241,-0.06253818,-0.06796862,0.2170365,0.14747974,-0.30689502,0.011906177,0.028768608,-0.13836257,0.10222775,0.18624009,0.19098681
TCGA-A7-A26E-01A,0.006198689,-0.064451784,0.20766623,0.09005744,-0.028351115,0.12911722,0.043652117,-0.02330157,-0.1518901,-0.10483492,-0.012114021,-0.043994583,0.08657669,0.27294266,0.01858816,0.029352179,-0.13542263,0.18628676,-0.00962316,-0.0603195,0.0015391475,-0.16275556,-0.05437316,0.18466336,-0.10085891,0.121182434,-0.39784536,-0.0955243,-0.012970912,-0.23241313,-0.057221208,0.059546676,-0.19012563,-0.22900093,-0.20880595,-0.20958643,-0.06047756,0.21185338,-0.15283248,0.16582488,-0.15650952,0.031183785,0.048622057,-0.12545557,-0.0740584,0.02331406,-0.06917782,0.1519989,0.27953455,0.024020068
TCGA-C8-A1HN-01A,-0.111081354,-0.016239174,0.24782833,0.12413891,-0.05094612,0.25774917,-0.1331197,0.0030581711,-0.048921738,-0.08253418,0.013938544,0.018249398,-0.090700075,0.288701,0.22008331,-0.09152581,0.016637499,0.21185312,0.082243614,-0.123021595,0.02786208,0.05354233,-0.20317198,0.22741418,-0.014672272,-0.04971922,-0.31757605,0.08039191,-0.14885527,-0.08797868,0.055894595,0.041562486,-0.16569006,-0.22987963,-0.016557867,-0.13372847,-0.029051108,0.16880047,0.0020770591,0.06838989,-0.1208521,0.1626414,-0.041922618,-0.054846272,-0.13621958,-0.062375892,-0.20059237,0.15991706,0.1793793,0.2418768
TCGA-BH-A1F2-01A,-0.05577943,0.023604166,-0.0028842024,0.049277585,-0.18714982,0.09850876,-0.047073115,0.107172474,-0.14900029,0.055688877,-0.17447473,0.13560285,0.03960267,0.12105667,0.1955215,-0.10459208,0.020012699,0.1768411,0.011762891,-0.1822012,-0.09516703,0.11175905,-0.1787464,0.15699004,-0.053959798,0.009764589,-0.25387847,0.009509322,-0.0020034397,-0.22259192,-0.017687876,0.26497236,-0.26018435,-0.20024726,-0.108767524,-0.18062346,0.03441677,0.26821473,0.016084677,0.12192365,-0.068750724,0.28599656,0.19073327,-0.13819493,-0.1487197,-0.115520336,-0.075236656,0.10359467,0.04925985,0.16848072
TCGA-PL-A8LY-01A,-0.0027279905,0.03848833,0.18119352,-0.014270345,-0.15339975,0.009868257,0.054880444,0.045655537,-0.29828772,0.07393203,0.05879657,-0.11292139,0.10605884,0.25223684,0.19593836,-0.11902053,0.13391402,0.21748245,0.0066862246,-0.26438463,0.019919908,-0.074536264,0.08113454,-0.04973908,0.08828483,-0.055991553,-0.441481,0.01728069,-0.046061683,-0.097534366,0.006999433,0.07267757,-0.2530521,-0.107231855,-0.08517648,-0.2666659,-0.10588896,0.036379393,-0.1646292,0.04634545,0.0019599372,0.043999974,0.08681742,-0.10082692,-0.06484032,-0.08710287,-0.09070145,0.038538937,0.2975106,-0.0065489947
TCGA-W8-A86G-01A,-0.17077757,0.102579,0.0591388,0.08075455,-0.11891563,0.08615865,0.03776946,0.112176195,-0.07912635,-0.0019307651,-0.08047911,0.08106653,0.018587044,0.23169555,0.16562854,-0.16874942,0.010495766,0.17714946,0.053433806,-0.27377573,-0.060265422,-0.13487011,-0.20247808,0.11220659,-0.032825094,0.061538372,-0.24773242,-0.06391606,-0.05379405,-0.23460263,-0.10171205,0.057458565,-0.1615035,-0.14057861,-0.16203082,-0.29611203,-0.13651034,0.11447724,-0.16117369,0.06945464,-0.19036534,0.06709939,0.2032859,-0.09589027,-0.29086104,0.01589057,0.06195234,0.13443507,0.15536359,0.11988744
TCGA-E9-A1RH-01A,0.0012401193,0.0014101443,0.1734499,0.08883872,-0.21481545,0.043474473,0.09326074,0.10327278,-0.29224908,0.108763605,0.07258734,-0.10606445,0.0076757893,0.2545426,0.15188965,-0.086801924,0.017202185,0.15001914,-0.16400905,-0.035028193,-0.07451284,-0.0030833294,-0.07447166,0.12878177,-0.20596497,0.068887345,-0.3561656,-0.01287797,-0.07340167,-0.12768629,-0.18543969,0.028980916,-0.24496958,-0.07049597,-0.024931092,-0.3357945,-0.11383737,0.0251774,-0.08742652,0.105689496,-0.114486046,0.096661456,0.025877524,-0.22094236,-0.08078864,-0.013906225,-0.04424383,0.026789503,0.1736029,0.23118435
TCGA-A2-A4S1-01A,-0.04073333,-0.01606498,0.33165202,0.07685184,-0.19961552,0.013646675,-0.109365046,0.097519204,-0.11044738,0.004441161,-0.14762054,0.059638724,0.10561519,0.12146758,0.13432783,0.024269432,0.04727408,0.21767598,-0.035756003,-0.15316081,0.044351973,0.071757145,0.0002853741,-0.09522052,-0.17861156,-0.025950154,-0.43802974,-0.091710754,-0.063223265,-0.12708767,-0.031340137,0.12735382,-0.19991413,-0.08165149,-0.012020355,-0.31224823,-0.14358443,0.062198006,-0.024497379,0.03894076,0.06558338,0.18291591,0.0023391994,-0.13648887,-0.13370496,-0.123267785,-0.10345127,0.1459806,0.19094326,0.22138666
TCGA-E9-A22G-01A,-0.12994175,0.012836164,0.16172972,-0.011130139,-0.02900945,0.11218379,-0.11374574,0.030854367,-0.1431344,-0.055947702,0.057001658,-0.10934162,0.06663983,0.11914612,0.2871168,-0.03413156,0.038064484,0.18345684,-0.20457776,-0.14186306,-0.020447565,0.05753447,-0.1848966,-0.016112285,-0.22924666,0.025698984,-0.36194652,-0.04565328,0.035499938,-0.13033748,-0.18040034,0.2867591,-0.19328003,-0.2504327,-0.022004196,-0.10457326,-0.124314465,0.13845724,-0.20634164,-0.10477116,-0.15378515,0.06951738,0.07213555,-0.077940434,-0.12604281,0.084133305,-0.04553116,0.14048561,0.13029353,0.18034776
TCGA-AC-A2BK-01A,-0.15950455,0.052505475,0.18259177,0.11406678,-0.09876054,0.08234274,-0.028004024,0.023549555,-0.16570462,-0.042586666,-0.13446984,-0.08774067,0.07868343,0.2733848,0.16583177,-0.15558293,-0.07822654,0.09537988,0.011240949,-0.15898275,0.08976646,0.095892556,-0.11050571,0.102966584,0.013327583,0.010740137,-0.36685383,-0.018046975,0.009560753,-0.07268403,-0.14731504,0.13925275,-0.08673001,-0.17304693,-0.15172832,-0.32451493,0.028834624,0.10730881,-0.0688134,0.07316194,-0.13222624,0.06771527,0.2031542,-0.23413672,-0.21389446,0.07683262,0.026441041,0.038748037,0.07491477,0.302778
TCGA-AC-A6NO-01A,-0.17915727,0.05494642,0.3126217,-0.06786026,-0.17333221,0.23473608,0.0150980465,0.046699762,-0.096715756,0.060089257,-0.14733747,0.033222172,-0.05195397,0.2288806,0.09092891,-0.07846448,0.023266666,0.14818385,-0.02043698,-0.20113654,0.034398776,0.016399013,-0.009977346,0.102706276,-0.21340673,-0.056426153,-0.33398533,0.19692901,0.01704778,-0.23451576,0.10575361,0.06540393,-0.24376206,-0.18996742,-0.01401604,-0.20682214,-0.018118862,0.11596838,-0.028231047,0.07621757,-0.034969702,0.1652555,0.10735796,-0.10025768,0.064271934,0.0014282926,0.106645085,0.11977745,0.14489037,0.25418544
TCGA-E9-A22A-01A,-0.16773425,-0.039165977,0.18030186,-0.05415886,-0.22487232,0.13254003,-0.058224425,0.07242248,-0.1847672,-0.03844564,-0.086000696,0.01105679,0.02894224,0.31868246,0.14344712,-0.11971154,-0.03251992,0.18034513,-0.011751302,-0.027220912,-0.07119385,0.10170943,-0.04349765,0.041695014,-0.20590611,0.03592597,-0.32089937,-0.06164652,-0.04436831,-0.2139757,-0.11557325,0.18094939,-0.13466485,-0.20192285,-0.13236408,-0.05043761,-0.05717162,0.14523435,-0.26603988,0.15098618,0.039402638,0.1520259,0.12522611,-0.13933255,-0.021919323,-0.27190545,-0.08585422,0.13095488,0.15373416,0.024950774
TCGA-EW-A1PA-01A,-0.12580818,0.004441504,0.2324978,-0.12503178,0.055259347,0.15292329,0.007644519,0.13296127,-0.098684676,-0.09810662,0.053023133,-0.046308093,0.09148712,0.36950663,0.16151871,-0.18704239,0.080130324,0.24307612,-0.1597875,-0.1596278,-0.022388317,0.10134799,-0.060956847,0.037915185,-0.13793354,0.11628845,-0.262603,-0.122481264,-0.008037003,-0.06843225,-0.110761866,0.059321996,-0.09149762,-0.36604032,-0.09287349,0.0068326104,-0.08494479,0.14944498,-0.12637015,-0.08911527,-0.016497623,0.16007741,0.19037445,-0.124794096,-0.023060981,-0.15344614,-0.04184909,0.10663767,0.21840774,0.058256425
TCGA-BH-A1FU-01A,-0.09249059,0.06482293,0.07374281,0.104546174,-0.24844196,-0.025674677,-0.06469463,-0.02598237,-0.19491163,0.025236776,-0.15955457,-0.045670986,0.15781702,0.23356998,0.1517856,-0.07487062,0.03853463,0.32526988,0.032178298,-0.07094508,0.014923967,-0.09070039,-0.039056595,-0.0069281,-0.057217088,0.00714014,-0.37141153,-0.043240808,-0.1323488,-0.17816791,-0.022468504,0.017563581,-0.16166422,-0.24445404,-0.061370987,-0.099651895,-0.18458304,0.04863195,-0.06869223,0.07624595,-0.10413925,0.13507412,0.07782661,-0.18274826,-0.104118116,-0.12518258,0.034502096,0.019003915,0.22854088,0.3425919
TCGA-E9-A1R7-01A,-0.095683835,-0.08875587,0.1393323,-0.08536424,-0.14749277,0.11648664,-0.023260888,-0.018855393,-0.08875052,-0.1502374,-0.058564566,-0.032054845,0.08722524,0.3399509,0.15649715,-0.049964372,-0.012725492,0.19304891,0.063170694,-0.11037553,-0.06123731,0.008737281,-0.09425407,0.076648705,-0.10633647,0.19880883,-0.42298573,-0.08718119,-0.013453513,-0.08771981,0.08751195,0.11993578,-0.13886373,-0.08284716,-0.06199356,-0.11038223,-0.18826348,-0.0093722055,-0.15336885,0.27315637,-0.08252767,0.28348884,0.0860951,-0.21016422,-0.041620597,0.098053336,0.109476976,0.033552866,0.21921356,0.09170484
TCGA-A1-A0SJ-01A,-0.13269585,0.036266327,0.14579538,0.02276541,-0.11462246,0.21630883,0.022507511,0.15644029,-0.20345694,0.0018634221,0.059359096,0.016353775,0.12456038,0.31041273,0.036501877,-0.20473583,0.044099778,0.1844817,0.14246082,-0.07993277,-0.0022812474,-0.036911946,-0.11715816,0.09987736,-0.12198929,0.014654551,-0.3236809,-0.020533001,0.0881795,-0.21549174,-0.16721743,0.061125573,-0.1861422,-0.17754874,-0.07707242,-0.20545068,-0.09801861,0.11584306,-0.114279754,-0.07190037,-0.15883121,0.085477866,0.09855001,-0.23188373,-0.010512583,-0.14384757,-0.031723388,0.08942825,0.17172356,0.2631811
TCGA-AC-A23H-01A,-0.069122165,0.04475563,0.20063733,0.19895482,-0.090643466,0.089992374,-0.12824164,-0.028033342,-0.09787165,0.023682378,-0.1463252,-0.111742064,0.076844566,0.34007132,0.060308658,-0.17888442,-0.04256419,0.25187042,-0.053541176,-0.13865203,-0.043876525,-0.0127738975,-0.077528104,-0.018449632,-0.0432244,-0.014512518,-0.2224698,-0.077293955,0.061056912,-0.13608849,-0.03918419,0.13446553,-0.28144398,-0.1649103,0.06261473,-0.20907053,-0.109715685,0.16816226,-0.0741343,0.0938274,0.0015214669,0.2164483,0.27604377,-0.04376651,-0.018150786,-0.20339411,0.041271172,0.16754627,0.23886079,0.14583077
TCGA-EW-A1OV-01A,-0.052960005,0.08063754,0.14195411,0.10562337,-0.12608367,0.32433105,-0.022813406,0.04226892,-0.21137492,0.17456657,-0.0689212,0.058046516,0.13215904,0.16573018,0.08908205,-0.0492647,-0.05739131,0.29518235,0.025627214,-0.12895057,-0.057112936,0.08739404,-0.12858194,-0.034896895,0.108877145,-0.048750065,-0.32851142,-0.042806413,0.02634307,-0.17999223,-0.0660168,0.0294848,-0.24682987,-0.13008587,-0.10182832,-0.24448816,0.10784234,0.06887811,-0.015669435,0.055253066,0.055162482,0.13155569,0.13397133,-0.111140884,-0.13332069,-0.11167037,0.0972914,0.24335895,0.10641042,0.26493153
TCGA-E2-A1L6-01A,-0.17565423,-0.008003133,0.03536256,0.04260074,-0.06891602,0.074487545,0.1123789,-0.00094232545,-0.11848166,0.018731443,-0.101174586,0.018887272,0.10557912,0.1966915,0.14611185,-0.11825794,-0.053904295,0.3416566,0.036970958,-0.17813052,0.06666006,-0.004794085,-0.08159384,0.05407987,-0.09138405,0.053856883,-0.3860621,0.07828265,0.01224264,-0.31632406,-0.20476039,0.110374264,-0.2807993,-0.19874513,-0.046358094,-0.12137235,-0.07012769,0.11470251,-0.002922857,-0.04224938,0.08976715,0.2148776,0.001978571,-0.14076325,0.043763958,-0.033913948,0.013579716,0.29776913,0.13791433,0.07302123
TCGA-A2-A0T6-01A,-0.10501036,0.0010231216,0.007350808,0.038159132,-0.09117956,0.0073605077,-0.01648953,-0.028618583,-0.17703024,-0.041653454,-0.20974532,-0.049476083,-0.04001736,0.33303106,0.15201353,-0.08920941,-0.104601644,0.11888542,0.0062068747,-0.20460117,0.049805604,0.08568778,-0.10590536,0.15791059,-0.043461226,0.08068727,-0.4714157,0.11002246,-0.10104907,-0.16150375,0.14144927,0.0369975,-0.25755435,-0.20276608,-0.19613492,-0.15562677,-0.04216163,0.03348721,-0.10667058,0.033090062,-0.1352561,0.20426777,0.15790808,-0.18835965,0.031358898,0.11210257,0.0079150805,0.019317714,0.10858269,0.099154286
TCGA-B6-A0WZ-01A,-0.12139272,0.019367741,0.15975554,0.18842408,-0.102219716,0.14633986,0.19299453,-0.07365049,-0.018573936,0.021907028,-0.07694863,-0.07344253,-0.028149428,0.19353993,0.08988469,0.11072089,0.010895609,0.14278385,-0.11755861,-0.3163144,-0.014541014,-0.077004,-0.20722435,0.013291976,-0.12731381,0.19307719,-0.28358787,-0.18253411,0.08846116,-0.14793414,-0.11913447,0.049767733,-0.28010172,-0.2712246,-0.15302616,-0.032591965,-0.008516703,0.157137,-0.03950995,-0.009770772,-0.21297464,0.069240265,0.14498605,-0.047199633,-0.14911614,0.068813786,-0.15075648,0.11861598,0.07845596,0.1873661
TCGA-BH-A1F5-01A,-0.06192669,-0.025393054,0.15133186,0.18852657,-0.078129634,0.24217327,-0.078383,0.09389398,-0.05659654,-0.04876854,0.11718187,-0.005348243,0.07193742,0.20442083,0.16406682,0.020681426,0.12592556,0.25375688,-0.03288696,-0.21542272,0.09486693,0.14865571,-0.13882719,0.05928921,-0.038912013,0.061868306,-0.48906204,0.11446913,-0.058620524,-0.00352494,-0.017874377,0.13006012,-0.2151024,-0.18005055,-0.15219508,-0.16242449,0.030037325,-0.006371892,0.018614374,0.008877475,-0.03308906,0.15997262,0.03739132,-0.17612295,-0.03984022,-0.0041863415,-0.09517905,0.11542566,0.30009076,0.0321477
TCGA-EW-A1P6-01A,-0.06467995,-0.1463464,0.1825467,0.11994811,-0.09678938,0.008502739,-0.10462227,0.052873455,-0.06190795,-0.14242113,-0.22247241,-0.038524847,-0.05650993,0.28165355,0.19013715,-0.06267987,0.051509272,0.07980744,0.007637881,-0.27062592,-0.11296679,-0.008370848,-0.08500598,0.0712477,-0.12160333,0.059816666,-0.34683982,-0.08325729,-0.08102653,-0.23246309,-0.017791782,0.120970726,-0.23151156,-0.22335689,-0.07753465,-0.16082011,0.048356097,0.1518567,-0.019067675,0.07118196,-0.119427934,0.05739841,0.026537435,-0.20104258,-0.14760067,-0.07850373,-0.08686892,0.07194207,0.30739087,0.13105905
TCGA-OL-A66O-01A,-0.1053579,0.03477492,0.17560235,0.12979531,0.063005164,0.017330347,-0.044358734,-0.018162059,-0.16939113,-0.16351436,-0.022870412,-0.11599494,0.08077142,0.3712378,0.10704931,-0.02649755,-0.024620801,0.25280896,0.1835571,-0.16973685,-0.0034315602,0.06467162,-0.07440258,-0.013495736,0.08015276,-0.047391277,-0.3834113,-0.0846685,-0.11342012,-0.15458888,0.029583829,-0.015575101,-0.10713209,-0.15772228,-0.0036858139,-0.30529544,-0.06373197,0.03116596,-0.0041536028,0.068265915,-0.105610356,0.12838738,0.16880907,-0.126903,-0.20887193,-0.017022023,-0.07976086,0.21923333,0.07246606,0.234001
TCGA-AO-A124-01A,-0.18646713,-0.044158608,0.033268947,0.2524813,-0.23608704,0.09966247,-0.18441918,0.044873316,-0.10262311,-0.057011593,-0.20105284,-0.07341803,0.02574139,0.16166598,0.03069277,-0.0572406,0.0005887641,0.26153693,-0.054064874,-0.123642735,-0.07393071,-0.06273251,-0.15494095,0.13292627,-0.09614666,0.057090525,-0.43484956,-0.044755653,0.057550285,-0.1830673,-0.02757495,0.038223967,-0.26413667,-0.13002776,-0.06703978,-0.03811157,-0.013003438,0.116735384,-0.17357752,0.0809472,-0.07570096,0.15691741,0.054776408,-0.25355068,-0.15337524,-0.033250175,0.03277295,0.09948446,0.18735462,0.11974645
TCGA-E9-A6HE-01A,-0.2940837,-0.004168062,0.21829444,0.06838827,-0.03574162,0.095039174,-0.0790376,-0.022256289,0.03323097,-0.10658872,-0.08432354,0.05586884,0.009800935,0.39753923,0.18878661,-0.15055779,-0.15354371,0.14690672,-0.0036053823,-0.29813883,0.08378591,0.08369906,0.0061611836,0.13634637,0.009659547,0.0720079,-0.37662253,0.06759168,0.026841884,-0.071854346,-0.11455949,0.14130013,-0.052228525,-0.2103545,-0.21515967,-0.101199865,-0.058942955,0.10178117,-0.06519267,0.09064502,-0.106588796,0.10956109,0.07391099,-0.19610374,-0.11134167,0.08179315,0.020703273,0.07558306,0.13835476,0.07832174
TCGA-BH-A0DK-01A,-0.082587525,-0.14516659,0.14413506,0.05221524,-0.10643082,0.19208461,-0.014432485,-0.08677752,-0.21920739,-0.008083248,-0.054884534,0.093218625,0.07022439,0.31597894,0.0034432109,0.059183452,0.115631334,0.33546212,-0.10555122,-0.17089519,0.0024686872,-0.09904889,-0.049829036,0.037276443,-0.17280886,0.16342378,-0.32856897,-0.014620492,-0.07661257,-0.17263292,-0.009757396,0.23446421,-0.303637,-0.09482488,-0.01779814,-0.17872742,0.06852533,0.03645586,-0.02061453,0.056819204,-0.094880335,0.18051857,0.12814946,-0.061756134,-0.03182704,0.008600795,-0.13896544,0.15443626,0.09485368,0.17582496
TCGA-OL-A66J-01A,-0.23558943,-0.03773796,0.1778038,-0.022662526,-0.09286125,0.16950695,0.00035629404,0.14026542,-0.26678094,0.054972015,-0.110797,-0.029424338,-0.076598845,0.20629527,0.19486378,-0.050294425,-0.009753523,0.23358925,0.017282734,-0.21082078,0.12591879,-0.07238364,-0.22015592,0.14672588,-0.06303968,-0.09519746,-0.2863669,-0.025642399,-0.051589098,-0.09077374,0.08208016,0.05465839,-0.3597308,-0.25958666,-0.09535209,0.009348296,-0.14332695,0.01109404,-0.043805055,-0.06962074,-0.0486318,-0.01947555,0.24842387,-0.13962522,-0.12824766,-0.081823215,-0.013740494,-0.013394901,0.14290453,0.09768611
TCGA-D8-A1JE-01A,-0.18068156,-0.03501508,0.11845279,-0.04872602,-0.04844925,0.11117607,-0.083581775,0.058673147,0.015395592,-0.0015621776,-0.044541158,-0.040462103,-0.005163647,0.21676423,0.14127058,-0.17818007,-0.18941534,0.17344332,-0.15307371,-0.167727,-0.09338409,0.10009833,-0.16579142,0.29666382,0.01964031,0.10650915,-0.36299086,-0.040185962,0.012947881,-0.17601068,-0.1481462,0.22024749,-0.29738134,-0.108418725,-0.06302821,-0.15206997,0.031448286,0.09487662,-0.10035963,0.14142248,-0.10890743,0.18694563,0.15655072,-0.021782108,-0.04655642,-0.06499963,-0.21078609,0.047429364,0.053904347,0.16856404
TCGA-AC-A23G-01A,-0.14121106,0.037157245,0.16707513,0.21468902,-0.116674155,0.06894434,-0.07334502,0.012279746,-0.12515476,0.056225415,-0.05602824,-0.0023616182,0.018874247,0.16344129,0.21699437,-0.088441126,0.059324436,0.27515334,-0.11023106,-0.04751817,-0.14472777,0.017480185,-0.2213547,0.07971155,-0.13348265,0.077003144,-0.30488306,-0.17061932,0.100548066,-0.2819472,-0.033576135,-0.011094169,-0.24715982,-0.24448878,-0.15978996,-0.20571288,-0.13721451,0.114162266,0.05841208,-0.03869382,-0.06900598,0.064265616,-0.04489388,-0.17370428,-0.09257784,-0.03707238,-0.06251171,0.11964354,0.24155256,0.12978145
TCGA-Z7-A8R5-01A,-0.14214155,-0.04562163,0.2680671,0.05075615,-0.079651915,0.078906156,0.060863428,-0.040289655,-0.16283816,0.015217121,-0.11381548,0.0031712505,-0.015067786,0.26275033,0.11029015,-0.12170262,-0.059610333,0.30535138,-0.016996294,-0.21703207,0.09877678,0.078584425,-0.121583134,-0.021959294,-0.073278196,0.07139988,-0.35855404,0.030101657,0.048212927,-0.059663944,-0.08380916,0.122788616,-0.19133139,-0.2731515,-0.15167966,-0.142689,-0.06165216,0.14842905,-0.039284814,-0.16057132,-0.06975409,0.06389554,0.1589664,0.034580827,-0.2829578,-0.05897648,-0.028368693,0.12928517,0.08527123,0.23373732
TCGA-EW-A1P4-01A,-0.097438686,0.04865217,0.15114473,0.11881004,-0.062217176,0.31102934,-0.025494406,0.16228825,-0.14845237,0.025266163,-0.17119162,0.03460778,0.0023007926,0.24213329,0.15541726,-0.020560075,-0.03329152,0.118227445,0.05202102,-0.14754184,0.026155828,0.10454948,-0.1706664,0.16531965,-0.07926135,0.014750069,-0.33312604,0.024654184,-0.12867343,-0.22113454,-0.16876477,0.20360246,-0.18512708,-0.13022335,-0.002860583,-0.18761808,-0.13597162,-0.060053412,-0.16619371,0.119891286,-0.08653748,0.20055543,0.19600442,-0.1285522,-0.20776507,0.03339822,-0.063360624,0.072333,0.075965,0.1166201
TCGA-D8-A27T-01A,-0.13456436,0.014314909,0.1743623,0.04086967,-0.24505708,-0.020264769,-0.0053889956,0.101819135,-0.16368082,-0.027406042,0.005365114,-0.047132477,0.089731544,0.18701692,0.09789384,-0.028837677,-0.041002654,0.21682538,-0.031249741,-0.091695584,-0.115301885,-0.010068202,-0.13879535,0.03531324,-0.107976966,-0.01996527,-0.46660155,0.045537572,0.066670574,-0.015268683,-0.15324096,0.040228374,-0.18062297,-0.13838103,-0.045422975,-0.19068596,-0.17272893,0.17278215,3.6210946e-05,-0.04455734,0.07266302,0.18186012,0.11090593,-0.057589866,-0.048307054,-0.18290523,-0.19156784,0.25266168,0.2874867,0.13073586
TCGA-D8-A27R-01A,-0.113653556,0.078369,0.26442662,0.044960704,-0.19481385,0.019479563,0.05903094,0.004848793,-0.19858874,-0.036058784,-0.0016144515,-0.13972008,-0.064874195,0.2467497,0.19963163,-0.2126662,0.00074285374,0.23623955,-0.06296854,-0.18178634,0.080448344,0.07478931,0.037698276,0.025105195,0.020954309,0.016755331,-0.2916231,-0.06907763,-0.12583165,-0.28325588,-0.13790512,0.17722216,-0.1373688,0.030186387,-0.0659588,-0.21748385,-0.04381006,0.20873691,0.020321272,0.20170158,-0.020668315,0.12354879,0.111038305,-0.07381435,-0.18069434,-0.05471381,-0.15575878,0.1382828,0.068169944,0.19389264
TCGA-A2-A4RW-01A,-0.16140997,0.07738067,0.1492676,0.12504931,-0.11442294,0.042366486,-0.018547863,0.067374334,-0.15866259,-0.01723299,0.12779196,0.12187173,0.16599028,0.28077602,0.062451854,0.057815906,-0.043759756,0.28038698,-0.102177955,-0.23733743,-0.0013912874,0.039121594,-0.048915274,0.25699738,-0.04652098,-0.012636937,-0.36616737,0.05974589,0.03593205,-0.078728,-0.008500917,0.12608732,-0.27144107,-0.24518847,0.058835648,-0.1724594,-0.036261678,0.05862294,-0.16612102,-0.032757103,-0.19596228,0.027823271,-0.020827735,-0.109374866,-0.048002202,0.040784106,0.07690303,-0.030790718,0.14070368,0.2768716
TCGA-AC-A5XU-01A,-0.12083427,-0.0043299193,0.10586181,-0.1110034,-0.06704231,0.118756324,0.09684303,-0.001799954,-0.13660088,0.011322388,0.043392375,0.038883578,0.0641772,0.24695593,-0.009743329,-0.00620598,0.15143956,0.22702265,-0.114986055,-0.14172028,-0.05147435,-0.10047037,-0.047763437,0.10386495,-0.17230998,-0.028904397,-0.42552802,-0.0067045917,0.0438451,-0.22987628,-0.12527362,0.03375224,-0.3255334,-0.27610257,-0.12751277,-0.2226332,0.012235359,0.025802638,0.03515948,0.07306187,-0.022860235,0.1899404,0.07496585,-0.014218044,-0.10992678,-0.20329586,-0.1208816,0.1141685,0.18904316,0.122373566
TCGA-LL-A6FR-01A,-0.1790961,0.19078425,0.22501887,0.13036655,-0.054565683,0.085780576,-0.066468515,0.06673895,-0.07946005,-0.121369444,-0.07739869,0.00992978,0.19240853,0.2905744,0.008572373,-0.19870785,0.043955147,0.18866195,0.046240643,-0.0524749,-0.024679188,0.024336644,0.008695246,0.08622654,-0.13211437,-0.08848866,-0.36584705,-0.13596267,0.10238064,-0.047142632,-0.12771745,0.173417,-0.25997624,-0.23553173,-0.03782136,-0.0910473,0.011908813,-0.0021845386,-0.16525555,0.019429198,-0.16204038,0.1599183,-0.020795364,-0.10010405,-0.06438293,0.052654743,-0.10964384,0.2966337,0.11807699,0.15791143
TCGA-A7-A5ZV-01A,-0.24501467,0.024194574,0.21177058,0.02803441,-0.118650235,0.24700542,0.07840751,0.05254301,-0.19272888,-0.012965906,-0.009931386,0.010956602,0.038864784,0.073956504,0.1626,-0.14913118,-0.05943277,0.21553347,-0.010012215,-0.23844297,0.03201858,0.025118679,-0.034529198,0.09957493,-0.03258752,-0.10905933,-0.4097638,-0.06578011,-0.11180026,-0.14681809,-0.046477497,0.14123876,-0.17302197,-0.048372936,0.03531791,-0.051929582,-0.072378494,0.12405547,-0.048391074,0.03250739,-0.11968846,0.07230162,0.1963732,0.08019567,-0.085401684,-0.052408066,-0.07760174,0.089393,0.26709017,0.3678568
TCGA-AO-A0JA-01A,-0.13471258,-0.013179046,0.27113125,0.0040717297,-0.10380107,0.24479191,0.12965278,0.02075603,-0.023719918,0.10631135,-0.118519105,-0.14849295,0.035974342,0.3218118,0.21842809,0.0013668444,0.05516071,0.093877986,0.029813495,-0.19067279,0.08413503,-0.031958498,-0.02776829,0.06056411,-0.10399727,-0.10317338,-0.26884958,-0.04019113,0.06567983,-0.12403284,0.04114568,0.2642544,-0.13913628,-0.4095067,0.005958192,-0.2496428,0.010049569,0.14422801,-0.03222802,0.03891935,-0.15485191,-0.011141894,-0.04115611,-0.063760765,0.06744583,0.0020985806,-0.03515589,0.14907204,0.1692564,0.10988029
TCGA-E2-A1L8-01A,-0.100032605,0.0018473775,0.056992695,0.023262566,-0.26021758,0.15341012,-0.060710758,-0.05317309,-0.121367924,-0.12227829,-0.011037861,0.006606383,0.011220822,0.08415567,0.27161482,0.15778868,0.115679085,0.12769352,0.17345366,-0.17471182,-0.12704924,-0.010899213,-0.13316445,0.042475276,-0.039835818,-0.047389124,-0.32595,-0.04882737,0.026829684,-0.071365215,-0.041421,0.12490761,-0.33069697,-0.30722857,-0.16905335,-0.12835118,-0.099568196,0.24752185,0.04220716,0.15463598,0.027492315,0.031771466,0.13754988,-0.225972,-0.06959715,-0.01958278,-0.15490915,0.09217393,0.08760955,0.16794321
TCGA-AR-A24Z-01A,-0.2090976,0.020029776,0.34738687,0.11516005,-0.17492464,0.072087154,-0.107330754,0.1983107,-0.045902573,-0.010783551,0.048070874,-0.083441734,0.032023765,0.26976484,0.13016765,-0.09835581,0.059673294,0.16655931,-0.03271914,-0.113132395,-0.16529563,-0.051863205,-0.12856005,-0.008301653,-0.052945387,-0.023250416,-0.31582546,-0.1073919,0.014437718,-0.07022933,0.007563564,-0.04486901,-0.17023395,-0.33810312,-0.02661617,-0.12267485,-0.09453106,-0.05209909,-0.063797936,0.09758183,-0.17817277,0.20724265,0.037396163,-0.25913277,-0.05059172,-0.06441018,-0.16710913,0.05780394,0.0590814,0.20190349
TCGA-D8-A27K-01A,-0.006467288,0.010558501,0.29933187,0.06555948,-0.2560423,0.023236908,0.051729057,0.084696315,-0.15974924,-0.15265289,-0.023273993,-0.0010805833,-0.04407239,0.1703148,0.033980463,-0.014285123,-0.11180699,0.33322155,-0.0023420125,-0.2506159,0.09964154,0.066456184,-0.015436496,0.12155652,-0.034991227,0.026400754,-0.3301281,0.03426637,-0.049275592,-0.062299438,0.05006917,0.054461997,-0.27119797,-0.196359,-0.14462943,-0.03748942,-0.13874353,0.11394589,-0.066440694,0.0940184,-0.04543582,0.097231515,0.07633089,-0.2802173,0.109741695,0.038855467,-0.076508835,0.06374988,0.3266675,0.052831013
TCGA-E2-A1IL-01A,-0.2576051,-0.1119834,0.035818987,0.06609796,-0.10034275,0.12419097,0.07739665,-0.04179516,-0.2346425,-0.116818644,-0.119413935,0.04116706,-0.014013036,0.26647913,0.08847083,-0.053386122,0.043682992,0.2023204,-0.064899534,-0.055003393,-0.018464107,-0.03924665,0.11287085,0.10717285,-0.0044977977,0.09908203,-0.35613638,0.047193702,0.030521331,-0.21893649,0.019545374,0.11403139,-0.16282743,-0.21347946,-0.033796377,-0.089002796,-0.05461748,0.14326395,-0.08923768,0.15651798,-0.13389398,0.25142488,0.27122495,-0.3125169,-0.064280234,-0.15043701,0.030335048,0.045511063,0.05709892,0.12584104
TCGA-3C-AAAU-01A,-0.11247065,-0.039118823,0.23946084,-0.093214,-0.099166386,0.12994592,-0.1008968,0.073661745,-0.18505722,-0.064225085,-0.06753596,-0.03357134,-0.015746664,0.3360627,0.21190277,-0.11517719,0.041838285,0.10721304,-0.04101077,-0.12859955,0.06742661,0.072730266,-0.014046289,0.015807267,0.017211718,0.041638494,-0.46044898,-0.015881991,0.12076015,-0.10905339,0.018900247,0.1020378,-0.31987792,-0.023559302,-0.16276076,-0.12113769,0.066764,0.07019142,0.0059850067,-0.086876184,-0.0059009898,0.1986579,0.020137265,-0.25403205,-0.18999727,-0.0343491,-0.029182702,0.10940113,0.1795414,0.14484467
TCGA-LD-A7W5-01A,-0.15867971,0.052079096,0.15422526,0.12136411,-0.1875732,0.11448645,0.1008951,0.15527964,-0.18618813,-0.115167275,-0.28087592,-0.056062877,0.045643814,0.339305,0.1462927,-0.13194604,0.047353633,0.28452224,0.03116828,-0.19464584,0.0038436635,0.073673636,-0.26003063,0.039461058,0.0031782724,0.08834371,-0.28176156,-0.070157915,-0.07615752,-0.09883399,-0.029743318,0.030128494,-0.18005858,-0.12433876,0.01587751,-0.20505735,0.09097444,-0.055039536,-0.18423355,0.025718167,-0.03368277,0.11200811,0.0906425,-0.19839989,-0.07923468,-0.01933607,-0.025388885,0.15802787,0.096531086,0.14117762
TCGA-AO-A1KT-01A,-0.28400278,-0.085725315,0.24291107,-0.0863138,-0.14507143,0.24289241,-0.004491179,0.046058204,-0.1589963,0.02470816,-0.14301856,0.037280638,0.008572665,0.09012372,0.21152271,-0.0046045333,-0.07576512,0.25454333,0.033753343,-0.030156573,0.0016172488,-0.049493123,-0.027872402,0.10628106,0.011879935,0.12895894,-0.3625724,0.066923626,-0.24943401,-0.09187497,-0.15780528,0.114727244,-0.12981586,-0.17103308,-0.15681589,-0.2250404,-0.16107138,0.10884908,0.058239892,0.10854354,0.037857287,-0.005682846,0.22874838,-0.18815868,-0.09530786,-0.006589813,0.007741891,0.06601791,0.17228594,0.08599347
TCGA-GM-A2DH-01A,-0.24282321,-0.016745115,0.18944082,0.12595901,-0.07648786,0.0461123,0.030368252,0.04868042,-0.06631194,-0.010228772,-0.013102834,-0.08698547,0.13838781,0.38282186,0.21561068,0.028014954,-0.043841776,0.15849109,-0.14901048,-0.18703315,0.05520427,0.07985587,-0.121809825,0.043324567,-0.0026848118,-0.00012942587,-0.34613705,0.08174461,-0.0643132,-0.09491947,-0.060377028,0.11145915,-0.3436013,-0.049951665,-0.14329574,-0.23882858,-0.17080113,0.10576234,-0.04070746,0.0042351326,0.02062526,0.120107345,0.004266672,0.0466,-0.11876965,0.032162596,-0.15225595,0.1430748,0.15499915,0.21544044
TCGA-BH-A0DP-01A,-0.1737049,-0.07970705,-0.019464765,0.11883835,-0.2013034,0.13526669,0.16233219,0.031167299,-0.096104115,-0.06838744,-0.10549199,-0.038277496,0.10099568,0.22508542,0.060151022,0.04067849,0.0055790064,0.24107048,0.20924495,-0.08378736,-0.04884893,-0.032469604,-0.13483275,-0.045553703,-0.03427244,-0.112068154,-0.23916616,-0.17262347,0.13284327,-0.25710738,-0.09432794,0.2668054,-0.18922956,-0.18700986,-0.0038247057,-0.29488584,-0.14735435,-0.0068754563,0.032491967,-0.013146867,-0.10527779,0.15885136,0.05796572,-0.2357805,-0.10750092,0.014229083,-0.18821263,0.040295906,0.17688188,0.12987426
TCGA-A2-A1FX-01A,-0.039149746,0.026488101,0.11857443,0.08664965,-0.115817346,0.03447401,-0.044627726,0.026470846,-0.1067543,-0.085906535,-0.073551044,-0.07311335,-0.005197599,0.2144482,0.045366127,-0.068307966,0.025159454,0.34985033,-0.20688799,-0.39775556,-0.056704972,-0.029748397,0.03735875,0.1419217,-0.10835451,0.016586175,-0.4162176,-0.16224588,0.02102996,-0.07246508,-0.037210118,0.032066032,-0.13392024,-0.27126303,-0.09441443,-0.113184184,-0.05103589,-0.005429503,-0.0940028,0.016316263,-0.06040091,0.16920297,0.11115757,-0.20093918,0.0154951215,-0.1008333,-0.12635718,0.19164123,0.18036057,0.04063287
TCGA-BH-A0BZ-01A,-0.13179092,0.085725516,-0.006826864,0.17347497,-0.032918934,0.0871589,0.07478569,-0.18156329,-0.12867641,-0.07881422,-0.067099415,0.029637408,0.12663563,0.16339041,0.08091129,0.08148146,-0.029173873,0.27889076,-0.024815436,-0.18588954,-0.04942448,-0.0014272229,-0.13347034,0.065069005,0.03946522,0.05631991,-0.38507745,-0.069435656,0.049819894,-0.20231923,-0.059397295,0.14340234,-0.11755962,-0.15472573,-0.058241535,-0.2328447,0.007096728,0.08489579,-0.06588489,0.022929909,-0.14470759,0.06439518,-0.012488562,-0.12972344,-0.34853142,-0.17312087,-0.13854086,0.06926403,0.28797236,0.2055929
TCGA-B6-A0WW-01A,-0.18530557,-0.014314901,0.10853068,0.0080618,-0.12147792,0.18222988,-0.07642973,0.041150454,-0.08371006,0.07846929,-0.10112726,0.042643428,-0.011695154,0.28906158,0.1041329,0.04327746,0.02395715,0.16861723,-0.033747353,-0.2107597,0.058520712,-0.09531316,-0.16254205,0.16598089,-0.015631765,-0.01427059,-0.58144516,0.16920744,0.12968194,-0.10776093,-0.03578327,0.15766583,-0.22811973,-0.16158214,0.044924855,-0.23941116,-0.09455556,0.06776106,-0.076277465,0.05817725,-0.13421671,0.079253055,0.03681081,-0.09493217,-0.06744971,-0.0488333,-0.0025340843,0.0035125942,0.09247662,0.057778478
TCGA-GM-A2DA-01A,-0.17339166,-0.06376915,0.21008866,-0.08196109,-0.13770305,0.2009614,-0.048052303,-0.21985789,-0.082165465,0.051627897,-0.03914228,-0.19317868,0.08369793,0.19354707,0.09152538,-0.2135887,0.13866913,0.15984628,-0.0037042843,-0.21128859,0.0051388782,-0.01089749,-0.046582438,0.10617349,-0.16535401,0.07239575,-0.20868097,-0.033091813,0.023664163,-0.27797905,-0.026521524,0.089433126,-0.29940927,-0.20111653,-0.09362845,-0.24861157,-0.064880356,0.080318995,-0.010232343,-0.042036615,-0.13784544,0.109598055,0.06368439,-0.20118597,-0.14107326,-0.055450737,-0.02379061,0.15886278,0.23143418,0.020486007
TCGA-D8-A1XF-01A,-0.050906125,-0.0024985003,0.13871296,0.15549675,-0.041919116,0.22881813,-0.06780362,0.08385568,-0.24370708,0.010008473,-0.057845905,0.05103372,-0.0055439477,0.31484088,0.13802484,0.007038963,0.013898873,0.11582044,-0.024358446,-0.120823845,0.05091243,0.071876615,-0.08875837,0.12954088,-0.02189372,-0.08658207,-0.3262946,0.04541374,-0.048664916,-0.120645024,-0.13899282,0.14963968,-0.30500698,-0.18319789,0.095119946,-0.36143887,-0.08276355,0.1603916,-0.0011700712,-0.03911222,-0.16436344,-0.04014227,0.13412838,-0.18575491,-0.001782967,0.058716796,-0.11099539,0.120750636,0.1707674,0.16481039
TCGA-D8-A1JN-01A,-0.14673963,0.062203094,0.20302466,-0.062083513,-0.15606281,0.09760848,0.034666955,0.06705064,-0.29618216,0.10625123,0.033956945,0.0025154336,0.10666523,0.28648707,0.026310207,-0.047675893,0.09256742,0.14978904,-0.029498592,-0.20758632,-0.16233645,0.07399284,0.052392278,0.10587573,-0.021443283,0.17621377,-0.32653406,-0.0047286684,0.13104813,-0.2062939,-0.17222954,0.10726461,-0.23301378,-0.21595319,-0.1864106,-0.2444989,-0.24816999,0.094464004,0.0005291689,0.039656516,-0.03930316,0.0792335,-0.054462567,-0.111384876,-0.111551136,0.020282513,0.013888982,0.08465819,0.12894137,0.07723631
TCGA-D8-A27I-01A,-0.14845985,-0.042866945,0.19753847,0.08899539,-0.21225278,0.12750174,0.10017182,-0.05653091,-0.06050407,-0.055781867,-0.23637408,-0.088754594,-0.05746082,0.26468977,0.21098879,-0.07137436,0.037501197,0.15982598,-0.116318874,-0.31198058,0.13617274,0.08793086,-0.086692885,0.05961613,-0.024597822,-0.11808293,-0.44915396,-0.027667891,-0.0456126,0.019092308,-0.08678694,0.12922592,-0.20577686,-0.26642945,-0.0670304,-0.12297894,-0.0019914184,-0.11771425,-0.10294603,-0.019103734,0.023393039,0.016896319,0.032140322,-0.16629073,-0.07130319,-0.029399035,0.00021381528,0.12073682,0.18554118,0.004590668
TCGA-B6-A0WY-01A,-0.18717118,-0.012995041,0.09918913,0.07233235,-0.19187145,0.24721743,-0.18186557,0.18081923,0.012805118,-0.18014589,-0.14076252,-0.045082383,0.022426069,0.33301553,0.24472591,-0.0032660088,0.07509515,0.16167143,-0.11197432,-0.0435271,-0.12581939,0.0024630316,-0.009490423,0.11711052,-0.12724777,0.014350231,-0.30506092,0.0037547727,-0.08397713,-0.06375574,-0.23454416,0.122577116,-0.24586293,-0.1363671,-0.09052845,-0.16417019,-0.041098047,0.063648306,0.009690853,0.036964986,-0.020005975,0.12596121,0.02853716,-0.14434831,-0.20879363,-0.071163565,-0.00197679,0.040176418,0.25629455,0.13604075
TCGA-BH-A1EX-01A,-0.058296252,-0.03916381,0.13759586,0.00941864,-0.17781228,0.27977183,2.3126553e-05,0.15254156,-0.07923453,0.015117085,-0.06432533,-0.124127746,0.07926914,0.12812148,0.13262664,-0.08665919,-0.14088252,0.2149671,-0.14163321,-0.35047287,0.026332865,-0.0045958855,-0.0091352,0.1369243,-0.09133795,-0.07357313,-0.2821664,-0.017881257,-0.0776463,-0.17209426,0.1627975,0.15671994,-0.19286889,-0.09500369,-0.19057369,-0.14708987,0.053736765,0.09959482,0.01849114,0.04888827,-0.22650364,0.2145011,0.13088429,-0.16692542,-0.11564182,0.016091295,-0.21780601,0.039163236,0.099860266,0.15979788
TCGA-E9-A243-01A,-0.076077946,-0.037059598,0.14035444,0.024357405,-0.16123037,0.077038065,-0.05073812,0.11980459,-0.11074651,0.003973105,0.02477257,0.06399653,0.018087974,0.3435437,0.03783884,-0.14137231,0.054887958,0.24306095,-0.036572423,-0.052404348,0.005130755,0.061024345,-0.16391736,0.07211916,-0.13661936,-0.02431382,-0.30381167,0.046202548,-0.039092634,-0.2760737,0.016660633,0.15651141,-0.11084202,-0.1747717,-0.18350953,-0.16686116,-0.095494546,0.1511697,0.051004026,-0.06842827,-0.1305393,0.20838197,0.06061114,0.026812397,-0.28252017,-0.16357197,-0.10830293,0.01158296,0.32525748,0.12662907
TCGA-A7-A4SE-01A,-0.063629866,0.08173419,0.2762857,0.0013355825,-0.04041328,0.21236323,-0.110792175,0.062536344,0.046464775,0.060744036,-0.18546113,-0.05176548,0.01041114,0.24274233,-0.039226383,0.07947291,0.13818821,0.22033162,-0.025853487,-0.06538175,0.085574575,0.14150493,-0.06923488,0.024500264,-0.06335459,0.104820766,-0.32464388,0.02948878,-0.12500283,-0.16989793,0.004363512,0.13062128,-0.21307385,-0.2718937,-0.0010753733,-0.2923937,-0.12305236,0.018525295,-0.08715388,0.11338188,-0.108933404,0.15756366,0.1579474,-0.13955368,-0.18719006,-0.011590382,-0.088619076,0.12437735,0.18362206,0.19482462
TCGA-BH-A1EU-01A,-0.18380542,0.08965396,0.25935248,0.037031196,-0.025893858,0.1290649,0.015662005,0.0018117802,-0.19867152,0.02472067,-0.09533097,-0.098703034,0.104358695,0.2660393,0.19636907,-0.08312628,0.09389438,0.2764268,-0.037771273,-0.27672368,-0.04455476,-0.05334267,-0.10038806,0.027866209,-0.14022058,0.05123011,-0.23071787,0.03309753,-0.080556214,-0.09331424,-0.08762806,-0.048473768,-0.22427092,-0.089563936,-0.12099363,-0.11720481,-0.13622516,0.21557665,-0.05551358,-0.0361215,-0.13429032,0.08753859,0.15128778,-0.0069590756,-0.19746561,-0.12647766,-0.11932874,0.14885187,0.2964452,0.14543462
TCGA-Z7-A8R6-01A,-0.10685347,-0.0019327482,0.29595196,0.109952696,-0.12910011,0.26873997,0.167117,0.020031907,-0.19352712,-0.10912122,-0.20735261,-0.1875526,0.112751216,0.22292072,0.14401127,-0.005626922,-0.08070107,0.13839148,0.022215491,-0.09073911,0.06323676,0.026463293,-0.15214658,0.09696673,0.051832978,0.12319493,-0.27317497,0.033221025,0.10462478,-0.26056394,-0.043692667,0.16180328,-0.07424888,-0.15134951,-0.04244474,-0.23825043,-0.11683259,-0.13408458,0.005624949,0.18127728,0.014414131,0.08628128,0.022957956,-0.24746814,-0.052667696,-0.066527344,-0.06139397,0.15715571,0.17681366,0.030923383
TCGA-D8-A1J8-01A,-0.114431836,0.061475817,0.26270762,-0.00544675,-0.019918978,0.19208689,0.22195086,0.005028623,-0.017598609,0.040808976,-0.14792551,-0.1462498,0.047439758,0.18538623,0.061845478,0.07001066,0.12105571,0.27409613,0.0075452444,-0.25045666,0.030996278,0.006295707,0.039835483,-0.005742114,-0.11106254,0.101969585,-0.17375113,-0.045300968,-0.019811016,-0.19531979,-0.16259572,0.15946153,-0.23294295,-0.20781796,-0.08356511,-0.17555785,-0.10420925,0.050326824,-0.17630018,0.045805164,-0.10479802,0.050613083,0.2614748,-0.25459024,-0.09514156,0.019335594,-0.13670833,0.0668767,0.22960977,0.1499114
TCGA-D8-A27G-01A,-0.16931714,0.037080716,0.20807233,0.09808293,-0.18119566,0.026282249,-0.06956666,-0.06556652,-0.15509407,0.19887085,-0.016234014,0.16063961,-0.03896997,0.40133756,0.21921942,0.0036513242,0.08635351,0.13960595,-0.008185919,-0.255111,-0.052067462,0.17198427,0.013148134,0.20270984,-0.07359353,0.03813233,-0.30216998,0.010349306,-0.07295742,-0.13634522,-0.14092472,0.07401611,-0.20214984,-0.07661989,-0.074859776,-0.3314642,-0.13484241,-0.030266937,-0.111974485,-0.047795963,-0.07696783,0.061179824,0.14879622,-0.030957839,0.012680549,-0.10523316,-0.023707682,0.091109335,0.033273853,0.10375067
TCGA-D8-A1XY-01A,-0.08838143,0.17189421,0.2281769,-0.072992735,-0.087679274,0.14154576,0.03195007,0.043958865,-0.23005167,-0.041590083,-0.19599405,-0.05821441,0.0068421545,0.22132806,0.034143012,-0.11039038,0.020316461,0.18510038,-0.049226474,-0.1840618,-0.22166936,0.029412858,-0.109255716,0.15439409,-0.02202173,-0.050084785,-0.34741208,-0.028440809,0.038362347,0.014564075,-0.10993616,-0.01970688,-0.319343,-0.06753486,-0.114570364,-0.17894007,-0.006073498,-0.02019614,-0.09966579,0.10431531,-0.087027185,0.051211428,0.20067902,-0.11603862,-0.086333424,-0.08555808,-0.11772948,0.26091957,0.20908044,0.20740016
TCGA-AC-A3W7-01A,-0.21406344,-0.06629716,0.25724906,-0.0158775,-0.28224608,0.3115493,-0.08772178,0.08239395,-0.19291545,-0.05033172,-0.07943881,-0.0027938827,0.06841887,0.17608286,0.1522491,0.0010213568,-0.055720724,0.27450708,0.068893835,-0.20442477,0.0048168823,0.14518219,0.00038848206,0.22828951,0.1465002,0.1208476,-0.25372484,0.046091415,-0.07418163,-0.14495824,-0.012600961,0.021434752,-0.25510815,-0.20199975,-0.15509626,-0.1688436,0.002633388,0.0777581,-0.16452327,0.12167338,-0.020011047,0.061143167,0.08797678,-0.046033014,-0.039144978,0.011427801,0.008463971,0.06376936,0.1769082,-0.042732235
TCGA-B6-A2IU-01A,-0.11153025,-0.04530159,0.15931898,-0.058202125,-0.034952417,-0.0689083,0.0040324093,0.02261954,-0.21323916,-0.23578396,-0.05552325,-0.022097135,0.0374527,0.19229908,-0.028290808,-0.037704494,0.057054568,0.19034573,0.11844129,-0.19870651,0.10680516,-0.043725293,-0.11730688,0.17687933,-0.021098657,0.09054973,-0.26023787,-0.09205865,0.05604155,-0.25687352,0.009289759,0.07984871,-0.21601339,-0.3020985,-0.11218754,-0.29559892,-0.103452094,0.18413,0.004772421,-0.01722081,-0.13177754,0.17659116,0.1832927,-0.12715617,-0.042584177,-0.16392869,-0.10229013,0.183458,0.18981108,-0.056929663
TCGA-B6-A0RM-01A,-0.08938178,0.11663239,0.09667236,0.15873823,-0.19554757,0.06105049,-0.015386358,0.08001679,-0.1878335,-0.0080906525,-0.113321796,-0.03644354,0.0004933072,0.2472174,0.18773463,0.07965024,0.08600223,0.28000855,-0.16042547,-0.2276363,-0.023492467,-0.0049653114,0.04203993,0.0951858,-0.06907593,0.038406946,-0.40009248,-0.05277315,-0.17020081,-0.11861703,-0.0660833,0.11313269,-0.22964883,-0.11325896,-0.040347897,-0.20642532,-0.19763967,0.15016274,-0.18098843,-0.010780867,-0.06276575,0.17370304,0.20743969,-0.13509385,-0.06923764,-0.06255788,-0.02227561,0.04931262,0.1602255,0.044463247
TCGA-PL-A8LZ-01A,-0.11239558,0.15353604,0.14565338,0.088584915,-0.13400346,0.10071924,0.02649548,0.21848038,-0.32033145,0.02968895,-0.07768469,0.029081559,-0.035549887,0.4067892,0.08172578,0.01944352,-0.08697987,0.24484733,-0.03174177,-0.052104298,0.048834372,0.055039927,-0.07935491,0.08690205,-0.035206,0.18290846,-0.2592154,-0.047520664,-0.103904456,-0.10524229,-0.15148996,0.105609655,-0.18593004,-0.18419565,-0.08392901,-0.12826185,0.024488188,0.04739559,-0.10069439,0.050024636,-0.08466299,0.07079326,0.07449596,-0.055199288,-0.25040805,-0.18143553,-0.15666558,-0.054103784,0.17510527,0.2034372
TCGA-BH-A0H0-01A,-0.097276516,-0.09992928,0.24250117,0.09887612,0.080113806,0.118649915,-0.075124495,-0.015133929,-0.25629854,0.07816888,-0.027896978,0.09390999,-0.022026705,0.3371092,0.11185912,-0.080080934,-0.021565424,0.17772333,-0.036150753,-0.26444048,0.036207527,0.036164246,-0.11525623,0.12860112,-0.06976885,0.025762295,-0.33031246,0.04149131,-0.07131282,-0.116068006,0.058747128,0.10389736,-0.3002572,-0.24780591,-0.16506007,-0.17566434,-0.0047021895,-0.013790173,-0.21265283,0.13954109,-0.107234225,0.11203178,-0.035537895,-0.12472231,-0.15358178,0.047337666,-0.088453725,0.06206227,0.1787049,0.037163705
TCGA-D8-A1JC-01A,-0.11419099,0.014281769,0.20980918,-0.045057025,-0.24299328,0.06898823,-0.0064263446,-0.050271116,-0.23851809,0.02897205,-0.019392183,-0.115936376,0.09017702,0.30520445,0.13159952,0.081606,0.10949011,0.20542808,-0.0527565,-0.18755059,0.09194289,0.04119584,-0.2133293,0.13318875,-0.029828388,0.09101964,-0.33227345,0.109814085,0.06729229,-0.18161875,-0.028706538,0.28837517,-0.2983955,-0.23989959,-0.1175405,-0.14768782,-0.07141484,-0.08173566,0.011992915,0.007846908,-0.019214006,0.13048759,0.06034046,-0.08269576,-0.1311274,-0.028513765,0.08113173,0.10129059,-0.015962709,0.04070239
TCGA-D8-A27V-01A,0.0033077113,-0.07057308,0.19907613,0.031272948,-0.26140702,0.016694777,0.069263406,-0.23079655,-0.16736132,0.049582355,-0.0011956246,-0.17801347,-0.10891593,0.2943579,0.080863915,-0.02906677,0.07080373,0.19118214,-0.16874641,-0.18768662,-0.08371414,0.108753905,-0.12759519,0.016573066,-0.04179789,0.09318225,-0.390467,-0.095630415,0.015829995,-0.18665719,-0.031460486,0.047722645,-0.16465981,-0.09143483,-0.12682317,-0.2338891,-0.064560175,0.024568288,-0.16372988,0.11975881,-0.1006941,0.09755128,0.15467064,-0.1696779,0.030174885,-0.059203852,-0.08813317,0.13550793,0.15482841,0.17189284
TCGA-D8-A1J9-01A,-0.063452855,-0.013286548,0.23371209,0.09574252,-0.1672627,0.08378358,-0.049414013,-0.07464374,-0.17820063,0.008944395,-0.09877764,0.060131304,0.043746386,0.15526439,0.27786216,0.009818367,0.032140445,0.23106498,0.065684915,-0.36085382,-0.07368604,0.013312676,-0.07130365,0.06121108,-0.15032545,0.058315635,-0.34369335,0.04643924,0.16036236,-0.14265789,-0.025586369,0.21769755,-0.21358271,-0.15733017,-0.13669142,-0.13197349,-0.0068558054,0.08233119,-0.1580774,0.12755065,0.08069427,-0.054037623,-0.047932908,-0.05477135,-0.078688286,-0.052233465,-0.13967404,0.20455922,0.2121952,0.10998085
TCGA-AR-A1AR-01A,-0.12475891,-0.07665568,0.19744582,0.013035766,-0.102007434,0.106280215,-0.008228467,0.22672766,-0.11429941,-0.019065619,0.12787129,0.022015093,-0.0066563035,0.40192327,0.212715,-0.03995414,-0.008414166,0.24593651,-0.06338999,-0.21205491,-0.077907614,-0.016663168,-0.13831279,0.053635966,-0.13907926,0.052464064,-0.3269727,-0.03261849,-0.12399651,-0.045751706,-0.063491575,0.10139358,-0.2129932,-0.15325639,0.033828314,-0.15253937,-0.14690155,0.10890424,-0.01847584,0.19984002,0.02094359,0.18299383,0.09656008,-0.2424235,0.01881756,-0.048923705,-0.010743246,0.1403,0.1577853,0.10650752
TCGA-E9-A1N5-01A,-0.14432739,0.11708338,0.27402422,0.054676488,-0.24010053,0.09214248,0.08526011,0.07148554,-0.12958382,-0.004716581,0.07621912,0.18269955,-0.00542672,0.20006639,0.0468944,-0.006045209,-0.035975855,0.1546101,-0.021594046,-0.25621545,0.09883736,-0.076062344,0.0021028446,0.15469189,0.109839916,0.14656591,-0.43711036,-0.011820623,-0.10038135,-0.24363631,0.009429564,0.19050078,-0.15378983,-0.13475572,0.019120147,-0.12909052,-0.14188762,-0.002000382,0.017930722,-0.0025350025,0.06701651,0.0054208697,0.060210515,-0.22418879,-0.13068332,-0.053131677,0.055583857,0.1142278,0.23580296,0.14089622
TCGA-E9-A1N9-01A,-0.055651534,0.032756265,0.27175173,0.08417554,-0.0070585725,0.109232,0.0011458942,0.10150036,-0.20563966,-0.0023669656,-0.1100835,-0.014343989,0.09544331,0.31932488,0.16033837,-0.06529528,0.069329806,0.19392696,0.06374402,-0.14521188,-0.06909642,0.12903622,-0.15999971,0.12431656,0.07325482,-0.02978914,-0.27471104,-0.031048303,-0.0064077573,-0.2128594,-0.07929426,0.1757295,-0.14831346,-0.09808532,-0.10780981,-0.32751662,0.012194138,0.09920702,0.03535828,-0.030054921,-0.0955378,0.23861656,0.22495267,-0.14516163,-0.1754696,-0.12273174,-0.014074251,0.07935198,0.17290065,0.1380673
TCGA-AR-A0TV-01A,-0.061431184,0.09322904,0.15165865,0.28382486,-0.10381552,0.23053467,-0.11293468,0.075330555,-0.19427073,0.0005767923,0.08013813,-0.06943288,-0.05692572,0.35836262,0.16982797,-0.090769276,0.022401216,0.23605928,0.15315819,-0.09508085,-0.07927285,-0.03667144,-0.12488143,0.097814076,-0.010784112,0.09332798,-0.36792314,-0.033794496,0.021832285,-0.09285857,-0.013029828,-0.0122775575,-0.20493945,-0.12065795,-0.1079542,-0.07693279,-0.007824641,0.085851684,-0.09825554,0.04864227,0.0029907497,0.08092438,0.18549621,-0.13511437,-0.0835317,0.062471226,-0.10946181,0.021534009,0.28222942,0.22768165
TCGA-GM-A2DB-01A,-0.07976157,0.11054023,0.14247663,0.0020904492,-0.055303067,0.13598542,0.047750797,0.07381805,-0.06982305,0.014282929,-0.01345561,0.030785425,0.25535005,0.28585002,0.17296301,-0.21526983,-0.10361724,0.24689049,-0.0054532355,-0.101924725,-0.06168235,-0.027064359,-0.058144066,0.016618451,-0.06706567,-0.017543789,-0.35439903,0.038941458,-0.07521612,-0.15063103,-0.20547923,0.122653164,-0.16047807,-0.16701658,-0.085151,-0.18786356,-0.10654523,0.06448106,-0.104938924,0.14277984,-0.14994082,0.16145398,0.18290779,-0.09800918,-0.05811891,-0.1598624,-0.15303525,0.022485971,0.25668883,0.20288101
TCGA-D8-A27L-01A,-0.12564273,-0.18643539,0.13114576,-0.083342165,-0.08984833,0.16331983,-0.047351796,0.0431598,-0.13817921,0.0034730681,-0.039509244,0.009101588,0.065720566,0.18367444,0.2063487,0.00497962,0.08031393,0.29114887,-0.0994946,-0.20587778,0.0823407,-0.10447049,-0.009933578,0.12450834,-0.10251491,0.020486422,-0.36733416,0.13136433,0.025504824,-0.24203962,0.025748529,0.28672838,-0.16876842,-0.08628799,-0.028026633,-0.20573485,0.081828415,0.004593777,-0.05175547,-0.07427501,0.011207919,0.15926144,-0.029305188,-0.17125337,-0.063318945,-0.061519634,-0.00210258,0.1353345,0.32224143,0.15309972
TCGA-BH-A42V-01A,-0.21298698,-0.010624671,0.26888877,-0.011155352,-0.2771598,0.17253678,0.16829777,0.046690755,-0.19297552,0.111577734,-0.055753473,-0.06966546,0.061126612,0.2612582,-0.011457215,-0.13405487,0.026170949,0.17741056,-0.076682135,-0.232323,-0.122059904,0.0489415,-0.13300885,0.04054846,-0.14042816,0.0864943,-0.3007088,0.09248127,-0.11815742,-0.2044101,-0.058342997,0.18077503,-0.15160345,-0.03200581,-0.14892076,-0.08908446,-0.1334083,-0.07980243,-0.12731862,-0.16992457,-0.0065382486,0.15694039,0.021872103,-0.09932476,0.072920725,-0.04399504,0.008524874,0.03322695,0.23117466,0.17421572
TCGA-EW-A2FW-01A,-0.08828605,0.05377296,0.18769358,-0.0124680605,-0.05601597,0.3011382,0.09311631,-0.022143267,-0.16425401,-0.08819623,-0.0012547903,-0.016308678,0.06883206,0.21153128,0.3458777,-0.048824996,0.004267739,0.2507846,-0.17675239,-0.16196923,-0.036551043,-0.053671286,-0.16330563,0.18798198,-0.122945204,-0.033854306,-0.32801822,-0.059478067,0.16439424,-0.23852898,0.048927337,0.14007074,-0.13904758,-0.17161709,-0.09650691,-0.17904288,0.042347997,0.035806295,-0.09102926,0.11031254,-0.072237484,0.036097664,0.109045796,-0.1542655,-0.105864845,-0.03644855,0.04827644,0.12361423,0.1614806,0.11118851
TCGA-D8-A1XT-01A,-0.061191775,0.04074751,0.20921162,0.062651776,-0.14236651,0.048387047,-0.05878434,0.12402894,-0.21486753,-0.04267166,-0.125229,-0.044445302,0.010681038,0.22375712,0.22736856,0.0069075865,0.0775879,0.10786666,-0.1400863,-0.19737868,-0.032969873,0.03378775,-0.07531025,0.12813972,-0.16314651,-0.101771474,-0.36753547,-0.11684531,-0.16006884,-0.18718264,-0.10678716,0.22547632,-0.13727607,-0.3184846,-0.09456985,-0.12940593,-0.042746708,0.055027228,-0.23884685,0.056264214,-0.10128075,0.10186604,0.107294396,-0.12547353,-0.078743465,0.09175101,-0.09238455,0.044675056,0.16082212,0.13701013
TCGA-EW-A2FV-01A,-0.15065143,-0.019814286,0.1702881,-0.07393954,-0.19139117,0.12758248,-0.07807198,-0.056822244,-0.19848354,0.0061104014,-0.0675164,-0.013519925,0.09699876,0.2015744,0.24827917,-0.09412241,0.0028194946,0.24648768,0.11420922,-0.10995194,-0.090030506,-0.020322077,-0.09930459,-0.04189448,0.03994332,0.10745713,-0.35413593,0.032349706,-0.0028423546,-0.17766652,-0.13845126,0.08788146,-0.25207505,-0.22573511,-0.072482124,-0.26685283,-0.038407482,-0.05003544,0.08852729,-0.0876144,-0.14461404,0.12419982,0.17846218,-0.16826522,-0.16595791,-0.11715288,0.03113455,0.11030627,0.12832211,0.18323071
TCGA-E9-A1NG-01A,-0.16459927,0.041240815,0.044893518,-0.030536301,-0.12483467,0.009504645,0.16233473,-0.03113451,-0.14779612,0.060194664,-0.09300087,-0.06272802,-0.012328238,0.3280572,0.10142059,0.02678448,0.016188595,0.27581626,0.15164728,-0.30463678,0.107820004,-0.048077185,-0.04323434,0.07282641,0.04178126,-0.13939214,-0.38616735,-0.04510133,-0.1054915,-0.20787747,0.03815902,0.045354158,-0.21035841,-0.05456242,-0.06608835,-0.08901613,-0.0032253382,0.027521903,-0.17057526,0.119159594,0.12314385,0.012033639,0.21573547,-0.2721727,-0.16486879,-0.095631205,0.013523862,0.071269915,0.13955548,0.15627487
TCGA-BH-A1FE-01A,-0.08240289,0.06536247,0.18064214,0.2723103,-0.30900574,0.02660961,0.014559805,0.10329999,-0.11385557,0.039989334,0.010614771,-0.066743426,-0.039498933,0.35526174,0.17369412,-0.19893593,0.09012752,0.2949002,0.07010919,-0.16844313,0.041027352,0.098873794,-0.07538143,0.07554536,-0.06347361,-0.05443623,-0.2510935,-0.18956192,-0.13880897,-0.15947509,-0.10292724,0.11062541,-0.16765448,-0.06476114,-0.11581101,0.03467608,-0.019766318,0.17058869,-0.07472017,0.06505011,0.0010084991,0.10033517,0.14524873,-0.060758807,-0.040071398,-0.01577443,0.023506774,0.23052645,0.20137328,0.12852648
TCGA-D8-A1XR-01A,-0.1512211,0.041429814,0.32773784,0.061618567,-0.040286813,-0.032417137,-0.13188007,0.055274036,-0.08263305,-0.029241333,-0.04507286,-0.033660233,-0.017970683,0.08014924,0.17842774,-0.072052754,-0.01807761,0.2643635,-0.041389324,-0.3753787,-0.08908315,0.023701577,0.047285616,-0.0070729665,-0.17281042,0.058013305,-0.36755577,0.09467123,0.0041838665,-0.123200834,-0.00594883,0.11804817,-0.20723562,-0.12199424,-0.248743,-0.04243286,-0.044626933,-0.055905044,-0.11838534,0.1891709,-0.07362051,0.26465133,0.17565656,-0.052779797,0.04375197,0.09384502,-0.017856635,0.16917986,0.12512921,0.124682024
TCGA-AC-A2B8-01A,-0.19676888,0.13374743,0.09142831,-0.07596851,-0.21007404,0.12629779,0.11593429,0.11729983,-0.101985276,0.07217622,-0.08089754,-0.11128974,-0.049170762,0.24598671,0.12567277,0.078975774,0.07686605,0.2905899,0.08818287,-0.25635806,0.040913004,0.05477311,0.0036341785,0.17668861,-0.11850512,0.047298647,-0.28415984,0.014685962,0.11012017,-0.27632043,-0.12816842,0.09743754,-0.22509323,-0.23715326,-0.09853866,-0.14069785,-0.06583868,0.043876592,-0.11497373,-0.011362862,-0.12667969,0.15651774,0.18786031,-0.03067094,0.024673989,0.04632681,-0.042317975,0.19617057,0.1700808,0.07956264
TCGA-AC-A2FF-01A,-0.12066647,-0.08152498,0.06642331,-0.0721547,-0.24186437,0.25968504,-0.053644795,0.041881658,-0.16338411,0.032233637,-0.014628887,-0.10884813,0.086386755,0.22580294,0.22177729,0.053909585,-0.04523331,0.23537149,-0.105509356,-0.19618016,-0.07373009,-0.06115728,-0.09912878,0.0052103535,-0.15818413,0.09372135,-0.27762675,0.20101354,-0.025502402,-0.20234312,-0.012859562,0.14097759,-0.042758994,-0.23066305,-0.085724264,0.07466568,0.012655128,0.13512358,-0.14900912,-0.09809089,-0.18139704,0.25155863,0.09008416,-0.015338607,0.00815242,0.03216156,-0.13465309,-0.02246146,0.2762491,0.17454626
TCGA-E2-A1II-01A,-0.110341385,-0.2116434,0.23110011,0.027367193,-0.026725523,0.23147061,0.0128064165,0.09907043,-0.20119499,-0.068065055,-0.037074883,-0.010128687,0.07934882,0.22626103,0.19665669,-0.062882476,0.08918615,0.13711195,-0.037853453,-0.17468567,-0.043787263,-0.0058695003,-0.03783623,0.1356306,0.010220333,0.051009957,-0.33611068,-0.1436223,-0.08985166,-0.2050061,-0.066209815,0.18874612,-0.16507243,-0.10855437,0.043887876,-0.122407846,-0.15869246,-0.04730787,-0.080041364,0.027679125,-0.032160785,0.0918006,-0.0071873665,-0.1650543,-0.26010084,-0.24100712,-0.14333957,0.041842584,0.26048067,0.16680565
TCGA-BH-A0H3-01A,-0.1824291,0.05572409,0.06572342,-0.03483493,-0.09014387,0.11546225,-0.046301533,0.021907834,-0.15832062,-0.16095445,0.001448653,-0.032573592,-0.050010383,0.27537814,0.10000331,-0.18841906,0.12566042,0.322377,-0.14510918,-0.26451555,-0.046004225,0.06591455,-0.20660353,0.14065927,-0.08133362,0.13617803,-0.40561074,-0.002356403,-0.053281244,-0.0970201,-0.068518944,0.0975014,-0.16679016,-0.22544572,0.051709346,-0.07559643,0.024636813,0.20934288,-0.19869483,-0.031008387,-0.10927309,0.0069758687,0.03287017,-0.15209799,-0.11103567,0.02229672,-0.14360815,-0.049255166,0.119000904,-0.06457807
TCGA-B6-A0RT-01A,-0.16038346,-0.049673207,0.113002025,0.09931863,-0.29030177,0.021871818,0.14355586,0.061755046,-0.055013042,-0.08718012,-0.055738732,0.033778325,-0.10862105,0.14420466,0.16122726,-0.05111622,-0.0068271006,0.27902037,0.05107548,-0.20570283,-0.020279197,-0.05411038,-0.0087931035,0.15130302,-0.19502403,-0.065062374,-0.35134372,0.06435653,0.11330493,-0.037080463,-0.192127,0.17207281,-0.21719159,-0.19805242,-0.2603147,-0.21001397,-0.06463279,0.0016402443,-0.16440538,-0.00057087064,-0.057307217,0.12496968,0.0076444466,-0.09845233,-0.2577646,-0.0036743868,0.018810181,0.080939434,0.103804596,0.1481325
TCGA-D8-A1XV-01A,-0.07675643,0.105452515,0.213143,0.09229714,-0.124368064,0.20121862,-0.027553398,0.10156354,-0.05915767,0.010368733,-0.07591109,-0.07638727,0.09655967,0.22921856,0.12126021,-0.00608555,-0.025255831,0.2370246,-0.06994419,-0.19159846,-0.042062663,-0.13208616,0.043938205,0.18687007,-0.054875158,0.06896904,-0.49679843,-0.082349576,0.055225767,-0.17267554,-0.095510505,0.026243621,-0.14216295,-0.17002374,-0.089550674,-0.048606385,-0.14121924,0.06875607,-0.12621506,-0.016105339,-0.118732974,0.2749702,-0.055004314,-0.07435256,-0.03348994,-0.18331392,0.022423407,0.13613646,0.21305077,0.11790843
TCGA-AR-A24M-01A,-0.18742917,-0.031544033,0.19032703,-0.07936669,-0.06910798,0.08839084,0.15138316,0.009274072,-0.10035871,0.11470503,0.0060481126,-0.052894548,0.0679575,0.39090225,0.1934298,-0.022055833,0.06668362,0.37449935,0.10402286,-0.07185792,0.025140934,0.11036193,-0.06132806,0.08180055,-0.021753876,0.04019581,-0.30500692,0.08579709,-0.007705882,-0.19491965,-0.17641349,0.23069696,-0.22328354,-0.22480612,-0.104561314,-0.0674555,-0.075753875,0.090120845,-0.048876245,-0.06614209,-0.07739825,0.08741468,0.1106059,-0.14715376,-0.10248543,0.072946146,-0.16100955,0.16507326,0.039661843,0.030999918
TCGA-E9-A3X8-01A,-0.02900348,0.07480602,0.094861165,0.02421423,-0.17691413,0.10220032,0.03453157,0.114094876,-0.132201,-0.17945506,0.002655394,0.09002278,0.13286959,0.30602035,0.22399105,0.012255374,0.10097312,0.14994395,-0.1444126,-0.15118831,-0.13052955,-0.026172042,-0.036261536,0.08926113,-0.060662594,-0.054550927,-0.28468665,-0.16795452,-0.11590966,-0.19781196,-0.017538711,0.14186133,-0.11724223,-0.17613441,-0.09323667,-0.19776987,-0.17416951,-0.00049096235,-0.03652575,-0.016820338,-0.027920056,0.188537,0.11841631,-0.05741549,-0.21575798,-0.101212464,-0.016074324,0.16618307,0.31927338,0.22698842
TCGA-GM-A5PX-01A,-0.11724301,-0.10113176,0.18529186,0.05396847,-0.16955008,0.03955136,0.044733953,-0.021031769,-0.24578767,-0.08887145,-0.017135555,-0.018107258,0.0070226765,0.32855982,0.1138162,-0.16109112,0.16581254,0.2204359,-0.0005138078,-0.10038813,0.08751638,-0.08944112,-0.118751206,0.10602577,-0.028127417,-0.019144762,-0.24801958,0.051734623,0.0017963575,-0.09252065,-0.14795828,0.28120232,-0.2941315,-0.19842853,-0.09048778,-0.09961733,-0.0038220875,0.04294855,-0.10753525,0.042636774,-0.028904106,-0.010661923,0.12500761,-0.21987821,0.013452795,-0.21838059,0.029720243,0.17119047,0.23102787,0.18041342
TCGA-A7-A26H-01A,-0.15619367,-0.036234938,0.062490035,-0.010314999,0.039110452,0.040527895,0.09719807,0.038831066,-0.12010568,0.03412763,-0.100391865,-0.072987825,0.093911715,0.17187987,0.30961233,-0.087728396,0.063967824,0.2816305,0.059624653,-0.18159953,-0.06093959,0.1086216,-0.0077362154,0.13582392,0.044860583,0.19788499,-0.42535278,0.055747755,-0.03714095,-0.1757767,-0.027132273,0.08828015,-0.2806962,-0.33037114,-0.16471843,-0.03704895,-0.14162263,0.0982802,-0.21130835,0.015442262,-0.0980071,0.018191436,-0.06239751,-0.08888381,-0.00955121,-0.04663603,-0.034048464,0.1459638,0.034208428,0.15680893
TCGA-AN-A0XT-01A,-0.1514821,-0.07618904,0.20365739,-0.022035806,-0.05202055,0.092420205,0.10928039,0.035071462,-0.2296337,-0.08667808,-0.23350242,-0.1283777,0.10881686,0.2190471,0.08654169,-0.16536829,0.056240268,0.2409186,0.03439286,-0.17369618,-0.09373931,0.11965389,-0.10326773,0.14218919,-0.1052686,0.017759642,-0.27317834,-0.15279055,-0.052150622,-0.07456085,-0.2073462,0.3103867,-0.10455354,-0.12026886,-0.050417274,-0.25687325,-0.0595153,0.0551969,-0.019013723,0.11416194,-0.07446994,0.09676052,0.10687877,-0.1776723,-0.016100144,-0.06662438,-0.0970883,0.08587715,0.28368896,0.040654253
TCGA-AR-A24N-01A,-0.13802671,0.07892011,0.21226998,0.06577928,-0.10482136,0.123046406,0.0051900777,0.094878525,-0.12854041,0.008615393,-0.014897469,-0.07168121,-0.03111147,0.23524134,0.19426945,-0.1445068,0.052748628,0.18993318,-0.02640489,-0.1906098,0.032077737,-0.1386541,-0.108169965,0.10935233,-0.33290654,0.2466797,-0.43377355,0.06109227,0.020121207,-0.14976895,-0.05438446,0.08815118,-0.16286914,-0.18727116,-0.067772955,-0.027471278,-0.056154765,0.12914887,0.047500826,-0.06046381,0.07606282,0.101659305,0.113263115,-0.25634804,-0.03845883,0.078817084,-0.022142667,0.07129955,0.18902476,0.0033579736
TCGA-AN-A0XU-01A,-0.18584506,0.09785387,0.18849404,0.22490077,-0.016978238,0.1417397,0.038404617,0.0578336,-0.0059459284,-0.026233153,-0.06397547,-0.030625818,0.13022295,0.10942149,0.07154669,-0.15438871,0.115608126,0.09950525,-0.07028502,-0.17420737,-0.16498873,0.1404726,-0.16428366,0.062630385,-0.12001508,0.009976882,-0.34353447,-0.056053143,0.012139467,-0.2253162,-0.091097236,0.19210407,-0.35891953,-0.06728364,-0.013255245,-0.11236407,0.045573503,-0.00015670633,-0.18570471,0.06066684,0.0070740697,0.16201924,0.07468451,-0.15642583,-0.053505905,-0.15041444,-0.14393316,-0.071549535,0.2930634,0.18107113
TCGA-XX-A89A-01A,-0.20197468,0.17740466,0.12556857,-0.024409471,-0.11810233,0.18089436,-0.006235415,0.124616675,-0.12875508,-0.09754392,-0.0708717,-0.01783838,0.12530425,0.23360671,0.22231847,-0.062892035,0.028904395,0.23948652,0.069235444,-0.16840076,-0.02365665,0.12887336,-0.116588,0.095957816,-0.123498745,-0.10550994,-0.36561102,-0.09327477,-0.13595934,-0.10462195,-0.067642145,0.18911073,-0.21412472,-0.12972198,-0.16723174,-0.2517532,0.07438478,0.068205535,-0.02365478,-0.07272324,-0.0622963,0.002415193,0.10244866,-0.052792095,-0.06762318,-0.10902219,-0.015868021,0.01392221,0.2891735,0.1909368
TCGA-EW-A1PB-01A,-0.18865348,-0.02482977,0.28755,0.093200915,-0.09419381,0.18929511,0.09394789,0.033170316,-0.07646,0.06089794,-0.08508419,0.05037501,0.06900555,0.17359471,0.16620354,-0.10731864,0.11138973,0.14950366,-0.033689447,-0.06908432,0.12326531,0.07068708,-0.019175323,0.13669927,0.00922865,0.063127354,-0.48755965,0.097169355,0.07987152,-0.18848875,-0.13516642,0.08306256,-0.100191705,-0.19600195,0.06995661,-0.14756663,-0.0850684,0.02318875,-0.07502653,0.026720501,-0.18275823,0.11811468,0.09675902,-0.07070277,-0.16898261,-0.18466829,-0.038460802,0.029538449,0.3124498,0.112322494
TCGA-OL-A5D6-01A,-0.16706984,-0.07264122,0.16162317,0.045636836,-0.018849883,0.1398801,0.08684311,0.027090764,-0.0683002,0.106075026,0.09465195,-0.11053032,0.07676903,0.35150588,0.16002344,-0.02506149,-0.032658346,0.18433172,0.008458973,-0.16720062,0.0049199304,-0.09473074,-0.061576836,0.09405318,-0.21529162,0.10723443,-0.43711948,0.091386534,0.055891514,-0.18087266,-0.16501099,0.17729977,-0.16285402,-0.07869174,-0.066922404,-0.020277824,-0.22945693,-0.07680347,-0.042589635,0.21018791,-0.052441593,-0.04503575,0.13377891,-0.17679302,-0.11030244,0.019293612,0.060837783,0.14996186,0.14623828,0.15796925
TCGA-A2-A0YF-01A,-0.18674953,0.13687204,0.07498055,0.12608595,-0.06725141,0.09247909,-0.04267574,0.08770431,-0.09632306,-0.0996237,0.006240506,-0.06447449,0.047781084,0.30358034,0.1138903,-0.03133651,0.067275845,0.31851038,-0.0081549585,-0.21811606,-0.0069010677,-0.016905328,0.052543685,0.06244832,-0.1507012,0.031376775,-0.4243218,-0.030362884,-0.071518235,-0.19273496,-0.061654784,0.19474393,-0.21952659,-0.21173279,-0.15152419,-0.10870384,-0.042081624,-0.14781669,-0.14012668,-0.002706923,-0.09710778,0.14203559,0.10260996,-0.02623728,-0.013071001,0.050156675,-0.17226522,0.027434958,0.24752705,0.12228831
TCGA-S3-AA10-01A,-0.17037074,0.114162646,0.16875984,0.093012,-0.04817001,0.14498878,-0.029519685,0.16664216,-0.10515381,-0.17167939,-0.03878246,-0.10189517,0.016887683,0.20637168,0.1459091,-0.15934353,0.025506428,0.027275104,0.0596663,-0.0955954,-0.07271374,-0.01736036,-0.09226792,-0.02900373,-0.020815514,0.105796166,-0.3884407,-0.13929972,0.03375617,-0.16663815,-0.08202839,0.06261928,-0.14669198,-0.23465617,0.021502864,-0.14612599,0.09884325,-0.011260672,-0.16131516,-0.00057374104,-0.08557006,0.32015425,-0.010583455,-0.044939384,-0.288576,-0.06380099,-0.08112227,-0.03627476,0.2671402,0.25192654
TCGA-EW-A1J2-01A,-0.2250762,-0.048180755,0.1661131,0.09277118,-0.14598554,0.046661563,0.06050841,-0.06614672,-0.01831831,0.07347869,-0.03442629,-0.0021880502,0.082871355,0.35614526,0.13744397,-0.05823713,0.23850556,0.28723088,0.07612327,-0.121090606,-0.1381136,-0.08294729,-0.005679299,0.18289647,-0.082684204,0.15548657,-0.42066535,0.018069778,-0.03638434,-0.04727451,-0.10072902,0.2529685,-0.10604658,-0.23091128,-0.059955202,-0.07564046,-0.07639221,0.1184908,-0.0840077,-0.019016977,-0.072153285,0.098560795,-0.16011216,-0.05532573,-0.08882041,0.00917768,-0.07756565,0.16065532,0.117071286,0.11313721
TCGA-GM-A2DC-01A,-0.14173244,-0.030440347,0.16933101,-0.006697766,-0.0525458,0.21654508,-0.026456596,-0.06553386,-0.15419307,0.04159017,-0.022328427,-0.075117774,-0.10102167,0.21592486,0.10228826,-0.11986824,0.034959417,0.23010215,-0.034332465,-0.20067823,-0.05552462,0.0522932,-0.052369427,0.14517736,-0.21048431,0.03567519,-0.32937673,0.01824457,-0.168989,-0.16903058,-0.17081442,-0.003130797,-0.15749617,-0.2647389,-0.101698145,-0.26947606,-0.10857342,0.08204979,-0.0869048,0.01938946,-0.089958206,0.23798178,0.14334646,0.048872344,0.16857427,0.041424934,-0.11663373,0.07203968,0.27225247,0.03646957
TCGA-AO-A0JI-01A,-0.19570127,0.07462364,0.19579649,-0.17093958,-0.24813299,0.069766484,0.11906335,0.18347706,-0.11687673,-0.13504034,-0.09933094,0.07093629,0.032425657,0.23839109,0.1464737,0.08066661,0.026050836,0.24360739,-0.005631295,-0.17661077,-0.014670504,-0.13752975,-0.115639,-0.034707714,-0.057486895,0.023044882,-0.30833408,-0.00506439,-0.0907099,-0.16385803,-0.0070610326,0.03981037,-0.1670281,-0.20669034,-0.09053874,-0.27129823,-0.06984439,0.078929774,-0.22011642,-0.030723862,-0.10045012,0.0016232888,0.027407212,-0.21199211,-0.10640398,0.06711269,0.024477884,0.013950342,0.19575214,0.23961978
TCGA-BH-A1FN-01A,0.013797911,0.07937913,0.3128855,0.10383818,-0.11559895,0.11660135,0.054139268,0.18372308,-0.13715738,0.007485484,-0.056735665,0.1304122,0.00884692,0.37492007,0.086340435,-0.039941903,-0.050538864,0.22334231,-0.05222299,-0.16553734,0.05491267,-0.028631613,-0.07015996,-0.04365313,-0.028381463,-0.051335286,-0.38988253,-0.030863218,0.08017496,-0.17097126,-0.12251468,0.1321334,-0.13965042,-0.073002145,-0.038970336,-0.15701193,-0.12183755,0.1091057,0.04019846,0.078368716,-0.083718,0.21061993,-0.059141237,-0.050015982,-0.26965013,-0.02295119,-0.09015145,0.13746962,0.14479607,0.22479138
TCGA-OK-A5Q2-01A,-0.13054542,-0.04105629,0.1955961,-0.07243385,-0.15195301,0.1927193,0.049655724,-0.11322289,-0.04093584,-0.14884607,-0.029888676,0.08090467,-0.0778934,0.35479337,0.123996586,0.0039617666,0.056351922,0.27742115,-0.022928147,-0.13380152,-0.051300272,0.060124934,-0.13445465,0.12953818,-0.2736974,0.14274694,-0.32175413,0.04023383,-0.023710655,-0.17932102,0.02337528,-0.051663876,-0.1691865,-0.08310118,-0.17767346,-0.17809556,-0.02949366,0.10984904,0.023486253,0.07876777,-0.09176066,-0.07568521,0.22055705,-0.20344904,-0.028201384,-0.14510109,-0.0858728,0.108373106,0.11330595,0.17637686
TCGA-A2-A3XU-01A,-0.13054314,0.05287854,0.21936609,0.029778048,-0.09812699,0.16747156,0.014737402,0.17837289,-0.07561998,-0.060364064,-0.103045,-0.089937754,0.104689896,0.24723154,0.11805084,-0.027266445,-0.08224142,0.1964669,0.12962478,-0.21462435,0.015251722,0.06315429,-0.12109438,0.15318523,-0.059793293,0.0489192,-0.2992323,-0.11852478,0.1307739,-0.22476126,-0.019829685,0.2018063,-0.30271068,-0.115404606,-0.05461098,-0.13940021,-0.05963502,-0.0057130484,-0.1351876,0.18325032,-0.03997547,0.16955185,0.039777998,-0.21249364,-0.15317301,0.014082332,-0.05990445,0.125433,0.22519569,0.15539795
TCGA-AR-A2LN-01A,-0.19140625,-0.06131706,0.072417356,0.1381426,-0.24613725,0.13151777,0.011647233,0.09408751,-0.13526943,0.0002815538,-0.07686777,-0.017658688,0.17081577,0.14173096,0.18664381,-0.060914952,0.020334952,0.26458994,-0.07252062,-0.11370428,-0.009807856,-0.026180688,-0.012415154,0.1731318,0.011529821,-0.008669411,-0.47547564,-0.22090033,0.036103837,-0.23812403,-0.10027424,0.059799545,-0.10724764,-0.2199112,-0.056451518,-0.097950146,-0.19567133,0.18792209,0.0026220076,0.041572195,-0.0973238,0.047244072,-0.09096956,-0.044715617,0.08097914,0.04983244,-0.02587381,0.20687592,0.16609223,0.14065257
TCGA-AR-A2LQ-01A,-0.15292393,0.036821827,0.13490948,0.03364021,-0.03876337,0.1514852,0.0026222328,-0.093519896,-0.12766078,-0.12127029,-0.3418906,-0.041717906,0.014724945,0.16182184,0.14613926,-0.106974006,-0.09780843,0.07150175,0.00028273053,-0.23890014,0.09826019,-0.102452554,-0.20113958,0.07644978,-0.07749179,0.053145576,-0.27018255,-0.022559816,-0.13940948,-0.2365457,-0.07407648,0.12473864,-0.25153616,-0.34088612,-0.22584964,-0.110398635,-0.07290859,0.001072131,-0.017487288,0.011868726,-0.06578832,0.05091192,0.06890657,-0.15472902,0.025728554,-0.108348295,-0.119957276,0.011201351,0.28375524,0.07370076
TCGA-BH-A0DV-01A,-0.29383674,-0.01706092,0.28871468,0.053827684,-0.24762686,0.0521524,-0.013696311,0.03147804,-0.03401171,0.09260763,-0.031020539,0.0037940068,-0.033769164,0.3215076,0.08829511,-0.015741486,0.08823893,0.20772554,-0.035401884,-0.19186337,0.114394404,0.11192005,-0.104336835,0.006440283,-0.18920448,0.07967923,-0.25809425,-0.014911867,-0.08250346,-0.27841952,-0.082021415,0.061299697,-0.32978112,-0.25804436,-0.12764353,-0.06213261,-0.028092789,0.04544074,-0.011924819,0.045569867,-0.16218759,0.08429175,0.12790814,-0.07243345,0.10809783,-0.14120257,-0.07854848,0.024661547,0.104546495,0.06623945
TCGA-A7-A6VV-01A,-0.16470867,-0.019015046,0.24753717,0.20227553,-0.025697965,0.17511348,-0.0044672363,0.0861051,-0.28182182,-0.010375987,-0.012227231,-0.09560944,0.13829121,0.25609502,0.18926997,-0.17068441,0.09136809,0.18936951,0.021221956,0.04001866,0.05458512,-0.0026071742,-0.07310994,0.20555621,-0.10197958,0.002410163,-0.41389576,0.061918315,0.02275105,-0.251002,-0.09578503,0.12736073,-0.20819114,0.011264235,-0.12813175,-0.065390326,0.012923284,0.20905346,-0.002301029,0.087806284,0.01486725,0.1286331,0.20631197,-0.006891197,-0.023187844,-0.042020652,-0.0034406288,0.053729683,0.10133295,0.17653126
TCGA-AC-A62X-01A,-0.20162272,0.16212338,0.16705093,0.16566741,-0.0975628,0.046735924,0.015881691,0.10915371,-0.069091156,0.041009177,0.011017772,-0.057530027,-0.021285335,0.198239,0.09428045,-0.15756316,-0.12131907,0.13508424,0.021510912,-0.14122383,0.023370035,-0.060684185,-0.17685384,0.085003294,-0.050802052,-0.008998495,-0.30701,-0.022109339,-0.030196939,-0.06514274,-0.11458262,0.21101075,-0.17571796,-0.16503952,-0.029452462,-0.18174718,-0.22358127,0.059320983,-0.101534225,0.13673103,0.061219525,0.21133453,0.017528066,-0.09893231,-0.2878706,-0.10779767,-0.14185609,0.15587834,0.28282574,0.24947293
TCGA-BH-A0H6-01A,-0.06925107,-0.021668296,0.09731112,0.07554426,-0.093274325,0.14836137,0.040116064,0.12636556,-0.10746396,7.999579e-05,-0.1423065,-0.13086982,0.25710714,0.24915148,0.3060883,-0.06251592,0.14879383,0.30678388,-0.014573873,-0.061406195,-0.06331454,0.020584632,-0.074972235,0.09569436,-0.1479866,0.17040174,-0.35554847,0.030297166,0.15612227,-0.19290362,-0.12842144,0.052600734,-0.19753768,-0.20452748,0.040506102,-0.12517397,-0.039730985,-0.026771342,0.008730933,0.07352906,-0.18209983,0.070451036,0.18151672,-0.07445722,-0.13348502,-0.09024061,-0.060156118,0.11899223,0.16817617,0.058494117
TCGA-BH-A5J0-01A,-0.09822152,-0.008903592,0.16210687,0.02591947,-0.14777254,0.09703319,0.16838858,0.085469864,-0.08905306,-0.025178252,0.031184154,-0.09477627,0.074417174,0.31532013,0.18961976,-0.012887374,0.08987946,0.20284672,0.03439394,0.109377034,0.028650215,0.08747657,-0.07028756,-0.076505266,-0.07370787,0.0038048504,-0.3750433,-0.13183933,-0.035798416,-0.274365,-0.06778476,0.11873343,-0.16954353,-0.12892555,-0.14470063,-0.23280486,-0.16713814,0.02899754,-0.043883085,0.016195029,-0.272071,0.10118235,0.18483524,-0.057906687,-0.06121195,-0.11350793,-0.10697936,0.17129448,0.24289058,0.08229559
TCGA-D8-A1Y3-01A,-0.06277107,0.07391587,0.22843403,0.056776788,-0.026015822,0.2052454,-0.008803913,0.14385971,-0.10118892,-0.1357655,-0.035821874,-0.0052992473,0.11235597,0.33182678,0.19687314,-0.20543511,0.13693999,0.3030804,-0.18576731,-0.069601774,-0.116047956,-0.047908742,-0.22980288,0.073107645,-0.071844876,0.033374496,-0.3295614,-0.08619446,-0.0883816,-0.09558527,-0.07195465,0.19641648,-0.2748492,-0.12189913,0.008233679,-0.18003657,-0.08191853,0.023492433,-0.087581925,-0.028797628,-0.086906746,-0.063583896,0.104435824,-0.042105198,-0.043659285,0.008348128,0.11442931,0.047472794,0.19942503,0.104982056
TCGA-AO-A0JE-01A,-0.19170317,-0.035065994,0.22855672,-0.037919145,-0.1593505,0.24005158,0.07167119,0.11853318,-0.06607263,-0.09583457,-0.103591345,-0.02509574,0.035209402,0.26260865,0.16175741,-0.10602533,0.04140684,0.28195882,-0.07925178,-0.077496916,0.08298803,0.10844656,-0.13617684,0.15281686,-0.005657063,-0.0067921546,-0.38224396,-0.07534393,0.18262869,-0.36947647,-0.040433016,0.11186141,-0.07011339,-0.17683639,0.0102921305,-0.1074417,-0.054513637,-0.11371197,-0.085476615,-0.019183736,-0.14249365,0.010098689,0.055745304,-0.102250054,-0.15893506,-0.09738073,-0.060434572,0.047349893,0.15970811,0.11030323
TCGA-AR-A1AO-01A,-0.13657065,0.09435767,0.11432159,-0.008861813,-0.09837309,0.15175523,0.007759211,0.031659223,-0.09789712,0.017347664,0.012984992,-0.19205289,-0.001783475,0.21634486,0.19394815,0.07566734,0.18390408,0.21739161,0.040783193,-0.24815577,-0.0101951575,-0.047085732,-0.09493914,0.09286484,-0.012732695,0.020255383,-0.40352407,0.11955066,0.027701853,-0.26046288,-0.12915185,0.026236715,-0.15897167,-0.24212575,-0.13175504,-0.18391107,-0.14755508,-0.013812253,-0.13948734,0.24341881,-0.04947243,0.13156174,-0.0011269498,-0.19927731,-0.049697492,-0.11359025,0.062639065,0.10197212,0.15230662,0.111227185
TCGA-E2-A573-01A,-0.080247894,0.054877434,0.14166234,-0.019409865,-0.0010716419,0.06475298,-0.029275872,0.06662248,-0.07734831,0.08660978,0.17916593,0.07269533,0.067187026,0.13956547,0.14294139,-0.13212822,0.08095062,0.22177477,0.12650749,-0.12282127,0.069785915,0.0038206726,-0.094504535,0.107284404,-0.03154789,-0.10871095,-0.44535545,0.04041036,-0.010432899,-0.22631942,-0.13073142,0.14364773,-0.14810424,-0.24614182,-0.03952766,-0.10799057,-0.10658859,0.092146814,-0.23881976,0.13719447,-0.18386355,0.15906082,0.004782735,-0.07304672,-0.10241723,0.0007717172,0.0093382625,0.038303114,0.31050894,0.2636068
TCGA-E2-A1BD-01A,-0.18363377,0.29301286,0.18238606,0.058972117,-0.14962596,0.10832873,-0.082768634,0.045207575,-0.17690232,-0.05280943,-0.11000793,0.04299123,0.10153249,0.14871058,0.19933219,0.008558466,0.048063543,0.2306549,0.015176493,-0.12001601,-0.17956874,0.024182813,-0.17559671,0.12667216,-0.0678448,0.04894746,-0.3473009,-0.042851057,-0.034563452,-0.03557938,-0.0666339,0.046195447,-0.1349228,-0.016354216,-0.04689795,-0.2678102,-0.08464275,0.103102386,0.07027902,0.07955101,0.011357698,0.18622112,0.2040928,-0.23612587,-0.23278882,0.06792585,-0.085294396,0.19998382,0.15099,0.097531244
TCGA-AR-A24U-01A,-0.14043246,-0.07131805,0.10138792,0.011118226,-0.14857769,-0.068348676,-0.08402772,0.08105529,-0.07079867,-0.063056104,-0.16470104,-0.015757432,0.045720905,0.17216471,0.11235585,0.048776552,0.118512884,0.16374512,0.011417574,-0.19982857,0.040591475,0.040195644,-0.06614661,0.11034777,-0.10234505,0.17351136,-0.41828632,0.006518873,0.0060634483,-0.34753078,0.042022645,0.023548827,-0.25601473,-0.1320847,-0.025461357,-0.13251324,0.10583971,-0.062598854,-0.03351303,0.025512483,-0.13374662,0.29107645,0.00078175653,-0.15011787,-0.18267569,-0.105712295,-0.025671037,0.013358463,0.24769613,0.22777063
TCGA-A2-A0T7-01A,-0.071819015,-0.010026131,0.26586458,0.0027354953,-0.17895058,0.1742617,-0.03799034,0.108350106,-0.07452441,-0.009086003,0.0961466,0.014723184,0.11891682,0.24872121,0.12624459,0.015224634,0.03600875,0.030643951,-0.06524674,-0.12583503,-0.075096786,-0.19969949,-0.1704593,0.020797601,-0.056811582,0.020298265,-0.4880454,-0.04710973,-0.14781782,-0.21405996,-0.051690407,0.08684323,-0.3018907,-0.22156826,-0.18121542,-0.09376685,-0.09289577,0.16206053,0.0029233089,0.050453503,-0.024890888,0.11231873,0.07966819,0.015702873,0.08681294,0.058368355,-0.08630119,0.11549713,0.2259821,-0.0012690785
TCGA-AR-A2LH-01A,-0.09387292,-0.022079008,0.2988898,0.14998832,-0.05780393,0.3484804,0.072668046,-0.02277442,-0.1844189,-0.028189303,-0.035854273,-0.051379297,0.03429432,0.20865007,0.20082097,0.019133367,0.10390233,0.178926,-0.03392901,-0.3278617,0.0046953447,0.018112501,-0.058966924,0.039118458,-0.12495099,0.089521326,-0.30094928,-0.07044228,-0.13442826,-0.17661446,-0.09023488,0.038771518,-0.21075104,-0.15117347,-0.07575765,-0.08845997,-0.2848717,0.10514462,-0.016110728,0.04600184,0.012389194,0.24405773,-0.0014552023,-0.07010474,-0.06771189,-0.12525685,0.034751374,0.08796181,0.1411904,-0.008200107
TCGA-OL-A6VR-01A,-0.20064792,0.040693223,0.28262898,0.04213263,-0.16009477,-0.008643687,0.066956915,0.016407656,-0.03034755,-0.03750881,-0.034352284,-0.111545965,-0.08014092,0.2565722,0.032513477,-0.07440234,-0.08478714,0.26696545,-0.12216128,-0.31813157,0.08279379,-0.005235531,-0.043858733,0.1265601,-0.08023318,0.07228347,-0.33002853,-0.011021871,-0.15663502,-0.23832622,-0.053882416,0.11484769,-0.29609713,-0.03951146,-0.1365243,-0.23254637,-0.02274226,0.06590157,-0.09435322,0.024689654,-0.061517358,-0.07039211,0.06982436,0.052026454,-0.22789222,-0.034826517,0.00772658,0.11409928,0.2313033,0.03551449
TCGA-AC-A6IX-01A,-0.16692969,0.006432786,0.23120731,0.17839934,0.031811975,0.0034479033,0.076488346,0.24713133,-0.25417188,-0.11456915,-0.058536302,-0.059353307,0.1127656,0.19710651,0.1258539,0.05392908,0.010365455,0.10916572,0.025541184,-0.26057214,0.0049413666,0.09157178,0.15508398,0.12375766,-0.05880587,0.18801953,-0.27909127,-0.007268866,-0.13482752,-0.25144938,-0.103878066,0.11886304,-0.20643458,-0.30346018,-0.07559685,-0.18775962,-0.14251216,0.09556579,-0.008737718,-0.011785886,-0.14306691,0.0043798857,0.11928479,-0.14020644,0.018088086,-0.069865726,0.013399424,-0.056716517,0.15020418,0.14686203
TCGA-EW-A1OY-01A,-0.11134191,0.21648076,0.102789834,0.12283626,-0.075431906,0.17145947,0.047943536,-0.006391474,-0.10440592,0.0229723,-0.10331655,-0.002450225,0.06295956,0.08677774,0.16492686,0.033406954,0.14700942,0.095255725,0.121527515,-0.27606785,0.03317887,-0.03491613,-0.23929718,0.049744572,0.017091334,-0.13822724,-0.4439755,-0.055669956,0.12102003,-0.16400547,-0.116618864,0.16243309,-0.18542998,-0.120219655,-0.152206,-0.14709269,0.023716476,0.1061469,-0.0031521437,0.10576209,-0.060455404,0.25631315,0.012950332,-0.14036377,-0.14716369,0.05875733,-0.06338597,0.14496814,0.25339064,0.10312726
TCGA-E2-A570-01A,-0.25255287,0.040146887,0.15670642,-0.044195704,-0.20272598,0.10179694,-0.10546787,-0.061959963,-0.11657037,0.06799314,-0.1086988,-0.041413456,0.00021955595,0.31502107,0.10199134,-0.16075487,0.056450795,0.23138767,-0.034821123,-0.19038157,0.007778384,-0.14604682,-0.031558096,0.03699301,-0.03654275,0.09469197,-0.28642908,-0.037834752,-0.17233597,-0.21972758,-0.17375776,0.32873556,-0.115589105,-0.21618657,0.04244958,-0.10680513,-0.09912879,0.054517847,-0.1949262,-0.17395605,-0.05324269,0.14719972,-0.013463543,-0.13193227,-0.18308881,0.010172221,-0.024721898,0.060223363,0.09623553,0.054015376
TCGA-E2-A15K-01A,-0.19523191,-0.04209128,0.29003948,-0.05991268,-0.15419234,0.08454138,-0.10386716,0.06679079,-0.114836164,0.025124032,0.00068441965,-0.08350201,0.06270892,0.28385633,0.073465295,-0.018650167,-0.042481355,0.18840352,0.05460394,-0.26606658,0.047052786,-0.10947598,0.01716343,0.09771161,0.093972124,0.048175484,-0.45415106,-0.020107927,-0.059934616,-0.10569001,-0.016825996,0.044184163,-0.22316653,-0.16311382,-0.13668492,-0.06154881,-0.03110958,0.050309107,-0.07593685,0.13190414,-0.19689336,0.14504763,0.2198151,-0.17405212,-0.1359444,-0.055038996,-0.082894154,0.09789622,0.17238584,0.11669715
TCGA-AR-A2LM-01A,-0.13427459,0.08805885,0.1713662,-0.07167573,-0.0026818917,0.025490941,0.14725368,0.18071528,-0.072998196,0.108011544,-0.18896002,-0.036393393,0.20822838,0.08301468,0.22908436,-0.0861083,0.08850095,0.22203465,-0.007836304,-0.3671333,-0.084760174,-0.03492115,-0.08968161,0.17109805,-0.075086765,0.115280434,-0.31263518,0.11951831,-0.089056104,-0.236739,-0.03566527,0.15874377,-0.19164613,-0.24185723,-0.12113601,-0.046974193,-0.045650456,0.16310254,-0.086076215,0.017705154,-0.09737713,0.080156036,0.061628267,-0.123510115,-0.08637707,-0.09235249,-0.047931075,-0.0038002343,0.12761973,0.20827824
TCGA-OL-A5RZ-01A,-0.121114664,0.06895804,0.15286599,0.04885319,-0.08634379,0.090057366,-0.030385606,0.011356824,-0.16731438,-0.04276862,-0.035769314,0.0027471432,0.19754176,0.25200027,0.22812235,-0.12178975,-0.08155484,0.2625669,-0.09378393,0.00847955,-0.05528522,0.2675501,-0.1041748,-0.045704693,0.013020879,0.02115698,-0.36522034,-0.11672563,-0.09187421,-0.14255013,-0.1191617,0.18444653,-0.18960385,-0.067022316,0.01324321,-0.19584498,-0.19808878,0.002416123,-0.024879012,0.07956859,-0.15980858,0.11655771,0.1716698,-0.2028508,-0.12411107,-0.0287753,-0.07953287,0.120741814,0.22756936,0.13118556
TCGA-A7-A26G-01A,-0.2523561,0.20726609,0.17562903,0.029112276,-0.20904785,0.17802979,0.047115754,0.19985916,-0.2661327,0.0047788466,0.14437577,-0.05380891,0.05468576,0.19854115,0.17109692,-0.016387869,0.027620038,0.18709746,-0.037278064,-0.09505683,-0.08685072,-0.1109085,0.052756567,0.11192309,-0.09890354,0.11453593,-0.27711603,-0.1314212,-0.001558667,-0.26587725,-0.10329826,0.19114263,-0.11384287,-0.21132582,-0.11047248,-0.24217297,-0.08469113,0.0056318417,-0.16319525,0.10724974,-0.10117369,0.0075344783,0.1890698,-0.09843924,-0.12372024,-0.0017907595,-0.041736115,0.03581193,0.055859677,0.10176644
TCGA-A1-A0SP-01A,-0.1293375,-0.03677824,0.2038648,0.15894742,-0.18571813,0.08807104,0.038376216,-0.06981409,-0.17520458,-0.10205905,-0.085738465,-0.042701203,0.04353031,0.20677376,-0.0032895345,0.1289636,-0.009101562,0.32197988,0.08378752,-0.2615448,-0.11900429,0.13037214,-0.10301722,0.003917755,-0.044765227,-0.05936358,-0.33755565,-0.19529691,0.04622263,-0.117966995,-0.11364483,0.10423675,-0.22214699,-0.23695986,-0.002708535,-0.14624193,-0.02155442,0.056086253,-0.17229618,0.08404292,-0.16619329,0.065754436,0.15470837,-0.13175659,-0.043808684,0.019010581,-0.1985835,0.09134347,0.2030365,0.06879298
TCGA-E9-A1NA-01A,-0.13144958,0.022903668,0.19941083,0.049812943,-0.08584035,0.04440273,0.16114452,0.22514305,-0.025420139,-0.014610951,0.0058850935,0.03294236,0.035783336,0.22446029,0.13685927,-0.119301744,-0.031015845,0.3349419,0.052444663,-0.20045026,-0.11952399,0.10355901,-0.23838398,-0.0010205832,-0.10353994,-0.04950744,-0.31239587,0.067720674,-0.046344392,-0.15884857,-0.13695267,0.10064027,-0.036137156,-0.01678547,-0.1136331,-0.10878955,-0.09558196,-0.03349233,0.065229066,0.07130077,-0.15702248,0.11380974,0.16068447,-0.23973909,-0.1998572,-0.18930517,-0.06709093,0.20695734,0.18042825,0.18792473
TCGA-D8-A1XQ-01A,-0.075384654,0.06784738,0.11239838,0.17756878,-0.10745003,0.21671163,-0.061752778,0.00076134247,-0.080387585,-0.019376155,-0.03711725,-0.03289237,-0.004550084,0.3326195,0.24553381,0.01166715,-0.04832165,0.2579572,-0.10052433,-0.020473206,-0.089006074,0.030176023,-0.0463189,-0.020608086,-0.00943771,-0.056173336,-0.40354833,0.017885486,-0.10324631,-0.15440686,-0.16906692,-0.04059511,-0.21298036,-0.10366761,-0.07954077,-0.24614738,-0.081663474,0.13473842,-0.008486282,0.034122176,-0.17945392,0.18092835,0.079875566,-0.17226377,-0.25294575,-0.1474922,0.0017014464,0.07837919,0.12773708,0.15040754
TCGA-C8-A275-01A,-0.20236205,0.10498446,0.1062572,0.03816891,-0.142452,0.14835207,-0.045363892,-0.085157424,-0.21955313,-0.09268278,0.019010203,-0.10503802,-0.05342201,0.26333782,0.20339932,-0.04921243,-0.051864866,0.07955224,0.086941384,-0.18472879,-0.05052687,-0.039107792,-0.060774606,0.13405629,-0.20289211,0.1604208,-0.44200575,0.061962634,0.06815972,-0.11466203,-0.084052294,0.12352941,-0.1340107,-0.09114784,-0.12274821,-0.13388416,0.04856958,-0.021297613,-0.024752514,-0.07427201,-0.17446776,0.15690877,0.13829413,-0.14476214,-0.16270927,-0.08829953,-0.16764854,0.19124864,0.1296313,0.1942014
TCGA-BH-A0W3-01A,-0.0357936,-0.035296034,0.32853562,0.10338498,-0.20459656,0.0073095374,0.15680061,0.07769058,-0.19458073,0.042742528,-0.07415778,-0.015824832,0.07120397,0.31004322,0.21210682,-0.09826076,0.070709325,0.25481153,0.049232118,-0.06034897,-0.07945353,0.004672282,-0.1459998,0.15829815,0.10028038,0.12263973,-0.23251475,0.024610437,0.084385276,0.076167375,-0.030722246,0.06092032,-0.27509665,-0.14677072,0.066857435,-0.23158297,-0.07085326,0.03067953,-0.097725,0.11253564,-0.13334048,0.07951948,-0.003916987,-0.25586787,-0.15084858,0.045759015,-0.13372219,0.14790094,0.16400255,0.120008774
TCGA-LL-A5YP-01A,-0.214714,0.026002606,0.23022646,0.110291205,-0.22459532,0.07222527,0.06048337,0.031460866,-0.20115057,-0.13844337,0.12672164,-0.024123913,0.0684595,0.23234242,0.065566346,-0.15863077,-0.071986005,0.24916068,0.086747654,-0.017634718,-0.07665218,-0.014283783,-0.09093883,0.13028987,-0.058531936,-0.11993903,-0.37499756,-0.06159019,0.036585227,-0.11594489,0.00836043,0.052001484,-0.30617312,-0.20627846,-0.050757863,-0.1847893,-0.053149246,0.19045693,0.09661389,0.13316117,-0.030363355,0.090390004,0.06747147,-0.14433028,-0.16207188,-0.055412345,-0.15441802,0.0030519324,0.21925819,0.047054023
TCGA-E9-A1QZ-01A,-0.019626576,0.11804397,0.23522656,0.01626901,-0.044746913,0.11334017,-0.03819742,-0.027099704,-0.13239294,0.062210258,0.018211046,-0.0077266195,0.07636191,0.31026548,0.1712697,-0.07502301,0.054514643,0.22376332,-0.024551691,-0.1608899,0.003878529,0.00081257225,-0.0940375,0.17362773,-0.04519488,-0.05181537,-0.5360631,-0.07220921,0.006089846,-0.22251804,-0.13008037,-0.10707711,-0.2132301,-0.13889672,0.14308818,-0.062830634,0.15360071,0.027851969,-0.1932459,-0.012573264,-0.108030275,0.124402866,-0.019671015,-0.12321858,-0.11482819,-0.14424704,-0.025409648,0.0506863,0.17148279,0.0058759227
TCGA-AO-A1KP-01A,-0.18387337,0.06473202,0.1692602,-0.08806735,-0.057377506,0.16792725,-0.111170106,0.14310549,-0.11173715,-0.06276818,-0.0049171583,0.05653666,0.013735553,0.1974935,0.24499272,-0.05902262,-0.050840665,0.24051298,-0.22895497,-0.16739994,0.0025127516,0.045310836,-0.06471611,0.10665104,-0.0076375566,-0.04360145,-0.44271708,0.014447593,-0.020032628,-0.25852358,-0.13634567,0.018821111,-0.28393236,-0.14846455,-0.0055768737,-0.17208804,-0.12855388,-0.014596523,-0.049327258,-0.1053288,-0.17318457,0.08310842,0.092558175,0.0037544789,-0.037543356,0.042059433,0.0056469506,0.21506567,0.15066577,0.12595066
TCGA-EW-A1IY-01A,-0.17290176,-0.10408074,0.13616031,0.20456265,-0.19204426,0.11240887,-0.009345106,0.0023975493,0.017948957,0.02761797,-0.10679924,-0.054193176,0.059274424,0.30694506,0.14568308,0.036545753,0.01075406,0.15476273,-0.06798969,-0.2510863,0.039814856,-0.040874496,0.025701718,0.0830941,-0.096266516,0.03165642,-0.3922232,0.05643098,0.0053219046,-0.17083609,-0.1716201,0.15599021,-0.34925857,-0.07429365,-0.0716622,-0.19772519,0.11095973,0.085259765,0.042859063,0.015312213,-0.22983973,0.2088518,0.03866873,-0.13939275,-0.070817,0.04266604,-0.0017598884,0.10238224,0.18036512,-0.010274722
TCGA-A2-A25C-01A,-0.1883132,0.0081187105,0.17540345,0.023077846,-0.15489657,0.19111711,-0.05650462,-0.016378345,-0.18045323,-0.023020325,-0.026755067,-0.08034759,0.049193703,0.19672294,0.12325909,-0.06545038,-0.029109148,0.33739415,-0.043906536,-0.28727967,-0.02433851,0.063702665,-0.12337775,0.16128778,-0.087644346,0.09566002,-0.29577354,0.023181746,-0.018126233,-0.07701565,-0.12112131,0.231301,-0.31916153,-0.18027708,-0.070221275,-0.14776868,-0.0082819555,0.045286734,-0.09132167,0.013816253,-0.07639427,0.16239595,0.051635854,-0.06906543,-0.1253323,-0.08094256,-0.196104,0.21267807,-0.013046058,0.16272679
TCGA-E2-A1BC-01A,-0.08593704,-0.10158869,0.117285706,0.030655742,-0.061334718,0.16672918,-0.04183795,0.047662813,-0.1847948,0.08722132,-0.0332591,0.01157189,0.010178941,0.18154657,0.1281161,-0.17953758,-0.013240673,0.19818489,-0.17459692,-0.03390391,-0.114327125,-0.10471907,-0.21993068,0.30149302,-0.074478544,0.018335221,-0.4822902,0.06375811,0.016051337,-0.19762366,-0.103143275,0.08455639,-0.26590064,-0.20933019,-0.009898383,0.052593667,-0.060761277,0.015239799,-0.11065928,-0.06762421,0.073675364,0.15015987,0.028791802,-0.20039544,-0.06654299,0.024101978,-0.03062802,0.1241136,0.19585454,0.08039227
TCGA-E2-A1LG-01A,-0.2654335,-0.006059569,0.288921,0.015052573,-0.14853562,0.11308928,0.073329486,0.032041315,-0.051641088,0.097969875,0.016129125,-0.10412781,0.0054207165,0.25263822,0.107800946,-0.058258142,-0.043350358,0.21595222,-0.018292295,-0.13573353,-0.14728492,0.08771545,-0.1631528,0.13054402,-0.07807032,-0.04118948,-0.41730395,0.01587803,0.016057925,-0.22465605,-0.039640125,0.02306747,-0.2046898,-0.090902306,0.013258709,-0.31693304,-0.01430804,0.029761702,0.07248469,0.020367082,-0.14808747,0.16376527,-0.04282604,-0.09708831,-0.06257298,0.08849456,-0.08025464,0.09262934,0.2582341,0.12637243
TCGA-BH-A0DS-01A,-0.13029541,-0.16021201,0.25518265,0.04579781,-0.12768285,0.09077402,-0.008186582,-0.14672135,-0.14557467,-0.14566182,-0.033139206,0.0172294,-0.05282115,0.33736372,0.20761521,-0.054101318,0.05295809,0.25862437,0.052488107,-0.08249953,-0.14623468,-0.024059558,-0.020175114,-0.08176131,-0.14752531,0.0071575576,-0.37103412,0.03441431,0.044525415,-0.18452294,0.0043474673,0.13511987,-0.101517096,-0.05784961,-0.1210425,-0.03607966,-0.16230653,0.17152187,-0.10357075,-0.12349419,-0.12603228,0.24756059,0.10810964,-0.09999304,-0.2049991,0.037101336,0.023647001,0.04856687,0.11759639,0.20959756
TCGA-D8-A1JB-01A,-0.051265057,-0.08779461,0.16340934,0.060927134,-0.16458115,0.109828226,0.046562478,0.0882384,-0.2691142,0.088687174,0.058331106,-0.12333201,-0.049556997,0.27136028,0.15380329,-0.09936105,0.051708944,0.24537812,-0.2162247,-0.11420079,-0.08941071,0.049926165,-0.118410416,0.08701341,-0.1279885,0.10333089,-0.40467155,0.11055116,-0.045740012,-0.18599403,-0.18335336,0.043915227,0.0023698336,-0.23311102,0.03152862,-0.110199936,-0.06825827,0.108606026,-0.0018504539,0.11677363,-0.14312428,0.073211655,0.15660982,-0.1313353,-0.112839386,0.0457927,-0.13813457,-0.01402217,0.22783335,0.14275876
TCGA-C8-A27B-01A,0.05255207,0.051344234,0.109803215,0.13906956,-0.06957142,0.1212046,-0.111063816,0.07519253,-0.18252003,-0.06143893,-0.12847652,-0.12186929,0.04860789,0.25680667,0.18356752,0.082651034,-0.21234606,0.13721475,-0.08612313,-0.13710262,-0.07866194,-0.015436436,0.036644753,0.1454484,-0.015063312,-0.0007730186,-0.35811332,0.121711574,0.10813053,-0.3302681,-0.16457084,0.10137394,-0.20449796,-0.20678413,-0.11203722,-0.12734333,0.07829104,0.0865416,-0.04804084,0.102614164,-0.119047925,0.17872424,0.124074094,-0.059183452,-0.087922506,-0.04277913,0.070694305,0.15388897,0.17130584,0.23563352
TCGA-OL-A5RW-01A,-0.2224284,-0.02292592,0.17277913,0.13110049,-0.02379987,0.09666844,-0.0746767,0.07198154,-0.053214066,-0.0007380054,-0.11683963,-0.12581274,0.11483558,0.21142904,0.13864571,-0.051449247,-0.028276721,0.18525577,0.014132398,-0.18534723,-0.20316812,0.071381144,-0.15602088,0.014863096,-0.089826904,-0.122180745,-0.47844744,-0.044732235,0.10059244,-0.069147214,-0.14311047,0.09033337,-0.16304207,-0.02960952,0.004170323,-0.24426246,-0.17097028,0.06915842,-0.15640844,0.094784506,-0.1808235,0.08688568,0.080068015,-0.046833962,-0.18021522,-0.13713819,-0.098902255,0.20749393,0.09869232,0.12184753
TCGA-AR-A1AK-01A,-0.20044394,-0.054866124,0.2620659,0.026439723,0.0057638884,0.17087072,-0.13973607,-0.011068337,-0.19246626,-0.03864931,-0.048763562,0.009697059,0.20565611,0.112038426,0.1824152,0.087426044,0.00024814834,0.31194985,0.035349384,-0.13159293,0.036936954,-0.06671941,0.05319969,0.04946309,-0.023059627,-0.073692456,-0.43777576,0.03097104,0.0053819832,-0.28528294,-0.12500134,0.11091188,-0.14141436,-0.12956437,-0.02698166,-0.13623142,0.102729216,0.014393463,-0.14847267,0.13571662,-0.16360566,0.23044527,-0.016302377,-0.16976087,-0.09934168,0.06942277,-0.10172327,-0.017204491,0.15883167,-0.009317713
TCGA-A7-A4SF-01A,-0.33283034,0.06833991,0.19138877,0.061391752,-0.053678367,0.0687646,-0.06635213,-0.03170856,-0.22351767,0.011425953,-0.0544311,-0.021939607,0.1299673,0.25197902,0.27703613,-0.08851845,0.025937295,0.13808793,0.021708753,-0.14646064,-0.06660301,-0.0743809,-0.16024,0.08522552,-0.04436871,0.038321126,-0.23596618,0.043296613,-0.063184455,-0.20945898,-0.017689925,0.053319857,-0.25037554,-0.20847706,-0.09581806,-0.22936745,-0.15008837,0.13702326,-0.03079668,-0.021751676,-0.14678413,0.14993872,0.034477443,-0.089479424,-0.1677686,0.06915182,-0.11982246,0.03385632,0.25461254,0.19723485
TCGA-E9-A1RG-01A,-0.18502282,-0.027393255,0.10206493,0.12359662,-0.379032,0.2192922,0.08675434,0.029564265,-0.22442488,0.007393121,-0.074144304,-0.097825326,0.06840985,0.26923424,0.20466974,-0.029170161,0.07467343,0.11780404,0.017611418,-0.18563148,-0.04836704,-0.13741314,-0.06273581,-0.0009594329,-0.02963863,-0.045757305,-0.20842883,0.042220414,-0.053981826,-0.18219168,-0.053520408,0.024956506,-0.2488118,-0.15409732,0.02676925,-0.28627303,-0.097546674,0.17214525,-0.15016241,-0.031197872,-0.026081024,0.17831278,0.1325124,-0.1013401,-0.11501323,-0.09506945,0.042850275,0.13736004,0.19910312,0.11263842
TCGA-BH-A0DG-01A,-0.05788457,0.08448103,0.1679077,0.09099949,-0.30364245,0.16501379,-0.053517688,0.13256072,-0.21496814,-0.023488456,0.063916765,0.00037337776,-0.021354232,0.10158119,0.17751619,-0.021178158,-0.06392492,0.320564,0.06296626,-0.2009003,0.006325256,0.12026883,0.0026942526,0.16798091,-0.15093397,0.07086482,-0.25856987,-0.04301677,-0.021702824,-0.076059625,-0.038752288,0.1556941,-0.21036306,-0.2262519,-0.1087628,-0.23823822,-0.21128981,0.12896127,-0.020124188,-0.008309148,-0.13923162,0.23378901,0.1105596,-0.04310166,0.11887772,0.07689637,-0.026146987,-0.043668192,0.20101212,0.14224574
TCGA-E9-A5UO-01A,-0.21165039,0.027982492,0.32410738,0.0032320493,-0.046644922,0.19757849,0.051087677,0.043973412,-0.22642554,0.010295338,-0.015469544,0.13266796,-0.03673614,0.32189292,-0.025695141,-0.09498806,0.00082011253,0.15670422,-0.08814044,-0.1890841,-0.1573041,-0.059404735,-0.09180374,0.17989512,-0.10488649,0.057616692,-0.33906162,-0.008095139,0.015069051,-0.20366171,0.047809932,0.15781233,-0.20176329,-0.19638358,-0.0841562,-0.19882014,-0.043563828,0.18999535,-0.046385366,0.09579706,0.054540303,0.18302968,0.055347648,-0.15556052,-0.13719049,0.02897534,-0.104601525,0.04235881,0.07253242,0.088054225
TCGA-D8-A1JK-01A,-0.06584129,-0.062223345,0.09502051,0.12399937,-0.08181135,0.0025368892,-0.060880482,0.22680902,-0.17839086,0.009579935,-0.09133622,-0.05558569,-0.07752341,0.2374517,0.039462525,-0.06314858,0.09946761,0.34551248,-0.083247274,-0.2066727,-0.09022555,0.072689585,-0.16653723,0.16012418,0.15120922,-0.0387231,-0.23622608,0.024346232,0.004621148,-0.2555271,-0.07615755,0.06848857,-0.21537864,-0.14970517,-0.066683084,-0.21243694,-0.13422976,0.12395254,-0.07589399,0.06359272,-0.1483768,0.15780373,0.08485187,-0.100984685,-0.12246744,-0.046665728,-0.123660535,0.06010335,0.17820866,0.3134624
TCGA-D8-A1XM-01A,-0.25383046,0.045642797,0.24103498,0.06516409,0.0037883131,-0.024760274,-0.022212956,0.122937314,-0.22891302,-0.02194699,-0.07025075,-0.07071935,-0.045738813,0.24609219,0.09339683,-0.034490593,0.09580186,0.23497394,0.03541438,-0.15304083,0.01594266,-0.03799898,0.010047747,0.113978274,-0.17875005,0.22374628,-0.3118836,-0.016437886,-0.07796124,-0.2027069,-0.01289155,0.18266195,-0.22951616,-0.28535917,-0.047169518,-0.14813213,-0.06647667,-0.16434734,-0.14141588,-0.036892075,-0.0681059,0.10660268,0.14248453,-0.1767429,0.063399956,0.10627587,-0.026611459,0.02783723,0.087472826,0.22881413
TCGA-E9-A22H-01A,-0.27873933,-0.1274203,-0.028777584,0.03441475,-0.18264306,0.13724159,0.05422102,-0.07056089,-0.1185907,-0.11118711,-0.10317652,0.021742031,0.02183438,0.30067065,0.057325087,0.13541324,-0.04453656,0.3238178,-0.07909554,-0.1450029,-0.035357222,0.06690967,0.062307283,-0.050516516,-0.091440104,-0.05022499,-0.4039959,0.018735224,-0.023782799,-0.027063454,-0.04188829,0.24268517,-0.21376218,-0.21559432,-0.19856927,-0.19724092,-0.0062974277,0.023543952,-0.055745576,0.10537571,-0.021903861,0.13465165,0.19430251,-0.10354112,-0.20097157,-0.0037618584,0.02846756,-0.016150204,0.07151565,0.110573955
TCGA-GM-A3XL-01A,-0.10709793,-0.14635745,0.276946,0.17085256,-0.13652593,0.20458418,-0.12249616,0.11654433,-0.2364221,-0.021819877,-0.14407334,0.027902352,0.08509596,0.16283211,0.18176064,-0.12892285,-0.0067299325,0.12718557,-0.024582203,-0.24165821,0.07137448,0.10410093,-0.109391324,0.08547551,-0.029614683,-0.02408978,-0.33761412,0.11962585,0.017469684,-0.104227535,-0.15037848,0.1720006,-0.23806089,-0.13119641,-0.09063067,-0.054196995,-0.14108303,-0.08360068,-0.170864,0.14482531,-0.04848046,-0.047620054,0.07050444,-0.036452033,-0.112952106,-0.16337813,-0.14490847,0.14798544,0.20984355,0.088721395
TCGA-D8-A1JD-01A,0.010687086,0.12005604,0.1608965,0.08832579,-0.22416764,0.07874274,0.042069823,-0.021605767,-0.1583881,-0.021060077,0.06040245,-0.12275248,0.13019787,0.35774398,0.04388526,-0.26901522,0.13288312,0.26093444,-0.061020758,-0.06444176,-0.039905973,0.12637231,-0.14866275,0.09070675,0.047254086,0.006842141,-0.30558655,-0.09671571,0.033306282,-0.14464276,-0.1060193,0.15227073,-0.21040031,-0.13779506,-0.0833389,-0.18211779,0.06401216,0.025549784,0.06544832,0.0033602025,-0.0854164,0.10347838,0.048175115,-0.13607948,-0.21970661,0.05132842,-0.07797137,0.057172284,0.25182578,0.2273971
TCGA-AR-A1AI-01A,-0.111374445,-0.0358183,0.19712557,0.133546,-0.078138046,0.10151574,-0.027929075,-0.03585829,0.04018441,0.011765662,-0.042780656,-0.05044601,0.007914918,0.18850711,0.18366733,-0.025360854,-0.027333643,0.31300068,0.0072158054,-0.09652429,-0.23195955,0.07416304,-0.1803199,0.010125111,0.0028919578,0.05468923,-0.4610081,-0.09200272,-0.051390253,-0.1739835,-0.0695167,0.29245114,-0.1803614,-0.10651598,-0.0040092175,-0.14941642,0.028844215,0.121979125,0.011382925,0.12516986,-0.06643279,0.24744377,0.12110208,-0.2076819,-0.12766476,-0.09234622,0.06663009,0.08363407,0.13369665,0.11166148
TCGA-AR-A256-01A,-0.09783359,0.14535515,0.2380906,0.23793462,-0.06319795,0.123245895,-0.07352546,0.10634914,-0.24047437,0.0009733897,-0.023936424,-0.048768967,-0.021447573,0.33329615,0.105998576,0.032625183,0.0036856977,0.16869833,-0.10880127,-0.08158382,-0.15800428,0.10821603,-0.11094194,0.065215096,-0.024045913,-0.08859336,-0.4601562,0.036346246,-0.02347108,-0.27580312,-0.01276796,0.10888251,-0.16061366,-0.16848151,-0.08808584,-0.21526702,-0.035847712,0.083531275,0.008473877,0.10719664,0.00013817361,-0.016082615,0.091164224,-0.18092787,0.016142214,-0.03943164,-0.0736891,0.1286411,0.1225061,0.13011058
TCGA-AR-A24S-01A,-0.016568353,0.045936275,0.13667962,0.081324294,-0.15395425,-0.0055541564,0.05062589,0.1342378,-0.18595938,0.06667155,-0.003212855,-0.06022138,0.028228072,0.22215903,0.104627706,-0.031807162,-0.08855395,0.22239657,-0.025677646,-0.12110995,-0.051056053,0.0029987216,-0.09637436,0.059059598,0.07323144,-0.012196117,-0.37313268,0.015568489,-0.04442144,-0.14158815,0.16941735,0.074248575,-0.16923082,-0.16335377,-0.0016836128,-0.18258606,-0.259222,0.036776673,0.021629676,0.036105912,-0.02056453,0.24517743,-0.009245013,-0.244882,-0.087426245,-0.088236496,-0.17203799,0.13841636,0.32802397,0.2874665
TCGA-GM-A2D9-01A,-0.26095787,0.036753133,0.2920028,-0.03417266,-0.15888132,0.17003255,0.04813111,0.058560066,-0.22170492,0.024427976,-0.17566264,-0.0038605426,0.032096755,0.19101387,0.2427226,-0.052215975,-0.10063725,0.30610213,-0.15820263,-0.2576448,0.0015737872,0.012240083,-0.12749381,0.03245158,0.01514085,-0.15393074,-0.29092294,0.068879455,-0.0266907,-0.18670265,-0.19600615,0.04943794,-0.06282185,-0.20417519,-0.15700155,-0.045172714,-0.11056875,0.11043713,-0.07151387,0.020228548,-0.047991797,0.14331844,0.07309988,-0.18354446,0.008215397,-0.07759398,0.013646671,0.088961065,0.13780984,0.0684074
TCGA-A8-A0A6-01A,-0.18710543,0.0496614,0.16635919,0.14580996,-0.15396482,0.03426376,0.054844096,0.102685675,-0.14007002,0.11024055,-0.013839948,-0.010517001,0.16596612,0.19032979,0.06398054,-0.024656376,0.13382034,0.22597273,0.06915694,-0.06538375,-0.033443194,0.085462846,-0.14360869,0.104070626,0.09705788,0.06697347,-0.33844453,-0.038639918,0.04696022,-0.23659837,-0.12266245,0.059056632,-0.17279382,-0.32506037,-0.118544035,-0.24941294,0.023515383,0.13563956,-0.03877371,0.12811054,-0.13413826,0.183567,0.18141307,0.0038516668,-0.19904041,-0.15169716,-0.130866,0.06566149,0.07897663,0.16271806
TCGA-4H-AAAK-01A,-0.13950205,0.036777023,0.1731556,0.12553476,-0.074281864,0.09200755,-0.12848815,0.10343919,-0.19003347,0.012742612,-0.0892517,-0.022083135,-0.04107803,0.108950585,0.043090265,-0.069130674,-0.02731292,0.16960219,0.020707432,-0.15361804,0.031620093,-0.07225891,-0.0588906,0.036279283,0.029024046,0.0733537,-0.4266925,0.045033302,0.07283066,-0.074016824,-0.093812875,0.07585425,-0.35465816,-0.23394065,-0.06316665,-0.25389516,0.03903273,0.11580247,-0.024299638,-0.0053541544,0.08869097,0.21867864,0.17099102,-0.076474935,-0.08894451,-0.1734347,-0.02489578,0.13276938,0.2083814,0.30361444
TCGA-AR-A24K-01A,-0.070854545,0.041649513,0.16963753,0.109061874,-0.22236949,-0.018014276,-0.018635614,0.0169663,-0.13115399,-0.05820149,-0.008652733,-0.093341365,-0.06746914,0.3133669,0.2500569,-0.18289405,-0.059984624,0.27037728,0.028805165,-0.055027965,-0.08665369,-0.13988672,-0.21681513,-0.010862889,0.05161116,0.1544974,-0.28553024,0.016227879,0.08151117,-0.11912839,-0.051620588,0.092824444,-0.19976293,-0.17460547,-0.045639027,-0.18681031,-0.20135567,0.060157593,0.012115079,-0.04395233,-0.071913086,0.029279323,0.31547046,-0.19967604,-0.09434285,-0.024754196,-0.09462044,0.073956594,0.21786922,0.09174183
TCGA-AO-A1KS-01A,-0.071245775,0.051134944,0.17831719,0.009208291,-0.17937373,0.095778726,0.15433738,-0.032127485,-0.046096954,-0.09287464,-0.029160203,0.14387771,0.1559605,0.16698407,0.25854206,-0.12038822,-0.040468667,0.22900465,-0.06810062,-0.10049898,0.0012438857,0.040571794,-0.24079998,0.076033324,-0.11361344,-0.03306747,-0.1888417,-0.06804848,0.0006548009,-0.08825129,0.06972902,0.17006265,-0.06855789,-0.3191219,-0.03144597,-0.1466534,-0.08299891,0.10746342,-0.08171507,0.042464137,-0.14759375,0.30121365,0.32740244,-0.0418083,-0.15174992,-0.14121231,-0.108020805,0.23545913,0.012535453,0.10315343
TCGA-AR-A1AQ-01A,-0.059805408,-0.03913958,0.10499243,0.12074305,-0.15286972,0.08408275,-0.098463975,-0.022031752,-0.052785054,0.030873898,0.1853405,-0.049641006,0.07770919,0.21324454,0.0892591,0.038803946,-0.040043686,0.24387513,-0.15655404,-0.27497652,-0.014597557,-0.09617285,-0.05262699,0.13416658,-0.14695877,-0.0056004208,-0.30026618,0.028849617,0.051080883,-0.26828915,-0.1230774,0.23036712,-0.24067721,-0.3126942,0.010547276,-0.19577993,-0.10691333,0.031454355,-0.1007599,-0.034241736,-0.10488247,0.06272315,0.18139783,-0.05127695,-0.15472884,-0.06371649,-0.1381225,0.06646622,0.18403442,0.1629372
TCGA-E9-A1N3-01A,-0.19688508,-0.10456728,0.2736018,-0.09103356,-0.19260907,0.06684971,0.057816,-0.0419373,-0.036562525,-0.080072984,-0.12537688,-0.027951838,0.0384816,0.08480537,0.15002134,-0.08659587,0.07618401,0.3536022,0.00042803158,-0.21245018,-0.071956865,-0.08055791,-0.04455573,0.20378065,-0.1527483,0.117396995,-0.39997596,-0.07976613,-0.047412377,-0.09574371,-0.2475465,0.13532978,-0.18351471,-0.084079355,-0.053022314,-0.11856987,0.10285931,0.10268992,0.0069185263,0.04347251,-0.18324734,0.1733628,0.013593849,-0.19435604,-0.08825114,0.006154642,0.006944001,0.12840231,0.14702533,0.060753416
TCGA-BH-A5IZ-01A,-0.18635592,0.10714781,0.20294781,0.11642061,-0.16538937,0.33080435,-0.021293879,0.13437764,-0.28252414,-0.069813564,0.019922148,-0.030068172,-0.12592153,0.15911067,0.08750655,-0.10484608,0.025702141,0.22765642,-0.21340805,-0.23557316,0.026724882,-0.04517563,-0.016905792,0.05758538,0.042540003,0.02986049,-0.3198048,0.02486439,0.046809312,-0.28057316,-0.12845978,0.0779139,-0.17992702,-0.1823353,-0.07415959,-0.09237323,-0.090624936,-0.053602025,-0.13600063,-0.0015914605,-0.005483443,0.084742524,0.04066146,-0.20994253,-0.1103008,0.08415655,-0.11497905,0.11086199,0.12239233,0.08400599
TCGA-E9-A1NF-01A,-0.12628862,-0.12535591,0.1895889,0.08773542,-0.24946775,0.15122508,0.032664157,0.06779569,-0.24000102,0.0194672,-0.08816752,-0.049943984,0.018932072,0.20046286,0.21785355,-0.08223664,-0.023314865,0.19160457,0.081961244,-0.08330058,-0.067391805,-0.006467229,-0.10801468,-0.054398138,-0.13154052,0.021946492,-0.39482415,-0.08991698,-0.012474003,-0.034604564,0.14871961,0.17246632,-0.2574336,-0.068010636,-0.014636426,-0.21958575,-0.044871792,-0.04473986,-0.10022674,0.11806322,-0.15099564,0.17931688,0.13149303,-0.1620978,0.0127145015,-0.12617347,-0.12530597,0.16288029,0.123494126,0.21542668
TCGA-GM-A3NW-01A,-0.030428309,0.044849772,0.034603506,0.091356285,-0.021553297,0.11524149,0.082149975,0.04846828,-0.0094361715,0.09619706,0.038684223,-0.037796404,0.13287555,0.2694584,0.2546911,-0.09682928,0.13510075,0.22167985,-0.06575158,-0.15089354,-0.12303183,-0.06405455,-0.10973766,0.1284767,-0.0066164075,0.049169023,-0.40116826,-0.088931054,0.044623915,0.05686106,0.09569003,0.08011612,-0.25610092,-0.2069056,-0.12430593,-0.23662266,-0.19639146,0.10099846,-0.0015979912,0.014479352,-0.07456648,0.18770957,0.13908851,-0.10271805,-0.2677501,0.06320065,0.026987402,0.17423488,0.19761626,0.09046496
TCGA-BH-A0HA-01A,-0.34143898,-0.07594818,0.04722786,-0.025563158,-0.021635918,0.08805388,0.07889973,-0.07332564,-0.29673612,0.041017875,-0.035103887,0.08110712,-0.008521572,0.2578489,0.2419347,0.038446397,0.07959076,0.17422593,-0.047191303,-0.17103963,-0.0026545674,-0.09966129,-0.06991108,0.047851577,-0.056598324,-0.027336178,-0.35327637,-0.0939683,-0.025721475,-0.12709819,-0.03730368,0.16082437,-0.16254213,-0.177429,-0.19233143,0.0359656,-0.1387854,0.10939504,0.025427649,0.20898251,-0.045118887,0.13104217,0.13189904,-0.08920284,-0.027068274,0.0041121896,-0.052825566,0.11775669,0.3342635,0.13582814
TCGA-AO-A0JB-01A,-0.07956303,0.15494175,0.24348776,0.0444758,-0.024867421,0.18054847,0.05085896,0.11861537,-0.17575233,-0.1070965,-0.08671937,-0.0046132146,-0.07786934,0.24688357,0.19825655,0.05302805,0.006862669,0.25896135,-0.23579842,0.01640181,0.072007954,-0.02263898,-0.0732814,0.06559753,-0.089449525,0.077068046,-0.4808355,-0.0426307,0.075670846,-0.08507539,-0.12354436,0.15402403,-0.049868617,-0.117804945,-0.119513415,-0.093956254,-0.058840405,0.015502943,-0.13476229,-0.05266626,-0.19009465,0.19163941,0.14477876,-0.17701685,-0.005690874,0.08835422,0.079573564,0.17811137,0.10780997,0.12427656
TCGA-AO-A03L-01A,0.013671477,0.1273266,0.12934785,0.006175729,-0.20307487,0.15134776,-0.011963865,-0.00070399244,-0.071494006,-0.011835389,0.016975446,-0.043398138,0.025578786,0.3647386,0.049111553,-0.054311022,-0.09384286,0.17087658,-0.15499493,-0.2576433,-0.19767028,-0.032488402,-0.1656481,0.053750515,-0.090517566,-0.04139883,-0.23318891,-0.10623845,-0.115707256,0.0006918328,-0.13771863,0.13098244,-0.15206851,-0.37483308,-0.17933002,-0.10794067,-0.0760297,-0.009298144,-0.07788021,0.038874716,-0.07000439,0.1979877,0.07201904,-0.23766755,-0.16728123,-0.03657629,-0.01304561,0.18696064,0.10683127,0.17208079
TCGA-BH-A1F0-01A,-0.0485902,0.1074561,0.20377763,0.14934348,-0.23200868,0.052611217,0.09540992,0.03691566,-0.18169898,0.170663,-0.05536098,-0.0063487994,0.051159084,0.34602967,0.02318073,-0.002208572,-0.06942287,0.17996381,0.024150841,-0.18632646,-0.029259708,-0.09746564,-0.03222822,0.1754488,-0.16495208,-0.06390495,-0.31292978,-0.05810914,0.06340141,-0.2112188,-0.060688097,0.1654833,-0.14990121,-0.17819795,0.06608776,-0.16080384,-0.048752185,0.09665057,-0.11228265,0.17312835,-0.22294588,-0.046849683,0.073443756,-0.26551858,-0.07894373,-0.08121376,-0.053741846,0.15524997,0.16666797,0.077076234
TCGA-A2-A259-01A,-0.16015166,0.073578164,0.08625966,0.0942565,-0.1382258,0.0918198,0.004301773,0.020186441,-0.03251763,-0.06633649,-0.18279848,0.006901038,0.07347829,0.20258342,0.124253854,0.02174454,0.10275504,0.37419933,0.011110575,-0.21173805,-0.047061518,0.0013137956,0.03126033,-0.07163564,-0.035466697,0.021556508,-0.3874874,0.04710787,-0.16222632,-0.13589527,-0.006052249,0.15810676,-0.2969233,-0.2694378,-0.10469536,-0.0819427,-0.06326373,0.13476405,-0.03167775,0.034769915,-0.16059558,0.19870727,0.11534449,-0.23970206,-0.12814243,-0.1094445,0.01714911,0.14368522,0.08518293,0.012705074
TCGA-BH-A1EY-01A,-0.10430954,-0.005704379,0.13064347,0.12535128,-0.16187282,0.26148877,-0.02047358,0.077977106,-0.036131706,-0.09637979,-0.03365412,0.01977468,-0.013211827,0.2926035,0.16178426,0.043335944,-0.053784173,0.2750284,-0.050767884,-0.24167807,0.025477689,0.009328884,-0.08378453,-0.0029495978,-0.034177553,-0.14318703,-0.38895413,0.026025323,-0.022860125,-0.33191893,-0.06375936,0.12690704,-0.0113017075,-0.23970346,-0.12685265,-0.12507135,-0.085894465,0.06975243,-0.19512863,0.05779871,-0.021615122,0.011141761,0.09150084,-0.17349443,-0.14581989,-0.06998563,0.013871686,0.06891865,0.22272123,0.12138366
TCGA-A2-A1G0-01A,-0.26190254,0.0030290592,0.05700971,0.032328162,-0.16241759,0.104551196,-0.12288429,-0.04409441,-0.32152352,-0.027826812,-0.10473951,-0.012741189,0.0779937,0.27404034,0.16319107,-0.11499187,-0.10437792,0.16606043,0.016219744,-0.20903325,-0.042724513,0.1448936,0.030104704,0.080368884,-0.09788797,0.06238178,-0.43668163,0.024272379,0.02071727,-0.22147137,-0.05665359,0.0965792,-0.14346038,-0.07078633,-0.07955466,-0.0660274,0.0028856867,0.21920969,-0.121046275,-0.0023336888,0.013818605,0.06653806,0.08951232,0.028025594,-0.1652361,-0.25870118,0.033465203,0.12663957,0.18231966,0.0013182284
TCGA-BH-A0GZ-01A,-0.32581216,-0.10084039,0.1756482,0.1327595,-0.09802218,0.056822974,-0.04603653,0.008919776,-0.16923015,-0.035120033,0.025581451,0.10813409,-0.1483949,0.34274954,0.1931965,-0.10726211,0.06353145,0.06408177,0.028651206,-0.14617006,-0.06325989,-0.06603679,-0.0058699246,0.1768259,-0.08152456,0.073734775,-0.35019124,-0.033292837,0.05834459,-0.22629036,0.102944344,0.16186132,-0.19915643,-0.22406198,-0.10385505,-0.11287736,-0.10682058,0.08481906,-0.18120615,0.07623073,-0.15509231,0.026858412,0.20253272,-0.08094944,-0.11843828,-0.024597017,-0.057971913,-0.01635394,0.16109082,0.07200474
TCGA-AR-A24V-01A,-0.027322434,0.12236031,0.23193242,0.16306621,-0.18134136,0.15579878,-0.044563454,0.13510601,-0.07319085,0.15396656,-0.086257406,-0.06847836,-0.02322228,0.22060393,0.14097431,-0.06937465,0.059855867,0.21340254,-0.0022723814,-0.13992982,-0.037520614,0.08436268,0.013324387,0.124865316,0.003538585,0.0834372,-0.37696606,-0.04147006,0.054427415,0.059676625,0.117505945,0.10217559,-0.2074192,-0.19916594,-0.03863064,-0.3393977,-0.11869247,0.09927437,-0.15555535,0.11884715,-0.09891335,0.18712167,0.06593711,-0.2127754,-0.122574,0.011960745,-0.08615297,-0.07292181,0.20957573,0.094646834
TCGA-B6-A40C-01A,-0.042510152,-0.0241506,0.26062146,-0.00078584946,-0.12511446,0.15747355,0.024459055,0.0028122973,-0.10617647,-0.016891962,-0.12746099,-0.16236949,0.030279268,0.4257467,0.17350614,-0.10216572,0.07327913,0.34012452,-0.04406349,-0.19828738,-0.096853964,-0.10586785,0.058642514,-0.026493074,0.0010229012,-0.037884854,-0.3141406,0.05870392,0.042377595,-0.22834027,-0.15626329,0.123253636,-0.14708133,-0.22889175,-0.16957791,-0.20668931,-0.09093829,0.083842844,0.0047377925,0.05736172,-0.049085844,-0.08284865,0.16621667,-0.017871384,-0.010275957,-0.009119559,-0.020685628,0.09489446,0.122854486,0.039181672
TCGA-A2-A25D-01A,-0.03868113,-0.030017745,0.1629757,-0.15486789,-0.094532974,0.09681691,-0.058455825,0.008385804,-0.17152801,0.060707334,0.009840771,-0.144705,-0.17116337,0.18531626,0.24723294,0.18933724,0.0013275187,0.25200602,-0.04810918,-0.041675672,0.05474684,0.02318984,-0.09215422,-0.044106092,-0.16930272,0.06137964,-0.48767987,-0.034640215,-0.12617831,-0.073319845,-0.07116668,0.08793407,-0.23732328,-0.16626714,-0.022720255,-0.28227818,0.020575665,0.087035835,-0.066706255,0.08661537,-0.037764095,0.1397319,0.10433077,-0.08281886,-0.0071202554,-0.02925035,-0.16600615,0.06918793,0.23298545,0.11433414
TCGA-AC-A2FB-01A,-0.074774295,-0.16540483,0.0765332,-0.01209666,-0.0324985,-0.021814972,0.045290317,-0.04298361,-0.043889675,-0.04397007,0.029061038,-0.21493758,0.033498574,0.22531891,0.27160043,-0.14014955,-0.043360606,0.17586003,-0.1447228,-0.1474659,0.06615448,0.12863055,-0.018446375,0.24220031,-0.038163435,0.016071528,-0.3649759,0.12890947,-0.062301658,-0.12833397,-0.09517589,-0.02259932,-0.24095987,-0.3232934,-0.018197397,-0.25800788,0.022895772,0.028874667,-0.16866194,0.14614643,-0.0017229693,0.19657299,-0.030464629,-0.17426151,-0.023280004,-0.014176774,0.007535302,0.039239146,0.23685606,0.116232604
TCGA-E9-A245-01A,-0.17174692,0.07221925,0.26105446,-0.11536159,-0.14288104,0.14130382,0.034526978,-0.034592163,-0.11421456,-0.012152673,-0.16662675,0.053058244,0.067708835,0.25109592,0.15319866,0.050942134,0.017529491,0.24843028,-0.036040943,-0.2267685,0.067959666,0.03556944,-0.21007073,0.06380383,-0.10676244,0.040871378,-0.36773655,0.037711322,0.015619167,-0.13538964,-0.12291711,0.13317685,-0.20499454,-0.22581293,0.09106441,-0.16452862,-0.13146548,0.108598806,-0.18354477,0.05650422,-0.14871183,0.09999243,0.14583987,-0.09776993,-0.09165772,0.018132772,-0.10033356,0.0727622,0.20509507,0.100916654
TCGA-BH-A1ET-01A,-0.11004422,-0.0038981994,0.1434282,-0.017000059,-0.07894887,0.056649312,-0.01847793,0.0017664327,-0.2214618,-0.10270537,-0.18634282,-0.12521182,0.15628964,0.08277459,0.16356069,-0.04007127,-0.022111949,0.3059562,-0.032075632,-0.25722516,-0.02181664,-0.09476547,-0.080819406,0.12888747,-0.20495155,-0.008636822,-0.306207,0.062830485,0.08753756,-0.13102506,0.032148648,0.11775799,-0.31933212,-0.18467043,-0.18489748,-0.19934645,-0.09021534,-0.029258206,-0.05186247,0.09750687,-0.119612664,0.2027418,0.06339806,0.029497998,-0.02563294,-0.17052509,0.10520312,0.109181456,0.16593444,0.20598517
TCGA-E9-A2JS-01A,-0.08571495,-0.026970565,0.14426626,0.22465588,-0.070176326,0.21131924,-0.04426403,0.13928634,-0.08004496,-0.0065996638,-0.0013535196,-0.10085344,-0.009822382,0.26940215,0.15129438,-0.1649275,-0.079898976,0.16750331,0.09653381,-0.24291979,0.04946661,0.04029795,-0.07019011,-0.031313173,-0.04676616,0.14898294,-0.29578412,0.021788973,-0.06809198,-0.1961779,-0.069270566,0.03929723,-0.21335003,-0.28128356,-0.016495055,-0.13955852,-0.05484208,0.07672925,-0.029185547,0.107991666,-0.07344952,0.12780209,-0.03933893,-0.0059346547,-0.10690712,-0.098992586,-0.20506005,0.17176664,0.34682265,0.18324423
TCGA-HN-A2OB-01A,-0.15599544,0.05112712,0.014510126,-0.014992801,-0.17903818,0.09616405,0.06448075,0.010722232,-0.14214694,0.12641402,-0.15416329,0.043011528,0.009145683,0.3546529,0.2191621,0.06497166,0.05501558,0.3367965,-0.12987112,-0.16615142,0.005443671,-0.042381186,0.052365776,0.21565774,-0.104281195,0.11325616,-0.41838112,-0.01992949,0.038938902,-0.100762405,-0.10361307,0.10686732,-0.11693985,-0.26164097,-0.15857331,-0.2374249,0.01977322,0.098877676,-0.116675586,-0.05493417,-0.047035553,0.06918417,0.079250604,-0.05583796,-0.093674995,-0.0013693898,-0.03754434,0.019259226,0.15240557,0.038991645
TCGA-AR-A24R-01A,-0.031978153,0.12037582,0.22879754,0.21713772,-0.0128156105,0.12054696,0.13226418,0.18325453,0.12731324,-0.030489884,0.029320003,-0.16806225,0.00822988,0.1503615,0.066550106,-0.1456907,-0.0063574645,0.38300934,0.03614284,-0.16206622,-0.021298697,-0.005811734,-0.20255083,0.07755652,-0.098489344,0.034349114,-0.34980628,0.03805121,-0.13164747,-0.11073378,-0.123219356,0.11916134,-0.22007734,-0.21860877,-0.015055504,-0.27354252,-0.07663545,0.14276578,0.0002844275,0.08884094,-0.105099,0.092418104,-0.012415751,-0.17008127,-0.040889855,-0.101954594,0.08951027,0.09117516,0.07564117,0.144682
TCGA-AQ-A1H3-01A,-0.06700805,-0.07965082,0.1803382,0.08683636,-0.26029423,0.14692311,-0.0255981,-0.04913398,-0.21671386,-0.0999879,-0.07469172,0.1089285,0.17525332,0.2907512,0.15401946,-0.08768464,-0.04179854,0.32405725,0.010502937,-0.20957597,-0.03732577,-0.022467392,-0.07198518,0.08918371,-0.23085041,0.008451576,-0.1675239,-0.027345682,-0.15186039,-0.18783358,0.075676866,0.071516275,-0.14143191,-0.35240373,0.020725062,-0.14786816,-0.16681428,0.07502441,-0.14606708,0.042283107,-0.089454494,0.053518493,-0.05431914,-0.1110745,-0.06413601,-0.033779744,-0.018340116,0.17416608,0.14579453,0.109730005
TCGA-AR-A251-01A,-0.042344928,0.002245715,0.23654065,0.14089108,-0.09052757,0.06911833,-0.032133702,0.042339526,-0.11383319,0.045471475,-0.17745055,0.07066826,0.10210519,0.24272762,0.19547288,-0.115312904,0.08733677,0.16393104,0.0208555,-0.25771484,-0.03489654,-0.032007508,-0.22187854,0.1495469,-0.18232131,-0.0480426,-0.38078526,-0.09819513,0.011319503,-0.10437601,-0.08913194,0.24769787,-0.19007011,-0.13021801,-0.040358204,-0.21101202,-0.19222356,0.09580945,-0.011596619,0.0034816621,0.016157128,-0.061880328,0.16972592,-0.19729577,-0.15304857,0.05586117,-0.05724913,0.056305747,0.057116076,0.18696028
TCGA-AN-A0XN-01A,-0.038721632,-0.012946431,0.06603595,-0.02781145,-0.0913126,0.12029107,-0.09758843,0.037732445,-0.15661234,0.08990624,-0.15801919,-0.041507185,0.010612914,0.25981587,0.0052377027,-0.13138692,0.055243347,0.19772874,-0.015286831,-0.04082384,-0.02963127,-0.024575269,-0.12855756,0.071142875,0.0015465857,0.056566346,-0.2371346,-0.00817439,-0.009890241,-0.101113595,-0.058464736,0.24095458,-0.3556651,-0.24680987,0.004357051,-0.2080618,-0.2105639,0.22253108,-0.015017701,-0.048807923,-0.22916576,0.20651554,0.037043124,-0.06521725,-0.23602834,-0.12704742,-0.07836966,-0.085282914,0.30350187,0.10703763
TCGA-BH-A1FM-01A,-0.055995975,-0.009404396,0.14369553,-0.041000552,-0.266731,0.07321643,-0.03484268,0.2063859,-0.10656549,0.046550997,-0.2590438,0.124934986,0.019274184,0.2329621,0.13506474,-0.14393076,0.05886027,0.28539765,-0.008058938,-0.12959372,-0.02411941,0.005756495,-0.119557485,0.01601108,-0.113897376,-0.018245123,-0.26042464,0.06699587,-0.07627495,-0.13511813,-0.064865105,0.14962757,-0.21348803,-0.18910882,-0.23798756,-0.22799817,-0.124066375,0.19609964,0.026222339,-0.036041923,-0.031005502,0.17362271,0.18210468,-0.05980809,-0.07578605,0.0041318615,-0.10452963,0.2569871,0.118993044,0.023215646
TCGA-AR-A24W-01A,-0.25193092,0.12897643,0.20164427,0.083223455,-0.077283576,0.17192143,0.042173203,0.14811131,-0.14308667,-0.099403456,-0.020063637,-0.10525465,-0.030399458,0.2844258,0.20095064,-0.033750456,-0.0016883747,0.3560715,0.029138744,-0.023604736,0.022365285,0.12037658,-0.023022767,0.043783102,-0.077375524,-0.014886405,-0.37142292,0.022734454,-0.069854766,0.016621402,0.0063232086,0.12611054,-0.19897918,-0.24444973,-0.0504433,-0.15112476,-0.22691827,-0.015584374,-0.035364322,0.06222756,-0.10770257,0.14591305,0.12876275,-0.043035667,-0.18212149,0.09359136,-0.017040793,0.17420562,0.17602158,0.003297995
TCGA-A2-A0EN-01A,-0.033648416,-0.08397556,0.0373476,-0.059820287,-0.19601594,0.26760668,0.061624512,0.10478836,-0.100714736,-0.05453112,0.020506032,-0.014647458,0.07117436,0.10096061,0.19996196,-0.043507677,-0.013868858,0.185902,-0.08642187,-0.22843292,-0.02662014,-0.0060954434,-0.044126168,0.10363389,-0.033262987,-0.016043171,-0.38867635,-0.10366961,0.14863189,-0.21731344,0.024692949,0.14770773,-0.22176458,-0.22224508,-0.2817749,-0.23794602,-0.10080905,0.18719628,-0.085084066,-0.12427179,-0.00843493,0.17733572,0.07849672,-0.0735047,-0.009783418,-0.07397511,0.068251744,0.12715091,0.12311908,0.20314825
TCGA-E2-A1IN-01A,-0.21158913,0.18625869,0.36132345,0.13038465,-0.1273199,-0.02019867,-0.012884784,0.09871146,-0.10148271,-1.5388247e-05,0.024122,0.0625367,0.116789296,0.14370789,0.21564277,-0.05769453,0.0046110284,0.28307605,0.08572962,-0.15399906,-0.137744,0.02817114,-0.14669888,-0.004791668,0.06886409,0.119500466,-0.27742237,-0.027587928,0.0204322,-0.21038076,0.019577041,0.09242124,-0.20454453,0.01522891,-0.023656014,-0.27341804,0.029279092,0.16423254,-0.106479295,-0.020587806,-0.042152315,0.14147137,0.077376254,-0.061288986,-0.14943199,-0.1604259,-0.07515565,0.09750249,0.26361907,0.15307787
TCGA-D8-A1XG-01A,-0.2913365,0.11906241,0.08359125,0.039961636,-0.024278397,0.04610699,0.0050606006,0.027579747,-0.1932177,0.06312608,0.023694789,0.05615302,-0.09664713,0.25439644,0.033967156,-0.05602144,0.104697235,0.20351312,-0.04624885,-0.18872008,-0.1295898,0.0040084235,-0.13402238,0.17138049,-0.20839067,0.055076893,-0.43343657,-0.07024975,0.14912261,-0.14899139,-0.1483955,0.109763205,-0.24502338,-0.2107963,-0.13453864,-0.12110866,-0.007887672,0.13398989,-0.06480046,0.06748733,-0.18559703,0.11227758,0.047659654,-0.06737829,-0.08893073,-0.03643997,-0.036773708,0.15683898,0.19355555,0.053953502
TCGA-EW-A6SB-01A,-0.075741,0.05496261,0.26010007,0.1918955,-0.123315826,0.08892974,-0.028484749,-0.006432853,-0.213085,-0.051072124,-0.054673392,-0.09401753,0.077685684,0.28435373,0.08405399,-0.03280936,0.08089786,0.07840952,-0.015569622,-0.118498825,-0.062313393,0.075628445,-0.04869633,0.038503006,-0.15051349,-0.034166183,-0.3794563,-0.12277064,0.030279119,-0.21027212,-0.15713346,0.18103518,-0.25373998,-0.127726,0.02335491,-0.27127382,0.0008447721,-0.019036666,-0.012054119,0.016283795,0.01485698,0.21753933,0.046072003,-0.15426145,-0.07592636,-0.13274159,0.0118909925,0.01391026,0.16687734,0.31839365
TCGA-E9-A1RD-01A,-0.18007106,0.0870301,0.12932041,-0.010290343,-0.16632046,0.22075307,0.020218085,0.02401091,-0.186196,-0.12066304,-0.10259941,-0.05785048,-0.031155365,0.20618454,0.18897778,-0.08013424,0.108920045,0.21348666,0.004372088,-0.093406685,0.010437219,0.0536667,-0.00930504,0.08787476,0.03598658,0.0267577,-0.3250042,-0.0010477016,-0.03744127,-0.019194275,-0.22082804,0.084267214,-0.13992119,-0.12121105,-0.07263987,-0.3330693,-0.12961127,0.039579485,-0.049220815,-0.043669038,0.025810739,0.12942961,0.14916787,-0.24772564,-0.2264863,-0.106113546,-0.2948281,0.091861494,0.19766456,0.060087733
TCGA-C8-A1HO-01A,-0.18291129,-0.03353534,0.16896175,0.107108526,-0.09653157,0.12322818,-0.050768193,-0.048324622,-0.17822263,-0.010558394,-0.12583849,-0.006568873,0.048009932,0.34111044,0.01847399,-0.14848863,0.07939191,0.21570556,0.005163067,-0.30825013,-0.11675746,0.18420197,-0.012225145,-0.027121287,-0.11824992,0.034241144,-0.31288144,0.040100724,-0.01842981,0.0323715,-0.09109873,0.12680216,-0.17297934,-0.26466036,-0.11325312,-0.21226458,-0.17995219,0.009919252,0.003046353,0.10047962,-0.19928789,-0.011374786,0.049958307,-0.23133782,-0.06412277,-0.051773675,-0.020508243,0.17623997,0.18763809,0.02556969
TCGA-B6-A1KN-01A,-0.17915799,0.05959367,0.00080312305,0.172736,-0.10583318,0.15819763,0.0533592,0.09354544,-0.2181542,0.120091915,0.0038807746,-0.053685706,0.09971154,0.30464926,0.2869459,-0.1101686,0.094059065,0.19777444,-0.034713335,-0.075657025,-0.22863552,0.08359298,-0.0847066,0.024118423,0.0727654,0.11391629,-0.25514612,-0.048198704,0.085546866,-0.2123572,-0.073395595,0.054704946,-0.15044038,-0.23808953,-0.019936932,-0.20015202,-0.16414963,0.12748763,-0.095521614,-0.03587766,-0.06324035,0.13087568,0.05493951,-0.08151244,-0.12099834,0.013910615,0.025587212,0.060251884,0.30590585,0.1981818
TCGA-BH-A208-01A,-0.21678667,0.08954312,0.15083456,0.26172173,-0.16345617,0.21874668,-0.036774494,0.08217711,-0.19304551,0.15120196,-0.06664063,0.0007124997,-0.0048729572,0.1452529,-0.08699842,0.027791321,0.04550744,0.28300655,0.03274994,-0.08315866,-0.05621591,0.03862589,-0.11234688,-0.0010400148,-0.068748035,-0.04009726,-0.38199872,-0.01580732,-0.019734498,-0.11799545,-0.046232518,0.10587669,-0.2611461,-0.1262745,-0.08997602,-0.18780808,-0.14075963,0.07275712,-0.07673057,0.13139111,-0.1005125,0.16586879,0.05188016,-0.12491134,-0.18106075,-0.1133014,-0.025882332,0.038216807,0.2887603,0.1631725
TCGA-BH-A1F6-01A,-0.16769499,0.05086725,0.24971695,-0.03024864,-0.19706042,0.32705656,0.0027894697,0.087608695,-0.1509727,-0.13699174,0.0022097942,-0.12903045,0.11643615,0.16874984,-0.008083569,-0.17572859,0.09884774,0.20796578,0.042490184,-0.058137104,-0.09054705,0.020584296,-0.19283576,-0.016983185,0.035386447,0.035298355,-0.44738623,0.08006104,-0.06373487,-0.15683115,-0.11600901,0.09765272,-0.13032748,-0.12891254,0.04923214,-0.16922252,-0.017444648,-0.08898465,-0.08576568,0.09647652,-0.075435385,0.14012109,0.15403193,0.03700252,-0.16997012,-0.08829552,-0.06190238,0.13816808,0.07880076,0.22480696
TCGA-C8-A26X-01A,-0.15059865,0.08261869,0.20630957,0.31791624,-0.28178284,0.09376785,-0.0774461,0.13020004,-0.20870236,0.004215123,-0.20501213,-0.04450011,0.050793447,0.12262388,0.10997365,-0.064651065,0.09057298,0.25916436,0.119633496,-0.1497131,0.04416259,0.005680793,-0.15304352,0.08346822,-0.158657,0.06438043,-0.2543922,0.03298177,0.018001184,-0.13196257,-0.0070731016,0.021618223,-0.119394675,-0.22732283,-0.03813564,-0.18919303,-0.030304007,0.16540743,-0.1341363,0.020192437,-0.14842811,0.16226931,0.16711044,-0.2181588,-0.062584184,-0.13930388,-0.15569781,0.052499317,0.04406019,0.10196527
TCGA-EW-A1P8-01A,-0.1645119,-0.015689248,0.1725854,0.18530895,-0.03532945,0.15627448,-0.008249875,0.041272897,-0.08500465,-0.13515018,0.0056192297,-0.057469785,0.12914196,0.21624078,0.21187171,-0.03443301,0.117860794,0.14920177,0.0575945,-0.18887159,-0.11286783,0.119052574,-0.10612176,0.2567644,-0.006926549,0.056078598,-0.3189671,0.039107844,0.014715622,-0.24472135,-0.16641463,0.3209976,-0.15091379,-0.15621294,-0.043426573,-0.11715933,-0.1593588,0.038278125,-0.092900306,0.23822375,-0.056397956,0.078627236,0.1408139,-0.05061588,-0.07120546,-0.13134427,0.033172924,0.047405593,0.20928913,0.09991859
TCGA-C8-A26Z-01A,-0.17700098,0.08071736,0.21031299,0.0143544,-0.09015752,0.06278806,-0.023838395,0.008879793,-0.10088262,0.024764296,0.049952257,-0.03340091,0.013903223,0.29035535,0.13131498,-0.08802412,-0.05967869,0.31098956,-0.10973817,-0.0535779,-0.08814547,-0.06255928,-0.08364555,0.07016551,0.01321296,-0.025613552,-0.33819702,0.034670603,-0.13211358,-0.11512743,-0.06758307,0.20444818,-0.28401116,-0.072677836,0.06271321,-0.26142898,-0.050047975,0.13536759,-0.10943534,-0.20268978,-0.07906049,0.2543249,0.13105085,-0.17818528,-0.14587691,-0.08183214,-0.041138224,0.15794368,0.17015566,0.11530447
TCGA-B6-A0RU-01A,-0.11752994,0.044331823,0.27604857,-0.008799642,-0.08287769,0.23051606,0.039598234,0.0491185,-0.16304903,-0.050889537,0.16864333,-0.18777859,0.055249408,0.17054302,-0.024379913,0.037821192,-0.03271466,0.116436236,-0.108268596,-0.18280515,-0.107309826,0.002571285,-0.1703728,0.0054893214,0.025553884,0.041843206,-0.45147434,0.058428623,0.07007557,-0.32350367,-0.15998098,0.19239986,-0.12635855,-0.16021582,-0.04267663,-0.1756396,-0.01509962,0.03097807,-0.12556928,0.10429109,-0.004717106,0.2150842,0.120775245,0.014570242,-0.1410778,-0.03393066,-0.06236492,0.04772538,0.18435429,0.101574145
TCGA-AC-A2FG-01A,-0.082811214,-0.057243727,0.02188392,0.05282038,-0.21213427,0.17658643,-0.016140204,0.074501514,-0.12775007,-0.14891447,-0.07925685,-0.108882084,0.05150042,0.19516133,0.21235594,0.098261915,-0.0025549405,0.2568862,0.13528416,-0.30440712,0.10203355,0.052061968,0.041613434,0.12159138,-0.069294326,-0.025011897,-0.30770627,0.055126745,-0.065973684,-0.18464024,-0.023606926,0.1941775,-0.16577719,-0.14221844,-0.14837462,-0.10988024,-0.15164554,0.26813743,-0.023050332,0.058743563,-0.091405556,0.16624895,0.19527358,-0.08716461,-0.19720404,-0.18852364,-0.035571333,0.019310288,0.16549088,0.013048626
TCGA-PE-A5DD-01A,-0.11658754,-0.0980842,0.21644768,-0.02459349,-0.236939,0.20278253,0.067188285,0.056935117,-0.20114054,-0.055861868,-0.06620294,-0.091612116,-0.06944628,0.23052567,0.024229685,0.1469608,-0.048651572,0.37130302,0.0033902666,-0.031016814,-0.05711245,-0.110457815,-0.14309558,0.11197845,-0.10266104,-0.0074213874,-0.3489965,0.051559877,0.025079168,-0.25653586,-0.001962287,0.046668768,-0.041587364,-0.3189427,-0.14092295,-0.14092602,-0.16548172,0.03662321,-0.047314633,0.07780235,0.01744948,0.10985846,0.06376048,-0.08360056,-0.12099053,-0.021882867,-0.13981612,0.1595828,0.16806531,0.049577832
TCGA-AR-A1AS-01A,-0.12600112,0.14966747,0.1455109,0.08505351,-0.023743147,0.07092104,-0.08563835,-0.004962695,-0.0668738,-0.0065558315,-0.06044706,-0.028563052,-0.027472122,0.11860856,0.102701426,-0.020399168,0.09132366,0.37900415,0.07397284,-0.17478073,-0.054046363,-0.10739468,-0.18988012,0.219615,-0.0033164748,0.0009976901,-0.280099,-0.06758683,-0.10988897,-0.04520236,0.033026733,0.12589855,-0.2897201,-0.2935852,-0.08219004,-0.2287998,0.02145455,0.11808061,-0.21716668,0.090664834,0.06409881,0.14236622,0.072489165,-0.14482878,-0.054130923,-0.17288697,-0.0011052418,0.12858528,0.29148337,0.02843529
TCGA-OL-A5RU-01A,-0.27973387,-0.11632157,0.25902936,-0.0022780108,0.045015246,0.05485722,0.030658413,0.07233219,-0.08540562,0.028655816,-0.1788257,-0.10280028,0.07317385,0.23813884,0.08455632,0.0076995185,-0.013106887,0.21667211,-0.05038808,-0.10444852,-0.0685079,-0.11675974,-0.131988,0.17717591,-0.2009332,-0.02373799,-0.45143098,-0.15588284,0.022418488,-0.080804616,-0.13582943,0.18086839,-0.119167656,-0.077748485,-0.06654854,-0.17960453,-0.02242287,0.13719508,-0.107153594,-0.105955884,0.035143297,0.12319935,0.14495453,-0.20435862,-0.055720713,-0.059016153,-0.048494484,-0.056512196,0.2526444,-0.03050759
TCGA-B6-A0X5-01A,-0.16004671,0.072764084,0.24636045,-0.04317961,0.0024197625,0.27341732,0.10025967,0.13366418,-0.19623673,-0.107747436,-0.05845431,0.06918455,0.070382796,0.23718563,0.09395553,0.14377229,-0.0045765415,0.30630845,-0.031826347,-0.06500074,0.06686346,-0.011870639,-0.014972791,0.17822309,0.0066741076,0.025498582,-0.2803072,-0.10835904,-0.035617482,-0.14825715,-0.026731368,0.056789465,-0.2168756,-0.16680183,-0.18672514,-0.29166114,0.011396317,0.11441063,-0.055006865,-0.10063798,-0.13964742,0.257311,0.07381331,-0.058298875,-0.07430065,-0.027311476,-0.016307738,0.17621985,0.20226483,0.08199065
TCGA-AN-A0XS-01A,-0.214706,-0.024437862,0.17724366,0.14192714,-0.06786306,0.08707341,0.018914692,0.090268895,-0.098821186,-0.014335526,-0.04391743,-0.13366632,-0.03389,0.24081601,0.09164014,-0.16488029,0.031822767,0.21295694,0.009568352,-0.23523872,-0.010913583,0.048123162,-0.08246959,0.25704896,0.13716622,-0.121733725,-0.36610994,0.019374391,-0.025621207,-0.091314256,-0.14014296,0.018310161,-0.116897844,-0.13449578,-0.066057466,-0.23766945,-0.18364292,-0.0023590706,0.030381782,0.0035198932,-0.043675948,0.28171447,0.08420678,-0.043075953,-0.2803102,0.08349544,-0.1795226,0.076014176,0.16245039,0.122531615
TCGA-LL-A7SZ-01A,-0.055976458,0.021899167,0.1970274,0.11383548,-0.08740823,0.031673238,-0.01868393,0.15191741,-0.24636231,0.014791929,-0.15609239,0.13310489,-0.07879581,0.2423129,0.16055459,-0.17510596,0.08636796,0.26344067,-0.01092227,-0.07085736,-0.026181003,-0.04459921,-0.14061822,0.03898971,-0.016648421,0.07534669,-0.21934372,-0.046311226,0.09064358,-0.13723926,-0.05808524,0.19288935,-0.24480225,-0.15144567,-0.10445624,-0.23517884,0.015141781,0.22505929,-0.16379794,-0.054216392,-0.15081048,0.095147684,-0.01485354,-0.23832174,-0.085890256,-0.011611614,-0.05711257,0.16097265,0.11878336,0.2983677
TCGA-S3-AA17-01A,0.028571723,-0.0036020388,0.12338422,0.105613306,-0.14490403,0.1175982,0.04850286,-0.030024564,-0.0277457,-0.13516998,-0.06953769,0.023928057,-0.14659648,0.2559537,0.096147984,-0.25532728,0.18460539,0.25340298,-0.08190106,-0.04476874,-0.052502792,0.025104703,-0.055869207,0.06937686,-0.05660119,0.047835667,-0.41353953,-0.018478785,0.03598848,-0.19655001,0.0023475382,-0.07651908,-0.14429086,-0.26217806,-0.054971423,-0.26886016,-0.08126085,0.05473995,-0.20305495,-0.04133201,0.004323318,0.066293634,0.24453701,-0.07835025,-0.19652955,-0.013634363,-0.12388079,0.11307055,0.1878122,0.13376519
TCGA-AR-A1AJ-01A,-0.21105029,-0.065826625,0.18416321,0.10344142,-0.1550244,0.080425724,-0.10343796,0.11612279,-0.09995983,-0.032989424,-0.089821845,-0.13392033,0.094310425,0.2384734,0.2018823,-0.077768534,-0.07469669,0.2153971,-0.13902195,-0.11622104,-0.1007594,-0.050479595,-0.20053677,-0.01977989,-0.17956217,0.078106284,-0.36036363,-0.06471981,0.08479934,-0.18421805,0.060810693,0.09953355,-0.26230344,0.011371385,0.025557391,-0.14312825,0.040108763,0.15316172,-0.061558545,0.08740417,-0.1755727,0.1468728,0.20776133,-0.06919971,-0.098248854,-0.018868279,-0.2037272,0.07516188,0.033119638,0.22749007
TCGA-EW-A1IZ-01A,-0.10276851,0.05824867,0.19011891,-0.013141973,0.0054600555,-0.0075925016,-0.02807041,-0.016539034,-0.16251461,-0.14966889,0.0274836,-0.11757507,-0.16406658,0.23885317,-0.0120403,-0.040218744,0.1551574,0.27405456,-0.18657677,-0.1553192,0.07843486,-0.03991606,0.039559077,0.07163171,-0.19471888,0.005258263,-0.30075777,-0.08485775,0.02449038,-0.17213403,-0.0027321863,0.10274046,-0.17973085,-0.24763633,0.054247733,-0.10368008,-0.05609938,0.16525161,0.05990335,0.05155543,-0.10438669,0.13590316,0.18741867,-0.2047753,-0.17556907,-0.07268127,0.04250523,0.037504945,0.20604253,0.34393135
TCGA-A7-A5ZW-01A,-0.08401105,-0.07935486,0.27852008,0.03598771,-0.09381095,-0.019646335,-0.1031065,-0.027553225,-0.28503272,-0.03584454,-0.07575112,-0.032188855,0.106724516,0.106856264,0.13034225,-0.040751074,0.06456331,0.16636012,-0.009071276,-0.31478834,0.0075941468,0.030229103,-0.0819778,0.06062372,-0.2307964,0.20876259,-0.35055053,-0.08491024,-0.10038206,-0.22487244,0.09056719,0.033130128,-0.263851,-0.19011801,-0.242793,-0.17481792,-0.044655707,0.08267331,-0.10197086,-0.038050387,0.06332469,-0.02936324,0.14746653,-0.14767489,0.016470242,-0.073921606,-0.04392853,-0.05234364,0.15224256,0.13859661
TCGA-AR-A1AW-01A,-0.22121091,-0.09707456,0.11966458,-0.007962068,-0.16846846,0.10331823,-0.02999289,0.11569302,-0.15468928,0.069815636,-0.06820759,-0.18490419,-0.17185771,0.27218026,0.1679569,-0.18083075,-0.029870085,0.15034057,-0.087279774,-0.26321858,0.08162978,0.024583539,-0.07295843,0.08617269,-0.019129364,-0.027371308,-0.3551858,-0.06760956,-0.07562007,-0.16294648,-0.14068851,0.13333729,-0.20691743,-0.21566238,-0.1442148,-0.009916946,-0.087915994,0.0816465,-0.051783234,-0.0077684578,-0.25794858,0.13809007,0.058047075,-0.13739805,-0.12069497,-0.077107824,-0.016455682,0.072703,0.18263626,0.15814961
TCGA-D8-A1JG-01B,-0.21475762,0.034348965,0.17643279,0.008645175,-0.078928344,0.082799405,0.20236427,0.03204295,-0.17914394,-0.09522221,-0.12711556,-0.1140101,0.068818934,0.2431067,0.22339587,-0.06413792,0.07175596,0.22349082,-0.07253608,-0.1909808,0.006348093,-0.0090729585,-0.057926398,0.10775199,-0.0056347726,0.056900498,-0.42976606,0.05308837,-0.032059487,-0.17045397,0.025629444,0.07338238,-0.1382688,-0.10816008,0.07292958,-0.20839398,-0.07992731,0.06780042,0.044959825,0.2547748,-0.03316317,0.1947902,0.10235311,0.030472908,-0.11337275,-0.07890117,-0.094408415,0.24140356,0.14691553,0.15378007
TCGA-D8-A1X9-01A,-0.0701363,-0.12523319,0.26877397,0.14459363,-0.14823018,0.19904478,0.058979664,0.057220608,-0.10057874,0.16295771,-0.065346256,-0.028084869,0.025194004,0.29190403,0.19300765,0.06577938,0.029756855,0.39246568,0.05142804,-0.1776291,-0.055182178,-0.035761278,0.044149008,0.16280809,-0.14722848,-0.07385131,-0.3557361,0.04548339,0.0030404562,-0.13362801,-0.12375698,0.08724382,-0.13390483,-0.15754652,-0.015544309,-0.029611532,-0.02078404,0.09955028,-0.11517387,0.0003107397,-0.078425914,0.18745092,0.08006794,-0.16031511,-0.027735317,0.07708752,-0.0799993,0.13769187,0.0041006804,0.23949684
TCGA-OL-A66P-01A,-0.19895019,0.0050683822,0.24106045,0.0817967,-0.11201337,0.18449,0.07713308,0.03890941,-0.11078588,0.15779945,-0.13366108,-0.13264081,0.05634014,0.24554151,0.14491671,-0.04339679,0.023840774,0.16676946,-0.22306585,-0.22239879,0.028663522,0.08853224,-0.12963274,0.021577641,0.047224544,-0.018060971,-0.466465,-0.07440697,0.0044968217,-0.28745034,-0.025282122,0.059982285,-0.14551547,-0.16837893,-0.12596467,-0.036609042,-0.020408947,0.050248154,-0.012653073,-0.0403183,-0.11026473,-0.011097694,0.20415014,-0.06973214,-0.08972491,-0.012279508,-0.05466495,0.10269136,0.16793588,0.19038557
TCGA-E9-A22B-01A,-0.13040876,-0.1311315,0.20025767,0.11749737,-0.13575195,0.01733734,0.019988341,-0.0008521907,-0.15603822,0.009603755,-0.0013607627,-0.1060376,0.06687938,0.1563401,0.2775592,-0.044898067,0.15829332,0.14292762,0.13066036,-0.24038784,-0.12252975,0.043182395,-0.1562079,0.018432654,-0.08475654,-0.08388808,-0.44082513,-0.008116714,0.008687148,-0.07043354,-0.0031344676,0.11242098,-0.17881942,-0.17293577,-0.070661776,-0.17634314,-0.16662472,0.008568447,-0.06882855,-0.045233026,-0.17706458,0.21583049,0.10604454,-0.01179112,-0.1308857,-0.14317939,-0.1469099,0.18143098,0.1010044,0.19130453
TCGA-V7-A7HQ-01A,-0.13577652,-0.06821004,0.15279122,0.086178415,-0.013086112,0.1724933,0.09396186,-0.014405043,-0.082618296,0.10271347,-0.31115946,0.057187244,0.031335697,0.22473553,0.22699727,-0.09728517,0.011661818,0.2830796,-0.022147454,-0.16774358,0.051146988,-0.06883385,-0.023656687,0.04675056,-0.025157496,0.06912994,-0.27194718,-0.081401125,0.10663474,-0.1493879,-0.038058415,0.19265425,-0.20098138,-0.20716278,-0.070685506,-0.2023711,-0.025150584,0.12130229,-0.13467835,0.13183278,0.016814737,0.09960577,0.23424779,-0.037009083,0.10721892,-0.016773436,-0.16987023,0.13042343,0.24398336,0.19038612
TCGA-S3-A6ZH-01A,-0.19955441,0.0038345864,0.2252105,0.124444745,-0.28315488,0.06754915,-0.06543619,0.17535388,-0.10467122,-0.123105176,-0.20696165,-0.22069517,0.12929036,0.10410819,0.062468562,-0.16563521,0.09300428,0.20918426,0.002342664,-0.14072163,-0.02923337,0.018308656,-0.0868735,0.06758061,0.028028822,0.045001175,-0.3299604,-0.04363896,0.06986581,-0.18341129,-0.044156425,0.07237902,-0.29618278,-0.074083716,-0.27450308,-0.2575608,-0.018982623,0.09848492,0.045459393,0.1037317,0.01856052,0.05381804,0.06081173,-0.13654672,-0.11773929,-0.033899702,-0.021429261,0.14148922,0.058941446,0.17461176
TCGA-E9-A1N4-01A,-0.2485915,-0.011610543,0.13108757,0.11593615,-0.061372515,0.18129966,-0.049052466,0.25575003,-0.060202863,-0.0031081697,0.08437049,-0.0675125,0.02630834,0.30107513,0.20219316,0.17725213,0.04839282,0.34004748,-0.105009794,-0.15804419,0.06162854,-0.00033393077,-0.07342196,0.14668205,-0.22049016,0.1402624,-0.34102127,0.046168894,-0.01285593,-0.14579567,-0.017536825,-0.03215837,-0.09540395,-0.14598256,-0.1456636,-0.11389026,-0.093619026,-0.013327236,-0.005436572,0.12058268,-0.072120056,0.21184133,0.13437714,-0.15084524,-0.15688796,-0.04469335,0.017923962,0.025286175,0.1328131,0.07526502
TCGA-C8-A8HQ-01A,-0.30100036,-0.073414065,0.1188947,-0.021930603,-0.31815377,0.13800451,0.024959331,-0.097697936,-0.09093206,0.111754596,-0.033389024,-0.11438111,-0.010568292,0.2360577,0.1499524,-0.09083306,0.009911936,0.25508356,-0.0352816,-0.3103341,-0.07354185,0.0043787323,-0.1782781,0.13231012,-0.07472458,0.1573934,-0.24976903,-0.061339404,0.11106705,-0.14942795,0.00810302,0.09688493,-0.21791558,-0.045579277,-0.05540195,-0.15953928,-0.19395858,0.1397586,-0.12346297,0.05079054,0.052932598,0.053219575,0.07551791,-0.057039894,0.0024901784,-0.08334927,0.063444376,0.112481296,0.17504217,0.23969258
TCGA-UU-A93S-01A,-0.1389873,-4.649104e-06,0.31946483,0.052755926,-0.13927174,0.12481391,0.10301393,0.032702275,-0.10135889,-0.074160986,-0.00077119144,-0.016437327,-0.0031662274,0.29969072,0.20964935,-0.10619353,0.06895205,0.33042684,-0.0915774,-0.13175507,-0.14354518,0.0893125,-0.05997769,-0.019528227,-0.044270698,-0.09226154,-0.3363212,0.012258954,0.03442073,-0.19319262,-0.057442732,0.08735864,-0.09882345,-0.19336365,-0.1687472,-0.33739388,0.0016061241,-0.077565536,0.05275607,0.0896685,-0.11730983,0.08357308,0.047983333,-0.049843926,-0.18148379,0.0035219854,0.048526768,0.08057664,0.1881376,0.11677631
TCGA-BH-A0W4-01A,-0.038941745,0.040591072,0.29867125,0.01830857,-0.14634074,0.15406182,0.005573952,0.035917312,-0.069093145,-0.11364123,-0.019320939,0.038869347,-0.059167422,0.23506498,-0.029262483,-0.033434156,0.08213573,0.30029646,-0.13028064,-0.23453319,0.07179149,-0.08516439,-0.17907378,0.10215404,-0.1622582,0.10534256,-0.36896512,-0.022355633,0.08260249,-0.23310266,-0.047762413,-0.013879854,-0.19134185,-0.12695603,-0.1443524,-0.20898063,-0.040036734,0.17787315,-0.12566365,0.04991887,-0.21109602,0.044368986,0.2454805,-0.054985825,-0.07987156,0.012288274,-0.03294156,0.059124522,0.16944915,-0.024724642
TCGA-E2-A1LK-01A,-0.15430886,0.03586725,0.19387108,0.19793689,-0.20500803,0.2155216,-0.087935336,0.22461899,-0.119461745,0.007399458,-0.13657723,-0.007049437,0.11186686,0.29126108,0.07052591,-0.06879536,0.062028393,0.27616584,0.009515027,-0.128858,0.09376676,0.11011401,-0.06427549,-0.0857041,-0.06519519,0.16648635,-0.29599914,0.056863308,0.060089007,0.005546345,-0.14277212,0.15327136,-0.040083263,-0.1566489,-0.080527134,-0.28803918,-0.10545272,-0.034449186,-0.0786122,0.009062895,-0.027741525,0.064952254,0.11448616,-0.09038276,-0.121541716,0.15654117,-0.21356675,0.079822555,0.16708802,0.1795643
TCGA-OL-A66K-01A,-0.21907899,0.0018093603,0.17326105,0.114441104,-0.07811543,0.18299426,-0.084219754,0.026977487,-0.08204849,0.002048074,-0.06829931,-0.13479675,-0.105761044,0.13035563,0.07897182,-0.23056753,0.11146949,0.21376406,0.22839887,-0.092264034,0.06992205,0.1174326,-0.046087686,0.08377123,-0.08882188,-0.103834495,-0.3345351,-0.057983346,0.11989428,-0.16454008,-0.13652474,0.105295874,0.039369933,-0.1849357,-0.043622352,-0.26847363,-0.0330016,0.13971718,-0.022465453,0.1803945,-0.20471226,0.18720244,0.07130067,-0.035658136,-0.2137405,0.10456228,0.00016637692,0.06993579,0.21087569,0.19978192
TCGA-OL-A5RX-01A,-0.33112353,-0.026900526,0.05896014,-0.13004753,-0.11634363,0.2221813,-0.0011286755,0.018529613,-0.24758701,0.0023614767,-0.07715975,0.02413661,-0.014078467,0.2469568,0.05291961,0.0008454985,0.11387553,0.28642774,-0.08695002,-0.29155657,0.02561206,-0.006878599,-0.18956633,0.049979173,-0.039684962,0.04292894,-0.2864681,0.043914124,-0.06181084,-0.13942789,0.052227363,0.14691348,-0.26200294,-0.22192925,-0.010318853,-0.16572443,-0.1690434,-0.0010607226,0.006197827,-0.0047692326,-0.049926877,0.077672325,0.00548607,-0.15590881,-0.18806708,0.018570505,0.036955774,0.038837142,0.16666618,0.197845
TCGA-UL-AAZ6-01A,-0.052645598,0.070736855,0.2167545,0.034103766,-0.109748945,0.1670455,0.019924836,0.0038573227,-0.15161477,-0.040670555,-0.036932938,0.114172734,-0.033736344,0.1911415,0.15710822,-0.12766704,0.009716535,0.20883653,-0.007840724,-0.10661611,-0.016928086,0.1823049,-0.21319723,-0.10717454,-0.0017838897,0.03280773,-0.4075782,0.05048523,-0.015959414,-0.124826044,-0.011454116,0.14878403,-0.269084,-0.14051604,-0.08101526,-0.28793007,0.047528192,0.13862999,-0.15979739,0.06730112,-0.15923999,0.13094124,0.10545394,-0.15843104,-0.2778604,-0.04853081,-0.032996446,0.12341782,0.1162566,0.106261946
TCGA-3C-AALI-01A,-0.053632792,0.011926737,0.3299504,0.054379623,-0.064410396,0.12626341,0.09366597,0.09126174,-0.22095953,-0.064410195,-0.0725962,-0.0075427545,0.11615415,0.23694819,0.1418977,0.004512705,0.076603815,0.29592508,-0.11262514,-0.1332729,-0.26486418,0.02439199,-0.019022476,0.107864454,-0.0525502,-0.015085812,-0.29433775,0.022343762,-0.08878072,-0.10994361,-0.01186715,0.07687272,-0.20707889,-0.18884599,-0.06372394,-0.22801828,-0.1937895,0.10022024,0.047870703,0.057963073,-0.13536324,0.21694076,0.027184434,-0.08654915,-0.17537606,-0.005490693,-0.026796155,0.14363934,0.18618913,0.16980186
TCGA-BH-A0BS-01A,-0.15691875,-0.0062105544,0.232011,0.011943162,-0.045150746,0.12788188,-0.13052467,0.008977549,0.062319048,-0.022133531,-0.23299114,-0.14200309,0.029275179,0.24441291,0.24981047,-0.0039494447,-0.06555329,0.20872603,-0.053740375,-0.15251863,-0.005731572,0.0978466,-0.07711452,0.17368822,-0.008772144,0.113285206,-0.3704058,-0.14336196,0.044345267,-0.24327944,-0.07246323,0.096081026,-0.066178136,-0.3183637,-0.21587089,-0.19426459,-0.05614584,0.084162466,-0.16872084,0.13482447,-0.115637474,0.080427155,0.114810444,-0.054917574,-0.025198618,-0.09526885,0.106117725,0.050858174,-0.039063837,0.09954297
TCGA-AN-A0XR-01A,-0.09130082,0.05065792,0.1769886,0.13105597,-0.052023973,0.25883022,-0.07132751,0.039501667,-0.2262816,0.08283309,-0.104349,0.06421224,0.075503714,0.19699459,0.10706298,0.0094945645,0.006393933,0.2053934,-0.0008275027,-0.3024328,-0.050630134,0.03981436,-0.024640122,0.010440388,-0.16384958,0.091767974,-0.40409675,0.12693395,0.1402301,-0.17301045,-0.26162174,0.0988894,-0.20006229,-0.2065348,-0.048066847,-0.09523722,-0.08079872,0.13072492,-0.07194246,-0.0007242785,-0.09998796,0.046012655,0.07803238,-0.2465794,-0.072580725,0.034774005,-0.14692701,0.13437206,0.07782234,0.004475818
TCGA-S3-AA0Z-01A,-0.1303637,-0.06266755,0.29716346,0.14640287,0.007109282,0.08912076,-0.04941487,0.18928859,-0.1414571,0.022952652,-0.046142694,-0.03478117,-0.003365077,0.26840106,0.12365868,0.057417672,0.074181,0.43389246,-0.027686507,-0.14309597,0.007442151,-0.001988953,0.020223536,0.057556983,-0.13930354,0.08315961,-0.21631984,-0.073965885,0.05027993,-0.16682228,-0.081439644,0.09569262,-0.14304991,-0.1925695,0.07505576,-0.18214118,-0.1798676,0.14468354,-0.039750878,0.112108834,-0.118820794,-0.037740882,0.057857938,-0.150306,-0.11251231,-0.058615826,0.030012848,0.14741656,0.26104838,0.2299794
TCGA-AR-A24X-01A,-0.22726165,0.01972512,0.23084572,-0.0029074238,-0.11334207,0.14312258,-0.1030545,0.04160814,-0.07485578,-0.07296852,0.030653588,-0.00038219863,0.22205146,0.24456345,0.2512848,-0.11012902,0.037085783,0.23699313,0.029171593,-0.1204791,0.057714283,0.07310663,-0.027098402,0.05456475,-0.1270184,0.15753053,-0.31990904,0.105678834,-0.16532214,-0.17686385,0.06185756,0.07103753,0.003597526,-0.18003799,-0.06650197,-0.15200362,-0.18675682,-0.051709376,-0.08087586,-0.13626413,0.028315825,0.097306035,0.04355268,-0.38567346,0.013112467,0.01433301,-0.05384342,0.12430349,0.01374406,0.20746821
TCGA-EW-A1J1-01A,-0.13524002,0.0024231055,0.13362731,0.036407147,-0.0584702,0.13723016,0.04891528,0.15072021,-0.2488605,0.095351495,-0.10583905,-0.046699382,-0.08302467,0.2669446,0.2849355,-0.14817443,0.12452818,0.16373391,-0.040771447,-0.29483917,-0.17799422,-0.025983864,-0.20625183,0.07392691,-0.06640469,-0.022916261,-0.29459828,-0.038161818,0.036999777,-0.19243895,-0.010916357,0.031810384,-0.04663741,0.035215326,-0.1321351,-0.2239317,-0.092771105,-0.0071526617,0.0017056086,-0.00056288915,-0.12503825,0.15111399,0.22345093,-0.12262767,-0.22119454,-0.049917832,-0.043659076,0.050396577,0.14130652,0.21569838
TCGA-E2-A2P5-01A,-0.22546163,0.12820315,0.20649314,0.062219974,-0.23656966,-0.019459499,-0.018457957,0.04219936,-0.14422315,-0.018835232,-0.08416916,0.06975486,0.10777997,0.25909132,0.29010794,-0.104392566,0.0043670847,0.16013339,-0.08230178,-0.09106156,0.014959796,0.09879831,-0.1337673,0.0919422,-0.03869507,-0.025909206,-0.3063634,0.0075379135,-0.10407469,-0.20121597,-0.07807173,0.071172014,-0.14004822,-0.08966368,-0.2862901,-0.11107037,-0.053429168,0.17804866,0.16113149,0.020138657,-0.19712907,0.10519905,-0.012742893,-0.17233743,-0.069946885,0.057301134,-0.12512107,0.118115194,0.27191734,0.10408388
TCGA-E9-A1NH-01A,-0.12477503,0.06844503,0.24301043,0.213697,-0.11125748,0.00088964903,-0.046212498,0.016858479,-0.17836376,0.039730508,-0.10137455,-0.03529572,-0.048586946,0.2312724,0.21468328,-0.23087217,0.06187737,0.2431964,-0.05924952,-0.13373387,-0.13810357,-0.007792139,-0.1429805,0.10374601,-0.0297736,-0.029207213,-0.3282787,0.016418338,0.051598087,0.04436295,-0.08236595,0.13316587,-0.14796084,-0.23177157,0.08172549,-0.29460275,-0.023806484,0.098717466,0.011303337,-0.063025735,-0.15619752,0.06482528,0.005518266,-0.24292493,-0.06298515,-0.10245019,0.04756319,0.21043786,0.15768555,0.17155837
TCGA-LL-A50Y-01A,-0.2125647,0.054518588,0.20880173,0.021356042,-0.0961342,0.12809657,-0.019277731,-0.03089353,-0.25446263,-0.07953064,0.01986766,-0.034409285,-0.020149559,0.21021791,0.13894849,-0.13768032,0.0077076037,0.19052242,-0.09355175,-0.1782851,0.0032536073,-0.07894038,-0.13052109,0.1657971,-0.27431938,0.07272929,-0.3496751,0.12062241,0.07745533,-0.20419508,-0.1610355,0.06848283,-0.28604594,-0.13684925,-0.13524662,-0.18391542,-0.16101138,-0.1260518,-0.097109355,0.18082103,-0.06045557,0.073311396,0.08358345,-0.076338135,-0.086007774,0.061260052,-0.064085685,0.036600355,0.13697235,0.09026221
TCGA-BH-A0BT-01A,-0.21681695,-0.015569018,0.14770918,0.12916939,-0.17324471,0.0982923,0.00675391,0.08120676,-0.10586513,-0.050537143,-0.13559653,0.045726627,0.08655947,0.22251324,0.121844016,-0.17876558,0.06370267,0.17466389,-0.041339736,-0.18141887,-0.076342225,0.014240546,-0.2463397,-0.0053031403,-0.06604108,-0.063646115,-0.3264325,-0.0500364,0.031325698,-0.07662429,-0.046024073,0.16573147,-0.12508969,-0.29238492,-0.12523739,-0.19314313,-0.1335285,-0.025859766,-0.16546786,0.062439952,-0.08858593,0.094719596,0.11334593,-0.24325491,-0.1137034,-0.24368757,-0.06755797,0.11737643,0.10516277,0.21351366
TCGA-E2-A1L7-01A,-0.17945604,-0.018455343,0.2672496,0.07263195,-0.038031396,0.15403959,-0.041557007,0.074775636,-0.2757144,-0.07995999,0.14099024,-0.10683514,0.059766836,0.21391663,0.0961081,-0.09488757,0.10794916,0.107437745,-0.08227524,-0.23882328,0.018693576,0.14717731,-0.02883082,0.07745488,-0.21309035,-0.084196225,-0.3422113,0.02172993,0.09499432,-0.06963151,-0.080023445,0.09694234,-0.18318859,-0.19021569,-0.2680315,-0.11923535,-0.028241424,0.0643971,-0.11073461,-0.076359436,-0.084542245,0.19270724,-0.014717034,-0.06488267,0.03137876,-0.15627114,-0.1698887,0.123565726,0.24219087,0.075203635
TCGA-C8-A1HG-01A,-0.15278603,0.039157752,0.2631513,0.011745162,-0.13659272,0.068009816,-0.018681237,0.038706657,-0.21864782,-0.13198292,-0.044830848,0.0006601489,0.13443224,0.22822289,0.14288616,0.07253329,-0.006689803,0.25681013,-0.02908706,-0.104321405,-0.11326567,0.1112404,0.018295864,0.055835173,-0.009590758,0.011301451,-0.3425987,-0.023686506,0.030268516,-0.21575013,-0.035751287,0.17055172,-0.23366868,-0.23932385,-0.055747144,-0.19085348,0.016086414,0.038025983,0.074105985,0.1092564,-0.07176677,0.29131037,0.093209155,-0.10893412,-0.09126029,0.1052547,-0.08608214,-0.029543418,0.21749717,0.24303043
TCGA-EW-A6S9-01A,-0.17632103,0.12412986,0.22225103,0.024758294,-0.20088726,0.13338202,0.068501964,-0.066503175,-0.24651532,-0.086014725,0.012239697,-0.10040614,0.0067171953,0.29189423,0.1313122,-0.055480238,0.090926535,0.116328545,-0.013543607,-0.30796915,-0.022809586,0.044431143,-0.1224708,0.11254845,-0.090119004,0.11181723,-0.34152523,-0.16875957,0.05181441,-0.12215231,-0.04629731,0.09383635,-0.27076793,-0.18177237,-0.050580267,-0.10220804,-0.035452086,-0.020973641,-0.14412041,0.136622,-0.050644767,0.22461012,0.040376958,-0.11464458,-0.1116699,0.10020117,0.13862666,0.1642139,0.112993225,-0.035116784
TCGA-D8-A27W-01A,-0.05573159,0.11725173,0.17926377,0.11461215,-0.20841306,0.09078863,-0.08893983,0.26285073,-0.09306615,-0.034830794,-0.3227112,0.040543042,0.012260214,0.35173604,0.14114957,-0.06969495,0.025376044,0.25232536,0.00101339,-0.072039984,0.035929244,-0.003156732,-0.034136977,0.08225367,-0.13997515,0.0617753,-0.12998964,-0.12445087,0.039130073,-0.20935452,0.044525664,0.08103818,-0.22813107,-0.14494519,-0.056903,-0.20065014,-0.08111777,0.029257396,0.03061776,0.042781353,-0.13164295,0.22787455,0.04058199,-0.02449554,-0.1857449,-0.14309317,-0.16307202,0.05648488,0.14683266,0.22774434
TCGA-E9-A228-01A,-0.17257722,-0.04176368,0.07434106,0.1145835,0.017216526,0.2916509,-0.12235056,-0.09575889,0.0078143785,0.017723974,-0.21960074,-0.0027248173,0.10014821,0.33174086,0.21350636,-0.095486425,0.08186218,0.23010194,-0.1371717,-0.15179881,-0.010182198,-0.1672234,-0.008730733,0.0660823,-0.021308629,0.09033082,-0.36832464,-0.05641866,0.07948227,-0.21799262,-0.023939341,0.07554943,-0.06456015,-0.15733783,-0.10580636,-0.21299146,0.033054505,0.030712236,-0.014527196,0.07796221,-0.04204215,0.1845363,0.076170504,-0.21908933,-0.034636527,-0.014827148,-0.070842534,0.084295735,0.22144385,0.17123006
TCGA-LD-A66U-01A,-0.19855992,-0.0119822705,0.22238746,-0.011714426,-0.09314253,-0.054825228,0.13798924,0.03379047,-0.16109458,0.0835478,-0.010127409,-0.09072657,0.017490003,0.2584288,0.20542778,-0.002645869,0.18213241,0.18302228,-0.062452566,-0.23173185,-0.07396617,-0.003128431,-0.14186987,0.05310291,-0.18880732,-0.074010335,-0.3403742,-0.031687688,0.07585922,0.039128654,-0.037187226,0.119259216,-0.26596904,-0.22176298,0.12758954,-0.22023356,-0.09450668,0.095813476,-0.09850707,0.26543683,-0.16814044,0.06727487,0.07653504,-0.063601345,0.06226777,-0.16456342,-0.013401671,-0.005278845,0.16742432,0.099832505
TCGA-D8-A1JU-01A,-0.11790073,0.007382319,0.085415706,-0.03217951,0.0994274,0.09393811,0.0823468,0.0845883,-0.13305879,0.03156399,-0.113249585,-0.023312287,0.21203336,0.37747929,0.054172043,0.07198823,0.10563024,0.18508185,0.043605004,-0.20920141,0.17748202,0.046386074,-0.14121939,0.17610846,-0.20812221,-0.09453976,-0.45568064,-0.09717738,-0.1628116,-0.116716795,0.06038473,0.102247916,-0.25257698,-0.1231758,-0.16179618,-0.0993017,-0.17787611,0.027562365,0.023270167,0.025107618,-0.030889202,0.10645086,-0.04231631,-0.18978263,-0.08059731,0.008008731,-0.0045457054,-0.07326028,0.08302218,0.025666453
TCGA-AO-A128-01A,-0.274507,-0.07217262,0.13228944,0.08671842,-0.16201365,0.004129504,0.07915797,0.06464323,-0.17997779,0.05994578,-0.05236213,-0.08876183,0.007404076,0.19274826,0.09767719,-0.037812527,0.035625838,0.2683547,0.012442887,-0.19315517,0.08386307,0.029740937,-0.27537632,0.06002784,-0.13734552,-0.1270207,-0.33089072,-0.14428124,0.14084548,-0.22006775,-0.0538626,0.14689401,-0.16706382,-0.23693815,-0.13897222,-0.18820117,-0.05359798,0.11804391,-0.03094111,0.03479204,0.09455816,0.08952703,0.0369203,-0.1914042,-0.009420118,-0.09466087,-0.07245347,0.11712163,0.16125888,0.20009767
TCGA-A2-A3KD-01A,-0.3219101,-0.017346643,0.1594116,0.05969071,-0.1031108,0.102375664,-0.045888584,0.00811169,-0.087602995,-0.0677284,0.11989918,0.11294172,0.0213931,0.21356052,0.13239211,-0.06376164,0.08372649,0.2956367,-0.08569311,-0.18742044,-0.05008729,-0.043611474,-0.20953894,0.15308268,-0.1359556,-0.09821369,-0.26205,-0.124172784,0.086086,-0.2425578,0.0014373666,0.06995239,-0.22366373,-0.10059398,-0.03670975,-0.26061282,-0.06390694,0.12674199,-0.10673314,0.050975256,-0.13243616,-0.07198839,0.006113435,-0.12879974,0.041985277,0.032841485,-0.22512165,0.13640897,0.19433236,0.17882548
TCGA-OL-A5RV-01A,-0.15075867,0.009200491,0.20338361,0.107382216,-0.06864308,0.09414052,-0.0648011,-0.0035488682,-0.13372023,-0.084005564,-0.1250332,-0.060550187,0.06412503,0.3328815,0.24408373,0.027295629,0.06514071,0.37652647,-0.28456733,-0.1630412,-0.023378901,-0.06798037,-0.0036804874,0.09689563,-0.1617421,0.1790719,-0.200163,0.0071294433,-0.053856034,-0.18351565,0.016118614,0.16459478,-0.0629854,-0.1765907,-0.24378636,0.02275408,-0.09616963,-0.052402515,-0.07010725,0.09777215,-0.1620888,0.18295024,0.060847852,-0.12274845,-0.08445826,-0.09931123,-0.0445001,0.090186745,0.1473556,0.08773345
TCGA-BH-A0AZ-01A,-0.22750507,0.06760946,0.2569849,-0.049398903,-0.23070355,0.1417819,-0.01784826,-0.0065869093,-0.07404267,0.09778808,-0.03063956,-0.08124681,-0.10944279,0.10779553,0.20427415,0.061600536,0.06884054,0.28432855,-0.122512005,-0.20068891,0.086355016,0.07774795,0.05508819,0.17680831,0.0978133,0.11199729,-0.36098903,0.016338771,-0.11120052,-0.106048845,-0.11982799,0.050438903,-0.28656948,-0.15021601,-0.09271569,-0.1140305,-0.06627135,0.22119154,-0.15613446,0.023670133,0.022317816,0.16511735,0.060935486,-0.16433296,-0.10200586,-0.013624294,-0.078696504,0.10741391,0.16710758,0.093041226
TCGA-A2-A1G1-01A,-0.1527732,-0.094445825,0.18617608,-0.015603925,0.0071867807,0.05887812,-0.103670076,0.09463816,-0.07964209,0.05259377,-0.034566123,-0.0006379681,-0.017416073,0.2640427,0.10775105,-0.07292272,0.16915578,0.2503799,-0.17255358,-0.22847773,-0.057082918,-0.013188292,-0.15326434,0.07598409,-0.0008344852,-0.011337792,-0.37335208,-0.13731255,-0.08187118,0.015301725,-0.06273124,0.15550391,-0.22840768,-0.08959198,-0.21736482,-0.16933109,0.0051795184,0.07943349,-0.11029759,-0.013947136,-0.07724651,0.082190044,0.198907,-0.18753597,-0.24766919,-0.020474821,0.008581816,0.15827607,0.23331484,0.17135711
TCGA-AR-A5QN-01A,-0.085206546,0.0020130025,0.112761825,0.062508374,-0.0886494,0.22481124,0.09899296,0.021045882,-0.18868105,0.15339833,-0.19662707,-0.025965074,0.015911402,0.3235267,0.23379295,-0.011466804,-0.03322997,0.058794744,-0.33376813,-0.21086274,0.047116958,-0.024972316,-0.2406098,0.1773211,-0.015965965,0.08688461,-0.2686069,-0.04616695,-0.07760955,-0.13428198,0.027288953,0.21210124,-0.25137475,-0.26440218,-0.12586811,-0.074721396,-0.07049851,0.034874767,0.061504938,-0.07071251,0.019792845,0.068352476,0.04261207,-0.1050396,-0.07960177,0.008501571,-0.064533554,0.047094967,0.20658298,-0.04404945
TCGA-D8-A1Y0-01A,0.0237097,0.04259884,0.01724982,-0.0052824835,-0.12992142,0.14829433,-0.0487799,-0.045511946,-0.17107558,-0.0049819415,-0.012998717,-0.023186168,0.22722565,0.23465072,0.054435972,-0.1092658,0.033922218,0.250408,0.030280264,-0.4153909,0.11579663,0.00030089787,-0.062972374,0.0549253,-0.118356906,0.08894406,-0.39119756,0.15318592,0.06900488,-0.24119437,-0.14416684,0.018820431,-0.02760698,-0.15901412,-0.13346249,-0.11339884,0.048224043,0.10601113,-0.08010749,0.09397991,-0.004844657,0.0809775,0.16888222,-0.11665707,-0.12980893,0.08245327,-0.043989018,0.07082624,0.23059073,0.2101409
TCGA-AC-A8OS-01A,-0.18910298,-0.060967047,0.30083263,0.027870566,-0.09964239,0.21605074,0.16833,-0.07323558,-0.19092743,0.045633692,0.0014568605,-0.10852667,-0.14083476,0.16631489,0.20679465,0.053387735,0.02514198,0.093036726,0.035838697,-0.20319569,0.073978245,-0.04240847,0.00018469316,0.18301493,-0.17346215,0.06903248,-0.35436323,0.058408923,0.012389796,-0.14606512,-0.007653223,-0.012359422,-0.18389794,-0.18627463,-0.0058324067,-0.2451277,-0.033768967,0.08862472,-0.07102475,0.0029840681,-0.14938258,0.10364983,0.14469118,-0.122931324,-0.03712036,-0.01748563,-0.004830417,0.2334738,0.2093029,0.21338369
TCGA-B6-A0IK-01A,-0.08068452,-0.073441364,0.09025037,0.055404436,-0.119324625,0.18691687,0.09443101,0.09316487,-0.23935163,0.08207025,-0.19189996,0.07135684,0.047829494,0.28182945,0.26598063,-0.02242387,-0.07720796,0.1712966,0.036440257,-0.21321559,-0.010281516,0.061260853,0.17808302,-0.037334923,-0.042144652,0.25913244,-0.3943882,-0.10890316,0.047914714,-0.19354768,0.0053524273,0.15678577,-0.18980384,-0.02749483,-0.060515564,-0.113955446,0.044618633,0.10205511,-0.043697167,-0.039968546,-0.18484083,0.17334296,0.09701199,0.0021035608,-0.04224307,0.04077831,-0.025124203,-0.028006246,0.21927866,0.18849672
TCGA-E9-A1ND-01A,-0.15101895,0.04181718,0.16386865,0.14566536,-0.21352147,0.13077475,-0.03344961,-0.033609208,-0.058712095,0.016217982,-0.03410715,-0.059809733,-0.053242683,0.12423468,0.13118447,0.151124,0.033831783,0.26764742,0.039707966,-0.13790599,-0.042225886,0.22632556,-0.048058785,0.12930758,-0.2195835,-0.032132532,-0.3158024,0.054054435,0.017599946,-0.2165234,-0.023353321,0.020435093,-0.35232067,-0.19353643,-0.0784085,-0.16479926,0.029110935,-0.03847933,-0.042525496,0.11636931,-0.16979307,-0.013598959,0.064630836,-0.20465873,-0.18860662,-0.103723094,-0.030776057,0.14037701,0.18887864,0.19972037
TCGA-A2-A25E-01A,-0.08651262,0.011307561,0.06440836,-0.02441366,-0.037097655,0.13731082,0.14602765,0.036237184,-0.21903457,-0.08238898,-0.08085118,0.06574819,0.026313795,0.24775043,0.14621834,-0.07938165,0.036608968,0.16257025,-0.07296665,-0.20380083,-0.00768552,-0.06008774,-0.057971634,0.10473793,-0.1479227,0.07638995,-0.5331351,0.054963596,0.034857113,-0.12905994,-0.013977098,0.1207845,-0.3115638,-0.12894036,-0.045298617,-0.2235129,-0.16884206,0.0074739424,-0.019894902,0.118384674,0.047433197,0.100865796,0.14113416,-0.09240129,-0.06595683,-0.12974092,-0.030362021,0.081192344,0.16060676,0.2123414
TCGA-A7-A26F-01A,-0.08592258,-0.0044864523,0.22071227,0.073380165,-0.03403624,0.16062711,0.16224767,0.092485294,-0.17491275,-0.03304168,-0.035826463,0.010971485,0.1656968,0.21655345,0.12102709,-0.011990811,0.094303474,0.24966465,-0.105048604,-0.24654657,0.038932484,0.091167286,-0.059798717,0.10753248,0.030749325,-0.017755581,-0.43672147,-0.050293878,0.041990582,-0.19749317,-0.11325866,0.22474223,-0.17529446,-0.15794884,-0.04862716,-0.14857426,-0.1379611,0.0363517,-0.09536431,0.08434004,-0.07658959,0.16215862,0.12554418,-0.114012845,-0.14810623,-0.0358185,-0.033559605,0.026339378,0.22783096,0.1823549
TCGA-E9-A1NI-01A,-0.13436423,-0.061439365,0.3026755,0.10148876,-0.026387421,0.08784833,-0.10726843,0.072177455,-0.13961995,-0.024929147,-0.04648858,-0.016358493,-0.007917192,0.23391289,0.18959606,-0.19558097,0.094418384,0.20630097,-0.048939243,-0.24851747,-0.045421105,-0.022298347,-0.09152543,0.035871945,-0.050214127,0.031331435,-0.26574382,0.089334026,-0.051419694,-0.16252838,-0.09861455,0.12654865,-0.11670676,-0.258843,-0.17245314,-0.40488404,-0.035236623,0.15143847,-0.04989991,0.022754675,-0.08044386,0.13174002,0.16549073,-0.16049902,-0.09513229,-0.05495902,-0.056270804,-0.014060672,0.13608472,0.14983216
TCGA-E2-A1B4-01A,-0.14087225,0.085278004,0.18412861,-0.01870223,-0.23618947,0.06900762,-0.08043909,0.07690529,-0.22889093,0.04469958,-0.21302302,0.086136416,-0.06597313,0.2253867,0.14139064,-0.03250358,0.05253987,0.28217074,-0.055385556,-0.21876559,0.065353885,0.0071408455,0.016680945,-0.0051744073,-0.08261978,0.1012008,-0.3326367,-0.071528256,0.1669466,-0.21546534,0.023720263,0.19887339,-0.2140903,-0.20296954,0.15139815,-0.08445478,-0.15148813,0.011485471,0.016285036,0.207723,-0.033180617,-0.035592873,0.045819152,-0.16039653,-0.13930035,-0.005458629,-0.032408997,0.11759356,0.2209765,0.0147611415
TCGA-EW-A1OZ-01A,-0.2394351,0.03864868,0.1993549,0.17552078,-0.080327444,0.029821001,0.049706258,0.11055981,-0.21786726,0.04106733,-0.1505289,0.07786297,0.12260101,0.20551364,0.082140446,-0.09924076,0.020563718,0.22041862,0.13232866,-0.2035952,0.039134957,-0.03681077,-0.14916034,0.048043992,-0.0056571253,-0.13704897,-0.22067207,-0.010575326,0.04833382,-0.15517975,-0.15271701,0.010380983,-0.33157757,-0.22385299,0.049627926,-0.119538605,-0.05363382,0.14698602,-0.016403925,-0.039100144,-0.08614334,0.26592395,0.19247852,-0.022886641,-0.1511877,-0.18586086,-0.057109464,0.11486108,0.17512973,0.14370583
TCGA-C8-A274-01A,-0.23270787,-0.010611637,0.26098064,0.12644833,-0.119534805,0.21017331,0.10164283,0.01031174,-0.20818187,-0.027968584,-0.16814245,-0.04572729,0.07466067,0.23935275,0.21992595,-0.0010242381,0.16911182,0.23363242,0.057817183,-0.16060708,-0.0055292645,0.11067984,-0.046347078,0.11067726,-0.10714759,0.021673035,-0.39199793,0.031624705,-0.04920591,-0.010247416,0.036026277,0.029512802,-0.26613942,-0.16137709,0.01589627,-0.16254105,-0.035131417,0.07767584,0.08273605,-0.08503192,0.05194669,0.024946012,0.11698104,-0.067869484,-0.13586868,0.015620179,-0.09688483,0.017409978,0.24627714,0.20289198
TCGA-D8-A73X-01A,-0.2456391,-0.014387532,0.2247579,-0.06389353,-0.1327701,0.1956846,0.08859875,-0.022008035,0.008005019,-0.0170954,0.0006947817,-0.16507532,0.06679862,0.28701133,0.024723137,0.0842224,0.112174444,0.24764696,0.012293905,-0.1611508,0.054344375,0.102051795,-0.18890695,-0.016690034,-0.09122027,0.019384567,-0.33760214,0.17072025,0.09072014,-0.15111783,0.1294594,0.07414921,-0.25992036,-0.2711884,-0.18547016,-0.12359125,0.087012514,0.05956965,-0.09258974,-0.10236135,0.0010809051,0.17543349,0.014003274,-0.12055291,-0.09892203,0.009943619,0.03852064,-0.011205199,0.25552377,-0.026565814
TCGA-BH-A8FZ-01A,-0.07699805,-0.10379461,0.10601257,-0.020713573,-0.22689727,0.17647776,0.026287226,0.03247879,-0.20357354,0.027076272,-0.122882776,-0.0121384775,0.008728178,0.22263785,0.039648082,-0.088819586,0.010269587,0.3088261,-0.2282719,-0.075397864,-0.10467999,0.012037292,-0.029000057,0.034009963,-0.027462607,0.033920556,-0.37652588,-0.1674946,-0.008809144,-0.24007562,-0.063186735,0.13899677,-0.21812601,-0.32262322,-0.17633043,-0.07891828,-0.0791282,0.011110724,-0.18470035,0.06416107,-0.019622557,0.08785349,0.19773234,-0.02831102,-0.1227187,-0.039006226,0.07793815,0.035724983,0.1854127,0.10810478
TCGA-A2-A0YM-01A,-0.13046017,0.038258407,0.19276093,0.21690482,-0.12756695,0.06879194,0.12009999,0.1274496,-0.106004685,-0.053734824,0.061108597,0.0120638115,-0.0003088088,0.12786098,0.09331521,-0.06939357,0.016679795,0.35043034,-0.047816914,-0.20797305,0.06786386,-0.05928868,-0.09704582,0.015703866,0.015032817,0.053218346,-0.26717275,-0.015527104,-0.083729215,-0.089127034,0.032901507,0.17734136,-0.1769856,-0.14577389,-0.011703831,-0.28607264,-0.13344543,0.04159261,-0.14789715,0.02164747,-0.1447697,0.18668818,0.12339742,-0.26182646,-0.22055803,-0.060444076,-0.21999295,0.10029825,0.065345824,0.24113622
TCGA-WT-AB44-01A,-0.18599518,0.06721226,0.13895343,0.09656639,-0.15838315,0.10551247,0.01198707,0.09645737,-0.10669295,-0.15561555,0.015182243,-0.012641738,-0.022115141,0.22224683,0.013667735,-0.17464048,0.028957078,0.44992802,0.00084125093,-0.10369902,-0.05431981,0.10123367,-0.1385161,0.039686497,0.016597329,0.06328368,-0.4314009,-0.011475452,-0.11508069,-0.2138965,-0.19001123,0.15779704,-0.14480676,-0.13765416,0.03723199,-0.15804338,-0.16538177,0.04675827,-0.0144275,0.07271443,-0.07588175,0.08248266,0.12542024,-0.12724276,-0.04065941,0.034338467,-0.123097256,0.013258349,0.16342953,0.14441915
TCGA-BH-A6R8-01A,-0.21450607,0.08815013,0.17581145,0.03333848,-0.13107398,0.1634876,-0.050440516,0.08611017,-0.1561921,-0.038573604,-0.05517682,0.055124786,0.047214814,0.08590293,0.15067987,0.11088782,0.108471334,0.18928714,-0.22093189,-0.19489388,-0.027936015,-0.02420622,-0.107338,-0.016322378,-0.03331218,-0.006722867,-0.4571436,0.06941946,0.13754077,-0.19762902,-0.115622446,0.12173102,-0.08473408,-0.20714635,-0.21972343,-0.085296616,-0.031009214,0.15013692,-0.00463234,0.053103838,-0.23579635,0.13539782,0.11170926,-0.17104785,-0.083366066,-0.13030179,-0.06593479,0.10264797,0.18710698,0.11667669
TCGA-E2-A1LA-01A,-0.13564348,-0.07687196,0.31138125,0.01748218,-0.12182425,0.08324852,0.18452843,-0.04241602,-0.027492333,0.059668224,-0.023191186,0.04152855,0.047968555,0.3066317,0.2946363,-0.025565038,-0.03621559,0.12919752,0.031055257,-0.13414307,0.06738142,-0.022264317,-0.028764678,-0.016480943,-0.13308807,0.1711668,-0.3267075,-0.0077514546,0.076864935,-0.1905378,-0.25780028,0.09088347,-0.12765467,-0.08455585,-0.18695927,-0.099304624,-0.04894901,0.043253705,-0.0898305,-0.038242344,0.064434774,0.19961101,0.0994835,-0.011136964,-0.21889566,-0.074264966,0.027651988,-0.013855955,0.35513186,-0.0041763284
TCGA-D8-A27H-01A,-0.15999484,0.0601892,0.14320828,0.042068448,-0.062538676,0.14192054,-0.08345973,0.058259346,-0.19295442,-0.15452951,0.020343775,0.04312661,0.14073083,0.31958914,-0.0075532687,0.005045531,-0.017495984,0.15434079,-0.15427145,-0.25029483,-0.059495565,-0.038500857,-0.18853702,-0.05543705,0.038385924,0.1283975,-0.363118,-0.0062816963,-0.049656082,-0.08320634,-0.15890862,0.18499856,-0.24025665,-0.0738204,-0.1374548,-0.11579277,-0.068535596,0.14046778,-0.04841158,0.10944347,-0.07352124,0.07330322,0.10603943,-0.09600504,-0.151068,-0.051300343,-9.350418e-05,0.20912755,0.31834912,0.1405199
TCGA-OL-A66I-01A,-0.23296462,-0.018895283,0.12346524,0.21256863,-0.20824847,0.14100243,0.083965145,0.2438423,-0.26030016,0.045693245,0.06438395,-0.016860927,-0.06706695,0.27160013,0.018933041,0.051906344,-0.060791004,0.31676486,-0.040257953,-0.1299545,-0.03575261,0.13389584,-0.14917864,-0.017075596,-0.11370013,-0.053549,-0.32636702,-0.04260152,0.06985441,-0.02706161,-0.18882425,0.20097356,-0.20421858,-0.1651039,0.020683179,-0.16335161,-0.07906608,-0.041369304,0.07094077,-0.06834077,-0.08384759,0.08989271,0.04587335,0.05232767,-0.097728014,-0.050461248,-0.11617995,0.011996335,0.23488434,0.122098096
TCGA-E2-A15J-01A,-0.12947908,-0.042694665,0.07410202,-0.039814435,-0.15410787,0.060109288,-0.09823878,0.05993488,0.033922292,-0.07795695,0.018999888,-0.12854488,-0.032102443,0.29303667,0.19622372,-0.058780666,0.021030841,0.2650003,-0.036274776,-0.13162029,-0.036006223,-0.012786058,-0.184093,0.22207005,-0.1214115,0.13213174,-0.3034138,-0.16350184,-0.017736645,-0.08787601,-0.057892933,0.12531972,-0.37450546,-0.2278782,-0.024219805,-0.19427225,-0.03753357,-0.05920174,-0.10164113,0.16129886,-0.042793013,0.095047064,0.20464292,-0.10453011,0.016874533,-0.07200876,-0.1034243,0.034895547,0.27470726,0.020196335
TCGA-B6-A401-01A,-0.101677746,0.041799046,0.0855995,0.15604949,-0.16509262,0.14198588,-0.0084603755,-0.0018575591,-0.2035843,-0.026920311,-0.124831356,-0.037967764,-0.0008736313,0.1737813,0.095372744,-0.061233725,0.03686133,0.26368377,-0.04831023,-0.086057566,0.006311252,0.043962464,-0.03346121,-0.019824388,0.024900466,0.10877107,-0.29385528,-0.08638594,0.08132443,-0.07188274,-0.12689611,0.16820177,-0.24024208,-0.30210072,0.004973915,-0.20948283,0.05926466,-0.014068132,-0.09240887,0.07734034,-0.05810067,0.1764633,0.023932451,-0.03669156,-0.04256658,-0.25112805,0.058621958,0.15630107,0.3318502,0.33095056
TCGA-LL-A6FP-01A,-0.18285835,0.072189726,0.17399465,-0.008670584,-0.10066549,0.09329725,0.03231157,0.08617317,-0.031934693,-0.15238756,-0.072572924,-0.033240233,0.1589814,0.25768766,0.21641187,-0.060735267,0.043731663,0.25328666,0.041018777,-0.24904813,-0.09232379,-0.036179285,-0.11124834,-0.0077737346,-0.02164329,-0.11994645,-0.3478494,0.032736048,-0.00078308233,-0.11535109,-0.16777588,0.038684674,-0.20298356,-0.12421134,-0.11139631,-0.39739162,-0.037433077,0.1575892,-0.1344717,0.041098997,-0.10759313,0.0091034705,0.12352272,-0.010839265,0.029319998,0.0016991448,-0.12164218,0.1802855,0.123404436,0.1885891
TCGA-A7-A13F-01A,-0.1297007,0.12980302,0.09436353,0.058981836,-0.11835718,0.03531906,-0.07715425,0.03802182,-0.23026979,-0.0525787,0.0040814276,-0.010955471,0.11860132,0.23362039,0.26947945,-0.029994246,-0.049952548,0.29136825,0.0926565,-0.05099263,0.08714333,0.13649365,-0.17755264,0.01019532,-0.049796917,0.06347147,-0.31432122,0.08621082,-0.04408268,-0.076372795,-0.036780946,0.2590944,-0.21975753,-0.06775133,-0.010384359,-0.18792565,0.09920146,0.1604605,-0.039536558,0.17853425,-0.19525912,0.2789322,0.11050419,-0.10734968,-0.13196087,-0.050837368,-0.054048818,0.17238669,0.17937173,0.07724269
TCGA-BH-A0B3-01A,-0.1687636,-0.06622908,0.17356513,0.053195115,-0.121059954,0.1722975,-0.041416984,0.08266163,-0.12712617,-0.018121049,0.042781476,-0.07151166,0.23064555,0.3033526,0.2819907,-0.033422228,0.08323679,0.051955845,-0.043474544,-0.19730909,-0.02844171,-0.14767508,-0.09373385,0.12797654,-0.041668396,0.095114104,-0.34588543,-0.12011885,-0.035643518,-0.18876465,-0.1386348,0.13310054,-0.16669409,-0.15405521,-0.18857126,-0.11564123,-0.0013439747,0.01807684,-0.112916924,0.043200325,-0.25306103,0.0023544563,-0.008006047,-0.23837826,-0.11261896,-0.082934245,-0.044606842,0.1427272,0.06391343,0.18095526
TCGA-E2-A1B1-01A,-0.044770744,0.039412703,0.13667284,0.1338146,-0.19627996,0.053348463,0.14891773,-0.13985692,-0.26820654,-0.00714821,0.036457937,0.08575942,0.11637257,0.2529338,0.22227958,-0.049186446,-0.00053455343,0.25398967,-0.17732014,-0.20621647,-0.056818865,-0.08074546,0.07412516,0.09234422,-0.09315599,0.04733278,-0.36024877,0.021774672,-0.047748126,-0.1971629,0.008214749,-0.050771933,-0.10419428,-0.23258889,-0.14225583,-0.1324082,-0.069901735,0.07880443,-0.22981048,-0.04573939,0.091475464,0.16209288,0.095446356,-0.038323108,-0.1680519,-0.087828875,-0.01865964,-0.014443668,0.20725939,0.16155669
TCGA-E2-A1LB-01A,-0.09339456,-0.070009954,0.28707543,-0.03843581,-0.04591951,0.1735533,-0.11066355,-0.09460493,-0.13064109,-0.044771858,-0.22417738,0.0012848149,0.17380078,0.08768869,0.10970134,0.018056188,0.29874063,0.3160341,-0.08218299,-0.2342939,0.05570004,0.040424373,-0.0840501,0.082700364,-0.15084374,-0.0060412996,-0.33232197,-0.04013181,-0.093685366,-0.19315358,-0.1626081,0.08666018,-0.21858338,-0.10532505,-0.04078797,-0.022634681,-0.077030875,0.20526679,-0.1043874,0.06564444,0.018481143,0.1184739,0.14754988,-0.12720731,-0.11380997,-0.059288543,-0.10789302,0.106265426,0.11101178,0.12965854
TCGA-A2-A0T1-01A,-0.22644378,0.023302166,0.18220872,0.074843064,-0.15414852,0.07914023,-0.06380158,0.108419664,-0.07233404,-0.030530747,-0.12775223,-0.05475553,-0.009642696,0.2893455,0.095345,0.0037121635,0.05932164,0.2362998,-0.0077246,-0.20081496,-0.1768633,0.000334336,-0.26230967,-0.050290424,-0.19235061,-0.029280191,-0.33524352,-0.06355271,0.036143757,-0.16510426,-0.13267182,0.056330204,-0.28882352,-0.23158692,-0.01791958,-0.20374373,-0.034937605,0.011665186,-0.07199892,0.008136341,-0.043271836,0.22179814,0.054548994,-0.047284868,-0.12297987,0.111057825,0.112265,0.17134374,0.14863005,0.07657499
TCGA-AO-A0JM-01A,-0.18344691,0.14541167,0.14540346,0.15770347,0.033826534,0.16198815,-0.07973266,0.21122071,-0.19124751,0.02721766,-0.07211783,-0.041081373,0.1433457,0.16377202,0.17910597,-0.14446568,0.037067212,0.21624094,0.080620445,-0.08632039,-0.036702834,-0.028385526,0.012218145,0.103306614,-0.033340354,0.017878821,-0.38729277,0.10741857,-0.07227736,-0.13159053,-0.06546447,0.051156662,-0.23033509,-0.090005,-0.09142122,-0.2275177,-0.16704853,0.22090395,-0.06623268,-0.02775884,0.030273829,0.20396319,0.08445477,-0.10652588,-0.16212772,-0.0374137,-0.06659746,0.058528863,0.24491137,0.2217633
TCGA-AN-A0XP-01A,-0.15640798,-0.034818534,0.2364271,0.055754848,-0.13247952,0.041521758,-0.14633429,-0.01547646,-0.07401351,-0.07950687,-0.1148071,-0.12745771,0.015255526,0.23375799,0.16518891,-0.08767866,0.04422815,0.28807345,0.06727279,-0.25433022,-0.018874742,0.12271428,-0.18354258,0.014861947,-0.06535125,0.10787333,-0.35050017,0.06919101,0.11277394,-0.00015797587,-0.0044711134,0.13368282,-0.20878987,-0.042642567,-0.0934599,-0.13684563,-0.051958255,0.18437408,0.07750457,-0.05314328,-0.054066118,0.07764954,0.043777954,-0.21176691,-0.178264,-0.09785397,-0.02686526,0.05705535,0.24768691,0.29136315
TCGA-A7-A13D-01A,-0.017656054,0.105190165,0.2759765,0.10450365,-0.120086655,0.113671765,-0.03972451,0.07102892,-0.27483025,-0.00011600064,-0.028223326,-0.13083531,0.120811015,0.22994304,0.2148765,-0.060024597,-0.087152325,0.25973698,-0.029623514,-0.2043683,-0.023873208,0.09887352,-0.093784824,-0.1261167,-0.09904695,-0.03829512,-0.32630074,-0.020498425,-0.071955115,-0.122021265,-0.14612444,0.060582317,-0.1927901,-0.245165,-0.0046392297,-0.032131,0.030717429,-0.027561663,-0.035964567,0.08078267,-0.11966014,0.0808052,0.14393893,-0.18644935,-0.121166855,0.013083007,-0.09975945,0.10471716,0.1967378,0.28673974
TCGA-A7-A6VW-01A,-0.1720443,-0.13312598,0.09295953,-0.004582687,-0.022798235,0.15685514,0.007918961,0.072032355,-0.085384905,-0.026493408,-0.013872598,-0.05328713,0.122587085,0.2272386,0.09665773,0.00036249563,0.14586455,0.31407598,-0.13612264,-0.2163479,0.1258608,0.020516774,-0.20824616,0.17687695,-0.16263157,0.062621176,-0.39030173,-0.041645043,0.033611506,-0.33041224,-0.085913174,0.21342847,-0.1623083,-0.14501661,-0.008420064,-0.13495782,-0.14391488,0.0057245274,-0.17010257,0.018311284,-0.1651106,-0.0058607887,0.06571913,-0.021545317,-0.043238334,0.039200623,-0.060893256,-0.021233855,0.20991829,0.058150608
TCGA-GM-A2DN-01A,-0.24410646,0.11781957,0.2270061,0.018924303,-0.020370727,0.18537855,0.058198836,0.05749284,-0.14956458,0.08178674,-0.0061148796,-0.23157251,-0.031157527,0.2791551,0.20457493,0.0034116942,0.06310472,0.29434246,-0.017409777,0.047487788,0.035013095,0.00941599,-0.0050332597,0.12721908,-0.082127646,0.0130857825,-0.37534353,-0.039179526,0.042591713,-0.11692856,-0.026092172,0.14783294,-0.1831207,-0.2059188,-0.17976773,-0.08252396,-0.055279367,0.11679604,-0.13749036,-0.05280366,-0.16179098,-0.016345667,-0.1003556,-0.059447706,0.04722852,-0.17012283,0.021161962,0.17382768,0.14184026,0.2370064
TCGA-E2-A1IE-01A,-0.25708115,-0.034758754,0.049787432,0.0013134234,-0.16659091,0.20199758,0.032408983,-0.018981393,-0.20256065,-0.09816117,-0.109431,0.078121275,-0.014939661,0.078717835,0.2208012,0.0063717877,0.008984495,0.25268322,-0.11497059,-0.19830094,0.1620804,0.09649295,0.034889672,0.09427312,-0.09749789,0.22387274,-0.32370144,-0.11396475,0.06791821,-0.14884928,-0.09844022,0.028544342,-0.2131699,-0.2622332,0.016257837,-0.22633675,0.05392153,0.10797978,-0.08975721,-0.02524939,-0.051019523,0.17112732,0.14439096,-0.1445477,-0.073432736,0.0233936,0.05315585,0.12625352,0.20360872,0.17526178
TCGA-AR-A24L-01A,-0.11458641,0.008511469,0.12984417,0.038054485,-0.09989334,0.21440446,0.089864545,0.087239206,-0.14699742,-0.06946258,-0.05049717,0.05827133,0.18380879,0.13273823,0.19372314,-0.11071627,-0.047372498,0.2750289,-0.08343968,-0.11596292,-0.049122736,-0.111827,-0.021391865,0.10133458,-0.12393014,0.011605435,-0.3180394,0.009982875,-0.06749919,-0.25281546,-0.06091655,0.08600006,-0.27332142,-0.25227872,0.08657242,-0.072341256,-0.09431536,-0.0031241172,-0.01782452,0.055230066,-0.2500302,-0.02760297,0.13706739,-0.27186346,-0.08567025,0.051199917,0.02372005,0.1203495,0.23831436,0.20469262
TCGA-C8-A1HJ-01A,-0.25837773,-0.0136136385,0.28302637,-0.014930462,-0.026953049,0.075348414,0.12312382,0.110830404,-0.11527935,0.06427841,-0.1069187,-0.08126823,0.08382903,0.19989422,0.03414767,-0.17304073,0.047592238,0.21283995,-0.044401456,-0.05169302,0.027326308,0.07890705,-0.032060184,0.140792,-0.110985465,-0.077901065,-0.3471092,-0.044522773,0.048120584,-0.20233946,-0.2338831,0.0010937041,-0.19109298,-0.34251514,-0.09763736,-0.14594533,0.01946896,0.12941241,-0.18726175,0.027984854,-0.06406283,0.14934787,0.06635838,-0.22881791,-0.038989443,-0.20704134,-0.011437525,0.115649275,0.038275022,0.07946987
TCGA-BH-A0BC-01A,-0.116345376,0.025524775,0.0744613,-0.00088151294,-0.1193721,0.02375625,0.13800494,0.0337377,-0.13022967,0.077168256,-0.09443294,-0.046179283,-0.0037848717,0.2068304,0.13619584,0.024629634,0.058928628,0.21772222,0.0022329302,-0.13982031,0.02227435,-0.012263546,-0.018500894,0.15484132,-0.26982337,0.07467055,-0.4521501,-0.016731637,0.015846364,-0.28159222,-0.057865832,0.1262789,-0.13094905,-0.27319032,-0.092878334,-0.16405092,0.0103409765,0.08023818,-0.015985295,-0.062652625,-0.052498356,0.080266304,0.25584793,-0.21866383,-0.13901095,-0.08892177,-0.05011173,0.057723302,0.24102464,0.14260688
TCGA-C8-A1HM-01A,-0.11523239,0.08741136,0.10007848,0.08779268,-0.1081273,0.08968308,0.097986944,-0.008248624,-0.047765184,0.060718946,0.050145034,-0.08908083,0.048206724,0.2560277,0.2155256,-0.11055635,0.123565756,0.29007947,-0.055290464,-0.16110346,-0.21362421,0.027562134,-0.1377921,0.0029969509,-0.11949367,0.024778891,-0.23380433,-0.057937305,-0.08144402,-0.1782285,-0.012621881,0.14804527,-0.35489854,-0.19898419,-0.07192682,-0.23575245,-0.1943163,-0.03893772,-0.013910661,-0.03161534,-0.08976012,0.229166,0.20518515,-0.020847742,-0.06458909,-0.039118428,-0.1472311,0.16034064,0.05635983,0.18878248
TCGA-C8-A8HP-01A,-0.039768256,-0.029987285,0.14615494,-0.04150632,-0.03795097,0.07830995,-0.08599841,0.16748928,-0.12456584,0.04781353,-0.04103139,-0.13794893,0.044819646,0.24147624,0.020154476,-0.052233823,-0.06129268,0.31347176,-0.019778747,-0.26406503,-0.13223305,-0.0553088,-0.13945818,0.114366464,-0.11710034,0.095419124,-0.36719835,0.08437894,-0.09549472,-0.039475698,-0.062864594,0.27026314,-0.22883019,-0.27159825,-0.04580167,-0.058750395,-0.084748544,-0.0854439,-0.18040606,0.05324321,-0.14768617,-0.03108003,0.0020087399,-0.058198158,-0.13980696,-0.060005132,0.0042952844,0.142914,0.22926812,0.21890719
TCGA-B6-A0RN-01A,-0.08214186,0.041560236,0.24328126,0.18118338,0.039522126,0.070152715,-0.0013051702,-0.0051241075,-0.13866484,0.04390283,-0.05784311,-0.12164755,-0.067019984,0.23952241,0.1409585,-0.17450191,0.09541954,0.28291804,-0.07915502,-0.24745686,0.14773567,-0.07896527,-0.036544167,0.13288562,-0.12220718,0.19665831,-0.228587,-0.04210382,0.023003083,-0.21031213,-0.103715286,0.1178918,-0.10915051,-0.14364812,-0.14027852,-0.30249733,-0.12972565,0.10083916,-0.23201865,0.11113438,-0.14785917,0.035959307,0.06438088,-0.22611637,-0.048504796,0.055827808,0.029093737,0.13746092,0.104545005,0.09635248
TCGA-E9-A1RA-01A,0.057863995,-0.059604514,0.24571647,0.09330377,-0.30442843,-0.0757551,-0.050785784,-0.015531232,-0.078038946,-0.030290104,-0.06399283,-0.18570419,0.1492709,0.2681242,0.21448949,-0.049330927,0.14889178,0.18302359,-0.012480565,-0.22714455,-0.09962431,-0.005058429,-0.060274597,0.18156324,-0.07938469,0.0070917504,-0.4141458,-0.022195019,0.0098571805,-0.092634335,-0.13458121,0.019691233,-0.13178302,-0.19564874,-0.14851356,-0.13717033,-0.10709696,0.01749588,0.023184841,0.19396783,0.097706735,0.028742475,0.12609039,0.038390357,0.034195527,-0.10858478,0.0008429307,0.13970886,0.1855478,0.18430543
TCGA-E2-A9RU-01A,-0.16762628,0.011463092,0.12481366,0.1310475,-0.15778837,0.19450802,-0.020752583,0.26051292,-0.17079516,0.03195804,-0.07454996,-0.0645496,0.042760357,0.1929761,0.2158919,-0.10155386,-0.019809388,0.14647312,-0.12135398,-0.10898826,-0.14500329,0.022623423,-0.21160845,-0.060580906,-0.12996376,-0.10335361,-0.3685627,0.001907092,-0.006999218,-0.048431043,-0.17462204,-0.019265005,-0.14530225,-0.08156003,-0.123569235,-0.3507798,-0.07804877,0.102328956,0.0863666,0.027475856,-0.08530752,0.1269236,0.010805786,-0.14700283,-0.15717056,-0.03374807,-0.10500908,-0.0061264224,0.2011691,0.2088668
TCGA-A2-A0YG-01A,0.046976116,0.019990938,0.08982476,0.10310114,0.00040410715,0.13823281,0.04954642,0.080680236,-0.1569973,0.04131179,-0.13827623,0.0075312136,0.12756793,0.15060717,0.22075567,-0.094991036,0.015840968,0.33994198,-0.07971449,-0.0065259035,-0.17568848,-0.0010905014,-0.2839488,0.123689435,-0.035525084,-0.008656509,-0.406459,0.036266558,-0.047016785,-0.076801404,-0.18598408,0.20223798,-0.248709,-0.12862241,-0.13169949,-0.09788732,-0.0098098125,0.019262347,-0.012374317,0.020223191,-0.12255734,0.19895124,0.15025236,-0.014240656,-0.19510244,-0.1229494,-0.031038309,0.11038722,0.20888704,0.1192274
TCGA-BH-A0DI-01A,-0.06787395,0.0019815103,0.21879287,-0.0018785319,-0.13872892,0.13663897,0.10112023,0.22517753,-0.06797886,0.034917947,-0.032613013,0.009011755,0.0019706178,0.24725883,0.1091808,0.040225156,-0.082741536,0.44019952,-0.020961486,-0.25550747,-0.099169604,0.06505316,-0.022769945,0.120986246,-0.08878572,-0.035987336,-0.40638968,0.0026623916,0.05055519,-0.23094483,0.047111943,0.24912453,-0.15732712,-0.21171303,-0.044186234,-0.06484504,-0.15938042,0.017805371,-0.07842928,0.014714912,-0.012351147,0.1119128,0.060659472,-0.050305232,-0.04349752,-0.10090368,-0.13076048,-0.045124207,0.085843116,0.107900195
TCGA-BH-A0W5-01A,-0.21657312,0.01817689,0.12187831,0.06405958,-0.21271586,0.25756505,-0.025434062,0.031639077,-0.09784746,0.031423222,-0.15962976,-0.114612676,0.07858249,0.3840725,0.28004497,-0.010503688,0.054823108,0.23967445,-0.053733263,-0.20899189,0.020734586,-0.015289321,0.038328167,0.18436132,0.049403053,-0.05964097,-0.38327244,-0.028187247,0.060308382,-0.043600187,-0.03503241,0.17345123,-0.1712215,-0.14214721,-0.18164021,-0.13093646,-0.121847704,0.05457993,-0.063288905,0.022151211,0.0052326536,0.042054817,-0.024096899,-0.13503464,-0.12049019,-0.09187506,-0.06690536,0.11310585,0.15053517,0.0033636964
TCGA-BH-A1ES-01A,-0.19011194,-0.047493353,0.18105838,0.01780236,-0.23538181,0.22589742,-0.006465274,0.032671694,-0.18298118,-0.046431206,-0.0726567,0.120179415,0.08071208,0.3658822,0.03528047,0.06226562,0.09296721,0.21192764,-0.13298437,-0.238923,-0.18739422,0.012104461,-0.14841335,0.23629881,0.032539044,0.07992466,-0.34493166,0.053337682,0.07781271,-0.07590244,-0.032637313,0.10805161,-0.09895869,-0.12062338,-0.12216703,-0.028401814,-0.02666277,-0.13009045,-0.0028463188,0.0024764615,0.01934251,0.068328604,0.09670965,-0.1375041,-0.023653572,-0.1934105,-0.072952144,0.1478449,0.20078145,0.1683122
TCGA-A1-A0SH-01A,-0.16960633,-0.053089537,0.056586478,-0.009035703,-0.1453451,0.07757391,0.064338505,-0.052366335,-0.22723,0.09709135,-0.06900603,-0.016350547,0.0763342,0.27492568,0.120259784,0.037048873,0.09388184,0.41584742,-0.08250793,-0.13212062,-0.067799084,-0.116398074,0.020711059,0.20692243,-0.044595078,-0.030962307,-0.29989317,0.04047442,0.106532685,-0.1767713,0.017777305,0.07363417,-0.28912038,-0.099242344,-0.048269633,-0.23557673,-0.103529304,0.06450265,-0.059991598,0.10653571,-0.011107256,0.11760262,0.10088642,-0.18494773,-0.17499447,0.05397781,-0.06334863,0.1577319,0.23588002,-0.0041902335
TCGA-AR-A255-01A,-0.049615048,0.11457259,0.095673546,-0.0006098895,-0.18554893,0.114654146,0.057571974,-0.04747259,-0.22242644,0.051525604,-0.11112369,-0.037635855,-0.0051046694,0.35565573,0.18318221,-0.13606381,0.09453179,0.16868998,-0.037687544,-0.28735116,0.036886804,-0.027419839,-0.19961584,0.1915514,-0.07690551,-0.020643346,-0.30158216,0.06976864,-0.099416524,0.021503408,0.0024210522,0.058131043,-0.058066197,-0.24487352,-0.14137374,-0.21544775,0.011306789,0.12050805,-0.0013964613,0.018768972,-0.21413486,0.08073714,0.08716643,-0.033321433,-0.1308577,-0.19631483,-0.0744982,0.046575647,0.26801288,0.14378083
TCGA-BH-A0AU-01A,-0.0876761,-0.09809752,0.06553387,0.15351704,-0.16798407,0.1687243,0.13595906,0.022981055,-0.09902384,0.0315413,-0.102219515,-0.011751627,0.059359875,0.25870076,0.14851065,0.018182654,0.08249487,0.081981115,0.0019889676,-0.110496804,-0.0025935688,0.20248094,-0.22637986,0.053219482,-0.17670922,0.13965902,-0.39007655,-0.11758007,-0.14271647,-0.12972833,-0.11297809,0.058350053,-0.18290669,-0.23638324,-0.07633168,-0.18835096,-0.04698238,-0.03467168,-0.070960864,-0.23582742,-0.06944489,0.17939124,0.049335234,-0.22982934,-0.12743981,-0.10810273,-0.18160917,0.052650094,0.10256284,0.113333136
TCGA-B6-A1KI-01A,-0.07772639,0.06511092,0.22782852,0.014909575,-0.0068741813,0.024395356,0.023004515,0.05587773,-0.12956841,-0.068577744,-0.15082861,-0.00826894,-0.090206884,0.2534174,0.252642,-0.12718812,-0.014307155,0.295382,0.11811624,0.01579765,-0.04464105,0.063645706,-0.16577247,0.069451675,-0.09121279,0.050456267,-0.28953958,0.047354132,0.00027180856,-0.14873682,-0.018018652,0.24323894,-0.32701305,-0.21521604,-0.12748016,-0.10822648,-0.14798543,0.12990989,0.095166475,0.02237741,-0.09134723,0.09122894,0.08376271,-0.07238564,-0.24041703,-0.12908551,0.06177848,0.06844389,0.15580349,0.22880803
TCGA-BH-A1EW-01A,-0.0455699,-0.023951318,0.24876602,0.34064892,-0.22319987,0.15731652,0.06883078,0.105774574,-0.15137506,-0.115159094,-0.055683166,-0.035192657,0.061032172,0.18860738,0.06879835,-0.020804545,0.07886856,0.19836889,0.02804326,-0.06898502,-0.054480396,-0.05299915,-0.08729613,0.09173306,-0.21407133,0.073066175,-0.4048625,0.046937317,-0.059623998,-0.20733939,-0.028719272,0.104185045,-0.120118886,-0.09579355,-0.17936285,-0.22044952,-0.10349732,0.19525908,-0.031975135,0.038124032,-0.021715632,0.07616446,-0.0056021437,-0.15198778,-0.016673518,-0.015026109,-0.1635212,0.096354894,0.20857927,0.17433648
TCGA-BH-A1EV-01A,-0.19127308,0.19100901,0.1508218,0.14116323,0.034053486,0.16697605,-0.087024204,0.03542352,-0.12792535,-0.008437603,-0.015433496,0.11233035,0.028340133,0.30668515,0.116446376,0.018184561,0.07481772,0.3345968,-0.1060908,-0.23348735,-0.010793666,0.09297068,-0.18946217,0.09921409,-0.022420121,-0.026252147,-0.36026153,-0.050066367,-0.045604024,-0.19012676,-0.036996715,0.03194908,-0.24292357,-0.24186836,-0.078109846,-0.16764799,-0.09319191,-0.01837094,-0.024336265,0.048830602,-0.06998711,0.17924415,0.08619112,0.011301228,-0.062379297,-0.008873022,-0.13020766,-0.032151666,0.16371103,0.19838619
TCGA-C8-A1HI-01A,-0.09427119,0.11623216,0.2006084,0.113276824,-0.124128394,0.08203975,0.02169204,-0.06177357,-0.20557232,-0.13094264,-0.13909471,-0.053392537,0.057311777,0.24261187,0.15220597,-0.13435651,-0.06192428,0.33189276,0.10596616,-0.10997213,0.0756164,0.06956913,-0.13596733,0.20411547,-0.06367528,-0.1286336,-0.26684543,0.004433946,-0.14763448,-0.1731586,-0.108422704,0.071248494,-0.052483775,0.021744655,-0.056643378,-0.31741196,0.031773288,0.022211146,-0.002917028,-0.029597448,-0.039484277,0.21286277,0.18070665,-0.061709654,-0.17779621,0.045909017,-0.14119174,0.15417781,0.24742743,0.11457221
TCGA-AR-A2LR-01A,-0.09216556,0.1468943,0.13644776,0.05452684,0.0027469816,0.19611895,-0.04258695,-0.08042997,-0.31851012,0.0065379725,-0.016762178,-0.16081178,-0.03598629,0.19262537,0.1808642,-0.07149484,-0.007902624,0.22783811,-0.03472987,-0.30877155,-0.06863507,0.10842424,-0.07538508,-0.035054516,-0.06493797,0.11395276,-0.35982487,0.06189395,-0.003480687,-0.10953356,-0.063643195,0.11583554,-0.13679537,-0.22402862,-0.0034893928,-0.24257568,-0.15501514,0.08369741,-0.06597705,0.11817694,-0.014078266,0.17532124,0.11568792,-0.028087193,-0.14229873,-0.1531735,0.015626257,0.0104276,0.21080112,0.18741862
TCGA-E9-A1RB-01A,-0.18525678,-0.021853859,0.2050066,0.25355473,-0.1858821,0.119893365,-0.1555187,0.06854252,-0.24586241,-0.02204361,-0.044543926,-0.07027818,0.13535865,0.13081054,0.16230394,-0.06216826,0.0694463,0.19901368,-0.04871756,-0.2374586,-0.12413868,0.16082267,-0.060465865,0.062191974,-0.062055487,-0.099753045,-0.23724969,0.005757466,0.0040621376,-0.1500693,-0.037703786,0.07279862,-0.30371386,-0.23584874,-0.05866197,-0.2030761,-0.03598263,0.09455365,-0.14351219,0.14867584,-0.11428089,0.1440624,0.120142154,-0.13921213,-0.1791862,0.070503004,0.047888625,0.05423437,0.028764807,0.19988868
TCGA-E9-A2JT-01A,-0.30011976,-0.012561791,0.1792186,0.03417998,-0.124357805,0.118201576,-0.1481069,0.032054197,-0.21857892,0.0002923008,-0.09089247,0.010885966,0.065972194,0.27510452,0.15183231,0.07307863,0.011252226,0.1333758,0.016730659,-0.44755283,0.10577805,0.1547853,-0.15815736,-0.027286291,-0.17356585,-0.021059394,-0.20348057,-0.04793626,-0.12576683,-0.08962656,0.029376874,0.16697632,-0.16419931,-0.21222036,-0.06753538,-0.05835734,-0.09388192,0.11144357,-0.09841275,0.0523897,0.013934937,0.043441147,0.1998412,-0.02826529,-0.10339427,0.08248995,0.06907878,0.12603562,0.20601724,0.12723042
TCGA-C8-A278-01A,-0.028155828,-0.06646706,0.309808,0.13517275,-0.16559806,0.2067754,-0.005314525,0.16304791,-0.15897267,-0.04952847,0.064134195,-0.10977572,0.06496829,0.17673075,0.13239795,-0.20443429,0.044241305,0.11151566,0.06015919,-0.09343582,0.050481394,0.09502523,-0.08542178,0.16955177,-0.07611696,-0.07392381,-0.21918468,-0.022662042,-0.017259588,-0.23381267,-0.06932845,0.023504373,-0.26128763,-0.25797215,-0.26367337,-0.19195542,-0.014016011,-0.035205934,0.010775088,0.08879324,-0.066357285,0.14281745,0.16060004,-0.2120815,-0.16955115,-0.01049663,0.0034549946,-0.019851826,0.13474135,0.23865528
TCGA-GM-A2DI-01A,-0.07733678,-0.07460267,0.09743599,0.091481715,-0.11112922,0.08428753,0.109699376,0.054414637,-0.21860874,0.061645947,-0.019109767,0.119211376,0.030713603,0.20812763,0.18280005,0.08762264,0.03630208,0.28582624,-0.017362319,-0.17492086,0.04542048,0.12500325,-0.06373956,0.22526157,-0.05790565,0.13995427,-0.40117133,-0.0005914823,-0.0111298105,-0.199698,-0.114654735,0.14167465,-0.28581572,-0.120235264,-0.08566775,0.04001043,0.091624364,0.14091174,-0.08725872,-0.025248101,-0.08921233,0.13406318,0.102814026,-0.19267583,-0.107928805,-0.029103234,-0.048518047,0.038615484,0.24914733,0.21790515
TCGA-PL-A8LX-01A,-0.2071105,0.06749087,0.23997602,0.22650978,-0.15965733,0.11924633,-0.030164808,0.05083377,-0.14441618,-0.070716515,-0.060972296,0.04349094,-0.060635418,0.22777763,0.083045036,-0.10220467,0.03320157,0.14147991,-0.07916625,-0.18540624,-0.119143195,0.14992681,-0.18056117,0.14923811,-0.05693282,0.13113393,-0.2967892,-0.07217802,-0.093560226,-0.073658355,0.10741948,0.09564379,-0.09793973,-0.06716023,-0.14552401,-0.13740951,-0.20969255,0.052067313,-0.005727788,0.04736516,-0.18765803,0.23963416,0.15548775,-0.21139583,-0.18457511,0.09463274,-0.031773668,0.1167753,0.22883627,0.13970637
TCGA-S3-AA12-01A,-0.15766488,-0.121363446,0.09905313,0.011039034,-0.1729402,0.06346272,-0.04045104,0.033045296,0.037019216,-0.10873286,-0.06330511,-0.0010708995,0.013734872,0.28414497,0.15635705,0.07865299,0.19040048,0.25959858,-0.16404553,-0.25892934,0.024693202,0.006837595,-0.12629025,-0.03957475,0.0029617285,-0.020325989,-0.27929583,0.01197564,-0.1736254,-0.1571834,-0.11677612,0.12886989,-0.16256867,-0.2758977,-0.00976344,-0.25006938,-0.05030354,0.06884283,-0.13442424,0.08521196,-0.1407995,0.21742259,0.105984,-0.047360264,0.0060008294,-0.0531369,-0.13218686,0.11249815,0.27529883,0.13595478
TCGA-E2-A1LH-01A,-0.19415279,0.10763737,0.17202786,0.13144743,-0.19810587,0.017339254,0.04378492,-0.024458908,-0.18503512,-0.0059764306,0.03807398,-0.08707666,0.12773246,0.2543629,0.21069212,-0.032921676,0.021387337,0.29610544,-0.009619436,-0.035561737,-0.04051949,-0.09575768,-0.070646435,0.08252584,-0.1620718,-0.075709045,-0.28719845,-0.10578252,-0.018573405,-0.078057714,-0.14168462,0.18431099,-0.26831532,-0.12137531,-0.15986635,-0.097469896,-0.24266203,0.061389178,-0.08389347,0.10893014,-0.061540287,0.120855436,0.1502337,-0.0702815,-0.10257481,-0.057942055,-0.0977094,-0.032457843,0.20418325,0.2798464
TCGA-A1-A0SK-01A,-0.10574239,0.0014079061,0.15783052,0.0055675665,0.0038958946,0.26428658,-0.09422571,0.15449418,-0.11578419,0.013436742,-0.051674727,0.059432793,-0.006977118,0.26130384,0.13074982,-0.027594857,0.087014854,0.29660606,-0.037851628,-0.14550652,-0.0839464,0.061121758,-0.154618,0.057834286,0.015549597,-0.060439542,-0.30921122,-0.097363755,-0.0685703,-0.27395758,0.021565072,0.07360333,-0.2720212,0.06282792,-0.110179834,-0.20736374,-0.12613684,0.033816922,-0.18064232,0.16832593,-0.053105097,0.2052513,0.05309023,-0.110069804,-0.20218208,-0.014327664,-0.13192804,0.14623086,0.07474832,0.21917932
TCGA-AC-A23C-01A,-0.08838747,0.004002949,0.26606584,0.035980947,-0.15029086,0.16795707,0.14970215,-0.054412533,-0.060638353,0.031614307,-0.19937828,-0.03748252,0.025501639,0.14429256,0.21595523,0.06313917,0.011130028,0.19877337,-0.23694463,-0.22447737,0.026576675,-0.002426286,-0.0029869038,0.056892257,-0.057604488,-0.09855089,-0.3940733,-0.024737714,-0.10080708,-0.15898722,-0.05282535,0.018324737,-0.0969128,-0.14689258,-0.07248988,-0.19382742,-0.08488784,0.17335218,-0.12235966,-0.021643275,-0.09103667,0.06727405,-0.143286,-0.054252226,-0.18991902,-0.059589684,-0.08145739,0.05583464,0.2904894,0.2680078
TCGA-AR-A0TX-01A,-0.22574061,-0.14672196,0.06882509,0.03747197,-0.17404191,-0.05352498,-0.061069757,0.015679529,-0.16763991,0.018727195,0.027648654,0.0726037,-0.081939444,0.27178878,0.09182733,-0.1275108,0.051982794,0.17048533,-0.019631207,-0.29965624,0.02167509,0.030712295,-0.115944795,0.0038535327,-0.100819305,0.030731767,-0.39296263,0.0128009375,-0.043814883,-0.12480955,-0.15392336,0.18853927,0.016010178,-0.2187223,-0.05834056,-0.30002874,-0.055144522,0.012526275,-0.14735523,0.07797739,-0.018712493,0.18095218,-0.074192576,-0.14093159,-0.11033055,-0.054114528,0.03521528,0.17766583,0.24460658,0.16286068
TCGA-E2-A15I-01A,-0.046150193,-0.021397827,0.1751227,0.07144779,-0.076479666,-0.055016253,-0.14200026,0.14056665,-0.13839318,0.04368666,-0.09702969,-0.029362828,-0.058280956,0.2767518,0.17160055,-0.024722544,0.105613634,0.26265904,-0.03744688,-0.18008876,0.01121178,-0.011048577,-0.10924239,0.20848933,-0.12523064,0.16652484,-0.4243385,-0.0134846,0.040609997,-0.15923476,-0.10715047,0.034193084,0.035632823,-0.28077605,-0.17390992,-0.1706699,0.025286723,0.037466984,-0.1274833,-0.06771132,-0.2148471,0.045720074,0.18904513,-0.02595513,-0.09004963,0.05861173,-0.0708434,0.1341424,0.23605531,0.03487938
TCGA-A2-A0YC-01A,-0.27565286,-0.07619994,-0.0017283953,0.10894467,-0.093203306,0.09048188,0.031226479,0.033955015,-0.12415178,-0.11271107,-0.166902,-0.26917547,0.11702653,0.2172556,0.13495338,-0.11295291,-0.018499311,0.32318208,0.04605351,-0.24761175,0.13786155,0.0040475917,-0.115513004,0.06690655,0.026992947,0.0015664236,-0.38706517,0.1255655,0.018090207,-0.103070386,0.024400666,0.1608343,-0.1629425,-0.15042484,0.007969429,-0.1860404,-0.014447225,-0.03709136,-0.1645518,-0.035215937,-0.14796405,0.05406344,-0.07964636,-0.1661994,-0.031091496,0.012921766,-0.07583216,0.13633922,0.19876,0.14398396
TCGA-LD-A74U-01A,-0.13135245,0.07998208,0.15611334,-0.11900971,-0.18018219,0.27601022,-0.10839571,-0.046536297,-0.1281517,0.034635488,-0.13594535,-0.15165558,0.04044003,0.29012272,0.28533468,-0.058072668,0.0031409692,0.14355448,-0.02707355,-0.24002218,0.03031522,-0.025210906,0.065133125,0.25637984,-0.09725959,-0.0023840512,-0.40031096,-0.11912649,0.013709084,-0.06332506,-0.039533738,0.027123198,-0.15584502,-0.22258292,-0.028503295,-0.023210065,-0.024360204,0.03919196,0.007411453,0.013964284,-0.19037703,0.17630973,0.07013659,-0.15466915,0.0076611848,-0.1891899,-0.12079236,0.10771501,0.090594605,-0.026071887
TCGA-A8-A0AD-01A,-0.13550141,-0.09655658,0.20694935,-0.030701792,0.021626066,0.062535346,0.088399984,-0.046837334,-0.08108308,0.010801332,-0.025264818,0.05201966,0.06383614,0.23357615,0.15842833,-0.02516503,0.14782465,0.3688283,-0.008666343,-0.19971654,0.016208552,0.13149793,-0.07812315,0.22680347,-0.14491542,0.022622438,-0.35741425,-0.04309621,-0.14872633,-0.24033079,0.10612652,0.07797771,-0.10458339,-0.24029309,-0.1986725,-0.18412183,-0.01258735,0.011212205,-0.06727386,-0.0053113117,-0.074805446,0.1640617,0.16747744,-0.21696821,-0.13229889,-0.10271184,-0.08533278,0.0066695213,0.05903583,0.07132579
TCGA-5T-A9QA-01A,-0.09863401,0.067097366,0.19312073,0.18710178,-0.18024264,0.040643074,0.06696945,0.1364563,-0.14138216,-0.020191684,-0.19663464,-0.1585797,0.10039706,0.18243617,0.006908519,-0.04431788,-0.07466485,0.39531735,-0.030144896,-0.31683755,0.012521545,0.10217356,-0.059928767,0.08152093,-0.06659594,-0.14602003,-0.26889682,-0.13129853,0.071974315,-0.22280672,-0.09383619,0.16202216,-0.20228232,-0.060159873,-0.030900706,-0.18030302,-0.099714786,0.041840024,-0.077609256,0.04985369,-0.16252345,0.035075475,0.11390001,-0.03690803,-0.038781703,-0.14701326,0.096233144,0.051231496,0.21423472,0.12804848
TCGA-BH-A0HB-01A,-0.08209287,0.021769194,0.1873531,-0.026713613,0.011404851,0.14205153,-0.13885942,0.02779353,-0.060728535,0.013710881,-0.03729035,-0.010776887,0.0656614,0.21133143,0.23639287,0.010778895,-0.06994149,0.48599517,-0.11004791,-0.16618788,-0.010137224,-0.0031648346,0.03776132,0.025536366,-0.15756008,-0.06006489,-0.3822688,-0.0077803987,-0.0447233,-0.19859177,-0.02284621,0.13058639,-0.18452156,-0.15349625,-0.11774398,-0.21296386,-0.0027796165,0.053791728,-0.13629965,-0.061996266,-0.07626865,0.14461957,0.15944213,-0.11623118,0.03665396,0.025154931,0.0025266835,0.19852982,0.15088226,0.1328243
TCGA-AQ-A0Y5-01A,-0.017873134,-0.09820399,0.20206591,-0.04191998,-0.108229764,0.119282484,-0.08045096,-0.008287236,-0.15714347,-0.05843598,-0.16874519,-0.05871959,0.00548435,0.22563952,0.11063026,-0.03160593,0.023033278,0.28335756,0.15056439,-0.15900628,0.0093127545,-0.08893519,-0.100544125,0.028447518,-0.13367243,-0.040865153,-0.3012224,-0.13005885,-0.10504617,-0.12616484,-0.05465292,0.056294717,-0.29475307,-0.19548018,-0.09866405,-0.19808142,-0.073542066,0.15876259,-0.13089056,0.15988587,-0.11948986,0.1568874,0.02738345,-0.090500064,-0.07288912,-0.122757055,-0.001617836,0.22129011,0.22871098,0.2567092
TCGA-E9-A1R0-01A,-0.08570322,-0.14500368,0.23475572,-0.05490025,-0.02569494,0.05533346,0.033711053,0.0967165,-0.1924438,0.05353991,-0.064852186,-0.062012397,0.019266544,0.2890386,0.13922352,-0.032089442,0.07337206,0.17405444,0.012313583,-0.22958252,0.102464765,-0.15715611,0.055911697,0.055604234,-0.09964847,0.016034715,-0.47494152,-0.09514376,-0.1623852,-0.03629408,0.113542736,0.17170857,-0.1897399,-0.12122472,-0.07161811,-0.19607708,-0.07867529,0.120661005,0.012577108,-0.042760883,-0.09525831,0.13303635,0.19646117,-0.16107179,-0.0303075,-0.0093641,0.013882734,0.020299066,0.24839899,0.17479607
TCGA-B6-A0RO-01A,-0.31725898,-0.02259739,0.12842093,0.15628476,-0.026091533,0.04164632,0.058330923,0.07629524,0.043916166,-0.18694377,0.027099522,-0.088407524,-0.009300557,0.2544396,0.21644075,-0.13107371,0.0053402097,0.24798506,-0.13320304,-0.20980719,-0.04120285,-0.010816089,-0.160737,-0.06770206,0.0025331178,-0.021585377,-0.3117724,-0.010407143,0.04594958,-0.08132456,-0.08433557,0.17493187,-0.26602143,-0.114140846,-0.13023844,-0.26799446,0.012392235,-0.0067979787,-0.0944618,0.020999745,-0.16085796,0.18325928,0.10725066,-0.2649472,-0.14429937,0.008043633,-0.08493802,0.08082466,0.11193738,0.042332437
TCGA-D8-A4Z1-01A,-0.07748397,-0.14209966,0.17719865,0.02181107,-0.11638994,0.07622823,0.0149916,-0.0022144702,-0.17311822,-0.047030978,-0.092230506,0.09464916,0.13898003,0.15730803,0.10468234,-0.14397155,0.20386317,0.34862953,-0.089826696,-0.14844455,-0.21091884,0.12572895,-0.08615902,0.23832369,-0.058597773,-0.00024707828,-0.22001079,0.06525111,-0.117437184,-0.25285968,-0.00018968673,0.040576577,-0.2214333,-0.2794838,-0.10724309,-0.044114895,-0.026807478,-0.08000638,-0.18084177,0.050787605,-0.0619822,0.14499485,-0.05571938,-0.21408263,-0.09779061,0.028481988,0.04797309,0.16397582,0.18027523,0.122040436
TCGA-AR-A0TR-01A,-0.106329724,-0.04994499,0.18289438,0.098340884,-0.11648107,0.054866612,-0.035825454,0.122002386,-0.09305252,0.09623397,-0.07268367,-0.0879622,0.026744988,0.21545234,0.12789331,0.00772066,0.13493712,0.14563446,0.0034741263,-0.13256246,-0.13134246,0.071132354,-0.22698006,0.09105039,0.091554046,-0.07214647,-0.29577133,0.048324537,-0.052993864,-0.16877335,-0.18076536,-0.07816361,-0.26626915,-0.21200791,-0.07251392,-0.19047491,-0.08967328,0.059254408,0.02995507,0.037787776,-0.14408608,0.2576853,0.22133173,-0.20248237,-0.29101074,-0.09485636,0.061425775,0.038088057,0.17771007,0.15599293
TCGA-D8-A1JJ-01A,-0.13644601,0.07376285,0.26794097,0.13742171,-0.21084538,0.09059853,0.014165756,0.07844228,-0.0218068,-0.13460901,-0.07122362,-0.045608934,-0.0076231323,0.35367873,0.19178931,-0.067895524,0.0069872607,0.25962725,0.049407482,-0.17061935,-0.085271,0.03561513,-0.16988406,0.07231295,-0.12114183,-0.036398657,-0.2543893,0.04789191,-0.0006208176,-0.121957526,-0.15584427,-0.086731754,-0.1710553,-0.21669686,-0.05074346,-0.2609384,-0.09606711,0.11881292,0.008750859,0.00419534,-0.07245999,0.21234727,0.22264057,-0.10785213,-0.13683064,0.0072599105,-0.058641106,0.08316973,0.16255227,0.15878494
TCGA-EW-A6SC-01A,-0.11211545,-0.03006842,0.26283178,0.06111816,-0.09118091,0.14451642,0.014765706,0.0953856,-0.1280354,-0.0027411317,-0.102053806,-0.063291505,-0.06484804,0.16223474,0.21070506,0.055650823,0.1024407,0.19349653,-0.044594936,-0.17174603,0.019312505,-0.14913419,0.0007716451,0.09947954,0.0027698753,0.05832251,-0.4088692,0.07166833,-0.02812018,-0.1152548,0.040476996,0.15073296,-0.16654766,-0.06845574,0.0062472243,-0.29608372,-0.11786623,0.017396314,-0.09805045,-0.14809036,-0.23523681,0.108785175,-0.09156739,-0.31307065,0.017724572,-0.104416884,-0.0848371,0.13764527,0.24066056,0.07453235
TCGA-AR-A0TQ-01A,-0.09733321,0.15482768,0.10057183,0.089164004,-0.1134365,0.07950809,0.14448398,0.0656934,-0.095233776,0.033901736,-0.008779297,-0.031634215,0.124736145,0.40843037,0.16017918,-0.17075014,-0.06003445,0.19579966,0.024080262,-0.15956938,-0.2137966,0.047064245,-0.11227348,0.113881245,0.02584767,-0.10391441,-0.39120778,0.10408383,0.034665704,-0.13044332,-0.04187447,0.13483584,-0.15669239,-0.14833248,-0.08526192,-0.27073765,-0.020755585,0.100409776,0.022099294,0.031565454,-0.10923465,0.068605304,0.18582256,-0.17957024,-0.021184085,0.023415735,-0.12924069,0.059425298,0.16036877,0.17652985
TCGA-BH-A0HY-01A,-0.20709048,0.036231346,0.17615078,0.14082533,-0.07228824,0.12536146,0.0841142,-0.07569328,-0.04754084,0.046768617,-0.13289303,0.0058406508,-0.008445967,0.27545014,0.33544934,-0.049635675,0.04281409,0.21246386,0.06259138,-0.14022695,-0.16319034,-0.07969419,-0.14372148,0.015417822,-0.17072257,0.12871143,-0.30811694,0.11898772,-0.10616573,-0.28327414,-0.03147176,0.03994758,-0.23260878,-0.20083849,-0.04362467,-0.118759826,-0.047194365,-0.004299048,-0.057004344,0.033584367,-0.12829813,0.10209284,0.0038954038,-0.0051034647,-0.23570448,0.032985985,-0.02514028,0.17740637,0.2227407,0.049168516
TCGA-D8-A27E-01A,-0.13562267,-0.21261087,0.15603325,0.004977177,-0.20265199,0.07491781,0.028327113,-0.022115268,-0.12513147,-0.040561322,0.04383181,-0.08608636,-0.002797825,0.20972145,-0.024042312,-0.087863766,0.100702256,0.2304679,0.037569374,-0.14001073,-0.05519822,0.09094014,-0.030445296,0.13594423,0.017726045,0.04236683,-0.4762052,0.1179968,0.007583795,-0.26082605,0.04460076,0.108220115,-0.1303305,-0.11499905,-0.09067561,-0.13808718,-0.019914066,0.0630431,-0.29964048,-0.013228507,-0.08980696,0.023374107,0.24243581,-0.22793154,-0.10479895,-0.03912074,-0.05554107,0.08792227,0.22152893,0.04442357
TCGA-BH-A0B9-01A,-0.141591,-0.022248602,0.13237855,-0.0021241046,-0.20761485,0.19953825,0.010267583,0.13351335,-0.13345487,0.009224269,-0.049176503,-0.21061458,0.08533858,0.08546287,0.04451645,0.008189288,0.13882585,0.06591349,-0.10535186,-0.37741873,0.02552281,-0.052197807,-0.107777014,0.048926387,-0.081167735,-0.06269286,-0.3487836,-0.04619377,-0.16242911,-0.09961923,-0.23357122,0.2019728,-0.312204,-0.09487456,-0.067916594,-0.21630073,-0.055996638,-0.009726655,-0.11096449,0.0066020074,-0.049816597,0.11117527,-0.034352224,-0.1099622,-0.1565092,-0.08532334,-0.087014355,0.073067136,0.25026354,0.101864696
TCGA-B6-A0RE-01A,-0.25064078,0.07782497,0.35999006,0.12426383,-0.11510358,0.06936946,0.008009592,-0.0015669747,-0.23510309,0.018478407,0.027737917,-0.13047744,0.053383216,0.23988813,0.12514277,-0.008359546,0.105980635,0.20958956,-0.1630772,-0.08647141,-0.038129196,0.10722401,-0.17669685,-0.021926831,-0.1374989,0.06422787,-0.2845349,0.11106382,0.01654652,-0.16523723,-0.039525695,0.019065944,-0.18887867,-0.18441705,-0.09144195,-0.14846964,0.0770162,0.03044069,-0.14407362,0.120666735,-0.05275816,0.20668049,0.1524448,-0.03471684,-0.1572614,-0.08497905,-0.059179977,-0.008579772,0.27607614,0.12146736
TCGA-E9-A1RF-01A,-0.18763553,-0.11458879,0.34696466,-0.023090899,-0.095331684,0.099052735,-0.048888758,0.1339503,-0.08804751,0.16846502,-0.081918284,-0.017645815,-0.06299042,0.23058748,0.1573418,-0.26001105,-0.03667206,0.32944816,-0.023199974,-0.1443074,-0.06766435,0.036780693,-0.028103944,0.12978601,-0.08041141,-0.10486238,-0.22843282,0.014767046,0.0068424344,-0.12456061,0.03952438,0.20549063,-0.19447628,-0.2433822,-0.084350094,-0.0953603,-0.014299565,0.008016994,0.048824478,0.11236771,-0.029833723,0.17012067,0.13407998,-0.20390455,-0.15371579,-0.02216445,-0.12634312,0.12683396,0.09788262,0.17651029
TCGA-D8-A27P-01A,-0.0572766,-0.083868384,0.16270211,0.027612353,-0.22658256,0.22440374,-0.040749576,-0.102626204,-0.12167788,0.062313583,-0.056986418,-0.06966471,-0.0154107055,0.1980105,0.1064568,-0.012517694,0.13172786,0.20481256,-0.1228878,-0.24034044,0.061115358,0.06646492,-0.09265008,0.16148546,-0.19101238,-0.031449053,-0.23805228,0.055421248,-0.0076975967,-0.2986795,-0.08657833,0.049207915,-0.083362885,-0.2092917,-0.06500791,-0.29924324,-0.0544166,0.063810065,-0.05154168,0.0947156,-0.06748986,0.19638284,0.042055216,-0.16214168,-0.045275606,-0.056607276,0.19829519,0.15502642,0.21712662,0.22212356
TCGA-AC-A7VC-01A,-0.2139124,0.02548964,0.25750005,-0.017555974,-0.111512244,0.009785846,-0.011034053,-0.031226348,-0.086311266,0.061006334,0.069406554,0.0001560741,0.08902204,0.18081187,0.097042084,0.14072074,0.06872643,0.28025854,0.061175518,-0.18147588,-0.11536006,0.018508993,-0.055245344,0.1272228,0.015760176,0.18708356,-0.41285634,0.061636824,0.07218477,-0.08871994,-0.094861805,0.16780029,-0.26827273,-0.064732805,-0.14638326,-0.1684714,-0.10220059,0.20222902,-0.2454995,-0.0069129444,-0.100352794,-0.033107985,0.059471373,-0.15032053,-0.16479841,-0.050129626,-0.021488084,0.075722195,0.19756684,0.15851045
TCGA-AR-A2LE-01A,-0.15623583,0.07243662,0.120600216,-0.035589464,-0.17132182,0.16106729,-0.0031653391,-0.090860106,-0.16533025,-0.014470257,-0.016377196,-0.094833136,0.053305738,0.17936482,0.1884719,-0.037074823,0.15785217,0.29441935,-0.22102664,-0.32662174,0.032302376,0.03348414,-0.08506784,0.15926854,-0.029930666,-0.028220925,-0.29196128,-0.042357,0.051652264,-0.29643768,-0.07080695,0.11164798,-0.1715739,-0.080613144,-0.098805174,-0.18321574,-0.11212814,0.027279027,-0.040605947,0.22135329,0.07957085,-0.0057546236,0.124554075,-0.037147548,-0.14548458,0.01882779,-0.15275158,0.18553263,0.19292222,0.024975391
TCGA-C8-A26Y-01A,-0.14032559,-0.004272081,0.24596928,0.022900853,-0.16154705,0.14888495,-0.048469614,0.060800817,-0.057912372,0.04302792,-0.010885387,-0.05739771,-0.083841056,0.16820715,0.24538496,-0.068719424,0.05025803,0.12258479,0.015708808,-0.00015195367,-0.043020472,0.08888413,-0.024152752,0.042470936,-0.17822611,0.03850252,-0.30666023,0.0124696335,-0.12725611,-0.09273202,-0.21356575,0.032860678,-0.27163875,-0.09832788,-0.20703633,-0.16315964,-0.12472372,0.186484,-0.15533288,-0.048219558,-0.13674642,0.1317045,0.13876256,-0.17210111,-0.23046154,-0.069772035,0.09234628,0.10041286,0.23178987,0.28679097
TCGA-E2-A1LL-01A,-0.21169846,0.1370319,0.29610714,0.041703243,-0.12419263,0.09651597,0.015400864,0.15083647,-0.22891657,-0.048615675,-0.18887009,0.013563467,0.12675492,0.27820253,0.17966329,-0.09452923,0.051908378,0.18311456,-0.05742878,-0.123058386,-0.05445823,-0.07994982,-0.07246447,0.033020582,0.026276419,0.020863365,-0.3148439,0.038864747,0.056243032,-0.22255045,-0.08067631,-0.020800682,-0.19373935,-0.23066741,-0.1493851,-0.18577226,-0.07368077,0.043826368,0.0420923,0.13077141,-0.028316807,0.18460384,0.124281734,-0.15843616,-0.09608934,-0.04501772,-0.10378637,0.017119788,0.21437514,0.15714726
TCGA-A2-A0YT-01A,-0.11547175,0.17921507,0.23742944,0.059825253,-0.09556398,0.12843078,0.03236623,0.10511809,-0.10933183,-0.04202879,-0.09025506,-0.024855742,0.24810645,0.15679187,0.13508971,-0.08381233,0.05812382,0.34768143,-0.048539322,-0.04817239,0.051772486,-0.049678694,-0.110988185,-0.019414106,0.07250747,-0.032560326,-0.39597988,0.027354153,-0.123974435,0.021260815,-0.07550093,0.12353036,-0.16634813,-0.12022885,-0.1950724,-0.24440749,-0.03445596,0.025892863,-0.093485005,0.04399626,-0.030264808,0.13119547,0.13600534,-0.065074295,-0.14923887,-0.13219362,-0.12117826,0.07526049,0.2472873,0.24696311
TCGA-AR-A1AY-01A,-0.18292426,-0.019289782,0.10556211,0.17801228,-0.18164097,0.08850414,-0.07375267,0.1121682,-0.14334328,-0.058094736,-0.02022567,-0.044639233,-0.06106342,0.19048415,0.18778798,-0.162175,0.05985611,0.21059665,-0.023618026,-0.2907644,-0.10247757,-0.062495418,-0.10958604,0.13458319,-0.05605747,0.012379807,-0.37849644,-0.032201797,0.020207139,-0.22181034,-0.0780911,0.15584202,-0.09878215,-0.088901065,-0.037867483,-0.08789234,-0.15569343,0.14473157,-0.08043671,-0.1391306,-0.119143635,-0.028775001,0.11481238,-0.18854657,-0.018776936,0.07910285,0.012168634,0.08268686,0.3909746,0.05821443
TCGA-AR-A24P-01A,-0.18389058,0.032090895,0.17284176,0.009134006,-0.014019858,0.15810905,-0.049568947,-0.12172682,-0.27359298,-0.14093173,-0.1104406,-0.15987162,-0.08281536,0.11930665,0.058260486,0.07895202,-0.10347708,0.27177906,-0.10516194,-0.29847783,-0.10360935,-0.034573402,-0.08657058,0.020735849,-0.10411574,0.055481456,-0.40581378,0.021151228,0.05935185,-0.081890374,-0.008102059,0.20574547,-0.12498432,-0.21098855,-0.23537871,-0.009973394,-0.16437592,0.067258485,-0.014504593,0.008672147,-0.13267393,0.17630862,0.071927704,-0.08337697,-0.14811768,0.06788089,-0.04456977,0.06324385,0.22891161,-0.008463986
TCGA-C8-A1HE-01A,-0.28932002,0.020218402,0.20663524,-0.055893686,-0.13787618,0.17114082,0.0873094,0.15173198,0.009271639,0.047855034,-0.07531229,0.060200058,0.040279545,0.20909284,0.09133193,-0.049842365,0.11144516,0.1006114,-0.10482621,-0.1882474,-0.104253985,0.018123988,0.023477674,0.1934546,-0.08483385,0.07672891,-0.38984996,0.13490984,-0.04730555,-0.150967,-0.107483566,0.11007122,-0.15172482,-0.22363795,-0.116640925,-0.19282936,0.0058829887,0.09686959,-0.22786248,-0.06722772,-0.078649975,0.11148614,0.099938065,-0.16167311,-0.07350968,-0.14046158,-0.004354096,0.15269968,0.19351742,0.20695582
TCGA-AC-A7VB-01A,-0.23847984,0.05751722,0.036884345,0.0058237454,0.030629802,0.122508496,0.07902784,0.019846959,-0.26368573,0.046503767,-0.03777581,-0.05420262,0.085385405,0.18440083,0.20880963,-0.064424805,0.021374892,0.19781446,-0.07321554,-0.24093951,-0.006134376,-0.14325593,-0.006531595,0.16497599,0.029472634,0.11916987,-0.40522227,-0.031262603,-0.04906338,-0.20464467,-0.03012868,0.13699307,-0.23691872,-0.17842294,-0.067856975,-0.17110886,-0.053920634,-0.03841816,0.009518687,-0.0060811504,-0.15016556,0.16705903,0.29381186,-0.1510918,-0.08763157,0.100195505,0.003948929,0.12034009,0.059943296,0.18417579
TCGA-AC-A2FO-01A,-0.2942635,-0.07565811,0.25006944,-0.044535037,-0.03808383,0.14796253,0.04491952,-0.120462105,-0.084847875,-0.06374152,-0.047952738,-0.06240981,-0.031100322,0.17183945,0.112038426,-0.05312049,0.0048258104,0.2607021,0.08100702,-0.29424194,-0.09933395,-0.0086706765,-0.02612192,0.07108218,-0.017909754,0.11524926,-0.2965533,-0.0802349,-0.031385913,-0.20821753,-0.023173122,0.0376286,-0.24602737,-0.29430798,-0.11141829,-0.17928758,0.022958487,0.091151044,-0.1240745,0.017161975,-0.072512254,0.13930872,0.122086525,-0.005101221,-0.12436048,-0.055220913,-0.06599987,-0.092647225,0.3470961,0.033587094
TCGA-B6-A0RS-01A,-0.2620357,-0.04395448,0.16859157,-0.0050926125,-0.10698968,0.11698829,0.07187761,0.120937996,-0.13345648,-0.038269687,-0.023733282,0.042209998,0.036167365,0.07344925,0.16232516,-0.054750852,-0.035007913,0.30338776,-0.040526055,-0.14250594,-0.17214976,0.074621744,-0.09814363,-0.015804812,-0.11089373,-0.120397985,-0.35168728,-0.014000421,-0.038035367,-0.16969953,-0.1388676,0.07389887,-0.19962183,-0.27854186,-0.060611077,-0.19360636,-0.18600336,0.008704101,0.034923814,0.10644353,0.024833707,0.13377517,0.1377622,-0.16877338,-0.043973584,-0.08987303,-0.16064942,0.094810985,0.20340791,0.27279824
TCGA-A1-A0SB-01A,-0.05858338,0.16259621,0.11924217,0.08880932,-0.13489473,0.17735596,0.052731473,0.16651328,-0.16997789,-0.07101243,-0.07999873,0.047662377,-0.14514148,0.15188889,0.10484608,0.10360037,0.13007306,0.2236232,-0.109350696,-0.2468705,-0.11094412,-0.04409138,-0.10701977,0.06264336,-0.04559867,-0.014671353,-0.42185682,0.03507446,-0.031029839,-0.036955457,-0.099394776,0.14790498,-0.29871705,-0.19590388,-0.07675479,-0.13324974,0.0322395,-0.04994361,-0.030499317,-0.027687632,-0.2104525,0.19318129,0.14155002,-0.17932522,0.015398166,-0.09133669,0.17900269,-0.040422004,0.19942091,-0.045292344
TCGA-EW-A2FS-01A,-0.121738814,-0.124505475,0.26607776,0.07565992,-0.026619114,-0.007072613,0.018701846,0.12049243,-0.10956417,-0.08884792,-0.13470945,0.005644521,-0.06971831,0.32710162,0.19834986,0.028549813,0.025090057,0.38009676,-0.0933043,-0.22241475,-0.09626063,-0.0041262056,-0.1513881,-0.0049367934,0.1107389,0.17324473,-0.2058541,-0.06435982,0.03865696,-0.2706732,-0.07768183,0.10790887,-0.16511124,-0.21621628,-0.0021889803,-0.20801844,-0.0072969827,0.09670598,-0.075922735,-0.026368437,-0.052019842,0.04864201,0.0139079,-0.20153096,-0.070852235,0.032436978,-0.115976185,0.025301449,0.22481722,0.14479472
TCGA-B6-A1KC-01B,-0.20080297,0.0878564,0.30954865,0.14207576,-0.23006728,0.036965195,-0.09867978,0.031086175,-0.07250185,0.14844622,-0.017738199,-0.07773609,0.116557024,0.2915346,0.15582323,0.0012879885,0.08390051,0.18279298,-0.020357668,0.023444118,0.0032720817,-0.015649427,-0.058744043,0.10563127,-0.04352772,-0.05434645,-0.28592008,-0.06410646,0.028258847,-0.13430732,0.015467542,-0.05896737,-0.11791358,-0.12191327,-0.09069155,-0.24562219,-0.042078547,0.013070296,-0.09951314,-0.005921377,-0.13755487,0.12110686,0.20783791,-0.22595304,-0.17662881,0.020506736,-0.060878705,0.19419971,0.30764234,0.20043968
TCGA-A1-A0SQ-01A,-0.206656,-0.044999458,0.13543417,-0.004463241,-0.14658538,0.19304849,-0.0010331838,0.10181713,-0.034382652,0.005640393,-0.107336976,0.014472314,0.08083334,0.13028196,0.23747124,-0.010875205,-0.05754276,0.2106544,0.035008222,-0.18123892,-0.16874224,-0.04029087,-0.0025240595,0.112893075,0.01575395,-0.033972412,-0.3911437,0.03789518,0.05755475,-0.17031582,-0.13816988,0.18288182,-0.1631354,-0.2647764,-0.09070053,-0.28820217,-0.0038167879,-0.1602028,0.006105274,0.07458526,-0.003916213,0.2056769,0.09195154,-0.2446637,-0.024161136,-0.15960152,-0.1248684,-0.0072453693,0.1937783,-0.018771641
TCGA-AC-A4ZE-01A,-0.08569411,0.06959475,0.2821025,0.12147523,-0.07208911,0.048448022,-0.0016537074,0.03763173,-0.07495496,-0.021160416,-0.012275057,-0.059055842,-0.014529235,0.26858893,0.14638016,-0.19256315,-0.038666107,0.34083498,0.095071666,-0.15956241,0.10081224,-0.008991875,-0.048081685,-0.07695405,-0.13125679,0.1291555,-0.36868414,-0.08983411,-0.06274736,-0.24868113,-0.07992256,0.06415376,-0.22167286,-0.20133789,0.003332795,-0.25479156,-0.03235218,0.20601724,0.0040330663,0.095330425,-0.01795554,0.0748125,0.099534586,-0.10091668,-0.14123936,0.02557739,0.017365607,-0.0077388287,0.08008927,0.24192949
TCGA-A2-A0T5-01A,-0.17126888,-0.051972557,0.16778024,0.034093507,-0.14686896,0.16644427,0.05090488,-0.037074134,0.0011284376,0.0065468834,-0.13951315,0.08097036,-0.0064703403,0.107566275,0.06855127,-0.046975918,-0.15604858,0.09122357,0.10496793,-0.31822163,0.080629766,0.0125218015,-0.0022327092,0.026839051,-0.13092868,0.0032373196,-0.47575867,-0.1702778,-0.11754495,-0.2787889,0.007863339,0.17492956,-0.21969314,-0.10212306,-0.113754645,-0.095302224,-0.14585006,0.15309057,-0.09181828,0.020789849,-0.12583247,-0.0889796,0.1561815,-0.041606925,0.038526513,-0.053389043,-0.001585766,0.11950177,0.2823616,0.106234625
TCGA-D8-A1JF-01A,-0.20541438,-0.008140348,0.10123965,0.13049681,-0.042023446,0.17148803,0.07149756,-0.01110232,-0.13137546,0.099312395,-0.029329354,0.018207403,0.08025769,0.2927199,0.17080113,-0.108736806,0.15954441,0.24132498,0.051180247,-0.31172195,-0.16149968,0.165979,0.044786748,-0.0064738006,-0.031428363,-0.028895175,-0.22063668,0.008600468,0.07209821,-0.096067436,-0.10677982,-0.065554515,-0.27172625,-0.054733925,-0.017333902,-0.2815452,-0.024730472,0.034731016,-0.03862125,0.085603416,-0.17450798,0.11051165,0.10993433,-0.17457631,-0.15576404,-0.06324219,-0.059729487,0.28059578,0.16797298,0.14732723
TCGA-A7-A56D-01A,-0.06770993,-0.08147813,0.10916982,-0.040458824,-0.070343025,0.09161664,-0.0124920495,0.087024756,-0.11378934,0.05564818,-0.07041616,-0.07548288,-0.074523926,0.2657765,0.14552003,3.2223656e-05,-0.01016589,0.14513825,-0.059741735,-0.072633184,0.05792475,-0.16857514,-0.013127489,0.08155671,-0.21450561,0.092999116,-0.41777542,0.06210045,-0.080870524,-0.22969243,-0.15353374,0.2514149,-0.06287083,-0.05833265,0.009570451,-0.15036102,0.007036475,-0.04339414,-0.16185091,0.16620646,-0.12769096,0.12533087,0.21868199,-0.1184809,-0.087007344,-0.083969675,0.082015365,0.25603843,0.2746158,0.20084842
TCGA-GM-A5PV-01A,-0.1532161,0.05964784,0.20664792,-0.10553219,-0.15823703,0.03368299,-0.1479298,0.11413971,-0.1972322,0.0006858027,0.004502906,-0.049594846,0.07473056,0.3591388,0.070003614,-0.029693946,-0.037121534,0.20446551,-0.023400705,-0.15680775,-0.073803425,-0.09087917,-0.006057135,0.18514419,-0.098847605,0.097199656,-0.47319126,-0.092899024,0.020672025,-0.05574895,-0.007995022,0.034776933,-0.21168667,-0.23467448,-0.20937769,-0.15226105,0.11740546,0.17303428,-0.10830831,0.1363197,-0.031112377,0.14836572,0.056453716,-0.09262567,-0.008104988,0.008876676,-0.014041849,0.096677415,0.10213481,0.087139845
TCGA-A2-A4S2-01A,-0.067834,0.10324288,0.0707417,0.010112686,-0.1463441,-0.057821263,0.019436758,0.12813866,-0.07913935,-0.058127493,-0.099024646,-0.111373626,-0.00076320727,0.22719714,0.17633179,0.026642714,0.07662987,0.10901138,0.06023925,-0.17632052,-0.08380581,0.067363225,-0.0074513187,0.16990048,-0.23725982,-0.047798797,-0.4573234,-0.12629902,-0.0761998,-0.15300329,0.060616743,0.2540073,-0.24360342,-0.22423117,0.09067221,-0.24979933,0.026810214,0.0571201,-0.14071488,0.014213143,0.015469429,0.17656326,0.057889644,-0.18909943,-0.0064720716,-0.0008423572,-0.068134606,0.21465209,0.14988767,0.028001266
TCGA-A2-A0SX-01A,-0.2051384,-0.048716493,0.23704845,0.08774724,-0.12678477,0.05104576,0.1880455,0.041207194,-0.17502,0.02372214,-0.11997461,0.008067522,0.03831382,0.27496797,0.23742609,-0.07571963,0.031155705,0.05396742,-0.08298131,-0.030923668,-0.026685959,-0.010962786,0.0040550297,0.09960274,-0.1032203,-0.036060818,-0.42244616,0.05515854,0.012225379,-0.08532687,-0.04571172,0.048479687,-0.21556976,-0.21592039,-0.11697297,-0.2080483,-0.010941803,0.17318179,-0.10925159,0.096800074,0.0041283257,0.06391916,0.23299913,-0.08575667,-0.18855837,0.086115174,-0.048844885,0.15737215,0.20985122,0.20463678
TCGA-BH-A0E0-01A,-0.08453785,0.029217308,0.29322025,0.18280496,-0.042938463,0.17522284,-0.046340767,0.09197921,-0.13292813,-0.048481196,-0.065585546,-0.15013595,0.016743196,0.22590879,0.18688068,0.09521355,0.021859169,0.11354768,0.019641235,-0.07783236,-0.065441735,0.055506848,-0.101867825,0.05024375,-0.08261029,-0.0027638199,-0.37880698,-0.038335342,-0.04416155,-0.16690122,-0.028467137,0.15278253,-0.13132478,-0.1864669,0.014978822,-0.28144166,-0.24359591,0.11537547,-0.17613907,0.03360815,-0.06995412,0.21490423,0.061747443,-0.05477498,-0.104265824,-0.18048874,-0.14788277,0.16404632,0.16055797,0.17115584
TCGA-S3-A6ZG-01A,0.052745294,0.005576571,0.12842603,0.2556214,-0.17271575,-0.016649738,0.014350108,0.14921054,-0.058252815,0.09208085,-0.107610844,-0.02544051,0.20727852,0.18561096,0.22684309,-0.07314102,-0.025371967,0.29317304,-0.021514978,-0.20068456,-0.18774994,-0.024295537,-0.00573306,0.072216555,-0.018798752,0.11753661,-0.42053103,0.12678064,-0.124942124,-0.086495385,0.021840347,0.09628793,-0.13802919,-0.17882447,-0.032353178,-0.27295277,-0.030770514,0.101940885,-0.02730726,-0.08749957,-0.077903,0.033914927,0.16629176,-0.027140405,-0.2186369,-0.056499057,-0.099208936,0.17562911,0.10598541,0.106104374
TCGA-C8-A1HL-01A,-0.18800297,0.0065227635,0.23802249,0.1161854,-0.022648493,0.12813285,0.011841732,0.05148826,-0.10986161,0.072795264,-0.11969986,-0.07394245,0.11463325,0.17094706,0.0945494,-0.13662249,0.060318593,0.23530795,-0.0071122088,-0.13047785,0.0037077577,0.029889965,-0.01641012,0.13938564,0.03925138,-0.015079108,-0.35041717,-0.086575404,0.042351846,-0.10978771,-0.16025366,0.15236047,-0.2875564,-0.19525932,-0.035746563,-0.15390363,0.02777767,0.018134303,0.13570787,0.008216229,-0.036700137,0.1896109,0.15267798,-0.28247607,-0.13131787,-0.13340092,-0.14820671,0.08135092,0.19821368,0.25969097
TCGA-A2-A0EU-01A,0.019898836,0.016148664,0.27886754,0.030808954,-0.0049741953,0.16942705,-0.10841446,0.13840713,-0.19540249,0.06821577,-0.080669284,-0.05673235,0.084736004,0.21158223,0.19468354,-0.14155716,-0.03168134,0.18744947,0.13838707,-0.13591774,-0.07407687,0.02588796,-0.22622572,0.04564377,0.03587689,0.002993266,-0.36532134,-0.07005957,0.06873877,-0.10571076,-0.092952885,0.058426086,-0.20356506,-0.21948785,-0.107525766,-0.31909758,-0.111329615,-0.07106786,-0.06299176,0.026622217,-0.096634045,0.08401493,0.1202028,-0.08497751,-0.16381694,-0.03378486,-0.083552025,0.2595602,0.1552474,0.09009229
TCGA-D8-A1XU-01A,-0.16757333,-0.06756863,0.10059511,0.004527955,-0.1232963,0.044784263,0.08299959,-0.035999395,-0.044858117,-0.0330911,-0.07802343,-0.1138746,-0.095462576,0.24000661,0.24977651,-0.067953445,0.037996642,0.14362422,0.04309701,-0.30288237,-0.08744183,0.024555417,-0.06779743,0.15441819,-0.14136508,0.080914855,-0.45422083,-0.039412383,-0.028155442,-0.21813233,-0.06290803,-0.029973088,-0.17046468,-0.054465663,-0.15678762,-0.13049334,-0.14623383,-0.006900919,-0.18021427,0.13331886,-0.12798452,0.15121754,0.0022138634,-0.022388797,-0.05114231,0.028171357,-0.19733669,0.16367744,0.09638413,0.26915658
TCGA-E9-A54Y-01A,-0.021517526,0.11480412,0.14802565,0.12869266,-0.0960565,0.00053832127,-0.07616066,0.17345183,-0.2351907,0.055086076,-0.1131669,-0.10757953,0.096317105,0.3626948,0.13138601,0.0074553387,0.16600999,0.19542386,0.016633475,-0.18768126,0.10052209,-0.0896761,-0.02359731,0.062094707,-0.11852183,0.04289433,-0.32833514,0.019330857,-0.07816286,-0.20624475,-0.03405587,0.122778766,-0.19949545,-0.064005665,-0.15545389,-0.16236903,-0.13146304,0.047734298,-0.1580356,-0.009986345,-0.14886913,0.22820915,0.12101435,-0.122768864,-0.041187655,-0.19811945,-0.0029638465,0.15676332,0.17039037,0.10751814
TCGA-AR-A1AU-01A,-0.12816456,0.08064956,0.26494002,0.06821988,0.010479663,0.10785051,-0.09941396,-0.05671333,-0.08768108,0.10074295,0.03610879,-0.058523297,0.08484591,0.3839007,0.11086562,0.023192098,-0.042595606,0.13798901,-0.090186246,-0.40750402,0.10949082,-0.05925092,-0.09064707,0.0115858875,-0.050449602,0.11337962,-0.28924644,0.054968297,0.08233794,-0.10885585,-0.07192309,0.07515892,0.047586493,-0.27818617,-0.13197994,-0.24611548,-0.10249251,0.09890204,0.030227609,0.07226274,-0.071539454,0.11108637,0.121777475,-0.17485473,-0.13147178,-0.102806054,0.086381905,0.09723165,0.11916833,0.1762805
TCGA-OL-A6VO-01A,-0.047343597,-0.05195288,0.15085454,0.06927669,-0.01477171,0.14428256,-0.14266674,-0.039825134,-0.2530788,-0.0033344142,-0.0044368077,-0.019766973,0.050906226,0.12717678,0.13862348,-0.15391396,0.19271907,0.095441915,-0.1357491,-0.11074987,0.026775103,-0.02746841,-0.038397945,0.08048568,-0.1564816,-0.06884087,-0.32688877,-0.048164148,0.13312142,-0.18645066,-0.044526123,0.096558414,-0.30131122,-0.25352985,-0.007900334,-0.25226107,-0.16998845,0.17498887,-0.13244082,0.07528918,-0.15316264,0.13952707,0.07600032,-0.05902759,-0.14143686,0.00010236106,0.05985971,0.23701493,0.24585472,0.12625735
TCGA-E9-A1R4-01A,-0.10101766,0.088337615,0.08995687,0.13263512,-0.063789226,0.19162542,-0.13575567,-0.009288343,-0.115655206,0.04037972,-0.15593508,0.11250313,0.055588365,0.2353502,0.25254506,-0.05718042,0.037734047,0.2937675,-0.04338359,-0.1639961,0.14846168,-0.0133148385,-0.18354893,0.22735654,0.005449379,0.062228307,-0.34091377,-0.078008436,-0.09821261,-0.11499995,0.15330386,0.11007836,-0.14610085,-0.24515913,-0.09499258,-0.13109136,0.0054000816,-0.0012624973,-0.0792162,0.016270623,-0.14225854,0.14159064,0.12843743,-0.048698984,-0.21439679,-0.083161734,-0.122209124,0.06329205,0.19005428,0.17138104
TCGA-AR-A0TZ-01A,-0.16421077,-0.014436788,0.19145113,0.15663284,-0.042598963,0.12950085,-0.009627015,0.053907536,-0.1526175,-0.06749532,0.0894419,-0.023906728,0.12779,0.21283306,0.1518361,-0.22535428,-0.012443484,0.108568326,-0.14449166,-0.20308752,0.053469166,0.022774467,-0.106771715,0.16441883,-0.11141693,0.09824962,-0.36511296,0.038901526,0.045405183,-0.04831451,-0.00670129,0.27023482,-0.10556331,-0.20425087,-0.05184906,-0.2578536,-0.20473807,0.01293318,-0.11582084,0.051239017,-0.22442193,0.11005336,0.09167149,-0.26418504,-0.10677036,-0.042250372,-0.04432587,0.11093149,0.13562836,0.03534905
TCGA-GM-A2DF-01A,-0.18968636,-0.044113375,0.23285516,0.047267463,-0.0823917,0.07517164,-0.009344119,0.06545255,-0.06835416,0.04194037,0.04630089,-0.116236866,0.087844424,0.21195357,0.18310595,-0.072365955,-0.0015814088,0.351675,-0.029878706,-0.1770587,0.11059914,0.116957106,0.0063724737,-0.08981302,-0.15979189,0.17352419,-0.454129,-0.11451832,0.07450376,-0.18783525,-0.10714143,0.045839295,-0.192959,-0.21578152,-0.036278952,-0.045869928,0.037222736,0.09098317,0.03971687,0.15749098,-0.14874949,-0.011913394,0.021337602,-0.101392895,-0.1452375,0.027052809,-0.17420578,0.08376848,0.15932557,0.123016246
TCGA-AQ-A7U7-01A,-0.17883973,0.0072454526,0.24426639,0.06327498,-0.17247185,0.15543047,-0.04232358,0.1545125,-0.1236702,0.037111405,-0.054488905,-0.060158435,0.059998393,0.35454455,0.07153576,0.15686695,0.09281824,0.19776995,-0.08667037,-0.36673224,0.0059401225,-0.06145736,-0.042912915,0.14420535,-0.012183274,-0.09881564,-0.25805244,-0.097611405,0.07447016,-0.051359568,0.072780296,0.1208272,-0.107849345,-0.2602638,-0.0839379,-0.15822569,-0.13207604,0.034588758,0.024654144,0.044084366,-0.1133021,0.11809699,0.10842831,-0.085585885,0.05799382,0.04908296,-0.07991986,0.043517176,0.17517585,0.29815644
TCGA-D8-A1XA-01A,-0.07411618,0.039086763,0.22815087,0.12064577,0.0008597234,0.18780363,-0.028198197,-0.02683011,-0.20056446,0.015135127,-0.09128904,0.039989762,-0.050672628,0.3019247,0.17904538,-0.0014767684,0.0012376737,0.22826058,-0.029478934,-0.26916584,0.11368413,-0.0621595,-0.13370228,0.085020505,-0.10781583,-0.18156567,-0.3560934,0.044748187,0.17395204,-0.11822303,-0.013372421,0.12330938,-0.18989103,-0.12835051,0.0022443763,-0.2422941,0.0005408907,0.048299238,0.009260729,-0.08337711,-0.15357332,0.12392708,0.21238907,-0.09243867,0.12511158,-0.09275119,-0.11809052,0.0067709824,0.24702893,0.024453519
TCGA-E2-A1IO-01A,-0.11119279,0.057936877,0.12553082,0.12997566,-0.05001318,0.09163655,-0.013881208,0.13297108,-0.11172508,0.036617678,-0.09050621,-0.0027057596,-0.084165215,0.26637018,0.1955001,-0.016232893,0.06899064,0.18789573,-0.12661624,-0.2168348,-0.13536781,-0.079357736,-0.10776111,-0.02164474,-0.06389024,0.0019073144,-0.46417433,-0.05948625,0.0026971118,-0.25714865,-0.1998911,0.0556392,-0.2639167,-0.17232412,-0.1673586,-0.119969405,-0.04188932,0.07747484,-0.19817819,-0.007283787,0.021061637,0.13324685,0.082536355,-0.24384426,-0.14444888,-0.050869998,0.01952519,0.09479693,0.062329315,0.047103938
TCGA-LL-A73Y-01A,-0.104717426,0.0036990957,0.16489501,-0.04874284,-0.07953181,0.051508375,0.04719679,0.071459986,-0.19890292,-0.0072219176,0.09272682,-0.1619309,-0.026870823,0.13099389,0.10060478,-0.22483154,0.002431341,0.22557808,-0.04495089,-0.20115091,-0.11788425,0.11587338,0.00115223,0.09077791,-0.035786036,-0.2094448,-0.4199337,0.16611119,-0.055438213,-0.17755745,-0.13653731,0.13936071,-0.16429394,-0.1998396,-0.061688256,-0.34887737,-0.04362786,0.036063462,-0.016335296,-0.044050418,-0.24454668,0.18243165,0.06583132,-0.064885564,-0.07112981,-0.042606972,0.05119208,0.09436224,0.14670554,0.0075324737
TCGA-AR-A24H-01A,-0.13172208,-0.03394978,0.09947024,-0.004123327,-0.0096126655,0.10526612,0.005693075,-0.087741174,-0.09087537,0.05499501,-0.093445025,-0.0044848295,-0.0652518,0.3579604,0.09806886,-0.0387715,-0.103906356,0.20297422,0.014041299,-0.12385621,-0.07476608,0.055482674,0.00786268,0.006616377,-0.025023831,0.08402785,-0.31872395,0.097077556,-0.030801931,-0.12323289,-0.058472555,0.1457426,-0.31240803,-0.221887,-0.11960315,-0.28990442,-0.10432144,0.13569783,-0.12877676,0.12322022,-0.063288055,0.27243593,0.14283961,-0.07924667,-0.23483464,-0.094448455,-0.07643568,-0.025276482,0.09892118,0.2486857
TCGA-BH-A0WA-01A,-0.012869805,-0.020529011,0.27681395,0.031501815,-0.041584753,0.029938452,-0.019417157,0.20179397,-0.20731924,-0.014103712,-0.091277346,-0.12013288,0.043941215,0.2007772,0.14954033,-0.095254265,-0.008475517,0.27583885,0.029159984,-0.08744821,-0.030121703,-0.17932436,-0.097544864,0.06586333,-0.11890091,-0.015690329,-0.40544516,-0.06426542,-0.10480809,-0.15856381,-0.05285248,0.19038478,-0.11406882,-0.20491676,-0.03821937,-0.251084,-0.0015476149,0.11579287,-0.0029286705,0.18241933,0.035173856,0.0312518,0.14991868,-0.16207287,-0.24389228,-0.035855763,-0.10534344,0.15122025,0.16888498,0.09161845
TCGA-OL-A66N-01A,-0.21769871,-0.03761717,0.102640584,0.122866124,-0.15190247,0.064784445,0.0004966192,0.098304555,-0.141262,0.03437956,-0.013982234,0.06841196,0.017002475,0.29225272,0.28683054,-0.08709758,0.051308695,0.24785718,-0.06845914,-0.15031211,-0.099284664,-0.121424235,-0.07728011,-0.051598147,0.006477365,-0.051925518,-0.34312388,-0.07959737,0.019954411,-0.09808106,-0.061007433,0.022963582,-0.1602585,-0.20714451,-0.031263575,-0.31462774,-0.1122302,-0.045977745,-0.041237988,0.12813944,0.04032394,0.081363015,0.07959013,0.07273784,-0.17421353,-0.01476701,0.0044232905,0.076862216,0.24906658,0.31875762
TCGA-B6-A0WX-01A,-0.053156063,0.07773899,0.1562127,0.2950091,-0.090755254,0.14584088,0.10955543,-0.013439861,-0.24649104,0.023163784,-0.02315806,-0.055012494,0.07425065,0.29243132,0.1981729,-0.053172246,0.12841852,0.25480637,0.060375772,-0.20993547,0.03882276,0.06359568,-0.06657102,-0.013282572,-0.12666006,0.020245329,-0.32821238,-0.08188238,-0.03967532,-0.17235862,-0.1126689,0.25370258,-0.16271365,-0.19702086,0.009711539,-0.21626052,-0.08319683,-0.012746005,0.011092749,-0.025498187,-0.045969713,0.19961788,0.05241992,-0.033246323,-0.21782279,-0.058328543,-0.031647373,0.18011926,0.029716097,0.10248116
TCGA-OL-A5RY-01A,-0.15560392,-0.12918937,0.330415,0.07429818,-0.24797003,0.17642565,-0.06745262,0.09423822,-0.016038015,0.021409268,-0.039937258,-0.100045346,0.16514246,0.17338163,0.15198319,-0.01980102,0.02310634,0.16985986,-0.1513973,-0.257085,0.007770129,0.046098363,0.04083954,0.059318542,-0.029189294,0.020400045,-0.3928963,-0.11785516,0.01420813,-0.13597749,-0.16804092,0.048741654,-0.24624252,-0.17043851,0.067398906,-0.15504056,-0.11876761,0.013638038,-0.14814459,0.1096688,0.012038426,-0.056488197,0.23591071,-0.029789211,-0.13955489,-0.021241002,0.14230207,0.06972609,-0.022173164,0.1693309
TCGA-WT-AB41-01A,-0.09107068,-0.023692084,0.15419652,0.07978689,-0.058526438,0.091068596,0.07271702,0.13881204,-0.14420556,-0.050751805,-0.036195647,-0.15233961,0.05871651,0.29838958,0.033732925,0.022980561,0.019373333,0.23231289,0.008653157,-0.18116193,-0.027533812,-0.013936677,-0.15159519,0.18642235,-0.21936914,0.18068005,-0.24208005,-0.19677795,0.103675015,-0.11319692,-0.27046543,0.21484059,-0.23030865,-0.19621265,-0.04316606,-0.12937434,-0.06554912,0.095822394,-0.11956779,-0.032887157,0.08042327,0.06722141,0.232728,-0.12981461,-0.048604395,0.0013194071,-0.05546518,0.032295816,0.24237779,0.1719585
TCGA-A2-A1G4-01A,-0.13369218,0.1037836,0.13500568,0.019414706,-0.1356764,0.06435158,0.040993504,-0.03793787,-0.15567555,0.019472413,-0.0472721,0.026225,-0.08608663,0.26218763,0.11955911,0.060498364,0.02484297,0.21184634,-0.12222146,-0.109171286,-0.14204149,-0.018294558,-0.06445997,0.13748893,-0.006320088,0.05455056,-0.41837573,-0.021317737,0.08240141,-0.31271866,-0.037823338,0.07438777,-0.21623702,-0.32002485,-0.07601508,-0.18669137,0.025632925,-0.014305253,-0.13438989,0.10278834,0.099101454,0.13148162,0.022971362,-0.27883598,0.006024839,-0.047480326,-0.021302853,0.13140433,0.11827697,0.20194347
TCGA-D8-A1X7-01A,-0.015486474,0.052788273,0.30851907,-0.023161585,-0.11691042,0.03219313,0.07362951,-0.10086234,-0.11464557,0.008311074,-0.10671947,-0.1777204,-0.04785232,0.27030498,0.10067666,0.052318644,0.15369487,0.17118457,-0.09698238,-0.16535899,-0.05314044,0.015271398,-0.14323121,0.038113806,0.009637542,0.029566936,-0.27925563,-0.09770808,0.07053856,-0.20179264,-0.09794579,0.11854269,-0.23721336,-0.28853908,-0.12882663,-0.17078753,-0.013877305,0.046462756,0.061870486,0.15645406,-0.123611465,0.1977053,0.12153582,-0.25752604,-0.05024782,0.11428353,-0.051722027,0.18040603,0.2061174,0.09645901
TCGA-B6-A409-01A,-0.10362952,0.016020376,0.1350017,0.2534271,-0.09801367,0.011351779,0.014915851,0.12743212,-0.18934202,0.017516265,-0.068244696,-0.14286721,0.046444852,0.25438693,0.23275875,-0.09202056,-0.018847875,0.24397394,-0.035366815,-0.1339526,0.11607052,0.06515911,-0.122212924,0.04411527,0.07788291,-0.015132269,-0.22183111,-0.010968683,0.056410626,-0.12801123,-0.10910524,0.055736188,-0.26236922,-0.1440734,-0.19629034,-0.29863638,0.0037453494,0.040832132,-0.063474484,-0.026298795,-0.12186678,0.14714691,0.12816115,0.0095408335,-0.24711522,0.032325428,-0.13244608,0.12782663,0.28377306,0.18025108
TCGA-E9-A1NE-01A,-0.114234105,0.010874358,0.14627011,-0.0512651,-0.017243516,0.108156495,-0.0032499817,-0.03909392,-0.3237232,-0.0970576,-0.12391964,-0.0008527512,0.111247756,0.30979455,0.2878439,-0.12701848,0.038422883,0.28370923,-0.06663204,-0.1213686,-0.17487583,0.11587172,0.007983567,0.13471654,0.021070693,0.07078829,-0.3176646,-0.061442636,0.086759105,-0.10892922,-0.1243579,0.16406356,-0.20333913,-0.0984274,-0.15173824,0.01851797,0.019977309,0.09876987,-0.03798238,0.21321186,0.0020809057,0.1437722,0.09057121,-0.18538433,-0.08297063,0.07455035,-0.058453493,0.025218256,0.22054915,0.13134511
TCGA-AC-A8OQ-01A,-0.058890607,0.090214275,0.20409043,0.16017367,-0.08103515,0.1150007,-0.015222091,0.0010515236,-0.06298513,0.05580767,-0.17618094,-0.01939447,0.13802627,0.14396568,0.27700987,-0.1090991,-0.08421142,0.31928703,-0.013728262,-0.15991165,0.13148138,-0.107664816,-0.1781199,-0.0461612,-0.11500688,-0.04949099,-0.35115272,0.02354984,-0.11764308,-0.063072436,-0.10731166,0.14056295,-0.26270562,-0.066341914,0.0010494005,-0.22263472,-0.026799832,0.02162827,-0.03289376,0.01833661,-0.106223464,0.1844999,0.0107054915,-0.16464205,-0.12294116,-0.023726061,-0.1679707,0.14611083,0.2415781,0.16202727
TCGA-C8-A1HF-01A,-0.046497107,-0.17981811,0.2848924,0.06381109,-0.08421922,0.037120618,0.08650042,0.14411585,-0.23939976,-0.026790533,0.052175973,-0.04426494,0.05613051,0.29652447,0.19206586,-0.13558233,-0.05908515,0.17579734,0.027116016,-0.1370838,-0.02567414,-0.11784126,-0.16353999,0.00772815,0.03861168,0.040921733,-0.36099476,-0.086060986,-0.011235386,-0.11305334,-0.16463436,0.09523033,-0.20590524,-0.10187202,-0.07803122,-0.15022227,-0.16297889,0.18193874,-0.0021694032,0.019673068,-0.21672451,0.15825683,0.1808837,-0.058778014,-0.12480846,-0.03684501,-0.092601486,-0.14258356,0.14355513,0.18198462
TCGA-D8-A1XC-01A,0.022714004,0.06854459,0.21882002,0.09020082,-0.04668615,0.13383694,0.009277998,0.023420218,-0.14135566,-0.077242725,-0.05528702,0.10636565,0.08806322,0.19129388,0.18109283,-0.092876144,0.110981755,0.27345186,-0.05190706,-0.14846021,0.10368429,0.021379001,0.008030841,-0.0076020854,-0.029620739,-0.028698936,-0.3787794,0.03133111,0.03538398,-0.07008985,-0.19415662,0.15633975,-0.22559543,-0.24949606,-0.26286045,-0.12095654,-0.21060158,0.025200164,0.006069546,0.14722563,-0.17012933,0.038253367,0.032669883,-0.2599094,0.07327607,-0.044566993,-0.0478926,0.17515685,0.22348616,-0.03827832
TCGA-E9-A24A-01A,-0.2062315,-0.003187407,0.17821787,0.0063021514,-0.071078405,0.27404508,0.10502486,0.04516572,-0.09079345,0.054699436,-0.04937382,-0.0067455093,0.105648056,0.19206913,0.17409755,-0.08492636,0.116767034,0.2638044,-0.12933597,-0.33703414,-0.11556301,0.018428978,-0.08152888,0.04392792,-0.08369615,0.07073301,-0.36776105,0.0014772997,0.0863985,-0.1455431,-0.00680467,0.036301654,-0.3301237,-0.10248809,-0.040584996,-0.065777585,-0.021285672,0.13731049,-0.041733325,-0.004629525,-0.04630494,0.030538883,0.10050195,-0.2132475,-0.20759247,0.020562906,0.05875788,-0.038258605,0.25645888,0.025806177
TCGA-D8-A27N-01A,-0.17436574,0.14783739,0.124705106,0.034921583,-0.15595426,0.2731118,-0.010905102,0.08375683,-0.09878352,0.043482184,-0.050482374,0.016029315,-0.023168726,0.16694528,0.17028582,0.010336018,0.12331879,0.27176017,-0.028841613,-0.21883784,0.09206926,0.12131054,-0.13495956,0.057779066,-0.109741665,-0.0073737195,-0.40398648,-0.09023777,0.03486328,-0.20476228,0.058119804,0.18604988,-0.18730716,-0.18607715,-0.07020864,-0.209646,-0.056052208,-0.0077664866,-0.15044838,0.21599318,-0.02305201,0.04441488,0.056497764,-0.18796112,0.03408173,-0.20726272,-0.08653752,0.04425457,0.1381407,0.033081107
TCGA-E9-A1RE-01A,-0.23959146,0.07246146,0.16359136,-0.018861433,0.0863805,0.045688976,0.03774119,0.007095128,-0.11525806,-0.03658899,0.046252504,-0.115816206,-0.093601,0.30643955,0.14883742,0.036026333,0.063656166,0.22501265,-0.06795627,-0.29733405,-0.052948978,-0.0018720824,-0.06157763,-0.017106118,-0.043580275,-0.021579925,-0.4184205,0.009963818,-0.021805879,-0.19889496,-0.0023759215,-0.034053653,-0.30387488,-0.146744,0.022721374,-0.19901244,0.013391304,0.072262056,-0.027163595,0.0033181082,-0.095166005,0.18598932,0.15114668,-0.098619364,-0.040351238,-0.11332268,-0.15341547,0.05473971,0.15336475,0.26207206
TCGA-LL-A5YL-01A,-0.1971003,-0.013757762,0.17762062,0.0008471538,-0.2026644,0.15199375,-0.005223475,-0.061347384,-0.121559106,-0.09397463,-0.015949665,-0.051046997,0.115537316,0.3579896,0.017196229,-0.113677874,0.12717044,0.16068923,-0.046940066,-0.19436578,-0.042955864,0.11592984,-0.0647682,0.07687781,-0.086443886,0.02938511,-0.23671146,-0.009271368,0.10987436,-0.25561172,0.11731336,0.2563465,-0.18931265,-0.1220121,-0.08644379,-0.099396944,-0.15410054,0.07424174,-0.04876753,0.02796765,-0.041227665,0.19777253,0.091383636,-0.21462879,-0.034774657,0.07704694,0.07874218,0.13369542,0.32092792,0.1469935
TCGA-B6-A0RL-01A,-0.30731544,-0.031264175,0.2529266,0.023134597,-0.24584125,0.09611841,-0.046945833,0.0033514057,-0.12725292,0.019206138,-0.013894028,-0.10953203,0.08681505,0.295589,0.15492097,-0.05137312,-0.056926154,0.18426518,-0.060277656,-0.26014915,-0.052272614,-0.11733908,0.0026076948,0.10993203,-0.18575297,-0.07297084,-0.33916628,-0.09258597,-0.0277676,-0.09328178,-0.06927592,0.16212666,-0.22904883,-0.1401086,-0.09148657,-0.17739366,-0.14412849,0.046983413,-0.13618933,0.0108929165,-0.096327886,0.26852924,-0.05419987,-0.12077482,-0.009494665,0.008183978,-0.02999609,0.07033284,0.13491325,-0.009705399
TCGA-A2-A0SV-01A,-0.06221873,0.13872807,0.12388551,0.048450965,-0.021102546,0.04154906,-0.10087081,-0.021082867,-0.08998389,-0.020597437,-0.018164085,0.108227484,0.15299006,0.12839918,0.06693697,-0.061737355,0.0097354995,0.32556406,0.048114106,-0.22067901,-0.07239679,0.06615436,-0.016519368,0.19069223,-0.098217845,0.0974495,-0.34554115,-0.11969997,-0.03662965,-0.17506893,0.03151531,0.030277384,-0.024645666,-0.26145366,-0.19383758,-0.09583082,-0.096887685,0.07595097,-0.049642127,0.092711404,-0.29832605,0.10585483,0.14706576,-0.32453477,-0.10170652,0.012310064,-0.22160466,0.12540936,0.17011546,0.118992224
TCGA-OL-A97C-01A,-0.07772961,-0.03462504,0.22460426,0.03571963,-0.09919271,0.07093898,-0.17558645,0.066039,-0.16713712,0.097175114,-0.0057577747,0.0074834945,-0.046574745,0.19971372,0.38533792,-0.08793069,0.17460354,0.23783432,-0.11233297,-0.17490841,0.06471773,0.01451008,-0.011221869,0.19721031,-0.0442963,-0.033272516,-0.3128536,-0.01759928,0.081151724,-0.015897097,-0.018240098,0.17846408,-0.27400348,-0.051657822,-0.00018865359,-0.19319084,0.019768545,0.021182442,-0.2018818,-0.012937046,-0.013157984,0.08374363,0.076572835,-0.14379391,-0.18879052,0.09363746,-0.029466765,0.18415493,0.25283065,0.087203704
TCGA-OL-A5S0-01A,-0.09417439,0.05069538,0.10637014,0.15050757,-0.059621617,0.08557335,0.02631973,0.1660512,-0.20323998,0.08552297,-0.0336757,0.05555721,-0.0006997471,0.34901318,0.16878484,-0.04927764,-0.040154085,0.34368593,-0.03708232,-0.19523263,-0.025263589,0.03841813,-0.00789308,0.014256782,-0.070574716,0.12904994,-0.34893942,-0.012840013,0.040039904,-0.01701359,-0.13003324,0.18063529,-0.40086147,-0.12892482,0.035428386,-0.10342658,-0.082094155,0.033910073,-0.12196072,-0.024913874,0.009301892,0.04946312,0.0799289,-0.1621372,-0.14900236,-0.046383124,-0.13074347,0.13190728,0.15091199,0.1543083
TCGA-EW-A1J3-01A,-0.22397974,0.056508254,0.21129917,-0.090655334,-0.16763857,0.1997925,-0.0782927,-0.059970662,0.020771414,0.006373955,-0.01716928,-0.015555695,0.048100434,0.2981533,0.14555728,-0.12049719,0.20647004,0.32356107,-0.08956967,-0.24812979,0.051358074,-0.021754058,-0.14463928,-0.020177692,-0.047978807,-0.02465198,-0.29597443,0.07229446,0.10808131,-0.116476566,0.10005991,-0.045942824,-0.12502588,-0.22869368,0.034261025,-0.12342836,-0.12839492,0.09912262,-0.1843416,-0.024229068,-0.1936116,0.03535684,0.2103434,-0.1164077,-0.13452247,0.042894766,-0.09113185,0.08784588,0.18837388,-0.021231985
TCGA-A2-A0YK-01A,-0.09690681,0.047615577,0.08143689,0.09632592,-0.07283251,0.18309641,-0.028049553,0.038755532,-0.18145226,0.104627274,-0.15657526,-0.04431493,-0.12778798,0.2696728,0.115211435,-0.07840118,-0.04029841,0.2781054,-0.07895006,-0.22270328,0.13358356,-0.068569034,-0.16468783,0.14792243,-0.09710911,-0.10297643,-0.42767513,-0.09787264,0.03498512,-0.21535566,-0.04704953,0.08628806,-0.18403229,-0.19584776,-0.17862928,-0.024599578,-0.06911593,0.024065195,-0.19377029,-0.05117281,-0.066664055,0.07472089,0.09163556,-0.13281716,-0.13404085,-0.11251222,-0.033047266,0.06598605,0.1770902,0.15034838
TCGA-AC-A8OP-01A,-0.003970834,-0.0060580457,0.18925227,0.29053095,-0.06359711,0.12701656,0.0517994,-0.022398058,-0.06083688,0.0079011,-0.06863427,-0.037605044,-0.06355494,0.15354954,0.12454552,-0.10581981,0.10817671,0.28524983,-0.043776274,-0.018270027,-0.013622761,0.039489917,-0.117200874,0.1178166,-0.18976933,0.01417441,-0.4426055,0.015711157,-0.052410334,-0.10955864,-0.21183157,0.23416072,-0.21903868,-0.13312045,-0.10802845,-0.26182297,-0.019893367,0.058879234,-0.090813726,-0.1191889,-0.120372176,0.10094664,0.120138,0.016553478,-0.17787367,0.031338014,-0.04236715,0.13241757,0.034382302,0.23642124
TCGA-C8-A8HR-01A,-0.04627737,-0.04284513,0.20325388,-0.06473711,-0.0056355204,0.13292453,0.022088822,0.007634861,-0.16610655,-0.029152352,-0.07236697,-0.13303863,0.16898136,0.24452604,0.24613069,-0.08117137,0.108689204,0.2163076,0.0046963543,-0.25934455,-0.17764786,0.042894285,0.08106251,0.109250374,-0.31919783,0.013162261,-0.17855248,0.01732139,0.05938869,-0.27229103,-0.109882146,0.09765384,-0.20204462,-0.23740445,0.019026082,-0.17062132,-0.09416029,0.041222412,-0.17930897,0.08684396,0.06268378,0.11188171,0.08054841,-0.11924241,-0.12584387,0.08730839,0.05498017,0.030378798,0.21702611,0.15966542
TCGA-D8-A1JA-01A,-0.062582456,0.035502236,0.24708958,0.02884197,-0.07822047,0.09816706,-0.008300943,-0.03495162,-0.21909577,0.006228548,0.11248766,0.04081477,0.030082092,0.20579727,0.14948659,0.009879661,-0.09639419,0.35715005,-0.032289557,-0.02076374,0.17417003,-0.05354345,-0.03049602,0.076833196,-0.16560385,-0.067199156,-0.3842137,0.02263063,0.018933358,-0.14485006,-0.041302513,-0.031992957,-0.25312337,-0.16678348,-0.16965896,-0.13786487,-0.07837498,0.042673513,-0.18837771,0.030841108,-0.20893897,0.13729219,-0.018835552,-0.13514964,-0.25572234,-0.11152335,-0.2267272,-0.05517332,0.08787276,-0.011108957
TCGA-AN-A0XW-01A,-0.03513042,-0.05228183,0.18149863,-0.05805685,-0.0651289,-0.004269032,-0.057752077,0.04392536,-0.11221781,-0.058950946,-0.035315458,-0.04099708,0.07020374,0.15610343,0.18095392,0.020817013,0.02938455,0.21610264,0.005813356,-0.42272758,0.029210951,0.15353195,-0.10158705,0.118537486,-0.24033833,0.0035864532,-0.39106953,-0.10258494,-0.061945353,-0.0080665685,-0.08893247,0.12587315,-0.3016731,-0.18607305,-0.008279109,-0.093010105,-0.23466481,0.039522734,-0.11295081,-0.011722355,-0.074316986,0.015927648,-0.025186742,0.018013634,-0.20968476,0.037552457,0.11877707,0.032349166,0.14833403,0.22715059
TCGA-BH-A0DH-01A,-0.044367243,-0.042920537,0.040991776,0.10230215,-0.087552056,0.20096196,0.015475652,0.017454727,-0.17716186,-0.07786112,0.07653261,-0.07771499,0.1155177,0.2599835,0.085415974,-0.03448922,0.13018662,0.25627452,-0.016464079,-0.27822682,-0.15080708,0.03601879,-0.08107049,0.09225388,-0.22026046,0.17854913,-0.36749858,0.018302567,-0.07413339,-0.013374533,-0.050423633,0.20116775,-0.1489923,-0.21051416,-0.21589431,-0.14740019,-0.042694006,0.05866042,-0.035352074,-0.08428681,-0.09149977,0.11088964,0.041907035,-0.19511244,-0.08681324,0.056747735,-0.2013339,0.114839874,0.21495411,0.114595056
TCGA-B6-A0RV-01A,-0.18115968,-0.009293061,0.017631032,0.029740583,-0.10159405,0.09611351,-0.048256576,0.07822706,-0.12861213,-0.13062106,0.035841923,-0.13010345,-0.004129735,0.22022119,0.135221,-0.25117108,0.054030042,0.31821448,-0.05825819,-0.1219177,-0.0870753,-0.088276275,-0.2939903,0.18445311,0.0069069015,0.095295325,-0.38630232,0.07802755,0.1003494,-0.183893,-0.091034494,0.166465,-0.24157043,-0.03027524,-0.15899877,-0.18412411,-0.12754573,0.17192237,-0.05010088,-0.028039046,0.027147232,0.018677182,0.01642027,-0.22851574,0.038531393,-0.07565789,-0.096812166,0.01916755,0.12409779,0.009702811
TCGA-AR-A5QP-01A,-0.1705302,-0.034192145,0.24063154,0.11157513,-0.048911996,0.06300148,-0.013897856,-0.032471184,-0.11105927,0.005566677,-0.04882456,0.03982488,-0.15249756,0.14508644,0.3112446,-0.13028407,-0.048198383,0.27800992,0.033822425,-0.253248,-0.053354137,0.08616552,-0.02163779,0.0808662,-0.1545235,-0.07387284,-0.39413053,-0.17179292,-0.04029225,-0.14534688,-0.1549485,0.10874739,-0.013645043,-0.32672343,-0.08396916,-0.17275742,0.014629825,-0.0064215413,-0.07063693,0.086674735,-0.07308399,0.01124624,0.020388588,-0.16142157,-0.13665627,-0.0021154596,-0.05636701,0.040100247,0.2624986,0.0382408
TCGA-EW-A1PH-01A,-0.051472917,0.10972945,0.2421186,-0.02187767,-0.1858044,0.09969637,-0.06542652,0.12909621,-0.05687014,1.917069e-05,0.025247816,0.0051111067,0.037381742,0.20941168,0.101061426,-0.21578737,0.12438871,0.14608276,-0.150027,-0.07147482,0.028410932,0.112611,-0.18675041,0.088913135,-0.09560176,0.028442973,-0.3595681,-0.02684794,0.045707375,-0.15804085,-0.094090804,0.13508914,-0.18190771,-0.20150787,-0.12967621,-0.1743405,-0.09033363,0.07743955,-0.06921666,0.18931393,-0.11020087,0.06885057,0.124830276,-0.2177574,-0.20677315,-0.0058226516,-0.11662544,0.105059326,0.28299576,0.19223574
TCGA-AR-A1AL-01A,-0.17091307,-0.022843441,0.18404464,-0.14164926,-0.051427305,0.23070975,-0.11894844,0.0681485,-0.005865007,-0.037887346,-0.093840554,0.025655463,0.002363766,0.18777515,0.19432388,-0.052706305,0.14847304,0.17532457,0.051938497,-0.36944965,0.07672852,0.038103394,-0.051320955,0.18764018,-0.08037329,-0.0442703,-0.31398374,0.051060632,-0.06683626,-0.1317608,-0.1020691,0.17261851,-0.076466024,-0.15178557,-0.061564017,-0.21613823,-0.059914727,0.14130403,-0.03182998,0.06161992,0.012959902,0.21039458,0.13770925,-0.119377844,-0.0021628484,-0.20634727,-0.087796606,0.03448366,0.29003248,0.15845387
TCGA-A7-A5ZX-01A,-0.051156525,0.088285826,0.24199814,-0.074574485,-0.1449006,0.16170646,-0.05664597,0.17146182,-0.10350235,-0.056042068,-0.0863027,-0.022308135,0.043207344,0.3038991,0.04348631,-0.08712643,0.03388777,0.085491605,-0.12679599,-0.32097793,0.042839654,0.0135833705,-0.0041585476,0.096980296,-0.1795915,0.19979098,-0.35374543,0.17764753,-0.20285468,-0.109150656,-0.14932747,0.2855021,-0.0927626,-0.21416879,-0.064257905,-0.16839123,-0.10765507,0.09589661,-0.12542336,-0.09307536,0.042142376,0.045408312,0.14778754,-0.024331348,-0.07280612,-0.058645453,-0.060376182,0.05166828,0.07067792,0.13041338
TCGA-EW-A1P5-01A,-0.18334238,0.11559845,0.24440083,0.13132624,-0.038388968,0.065359004,-0.012635151,0.045504224,-0.17708991,-0.006272498,-0.18259682,-0.0829239,0.09672829,0.3123519,0.20653987,-0.22204132,-0.049359348,0.29480425,0.01841027,-0.041548252,-0.08414445,-0.00407949,0.002537179,0.071250066,-0.026458584,-0.0044227014,-0.3520706,0.18814002,0.12744787,-0.109422505,-0.049991872,0.101654455,-0.14004466,-0.2274835,0.056222115,-0.05397603,0.058008023,0.101827234,-0.060848653,-0.05617666,-0.025156463,0.24363369,0.04135111,-0.09895389,-0.01871595,-0.12603359,-0.1145864,0.14450866,0.21736829,0.16075711
TCGA-D8-A1XB-01A,-0.15449293,-0.096811965,0.17827296,-0.0015959152,-0.16417827,0.08045344,-0.064980835,0.038827434,-0.18710808,-0.11079189,-0.099140845,-0.035061847,0.04212453,0.2064029,0.096441954,-0.09224803,0.035516188,0.25000238,0.09764493,-0.20498505,-0.0020739802,0.08687962,0.08165188,0.17737381,-0.068217844,0.095642164,-0.46208802,-0.07712312,0.16694063,-0.18111038,0.035800524,0.17067607,-0.040750302,-0.24153468,-0.09746045,-0.12332067,-0.1452359,0.061254118,-0.13569967,-0.07325299,-0.14637484,0.17911144,0.08560947,-0.18940979,0.004963782,-0.12343193,0.015119154,0.14007656,0.100700825,0.12099752
TCGA-BH-A0E2-01A,-0.2830157,0.016168013,0.15220584,0.014944231,-0.16350685,0.095888935,0.07262275,-0.1319744,-0.15778926,0.045783106,-0.029959066,-0.012446327,0.019981105,0.24973884,0.4443315,-0.038558558,0.117494196,0.17895553,0.026199207,-0.14083369,0.037179243,0.13755651,-0.14691992,0.04927065,0.110918134,0.19267085,-0.2993675,-0.06717712,-0.044095587,-0.12887888,-0.09668771,0.22749087,-0.25597712,-0.05466004,-0.14020808,-0.11119829,-0.10843094,-0.04373296,-0.07910488,0.04040992,-0.10142174,0.01947108,0.16302612,-0.059975773,0.026263878,-0.08287515,-0.0003420091,0.13439658,0.15312822,0.044860628
TCGA-A2-A0SW-01A,-0.18511727,0.06718551,0.20470437,0.13192773,-0.18964528,0.08462331,0.050694164,0.11545637,-0.25967082,-0.14316748,-0.17315131,-0.10983244,0.09097604,0.11979304,0.20492509,-0.042126138,-0.048476044,0.2553835,-0.025461057,-0.10055355,-0.09447119,0.038669154,0.076302625,-0.0153978225,-0.07246555,0.06485402,-0.42237002,-0.097251736,0.010189987,-0.24941091,-0.07536386,0.109807335,-0.21346822,-0.065991096,-0.04420619,-0.18760206,-0.14648329,0.06304235,-0.09764349,-0.04557006,-0.15088949,0.09653437,-0.03352696,-0.25983736,-0.07256024,-0.09136857,0.1062529,-0.018428737,0.1557287,0.0036639469
TCGA-E9-A247-01A,-0.10965216,-0.05211726,0.19314118,0.2504614,-0.010426826,0.12140037,0.042273607,0.1347032,-0.0961479,-0.0017731338,-0.110332824,0.090676084,0.044917528,0.16189016,0.25159577,-0.054674253,-0.0057351426,0.3251789,0.03108201,-0.18671806,-0.10035844,0.13770604,-0.07719077,0.052403793,-0.06283212,-0.03852427,-0.33440918,0.02145532,-0.048401695,-0.10740683,0.10734403,0.06568665,-0.1384053,-0.2616809,-0.096818045,-0.25255898,-0.058617555,0.1671332,0.049810227,0.047017254,-0.021604553,0.110359035,0.107023664,-0.050493814,-0.11623476,0.008496104,-0.037472837,0.19695805,0.13349342,0.32311496
TCGA-AR-A2LK-01A,-0.17590109,0.039291225,0.2461263,0.07765551,-0.15275717,-0.0447283,-0.041317847,0.029700521,-0.20105895,-0.05171922,-0.005798268,0.012400828,0.00675451,0.35198656,0.013345514,-0.07806667,-0.06332882,0.224118,-0.00049203594,-0.099940665,0.047576368,0.022681655,-0.0481901,0.27307102,-0.010231171,-0.020616239,-0.41411752,-0.08770206,-0.10751825,-0.12979165,-0.102864645,0.052829344,-0.20819658,-0.14938378,-0.091616444,-0.3046388,-0.03204244,0.069348104,-0.20679031,0.02905251,0.0004372205,0.14286388,0.12545466,0.0059542186,-0.07075182,0.043567505,0.005934614,0.08073052,0.12966706,0.22657657
TCGA-S3-AA11-01A,-0.26409268,0.012915165,0.17652947,-0.050426222,0.030765424,0.15061615,-0.005004714,-0.01039598,-0.114522256,0.054178152,-0.14224412,-0.05813567,0.020328052,0.2084889,0.263971,0.09805101,-0.043618158,0.18720613,-0.0531301,-0.1826794,-0.101132035,-0.026430244,-0.094161734,0.02599243,-0.032088365,0.19798931,-0.3020531,-0.045484554,0.09907615,-0.20190723,0.03426584,0.10432261,0.0079726735,-0.31354532,-0.19823235,-0.2729202,0.0042699496,-0.02797814,0.06326186,0.044349987,-0.13671991,-0.054537,0.10329613,-0.15483174,-0.018349672,-0.024139304,-0.03949417,0.24135171,0.22793598,0.17908897
TCGA-AR-A2LO-01A,-0.2828968,0.08452502,0.16685109,-0.02328418,-0.085631065,0.3089712,0.09694617,-0.038895003,-0.008320964,-0.13524096,-0.1011834,-0.020837087,-0.13572837,0.25661796,0.15992919,0.018385353,0.08872983,0.25831443,-0.059678067,-0.0945092,-0.09534256,-0.038599487,0.033770032,-0.019339675,0.017080108,0.041920155,-0.24612641,0.06599695,-0.06568445,-0.22689438,-0.042676926,0.108446226,-0.25844595,-0.046053458,-0.14344418,-0.16118655,-0.13796532,0.12719077,-0.16074441,-0.10506943,-0.28517064,-0.0027503336,0.07082305,-0.09048345,-0.01561204,-0.037613887,-0.09207618,0.10909153,0.263512,0.1496491
TCGA-AC-A2QH-01A,-0.11768332,0.021232354,0.23054007,0.043408055,-0.19505271,0.07291986,0.04137477,0.10635862,-0.12587214,0.040843606,-0.09082358,-0.055612788,0.07948455,0.19022307,0.17873636,-0.20216116,-0.049031626,0.1530348,-0.036888096,-0.17514107,0.017837938,0.031279534,-0.21376777,0.1694418,-0.033432953,0.09976475,-0.3510221,-0.058942407,-0.030721799,-0.1715411,-0.11717555,-0.04851378,-0.2598971,-0.17105354,-0.093043655,-0.2482667,-0.08644932,0.07602026,-0.036118347,0.00036836392,-0.194828,0.075366035,0.09480052,-0.16339256,-0.107516736,-0.022135612,-0.17913342,0.043678056,0.24202742,0.21616496
TCGA-BH-A8G0-01A,-0.27463174,0.038141143,0.0781243,-0.017475551,-0.08386772,0.057797544,-0.01924245,0.075299546,-0.24975982,0.08055584,-0.05609364,-0.19649804,0.020977443,0.36547497,0.17511553,0.08176049,0.030162774,0.2207754,0.02169201,-0.27587265,-0.02306126,-0.060423166,-0.01820185,0.1361273,-0.09242236,0.052372847,-0.35017318,-0.087185875,-0.007818767,-0.040430315,-0.09726284,0.024643565,-0.14468053,-0.12365367,-0.1509528,-0.19881006,0.18475619,0.010617247,-0.1515658,-0.014847821,-0.05262022,-0.055019096,0.1655807,-0.029667363,-0.11389537,-0.102703504,-0.05469528,0.041321505,0.27808344,0.14194623
TCGA-AR-A252-01A,-0.06675516,-0.008735625,0.06044522,0.12221761,0.017742494,0.07804189,-0.016768852,0.12015022,-0.27151066,0.1953607,-0.061085366,0.008526349,0.12596458,0.21704765,0.31309068,-0.10932643,0.04116171,0.19183762,-0.033960354,-0.105884515,-0.0464737,0.00042933773,-0.060060523,0.01840615,0.048746467,-0.064912826,-0.41927066,-0.19457415,-0.06255472,-0.16380997,-0.18960012,-0.030989615,-0.14739665,-0.24811246,-0.0660918,-0.1718554,-0.17165796,0.040868558,-0.19481322,0.071534894,-0.06495859,0.05998204,0.09913142,-0.16104414,-0.11744752,0.052565623,-0.111349404,0.1325731,0.12621526,0.15753335
TCGA-E2-A1B0-01A,-0.14347371,-0.01972804,0.12468241,0.04497686,-0.13377948,0.16343631,-0.040963296,0.10704065,-0.23109359,0.013295402,-0.08114096,-0.053894196,0.10208079,0.2940939,0.112049565,-0.067559555,0.08921499,0.19791876,-0.09485475,-0.2320329,-0.007204321,0.11854016,-0.25656962,0.014519735,-0.08160115,0.07432625,-0.32554668,0.09457983,-0.037010606,-0.10833675,-0.066715784,0.038473662,-0.064940944,-0.21237193,-0.017851764,-0.35817793,-0.0023871758,0.035740834,-0.09476572,0.030341055,-0.17826656,0.15095425,0.078924604,-0.18638712,-0.15047207,-0.04702853,0.13700266,0.02163024,0.20020783,0.14673935
TCGA-AR-A0U2-01A,-0.106936395,-0.061165866,0.3068288,0.16307807,-0.12003155,0.13865061,-0.047295418,0.06355289,-0.26556376,-0.07365086,0.033967625,0.08608347,0.09826777,0.1353518,0.08753174,-0.029079823,0.13140287,0.27004546,0.008077121,-0.09451055,0.042497024,-0.014246026,-0.062924266,0.024943035,0.0016675096,0.024878785,-0.32802466,-0.048324414,0.002013296,-0.11667249,-0.010338844,-0.018405695,-0.20296153,-0.15971945,-0.10926982,-0.15752684,-0.08297684,0.04960233,-0.17147097,0.3149425,-0.09008795,0.23670843,0.08449119,-0.2520948,-0.18104859,0.019380992,-0.14242171,0.14615369,0.13367839,0.06229804
TCGA-E2-A576-01A,-0.14082785,0.0052527646,0.15079857,0.03746244,-0.061226413,0.1425462,0.024610918,0.00048055936,-0.14425638,-0.023067597,-0.031321626,0.16721895,-0.027715,0.194712,0.2707731,0.01582256,0.02295752,0.19388172,0.0137007525,-0.087071225,0.012228953,0.12820156,-0.064563595,0.14267442,-0.05006944,-0.04688089,-0.42836997,-0.2003027,0.12140233,-0.06340301,-0.00832393,0.24569741,-0.22656733,-0.22666681,-0.05400684,-0.25269508,-0.10627797,0.21392147,-0.15600936,0.10444825,-0.037398152,0.2345297,0.025421642,-0.087794326,-0.008925513,-0.12309693,0.08244477,0.02241176,0.14549059,0.063449666
TCGA-D8-A1X5-01A,-0.16222459,-0.010319982,0.19284865,0.16755366,-0.08432652,0.060881685,-0.029704442,0.064302236,-0.030109935,0.058162678,0.023385873,0.052528817,0.17313626,0.22109185,0.16334267,-0.029484931,0.026731126,0.22855197,-0.1778531,-0.012540207,0.009705329,0.037906848,-0.08638707,0.2056401,-0.18921497,0.11253624,-0.39180246,-0.08868065,-0.023752008,-0.18704748,-0.07632326,0.09756278,-0.20854644,-0.14662577,0.043060035,-0.2897634,-0.08942219,-0.024545193,-0.13121027,-0.10058561,-0.10563079,0.15819043,0.20018022,-0.13011624,-0.140534,-0.023804234,0.029146077,0.044340197,0.10121462,0.26156607
TCGA-A2-A0SY-01A,-0.14514503,0.05870167,0.11426977,0.078567155,-0.005275596,-0.05773602,0.0073025967,0.006402427,-0.20588754,0.033777773,-0.10680388,-0.07833194,0.096314535,0.28925067,0.048592743,-0.053502657,0.23002592,0.22962695,0.06638942,-0.24286127,-0.05880998,-0.0746492,0.068596,0.13439314,0.050230034,0.04471197,-0.46665534,0.10703306,-0.06989066,-0.05402653,-0.025380157,0.09333863,-0.2594037,-0.17040887,-0.14098956,0.039848294,-0.037405133,0.10372626,0.030408341,-0.05592851,0.0364251,0.17026764,0.18590468,-0.08087395,-0.05003772,-0.13341098,-0.061520617,0.04463653,0.313592,0.10946855
TCGA-AO-A1KR-01A,-0.13101375,-0.081216924,0.27079165,0.12602995,-0.16147779,0.13818842,0.074475475,0.06657158,-0.19105445,0.116816364,0.007863338,-0.08921609,0.08716346,0.31083646,0.238375,-0.15120119,0.0824351,0.2829317,-0.004610118,-0.21474381,0.07250922,-0.08559245,-0.026421826,-0.14853977,-0.073961355,-0.030910645,-0.3188973,-0.102832735,-0.061329417,-0.1499392,-0.024579814,0.0933455,-0.11533737,-0.10737391,-0.11324832,-0.15000205,-0.113763936,-0.042319845,-0.07182772,0.08596407,-0.12446018,0.10996422,0.13139054,0.022540735,-0.18575004,-0.06867524,-0.101722755,0.030012153,0.12259914,0.26254764
TCGA-E9-A5FL-01A,0.020869015,-0.012229194,0.21260424,-0.058289908,-0.27280277,0.050412204,-0.012231063,0.025559038,-0.069521606,-0.089347646,-0.14730026,0.061743032,0.036080632,0.20627661,0.1384497,-0.11007527,0.07719418,0.30524674,-0.100426644,-0.018057633,-0.10582072,-0.099392086,-0.0197633,0.13418387,0.024249708,-0.0040637725,-0.23868509,0.02195702,0.069385484,-0.29835176,-0.16945596,0.18558347,-0.15564267,-0.24343567,0.0017576306,-0.234773,-0.065631814,0.028229991,-0.06817447,0.1268937,-0.13318981,-0.008888325,0.039975133,-0.10699985,-0.19340321,-0.06335217,-0.19285882,-0.04015674,0.27194017,0.21453208
TCGA-C8-A26V-01A,-0.30407095,0.016571693,0.2193475,-0.07252541,-0.013423079,0.20181292,0.052678518,0.0017504437,-0.18464811,-0.052153435,-0.12462964,-0.055310957,-0.03082689,0.25593695,-0.0024760095,-0.06091247,0.017854128,0.33927837,-0.055193406,-0.16590668,-0.0034740395,-0.04388293,-0.024509726,0.24420239,-0.006981508,0.017647041,-0.37811264,-0.07889186,-0.06387313,-0.17906483,-0.044831637,0.12762688,-0.24094297,-0.23998356,-0.023636905,-0.1519264,-0.07156657,-0.07250261,-0.13507424,0.0016050868,-0.035514913,0.10534483,-0.008565277,-0.062927514,-0.14290044,-0.00637391,-0.10769797,0.019057047,0.21525817,0.09693705
TCGA-A7-A6VX-01A,-0.013237195,0.051465597,0.10911439,-0.010831157,-0.2622343,0.08664052,-0.06469002,0.03811351,-0.13600741,0.1635767,-0.13908544,-0.05990253,0.12018001,0.06719011,0.10083294,-0.11801063,0.13310851,0.28251693,-0.044608854,-0.032692764,-0.053835716,0.055394467,-0.07078989,0.14897777,-0.01396399,0.031408504,-0.4094288,0.033969667,-0.094619654,-0.12760678,-0.1479569,0.043807264,-0.18047929,-0.32977614,-0.044476498,-0.13282445,-0.06903973,0.10945867,-0.037724297,0.037237704,-0.16614759,0.11336522,0.23449022,-0.18515246,-0.13857839,0.0076634632,-0.07665807,0.07240728,0.20933776,0.23407675
TCGA-A2-A0T0-01A,-0.11485111,-0.0064186575,0.3190783,0.19988596,-0.15387833,0.23556511,0.06728006,0.011790783,0.024034554,-0.06876077,0.030712212,-0.06570177,0.03398782,0.10209869,0.11073246,0.016926298,-0.033535156,0.24677777,0.082809284,-0.19092362,-0.14119327,-0.027411435,-0.01683775,0.15341672,-0.26668632,-0.108326554,-0.35954168,0.0715283,0.04371446,-0.20881635,-0.0032480326,0.07750904,-0.114247255,-0.24919693,-0.08656011,-0.18957983,0.10600996,0.058484107,-0.017413002,0.080860525,-0.053602107,0.1440096,0.18488187,-0.18295184,-0.12337146,-0.04671102,-0.09368455,0.0076522273,0.21286626,0.0704188
TCGA-HN-A2NL-01A,-0.17617226,-0.105324045,0.13011183,0.018204968,-0.047946498,0.14062499,0.013012188,0.101063915,-0.28817537,-0.01449921,-0.08501299,-0.019545786,0.1689458,0.29421583,0.18619916,-0.07950196,-0.032410618,0.19297491,-0.03829962,-0.13159564,0.02155505,0.01977171,-0.15799063,0.032455046,-0.12697832,-0.10043998,-0.3419073,0.05674539,0.02468095,-0.09289171,-0.14186786,0.090791486,-0.2191546,-0.26441398,-0.19870022,-0.10204265,-0.08091257,-0.08023581,-0.1268061,0.13166282,-0.043770414,0.06255485,0.08282946,-0.16070607,0.01470663,0.07669437,0.019382738,0.06979554,0.30006406,0.19791384
TCGA-B6-A0WV-01A,0.005471808,-0.07378654,0.21755402,0.049400903,-0.2736223,0.0172635,-0.11915761,0.027996367,-0.22668828,0.036714025,-0.21204685,0.0109359175,0.025868898,0.16959438,0.09292077,-0.035705097,0.05621855,0.21979442,0.09755031,-0.1442209,-0.0921444,0.17460598,-0.05192828,0.116193585,0.05595998,0.15593502,-0.32153484,-0.07638966,0.06916734,-0.09014679,-0.08453345,0.15236264,-0.18511398,-0.06130963,-0.11726207,-0.31602582,-0.028857166,-0.016109858,-0.15756582,-0.045187764,-0.102867365,0.27099767,0.18203402,-0.10830904,-0.00087842805,-0.046642862,-0.00024960027,-0.008975184,0.0936594,0.284639
TCGA-E2-A1L9-01A,-0.17910658,-0.047557563,0.19674101,0.032188844,-0.16977018,0.14404528,0.019010637,-0.07677394,-0.04816823,0.11340494,0.013634721,-0.0057240212,-0.047519274,0.3497002,0.1704419,0.06664692,0.14370705,0.27165416,-0.0496169,-0.19746771,0.08867919,0.1193169,-0.0799005,0.19067825,-0.06457453,0.07966537,-0.2957223,0.0042796023,0.0836584,-0.1320506,0.00063886656,0.19037433,-0.21580799,-0.14350289,0.19216317,-0.2565724,-0.012315509,0.05744778,-0.048054516,-0.029623996,-0.014333623,-0.1720822,0.13878807,-0.005640697,-0.14533386,0.09533586,-0.10013058,0.08492423,0.22517587,0.11581077
TCGA-BH-A0BJ-01A,-0.18468396,-0.023375746,0.2004303,0.30987307,-0.24692748,0.06486663,-0.03905109,-0.032544177,-0.095256366,-0.029311718,-0.1315888,-0.13824683,0.034916855,0.25187367,0.20434254,-0.054108124,-0.0028660547,0.15663254,-0.0064998893,-0.19940762,-0.060971066,0.041738786,-0.120653376,0.07172084,-0.091096126,-0.04401546,-0.3252285,0.022317046,-0.17146611,-0.15758935,-0.05504917,0.05612343,-0.13152075,-0.16241169,-0.1076927,-0.11824074,-0.003042461,0.108014666,-0.18103878,-0.0009314141,-0.19727537,0.251804,0.113419846,-0.14508712,-0.08595355,-0.044394676,-0.03312652,0.13918906,0.04258737,0.24013549
TCGA-S3-AA14-01A,0.075482875,-0.040375125,0.20426708,-0.0495755,-0.1433904,0.22128819,-0.022258105,0.035110574,0.060834702,-0.15735313,-0.14025162,-0.053226437,-0.110014044,0.32717705,0.24649787,-0.024623036,0.05950532,0.21654278,-0.07080596,-0.34448513,0.0026085593,0.036053184,-0.010477143,0.02180843,0.03824097,0.10212863,-0.37972644,-0.015948558,-0.00021480145,-0.15021749,-0.0725626,0.006874007,-0.23855466,-0.08014217,-0.18438724,-0.24919263,-0.13348044,-0.013084791,-0.033392314,0.06450332,0.060318884,0.12101278,0.09938826,-0.1164135,-0.1960292,0.056115273,0.036192797,0.049204662,0.12531759,-0.01061815
TCGA-E2-A1IH-01A,-0.2132781,0.025819167,0.1844282,0.074878015,-0.08753748,0.1435083,-0.059201032,0.048997506,-0.27236956,0.08183541,-0.09558011,0.05728256,0.017463079,0.25614223,0.12176014,-0.07293046,0.020022014,0.22738044,-0.06365774,-0.18940334,-0.043058958,0.05174572,-0.120151915,0.050375335,-0.057778645,-0.068575256,-0.37352505,0.08257391,-0.053045917,-0.11313582,0.007146883,0.15063785,-0.12776294,-0.27485058,0.02172561,-0.3261466,-0.14796989,0.1680277,0.08623579,0.09003909,-0.059286594,0.17383464,0.014968471,-0.07219235,-0.16342328,-0.062882684,-0.13373812,0.1396907,0.06761532,0.13509329
TCGA-E9-A1N8-01A,-0.08438799,0.017290814,0.2006914,0.034518905,-0.154394,0.11419344,-0.060106996,0.0045425077,-0.092155255,0.072029494,-0.111438535,-0.047077216,-0.029830903,0.15358375,0.09787321,0.006870453,-0.05239053,0.18822344,0.08365647,-0.38727516,-0.03465481,0.07959092,-0.0834068,-0.010164306,-0.015826432,-0.07956566,-0.35890123,-0.024166271,0.050225925,-0.20444338,-0.19079039,0.18140227,-0.17097548,-0.25040102,-0.011705159,-0.22224478,-0.15877597,-0.051774114,-0.027742932,-0.06256293,-0.023769213,0.17299551,0.13739532,-0.14012308,-0.15243635,-0.009960436,-0.14372075,0.09210586,0.2999575,0.057768337
TCGA-A7-A26I-01A,-0.09104041,0.012972901,0.25265828,0.025958586,-0.13666454,0.118645765,0.008580029,-0.0063382303,-0.27071765,-0.023483891,-0.09723206,-0.03238916,0.07852479,0.29804456,0.18733017,-0.051133115,0.01531945,0.13614348,-0.041680824,-0.10144839,-0.06460711,0.11810602,-0.20652561,0.012537877,-0.16059536,-0.057805907,-0.29159513,0.05378055,-0.05049715,-0.25831026,-0.16609256,0.107194796,-0.12281575,-0.064552054,-0.054207526,-0.2019306,-0.02649282,0.13378765,-0.08240147,0.02920155,-0.062005762,0.19927268,0.027136436,-0.21772541,-0.11066567,0.07211272,-0.069026686,0.10592912,0.2771507,0.26236188
TCGA-BH-A0HP-01A,-0.1649432,0.014832654,0.2926002,0.06598516,-0.30002284,0.18880185,-0.111151196,-0.005451766,-0.09818811,0.012876051,-0.1613955,-0.075266175,-0.008398508,0.10070856,0.25636053,0.008855987,0.039711636,0.030468376,-0.06269519,-0.07634956,-0.057386875,0.009684779,0.014422462,0.18425187,0.01393293,0.08450219,-0.27552825,-0.06397011,-0.08846946,-0.20894247,-0.15219386,0.13356318,-0.20224966,-0.22960645,-0.172338,-0.054652177,-0.1460363,0.07658485,0.015176686,0.11844149,0.04168745,0.06929332,0.2563342,-0.17845045,-0.12968452,-0.11901389,-0.2427598,0.08411158,0.16196708,-0.048116036
TCGA-D8-A27F-01A,-0.10309998,-0.030270822,0.20803113,0.010942786,-0.11893548,0.13664468,0.12696473,0.055336773,-0.116636045,0.010968189,-0.19433211,0.11611206,0.17879246,0.23751731,0.16035183,0.017220853,0.013683925,0.07491718,-0.02781879,-0.122895055,-0.038849507,0.04324381,-0.039276056,-0.013917353,-0.18037103,0.11989779,-0.4951904,-0.05775263,0.04747566,-0.12314164,0.022764802,0.06288202,-0.29565927,-0.13078031,-0.13284932,0.0062765623,-0.13849287,0.042504627,-0.016544983,0.029406251,-0.2018386,0.20384313,-0.092423454,-0.17936885,-0.19680874,-0.007930958,0.040679194,0.14083673,0.17142469,0.11200338
TCGA-A2-A25A-01A,-0.17968267,-0.05848268,0.22112796,0.010256955,-0.16882955,0.01822661,-0.10040303,0.15014005,-0.065667726,0.0010126192,0.00881512,-0.08113259,0.10762129,0.1954526,0.22386964,0.039233014,0.1582922,0.30560938,-0.20766814,-0.22141144,-0.019478474,0.052196257,0.012977424,0.1996557,-0.04366625,0.06781098,-0.2912629,-0.04102803,-0.07574975,-0.19279581,0.050604675,0.2316413,-0.21478507,-0.19229646,-0.09291221,-0.074040264,-0.02667464,-0.039435443,0.078929864,0.058514338,-0.06186277,0.21500868,-0.10387375,-0.24130738,-0.039137825,-0.079064354,-0.045871545,0.042310975,0.1890722,0.14101683
TCGA-E9-A226-01A,-0.2827396,0.17240174,0.27439272,-0.008910583,-0.18097924,0.15550822,0.06504841,-0.047238402,-0.06607467,0.018911742,0.05110805,0.01586919,0.06715352,0.15541759,0.15343066,-0.11671955,0.15576772,0.10705779,0.094553046,-0.1796156,-0.023808701,-0.07681564,0.035802484,-0.0685858,-0.020200713,0.044723228,-0.36839902,0.056242853,0.01025957,-0.110938504,-0.08181324,0.27744806,-0.23501055,-0.07475524,-0.019042304,-0.114295885,-0.038793415,0.014046226,-0.130418,0.00913263,-0.1450585,0.06025832,0.13326916,-0.23376253,-0.044493098,0.003044744,0.007294533,0.15214986,0.29256254,0.22471073
TCGA-E2-A1IK-01A,-0.21473026,0.07395078,0.09158308,-0.10835694,-0.14459315,0.1167757,0.06471944,0.010119113,-0.25182885,-0.08993631,-0.21506448,-0.035331503,0.09594706,0.278936,0.20091578,0.008173613,-0.06157122,0.19902597,0.0036693567,-0.2345029,-0.07162133,0.00227125,-0.038622037,0.10082626,-0.001718317,0.11252593,-0.40596926,0.16117552,-0.0029177868,-0.27574012,0.01617578,0.13310318,-0.15898687,-0.12997773,-0.051746383,-0.19950227,-0.06029026,0.14852779,-0.10400897,-0.04102782,-0.14091516,0.09268146,0.08788795,-0.0470638,-0.034725837,-0.019707669,-0.024374697,0.028722027,0.23001806,0.11480113
TCGA-AC-A5XS-01A,-0.15056072,-0.06886212,0.21473967,0.062259816,-0.17243305,0.085547715,0.05654399,0.037083574,-0.1839573,-0.088037446,-0.20638576,0.022659628,-0.061612926,0.24620374,0.20834155,-0.0037524665,0.030272238,0.21269606,-0.049854763,-0.23809592,0.14639528,0.03218437,-0.005167818,0.13827135,-0.093689494,-0.024557142,-0.33135593,-0.021189388,-0.033727214,-0.14696781,-0.26617542,0.07451279,-0.20196804,-0.17911917,0.116601795,-0.2824404,-0.20998178,0.22095788,-0.07193108,0.062125385,-0.044277582,0.08308318,0.04249431,-0.0043788776,-0.007594436,-0.10755411,-0.15794258,-0.00034852437,0.08533974,-0.00036265625
TCGA-E2-A574-01A,-0.13161716,0.09443111,0.23575108,0.02031374,-0.08416686,0.10174675,0.010285989,0.18213099,-0.119050026,-0.018711131,-0.18739706,-0.055115,0.17934352,0.21874171,0.1660932,0.027504839,-0.058993142,0.21730945,-0.0040523154,-0.15435013,-0.030332116,0.052311826,-0.15300311,0.08859871,-0.1467906,-0.1978179,-0.26909104,0.030910622,0.15318157,-0.16434003,-0.06423496,0.1511846,-0.1788571,-0.10203274,-0.08939465,-0.25746423,-0.1010292,0.15926503,-0.06296694,0.06663358,-0.052644808,0.11135604,0.16183946,-0.08215368,-0.26477906,0.037925992,-0.116207846,0.011253657,0.16159551,0.2549517
TCGA-LD-A7W6-01A,-0.24466683,-0.058017742,0.24813446,0.05460263,-0.17600298,-0.030280685,-0.1351748,0.0010689535,-0.17723486,-0.12035262,-0.05576695,-0.1176297,0.023917634,0.24817927,0.13898988,-0.07555226,0.015265086,0.25476724,-0.12249804,-0.14938657,-0.006320083,-0.08271821,-0.04642532,-0.022129497,-0.15539801,0.06710803,-0.5078792,0.020941151,0.067421265,-0.2771206,0.035168037,0.11018938,-0.10904102,-0.20459393,-0.09296836,-0.15118936,0.032078467,0.06291706,0.08909627,0.017971966,0.024212237,0.11610453,0.09076587,-0.16511667,-0.11416778,-0.052645028,-0.09138041,-0.06631969,0.02575216,-0.03150065
TCGA-OL-A66H-01A,-0.08153703,0.012978857,0.055867877,0.075847276,-0.059350386,0.061845157,0.0039848415,-0.053213287,0.01300218,-0.15690215,0.11193765,-0.10905454,0.25949657,0.32587737,0.15993057,-0.13076463,0.041263998,0.14811419,-0.11947043,-0.06784526,0.0556142,-0.04764608,-0.021898264,0.09604353,-0.1696556,0.027173543,-0.38260382,0.087755285,-0.050524052,-0.12163475,-0.06318612,0.123905264,-0.3613199,-0.14628908,-0.19854826,-0.2579912,-0.07024374,0.030704966,0.015613977,0.104026675,-0.07641105,0.06848675,0.008109348,-0.12261564,0.07048959,-0.13249111,-0.045520093,0.24811709,0.15976658,0.13645701
TCGA-D8-A1X6-01A,-0.12187257,0.041554112,0.23542133,0.115323424,0.0011430111,0.11513302,0.093957566,0.012244208,-0.11577609,0.0021316246,-0.008926335,-0.055637073,-0.012527967,0.27599797,0.3624036,-0.14158697,0.055817194,0.35861903,0.041337095,-0.15304804,-0.034326762,0.047151417,-0.22951661,0.065670416,0.025397038,0.06562656,-0.17068282,-0.029824486,-0.031575035,-0.16341233,-0.07173393,-0.056343123,-0.19477955,-0.22246316,-0.01860832,-0.16448873,-0.05936057,0.018198062,0.025874535,0.14404413,-0.0700422,0.13073282,0.15574646,-0.18602754,-0.19654953,-0.0038540836,-0.09323207,0.18704334,0.15812893,0.17784144
TCGA-B6-A0RG-01A,-0.110623606,-0.13916698,0.1289797,-0.08037679,-0.24223302,0.09582652,-0.051842567,0.06704627,-0.057620123,0.004377221,-0.044382498,-0.09370634,0.1652283,0.30016953,0.23373312,0.04740701,-0.003170188,0.1804438,0.0967805,-0.17166674,0.12780224,-0.058313813,-0.14849544,0.11810166,-0.05090897,0.017586024,-0.45917347,-0.07254321,0.0027462256,-0.23175845,-0.04362911,-0.024095722,-0.2107432,-0.13356957,-0.07825579,-0.1815589,-0.03867121,0.12928712,-0.14870195,0.0041710366,-0.047081146,0.14596482,0.16619468,-0.22443144,-0.0021484022,-0.046156187,-0.06443184,0.0061516664,0.15218428,0.082833394
TCGA-BH-A1F8-01A,-0.15793407,-0.10521239,0.15889972,0.034196027,-0.09587407,0.1976922,-0.06730952,-0.16691284,-0.09062337,-0.024924928,-0.12737276,-0.049708396,0.062439904,0.2894055,0.14204682,-0.000978652,0.07848269,0.2809109,0.04058413,-0.21811676,0.018431041,0.019325545,0.0028333792,0.05564337,-0.07756209,-0.11804171,-0.43494892,-0.019764613,-0.09474017,-0.008444262,-0.17044134,0.11546934,-0.07941868,-0.14502992,-0.1558182,-0.20910311,-0.17775919,0.10719194,-0.018152937,0.0026517273,-0.20583765,0.07803503,0.17464073,-0.11780026,-0.09377444,-0.1139367,-0.009177384,0.04637137,0.22483477,0.12773868
TCGA-AR-A24Q-01A,-0.12808496,0.079404816,0.26213887,0.042393457,-0.08060598,0.06924959,0.034354486,0.18733478,-0.13084535,0.08083101,-0.068716116,0.017966637,-0.004491546,0.09827269,0.15647858,-0.20610191,-0.070892885,0.18163475,-0.011494749,-0.29799595,-0.09685805,0.15505005,-0.12514839,-0.09036787,-0.075617015,-0.14418519,-0.37243563,-0.13955691,0.011245679,-0.24506761,-0.023572348,0.18497242,-0.1629465,-0.1662163,-0.092513025,-0.15736909,-0.13014227,-0.103175566,-0.05265118,0.11201723,-0.17780203,0.096451774,0.091198765,-0.16228373,-0.12649535,-0.06648457,-0.04106256,0.13441293,0.16000892,0.13515742
TCGA-E9-A229-01A,-0.14531088,-0.052939255,0.11371013,-0.020935977,-0.08550672,0.1789388,0.059290435,0.053275112,-0.18071765,-0.009149151,0.04006218,-0.0053404304,-0.013574959,0.30657572,0.15454887,0.013533074,0.10582589,0.16466993,0.06878855,-0.21353017,-0.07823643,-0.007045719,-0.028277269,0.13907571,-0.24635981,-0.022474583,-0.28543735,-0.061358117,0.056105543,-0.23975007,-0.06951217,0.0068549337,-0.21457751,-0.28570604,-0.067360684,-0.13093126,-0.08847201,0.06447736,-0.032389313,0.19415793,-0.032811385,0.15553711,0.12345747,-0.09489289,-0.067966454,-0.18225893,0.11372178,0.18968946,0.305475,0.08858944
TCGA-D8-A1XL-01A,0.027909731,0.042814754,0.23026499,0.23936208,-0.18249688,0.06056028,-0.0017754143,0.11352822,-0.010348672,0.024666568,-0.027006835,0.13660704,0.07135443,0.21246265,0.18382272,-0.112905934,0.037323,0.38297108,-0.07189004,-0.11960262,-0.068679094,0.04052262,-0.080187954,0.046992417,-0.09567935,0.063163385,-0.35527548,0.120047465,0.0107466085,-0.0783024,-0.044564173,-0.07432522,-0.24354044,-0.072859734,-0.17397365,-0.1613345,-0.13228883,0.0005751696,-0.116669804,0.16028844,-0.24025695,0.045650367,0.12992111,-0.17550729,-0.08791127,-0.038227018,-0.042122673,0.10114673,0.18880248,0.16797508
TCGA-AR-A254-01A,-0.052096315,0.15915066,0.06649466,0.17327121,-0.0885747,0.15591711,-0.06547758,0.0037337777,0.04278893,-0.038916487,-0.22628206,0.050921343,0.052414283,0.29471055,0.108765535,-0.097204566,-0.06790262,0.38124415,-0.028711228,-0.16027205,-0.080216855,-0.010631946,-0.08742543,0.08679923,-0.06476736,0.030635118,-0.37642834,0.05803084,0.07727512,-0.12055745,-0.08298344,-0.0034846908,-0.12122851,-0.29138494,-0.12331207,-0.1908069,-0.070226535,0.040429644,-0.026795238,-0.011170233,0.029143808,0.27544576,0.02198861,-0.14265051,-0.14821108,0.078618445,-0.13385905,0.051819097,0.19443347,0.120434634
TCGA-E9-A227-01A,-0.17167996,-0.071920455,0.10204097,0.034891836,-0.09185956,0.12547836,0.07818731,0.097131416,-0.25485975,0.03659245,-0.06771826,-0.09921768,0.12300171,0.2172234,0.174435,-0.2261945,-0.08908939,0.2686308,0.10580749,-0.24506754,0.16048747,-0.055394154,-0.10915777,0.19802962,-0.105580635,0.06803749,-0.38297918,-0.06526195,-0.034997676,-0.16985245,-0.07774491,0.12822732,-0.094895534,-0.2981623,-0.10054679,-0.12229299,-0.10290595,0.009486483,-0.030986242,-0.05737773,-0.05323568,0.018626723,0.16721468,-0.07412679,-0.10227021,-0.09291182,-0.07838705,0.007796141,0.17098773,0.09854634
TCGA-BH-A28Q-01A,-0.29733962,-0.018652337,0.22034621,0.114126615,-0.06763966,0.17076229,0.116451316,-0.06226944,-0.056733273,-0.004785465,-0.063512616,-0.051193602,-0.055110633,0.19815226,0.20143764,0.03662678,0.09335728,0.2590797,0.05387079,-0.14235075,-0.08709578,-0.08728462,-0.06156258,0.06148911,-0.00023880931,0.08109235,-0.53400964,0.09726534,0.077959396,-0.1149914,-0.062151246,0.050805338,-0.17512222,-0.18360592,-0.19730851,-0.046259213,-0.0667531,0.047419436,-0.11144916,0.111151755,-0.17163128,0.05239747,0.021608345,-0.17819753,-0.06292514,-0.17098592,0.02718985,0.10311395,0.07871052,0.05942432
TCGA-BH-A1FL-01A,-0.15012896,-0.06464103,0.0044719237,0.030227466,-0.14369003,0.12181549,0.08095052,-0.12261201,0.009060825,-0.125211,-0.09544095,-0.12009387,0.009426757,0.26857516,0.22755842,-0.1333496,0.050301414,0.22178134,-0.118248664,-0.21870044,0.002255534,0.03523738,-0.15109202,0.21297556,-0.11923746,0.10666177,-0.36530328,-0.007094378,-0.069627956,-0.29087234,0.05052816,0.07488601,-0.19154865,-0.22362216,0.02341713,-0.23273987,-0.02004927,0.18308094,-0.1385907,0.0316546,-0.037407346,0.0266035,0.075700074,-0.1148012,-0.033925235,-0.051171273,-0.09513511,0.04847538,0.21078308,0.13552715
TCGA-A2-A04R-01A,-0.08305568,-0.04949661,0.31146577,-0.01306514,-0.10562409,0.17208453,0.2267111,0.048116293,-0.14113754,0.054612655,-0.17815705,-0.095067,0.049562376,0.1719507,0.16004023,-0.04202127,-0.08244668,0.333246,0.0648381,-0.18363532,-0.059614252,0.047258962,-0.049668066,0.15184562,-0.14908458,0.056182876,-0.46801922,0.05238896,-0.006212066,-0.1114643,-0.08193422,0.014978977,-0.100074925,-0.21224229,-0.014719631,-0.18259424,-0.14603989,0.086422116,-0.043089613,-0.06671797,-0.13366435,0.011142044,0.005779542,-0.17272705,-0.026139313,-0.070423126,-0.07068912,0.1641149,0.099678166,0.056188155
TCGA-C8-A273-01A,-0.18128484,0.033875793,0.16742867,0.17727521,-0.11831095,0.062379967,-0.027829012,-0.024041453,-0.21347539,0.08501134,0.0298128,-0.10699985,0.10989724,0.30201307,0.023966448,0.03693226,0.062418684,0.24546981,0.02268715,-0.25487447,-0.13932922,0.06266961,0.006640265,0.2509745,0.027260728,0.07655598,-0.33559906,-0.14163527,-0.10859295,-0.13339354,-0.032550562,0.13693826,-0.15109783,-0.151084,-0.14922012,-0.13194655,-0.055751164,0.023234928,-0.08570389,-0.051235676,-0.047593575,0.14994138,0.106386915,-0.13273516,-0.02452502,-0.1991087,-0.041748516,0.25578597,0.15390566,0.16881049
TCGA-B6-A0WT-01A,-0.22115235,0.0464697,0.19506773,-0.06396235,-0.116174676,0.017091176,-0.0919384,-0.057249714,-0.081781186,-0.05453589,-0.03442155,-0.06253408,0.020008171,0.3430614,0.13946518,-0.10211152,0.10670826,0.23459032,0.034742467,-0.2859121,-0.13756762,-0.025062857,-0.1416593,0.15902834,-0.06983651,0.061081942,-0.32706794,-0.021195007,-0.05356374,-0.26328215,-0.04775458,0.044323646,-0.19454171,-0.3279119,-0.095499836,-0.21260802,-0.025846826,0.08038315,-0.041908827,-0.03094534,-0.06436148,0.03631991,0.14771236,-0.09751953,-0.006815444,-0.19147038,0.009122576,-0.11648173,0.0871149,0.08673504
TCGA-D8-A1XZ-01A,-0.18990074,-0.046999354,0.19269411,0.20068793,-0.10032108,0.24978763,0.15039334,-0.01859229,-0.20947033,-0.18697615,-0.10571691,0.025131589,0.07607731,0.24593723,0.0729043,-0.109553374,0.008184421,0.15214637,-0.06494484,-0.12972951,-0.067786366,-0.043450456,-0.036289282,0.067656696,-0.06251361,-0.09869711,-0.22748394,0.028272334,-0.064728625,-0.08982594,-0.09960063,0.03580734,-0.16924714,-0.27406755,0.0062938584,-0.18680097,-0.031763587,0.13887386,0.0906398,0.117198765,-0.14397228,0.18532886,0.2090729,-0.07422862,-0.23337856,0.06286576,-0.18019934,0.20326293,0.17238504,0.14563718
TCGA-BH-A0HX-01A,-0.07700432,0.1506349,0.18600878,-0.0069955927,-0.21673605,0.1953301,0.054362528,0.12638019,-0.12906753,0.011283318,-0.06420687,-0.061414186,-0.08710169,0.4294173,0.20037611,-0.058091726,0.08569063,0.23865707,0.11348828,-0.14429075,-0.0064888545,-0.017173657,-0.1423515,-0.03190539,-0.10780423,0.005976876,-0.31379825,-0.00066166715,0.081723124,-0.14586565,-0.1449167,0.037775986,-0.22078408,-0.17034985,0.1449751,-0.15103638,-0.07298399,0.08845091,-0.028304912,-0.010485859,0.024320185,0.21428749,0.2583686,-0.023022631,-0.0076167025,-0.11335947,-0.10670628,-0.0633693,0.07185772,0.0971127
TCGA-AO-A0JG-01A,-0.17315435,0.051959142,0.1900053,-0.042709436,-0.06611349,0.040655132,0.013656235,0.15842493,-0.179784,-0.009037875,-0.11303333,-0.07875325,0.040122017,0.25304553,0.26217556,0.119608544,0.036114868,0.26548323,0.054373782,-0.23523445,-0.0100453105,-0.04491753,-0.11779595,0.07046331,-0.22702825,-0.03491223,-0.21798699,-0.045333408,-0.08266958,-0.19581386,-0.17469367,0.083622456,-0.22866525,-0.13679466,-0.13805898,-0.17090599,-0.09731043,0.030804243,-0.06800034,0.055980388,-0.10087915,0.069287285,0.23761763,-0.3022328,-0.0667093,-0.08626025,-0.09962277,-0.025685074,0.18605074,-0.068097495
TCGA-EW-A1IW-01A,-0.04422763,-0.11468655,0.2708103,-0.10743561,-0.1424089,0.1698055,-0.031727053,0.16452318,-0.09011889,-0.13498504,-0.11618229,-0.15920562,0.15379706,0.37334007,0.006744012,0.061936237,0.07569515,0.22081944,-0.09478789,-0.20409077,-0.12263361,0.080234505,-0.1597955,0.0069945618,-0.05164046,0.051974364,-0.3205984,0.09512479,-0.08302015,-0.23917861,-0.0026807499,0.04814406,-0.1894782,-0.0239048,-0.04760801,-0.07184909,-0.25822818,0.06403379,-0.13909626,0.024811475,-0.07450467,0.11837638,0.15870702,-0.13427208,-0.13701802,-0.08509052,-0.070293315,0.043114293,0.13705945,0.07665239
TCGA-BH-A201-01A,-0.16762848,-0.053094104,0.21007061,0.105233386,-0.2638949,0.077559665,0.097208075,-0.053079564,-0.26990664,-0.0014337546,0.006615608,-0.0035329051,0.16870748,0.24475515,0.1485778,-0.0062559987,-0.06971122,0.29817083,-0.13955864,-0.16275322,0.028581083,-0.051436212,-0.15345822,0.27076155,-0.065460384,0.012696807,-0.33701542,-0.065352015,-0.043116946,-0.20891385,-0.10213986,0.029435556,-0.19339494,-0.089072056,-0.051989123,-0.040542684,-0.04896649,-0.072087325,-0.09847341,0.015972693,-0.22481665,0.10186876,0.14395781,-0.19941154,0.023298878,-0.064203165,0.033674628,0.042528838,0.16138764,0.033477936
TCGA-LL-A5YM-01A,-0.1385243,0.16416405,0.25799075,-0.0063667176,-0.19411401,0.117192104,0.022028677,-0.08131372,-0.14412585,-0.06975398,-0.043707706,-0.010761022,0.009423283,0.14956513,0.11937235,-0.09532382,0.11759539,0.1524766,0.0061028562,-0.1821414,-0.004459507,-0.038612187,0.0011714973,0.07688161,0.029213682,-0.004981489,-0.40579903,-0.06892723,0.04570551,-0.16788302,-0.07857707,0.21824883,-0.21335159,-0.3501477,-0.02515438,-0.23455398,-0.19359536,-0.009584241,-0.081924446,0.027903127,-0.02306312,0.1418746,0.21189216,-0.13262208,-0.013119386,0.001001358,-0.080517694,0.1251749,0.21896307,0.030755308
TCGA-EW-A1P0-01A,-0.080944434,0.006051261,0.17351663,0.0013173919,-0.10157354,0.06389187,-0.008634689,0.08390618,-0.029222542,0.035933696,0.0018049963,-0.10089801,-0.10393258,0.34939247,0.082416914,-0.06092872,0.03000458,0.122530244,-0.14418896,-0.15565023,0.03990176,0.060442712,-0.11447877,0.02753852,-0.0243397,-0.0016148522,-0.45622572,-0.048160322,0.06227386,-0.21719255,-0.027085606,0.087408334,-0.06881143,-0.30330443,-0.11054941,-0.17525223,-0.04932452,0.144811,-0.028150914,0.048100844,-0.013509298,0.11725738,0.016150836,-0.14428867,-0.15024872,0.0024722347,-0.30129552,0.13504623,0.25620165,0.19270328
TCGA-D8-A73U-01A,0.053725798,-0.04129133,0.22325733,0.08568227,-0.10456698,0.13473058,0.01449815,0.13698061,-0.15290113,0.107555896,-0.009256478,0.040957216,0.010208382,0.16910794,0.11325758,0.024123168,0.09414258,0.24891539,0.00742944,-0.20327426,0.04550952,0.055183668,0.029908326,0.23017943,-0.09058706,0.009757363,-0.33951205,-0.16386512,-0.1375845,-0.40110272,-0.026248472,0.17115721,-0.2038076,-0.1694459,-0.119877905,-0.12504992,-0.033379555,-0.12813865,-0.030976199,-0.10160414,-0.2143314,0.05268056,0.014605347,-0.14032705,-0.093492694,-0.028185256,-0.124492675,0.05684327,0.2286221,0.041321434
TCGA-OL-A66L-01A,-0.09800103,-0.04245876,0.2925918,0.02484368,-0.13559628,0.048075844,0.047954068,0.1928852,0.01114097,-0.014808132,-0.16562702,0.046395056,0.06430317,0.24550876,0.02490046,0.08532685,-0.05986508,0.31376144,0.0023957773,-0.27603137,0.055003226,-0.09167419,-0.20632705,0.08802972,-0.08760726,0.077984855,-0.3276559,0.092739806,0.004363711,-0.108236246,-0.15793122,0.076725475,-0.25466532,-0.26812533,0.07330326,-0.14908376,0.043912068,0.035834815,-0.13704306,-0.07885506,-0.14958775,0.10284335,-0.080693185,-0.15061545,0.019943742,0.0002426581,-0.077927716,0.032685865,0.19828653,0.16157158
TCGA-AQ-A54N-01A,-0.14353241,0.10458928,0.16490209,0.19765179,-0.18599002,0.12419327,-0.025322342,-0.01807379,-0.09719977,0.03856104,0.012924467,0.094220035,0.13284108,0.117108434,0.11640322,-0.00312693,-0.08181979,0.0920799,-0.11735296,-0.13822912,-0.0394075,-0.07083885,-0.027866893,-0.10135425,-0.09877582,0.1578288,-0.32819626,0.07443263,0.068804584,-0.09009774,-0.09296591,0.20520388,-0.29861274,-0.16809312,-0.097542234,-0.32240638,-0.12471502,0.113902405,-0.10866114,0.16552694,-0.08137685,0.16309442,0.18967454,-0.14924695,-0.1869446,-0.03424148,-0.019397866,0.1063424,0.23349969,0.12923346
TCGA-B6-A0RI-01A,0.018071476,-0.22647569,0.05736238,-0.052491423,-0.019543363,0.15939334,0.044679895,0.049688634,-0.19517702,-0.1394845,-0.06478046,0.022400515,0.070075996,0.2812074,0.16133228,-0.054878414,0.16213138,0.34447548,0.10243121,-0.22469595,0.00992693,-0.07049603,-0.022992719,-0.061415162,-0.09992826,-0.06366983,-0.4761995,0.04298076,-0.0012271528,-0.1658003,-0.029303333,-0.055939063,-0.1569206,-0.12299922,-0.14821817,-0.18656525,-0.078678474,-0.024244703,0.022196176,0.031501506,-0.026013162,0.09810252,0.08940363,-0.1690833,0.107182376,0.014132929,0.04195591,0.18962792,0.21503761,0.007309108
TCGA-BH-A0E1-01A,-0.23120563,-0.0038232396,0.1796617,0.10414197,-0.13283914,0.12197678,-0.032704253,-0.06686777,-0.10857429,0.10664763,-0.03639081,-0.17826347,0.04674561,0.15788473,0.11213097,-0.065900564,-0.10550758,0.31624627,-0.060790677,-0.13956003,-0.071269885,0.04530963,-0.106794246,0.17785628,-0.100851536,-0.036770873,-0.39809585,-0.044592917,0.08885876,-0.32925227,-0.10272736,0.25677806,-0.11856397,-0.22500995,-0.035576925,-0.2707308,-0.12668629,0.0651447,-0.04595885,-0.072104685,-0.107710324,0.096820876,0.03532656,0.020019392,0.0022630543,0.04355841,-0.029192511,0.10059,0.1019597,0.055064213
TCGA-5L-AAT0-01A,-0.15264179,0.10817532,0.15011454,-0.06315565,-0.08290011,0.11458068,0.04856372,0.08415397,-0.22429463,-0.08825351,-0.053935606,-0.12810469,-0.0099532185,0.14531721,0.16692047,-0.119758524,0.05128991,0.26772937,-0.07757172,-0.13171424,0.025209332,-0.10409865,-0.17849869,0.07900122,-0.15876785,0.030993862,-0.493383,0.062894024,0.078039765,-0.19206654,0.078549355,0.21451476,-0.15756993,-0.16342004,0.004670709,-0.21326265,-0.09078971,0.022431213,-0.13265428,0.06589577,-0.17152037,0.1592023,-0.1070964,0.015383781,-0.07683558,-0.07866532,-0.13136193,0.12752824,0.10266316,-0.043415338
TCGA-E9-A1R5-01A,-0.0023718642,0.018719824,0.18012016,0.013314691,-0.16235498,0.066828154,0.036633316,-0.007739525,-0.21412446,-0.026523069,-0.19263133,0.09621029,0.07513439,0.23658553,0.19272321,-0.033279024,-0.040580146,0.053374432,-0.046801597,-0.2088759,-0.110219054,-0.06764837,-0.09264955,0.22149833,-0.11294657,0.029256672,-0.38621542,-0.14218827,-0.035793304,0.009594068,-0.18915726,0.060558632,-0.23229644,-0.32411456,-0.14541937,-0.1470999,-0.12332101,-0.009836493,-0.021615837,0.029818917,-0.02818408,0.18899429,0.121469565,-0.19471268,-0.002766018,-0.10850245,-0.03222557,0.034910347,0.21789859,0.1560671
TCGA-A2-A4S3-01A,-0.20308053,-0.041581396,0.18479677,0.066245325,-0.022492403,0.23905976,0.088462606,0.030890897,-0.070838615,-0.061744705,-0.0389795,-0.12030035,0.12199339,0.19076101,0.07820479,-0.10396995,0.16641788,0.19023447,0.19532615,-0.11100633,-0.10161005,0.108801916,-0.14306414,0.03359956,-0.14956708,0.021172006,-0.31374067,0.09368799,0.098559946,-0.1398791,-0.0017129611,0.29510644,-0.1646061,-0.31814766,-0.1869902,-0.019676669,-0.06650463,0.16288622,-0.115390405,0.047675792,0.011288442,0.093598306,0.12465286,-0.13820095,-0.029762482,0.061558336,-0.062789105,0.15063486,0.2411384,0.10643002
TCGA-BH-A1FC-01A,-0.14740574,0.12783547,0.14788692,0.004711013,0.03574119,0.09715434,-0.05406325,0.011330153,-0.16904543,0.010045605,-0.09793628,-0.08894984,-0.016676577,0.26857325,0.0038070453,-0.17473608,-0.030583374,0.24491097,-0.024592679,-0.275842,-0.073632225,-0.014686447,-0.15919437,0.08114805,-0.15615389,0.060323264,-0.3836554,-0.008152292,-0.07638834,-0.12817374,0.022995904,0.115314245,-0.19804382,-0.12234031,-0.06320564,-0.23672737,0.04586812,0.06578942,-0.003906319,0.046071567,-0.24961779,0.10200151,0.08923754,-0.20397753,-0.2330612,-0.0915384,-0.1330868,0.09073743,0.14776735,0.18716636
TCGA-AR-A24O-01A,-0.22323693,0.004292022,0.12583284,-0.0343462,-0.15498288,0.045592856,0.049927335,0.03684246,-0.18372534,-0.18145692,-0.20934476,-0.11199074,0.12863746,0.1657096,0.21714957,0.124092646,0.009531575,0.15765634,-0.018495899,-0.2301077,-0.059989996,0.11155821,-0.041224852,0.13698411,-0.13823758,0.044455122,-0.2673489,-0.026761468,0.037290987,-0.1795979,-0.02030051,-0.027840795,-0.30753273,-0.27269307,-0.15661223,-0.1820711,-0.18644638,0.16579327,-0.14809991,-0.16728786,-0.05439089,0.16482069,-0.09590085,-0.11982483,0.014696029,0.021810114,-0.09370923,0.040831883,0.12943983,0.101788685
TCGA-C8-A26W-01A,-0.08049394,0.019158287,0.15409096,-0.027662108,0.05720307,0.15031475,0.20927766,-0.016981032,-0.17000647,0.070798196,-0.19225343,0.03431268,-0.102598585,0.25638473,0.17154714,0.01616318,-0.102132164,0.2773352,-0.12969343,-0.24095665,0.016308859,0.04182665,-0.06992136,0.029728094,-0.114727944,0.10608462,-0.27069762,-0.01582158,-0.08504111,-0.19957393,0.015380812,0.07209877,-0.08574364,-0.1701051,-0.034791768,-0.23094767,-0.071356304,0.2808061,-0.13954876,0.06217653,-0.25624183,0.17622145,0.09591537,-0.0963825,0.031122299,0.040730774,-0.063641936,0.12166506,0.21342202,0.1410096
TCGA-AR-A1AX-01A,-0.16775103,-0.030399757,0.17456414,0.10471441,-0.09736201,0.016664086,0.08048723,0.02273316,-0.07644603,-0.14044026,0.01691667,0.0980112,-0.023491153,0.19906221,0.1798874,-0.06048995,0.1931503,0.20932744,-0.14835621,-0.192792,-0.025763173,0.037595883,-0.095116414,0.16906698,-0.020048577,-0.006463965,-0.39944944,0.026588306,-0.08624174,-0.19735602,-0.013377338,0.033717893,-0.23786384,-0.20451988,-0.0665667,-0.12427341,-0.06801289,-0.020065501,-0.07697734,0.15011053,0.046860408,0.29349053,0.19126564,-0.16333403,0.029092906,-0.05124387,0.04968748,0.14008978,0.1896714,0.21854216
TCGA-AR-A0TT-01A,-0.13472572,-0.026279083,0.11873803,0.08295472,-0.19506109,0.11497051,0.09780853,0.16281393,-0.2868134,-0.13226673,-0.20677035,-0.1946122,0.0050440533,0.19470029,0.17999998,-0.043289967,0.07209237,0.41673762,0.0018765408,-0.16061799,0.0049394583,0.060587864,0.016029336,0.11875257,-0.07105761,0.18964806,-0.27314556,0.013405819,0.069538005,-0.08341517,0.011408112,0.1570655,-0.15217037,-0.1556141,-0.05385173,-0.20924225,0.018939298,-0.013663001,0.006416954,0.06528391,-0.04592412,0.20303732,0.09829747,-0.10498173,-0.17163698,-0.0534922,0.08426904,-0.070614114,0.1807888,0.07149461
TCGA-D8-A73W-01A,-0.23066342,-0.24341059,0.17823178,0.03964653,-0.17698571,0.19312365,-0.024143483,0.010864769,-0.15867545,0.040784296,0.034986295,0.001540082,-0.019332929,0.22982338,0.33232617,-0.10246028,0.14538497,0.22391802,0.09137952,-0.2643737,0.03567121,0.11003245,0.030709172,0.07950357,-0.06728294,-0.029681511,-0.31534943,-0.031718317,-0.0089846095,0.060210027,-0.13367455,0.0049828584,-0.280499,-0.0604943,-0.056195147,-0.054961257,-0.0704637,0.14707065,-0.18037163,0.013588441,-0.14171448,0.04405517,0.09579738,-0.25539196,-0.045955453,-0.05019946,-0.06615345,0.06297211,0.016571533,0.16600804
TCGA-AC-A5EH-01A,-0.11516229,0.13572484,0.09662729,0.04949265,-0.1554641,0.21655138,0.15184511,0.0025005438,-0.035429873,0.07757274,-0.051108085,0.036018718,-0.10838063,0.3207938,0.23957196,0.024353694,-0.009406713,0.3458692,0.019732155,-0.1601159,-0.13217553,-0.08260193,-0.17022388,-0.021125961,-0.031193562,0.008038861,-0.29318896,-0.10413678,-0.03306398,-0.05175082,-0.083253056,0.083445914,-0.16655213,-0.055727337,0.04449579,-0.10792711,-0.0071456144,0.17913227,0.040984515,0.08741456,-0.1521796,0.3560497,0.034017533,-0.20632927,-0.0028741276,0.012949981,-0.030035848,0.066443585,0.10482522,0.25988528
TCGA-BH-A0AW-01A,-0.14113249,-0.08614902,0.16639058,0.16860616,-0.12884583,0.113756955,0.05593315,0.06397062,-0.12422518,0.015161936,-0.008865714,0.06698646,0.11868649,0.14245854,0.10787239,-0.0065239114,-0.014478904,0.049753807,-0.05833448,-0.08569002,0.015050084,0.004688936,-0.14706019,0.224194,0.07816529,-0.017749611,-0.55188924,0.03986971,-0.06442339,-0.13612683,0.015886696,0.07247894,-0.19323695,-0.12737621,-0.13096124,-0.26586357,-0.09375733,0.05587343,-0.014299839,-0.031780895,-0.07249629,0.0785665,0.04618261,-0.034849085,-0.24551803,0.010376721,-0.028501822,0.23261961,0.17278871,0.26958364
TCGA-AN-A0XV-01A,-0.016974047,0.16444603,0.18064032,-0.09330283,-0.07312815,0.13569327,-0.021521723,-0.027917141,-0.1425585,-0.023785504,-0.10667141,0.023439528,0.12170165,0.23729783,0.1498429,-0.13635442,-0.11561797,0.3441099,-0.082770854,-0.20832467,-0.10096414,0.108195305,-0.08730023,-0.026615204,0.01041639,-0.053052567,-0.41676342,-0.107400075,-0.014217843,-0.17230248,0.020342365,0.15434419,-0.12005632,-0.2039914,-0.06616886,-0.14155252,-0.113414206,0.030740157,-0.105591744,-0.048934944,-0.11522513,0.13281688,0.23121683,-0.15509991,0.020978902,0.0051296577,0.061576728,-0.10170158,0.2061667,0.18296893
TCGA-EW-A6SD-01A,-0.025294282,0.010169024,0.124964945,0.23249148,-0.14463755,0.1712546,0.05631921,0.087647215,-0.2630387,0.047988478,-0.10498709,-0.021610789,0.05716743,0.26734304,0.16781227,-0.21841991,0.11177636,0.26208058,0.03804099,-0.1953211,-0.05020846,0.016008817,-0.09860632,0.1476513,-0.022738447,-0.20089671,-0.36944643,-0.03964457,-0.14953335,-0.118466,-0.06884117,-0.07816434,-0.24859549,-0.19117917,-0.1054016,-0.16589339,-0.088419884,0.066668354,-0.020988047,0.0319049,-0.13991773,0.18127248,0.07975129,-0.10549189,-0.08367362,0.005997077,-0.07551511,0.07249489,0.110310994,0.053340405
TCGA-A2-A0YD-01A,0.09144053,-0.07487945,0.25872093,0.065694354,-0.105356574,0.04551505,0.029658401,-0.025401987,-0.20696649,-0.05296834,-0.09028058,-0.05979826,-0.11807994,0.3160101,0.13756539,0.048825163,0.06099422,0.2681839,-0.024847241,-0.16197208,-0.024961866,-0.08834317,-0.10031732,0.10695291,0.057346337,0.040220458,-0.28472364,-0.08820552,-0.053654026,-0.30728346,-0.067678824,0.17991102,-0.18493514,-0.24140212,-0.07286488,-0.087022245,-0.056218117,-0.0071946527,-0.0839543,-0.035548944,-0.14733788,-0.0029791775,0.0704615,0.04860476,-0.19772704,-0.19853248,-0.011137615,0.1918148,0.2593739,0.13617212
TCGA-A2-A0SU-01A,-0.06379099,-0.0980798,0.22050448,0.03798645,-0.10286724,0.23566212,-0.0010770668,0.13714007,-0.21804228,0.045314215,-0.052781254,0.0028578185,-0.014808068,0.27101126,0.23340373,-0.042414185,0.13485166,0.21467409,-0.07708948,-0.31004602,-0.05635335,0.011257134,-0.17764176,0.11512443,-0.08553775,0.065577805,-0.21851921,0.1771099,-0.092534475,-0.071517736,-0.033003647,0.12806943,-0.18310173,-0.03311074,-0.016278133,-0.08457932,0.14978954,0.07384303,-0.072880745,0.2170358,-0.21000813,0.21007313,0.14147212,-0.10717665,0.14292802,-0.08589297,-0.08293085,0.029636303,0.19844341,0.12491787
TCGA-BH-A0BA-01A,-0.1729695,0.1094086,0.25115362,0.09043823,-0.09120043,0.07689355,-0.011833856,0.08861649,-0.21650374,-0.15920825,-0.06399893,-0.02779576,0.115672104,0.060329437,0.121618524,0.02480754,0.028843798,0.20275411,-0.18758217,-0.16961174,-0.025363993,0.027463615,-0.15661544,0.17832264,-0.16854107,-0.014071074,-0.25875905,-0.06832588,-0.12524126,-0.12300622,0.014761635,0.15614071,-0.119611375,-0.20126773,-0.1633505,-0.26955265,-0.043610364,0.16705859,-0.078781664,-0.052612443,0.0076654386,0.28603625,0.17036612,-0.12062279,-0.11000461,0.018162355,-0.12983155,0.1442097,0.18954834,0.1773323
TCGA-A7-A26J-01A,-0.1480391,0.009935544,0.2777856,0.02955486,-0.13711531,0.15051138,-0.03995003,0.051669233,-0.16732623,-0.14401066,-0.18831657,-0.07047669,-0.1255721,0.1770006,0.12868594,-0.045308698,0.0028788752,0.1898882,-0.030223662,-0.3142314,-0.09069343,0.026375365,0.0665405,0.12549266,-0.05320555,-0.022328345,-0.37153143,0.009193192,0.09179133,-0.09670363,-0.17860986,0.14418714,-0.09356156,-0.16593783,-0.01471794,-0.15761341,-0.15186697,-0.009132133,-0.08480066,-0.10216272,-0.07565117,0.15825377,0.13537113,-0.17279616,-0.08353905,-0.001058608,0.004901189,0.02560529,0.24423617,0.27244952
TCGA-BH-A1FG-01A,-0.060466353,-0.042880233,0.22301088,-0.06528902,-0.12921172,0.1714743,0.00078832515,0.027960556,-0.24590409,-0.012643171,-0.022707308,-0.022519553,0.15792361,0.35712847,0.19246933,-0.12458792,0.05958196,0.26042357,-0.030412044,-0.23450458,-0.09341742,0.11965067,-0.03634221,0.019474266,0.0403885,0.07969366,-0.43638244,0.03744466,0.08810944,-0.16851886,-0.044802647,-0.045043606,-0.21138503,-0.16446526,-0.16265455,-0.17319445,-0.086361334,0.026956234,-0.10313831,-0.028764872,-0.0025578304,0.20592402,0.03717769,-0.09716779,-0.13647221,0.01764329,0.035239313,0.079569034,0.0815305,0.025674878
TCGA-E9-A22D-01A,-0.14547667,0.030527478,0.19131434,0.070118204,-0.18314861,0.17785445,-0.028678007,-0.0860005,-0.10849117,0.09576879,-0.0304097,-0.032811787,0.051104907,0.12558109,0.17784178,-0.062170547,0.0032050242,0.3576287,0.09170352,-0.15544012,-0.061947197,0.061971743,-0.11922646,0.09328484,0.16997637,-0.03625003,-0.37916133,0.052665327,-0.09944979,-0.10785146,-0.18521091,-0.0051869657,-0.101170294,-0.10799111,-0.13658701,-0.18885984,-0.1568951,0.03225579,0.07409913,0.04725117,-0.15748772,0.13721052,0.1441692,-0.11398188,-0.13092248,-0.021696275,-0.10754057,0.10947231,0.3257153,0.16806583
TCGA-LL-A8F5-01A,-0.15578756,-0.06170645,0.35743728,0.062120188,-0.15920757,0.0049505117,0.04791174,0.27657008,-0.1884982,0.01841824,-0.12297717,0.009863558,-0.025046322,0.1967316,0.1307107,-0.10650444,0.062556766,0.21214436,-0.02611988,-0.021598984,-0.0064785113,-0.11981238,-0.20634861,-0.005107892,0.02684056,0.08409351,-0.26284155,-0.13599862,0.061211925,-0.1537062,-0.10821329,0.19201973,-0.15287328,-0.092139564,-0.029578943,-0.15551348,-0.19567949,0.05688266,-0.14677705,0.10504338,-0.045650702,0.26259992,0.061543215,-0.04857108,-0.1097192,-0.015249683,-0.01399278,0.07701203,0.31356025,0.11817663
TCGA-GM-A2DK-01A,-0.26408574,-0.07722426,0.1739986,0.09681238,0.01604061,0.0727207,0.009876499,0.13930747,-0.117190555,0.009863341,-0.053240076,-0.042706333,-0.0633281,0.32219556,0.18335679,-0.011725198,0.10746992,0.15357938,-0.034345973,-0.044837937,0.05559006,0.08462501,-0.18410814,0.24701075,-0.011963334,-0.09644004,-0.4017853,-0.06301596,-0.12752566,-0.054439716,0.004797306,0.13037086,-0.08590596,-0.25018442,0.08442518,-0.12233534,0.07151805,0.15026434,-0.21712697,0.20239459,-0.04313494,0.092428066,0.05554494,-0.08078321,-0.07829969,-0.080511495,-0.031257667,0.16521743,0.27511317,-0.022219568
TCGA-GM-A2DL-01A,-0.25303075,-0.016308306,0.22773324,0.11357185,-0.035241663,0.04453066,-0.06042459,-0.10358337,-0.23206984,-0.14820604,-0.03629036,0.07187739,0.014821007,0.35687077,0.062161256,-0.08952434,0.0035102137,0.26225537,-0.04407006,-0.26988176,-0.06573593,-0.04628233,0.039724622,0.05798443,-0.109663196,0.06510454,-0.2278133,0.059690826,-0.02658984,-0.2612415,-0.06262905,0.15554208,-0.0446643,-0.1783937,-0.05234768,-0.18428273,0.016357241,0.061948393,-0.18049122,0.030495413,0.042787462,0.18776312,0.012519801,-0.04901773,0.00020071707,-0.14929508,-0.058191065,0.13608244,0.3359345,0.05469894
TCGA-B6-A1KF-01A,-0.19153541,0.15313321,0.22021224,-0.017308014,-0.14414872,0.11951619,-0.119087666,0.10179818,-0.27085066,0.120179996,0.06860772,0.016416013,0.09754167,0.20683798,0.13437064,-0.037380412,-0.012458206,0.18550779,0.1473619,-0.15677434,-0.032546565,0.18570699,-0.1191118,0.0825907,-0.03686157,-0.023008568,-0.28403127,0.17950559,-0.021804793,-0.26245096,-0.16427718,0.17509621,-0.13111334,-0.15148884,-0.12051037,-0.20490587,-0.15030056,0.13348365,-0.07331244,-0.08342022,-0.06426339,0.12931374,0.1542611,-0.1688671,-0.12920608,-0.06353855,-0.13524097,0.08584712,0.08777895,0.10526367
TCGA-BH-AB28-01A,-0.1800033,0.012261558,0.20993029,-0.0010926481,-0.23305613,0.2045429,0.04637698,0.042456083,-0.07248926,0.13328792,0.037820753,-0.024356311,0.060933243,0.2844613,0.09294797,-0.05865092,-0.05002159,0.1789295,-0.2404016,-0.15136746,0.05201363,0.07451137,0.0382357,0.08082913,-0.14836717,0.047960956,-0.27641782,-0.043881413,-0.036333926,-0.37774295,-0.03208347,0.12384373,-0.0418117,-0.05889356,-0.08624351,-0.21438578,-0.069452845,0.11394925,-0.071440876,0.104206264,-0.12200671,0.14146124,0.100236565,-0.110706344,-0.067104824,-0.00596837,-0.15356813,0.16552211,0.24732223,0.20185061
TCGA-D8-A1JP-01A,-0.18266928,0.04725067,-0.003491211,-0.014849827,-0.14394377,-0.034458384,0.098089,0.15442093,-0.14760804,-0.067241855,-0.08901635,-0.073710196,0.047040183,0.2688052,0.16599634,-0.017090978,-0.022045862,0.053496316,-0.043205243,-0.31499282,0.010463542,-0.006215506,-0.108345985,0.10377645,-0.1009103,0.016154239,-0.45017555,-0.01271186,0.07451038,-0.18852991,-0.017411081,0.18093562,-0.19808824,-0.24078937,-0.13846725,-0.15933284,-0.023846975,0.06676402,0.00038326773,0.12702876,-0.22192761,0.21264476,0.0848118,-0.14211623,-0.069515854,0.016520357,-0.10806705,0.058211215,0.09683891,0.1948515
TCGA-3C-AALJ-01A,-0.24304803,0.031582687,0.22248723,0.03650917,-0.040986344,0.08715071,0.03807148,0.16852961,0.060327936,-0.09180028,-0.014520252,-0.026460085,0.14582819,0.31882468,0.16489947,-0.055579808,0.06320868,0.1980262,-0.018089492,-0.19910015,-0.06157006,0.027989678,-0.25528938,0.07708026,-0.05858716,-0.16087283,-0.27754885,0.10117384,-0.12432762,-0.18480507,-0.03221133,0.07249518,-0.21042585,-0.13994896,0.07224941,-0.2672065,-0.03247815,0.032999806,0.0028924919,-0.01913315,-0.0038045056,0.26806673,0.027550017,-0.073215686,-0.07354988,-0.07254914,-0.17187057,0.14699957,0.15029468,0.2168846
TCGA-BH-A0C3-01A,-0.20676988,0.10916726,0.2319168,0.060557272,-0.12944102,0.19512004,-0.029930297,-0.09178284,-0.16255784,-0.12262845,-0.015324478,-0.13524555,0.10461611,0.14261451,0.17404716,-0.054315113,0.0360561,0.21157008,0.12088735,-0.22174805,0.085715346,-0.03840043,-0.24656634,0.22659194,-0.14660706,-0.014126344,-0.34679797,-0.19241902,0.051708784,-0.10963206,0.004632928,0.046143137,0.03303031,-0.10358212,-0.046217814,-0.1415469,-0.20254181,-0.00014756729,-0.15936191,-0.019993767,-0.07993244,0.16821142,0.10558887,-0.18309645,0.0066428725,-0.11093748,-0.022352157,0.16610225,0.21213533,0.08345308
TCGA-BH-A202-01A,-0.08377435,0.04119648,0.16652611,0.0849929,0.0049774097,0.047442682,-0.08684425,0.07360224,-0.19948429,0.053673413,-0.23536342,-0.2053606,-0.04729241,0.12539154,0.07852227,-0.21346904,0.05951673,0.38383868,-0.12892714,-0.0654191,-0.07962009,0.14869624,-0.25970355,0.037111435,0.004085711,-0.07363239,-0.3606312,-0.08958353,-0.108674444,-0.23490164,-0.036859006,0.18815424,-0.18736953,-0.11521702,-0.10494269,-0.043868363,-0.06596658,0.058238775,-0.034534335,-0.051921062,-0.017966943,0.17566776,0.034290757,-0.043907087,-0.19873595,0.012173382,-0.0013423059,0.11600344,0.16739514,0.16272287
TCGA-D8-A1XK-01A,-0.22685382,0.037016895,0.16390677,0.1562226,-0.10939776,0.19646773,0.020456253,-0.071008354,-0.18872888,-0.019456081,0.0382982,0.087570876,-0.023380013,0.2006235,0.14718325,-0.048507392,0.09532166,0.32501054,0.015151292,-0.12350089,0.08308076,0.04079088,-0.18951328,-0.0094147585,-0.05120133,0.13645759,-0.27093995,-0.105317555,0.015434489,-0.1944039,-0.21933249,0.16148965,-0.117899306,-0.19700381,-0.016480466,-0.19318175,-0.25482732,0.08914112,-0.056725357,0.09170488,0.10143379,0.14153053,0.09840528,-0.2317191,-0.10835844,-0.0813962,0.011099365,0.04932477,0.12408524,0.17990077
TCGA-A2-A0YH-01A,-0.08329411,0.09289885,0.13983068,0.03651896,-0.31559655,0.12134233,0.032811925,0.16551721,-0.13247283,0.07838387,-0.0072206543,-0.11149213,-0.090743855,0.1105313,0.28096676,-0.0760501,0.0755416,0.29601726,0.020149449,-0.18828161,0.008119101,0.020152764,-0.092784114,0.098297514,-0.05457789,0.10009034,-0.25422603,-0.041336115,0.047918577,-0.08741458,-0.011421041,0.13686977,-0.21068774,-0.18015368,-0.14719367,-0.18004748,0.14105982,0.08315727,0.046274234,0.013010991,-0.09023599,0.10867987,0.248047,0.012560744,-0.10791759,-0.055155262,-0.12507491,0.25652355,0.16803221,0.23929818
TCGA-A7-A6VY-01A,-0.1020015,0.017069673,0.14513819,0.013613717,-0.12604558,0.06857363,-0.0066805263,0.09586696,-0.27512982,0.06498819,-0.045232397,0.0029494802,0.033623457,0.21027276,0.23593713,0.05135561,0.031701624,0.13327157,0.09018013,-0.21881917,0.05152543,-0.07548348,-0.038932163,0.064883284,-0.013026589,-0.014844823,-0.41255707,0.057152092,0.03499753,-0.20349295,-0.10187519,0.17655921,-0.36615515,-0.14316283,-0.21090075,-0.200573,-0.07653035,-0.16045627,-0.028302496,0.014858231,-0.06361664,0.033204958,0.11853932,-0.24732558,0.03136368,-0.091121376,0.09134958,0.033003394,0.13080312,0.13266844
TCGA-BH-A203-01A,-0.13867153,0.06357665,0.16114758,0.1878671,-0.19141994,0.06224887,0.11967769,-0.04028694,-0.18629587,-0.024682758,-0.066626035,-0.033188492,0.13276808,0.18661909,0.30600828,-0.0076876474,0.05543459,0.1712171,0.078709334,-0.004453243,0.0010877644,0.10339907,-0.17307174,0.07578976,-0.0120394165,0.08019026,-0.41034457,-0.009422981,-0.13504358,-0.25860512,-0.04354997,0.23687802,-0.229023,-0.09239217,-0.060258836,-0.22381784,3.106011e-05,0.045624644,0.035380434,0.029089587,-0.123987705,0.13795498,0.08122229,0.032135133,-0.16223441,-0.012250629,0.08579373,-0.056589816,0.19639678,0.17972063
TCGA-A2-A0YI-01A,-0.1445054,0.03227998,0.12048424,0.06369284,-0.16581412,0.12605438,0.023035916,0.038371637,-0.1593433,-0.033073172,0.07687826,-0.17365554,0.14865968,0.22875325,0.35830918,0.17174846,-0.056764122,0.19704339,-0.054337308,-0.10751062,0.049472462,-0.04173247,-0.08573784,0.09282983,0.043597523,0.11288422,-0.33648753,-0.037598457,-0.052334953,-0.12978537,-0.10255701,0.07669454,-0.05828755,-0.2292322,0.063030474,0.048755255,-0.17479579,0.034020748,-0.052718308,0.1564554,-0.054906376,0.2773612,-0.010290104,-0.13131389,-0.08204223,-0.10478457,-0.04570833,0.18175495,0.23943749,0.22034486
TCGA-AQ-A04H-01B,0.01204501,0.18061107,0.2501158,-0.0087271035,-0.06961308,-0.03747785,-0.021600097,-0.062805094,-0.09739537,-0.14766341,-0.104407586,0.009469901,-0.046846643,0.3413317,0.25038284,0.07431662,-0.014512596,0.22602397,0.046597,-0.12485688,-0.10790468,0.12765837,-0.13930286,0.031092415,-0.109574065,-0.071772285,-0.33323362,0.0012928341,-0.08700792,-0.10511004,-0.09694031,0.12743999,-0.14968032,-0.17075452,-0.18034849,-0.17395683,-0.014380471,-0.0140653,-0.09669013,-0.059222482,-0.0930221,0.19609314,0.0025002682,-0.14541529,-0.10048677,-0.020765949,-0.0053491555,0.0573925,0.22300345,0.33979738
TCGA-A8-A075-01A,-0.13739207,0.011125964,0.2971217,0.035591953,-0.14199127,0.19926718,-0.05553646,0.29084635,-0.05261303,-0.0957075,-0.0825,-0.055224605,0.0493358,0.19185276,0.13671583,-0.14577965,0.1513149,0.23393272,0.08204206,-0.06437834,-0.09534034,0.03127215,-0.09773126,-0.00077239634,-0.080096215,0.10720842,-0.4042267,-0.014804143,0.01970554,-0.14605711,0.0036284716,0.057745323,-0.23361573,-0.14447677,0.033440612,-0.25423548,-0.052019253,0.040340606,-0.062163014,-0.062003724,0.004496105,0.15730348,0.058182847,-0.031119777,-0.14589158,-0.09651757,-0.11807214,0.10334441,0.16006848,0.2549881
TCGA-E2-A1AZ-01A,-0.20159128,0.077264644,0.31157032,0.17475013,-0.18103488,0.11787507,-0.039976858,0.06765459,-0.15850732,0.080727905,0.041335274,0.1706264,0.047526173,0.22992124,0.19863784,0.0016282167,0.1336036,0.13510469,0.043178633,-0.10243054,-0.096677706,-0.09570546,-0.16262959,-0.053612854,-0.024090473,0.00080858613,-0.35944802,0.05200005,0.034222614,-0.32265317,-0.00025146126,0.19514154,-0.18379764,-0.16837573,-0.13208044,-0.10398795,-0.01756634,0.075481065,0.019007573,0.0773221,-0.15289386,0.044736624,0.064037845,-0.15532202,-0.0583948,-0.14266732,-0.014637813,-0.0828146,0.23522402,-0.035331156
TCGA-E9-A1R3-01A,-0.22699559,0.07792227,0.11880317,0.056834795,-0.024032177,0.027379628,0.07776408,0.23077592,-0.19109094,0.18964191,-0.06094666,-0.043209843,-0.009531271,0.2860083,0.24089351,-0.14255677,0.008577135,0.14509927,-0.077674665,-0.14524952,-0.06481644,0.03646837,-0.067120686,0.00025647093,-0.11405993,-0.05029112,-0.24498086,-0.021095466,0.05259035,-0.06345969,0.062575005,-0.022606572,-0.069814555,-0.31765136,0.029576948,-0.21708538,-0.07595557,-0.015640762,0.08372397,0.017695846,-0.117290065,0.300071,0.12694407,-0.11912193,-0.29134655,-0.04614837,-0.008137075,0.054656148,0.21767849,0.20478709
TCGA-PL-A8LV-01A,-0.22264569,0.14006577,0.09409426,0.14687438,-0.15764967,-0.026240684,-0.018760467,0.072984174,-0.052406877,0.0049229306,-0.10113264,-0.22919574,0.07806701,0.2448648,0.16531631,-0.074665956,0.09774118,0.2986794,-0.02395813,-0.06530008,-0.09860352,0.060343705,-0.18181941,0.011858381,-0.06763813,-0.09602042,-0.26600778,0.087960154,0.11201087,-0.22421004,-0.047626503,0.18415111,-0.25440636,-0.20103596,-0.15400073,-0.20133775,-0.16178268,0.16030294,-0.085291065,0.020563945,-0.09712625,0.15966482,0.04392156,-0.11624451,-0.114454776,-0.07199319,0.099701926,-0.026665714,0.19091973,0.13606083
TCGA-AC-A6IV-01A,-0.11673175,0.0259211,0.20247369,0.008026978,-0.15059441,0.20966765,0.15799285,-0.033971425,0.027362471,0.09853347,0.03389657,-0.12115917,-0.0061804466,0.14638174,0.08366571,0.009139774,-0.0839048,0.28919658,0.07108228,-0.301649,-0.08465972,0.075185195,-0.09143056,0.1508199,-0.1927473,0.068703756,-0.37139252,-0.06173107,0.20411158,-0.15426402,-0.0027182316,0.075688556,-0.099165626,-0.066140935,-0.047364667,-0.25410444,-0.09497864,0.13872722,-0.07850341,0.0052428786,0.0045029703,0.08962657,0.0351889,-0.12922658,-0.018184762,-0.03504243,-0.016673129,0.061378907,0.35686478,0.1927979
TCGA-D8-A1X8-01A,-0.2658295,-0.108083226,0.039592706,0.062037084,-0.13036875,0.20708758,-0.02873229,-0.016424336,-0.04409677,-0.14918946,-0.04933165,-0.12094226,0.17424577,0.37583402,0.058826473,-0.14822403,-0.0075912485,0.21756433,-0.09082541,-0.26339006,0.07473928,-0.0047998214,-0.028087027,0.03917826,0.09209183,0.0783203,-0.38744903,-0.016753638,0.048502285,-0.16940053,-0.22406371,0.067910686,-0.1450515,-0.14154309,-0.07480542,-0.17365159,-0.008524171,0.10083652,-0.13781945,0.08819984,-0.067683846,0.049207572,0.06878666,-0.18741924,0.0066547547,-0.10646045,-0.08393336,0.03761304,0.20348884,0.0847521
TCGA-AC-A2BM-01A,-0.21940249,0.014340877,0.13270925,-0.06689156,-0.14581221,0.09481305,-0.024800232,0.058254533,-0.12128568,0.12128309,-0.08371144,-0.20664841,-0.047872793,0.20834857,0.22449969,-0.025738336,0.062397473,0.3298816,0.0039217984,-0.03154195,0.014274138,0.0057694847,0.01742039,-0.009564346,-0.015075157,0.0981197,-0.2953976,-0.13838501,-0.03484702,-0.117988124,-0.104462266,0.10808985,-0.15770096,-0.17720711,-0.07981485,-0.3024909,-0.054601554,0.12872607,-0.027682167,0.07182915,-0.2004364,0.21056944,0.068140954,-0.011468551,-0.16902018,0.0021092142,-0.24304889,0.14499383,0.22416443,0.15243247
TCGA-E2-A56Z-01A,0.09149417,0.03363851,0.22011921,0.2261533,-0.06423572,0.108130015,0.043664623,0.0991015,0.008246933,-0.0006349543,-0.17731364,-0.083895214,-0.02883958,0.12830095,0.17067304,-0.20807043,-0.003471515,0.24868867,0.024066275,-0.23469023,-0.07976833,0.08995485,-0.01149404,0.12216995,-0.06574703,0.13863294,-0.3154946,-0.011521753,0.052088086,-0.13821274,0.1258693,0.12966254,-0.09672608,-0.20988719,0.030881748,-0.21082883,-0.1573986,0.07356802,0.01175714,0.095334545,-0.06714905,0.08736145,0.24343492,-0.19041108,-0.078028746,-0.097183846,-0.10985731,0.2546409,0.20580557,0.17232738
TCGA-E2-A1IU-01A,-0.27614188,-0.012440861,0.11337032,-0.09334271,-0.16814439,0.1946159,-0.05629846,0.08482022,-0.08824794,0.14178589,-0.070000894,-0.16610192,-0.21228792,0.20399283,0.15832652,0.03957696,-0.14405107,0.181867,0.22063369,-0.19937085,0.0071332334,0.0064463527,-0.1795839,0.061335996,-0.15337224,0.033436567,-0.3701248,-0.004769347,-0.09047283,-0.19245604,0.03242617,0.16425656,-0.13254277,-0.1439605,0.017036399,-0.17202577,0.022357874,0.039761968,-0.10138593,-0.05836372,0.094393976,0.17730543,0.022793578,-0.15395197,-0.13978736,-0.15730369,-0.056966335,0.12651357,0.15289855,0.055895463
TCGA-AR-A5QM-01A,-0.0119579565,0.028917108,0.24402034,0.12351255,-0.1128416,0.2560093,0.006164866,-0.024106579,-0.19474153,-0.061582364,-0.02171321,-0.22481695,-0.091385745,0.15617593,0.26353785,0.0236605,-0.097901344,0.26077697,-0.065771885,-0.1848845,-0.059297193,0.0795212,-0.23870562,0.13477509,-0.13286868,0.013427676,-0.28938118,0.0646691,0.058105834,-0.101176634,-0.04254578,0.21404046,-0.15149479,-0.25346157,0.017236616,-0.21038929,-0.007381554,0.009402762,-0.047649648,0.04827887,-0.031830788,0.06537183,0.13510664,-0.23242182,-0.05451058,-0.088557065,-0.100999266,0.051690854,0.19491124,0.077647306
TCGA-C8-A27A-01A,-0.11452741,-0.06319658,0.18078482,0.055863142,-0.11450145,0.009138144,-0.051450662,0.18906112,-0.17487945,-0.09626849,-0.14533937,0.09892382,-0.015667513,0.3614472,0.0705227,-0.038161036,-0.05545158,0.1620409,0.079459675,-0.11086718,-0.012163739,-0.02873912,-0.26775733,0.02243529,-0.09092094,0.089622684,-0.32016277,-0.0023556072,0.049931098,0.007801885,-0.15448457,0.066858895,-0.22659227,-0.22154951,-0.0012277283,-0.20211266,-0.04150429,-0.003112204,-0.15826899,0.06287672,-0.11539702,0.09544095,0.19851658,-0.056442596,-0.058414634,-0.105620414,0.14953217,0.18925391,0.20155556,0.25731474
TCGA-BH-A0HI-01A,-0.105395794,0.009497093,0.17368685,0.14854465,-0.16833524,0.09163674,-0.17728297,-0.16570255,-0.1782036,0.082956985,-0.014152976,-0.05407389,0.12609889,0.35671726,0.14122674,0.009154679,-0.03585937,0.085091144,-0.16434337,-0.21489693,0.07131863,-0.13089074,0.050218858,0.13534637,-0.053916734,-0.0002847421,-0.38603997,-0.05398946,0.07562249,-0.18036194,-0.074497156,0.044743855,-0.06792917,-0.21736781,-0.12940401,-0.21195124,-0.08874929,0.06513221,-0.08420213,0.04774592,-0.13520552,0.09118662,0.12883206,-0.13790102,-0.09860915,-0.12950309,-0.072385766,0.030006932,0.21766996,0.18258816
TCGA-BH-A1EN-01A,-0.16302751,-0.038062897,0.14676644,0.140233,-0.05808217,0.33690953,-0.008619816,0.13683382,-0.12294842,-0.05066942,-0.075542785,-0.08615611,0.059769962,0.24627097,0.16395332,-0.12543403,0.058277857,0.15691043,0.14919391,-0.12703057,-0.0905492,0.1742024,-0.08979612,0.043597598,-0.13598417,-0.0853909,-0.40362644,0.08809453,-0.13704276,-0.11812381,-0.021885639,0.004068136,-0.27627993,-0.10636826,-0.048469085,-0.14304326,-0.0866734,0.09886848,0.008919116,0.13371934,-0.067298375,0.093340814,0.12377113,-0.0539288,-0.20374067,-0.038779374,0.026934037,0.12078804,0.24902445,0.123748
