,0,1,2,3,4,5,6,7,8,9,10,11,12,13,14,15,16,17,18,19,20,21,22,23,24,25,26,27,28,29,30,31,32,33,34,35,36,37,38,39,40,41,42,43,44,45,46,47,48,49
TCGA-EW-A1OV-01A,-0.06816597,0.13365236,0.28030375,0.07639754,-0.12032839,0.08967886,-0.057041846,0.11172537,-0.07356936,0.004907148,-0.17952871,-0.039197735,-0.014105333,0.3245336,0.24922313,-0.050764695,0.03172689,0.14100696,-0.02102223,-0.079965964,-0.01606728,0.061108496,-0.09341153,0.089263044,-0.02968232,-0.014731639,-0.32796565,0.00101009,0.031850524,-0.26829684,-0.040236622,0.09189049,-0.34383318,-0.10471711,-0.0041592387,-0.23460384,-0.14632404,0.027134378,-0.13517348,0.096622445,-0.14137469,0.17173675,0.09330397,-0.08970786,-0.09927894,-0.07475734,-0.16310911,0.015555433,0.23097266,0.09699432
TCGA-EW-A1P6-01A,-0.13213035,0.09554672,0.2886059,0.066107824,-0.1502243,0.06901904,-0.08218318,0.09370656,-0.12287065,-0.034194656,-0.14490563,0.026991403,0.090753965,0.26360857,0.22988044,0.0059920587,0.04564126,0.29232487,-0.06981402,-0.2828339,0.06558348,0.029827856,-0.03898024,0.09272294,-0.07172017,-0.075631246,-0.35846862,0.02413719,0.00033057947,-0.14489743,-0.012932012,0.1436062,-0.17824654,-0.23618412,-0.071557604,-0.17580852,-0.098968185,0.07501733,-0.009489161,0.11556171,-0.00462074,0.16354404,0.14967433,-0.1669957,-0.1061114,-0.074452214,-0.13670252,0.100614466,0.1489226,0.08682081
TCGA-AC-A6IX-01A,-0.17824112,0.014868294,0.24737374,0.03224687,-0.13557686,0.10215598,0.04212349,0.18755873,-0.2106315,0.00079135253,-0.055298988,-0.06131767,0.114030585,0.30634713,0.11775814,-0.0017509538,0.011696423,0.22957563,-0.037550695,-0.21462649,-0.018553216,-0.033693284,-0.031380195,0.13003927,0.026082363,0.052804623,-0.39933825,-0.031449147,0.08659802,-0.13907994,-0.014267529,0.07639119,-0.29173604,-0.17136663,-0.065075375,-0.1209278,-0.079318754,0.13292761,-0.10443984,0.021116013,-0.060167167,0.036323145,0.04840764,-0.012926336,-0.19272712,-0.16008541,-0.045008812,0.28465584,0.13314486,0.1092989
TCGA-E2-A1IE-01A,-0.18058184,0.073510565,0.12576078,0.098876454,-0.10547144,0.08493358,-0.049215995,0.044112764,-0.10216769,0.08758998,-0.05625866,-0.07096636,0.06465169,0.26091748,0.13569361,0.040239718,0.08322792,0.24694969,-0.049831647,-0.20827578,-0.028449697,0.07324029,-0.037375864,0.16473182,-0.06346202,0.039620038,-0.44598776,-0.032162987,-0.01117987,-0.26293066,-0.084367156,0.10482493,-0.12813981,-0.23975879,-0.073457174,-0.16148005,-0.05785561,0.17594296,-0.009610096,0.039840713,0.03943553,0.08067129,0.054554302,-0.07363296,-0.07423153,-0.12940499,-0.17095615,0.18261158,0.2598689,0.20862828
TCGA-D8-A1JG-01B,-0.040600374,0.05833632,0.27357355,0.07427569,-0.16258442,0.09648098,-0.0002693871,0.05989676,-0.06777351,-0.07114655,-0.045696627,-0.037334844,0.0370292,0.39847833,0.26662993,0.008226567,-0.06342794,0.23817304,-0.020491064,-0.22389184,0.053135175,0.047696788,-0.11073698,0.11563253,-0.008226053,0.06162396,-0.33166024,-0.08699286,0.01919045,-0.16316862,-0.029297369,0.11208833,-0.26631242,-0.17488314,-0.14899118,-0.16502069,-0.07897746,0.15229125,-0.15055984,-0.009693523,-0.0026127882,0.06948356,0.046127226,-0.07499888,-0.092155,-0.03951727,-0.060795147,0.2091602,0.18938626,0.13360552
TCGA-3C-AALI-01A,-0.14856908,0.12366475,0.28679195,0.08925799,-0.19878013,0.133439,-0.0010647133,0.17700185,-0.041025646,-0.0019461587,0.03915951,-0.062918484,0.020593353,0.29298314,0.14092702,-0.07397526,-0.00078242377,0.19325402,-0.09996034,-0.15487818,0.009384385,0.110722326,-0.07720387,0.12077522,-0.05968585,-0.009716082,-0.40095755,0.017801609,-0.049643595,-0.20242745,-0.10273726,0.07210684,-0.11792534,-0.22147407,-0.110458165,-0.2357374,-0.1291195,0.1582353,-0.054852314,0.0083524,-0.051457282,0.20408134,0.03512638,-0.19226706,-0.1329521,0.012048171,-0.008320579,0.04151021,0.22099231,0.10181529
TCGA-A2-A25E-01A,-0.12878759,0.03198965,0.2859887,0.1205575,-0.17679505,0.06328532,-0.008855915,0.12603833,-0.21641576,-3.4104887e-05,-0.1091062,-0.124544054,0.007948435,0.25702068,0.18840805,-0.018597329,-0.007497311,0.25772026,-0.00018905895,-0.1563627,0.072352014,0.104907595,-0.026236655,0.0018774397,-0.052231852,-0.01656726,-0.4350212,-0.025414167,0.015990112,-0.13954544,-0.15330853,0.029740896,-0.2639294,-0.19775869,-0.07853344,-0.1873204,-0.07575272,0.08485964,0.0041215606,0.09709908,0.0030900103,0.21466352,0.040375516,-0.002794433,0.035804726,-0.028403636,-0.058578223,0.12126606,0.23892643,0.1277095
TCGA-OL-A6VR-01A,-0.13338092,-0.02158082,0.18524557,0.10294877,-0.19387826,0.10177866,0.035976935,0.025061654,-0.13171396,-0.009616244,-0.070797555,-0.048582572,0.12602194,0.27649072,0.29760268,-0.069439024,0.07711598,0.1469977,-0.03085838,-0.2069214,-0.013276733,0.009330176,-0.20681314,0.08261547,0.06290627,-0.0050887177,-0.39218447,-0.034728054,-0.020241624,-0.21058017,-0.09555557,0.05718162,-0.20975897,-0.2826719,-0.051391184,-0.16982946,-0.048958324,0.15752794,-0.07907387,0.16369456,-0.014691278,0.07509383,0.114682816,-0.15939102,-0.0731959,-0.06930654,-0.11436946,0.120071806,0.2011398,-0.03028491
TCGA-XX-A89A-01A,-0.20804083,0.08162543,0.2757529,0.014821113,-0.07419604,-0.022893816,-0.06890374,0.16812254,-0.14916037,0.046674617,-0.081210844,-0.028768985,0.023463951,0.27435583,0.20040126,-0.06972245,-0.01939557,0.23723719,-0.03765435,-0.15836133,-0.033587366,0.05098873,0.086629115,-0.029527737,-0.05471701,0.039173465,-0.34833032,0.09688992,0.02917762,-0.27300534,0.012103904,0.07145084,-0.24216707,-0.1296439,-0.07166405,-0.22385016,-0.08801461,0.15347463,-0.113725446,-0.021401266,-0.02489047,0.16374223,0.12053896,-0.23109992,-0.10132833,-0.0327975,-0.11620571,0.17773625,0.1467385,0.14896645
TCGA-AC-A5XU-01A,-0.15743366,-0.029492673,0.26307368,0.04640615,-0.045006517,0.07494256,0.016228426,0.086602025,-0.077811934,0.07943654,-0.11338075,-0.02462538,0.017207585,0.18634948,0.25648266,0.0414592,0.047053322,0.23492697,-0.0046628555,-0.24674164,-0.025743917,-0.06784833,-0.18269709,0.05818333,-0.14500706,0.039992962,-0.41300207,-0.022880739,0.033197884,-0.23767838,-0.01966287,0.22312358,-0.22333936,-0.17031543,-0.0142066805,-0.24379833,-0.06999308,0.07832401,-0.029594436,0.050212413,-0.028544199,0.116213016,0.07284181,-0.20977028,-0.048876807,-0.02018306,-0.01680561,0.12364399,0.22651017,0.1055653
TCGA-AR-A24H-01A,-0.11422932,0.08433392,0.24069141,0.021036595,-0.18726695,0.026910882,0.012369518,0.16282977,-0.088401884,-0.06702999,-0.14823727,-0.054466687,0.020744778,0.2965043,0.122346,-0.08180629,0.016739467,0.21106285,0.016257409,-0.17750755,0.0438516,0.051180284,-0.16082846,0.12739249,-0.041649073,-0.00695073,-0.382318,0.010239961,0.0033845284,-0.17739058,0.04635629,0.15289405,-0.30910388,-0.23126803,-0.06833417,-0.08620986,-0.11327728,0.1834865,-0.024279393,0.022380985,-0.0001322598,0.18641326,0.19652466,-0.19803065,-0.05795859,-0.017079031,0.0209079,0.061363466,0.22704358,0.05235816
TCGA-E9-A24A-01A,-0.109878086,0.04420543,0.30285713,0.081794895,-0.13013263,0.12245125,-0.03472433,0.12290109,-0.10419852,-0.042063005,-0.056838594,-0.16579396,0.15675835,0.18580835,0.19179241,-0.012431744,0.06970531,0.27037284,-0.020910725,-0.15761077,0.086636424,0.04774938,-0.08852045,0.030660162,-0.012428258,0.15649347,-0.37993824,-0.0061828005,-0.057987142,-0.18907024,-0.06545641,0.15246241,-0.1671344,-0.2807987,-0.14539294,-0.18061152,-0.024689035,0.09646493,0.06840687,0.028888762,0.096916586,0.07354045,0.14390631,-0.10969715,-0.07203147,-0.1986853,-0.085672736,0.16047545,0.19925438,0.038601734
TCGA-AR-A5QQ-01A,-0.14228702,-0.046752807,0.23573105,0.0034982208,-0.11338848,0.11188193,0.045231733,0.04315738,-0.19113062,-0.010610364,-0.019502737,-0.026651526,-0.027119242,0.26766863,0.16702764,-0.009746489,0.034325123,0.26512644,0.013308131,-0.3084584,0.060254455,0.02366783,-0.12128908,0.0688663,0.025524637,-0.009406509,-0.48449382,0.08774509,-0.039944336,-0.19765337,-0.04115772,0.13749868,-0.23757954,-0.055633325,0.016976112,-0.14914514,-0.056154918,0.062370576,0.027862053,0.122720435,-0.04684183,0.070231386,0.09965087,-0.19908722,-0.13247588,-0.042897638,-0.07040654,0.14328496,0.19474928,0.123578794
TCGA-BH-A1FN-01A,-0.03887892,0.15568393,0.22841583,0.107205845,-0.16734953,0.03979619,0.0024525684,0.07407516,-0.051625572,0.08522936,-0.06840295,-0.03616813,-0.008221883,0.32987505,0.1706998,-0.0023171825,-0.06304746,0.25504106,-0.05625572,-0.21387033,-0.04980886,0.06700134,-0.042819645,0.08833121,-0.06613138,0.03354936,-0.40176007,-0.040060677,-0.05647579,-0.1516739,0.053139523,0.10548283,-0.21811256,-0.18801664,-0.05284421,-0.18027763,-0.14662664,0.1542289,-0.04150067,0.0122212935,0.06623375,0.16408995,0.09074477,-0.18094939,-0.15986088,-0.17244332,-0.12163058,0.07982875,0.21579775,0.13294107
TCGA-AN-A0XV-01A,-0.10306065,0.045347832,0.30120504,-0.004703672,-0.17348683,0.11077324,-0.0032616039,0.17451893,-0.06457071,-0.03284371,-0.122957885,-0.10546322,0.041746188,0.22169873,0.11657615,-0.06385715,0.043681897,0.15792578,-0.08463589,-0.24744114,-0.024113907,0.06160584,-0.07905057,0.032949664,-0.0124166235,0.11274967,-0.31802377,-0.096113816,0.13073646,-0.26905382,-0.09592132,0.076326676,-0.24116845,-0.17453067,-0.03775551,-0.17357649,-0.099779695,0.16526012,-0.08711733,0.12297222,-0.08414596,0.14441387,0.0249149,-0.19855921,-0.036237843,-0.09717534,-0.034662973,0.14674102,0.2614725,0.19745885
TCGA-BH-A1EY-01A,-0.14466096,0.06633075,0.20338175,0.09804182,-0.107079186,0.18378763,-0.07785926,0.10916365,-0.09715171,0.036802664,-0.03868618,-0.118188284,0.08729771,0.18039553,0.18683472,0.003036574,0.024909563,0.2620891,-0.1725659,-0.1651915,-0.0121120745,-0.10764369,-0.025497958,0.112808734,-0.021343412,0.13903554,-0.39879522,-0.05116127,0.021817831,-0.21490131,-0.018767143,0.14538816,-0.2093927,-0.19704236,-0.03518422,-0.19131327,-0.053913273,0.109926775,0.046102818,-0.04358089,-0.06069804,0.22886269,0.07231593,-0.063019045,-0.1444748,-0.12686495,-0.17699103,-0.009382829,0.24339193,0.16015242
TCGA-EW-A1P0-01A,-0.04696395,0.01221485,0.22509754,0.17402314,-0.10688369,0.0001719172,0.11369248,0.08486883,-0.11121657,0.10028806,0.003597869,-0.083312474,-0.08892774,0.22010608,0.16659565,0.009536773,0.012240929,0.21713735,-0.010937165,-0.27593297,-0.023324337,0.030157033,-0.14551374,0.13351853,-0.06579813,0.11947941,-0.36223498,0.056674894,0.021442167,-0.18930024,-0.0055265566,0.109824434,-0.30683312,-0.15676647,-0.024194136,-0.19230686,-0.08993777,0.12108479,-0.091529034,0.028712837,-0.12562113,0.15692264,0.0850005,-0.16451705,-0.06602845,-0.026431184,-0.14583859,0.18739648,0.22771527,0.17289375
TCGA-D8-A1XC-01A,-0.20970917,0.057676252,0.35725507,0.09153088,-0.16618183,0.064194456,-0.08158114,0.12851505,-0.06567045,0.008942441,-0.034944914,-0.068204135,0.06582602,0.19126798,0.16785945,-0.05170634,0.023631455,0.23580122,0.008771639,-0.17015895,0.06449836,-0.014796212,-0.039532073,0.11080397,0.008464921,0.08720076,-0.3713309,-0.09732961,0.043808296,-0.21422605,-0.13307679,0.07515751,-0.31134802,-0.21054873,-0.024277605,-0.20556979,-0.16426308,0.118848816,0.01970598,0.013334999,0.058476996,0.05332257,0.108619474,-0.092490524,-0.054041322,-0.15195684,-0.096987605,0.1204749,0.20902807,0.06401702
TCGA-D8-A1XJ-01A,-0.14911771,0.10917386,0.22208756,0.11099314,-0.16790536,0.13708664,-0.10745541,0.21404171,-0.040122397,-0.035407133,-0.0054433174,-0.12911241,-0.00072608393,0.23232262,0.22442201,-0.037901256,0.08764954,0.33115843,0.0037230072,-0.2053679,0.064221255,0.075959064,0.016368411,0.022471622,-0.072285034,0.058452863,-0.37840992,0.0421682,0.0039176163,-0.20910911,-0.06865064,0.07667056,-0.26867425,-0.0994711,-0.0912559,-0.2021227,-0.113262005,0.07874807,-0.062566906,0.05411973,0.0032162543,0.15495467,0.08992188,-0.11299259,-0.22017217,-0.05610912,-0.07629483,0.061447076,0.15849808,0.089520365
TCGA-A2-A0T2-01A,-0.09303214,0.10470233,0.2897666,0.05775121,-0.104551114,0.13985878,0.026310647,0.044579197,-0.20874172,-0.034073833,-0.12270267,0.020854143,0.05047046,0.2786897,0.1906181,-0.10947519,-0.017783754,0.2501624,0.018769424,-0.12219364,0.0471858,0.11273278,-0.12783782,0.16803926,-0.21073009,-0.04052383,-0.2866829,0.0046560736,0.026679352,-0.1145042,-0.025411185,0.06535133,-0.18678625,-0.185691,0.028965628,-0.2706643,-0.05975987,0.13634214,-0.06764421,0.05335148,0.029515324,0.12864788,0.08984201,-0.23172629,-0.13690877,-0.07843061,-0.12927483,0.17442855,0.18584445,0.16627018
TCGA-AR-A0TX-01A,-0.14205064,0.0910616,0.257402,-0.007207659,-0.12196993,-0.0012273955,0.015370929,0.051376503,-0.0863226,-0.03888206,-0.046079334,-0.07332344,0.05598898,0.2689261,0.21750139,-0.024728693,0.029233692,0.24588862,-0.026337992,-0.16623193,0.020861883,0.047223948,-0.11007851,0.08116934,-0.16269638,0.028062282,-0.3169671,-0.018387033,-0.05815529,-0.20026946,-0.20373273,0.16429158,-0.28100517,-0.14517845,0.009874561,-0.25178978,0.0041522593,0.19925426,0.10042925,0.104368955,-0.069384106,0.13628936,0.07601125,-0.1339961,0.030638937,-0.14344525,-0.10078194,0.17741522,0.21102266,0.13239682
TCGA-BH-A209-01A,-0.12855633,0.16926943,0.1124238,0.109262034,-0.1489507,0.09327444,-0.012182004,0.0629653,-0.055668395,-0.042486083,-0.108759806,-0.07069232,0.0905301,0.30713946,0.11999984,0.010751203,-0.03194853,0.2420583,0.011922246,-0.11283422,0.06891014,-0.022428341,-0.06421049,0.0117195025,-0.013574898,0.08465004,-0.40510952,-0.07377911,0.061476696,-0.24341476,-0.015695907,0.09162889,-0.31934613,-0.22898918,-0.050693206,-0.14513047,-0.12732229,0.17627504,-0.18339156,0.042156823,-0.005924159,0.08053225,0.14912988,-0.09056326,-0.10779163,-0.0009737979,-0.08140817,0.08768441,0.18050359,0.2639447
TCGA-A7-A26H-01A,-0.17228124,-0.060698505,0.21427684,0.09960728,-0.11593313,0.13298595,-0.07630159,0.104223385,-0.1720976,0.07545722,-0.10153303,-0.011820582,0.12042717,0.20068316,0.21680458,0.03117275,-0.03934947,0.2890858,0.031032939,-0.1486031,0.040111903,0.022212123,-0.12577213,0.12755632,-0.026106464,-0.035748746,-0.39831343,0.09448341,0.020379497,-0.19963615,-0.11240928,0.092218794,-0.2850292,-0.23789538,-0.032928128,-0.18732749,-0.039774906,0.10386734,-0.054889258,0.11155452,0.010906384,-0.043220654,0.11669034,-0.05795279,-0.13505049,-0.043084208,-0.05910694,0.12315815,0.24232692,0.15129091
TCGA-AR-A24P-01A,-0.10245671,0.024014467,0.1792141,0.088101506,-0.121093385,0.07938819,-0.009346002,0.09064615,-0.14257751,0.060096525,-0.0037073,-0.014866026,-0.027997866,0.17964931,0.17026462,-0.008437698,0.03477119,0.19242264,-0.05889484,-0.26264936,-0.041336305,0.068985894,-0.16210358,0.15738568,-0.0560521,0.09722413,-0.46768346,-0.06966568,-0.07756663,-0.15586098,-0.16837235,0.21442649,-0.2904875,-0.12677085,-0.105042145,-0.12366099,-0.070365384,0.10820916,0.04418146,-0.101540454,-0.043289445,0.15729211,0.14703675,-0.075143285,-0.13010052,-0.11344242,-0.12398921,0.12732033,0.18661167,0.13666975
TCGA-B6-A0WV-01A,-0.1129497,0.120772146,0.24439868,0.03419965,-0.08534224,0.07484111,-0.106343865,0.17286709,-0.23197894,0.0054534297,0.021996334,0.014103771,0.040492028,0.26206398,0.18241873,-0.034550365,0.016009044,0.31263465,-0.030832598,-0.14667903,0.017686982,0.051657762,-0.0831822,0.041847575,-0.032375537,-0.062814794,-0.37472713,0.06993162,0.031353142,-0.21551035,-0.02132828,0.054734517,-0.33094954,-0.13931537,-0.05846365,-0.18761514,-0.092866965,0.16690634,-0.105692305,0.09015635,0.0962679,0.019983025,0.1270956,-0.07557076,-0.07657808,-0.016219284,-0.0971538,0.14182946,0.22034228,0.16115144
TCGA-AO-A0JB-01A,-0.18902318,-0.004102973,0.30303892,0.056872353,-0.18642065,0.19077283,-0.030663272,0.065419644,-0.15596102,0.07215589,-0.09810264,-0.078420885,0.012304084,0.31987926,0.13125427,-0.09116095,0.020264905,0.26613885,-0.016039481,-0.15425159,-0.042377055,0.0012747067,-0.059512492,0.111739226,-0.046762504,0.013483368,-0.34285334,-0.008952777,0.0658442,-0.14286633,-0.14389132,0.07043245,-0.29497546,-0.18522877,-0.05515581,-0.17813404,-0.02830244,0.19525202,-0.09683657,0.0005257972,-0.081712976,0.04319003,0.053091217,-0.18134929,-0.051184934,-0.11654664,-0.12527335,0.15052687,0.13288341,0.12296605
TCGA-D8-A1JS-01A,0.0021134089,-0.0021898565,0.25471485,0.21331583,-0.124610245,0.08400551,-0.068204895,0.17076199,-0.14176594,0.023323871,-0.041384142,-0.028421951,0.049885716,0.33193338,0.2519276,-0.028282728,0.09691181,0.15544793,-0.13444217,-0.23342562,-0.010029918,0.029900955,-0.042300597,0.034449045,-0.122608066,0.049449407,-0.41456774,-0.06406751,0.026754145,-0.057435296,-0.022036595,0.09730705,-0.1938547,-0.27825803,-0.024756553,-0.19125746,-0.072645955,0.15173712,-0.0036825323,0.039529722,-0.008789338,0.055456612,0.1157098,-0.124362916,-0.12144229,-0.053643852,-0.12967156,0.19595337,0.16027322,0.05473565
TCGA-A2-A0SW-01A,-0.17507069,0.018853623,0.24094836,-0.005584197,-0.18417251,0.1468005,0.032625895,0.11897341,-0.15804042,-0.009961964,-0.09290717,-0.09980601,0.08133744,0.23132977,0.2330151,-0.06272708,0.00947257,0.3116951,-0.09439911,-0.15102641,-0.018891992,0.086078085,-0.1542382,0.06869918,-0.059988886,0.022955481,-0.40023178,0.042089876,0.079399444,-0.17827344,-0.024597231,0.10476577,-0.16830374,-0.17517576,-0.069229595,-0.15878266,-0.12515168,0.060509827,-0.081147105,0.0216102,-0.028288212,0.020497633,0.18262498,-0.20470475,-0.08441482,-0.024228688,-0.14416066,0.12518346,0.18783236,0.16088583
TCGA-S3-AA17-01A,-0.07932055,0.07256775,0.34123462,0.08674402,-0.14985634,0.079663716,-0.07401279,0.1900883,-0.059959393,0.09284149,-0.14665094,-0.09742721,0.057335038,0.2705871,0.17232892,-0.04620978,0.06266377,0.2081191,-0.05271133,-0.14286473,-0.020279774,0.019676605,-0.1384461,0.098541446,-0.05248434,0.0047486844,-0.36338386,-0.014102525,-0.008674876,-0.20661211,0.04136323,0.07717384,-0.29161307,-0.11492533,-0.09806561,-0.20576033,-0.097863466,0.21691144,-0.061671853,0.059421323,-0.038632784,0.10949716,-0.02030478,-0.18399723,-0.036857944,0.0046518985,-0.10582944,0.06943433,0.23337664,0.15223037
TCGA-A2-A1G4-01A,-0.17701738,0.06302453,0.25086048,0.03939194,-0.22614606,0.15621057,0.020146938,0.0627348,-0.056983642,-0.023243392,-0.068464495,0.08565566,-0.059948742,0.26363364,0.2525175,-0.03333144,-0.05314541,0.1955476,0.026557567,-0.17011769,0.05843567,-0.023051938,-0.03556245,0.07237898,-0.12455977,0.044537164,-0.4460646,-0.03691027,-0.031265855,-0.15522635,0.015751978,0.18397932,-0.35068008,-0.21805625,-0.089117736,-0.13194798,-0.06412483,0.15923454,-0.006128166,-0.013299644,-0.09493603,0.060079414,0.07142264,-0.086513564,0.041827526,0.064743795,-0.1299968,0.10864209,0.14245838,0.051699676
TCGA-E2-A1AZ-01A,-0.17040505,0.034312144,0.252689,0.1505458,-0.18109244,0.06347472,0.020346638,0.12621923,-0.120217316,0.1668449,0.01367911,-0.018751344,0.037607152,0.39978078,0.23492508,-0.0011456948,0.007153908,0.21375975,-0.016642688,-0.07950209,0.07228903,0.017343037,-0.09646752,0.12651548,0.054576524,0.03450435,-0.3681884,-0.038270425,-0.027566882,-0.25973466,-0.14658861,0.13656646,-0.19046016,-0.13822137,-0.11691792,-0.17895386,-0.12018871,0.07821814,-0.015044619,-0.038407564,-0.100792624,0.11650972,0.039458312,-0.06313481,-0.07283937,-0.09799131,-0.04526888,0.14317572,0.09590491,0.19706345
TCGA-GM-A2DB-01A,-0.18795983,0.1410411,0.20629688,0.05429015,-0.05971295,0.1287839,0.029387921,0.1456501,-0.16296555,0.06001582,-0.04267147,0.044396155,0.12322108,0.21311378,0.17890298,-0.0593589,0.12458878,0.2820763,-0.010436589,-0.2072573,-0.051233634,0.0345438,-0.095355935,0.05687096,-0.033062898,-0.081012726,-0.33891708,0.08470438,0.017149426,-0.2522949,-0.043718792,0.07467809,-0.27263758,-0.2362718,0.007222561,-0.12984638,-0.075333044,0.13933697,-0.18246162,0.051497776,-0.011558248,0.109325916,0.07057102,-0.085550375,-0.12611116,-0.008404737,-0.12654905,0.04719416,0.21682379,0.24044974
TCGA-AN-A0XP-01A,0.0110397935,0.111072145,0.33562806,-0.002092121,-0.15961179,0.14777707,-0.022836324,0.08814835,-0.19514483,0.021686658,-0.0010157992,0.065487966,0.055515688,0.24063924,0.21415275,-0.012830374,-0.012721718,0.25412202,0.00082859414,-0.12273817,-0.017246773,0.040630843,-0.074993625,0.0159201,-0.10416743,-0.023775436,-0.3675933,0.085917965,0.050260138,-0.24065413,0.055870496,0.18370393,-0.28510463,-0.091238074,-0.08137183,-0.18939415,-0.13586918,0.17815201,-0.039122082,0.040256165,0.041159004,0.20659797,0.06514627,-0.09724114,-0.11321257,-0.09494838,-0.06972457,0.17408241,0.16089995,0.06442726
TCGA-AC-A23C-01A,-0.119594425,-0.011570833,0.36737055,0.009447517,-0.11195812,0.090661354,0.13064966,0.056958705,-0.14655617,-0.01858193,-0.08266086,-0.13666373,0.07399958,0.2882326,0.19043732,-0.059592046,0.0047679534,0.2789856,-0.08176724,-0.223135,0.08259409,0.10179258,-0.026023204,0.11805466,-0.055768892,-0.009708428,-0.355777,0.009213167,0.004290838,-0.29118896,-0.08614596,0.15368712,-0.1938375,-0.09305243,-0.07440635,-0.1613082,-0.11788233,0.098125845,-0.051556356,0.00835527,-0.11315503,0.061211113,0.06717541,-0.1196129,-0.05919169,-0.04041801,0.02039041,0.11022578,0.19356799,0.16526182
TCGA-OL-A5D8-01A,-0.09390099,-0.05763829,0.26394817,0.11622303,-0.10862751,0.06891609,0.0017099704,0.15980956,-0.08664641,-0.058485914,-0.0615259,-0.020818822,0.049770758,0.17515849,0.17776793,-0.08706918,-0.07142916,0.23430543,-0.107310556,-0.28099337,0.049886715,0.007964534,-0.11528074,0.16940497,-0.13020468,0.05643484,-0.3566091,-0.010480228,0.002401132,-0.16318147,-0.012123282,0.04855413,-0.1947756,-0.31289476,-0.0838077,-0.09683477,-0.25089106,0.2036093,-0.116856106,0.03564411,-0.059376065,0.18376657,0.0052830884,-0.10396479,-0.073821075,-0.14006974,-0.03501076,0.09622481,0.20453186,0.08028288
TCGA-AR-A1AL-01A,-0.057727586,-0.08442248,0.2815771,0.058033783,-0.07415092,0.04917849,0.022031091,0.14287229,-0.13191074,0.088412486,-0.04107455,-0.11307527,0.09237182,0.28264323,0.16846979,0.008324332,0.0044755293,0.18474704,-0.08276722,-0.18409665,0.088062026,0.053274617,-0.07154989,0.13931237,0.04622723,0.038871557,-0.38032377,0.0830347,0.023002036,-0.24805383,-0.06338741,0.17424308,-0.30126107,-0.11938934,-0.11171422,-0.19403537,0.055084236,0.18966413,-0.12760703,0.059001867,0.01004766,0.012302152,0.0002885796,-0.12906481,-0.106743924,-0.112355664,-0.19358668,0.11198897,0.22707278,0.05872303
TCGA-AC-A5XS-01A,-0.18220952,-0.026277024,0.25387523,0.21561752,-0.1312435,0.1225527,0.007981885,0.060753945,-0.08407643,0.030568596,-0.15622164,-0.049894232,0.123403326,0.2812005,0.2540805,-0.048517473,-0.05115812,0.15054429,-0.056325722,-0.21472059,0.04601855,0.04973774,-0.09171479,0.034887627,-0.07944805,-0.009155999,-0.3866034,0.12292555,0.10012265,-0.13234338,-0.13368051,0.015149816,-0.25924456,-0.12537844,-0.05087633,-0.12710609,-0.11482711,0.059056636,-0.010850757,0.093487285,0.007966762,0.08105665,0.09472785,-0.15745099,-0.11324555,-0.070332035,-0.13599323,0.11287209,0.27989483,0.1507403
TCGA-A8-A0AD-01A,-0.053712226,0.01939455,0.1487539,0.11140829,-0.1383703,0.13844366,-0.028739147,0.13944858,-0.13881953,0.024869455,-0.090044975,-0.011559661,0.06406043,0.19260894,0.22065759,-0.062257413,0.0050071417,0.26157174,0.020941366,-0.22894499,0.057083357,0.026189,-0.10860598,0.16779013,-0.12413633,0.009872741,-0.3312263,-0.027548883,0.11981344,-0.3144378,-0.056423176,0.043062784,-0.2763667,-0.25939164,-0.10166563,-0.0710812,-0.037885483,0.15799719,-0.08718274,-0.010892061,-0.025139565,0.0725152,0.08742059,-0.14273007,-0.011490277,-0.057322804,-0.17725937,0.23663996,0.22014056,0.07687172
TCGA-E9-A229-01A,-0.10665995,-0.012149473,0.3051062,0.024331506,-0.1232408,0.11336857,-0.04638062,0.14787205,-0.097554155,-0.0071633346,-0.09527079,-0.07116447,0.061656013,0.2060921,0.21597496,-0.05211004,0.079980105,0.21982116,0.11566951,-0.17840664,0.041640818,0.039905924,-0.057923995,0.1810096,0.07883072,0.018482443,-0.36237,0.11424739,-0.03252129,-0.22954163,-0.18276194,0.1371664,-0.13919713,-0.20048346,-0.05294282,-0.2270867,-0.07030496,0.10404632,0.013195055,0.12986232,-0.0088146785,0.12705967,0.11004648,-0.20392084,-0.14004326,-0.14527905,0.0026955616,0.08422084,0.23181993,0.09440505
TCGA-E9-A1NA-01A,-0.049125385,0.15201442,0.2939917,0.0057568555,-0.13262948,0.16856162,0.04240054,0.11931796,-0.10830128,0.11740343,-0.026780454,-0.098072775,0.03510346,0.27854684,0.20834182,-0.16180536,0.032208797,0.20038927,0.036685232,-0.09312529,-0.07321576,0.022088556,-0.098976865,0.10664194,-0.04455278,-0.023386275,-0.4261523,0.0138453115,-0.013106947,-0.26090983,-0.0077068675,0.12117139,-0.25443506,-0.20090033,-0.033941634,-0.21550553,-0.08895692,0.19365881,-0.0150414435,0.11812207,0.021843724,0.05935857,0.04306352,-0.09281009,-0.16115034,-0.00090394384,0.0068172123,0.0207241,0.1774574,0.10714028
TCGA-E2-A1B5-01A,-0.21729629,0.046795473,0.27539718,0.03251861,-0.09171505,0.16520363,-0.01548895,0.0014751921,5.1187388e-05,0.023298375,-0.12631619,-0.061900083,-0.015967995,0.25243863,0.22259532,-0.012112388,-0.051601607,0.30711785,-0.0941273,-0.23966603,0.027845697,-0.0038772519,-0.0101577835,0.14259547,-0.06201624,0.17800553,-0.3559855,0.074764274,-0.0125395525,-0.1689073,-0.13117571,0.03950263,-0.21126314,-0.13808888,-0.1041424,-0.09962064,-0.09781738,0.18934959,-0.22561044,0.11570736,0.017355874,0.046876013,0.13203964,-0.1407332,-0.06769973,0.059319124,-0.04408705,0.14344375,0.15892564,0.118864074
TCGA-C8-A8HP-01A,-0.2488249,0.1551237,0.27201653,0.042748768,-0.19392344,0.11091357,0.042284567,0.11838755,-0.12719123,0.047517207,-0.1182954,0.017717881,-0.011799383,0.14158179,0.15414329,0.060659967,0.039998967,0.124226965,0.03244891,-0.17959364,-0.026965689,-0.047872756,0.0039051557,0.111802205,-0.10595978,0.023138078,-0.36790922,-0.021463102,-0.06908036,-0.17942066,-0.12447046,0.12955073,-0.30188018,-0.23216994,-0.044147458,-0.2374051,-0.15224628,0.12585513,-0.008743211,0.017424539,-0.11907554,0.09874977,0.056375302,-0.09489395,-0.12126913,-0.14325029,-0.13247025,0.105248615,0.24558084,0.080061875
TCGA-E9-A243-01A,-0.1053526,0.08122219,0.2159769,0.04847504,-0.096291885,0.0860594,0.0018275605,0.1907812,-0.11749289,0.078321695,0.016819732,-0.109596714,0.080560245,0.34376672,0.18313232,-0.08749901,0.0019225663,0.09503106,-0.0506862,-0.27936566,-0.033574287,0.099283375,-0.10861288,0.04763181,-0.15308204,0.059565157,-0.29412198,-0.02456365,0.018751975,-0.18845029,-0.09569656,0.18065925,-0.22447638,-0.15093198,-0.04838337,-0.32704526,-0.08925293,0.055987168,-0.11755641,0.00333842,-0.04083423,0.08478448,0.09550283,-0.18119596,-0.14220303,-0.09552687,-0.014389105,0.18789124,0.2040543,0.10477994
TCGA-A2-A0YL-01A,-0.1679803,0.030861607,0.16936798,-0.038505077,-0.20892277,0.06668604,-0.017528683,0.0237755,-0.042838488,0.0076236394,-0.11857957,0.01652627,0.10199462,0.14043759,0.12593944,-0.15279484,0.05686066,0.3211695,-0.10840155,-0.16784655,0.003962969,0.027815476,-0.078753136,0.15720549,-0.09456808,0.06422161,-0.45180124,0.069883145,-0.011272445,-0.2149783,-0.047028203,0.111295715,-0.23138364,-0.18412814,-0.015326012,-0.1405582,-0.06664912,0.15736216,-0.0661829,0.13938929,-0.03842445,0.21815689,0.01937196,-0.06707239,-0.10538574,-0.21170832,-0.07512556,0.116356954,0.17841548,0.15418756
TCGA-BH-A1EO-01A,-0.09154153,0.023344226,0.23007174,0.052862477,-0.1827256,0.0061785467,0.057699922,0.2931434,-0.18048844,0.035472702,-0.004996142,-0.097668365,-0.0012615041,0.24509555,0.21777545,-0.059278745,0.042797454,0.2331897,-0.05170026,-0.0996742,-0.014019252,-0.008340838,0.009313676,0.013026794,-0.010694856,0.0246875,-0.33113047,-0.03201538,-0.06516629,-0.35163215,-0.031331345,0.14552836,-0.3083723,-0.13570283,-0.07011347,-0.13876651,-0.055171106,0.14387515,-0.013806669,0.096223295,0.07976835,0.04526067,0.052625395,-0.21317974,-0.13487674,0.05426933,-0.089928575,0.13259546,0.18039654,0.14356057
TCGA-AR-A0TQ-01A,-0.020433728,0.13356972,0.2267825,0.014621266,-0.18133083,0.10772916,-0.0018516758,0.16610023,-0.09046473,0.03967844,-0.060965206,-0.09440803,-0.038040668,0.3424667,0.1890335,-0.09008944,0.018092228,0.23963937,0.065138005,-0.13765475,-0.036517344,0.07144078,-0.05855153,0.049602333,-0.02177796,0.00022380511,-0.40316075,0.045364857,0.0017037791,-0.04724997,-0.06013654,0.14361286,-0.27454507,-0.2736806,-0.11386564,-0.23925404,-0.06280097,0.1756953,-0.07434713,-0.0033336582,0.081251696,0.122977056,0.054225437,-0.10716305,-0.09455437,-0.022748815,-0.12456573,0.010620205,0.17052394,0.19256166
TCGA-C8-A274-01A,-0.17818409,0.10232301,0.21648976,0.11791858,-0.16509824,0.21098502,-0.11250364,0.1073758,-0.11908608,0.040133882,0.004355625,-0.0021715155,-0.005606705,0.24289997,0.14214103,-0.028111687,-0.0069214036,0.22389781,-0.02002397,-0.2361438,-0.10521471,0.042117987,0.005260083,0.16018046,-0.12178975,0.063256875,-0.3030055,0.046365365,0.08295422,-0.17595518,0.022179447,0.12933229,-0.34370616,-0.1540687,-0.00682136,-0.17731611,-0.109511636,0.09964772,0.01626447,0.083334096,-0.06525113,0.058446474,0.19964637,-0.13560045,-0.11541691,-0.01980138,-0.08952459,0.29869133,0.1107301,0.029365404
TCGA-BH-A208-01A,-0.12678425,0.05934276,0.1600824,-0.009908126,-0.19661862,0.11084265,-0.025183689,0.16408755,-0.049507394,0.017839884,-0.062464878,-0.0833016,0.0008154467,0.35756928,0.19415192,-0.09729864,0.046747983,0.21733107,0.021775689,-0.21679924,0.05917555,0.09926647,0.012455279,0.21751694,-0.062252317,0.023250967,-0.31944355,-0.009217302,0.068111464,-0.24190609,-0.072662145,0.13929343,-0.2910034,-0.11780917,-0.11150226,-0.19904311,-0.083471954,0.12926191,-0.12062946,0.04143604,-0.027659267,0.10538924,0.16369623,-0.15838824,-0.102995,-0.04729456,-0.13531046,0.14845379,0.15386592,0.06529586
TCGA-AQ-A1H2-01A,-0.21121477,-0.026845384,0.23949473,0.0153455045,-0.14375255,0.09983831,0.055900034,0.05649866,-0.17539021,0.031492356,-0.085831024,-0.033255193,-0.0247641,0.2117619,0.22415818,-0.08836767,-0.014885936,0.2292887,-0.08416712,-0.10725032,0.067710616,0.14879428,-0.06634163,0.14309505,-0.059789155,0.10329413,-0.39812633,-0.07438699,0.0772843,-0.19255252,-0.14738084,0.1314024,-0.25407907,-0.2310731,0.00030009856,-0.14037655,-0.13722652,0.15689236,-0.013460059,-0.01233498,0.031632815,0.07307648,0.07566541,-0.13621393,-0.098282255,0.0034723077,-0.0775344,0.16300045,0.22886299,0.16247028
TCGA-A7-A56D-01A,-0.2056037,0.03407997,0.21472505,0.11795544,-0.069843635,0.067213975,0.1257318,0.013053095,-0.15340994,0.064788036,-0.053107344,-0.07048125,-0.010246532,0.2717226,0.113316596,-0.16010757,-0.030222658,0.26594326,-0.028116282,-0.22601192,0.03675326,-0.0038360637,-0.013667378,0.10767847,-0.059063014,0.013805528,-0.3626202,-0.07575609,0.032697637,-0.25317594,-0.06759197,0.08364511,-0.3295794,-0.18125625,-0.07891197,-0.08950685,-0.13481551,0.18743826,-0.07838914,-0.04931965,-0.04605628,0.14031658,0.033395007,-0.08487565,-0.1533215,-0.16742653,-0.13368173,0.07770978,0.17419782,0.12414542
TCGA-AC-A2FG-01A,-0.09496986,0.06250311,0.20989096,0.10623556,-0.09134187,0.055254355,-0.021947958,0.1065645,-0.11352063,0.039952654,-0.043922402,-0.0800243,0.07771354,0.25849462,0.18341714,-0.061792254,-0.086905226,0.19051214,-0.07239028,-0.20463426,-0.020588443,-0.0344432,-0.063931674,-0.047935244,0.09119215,0.11189506,-0.443124,0.05051552,0.034067955,-0.24512812,-0.06566965,0.15903439,-0.25191435,-0.24085973,-0.12960911,-0.10390416,-0.049959276,0.1793283,-0.072318174,0.018417532,-0.043559313,-0.025674298,-0.012868828,-0.06870537,-0.06280662,-0.04744761,-0.11131035,0.22211921,0.26146197,0.18106887
TCGA-C8-A278-01A,-0.15968107,0.15916443,0.22619694,0.051680744,-0.24091221,0.058682207,-0.01815078,0.1556878,-0.016689384,0.050126802,-0.031218437,-0.041216448,0.103368975,0.3840524,0.23469074,-0.08061517,-0.021095477,0.23677771,-0.075392425,-0.1381686,0.012678683,-0.03275124,-0.029160397,0.03535247,0.012411567,-0.00066616916,-0.32020453,-0.017039204,-0.10563317,-0.19838601,-0.005960569,0.11293274,-0.21248779,-0.047864974,-0.05417717,-0.23710142,-0.07060785,0.060382497,-0.11722474,0.045306817,-0.07735388,0.13174143,-0.025391214,-0.1679904,-0.13741718,-0.16089612,-0.023571938,0.2103313,0.21351056,0.12158375
TCGA-A1-A0SG-01A,-0.20989986,-0.011517508,0.24875276,0.12790686,-0.12171224,0.22019365,0.0577944,0.15904927,-0.10621841,0.043603145,-0.052061554,0.016300201,0.10267345,0.23484907,0.21194138,-0.019102698,0.010212825,0.18920448,0.07124233,-0.14659797,0.022489388,0.02012052,0.04848091,0.068266794,0.06986967,0.09074174,-0.3593154,-0.026934603,0.007915335,-0.25003037,-0.10718605,0.14239429,-0.25735486,-0.17142679,-0.04745088,-0.14234371,-0.10193643,0.116199665,-0.025185026,0.050328366,-0.09286538,0.18814048,0.08808055,-0.22489296,-0.16800842,-0.15005992,-0.08541278,0.12418752,0.12513745,0.11892475
TCGA-BH-A1FJ-01A,-0.030158168,-0.025089368,0.16079922,0.064920515,-0.0572405,0.08096462,0.03873848,0.0579718,-0.0881677,-0.013955606,-0.121655494,-0.034347743,0.04015918,0.27712148,0.17528677,-0.006421572,0.08258062,0.2310767,0.04334446,-0.19886716,-0.04093106,-0.02779349,-0.07348218,0.074571386,-0.105722934,0.12651469,-0.39605176,-0.04217278,0.0055034906,-0.27244866,-0.09582679,0.08170599,-0.3526322,-0.16712186,-0.12791961,-0.22160088,-0.071144186,0.11987544,-0.04481439,-0.0032744366,-0.0064570582,0.17691848,0.117694855,-0.12036325,-0.09910086,-0.17892168,-0.0753632,0.1745194,0.21609221,0.07770262
TCGA-PL-A8LX-01A,-0.050621197,0.085160844,0.20216039,0.06925323,-0.16611996,0.13159853,0.07752923,0.16929041,-0.1986261,0.07069639,-0.01835263,-0.056641947,0.025966538,0.26594722,0.15313298,-0.0144472625,-0.019496957,0.1942167,-0.07017871,-0.16048278,0.062483147,0.094271414,-0.1274464,0.14723864,-0.016455533,0.07918065,-0.36784318,0.15409881,0.005516251,-0.16809258,0.021242635,0.05661776,-0.21157198,-0.25284678,-0.15889715,-0.20360398,-0.086321816,0.22340328,-0.0539987,0.010426281,-0.006779593,0.11578802,0.05362345,-0.11399385,-0.14504577,-0.07405913,-0.019261768,0.08900543,0.25511962,0.19960545
TCGA-BH-A0HA-01A,-0.2654181,-0.0028957115,0.2329625,0.09413257,-0.11050587,0.10772595,-0.048564367,0.04542897,-0.15355323,-0.008176205,-0.008490941,-0.0121377325,0.08391808,0.23898166,0.19510928,0.049419954,0.11728895,0.15805247,0.035893023,-0.19158345,0.0415538,0.0127708,0.034221437,0.059044577,-0.027892092,0.108916,-0.39501137,-0.020013127,0.057809174,-0.20985922,-0.14495601,0.077253334,-0.22472046,-0.253892,-0.082163155,-0.18306899,-0.15552093,0.22594635,-0.017218232,0.10406758,-0.13226314,0.11397888,0.11792441,-0.10771028,-0.047956817,0.03219632,-0.034989342,0.12418081,0.24106452,0.085161045
TCGA-E9-A1RF-01A,-0.13711722,0.049399722,0.22865917,0.11332778,-0.055478122,0.11856567,-0.042936463,0.16782838,-0.13019682,0.0676141,-0.0434928,-0.096820846,0.043910272,0.22158426,0.19738394,-0.047642715,-0.00034050562,0.2727758,-0.123128414,-0.18309785,-0.10849008,0.20905884,-0.0871446,0.12914012,-0.046568356,0.067455634,-0.3359135,-0.012289566,-0.02288268,-0.2000724,-0.020637656,0.11938921,-0.3390019,-0.124566376,0.0013604814,-0.19648322,-0.09900195,0.074665144,-0.16272007,0.061418585,-0.036325876,0.09048627,0.15815188,-0.087048724,-0.08641448,-0.059092917,-0.04150108,0.17291436,0.194,0.1633154
TCGA-W8-A86G-01A,-0.12258115,0.04636772,0.22200233,0.12786847,-0.10773507,0.07055508,-0.038513858,0.117295325,-0.07034919,0.026043363,-0.15448754,0.02394224,0.07037175,0.26221246,0.17521414,-0.013657655,0.036853652,0.23830418,0.007232266,-0.16471563,0.040874846,0.082806915,-0.09260934,0.070329465,0.015565204,0.02240502,-0.38734958,-0.009736696,-0.050309736,-0.20103052,-0.007784214,0.002178652,-0.3148596,-0.1623244,-0.14514953,-0.22368842,-0.024297487,0.18836176,-0.10108974,0.035733037,-0.032704316,0.17819236,0.096575916,-0.17848334,-0.22163576,-0.04105414,0.028334228,0.11287704,0.1852668,0.1805369
TCGA-B6-A0RO-01A,-0.087826334,0.10031899,0.2126429,0.09351172,-0.058009956,0.06783718,-0.040925477,0.05652923,-0.12243934,0.0894039,-0.021332147,-0.041319817,0.030820744,0.3087479,0.15282887,-0.071746625,0.07269323,0.24830204,0.008278285,-0.15413995,-0.050783608,0.15617965,-0.12325022,-0.006186073,-0.04940726,0.05722256,-0.36695236,-0.0015060921,-0.07422187,-0.2350569,-0.08529612,0.022553086,-0.2608201,-0.1528016,-0.0845856,-0.1905373,-0.11690395,0.1471714,-0.20477903,0.0019449093,-0.14639649,0.031966716,0.19008672,-0.12963617,-0.15421335,-0.058113124,-0.017836303,0.19210988,0.25337294,0.08684918
TCGA-EW-A1P1-01A,-0.14733587,0.05499357,0.23008646,0.02860872,-0.18083556,0.14249742,0.019005055,0.05097661,-0.10085575,-0.0073663974,0.027121535,-0.058755882,0.03277878,0.1280833,0.23720157,-0.105271794,-0.05404937,0.1775667,-0.093742736,-0.25824115,0.060170688,0.07997529,-0.034887627,0.23355265,-0.056190725,0.018437013,-0.36471343,0.074252844,0.029906051,-0.21804233,-0.20785208,0.13081148,-0.31132182,-0.20656498,0.0033208407,-0.15710305,-0.07800665,0.089540474,-0.06799282,-0.046395034,-0.034818795,0.14153764,0.1093978,-0.10228159,-0.08861433,-0.16293491,-0.11021123,0.1384209,0.20328079,0.06285595
TCGA-OL-A66L-01A,-0.14232747,-0.05391363,0.14267506,0.093434036,-0.15915194,0.092115775,0.05014689,0.065915905,-0.16831411,0.086594895,0.007830099,-0.17206022,0.04866034,0.25315377,0.193913,-0.01469729,-0.012161494,0.22891559,-0.055511992,-0.22348145,0.039160445,0.050849244,-0.001104445,0.048156433,-0.11991984,0.10901252,-0.3627697,-0.012405547,0.07243589,-0.24531056,-0.09816762,0.13335492,-0.27171323,-0.19799887,-0.011015713,-0.17658544,-0.10736067,0.17908287,-0.11182845,-0.01124338,-0.09779352,0.04527431,0.043100044,-0.045347165,-0.077387005,-0.160247,-0.0936758,0.21679531,0.22404712,0.14386258
TCGA-BH-A0E2-01A,-0.1520788,0.0036818872,0.24893516,0.0069088894,-0.1648582,0.081410214,0.015628887,0.05356052,-0.2562531,0.0013733436,-0.08168722,-0.07521687,0.035757057,0.20502412,0.29894274,-0.016766092,-0.064027965,0.18359901,0.07521802,-0.20745012,0.09885861,0.0038688148,0.015972553,0.16736186,0.062227868,0.06859799,-0.36772245,0.04041831,0.08027949,-0.2805289,-0.05539591,0.03849192,-0.1433721,-0.30097413,-0.06048372,-0.11727347,-0.001795406,-0.0002590432,-0.0711708,0.024700722,-0.039355848,0.101630725,0.1710683,-0.07000595,-0.12874992,0.0014091028,-0.116488144,0.087596275,0.24137528,0.17586714
TCGA-S3-AA11-01A,-0.13833018,-0.02445973,0.29575843,0.012293511,-0.11664441,-0.003948039,0.054602407,0.08030262,-0.17820376,0.023273056,-0.053306673,0.04876412,0.045875415,0.20838213,0.1909186,0.043212388,-0.0057893503,0.17066696,-0.08524945,-0.180179,-0.0020507502,0.010918547,-0.032594595,0.09464367,-0.069982044,0.15994936,-0.40980682,0.0035296774,0.071819566,-0.189708,-0.15055878,0.08787194,-0.24379262,-0.13445963,-0.042668764,-0.21985108,-0.07524576,0.18948321,-0.14494437,-0.0632267,-0.09394839,0.17151538,0.15141775,-0.07507757,-0.028475791,-0.012390856,-0.0147309145,0.04623084,0.33082095,0.15940371
TCGA-GM-A3NW-01A,-0.07672222,0.06883684,0.26952323,0.17029737,-0.248644,0.08379487,-0.041360993,0.14550178,-0.1799455,0.079143696,0.042497914,-0.107210524,-0.03238433,0.2221802,0.18056059,0.022693852,-0.049053214,0.2302706,-0.00020709501,-0.1746765,-0.027238378,0.054395795,0.09092907,-0.0007490597,-0.019839767,-0.096282475,-0.3874208,-0.040684663,0.03464171,-0.17717795,-0.018775413,0.23469155,-0.25773194,-0.16490255,-0.0057156724,-0.18070392,-0.036803983,0.19567397,-0.1299645,0.0071647707,-0.102131255,0.13581315,0.16027984,-0.09254038,-0.07502312,0.01075606,-0.00890978,0.027145827,0.2175499,0.11520023
TCGA-A2-A0YK-01A,-0.08452852,0.04677744,0.26716107,-0.086617045,-0.19490221,0.092119895,-0.004243119,0.14353862,-0.07330201,0.015780998,-0.042436864,0.009356865,0.06398367,0.17161557,0.21492954,-0.050741542,0.09632531,0.28267044,-0.02342182,-0.16232285,0.0570611,0.056056637,-0.03333348,0.13977094,-0.042146564,0.10756222,-0.38866282,-0.05995834,0.064895906,-0.22399384,-0.10947357,0.17475897,-0.25065988,-0.14538983,-0.12900099,-0.15760498,-0.08881633,0.1221125,-0.058816742,0.03852088,-0.19133712,0.16090095,0.009954592,-0.1262336,-0.08497643,-0.065650865,-0.08395787,0.12001548,0.24906029,0.14175907
TCGA-LL-A7T0-01A,-0.059520002,0.11333663,0.24612342,0.08554006,-0.069142565,0.054253407,0.045337126,0.18740691,-0.11832506,-0.06735938,0.028779984,-0.04560352,0.10793787,0.27134553,0.15349163,-0.07519111,-0.011391283,0.11930917,-0.038019724,-0.104516774,-0.020847699,0.04349007,-0.030177165,0.116785966,-0.052578427,-0.028656,-0.4038313,-0.027145546,0.022249145,-0.1688823,-0.018299526,0.14193183,-0.28392446,-0.14927809,-0.036228903,-0.26046863,-0.09888446,0.16198164,-0.17725386,0.05661445,-0.11239876,0.1652946,0.059878867,-0.28843606,-0.04183807,-0.011212883,-0.08887939,0.22474232,0.19165306,0.08902538
TCGA-B6-A0X5-01A,-0.05494402,0.08494471,0.1749134,-0.004796281,-0.1316334,0.15363304,0.018702699,0.13291666,-0.12114597,0.050760373,-0.11443382,0.046067707,-0.027622374,0.29193977,0.15563631,-0.08814812,-0.11534967,0.18993813,0.035975482,-0.32881618,-0.022184815,0.040561378,-0.07155597,0.10598773,-0.012470071,0.10231682,-0.45447916,0.020240674,0.015220118,-0.2642915,-0.06505991,0.1029218,-0.21620692,-0.09613834,-0.021177737,-0.13349445,-0.17234789,0.18804562,-0.1043223,0.028504692,-0.09702043,0.031829152,0.11514597,-0.15647101,-0.097429395,-0.009007224,-0.09527119,0.13057011,0.13012056,0.13472247
TCGA-AR-A2LR-01A,0.010291929,0.11448975,0.2844158,0.04939644,-0.10534333,0.18236737,-0.07453913,0.102476165,-0.1894027,0.020656694,-0.041527994,-0.0546408,0.018367935,0.3115406,0.17588674,-0.05996842,0.1366362,0.2156752,0.045252565,-0.12710476,-0.0029134564,0.008708696,-0.065614894,0.085605614,0.0305052,0.09848396,-0.4453565,-0.03739724,-0.010850848,-0.16283852,-0.11883847,0.07973615,-0.28137806,-0.15798914,0.01574141,-0.15183698,-0.1852455,0.11905826,-0.06552622,0.061265785,-0.04435384,0.16488084,0.0962719,-0.11165315,-0.022467168,-0.14383149,-0.16675127,0.08986327,0.14937392,0.057129975
TCGA-BH-A0BC-01A,-0.16485316,-0.08352324,0.14555538,0.10321787,-0.078548945,0.055521257,0.03892708,0.16034,-0.07704628,0.061112575,-0.12566566,-0.0543712,0.07032084,0.30440947,0.1753673,-0.123463385,0.1806382,0.18051165,0.048356153,-0.22235751,-0.07547457,0.061087094,-0.080276646,0.13396944,0.023913441,0.05602019,-0.4007813,-0.0026053253,0.0714615,-0.23835836,-0.05987579,0.20319256,-0.22755976,-0.20486811,-0.0979181,-0.15976457,-0.022030108,0.15326518,0.038333304,0.011101791,-0.09913773,0.08322657,0.029649155,-0.19489513,-0.13436134,-0.019196788,-0.044990856,0.14956704,0.16955967,0.14809477
TCGA-E9-A1R7-01A,-0.09141014,-0.04504424,0.26031035,0.13263592,-0.12955447,0.054885358,0.06918416,0.16090979,-0.09372559,-0.023382863,-0.13233207,-0.050035972,0.007439935,0.16881135,0.12153242,-0.17147605,0.0027290212,0.17020391,-0.09181137,-0.07874939,-0.022313813,0.028197223,-0.0025832914,0.1797978,0.0010931517,0.072674,-0.36430874,-0.08082209,0.048691064,-0.29742533,-0.15749928,0.1329939,-0.28927034,-0.17162618,-0.09032273,-0.23712549,-0.06346731,0.13856886,-0.023885459,0.11146546,-0.0063346843,0.14899623,0.14196949,-0.1341334,-0.08603284,-0.1266047,-0.11021497,0.090625405,0.23922552,0.14651197
TCGA-EW-A1J6-01A,-0.19619077,-0.021009874,0.16963676,0.1105696,-0.085277274,0.06700447,-0.069189556,0.21353166,-0.12559125,-0.00054007844,-0.047861163,0.031251565,0.044483658,0.29467908,0.1621499,-0.08349618,0.04414953,0.2514107,-0.019300101,-0.15272301,0.033412285,0.030617313,-0.11735516,0.10190055,-0.11718331,0.037140187,-0.4082712,-0.019516759,0.07984302,-0.1551967,-0.058196455,0.1601853,-0.21406631,-0.19268878,-0.08876966,-0.2888712,-0.1294769,0.19648519,-0.026936509,0.07597986,-0.09898454,0.093179315,0.05623088,-0.15286726,-0.014019965,-0.14251605,-0.10391444,0.103373885,0.17752916,0.07338419
TCGA-A2-A25A-01A,-0.1835007,-0.08336487,0.2558323,-0.0035856364,-0.075891666,0.10488219,0.013405585,0.119600385,-0.049663357,-0.038544863,0.050516956,-0.0354543,0.0784426,0.20518127,0.1348162,-0.02849435,-0.012807125,0.22543536,-0.14449479,-0.17021409,0.030987445,-0.03155436,-0.11222958,0.10612746,-0.15687,0.06292437,-0.38148755,0.071409024,0.09160396,-0.27551892,-0.10952348,0.13207088,-0.27692145,-0.16748819,-0.012931615,-0.1749743,-0.113494195,0.06753755,-0.07313499,0.08875811,-0.09191056,0.013804297,0.11797578,-0.088728234,-0.205418,-0.09941403,-0.094997205,0.08161499,0.25106612,0.20164455
TCGA-C8-A8HQ-01A,-0.19415608,0.06957793,0.23923644,0.055747323,-0.16548966,0.09974814,-0.073230766,0.037485458,-0.2350101,0.0066395397,-0.038469803,0.039633498,0.07232867,0.242823,0.15904124,-0.10365483,0.010994878,0.05497016,-0.0019009373,-0.25902092,0.048902333,-0.0116587365,-0.09668126,0.0726328,-0.009481429,-0.01014008,-0.33719438,0.06383673,0.025219968,-0.2866192,-0.118995294,0.110710405,-0.3646728,-0.11118753,-0.11251914,-0.19371442,-0.049799614,0.11210061,-0.036901824,-0.028570069,-0.11562249,0.08733541,0.12557918,-0.12635677,-0.03033075,-0.031591035,-0.018588094,0.13016038,0.28242052,0.12426227
TCGA-E9-A1RB-01A,-0.12908217,0.15542376,0.18999329,0.027410973,-0.14051393,0.11999758,0.05549032,0.11334691,-0.10608213,0.04640304,-0.07697272,-0.025487725,0.07747561,0.38146687,0.19488455,-0.08379247,0.05368208,0.27361512,-0.07585587,-0.09886494,-0.015139258,0.05239804,-0.074617244,0.028239572,-0.102249086,0.06817022,-0.37828368,0.061314262,-0.007475968,-0.22162868,0.011316339,0.10296344,-0.27740043,-0.2387158,-0.07951963,-0.16962303,-0.1545528,0.01740084,-0.07176733,0.036349013,-0.00577117,0.05063458,0.07857544,-0.07613318,-0.091137394,0.017579136,-0.060508043,0.010245966,0.26867196,0.18015082
TCGA-AC-A23G-01A,-0.17221789,0.06555947,0.2742905,0.061190166,-0.0060298657,0.10367722,-0.025209378,0.05269008,-0.13377617,0.112588376,-0.023718195,-0.1150063,-0.052151784,0.27886143,0.17267452,0.020891152,0.0140934205,0.2209145,-0.05463057,-0.061982438,-0.004209453,0.056861877,-0.06832547,0.09026705,-0.17242633,-0.06761931,-0.4308116,0.0022063514,0.019913716,-0.2093118,-0.020565838,0.13466565,-0.307787,-0.15698862,-0.06865869,-0.15365274,0.03143115,0.085316464,-0.12801021,0.08274335,0.025860181,0.09912535,0.1940289,-0.1612915,-0.18200569,-0.052637983,-0.13597338,0.08093624,0.14773181,0.16456464
TCGA-A7-A6VV-01A,-0.17718734,0.16037095,0.22182207,0.13781233,-0.10428157,0.22451475,-0.0012924292,0.21523996,-0.009402515,-0.018326908,-0.047048673,-0.030377412,0.026362132,0.257216,0.2789281,-0.06293042,0.032745425,0.17928778,-0.041615523,-0.12423299,-0.023072975,0.00920075,-0.18809853,0.040955182,-0.034711443,0.043877494,-0.32725412,0.0690586,0.022649063,-0.1678622,-0.07841625,0.104728706,-0.21754265,-0.24942376,-0.10571748,-0.13898823,-0.11676071,0.096481316,-0.081086084,0.09842871,-0.029588815,0.1702149,0.046004377,-0.18039282,-0.101675004,-0.1399242,-0.15073772,0.20084661,0.14819911,0.08577428
TCGA-GM-A5PX-01A,-0.1493575,0.011477539,0.27236378,0.058344014,-0.19806719,0.17051992,-0.035944883,0.057301812,-0.08879565,0.009282684,-0.06740258,0.013038082,0.06581926,0.23038717,0.20364584,-0.0055850805,0.0041008806,0.19711299,-0.08602407,-0.21634504,0.102208786,0.047157113,0.025924262,0.05460358,-0.045375153,0.08035728,-0.36795077,-0.0132834455,0.026044684,-0.25715992,-0.054349285,0.1509201,-0.27293044,-0.25887856,-0.09316823,-0.17624319,0.048895862,0.15157935,0.03852943,-0.006691895,-0.042352796,0.09198817,0.035897825,-0.18087344,-0.087548286,-0.09614982,0.006639473,0.18470876,0.20889188,0.14953287
TCGA-AR-A24U-01A,-0.055904586,0.04279503,0.22534542,0.0143684745,-0.2091502,-0.0028941124,-0.065879956,0.100860015,-0.16182615,0.062057026,-0.102925345,-0.010287811,-0.045263242,0.20632812,0.1423083,-0.07043077,0.12165407,0.21235722,0.060042646,-0.14678894,0.0021257966,0.041467324,-0.034026876,0.109629534,-0.0104971025,0.12428288,-0.42816526,0.023598127,-0.055027187,-0.25924927,-0.1385435,0.12321512,-0.17153744,-0.19669409,-0.09290511,-0.28983828,-0.02785812,0.15003523,-0.11873936,-0.008108685,-0.0425061,0.08426341,0.07182171,-0.19542918,-0.18844362,-0.10737403,-0.06905866,0.022350501,0.22236404,0.13785584
TCGA-E2-A1LL-01A,-0.11653639,0.10595893,0.22993374,0.09498053,-0.14019257,0.10269912,0.08125285,0.039982125,-0.21050495,-0.0073833857,-0.108331226,-0.15306294,-0.06752967,0.27922454,0.12324825,-0.057686355,-0.008254357,0.24668458,-0.043815363,-0.19465153,0.053714,0.121848255,0.0013243656,0.09224138,-0.08892846,0.02066087,-0.35886452,0.032925908,-0.09050893,-0.18853386,-0.047096968,0.18202873,-0.23756887,-0.17207766,-0.0980704,-0.16691238,-0.12941344,0.15795085,-0.099334076,0.09831054,-0.081698515,0.104155384,0.07493689,-0.18287402,-0.0546792,-0.019151133,-0.029050253,0.08277847,0.25438064,0.18154752
TCGA-BH-A2L8-01A,-0.13175328,-0.06712747,0.3081687,0.23043928,-0.252983,0.23592307,-0.047847863,0.09329081,-0.14109404,0.03306858,-0.04657076,-0.002624857,0.09005025,0.23512103,0.13284813,-0.011140965,-0.007058153,0.20173444,-0.12296311,-0.24673788,-0.0054069464,-0.014854034,-0.02594016,0.0485004,-0.014528811,0.0021348482,-0.35158014,-0.077919416,-0.09115953,-0.2654766,-0.031568877,0.16277719,-0.24724865,-0.1759996,-0.084232286,-0.17315416,-0.06301313,0.073147945,-0.023535462,0.034563046,0.015055019,-0.02509549,0.05031721,-0.12742396,-0.074584775,-0.16761792,-0.09305955,0.05720476,0.14501351,0.11123722
TCGA-E2-A1L7-01A,-0.11855374,0.06131113,0.2740141,-0.037360325,-0.10800703,0.09256602,0.10351098,0.21297324,-0.072925486,-0.008789968,-0.17487125,-0.013744085,0.056299716,0.23908137,0.2404224,-0.054981057,0.059757195,0.23667896,0.023500424,-0.14248759,0.030415803,0.0155865755,-0.02989809,0.09191327,-0.063062616,0.055235676,-0.37320295,0.012111271,-0.013852261,-0.23449072,-0.13346274,0.12930262,-0.21016984,-0.24679734,-0.012260447,-0.2955912,-0.044006664,0.20601776,-0.049482577,0.026690004,-0.03608483,0.025573378,-0.057949606,-0.15723245,-0.07724879,-0.105784915,-0.009374037,0.19341987,0.13621274,0.039635144
TCGA-BH-A1F6-01A,-0.12751119,0.08358111,0.22467867,0.08319168,-0.23705414,0.08803553,-0.05946992,0.11940133,-0.12343466,0.15290499,-0.071177855,-0.0022298745,0.034657434,0.31330687,0.11975433,-0.04528747,-0.033102766,0.31454086,-0.03369841,-0.19747555,0.046084657,0.09223705,-0.10350968,0.18140528,-0.04432471,-0.027274443,-0.27782068,-0.048959874,0.01657404,-0.2022777,0.007196372,0.036436077,-0.17350239,-0.1418109,-0.04920763,-0.25578472,-0.06781476,0.11680033,-0.12959118,0.09477481,-0.14512344,0.09264017,0.07516175,-0.21128196,-0.15089667,-0.14117222,-0.12965187,0.10091835,0.15922384,0.14778337
TCGA-AO-A0JF-01A,-0.09778071,-0.0610573,0.36935288,0.1078372,-0.14991254,0.20009269,0.034992,0.09631311,-0.08480788,0.008414829,-0.109368436,-0.039344903,0.0355237,0.2648018,0.19693878,-0.077386536,0.05155944,0.21821855,0.0031558392,-0.23846005,-0.012998202,0.027669111,-0.026369108,0.07041786,0.024479369,-0.06342795,-0.40828365,0.027302938,0.039671272,-0.21081834,-0.15443076,0.10227014,-0.245876,-0.1781481,-0.06696909,-0.0687641,-0.043301515,0.1343334,-0.08146354,-0.024290238,-0.09105664,-0.009716986,0.061982855,-0.21338932,-0.052389517,-0.01598113,-0.10541348,0.105858564,0.17026636,0.1482181
TCGA-B6-A1KC-01B,-0.09997414,0.14282045,0.12688819,0.07460006,-0.13865237,0.1771471,0.021120088,0.14574324,-0.0417775,0.115832284,-0.076624624,-0.04207457,0.0449131,0.37582844,0.11614798,-0.10231851,-0.05858098,0.23297532,0.039174516,-0.12724164,0.040299945,0.02589383,-0.06462771,0.06889704,-0.012123734,-0.008012159,-0.32991698,-0.040269252,0.02836146,-0.2777291,-0.10399607,0.047418408,-0.2669931,-0.15493852,-0.06775406,-0.1570963,-0.0032967152,0.21998616,-0.12809296,0.08981197,-0.1411579,0.1720475,0.13593638,-0.1249557,-0.08087947,-0.062939145,-0.032910552,0.097662546,0.27182025,0.14567359
TCGA-OL-A6VO-01A,-0.2092927,0.07462813,0.31541649,0.014823913,-0.18566547,0.06816089,-0.05647724,0.14577992,-0.07001897,-0.007552998,-0.17925243,-0.03291972,-0.061499313,0.28381142,0.20934872,-0.00073680305,0.09714595,0.28928995,0.032235105,-0.17207295,0.01019379,0.059071977,-0.14497536,0.08683297,-0.06906794,0.08101566,-0.2603868,-0.041413605,0.09489775,-0.23263343,-0.054523356,0.09943949,-0.23065205,-0.21002987,-0.040110182,-0.17835514,-0.04711951,0.13737817,-0.10877912,0.04940111,-0.058882967,0.119717166,0.02597584,-0.22469553,-0.091694236,-0.07571185,-0.16392517,0.084092125,0.12989795,0.09082648
TCGA-E9-A1R6-01A,-0.12511946,0.1303062,0.28721106,0.10119953,-0.2177649,0.07956226,0.012604904,0.1086572,-0.1582193,0.057136115,-0.11232108,-0.0003734831,0.14501767,0.3147702,0.27165887,-0.059625324,-0.09193294,0.19578364,-0.11145984,-0.12288209,0.052518915,0.06598459,-0.101180375,0.06127101,-0.08100757,-0.02698445,-0.35456952,0.02668425,0.072212346,-0.2082335,-0.003508194,0.14635588,-0.23306797,-0.11841646,-0.115558036,-0.17449698,-0.013845521,0.16071792,-0.0683396,0.004611895,-0.08412956,0.1196053,0.105869874,-0.068703346,-0.059665155,-0.07936089,-0.108928725,0.09621819,0.22095191,0.10689267
TCGA-D8-A1J8-01A,-0.06820769,0.05520794,0.26447237,0.02170914,-0.059721135,0.10353582,-0.069878615,0.0373116,-0.06451053,-0.00588444,-0.12803653,-0.06897744,0.064572774,0.25268447,0.142318,-0.025118116,0.02034721,0.2739707,-0.11752166,-0.111076735,0.09596603,-0.019774478,-0.088628,0.10558027,-0.05632796,0.1350379,-0.44135568,0.022697324,0.07754192,-0.2470504,-0.16800599,0.124202356,-0.23504212,-0.20795654,-0.0068593463,-0.22307065,-0.05955422,0.11358395,-0.10539772,0.033870526,-0.011800941,0.117052324,0.01930769,-0.20533137,-0.13626027,-0.09797368,-0.005324513,0.075671904,0.23538877,0.08198777
TCGA-E2-A1IU-01A,-0.03998914,0.00047044814,0.19823202,0.053090405,-0.2169456,0.15089902,-0.05781943,0.10801638,-0.14554983,0.04015383,-0.020203818,-0.012286565,-0.0038267574,0.22324073,0.15712266,-0.120618224,0.045769963,0.23476934,-0.0010941838,-0.2067371,-0.037450377,0.022905761,-0.05022114,0.064891115,-0.14677684,-0.0441332,-0.43088204,-0.0473346,0.05765723,-0.26300463,-0.18281233,0.11724584,-0.26183066,-0.11875555,-0.06597455,-0.19562988,0.006844356,0.13912469,-0.020316517,0.11904564,-0.07470069,0.007600032,0.093489975,-0.06695383,-0.050277557,-0.051090363,-0.06567661,0.1524253,0.30769178,0.11764234
TCGA-GM-A2DH-01A,-0.18243812,0.19355828,0.22808109,0.051716425,-0.10973671,-0.023485254,0.0376283,0.09067409,-0.10540504,0.043481037,-0.04155485,-0.08931112,-0.043211844,0.22764839,0.21280533,-0.08393167,0.084242366,0.21716903,-0.13089271,-0.059849206,0.07226109,0.049455926,-0.15469688,0.12575242,-0.08057748,-0.022144763,-0.42697066,-0.027863476,0.03309586,-0.20199215,-0.13545008,0.13921486,-0.30422944,-0.09792881,-0.033988267,-0.10656492,-0.055213507,0.087823644,-0.058909148,0.099042214,-0.031842962,0.17753163,0.113195,-0.18842809,-0.13506545,-0.08027297,-0.06202677,0.16054599,0.20668153,0.12227605
TCGA-C8-A27A-01A,-0.11762913,0.122897886,0.23071256,0.024833368,-0.16209646,0.13571715,-0.05969423,0.17609006,-0.14912994,0.04655402,-0.06906297,-0.1064165,-0.013131332,0.21664257,0.2108411,-0.036130812,-0.033008527,0.19229628,-0.07901473,-0.10610317,0.054416273,0.1181668,-0.0052261804,0.041167267,0.007508479,0.13267675,-0.4109709,-0.022593956,-0.019996693,-0.107955456,-0.06285513,0.20092945,-0.29677168,-0.18304901,-0.07387202,-0.1765971,-0.08130843,0.21930498,-0.04109927,-0.018635198,-0.021619326,0.11446541,0.036722936,-0.18703404,-0.15811284,-0.03608639,-0.08993446,0.033036552,0.25183344,0.15216543
TCGA-A2-A04R-01A,-0.09121576,-0.046244282,0.25173336,0.05053035,-0.14314547,0.1679975,-0.027378708,0.042119935,-0.15560578,0.016681897,0.008453498,0.013368093,0.110073306,0.26732638,0.14854474,-0.067184016,0.018768838,0.2427427,0.03593561,-0.27732593,0.00834923,0.051936418,-0.10786314,0.09846002,-0.063328184,-0.043462362,-0.3172815,-0.008727892,0.045629483,-0.2196597,-0.08098491,0.08695314,-0.37077624,-0.2352588,-0.051184814,-0.19863583,-0.1250009,0.044506714,-0.052791983,0.082435735,-0.10678281,0.10771217,0.09941545,-0.1037091,-0.0041829827,-0.03169642,-0.052439827,0.19299076,0.20864308,0.120550655
TCGA-AC-A7VC-01A,-0.17580615,0.009477195,0.29400882,-0.0028828683,-0.22399032,0.09367246,0.009605615,0.024043364,-0.10745614,0.014953967,-0.054818615,0.024879394,-0.03905875,0.28570017,0.23163047,-0.06528784,0.13242215,0.19207315,-0.033484098,-0.26614887,0.023321986,-0.029451642,-0.13273045,0.017226724,-0.053152498,0.10957839,-0.33959174,0.067533895,-0.05256866,-0.26530817,-0.07114785,0.16859634,-0.15303518,-0.17495835,-0.10598684,-0.1324125,-0.07955054,0.10811539,-0.06935315,0.10629609,0.0040735495,0.115005255,0.09479472,-0.08096338,-0.08176308,-0.1485881,-0.093880825,0.21852237,0.17087378,0.1384876
TCGA-AC-A8OP-01A,-0.15909193,0.035152975,0.32798618,0.07973518,-0.13839485,0.07838103,-0.034752678,0.049542353,-0.09732695,0.09138973,-0.0085603455,-0.10145904,0.07063924,0.2609873,0.18068963,-0.020524696,-0.045069728,0.258538,-0.059530605,-0.07575518,-0.0770451,0.091951944,-0.066618904,0.10260864,-0.18714109,0.024840558,-0.43747342,-0.008590372,-0.0041711894,-0.08597577,0.013302775,0.050289594,-0.3507222,-0.11766829,-0.048844192,-0.21199691,-0.08494739,0.14195655,-0.118707195,0.06496526,-0.059227645,0.14934008,0.0679348,-0.1645289,-0.1646953,0.0012487292,-0.13682632,0.025021506,0.11774279,0.061478283
TCGA-A1-A0SQ-01A,-0.13456,0.0871042,0.3179127,0.08104486,-0.09650725,0.13642827,-0.039071117,0.16357423,-0.091938786,-0.079475455,-0.1110015,-0.007615035,-0.023966935,0.16603644,0.25109807,-0.06926633,-0.048228264,0.12939161,-0.035514437,-0.18221772,0.012903403,0.045610104,-0.008256727,0.1239732,-0.03570537,0.02396356,-0.4409589,0.034344733,-0.078192435,-0.21895516,-0.028218642,0.13555029,-0.27325588,-0.18678108,-0.066981606,-0.12271578,-0.10996669,0.10569079,-0.102973916,-0.009812125,-0.05720967,0.042852238,0.07143325,-0.20551457,-0.0054145507,-0.03212091,-0.018840961,0.14930843,0.29282674,0.14295357
TCGA-BH-A0BF-01A,-0.07517326,0.068815075,0.17049573,-0.07275898,-0.11662207,0.18420352,0.040618904,0.073045254,-0.12349972,-0.08212988,-0.03431283,-0.012065556,-0.022803474,0.2664382,0.2104859,-0.055433027,-0.025475139,0.19918081,-0.12229443,-0.14520435,-0.05550005,-0.002885161,-0.033685103,0.13205707,-0.033655193,-0.016055074,-0.39794117,-0.012890263,0.014095766,-0.3013852,-0.13119195,0.1792386,-0.29633355,-0.23316559,-0.014755002,-0.29940537,-0.053707305,0.075017564,-0.040817622,0.022432163,-0.11892576,0.10557553,-0.0056590526,-0.14871809,-0.110933036,-0.081637576,-0.12448771,0.009471222,0.18544258,0.033334598
TCGA-BH-A1FG-01A,-0.12960203,0.049072307,0.18930928,0.07051598,-0.12621997,0.10795409,-0.12129257,0.19180603,-0.10226309,0.018375434,-0.093622394,0.035093755,0.0058468264,0.28090888,0.18975537,-0.06144705,-0.012628577,0.22322807,-0.04975098,-0.17322676,-0.03960038,-0.01688258,-0.14613178,0.07602848,-0.044389848,0.018664299,-0.45749006,-0.02935355,0.076941006,-0.18456306,-0.079553254,0.043057963,-0.20497298,-0.21625601,-0.08969088,-0.10294743,-0.05128104,0.11774237,-0.049826346,0.042231064,-0.046967622,0.030056141,-0.03973274,-0.12242426,-0.021173706,-0.047583293,-0.22306408,0.13702184,0.340801,0.11842925
TCGA-BH-A204-01A,-0.2644513,0.13553552,0.27386636,0.11747196,-0.1368054,0.10448649,-0.008769929,0.099519774,-0.06584621,-0.059489343,-0.069741815,-0.058795992,-0.008900697,0.14583181,0.17772084,-0.09588468,-0.095224924,0.10984511,-0.071772315,-0.28752112,0.02344492,0.04865305,-0.10122892,0.12279459,-0.10857542,0.014930538,-0.46066314,-0.014112505,-0.00039411298,-0.24030796,-0.021404972,0.12156327,-0.24784485,-0.19686031,-0.036129143,-0.18384063,-0.08153953,0.08571953,-0.022091338,0.05906763,-0.06078692,0.080915414,0.05851661,-0.07095453,-0.10082302,-0.03110142,-0.08093303,0.04843287,0.25999412,0.103796944
TCGA-AN-A0XR-01A,-0.2610944,-0.0031649603,0.20822427,0.07037781,-0.08578843,0.12915914,-0.014734954,0.11761697,-0.08930402,0.036069706,-0.13028753,0.058006767,0.08332361,0.3118093,0.19769986,0.011136313,0.107843116,0.12818429,-0.036636867,-0.15762293,-0.0031025792,0.04638469,-0.12274839,0.103586175,-0.014197828,0.101816244,-0.46944243,0.021702928,0.018709712,-0.20500487,-0.07472112,0.11799516,-0.2088757,-0.111889936,-0.09066174,-0.20731324,-0.083536536,0.1650852,-0.101823114,0.010464422,-0.066321984,0.06063323,0.054937106,-0.19664973,-0.031402387,-0.050210122,-0.21516669,0.16153651,0.12550738,0.058723107
TCGA-OL-A5S0-01A,-0.14765403,0.1462399,0.24454708,0.081120655,-0.16719116,0.1528212,0.067813575,0.05845872,-0.17064904,-0.05354871,-0.16938978,0.0025374712,0.05865017,0.28057042,0.2340547,-0.08010874,0.076818794,0.2821502,-0.014013517,-0.11447129,-0.03363932,0.08173486,-0.15791218,0.07233895,-0.10583552,0.058334738,-0.27435288,0.13508067,0.0016754814,-0.19916049,-0.06849501,0.16678742,-0.21580435,-0.17319174,0.027610306,-0.16430636,-0.02780273,0.094381705,-0.14998499,0.1112294,0.0052106013,0.11391946,0.0025906502,-0.13361335,-0.08456845,-0.16223203,-0.054704405,0.08130991,0.18113019,0.2331272
TCGA-BH-A1F8-01A,-0.14707644,0.043744907,0.15348203,0.03866929,-0.13863187,0.10223191,-0.032683454,0.118290275,-0.13531557,-0.07485602,-0.13513526,-0.17306243,0.080065444,0.24789914,0.16097131,-0.080891244,-0.039170526,0.18825065,0.044133518,-0.14983532,0.05912346,0.15901545,-0.14443134,0.11197874,-0.016646622,0.013538508,-0.49175748,0.03208669,0.029113488,-0.27326953,-0.1444288,0.113728516,-0.18988806,-0.2095018,-0.0641293,-0.2056303,-0.114259385,0.12574795,-0.020426586,0.081789576,-0.045503598,0.058555953,0.12082263,-0.11180667,-0.1046373,-0.11852499,-0.15456383,0.073012866,0.09288996,0.016643325
TCGA-A2-A1G1-01A,-0.19913767,0.12520298,0.22283062,-0.0090992795,-0.07777489,0.09155628,0.061045505,0.075682476,-0.13672036,0.0587982,-0.038623556,-0.06738567,0.018610125,0.23287588,0.30277658,0.025091989,0.11062308,0.25129595,0.035457842,-0.15972956,-0.023629159,0.07254262,-0.12967853,0.11232273,-0.02378817,0.060971394,-0.3483314,-0.08382085,-0.002500618,-0.30457166,-0.09328641,0.05336668,-0.2198916,-0.15543218,-0.13112663,-0.13023977,-0.034033105,0.13250604,-0.08678009,-0.029268038,-0.11498733,0.14975621,0.108358994,-0.093941145,-0.14288303,-0.13918369,-0.10139706,0.09194646,0.23901112,0.12637353
TCGA-BH-A42V-01A,-0.11462512,-0.033081755,0.28281143,0.05608484,-0.060708176,0.12084258,-0.031462744,0.09948938,-0.17730409,0.03869097,-0.09097836,0.024094852,0.040798414,0.20758687,0.07777594,0.022363648,0.07624475,0.2472239,0.024104517,-0.2804678,0.015294303,0.07621112,-0.08846866,0.17511031,-0.021449396,-0.043935195,-0.37944478,-0.040575203,-0.08578555,-0.26288274,-0.064262494,0.11376482,-0.23021248,-0.24865483,-0.033213917,-0.22156247,-0.15921728,0.10256227,0.018409248,0.08534427,-0.06487073,0.11574772,0.13498513,-0.09696181,-0.105633184,-0.12739718,-0.04081654,0.17129847,0.16126563,0.099791735
TCGA-C8-A1HN-01A,-0.10380661,-0.023988128,0.27793968,0.07053165,-0.15431428,0.08420565,-0.13987249,0.12263194,-0.12853885,0.031253327,-0.027637994,-0.098001435,-0.0048183147,0.2389556,0.15833127,-0.08663149,0.11721263,0.16822296,0.10287909,-0.134858,0.029032117,0.13588402,0.020789491,0.17507842,-0.008463708,0.154773,-0.41528302,0.082986385,0.014813267,-0.21574546,0.02339889,0.18865019,-0.23231472,-0.21107832,-0.049036164,-0.15037225,-0.059294555,0.17335159,-0.18655987,0.00092759886,-0.015080424,0.07424231,0.05648882,-0.20389272,-0.044229627,0.027090339,-0.013218224,0.12714104,0.15745683,0.17216307
TCGA-A2-A0YH-01A,-0.2460268,0.08188836,0.20287472,0.06582166,-0.0560879,0.12584537,-0.01984881,0.1622535,-0.061259676,0.042296987,-0.0376901,-0.06992416,0.056159806,0.40509692,0.14872369,-0.07240067,-0.012671813,0.20224841,0.012801002,-0.17970619,0.0023187571,-0.0028308427,-0.06358783,0.061181217,0.002022169,-0.021652345,-0.32158887,0.08061646,-0.038174633,-0.26641715,0.008854488,0.07144581,-0.1752483,-0.20509051,-0.04629775,-0.28958085,-0.019543864,0.11227058,-0.046683416,0.06874844,-0.095861495,0.17179607,0.16440232,-0.10644716,-0.16548315,-0.071630344,-0.070878826,0.13977376,0.20670159,0.101182275
TCGA-BH-A5J0-01A,-0.097932406,0.07307881,0.27194807,-0.028735485,-0.086618975,0.14165092,-0.02645365,0.0709355,-0.14001901,0.064418234,-0.008832139,-0.10296234,-0.042533305,0.35520428,0.21310544,-0.077044405,-0.050679307,0.23899569,-0.06990419,-0.13091533,0.0225892,0.048918813,-0.05854852,-0.018117769,-0.013473699,0.07519684,-0.4298279,-0.10649458,-0.058348443,-0.27984765,-0.047109585,0.10732907,-0.2644615,-0.15378636,-0.05423411,-0.20647894,-0.09824573,0.07784481,-0.101026766,0.0029512118,-0.027041126,0.15642634,0.110681824,-0.11613022,-0.100868285,-0.07092673,-0.06809004,0.020788733,0.20077144,0.029206662
TCGA-AC-A3W7-01A,-0.039312508,-0.018615028,0.26661184,0.115462035,-0.14078169,0.08338151,-0.14449103,0.07256153,-0.10209748,-0.055407666,-0.019247733,-0.110124655,-0.081387,0.24264927,0.1270814,0.026185876,0.026307419,0.19599324,-0.16871512,-0.17728533,0.0009501937,-0.13743523,-0.12704849,0.14603373,-0.01807044,0.03172215,-0.39784792,-0.024166046,0.04769603,-0.25478515,-0.057978224,0.1479358,-0.20700015,-0.2838999,-0.08925755,-0.10494917,-0.058724117,0.20017822,0.050060157,0.0026564891,-0.051826596,0.049561754,0.050353244,-0.14992906,-0.10042091,-0.19231541,-0.09500515,0.068171464,0.24453007,0.07280015
TCGA-AR-A1AU-01A,-0.04708534,0.02009421,0.30166185,0.023027584,-0.12199196,0.068643406,0.020453302,0.13405831,-0.18706806,0.0007511138,-0.04612783,0.0022139333,0.056152225,0.21477775,0.04670255,-0.051774204,0.061639827,0.13525568,-0.067222774,-0.15638171,-0.007705236,0.13696967,-0.17509994,0.08484169,-0.061325356,0.089950964,-0.45787606,-0.007997385,0.028202498,-0.24200965,-0.15559584,0.13873978,-0.26176283,-0.18339774,-0.07854169,-0.20736484,-0.05536194,0.035949156,-0.028252838,0.04600356,-0.037366007,0.100814246,0.07408718,-0.13397299,-0.05891339,0.004023983,-0.123561926,0.18362167,0.3003518,0.090458244
TCGA-E9-A226-01A,-0.15265097,0.0133241145,0.28913653,0.10051242,-0.08235939,0.16324571,-0.05312631,0.06194062,-0.09979826,0.053012174,-0.0749209,-0.0276282,-0.004390387,0.3085793,0.13653666,0.08068663,0.07478803,0.27071184,-0.09298132,-0.19340236,-0.03565718,-0.018731132,-0.15558726,0.16215907,-0.04353643,-0.024050238,-0.34842747,0.017027523,0.033536255,-0.22234064,-0.085112266,0.14615735,-0.179693,-0.12429704,-0.11745185,-0.120595574,-0.111433685,0.18770768,-0.010883693,0.12518312,0.010244665,0.101400934,0.12903155,-0.13153422,-0.1266625,-0.11938285,-0.05735439,0.1714797,0.24324062,0.12957384
TCGA-A2-A0SU-01A,-0.10519973,0.004048082,0.35233217,0.075104654,-0.119266845,0.15887026,0.038098767,0.124794975,-0.10696969,0.05834499,-0.13499676,-0.099398844,-0.02687862,0.19130296,0.21080637,0.031303756,-0.012193345,0.18307586,-0.06164405,-0.15982139,0.035407092,-0.027238496,0.0007121096,0.08491281,-0.008545026,0.022642773,-0.40349492,0.016626183,-0.0067684352,-0.16359979,-0.015648806,0.19218157,-0.20465583,-0.2311493,-0.11869937,-0.27411944,-0.15379484,0.111854166,-0.051734183,0.052170824,-0.037285168,0.018312063,-0.014757105,-0.14787488,-0.15183428,-0.21215808,-0.059643194,0.16893515,0.098412976,0.13160837
TCGA-BH-A0H9-01A,-0.1465432,-0.045568135,0.2553649,0.04083545,-0.19994397,0.09765767,0.04524342,0.10231318,-0.21979465,-0.06492011,-0.03972666,-0.14753938,0.0222539,0.32452953,0.18270978,-0.009201183,0.042486943,0.172036,-0.027983388,-0.23167187,0.17530636,0.085462846,-0.03603936,0.09474844,-0.00651002,0.055280272,-0.39335766,0.069126755,0.025344528,-0.22801314,0.025094671,0.03637015,-0.25975958,-0.15860195,-0.034243368,-0.12343342,-0.052209206,0.0330057,-0.07405133,0.06919589,-0.062438764,0.12925352,0.055500735,-0.1080742,-0.055070035,-0.16860867,-0.08184874,0.21730006,0.17623806,0.0780813
TCGA-UU-A93S-01A,-0.120757505,0.07459628,0.18559705,0.13355315,-0.21088572,0.10359479,0.06236697,0.18945569,-0.11231281,0.09041781,-0.111812,-0.11402707,-0.0100134555,0.34820706,0.2197259,-0.10424896,0.07208958,0.21415246,-0.09269298,-0.17028062,-0.05021578,-0.050015114,-0.15834096,0.11067337,-0.09463507,0.075075634,-0.3292744,-0.027338682,-0.06029567,-0.19192092,-0.114418365,0.017157093,-0.24006668,-0.1527894,-0.031974733,-0.19621252,0.01983093,0.06864001,-0.045644812,0.058338556,0.00220398,0.14357267,0.17171907,-0.121501274,-0.08198931,-0.072890684,-0.040926494,0.14701088,0.20513664,0.15435757
TCGA-EW-A6SC-01A,-0.10799907,-0.059017662,0.18523806,0.11396732,-0.107234485,0.10507935,-0.004871246,0.23470388,-0.011894746,0.03153536,-0.06380291,-0.055959567,0.01471418,0.21895139,0.19112858,0.043188293,0.0376808,0.20408139,0.0141729,-0.22677971,-0.00477661,-0.007999055,-0.068878666,0.050854992,-0.10769844,-0.000700121,-0.3830875,0.04696306,-0.034909178,-0.19702132,-0.1666901,0.12941076,-0.2989748,-0.20174384,-0.049795244,-0.207668,-0.12906669,0.1666302,-0.053065203,0.045015313,-0.12350376,0.08919434,0.18848778,-0.09829666,-0.030121954,-0.11947464,-0.11770212,0.10416996,0.26808885,0.11247137
TCGA-OL-A66N-01A,-0.041571997,0.17874055,0.27426514,0.12306182,-0.14707747,0.06631654,0.054636497,0.104301535,-0.069606386,0.0787812,-0.16189466,-0.07347181,-0.0030392292,0.3780075,0.16536744,0.015368781,0.04208614,0.21863507,-0.11369319,-0.107593365,-0.07766844,-0.009415295,-0.029031921,0.08268605,-0.09951382,-0.018893747,-0.4455785,0.0107911825,-0.01478263,-0.17966254,0.02960873,0.07587794,-0.23202108,-0.13770661,-0.06974086,-0.25313443,-0.057152472,0.094195224,-0.026670491,0.09784043,-0.052301407,0.11644573,0.037979204,-0.06259412,-0.059004527,0.00019761654,-0.043195542,0.091321215,0.26818293,0.12479636
TCGA-EW-A1PB-01A,-0.10723549,0.11507021,0.23785798,0.06728663,-0.023914207,0.04806486,0.029015914,0.06073616,-0.16400439,-0.022631247,-0.15734352,-0.040592942,0.0010775038,0.2240422,0.28286675,-0.023092566,0.056281194,0.13668977,0.051359415,-0.22006632,0.04057827,-0.004861957,-0.06910672,0.12623118,0.035206877,-0.0018959827,-0.4046084,5.8526963e-05,-0.012981246,-0.24503815,-0.08263656,0.1946451,-0.2873253,-0.07953519,-0.026550334,-0.22971392,-0.046381436,0.12961191,-0.1272616,0.13641052,-0.0179414,0.19564448,0.05459516,-0.04294255,-0.08857474,-0.17665471,-0.10580371,0.15138829,0.18166243,0.10634279
TCGA-AR-A2LN-01A,-0.08971855,-0.007811908,0.20021538,0.041393206,-0.11603463,0.07991389,-0.0051368084,-0.034016766,-0.12151684,-0.02852217,0.10759206,-0.03855457,0.010104853,0.24146245,0.16765974,-0.05673462,-0.07859891,0.20526288,-0.09049997,-0.1718864,0.06881487,-0.014548883,-0.05465911,0.14843956,-0.10754415,-0.065738924,-0.42356306,-0.076970585,-0.04411407,-0.32636645,-0.13294269,0.113717124,-0.25607896,-0.22797082,-0.09722891,-0.28671852,-0.046095118,0.12653226,-0.04593128,0.07569012,-0.07231269,0.036223873,0.024448464,-0.14224793,-0.0739243,-0.10317969,-0.08587306,0.15047406,0.20658429,0.05495697
TCGA-AR-A24Q-01A,-0.003172721,0.15063412,0.27371472,0.11378461,-0.22752737,0.15209919,0.067125276,0.12013607,-0.14489157,0.003524954,-0.084011964,-0.01410426,0.012072454,0.2732744,0.18653105,0.014498722,0.063476175,0.26208302,-0.036741108,-0.22609039,0.040652227,0.0922097,-0.040360104,0.08354702,-0.048060186,-0.01697995,-0.29921526,-0.049299844,-0.07803757,-0.14673737,-0.05857741,0.15396956,-0.19659595,-0.13688923,-0.08132767,-0.29230407,-0.08796871,0.12194659,-0.089426674,0.066506594,-0.06332301,0.17950463,0.06769281,-0.07065004,-0.1979952,-0.11539079,-0.07752692,0.08425748,0.22239923,0.13735306
TCGA-E2-A56Z-01A,-0.16194756,0.0026276265,0.25725567,0.09315984,-0.2018486,0.18970358,-0.061569825,0.20222826,-0.110034615,-0.0075391596,-0.121957615,-0.120901726,-0.021637168,0.26549318,0.20333809,-0.07273574,-0.015649593,0.27934504,-0.031195961,-0.1888537,-0.002446146,0.08670746,-0.085897826,0.11452529,-0.012385862,-0.019224677,-0.29301754,0.053722784,-0.10027502,-0.21049708,0.0054813325,0.18801025,-0.31788737,-0.14532791,-0.09326342,-0.09916075,0.029388364,0.09452538,-0.16985483,-0.034830656,-0.02373703,0.13221523,0.051977154,-0.15923975,-0.11694732,0.024065983,-0.027241744,0.04411128,0.12922741,0.18969229
TCGA-BH-A202-01A,-0.16339624,0.1778198,0.27491164,-0.053382292,-0.22135815,0.07709525,-0.018731248,0.04411275,-0.09180082,0.05122007,-0.05418625,0.011276491,0.10345158,0.29492024,0.22227162,-0.013778272,0.0018898053,0.26889908,0.05581908,-0.08698884,0.090445176,0.10218938,-0.08006116,0.12882678,-0.059055045,-0.06797843,-0.35615027,0.053690176,-0.07207356,-0.2249566,-0.025595037,0.10916138,-0.21852316,-0.16951996,-0.11746248,-0.16733336,-0.0727151,0.07682762,-0.061772224,0.0036198604,-0.047089826,0.086167574,0.1445909,-0.107623786,-0.19899088,-0.14214043,-0.08783208,0.13131581,0.19813147,0.11977287
TCGA-B6-A0WY-01A,-0.14769983,0.08304621,0.290541,0.020361023,-0.06438063,0.15203735,0.034153838,0.07653575,-0.11764534,0.0639701,0.024337387,-0.15504895,-0.06926651,0.19745702,0.19033287,-0.12684412,-0.03812256,0.2556711,0.032491013,-0.24009085,0.09110051,0.039347153,-0.15716252,0.117766574,-0.15982784,0.00011864847,-0.338774,0.027050702,0.07613732,-0.22510745,-0.08741108,0.057308078,-0.18947785,-0.18801679,0.008908689,-0.1847553,-0.09272153,0.12561485,0.015035006,0.027187552,0.014965803,0.22441512,0.04632146,-0.20404303,-0.09124823,-0.10547778,-0.15599796,0.07018148,0.20549558,0.12254139
TCGA-BH-A0AU-01A,-0.09359361,0.07922229,0.29424268,0.05006905,-0.17793742,0.11237263,-0.055329356,0.025642034,-0.18880475,0.06492235,-0.0272055,-0.0001734529,0.09833565,0.21310452,0.20448862,-0.08887837,0.0352291,0.23406678,-0.011038646,-0.14561519,-0.012698872,0.08207999,-0.001357419,0.07546588,-0.031474464,0.05583535,-0.44407368,0.065310925,0.030933438,-0.19364977,-0.0018805201,0.09277458,-0.23044924,-0.182126,-0.10737717,-0.11808432,-0.052402485,0.101187624,-0.105063595,0.0757702,-0.095049836,0.20773372,0.12556651,-0.19428447,-0.14553127,-0.15777683,0.05590232,0.08121692,0.2195214,0.09315258
TCGA-AR-A24W-01A,-0.08380086,0.07799234,0.17750558,0.062322088,-0.07061226,0.20762767,-0.04804449,0.110734574,-0.1742663,-0.021258384,-0.114116736,-0.078362845,0.0012665162,0.2319836,0.19865306,0.008205085,0.04373976,0.21890624,0.034202304,-0.13131319,-0.0014406723,0.11303949,-0.04597548,0.05401243,-0.08364017,0.049373347,-0.39732483,-0.054605108,-0.09777859,-0.24384724,0.016046401,0.120097,-0.27514252,-0.250767,-0.104892686,-0.22860515,-0.044043995,0.1810482,-0.11932699,0.08661699,-0.09158551,-0.0050861044,0.06850611,-0.14767176,-0.117163405,-0.09931872,-0.065479696,0.21264857,0.13590302,0.14377081
TCGA-A8-A08O-01A,-0.21614267,0.06894002,0.2881202,0.07378993,-0.07986498,0.07172851,-0.032774784,0.16008148,-0.14077193,-0.048957158,-0.122011125,-0.12961161,0.042713027,0.14895274,0.15291056,-0.04638781,0.013508588,0.20232083,-0.019289508,-0.22861767,-0.03067371,-0.063274235,-0.0418149,0.17637803,0.052926745,-0.0008070058,-0.3944481,-0.019287689,-0.040638044,-0.24739794,-0.031140452,0.047758203,-0.24470083,-0.24050619,-0.06842718,-0.14524496,-0.03607573,0.18368766,-0.0730028,0.014751596,-0.1546086,0.007676598,0.081049114,-0.14885095,-0.08877446,-0.07703581,-0.08915383,0.24734,0.1746717,0.10838349
TCGA-S3-A6ZH-01A,-0.028093044,0.109819055,0.31591123,0.042722996,-0.043070897,0.0891625,0.019772112,0.060232718,-0.13189398,-0.028831879,-0.07489094,-0.13955007,0.040479697,0.35943165,0.21914026,-0.061713126,-0.039168976,0.24634399,0.0045551276,-0.10738181,0.05123694,0.058060937,-0.070359595,0.092624694,-0.04351266,-0.065879114,-0.32317796,0.010296404,0.012831295,-0.24245107,0.017996829,0.1826207,-0.27005905,-0.24851066,-0.02985034,-0.20549053,0.020598194,0.0007971001,-0.0578116,-0.0049389536,0.018861968,0.15952452,0.11365636,-0.21325265,-0.14893045,-0.054825794,-0.07152389,0.14612935,0.17070898,0.049341816
TCGA-C8-A1HK-01A,-0.08285752,0.17547482,0.32463598,0.12304558,-0.12712292,0.11607506,0.024493285,0.14786021,-0.03057972,0.0706177,-0.030106911,0.00042856688,0.11865215,0.26852757,0.12913707,-0.08744252,0.05071497,0.15764925,-0.045936327,-0.1903615,0.008538524,0.10953353,-0.036653344,0.08738884,-0.031070268,0.015139067,-0.41509783,0.029552227,-0.01549111,-0.21108538,-0.0075057778,0.15188073,-0.25141183,-0.21126792,-0.054146055,-0.22350077,-0.06629573,0.055756297,-0.049279824,0.06371463,0.024882387,0.12695314,0.1713238,-0.23945224,-0.09970302,-0.041306235,-0.06935952,0.116744906,0.13027948,0.13438433
TCGA-AO-A1KP-01A,-0.24065134,0.085445106,0.2553245,0.14117622,-0.09913322,0.095944576,-0.03471453,0.020854779,-0.12615052,0.028511014,-0.0669265,-0.06731795,0.033335652,0.16622172,0.17532048,-0.091919236,-0.0290382,0.18949193,0.07565815,-0.19251503,0.03246586,0.004412564,-0.10522277,0.053438824,0.040857013,0.01749274,-0.3936036,0.012141589,-0.02256862,-0.19688898,-0.090550736,0.081497625,-0.29155692,-0.134213,-0.091753796,-0.27490944,-0.1448746,0.13467592,-0.022349503,0.061178308,-0.08017978,0.13046107,0.1380206,-0.16197625,0.07338996,-0.05379407,-0.081534676,0.17089759,0.26205274,0.13306196
TCGA-AN-A0XT-01A,-0.19971032,-0.032241974,0.19476171,0.0597074,-0.12447595,0.091843404,-0.04485648,0.15821186,-0.16065659,0.036975615,-0.10975969,-0.04747002,-0.028624874,0.3160409,0.23210783,0.001244391,0.056782853,0.23289591,-0.015710998,-0.2113915,0.013063549,0.13640031,-0.065805934,0.13200328,0.0506241,0.047197662,-0.39987907,-0.0023107347,0.080524854,-0.23942581,-0.075691216,0.118549585,-0.25348058,-0.17170985,0.047552682,-0.1624677,-0.13361588,0.13662347,-0.1410237,0.04448113,0.023247022,0.07287795,0.10118091,-0.040909622,-0.04880762,-0.046983737,-0.07117108,0.14026555,0.20662957,0.09361803
TCGA-AR-A1AS-01A,-0.15123753,-0.048251867,0.20697075,0.16468965,-0.12300416,0.033566143,0.050196145,0.13366888,-0.15879247,-0.007950666,-0.02979126,0.00675801,0.04970981,0.27681062,0.24142192,-0.05846668,-0.05278802,0.14678214,-0.09502881,-0.18332902,0.0007983785,0.0026982615,-0.067788355,0.10789294,0.024360757,0.07484307,-0.36753,0.14758606,-0.040279806,-0.23057783,-0.090417065,0.19271131,-0.26431063,-0.1620734,-0.17373331,-0.015147413,-0.0044780504,0.14422965,-0.07936963,-0.04036051,-0.1163471,0.15592083,0.13665189,-0.14915827,-0.1281861,-0.07481769,-0.1284355,0.071516305,0.18227305,0.20949896
TCGA-HN-A2NL-01A,-0.19868916,0.11716593,0.19405161,0.11190843,-0.12055918,0.1425387,0.029781433,0.14950283,-0.0911566,0.06373576,-0.06538295,-0.084329925,0.040676136,0.26317197,0.23095055,-0.0038160365,0.123627886,0.23070915,-0.04664134,-0.16815434,-0.005906766,-0.01072195,-0.06786367,0.10730525,0.048068844,0.079139866,-0.36041212,-0.07186757,0.09586031,-0.2059009,-0.15010367,0.044018466,-0.29186285,-0.13982108,0.00071550667,-0.17360736,-0.17714407,0.14211786,-0.07435403,0.009351228,-0.0963263,0.08396058,0.0060472568,-0.16169211,-0.07370845,-0.0838305,-0.16078933,0.16182779,0.16710222,0.16905196
TCGA-D8-A1X5-01A,-0.134426,0.051566985,0.3474523,-0.032645553,-0.17417133,0.06158261,-0.01919636,0.113483116,-0.14351755,-0.030069858,-0.06713775,-0.07107057,0.013814297,0.34862122,0.11787828,0.014489051,-0.037608024,0.24518181,0.004563546,-0.14314449,0.05468899,-0.00043403896,-0.06780098,0.07037144,-0.08368779,-0.08453997,-0.4588648,-0.013217506,-0.0018180179,-0.057406217,-0.0474807,0.12618665,-0.30011246,-0.17693004,-0.11520489,-0.1706023,-0.061402418,0.10133079,-0.049957633,0.010895256,-0.0649431,0.09762049,0.10256558,-0.15198547,-0.10227326,-0.060837585,-0.09108477,0.14307751,0.13252017,0.1183929
TCGA-AR-A1AP-01A,-0.20918636,-0.04984414,0.21382724,0.03160091,-0.08888457,-0.007293523,-0.02546193,0.14077061,-0.14845303,0.04750492,-0.10811355,0.06678106,0.015309474,0.26862758,0.18890631,-0.026660955,0.05238824,0.23518173,-0.03008421,-0.20687047,-0.06586535,-0.030102743,-0.0071935067,0.045980915,-0.09148461,0.05063297,-0.37921363,0.02879952,0.0058736173,-0.2790391,-0.111017354,0.15389986,-0.19452758,-0.108394645,-0.12312524,-0.18840303,-0.12584451,0.27434057,-0.04807015,0.05439949,-0.010688012,0.013552696,0.07204529,-0.21106032,-0.016255667,-0.06884651,-0.11303714,0.18275143,0.20874007,0.09665247
TCGA-AR-A24R-01A,-0.13543503,0.122323334,0.3184675,0.04724004,-0.124524884,0.14663975,0.052163802,0.11649699,-0.07783356,0.08113453,-0.027968174,-0.12971722,0.071293995,0.33361387,0.15016279,0.082814254,0.00682911,0.1604564,-0.0011957128,-0.12102765,0.025781892,0.18795305,-0.04796874,0.087839134,-0.08786525,0.05807627,-0.31087935,-0.05983758,-0.065208554,-0.1190913,-0.09419649,0.22995381,-0.2993278,-0.16008553,-0.09118997,-0.18531571,-0.04394162,0.1399622,-0.18963714,-0.07879327,0.036504705,0.021757234,0.123060696,-0.054773808,-0.07178883,-0.12827402,-0.011192523,0.1933247,0.19653483,0.12840775
TCGA-B6-A0IK-01A,-0.1483418,-0.011971043,0.26542345,0.17638485,-0.1693228,0.08356526,0.040032037,0.07380313,-0.05579269,-0.021595132,-0.11469745,-0.08253136,0.051642936,0.2855514,0.14696556,-0.012096218,-0.048465807,0.19347773,0.010956676,-0.24583185,0.026832001,0.026441528,-0.13400757,0.119273536,0.005944976,0.06215024,-0.42547265,0.03237327,0.033893596,-0.21607497,-0.08866951,0.06750955,-0.20507514,-0.15975194,-0.13682796,-0.16999261,-0.11514561,0.09759551,3.012846e-05,0.04454172,-0.043013465,0.116476245,0.060365424,-0.098829836,-0.0899725,-0.107354134,-0.04140797,0.20872149,0.19161308,0.2313309
TCGA-AR-A24S-01A,-0.08607799,0.09978317,0.1990427,0.07745022,-0.08061379,0.058758374,-0.10648032,0.11148514,-0.15870519,-0.03031158,-0.04625368,-0.09843504,0.00846705,0.38895902,0.20493612,-0.0074735987,0.013194623,0.22094917,0.04264227,-0.14315276,0.035470746,0.056819,0.032692667,0.050533645,-0.052107073,-0.022870038,-0.40777197,-0.03969682,-0.0047077723,-0.23613976,0.005263216,0.22185743,-0.23137511,-0.19589381,-0.1466919,-0.1526037,-0.03436141,0.14741224,-0.122029014,-0.041788246,-0.0151011655,0.1634531,0.14843853,-0.10181017,-0.1529708,-0.060750715,-0.123661995,0.072060004,0.11892952,0.13814315
TCGA-E9-A1N9-01A,-0.078958586,0.1259159,0.2388439,0.07784174,-0.2009037,0.033360556,-0.027821088,0.18974853,-0.1215452,0.0855054,-0.014638534,-0.0012167306,0.13847844,0.26536754,0.16677496,-0.0743645,0.08680264,0.24141951,-0.025009295,-0.18500778,-0.036948465,0.05246368,-0.0436956,0.122621,-0.084268115,0.03344331,-0.32892075,0.030017406,0.018340444,-0.20036346,-0.016536271,0.15211125,-0.21485922,-0.1339103,-0.09665065,-0.20554282,-0.11106383,0.08163244,-0.23488645,0.11445646,0.013330157,0.19005007,0.1471203,-0.21895035,-0.12274165,-0.025302352,-0.057995465,0.022157239,0.24445869,0.014725341
TCGA-B6-A1KI-01A,-0.11188752,0.1470276,0.2668895,0.07617566,-0.18340904,0.11213077,0.054670006,0.12638994,-0.23687942,0.09690115,0.025713183,0.00447954,0.03377138,0.262271,0.1708284,-0.008474256,0.02980844,0.26868558,-0.03652282,-0.148394,0.05046446,0.023209428,-0.04431744,0.054226775,-0.07907746,-0.018114094,-0.3457064,0.10162948,-0.06150112,-0.13562359,-0.07438508,0.09011403,-0.24923843,-0.1790071,-0.08163674,-0.22733998,-0.1422995,0.15755686,-0.11808475,0.011807573,0.019285912,0.18570745,0.12867726,-0.116622955,-0.14391188,-0.06614608,-0.03195101,0.021136582,0.21787052,0.1758049
TCGA-BH-A6R8-01A,-0.14103171,0.0050666044,0.2836254,0.051586293,-0.08984344,0.19497292,0.078939416,0.092643596,-0.19981185,0.017601779,-0.09527284,-0.06724504,0.14456347,0.2517465,0.15328628,0.0547602,0.06402594,0.18210313,-0.026669066,-0.17650424,0.00074502314,0.08390365,-0.03803793,0.08461375,0.029736487,0.077323094,-0.37265462,-0.0113186315,0.0055461614,-0.34521478,-0.04393574,0.16089782,-0.24283847,-0.2432949,-0.04615736,-0.09922638,-0.06457719,0.12945397,-0.062275667,-0.01530261,-0.058021467,0.12639983,0.18385969,-0.20377047,-0.0383114,-0.09528357,-0.07925029,0.050031167,0.13685626,0.07685839
TCGA-E2-A1IK-01A,-0.090236805,-0.013458901,0.274579,0.06591441,-0.19022079,0.07130366,0.114239775,0.08669692,-0.15070271,0.057960663,-0.057148837,-0.053971343,0.04704606,0.27761078,0.255612,-0.017206784,0.08730132,0.2302923,-0.14129247,-0.25069383,0.029829778,-0.04827416,-0.07448962,0.15884039,0.039958376,0.017259898,-0.39662942,-0.032343645,0.014718054,-0.10525162,-0.032683577,0.09702474,-0.22552942,-0.19173113,-0.023691418,-0.121943414,-0.09816157,0.10364417,-0.13007325,0.09119989,0.07406456,0.035378896,0.11497724,-0.24857032,-0.13863347,-0.08464922,-0.10639914,0.09578734,0.1631338,0.09763308
TCGA-AO-A0JD-01A,-0.06779761,0.032279428,0.19604608,-0.011236445,-0.15254782,0.025920367,0.050224904,0.1533714,-0.22077984,0.015608399,0.03236577,-0.0008223588,0.110379644,0.28874248,0.17450088,-0.041004553,0.0031079624,0.23349221,-0.03143177,-0.14156118,0.11687389,0.018470885,-0.15910703,0.13880432,-0.044342432,0.03446909,-0.3909798,0.0410972,0.056495424,-0.27687004,-0.12466759,0.06602282,-0.3207246,-0.15211092,-0.06705032,-0.15457083,-0.1341482,0.18515484,-0.01027555,0.045370135,-0.02702844,0.06443789,0.08884118,-0.115560174,-0.039327934,-0.12600349,0.026933225,0.18575114,0.19438538,0.10532543
TCGA-A2-A0CR-01A,-0.1927266,-0.01705895,0.26952824,0.1535512,-0.11477837,0.11167099,-0.014630807,0.03573486,-0.08640459,0.09588698,-0.08540232,0.10609875,0.0029881578,0.2873903,0.16702151,-0.00054478773,0.022190697,0.20246229,-0.04273309,-0.1838938,0.07834762,0.0956635,0.028812578,0.027889749,-0.029600557,0.039800003,-0.33211896,0.046366043,0.10396087,-0.2333511,-0.11707222,0.08381162,-0.3124686,-0.19280739,-0.054147612,-0.1517139,-0.054774877,0.23097467,-0.04569088,0.08451931,-0.12601903,-0.017271467,-0.014866849,-0.16457927,-0.14298429,-0.17938131,-0.13423325,0.13474779,0.19912717,0.017093169
TCGA-EW-A6SB-01A,-0.073601864,0.1304335,0.27819315,0.059980635,-0.13128473,0.12665471,-0.013996164,0.17855945,-0.06100436,0.11011405,-0.0641372,-0.07824117,0.022924298,0.41964003,0.24338195,-0.03701089,0.01567734,0.2694227,-0.06103669,-0.085013606,0.023791164,0.04889268,-0.0564793,0.15652311,-0.036512837,0.09092472,-0.2952959,-0.045321587,-0.08438521,-0.19999471,-0.058161993,0.15004122,-0.21768337,-0.0779618,-0.01261575,-0.18968554,-0.08765024,0.13720028,-0.14025858,0.06311262,-0.11281592,0.0912998,0.12481748,-0.1092623,-0.050475992,-0.071580514,-0.11840232,0.12288231,0.22256492,0.08331061
TCGA-D8-A73U-01A,-0.14409415,0.04988793,0.17905615,0.078114145,-0.11993957,0.11899513,-0.0877888,0.12694968,-0.098723784,0.03269462,-0.06956661,-0.010551022,-0.011382666,0.23653598,0.22834978,-0.00025588882,0.002471029,0.2136512,-0.073821425,-0.28717268,-0.055912327,0.07563855,0.048772383,0.0242588,-0.1022288,0.07013079,-0.3679959,0.007257819,0.074126534,-0.1574487,-0.18582241,0.08342949,-0.24279329,-0.15715715,-0.08428078,-0.21711633,-0.13521118,0.1606497,-0.09513911,0.098594934,-0.0834889,0.044128627,0.1431934,-0.12474353,-0.023174666,-0.16785161,-0.09799013,0.14370187,0.2555663,0.15560086
TCGA-B6-A0WZ-01A,-0.10336574,0.027925262,0.23714457,0.107660465,-0.110221095,0.14599305,-0.051407155,0.11138331,-0.08386029,-0.029980768,0.041055724,-0.005918109,0.08748145,0.2977437,0.17788209,0.09034632,0.07996337,0.24375707,-0.01375975,-0.15013428,0.00034859497,0.07819643,-0.054129712,0.13088498,-0.0034813506,0.051663555,-0.48702937,-0.040023796,0.028437415,-0.17578743,-0.0248657,0.04283734,-0.22391835,-0.26431176,0.011430941,-0.16531052,-0.19500111,0.15181413,-0.062822334,0.03847538,-0.0582827,0.03483062,0.075608246,-0.20055945,-0.11803882,-0.085206166,-0.058250695,0.023581019,0.20485528,0.066758536
TCGA-D8-A27K-01A,-0.13779674,0.031106304,0.17390352,0.042521186,-0.107650444,0.21228969,-0.033148423,0.011624821,-0.18782364,-0.114082165,0.010488063,0.043784138,-0.00027109054,0.20119749,0.115739636,-0.102423094,-0.043457665,0.16968608,-0.07820267,-0.1755344,-0.06277574,-0.02637199,-0.088337705,0.13942948,-0.08324284,0.08350127,-0.31879815,-0.013986864,-0.04091081,-0.21678478,-0.12863488,0.14047919,-0.29391962,-0.2824974,-0.036999263,-0.21667583,-0.21036531,0.0544959,-0.08290558,-0.036093485,-0.001253749,0.04691589,0.08351116,-0.14620724,-0.10949384,-0.12705588,-0.036416315,0.17921177,0.28576076,0.17762226
TCGA-A1-A0SP-01A,-0.13928442,0.10312447,0.12718832,0.06298647,-0.0033546078,0.14077155,0.035691302,0.07243225,-0.12025936,-0.058171704,-0.09670029,0.010176793,0.028249789,0.35491648,0.20641206,-0.06848546,0.18519239,0.14334613,-0.022395011,-0.2947434,0.057601366,-0.007342428,-0.07629382,0.15842064,-0.007468239,0.037080992,-0.38405952,-0.001056029,0.04661326,-0.23804486,0.011206853,0.18028775,-0.22514664,-0.13125312,-0.007212103,-0.2364083,-0.07180869,0.09845254,-0.13066974,0.10971625,-0.100430585,0.10707247,0.09910487,-0.013374556,-0.14330225,-0.17105214,-0.0436093,0.11169644,0.15688103,0.13055895
TCGA-AC-A3OD-01A,-0.15791099,0.053738307,0.30636263,0.09421065,-0.08459602,0.094690174,0.11395096,0.10417672,-0.076379456,-0.05367493,-0.051097903,0.015668733,0.00046153227,0.29627725,0.25793427,-0.02630769,0.020810671,0.23994747,-0.04427748,-0.20610562,-0.04948591,0.042279277,-0.06349528,0.059326515,-0.0110204555,0.015103707,-0.4638608,-0.014041518,0.037291758,-0.21743314,-0.007974513,0.07089096,-0.2628485,-0.15676087,-0.075796805,-0.26858434,-0.058237705,0.12067691,-0.091590755,-0.03883325,-0.054232534,0.016331682,0.030623501,-0.11078029,-0.10733505,-0.042468276,-0.08789029,0.057199474,0.16423832,0.10996162
TCGA-BH-A0DS-01A,-0.14863728,0.063871354,0.35591418,0.012749618,-0.08011935,0.10694639,0.047002688,0.19350234,-0.11255481,0.02728686,0.004156128,-0.09185164,0.079035744,0.2847279,0.15154935,-0.10630974,-0.09265271,0.14126077,-0.08562877,-0.21817937,-0.057020046,0.0589779,-0.18399695,0.0033825324,-0.068143986,0.06855681,-0.35758698,0.12946026,-0.0913942,-0.16298711,-0.028459148,0.1318551,-0.21066383,-0.17481858,-0.114055954,-0.14328654,-0.043824468,0.16448274,0.07360019,0.05306021,-0.059952807,0.15043217,0.0150879705,-0.105802335,-0.003859103,0.06687493,-0.16913885,0.11859243,0.20843197,0.20232604
TCGA-BH-A0H7-01A,-0.15859519,0.03323574,0.23443958,0.15807486,-0.15734197,0.045584332,0.01370512,0.09532067,-0.05806928,0.13717292,-0.035550267,-0.051237695,0.070304304,0.36265802,0.21235617,-0.055100426,0.059783652,0.18094806,-0.029025806,-0.20999539,-0.0009002583,0.1132358,-0.051731948,0.11469618,-0.012197074,-0.049901016,-0.37566614,-0.024233544,-0.04557159,-0.18149783,0.020462142,0.100166224,-0.2178517,-0.23196429,-0.085160695,-0.17981592,-0.11246666,0.11002259,-0.17213267,0.07218469,-0.026412793,0.13098758,0.18440746,-0.1427413,-0.08977833,-0.14951894,-0.032198787,0.14525066,0.116607726,0.09191641
TCGA-EW-A1OY-01A,-0.061688792,0.07618347,0.36249027,0.13021252,-0.16547531,0.10481658,-0.08042957,0.1483028,-0.19155762,0.04440579,-0.07035471,-0.0024239144,-0.035113424,0.26708695,0.27003756,-0.09317775,-0.083298914,0.17718163,-0.02194902,-0.2627758,-0.0068558026,0.06826699,0.03361165,0.044594567,-0.05583974,0.0019427544,-0.37462568,0.034941435,-0.075092226,-0.22039069,-0.10663053,0.111774586,-0.21946493,-0.0837011,-0.075293966,-0.108728446,-0.061453894,0.124696776,-0.13200791,0.026502868,-0.07971996,0.10101452,0.11606659,-0.21743916,-0.0588308,-0.113401875,-0.11151757,0.029975945,0.1376871,0.054033868
TCGA-AR-A24L-01A,-0.15652719,0.030796647,0.2926756,0.11246793,-0.16809772,0.10242119,0.0136697255,0.0900059,-0.20891435,-0.030518344,-0.050036278,-0.03918144,0.015922114,0.20987272,0.16229,0.04239212,-0.029657386,0.17405315,-0.0279842,-0.13682011,0.08161059,0.08755041,-0.05623771,0.050372627,0.02054526,0.07640449,-0.35972023,-0.12004039,0.016904036,-0.22324026,-0.10716173,0.10289361,-0.32211587,-0.25676987,-0.030064667,-0.2114815,-0.062261067,0.094029605,-0.08574675,0.07279588,-0.15673952,0.09523864,0.051644765,-0.24653098,-0.08745671,-0.06704661,-0.13424581,0.13773553,0.15914449,0.054408845
TCGA-E9-A1R5-01A,-0.20251592,-0.025838178,0.26638907,0.059674803,-0.08875313,0.021375654,0.053415593,0.22249699,-0.18473023,0.021496389,-0.026066342,-0.021766208,-0.04105151,0.247439,0.18394017,0.025158443,0.023082668,0.2612709,-0.11937837,-0.21051012,-0.06304109,0.06397333,-0.041726872,0.042838868,0.024436004,0.121129364,-0.31652477,0.010634975,0.0044223685,-0.09811042,-0.11279416,0.15385714,-0.3184648,-0.27316746,-0.09672371,-0.14815925,0.01953062,0.15147884,0.015341019,0.06644814,-0.064579986,0.14527828,0.059802596,-0.15892683,-0.078915395,-0.08683237,-0.03673459,0.16077101,0.22339347,0.0952155
TCGA-D8-A4Z1-01A,-0.10509015,0.027985191,0.34207788,0.07250887,-0.10003433,0.06481859,0.011695771,0.29290757,-0.084364265,0.026668945,-0.06631283,0.068770915,0.030759722,0.23052874,0.13495943,-0.02493658,-0.010318886,0.19394915,-0.030098774,-0.2652878,0.012576028,-0.07847533,-0.046903115,0.1463143,-0.091950186,-0.05898109,-0.38474748,-0.0117090205,0.09023234,-0.14328855,-0.07543364,0.14248528,-0.2785462,-0.20358263,-0.07707901,-0.18182379,-0.15267767,0.09647685,-0.039731666,-0.04905949,-0.09275468,-0.01288084,-0.00091835734,-0.13910921,-0.092368886,-0.15149692,-0.13322732,0.05687461,0.18075034,0.11950296
TCGA-AR-A255-01A,-0.23854893,0.10057329,0.21771973,0.036960695,-0.07591563,0.16805747,0.010297582,0.134867,-0.14360328,-0.036953207,-0.09774515,-0.032061726,0.003184725,0.33143535,0.18833542,0.008455531,0.022162572,0.26560354,0.01846779,-0.15573364,-0.088967316,0.028815247,-0.050058383,0.06857272,-0.06541332,0.10662706,-0.34585664,0.022860793,-0.0046573593,-0.27821627,-0.11033774,0.11350297,-0.29861057,-0.17686677,-0.037264686,-0.20227723,-0.06347546,0.12256052,-0.025133405,0.09322709,-0.08318192,0.10758473,0.07223366,-0.19944459,-0.04187551,-0.0028275268,-0.0040798406,0.09628465,0.10788181,0.16364297
TCGA-E2-A576-01A,-0.17974469,0.035813868,0.2812444,0.022978853,-0.11853563,0.071982734,0.00163143,0.104805864,-0.06734682,0.008079436,-0.09661681,-0.026689341,0.012279567,0.34752595,0.13258739,-0.015550685,-0.046288926,0.1350613,-0.13346733,-0.25170803,-0.10647067,0.021858918,-0.031320117,0.117429525,-0.12477473,0.098633096,-0.40460017,0.064435564,0.047684047,-0.2178606,-0.14021738,0.08239679,-0.2622926,-0.0802938,-0.059208695,-0.16965522,-0.05778554,0.10457188,-0.1335525,0.034096114,0.02393023,0.048998173,0.02516341,-0.035929814,-0.16314155,-0.050966863,-0.24594975,0.16861996,0.13289657,0.15553273
TCGA-AO-A0JM-01A,-0.029271336,0.1424776,0.23658666,0.06349664,-0.19486618,0.0927081,0.010529571,0.25568405,-0.1264254,0.08892769,-0.0642343,-0.022169746,0.084966876,0.30654126,0.28268027,-0.07637196,-0.027261969,0.17250371,0.039547984,-0.1654375,0.0012855255,-0.016237061,-0.025469212,0.06810018,-0.027611075,0.03951857,-0.4407933,0.013795839,-0.0693667,-0.11557288,-0.040198367,0.116914734,-0.23819654,-0.14965665,-0.072038576,-0.06703715,-0.1014623,0.077857986,-0.07921148,0.0052252314,-0.1070369,0.1269438,0.1150549,-0.12131288,-0.1682189,-0.006378666,-0.13694459,0.091696836,0.1864861,0.19701736
TCGA-BH-A8FZ-01A,-0.16337757,0.017559035,0.24134035,-0.020949032,-0.12730889,0.064280376,-0.022454627,0.13616447,-0.16394329,-0.013920124,-0.13530251,-0.117693335,0.066723764,0.25224134,0.18432355,0.00976396,-0.03746561,0.19060661,-0.032712825,-0.18049452,0.056778073,0.11329626,-0.05925726,0.19555621,0.080263406,0.066138536,-0.364644,-0.07993822,0.05075114,-0.28125894,0.0040234686,0.13082293,-0.26481244,-0.16286133,-0.0893913,-0.11350914,-0.15348521,0.15820515,-0.09058365,0.038236026,-0.022536531,0.050789487,0.03084511,-0.17443304,-0.04685705,-0.10598599,-0.13327976,0.17867124,0.24429615,0.04828209
TCGA-D8-A1XB-01A,-0.095503114,-0.04585312,0.27366874,0.11547742,-0.08737074,0.03829408,0.033743694,0.17038684,-0.21159208,0.04827867,-0.063846104,-0.011484939,0.0849505,0.2343839,0.15713008,-0.06517749,-0.0031519681,0.26211193,-0.068453155,-0.17810075,0.03036619,0.07617164,-0.062157985,0.059187282,0.03515877,0.056238268,-0.47874057,0.020595737,-0.04411508,-0.21711786,-0.12135892,0.14568874,-0.182241,-0.16068469,-0.0658965,-0.17268983,-0.039082427,0.01729333,-0.01204463,0.06280764,-0.07321183,0.04494682,0.029338274,-0.08625846,-0.0011324909,-0.1795267,-0.104910254,0.17988992,0.19887261,0.22510096
TCGA-D8-A1J9-01A,-0.20147626,0.019824803,0.25031888,0.037913073,-0.1660521,0.18634282,-0.0038942404,0.008616292,-0.15596122,0.15752575,-0.030562399,-0.09709052,-0.022188047,0.22747853,0.22159441,-0.06476947,0.048360318,0.19952293,-0.11146745,-0.1865279,-0.008118998,0.04495448,-0.055450533,0.06508898,-0.00017800005,0.12841755,-0.36073458,-0.014083624,0.016981462,-0.2480206,-0.042136464,0.046052366,-0.2569823,-0.21850587,-0.037641663,-0.17987834,-0.1223033,0.11250318,0.050047807,-0.028017791,-0.07661226,0.11191694,0.12844723,-0.04344052,-0.083001725,-0.07804529,-0.13237916,0.18151553,0.23020485,0.15659626
TCGA-A2-A0T6-01A,-0.14798976,-0.02519277,0.24897867,0.1115282,-0.015179306,0.08628343,0.051414233,0.12216339,-0.16245364,-0.030409707,-0.07460807,-0.011936996,-0.020521536,0.2496464,0.18024287,0.0736402,0.0027279577,0.21779849,-0.08574782,-0.16326661,0.047304973,0.04207876,-0.07040021,0.15283516,0.015613672,0.13186029,-0.3772655,-0.072995886,0.012660731,-0.23766953,-0.09067903,0.22662218,-0.22910309,-0.26790282,-0.06167227,-0.15853748,-0.04021064,0.1474777,-0.0669409,0.095126696,-0.06389193,0.11163288,0.17949085,-0.08532912,-0.130561,-0.038880397,-0.13298231,0.1359611,0.20139432,0.08601193
TCGA-A1-A0SF-01A,-0.11704852,0.052908543,0.23237601,0.08002956,-0.18756373,0.06641778,-0.013287101,0.13504344,-0.15168904,-0.03374473,-0.04497828,-0.02932983,0.055098128,0.31558502,0.13216908,-0.031077417,-0.074605055,0.22855872,-0.08937594,-0.14789748,0.04613351,0.07522477,0.035050213,-0.012744069,-0.15173185,-0.040348586,-0.4284095,-0.08836715,0.052484386,-0.16042152,-0.123943165,0.085531026,-0.25822347,-0.14633611,-0.012540689,-0.17889154,-0.13470978,0.12900288,-0.042605247,0.033937097,0.02229358,0.15948778,0.07915167,-0.21617602,-0.18721116,-0.1107644,-0.055658285,0.083598875,0.21663047,0.10825672
TCGA-OL-A66K-01A,-0.031837165,0.043826275,0.16421066,0.101705156,-0.042419713,0.08287162,-0.021986026,0.17058896,-0.09964,0.00776791,-0.09293773,-0.09128036,0.0035461613,0.34669545,0.18468286,-0.030790444,0.0419168,0.26301593,-0.08236266,-0.2094301,-0.012090014,0.12026191,-0.063134044,0.04376452,-0.052376226,-0.017271662,-0.35221276,0.11314622,0.05662575,-0.22660573,0.0129423365,0.026849,-0.37511814,-0.09829639,-0.08372288,-0.19072594,-0.041661195,0.1570535,-0.13024947,0.04801104,0.064735174,0.11006253,0.07576471,-0.191063,-0.16359083,-0.021582363,-0.15256378,0.13807179,0.12624083,0.13550845
TCGA-D8-A1JT-01A,-0.10505323,0.06223202,0.21455394,0.11833848,-0.035293236,0.086185984,0.03422758,0.08182454,-0.13070147,0.03274966,-0.072130546,-0.115950525,0.005489454,0.22975242,0.22387704,0.0276746,0.027666347,0.2041911,-0.0047748247,-0.17814909,0.022261545,0.095868,-0.04773223,0.18317989,-0.076730385,0.07088176,-0.46703112,0.094165504,0.032977857,-0.1273342,-0.036354106,0.15185009,-0.24285543,-0.16294324,-0.065449126,-0.20272261,-0.08463757,0.22828905,-0.054575678,-0.035167154,-0.11294515,0.09057498,0.122713,-0.08603498,-0.083499685,-0.0939616,-0.056396347,0.2019882,0.2573136,0.06981312
TCGA-EW-A1J3-01A,-0.16877286,0.028744247,0.25690493,0.07155198,-0.09039968,0.15645212,0.0826846,0.08374292,-0.13125683,-0.044787228,-0.011828827,-0.05699106,0.046820857,0.13214181,0.1732233,0.047491666,0.007978126,0.22374728,-0.011075422,-0.1903394,0.030459275,0.042562544,-0.050805233,0.028983666,0.0059274775,-0.008077994,-0.36174458,-0.09850468,-0.005402892,-0.2579782,-0.15034483,0.14535192,-0.20259136,-0.24983239,-0.10861561,-0.1344798,-0.13413025,0.12296515,-0.005386816,0.05168597,-0.025247457,0.061779246,0.11600475,-0.20592886,-0.22098368,-0.051271368,-0.048613563,0.18130392,0.2896994,0.18661432
TCGA-C8-A1HL-01A,-0.059112262,0.15751755,0.21993478,0.094348095,-0.16049676,0.09365213,-0.035855033,0.20102656,-0.0042876317,0.037810773,-0.06470623,-0.10684484,0.0695152,0.2528758,0.1726571,0.0070573785,0.06250154,0.30310935,0.07911959,-0.14424133,0.043755252,0.02771178,-0.05371188,0.07590545,-0.14994566,-0.032175217,-0.36996406,0.01598651,0.035124015,-0.20921773,0.00013310915,0.15554236,-0.36700928,-0.21054228,-0.07954716,-0.13897108,-0.106562935,0.03940689,-0.038126606,-0.021662354,-0.038049966,0.13740186,0.08763644,-0.15567984,-0.019865915,-0.06802186,0.024679188,0.13332336,0.20099711,0.15144588
TCGA-E2-A1LB-01A,-0.20593292,0.055810526,0.28624663,0.077074505,-0.09590581,0.08734111,0.015166911,0.11333229,-0.13219188,-0.07510753,-0.0053012166,-0.029170098,0.0015316225,0.20956233,0.26027292,0.027378637,0.0070880954,0.18762758,0.0033531322,-0.18437363,0.0438388,0.036603507,-0.06394838,0.070135035,-0.16787985,0.0019899826,-0.4262259,-0.0056308825,0.14312163,-0.1983342,-0.070598066,0.12161427,-0.35774073,-0.16665243,-0.08280891,-0.083950296,-0.06771597,0.02406962,-0.033726607,0.023416542,-0.0020361787,0.09997237,0.07023537,-0.19015244,-0.10731749,-0.080225326,-0.12804866,0.15565476,0.2041563,0.037784178
TCGA-AO-A0JG-01A,-0.20183423,0.03300126,0.238805,0.004559893,-0.09749512,0.1205914,-0.025050253,0.07702374,-0.07614729,-0.033023085,-0.021577189,0.040679365,-0.014144751,0.23818326,0.18907651,-0.055220164,0.19640234,0.11603432,-0.060662568,-0.21502943,-0.0047249156,0.09415189,0.038355052,0.15737587,0.016403953,0.07248185,-0.50262356,0.002948239,0.0034674432,-0.22579147,-0.113364644,0.15684022,-0.19410361,-0.14607759,-0.060287673,-0.17896469,-0.103197984,0.102488525,-0.060020193,0.049951673,-0.018881312,0.15947323,0.006172821,-0.13754448,-0.141688,0.0360604,-0.10243045,0.08852119,0.26512614,0.07363011
TCGA-A2-A4S3-01A,-0.15240073,0.030332642,0.24972841,0.111031316,-0.17831741,0.05947288,-0.050775584,-0.0139381625,-0.11650903,0.02330128,-0.03481666,0.056997273,0.14659095,0.22257252,0.27407637,-0.04901985,0.031022873,0.12654188,0.011961543,-0.17284736,0.08370459,-0.042234592,-0.12963775,0.15935737,-0.04123406,0.048435844,-0.34531608,0.023176296,0.018033275,-0.2548439,0.020181658,0.15864915,-0.3018717,-0.16268927,-0.09932755,-0.31255698,-0.097033836,0.042893104,-0.11998341,0.010094778,-0.014092783,0.053290684,0.013594136,-0.21693638,-0.052055813,-0.027564924,-0.064211085,0.13925363,0.1457828,0.1839621
TCGA-LL-A6FR-01A,-0.05496603,0.07474312,0.28144953,0.047248513,-0.20566863,-0.007826277,0.033760175,0.08027364,-0.14690423,-0.041473676,-0.07138524,-0.032701243,-0.009801081,0.24741022,0.24747874,0.0018189797,0.05359198,0.30123428,-0.006775537,-0.21097185,0.018360954,0.024415363,-0.12242981,0.10761298,0.0033390326,0.034386087,-0.33519104,-0.052574392,-0.021922952,-0.14859214,-0.008523588,0.03655246,-0.2729423,-0.11001543,-0.07839747,-0.2362547,-0.07757771,0.2021086,-0.23358722,0.06537631,-0.14704904,0.1410081,0.1442665,-0.095903404,-0.1588824,-0.08528262,-0.07400597,0.063412756,0.16246197,0.08851248
TCGA-E9-A22E-01A,-0.14337724,0.21045892,0.26236504,0.020631392,-0.18647753,0.12319348,-0.083145194,0.13608648,-0.05924225,0.04715768,-0.06458756,-0.03774207,0.070017666,0.22595629,0.24270467,-0.028937133,0.13215843,0.29597446,-0.0070918994,-0.13891448,0.010598736,0.017416036,-0.062637895,0.062300477,-0.0015997048,-0.0058426494,-0.39352158,0.029656846,0.00017504094,-0.19055703,0.06756983,0.14541349,-0.09527118,-0.12811102,-0.0563189,-0.22545584,0.00063439814,0.07722982,-0.076061845,0.0272527,0.027670693,0.16557297,0.077683665,-0.1577138,-0.15295252,-0.06274299,-0.17399526,0.14239864,0.26141855,0.12548554
TCGA-AR-A0TR-01A,-0.027087761,0.13505396,0.23449308,0.014048588,-0.12992589,0.0047320854,-0.014356281,0.15418436,-0.07029758,0.048542168,-0.043329258,-0.10502161,-0.033005614,0.26510403,0.24509192,-0.08767417,-0.03079814,0.24052174,-0.03353,-0.14514536,-0.0328152,0.12396866,0.056908667,0.1622764,-0.06602914,0.035286162,-0.32565516,-0.030881768,0.002394564,-0.1651058,-0.07516478,0.0051594744,-0.3160794,-0.3120891,-0.0734618,-0.20700285,-0.08383552,0.122900926,-0.1369445,0.05907397,0.018139578,0.16156647,0.1577272,-0.061160196,-0.19515899,-0.026883967,-0.05597401,0.12409085,0.17022672,0.14754707
TCGA-AR-A24M-01A,-0.10842288,-0.09958769,0.22005713,0.03891182,-0.048144076,0.11942209,-0.030120613,0.078772366,-0.086842716,0.064363234,-0.11256822,-0.015797371,-0.015839493,0.19692613,0.13297494,-0.15508612,0.077150844,0.17640653,-0.06876177,-0.18103224,-0.08444807,-0.010091363,-0.0942845,0.07727748,-0.034298312,0.017916063,-0.4228978,-0.07086146,0.096949555,-0.20723817,0.01434255,0.07252782,-0.29595768,-0.30108172,-0.2240177,-0.23744473,-0.0689751,0.11180267,-0.118857004,0.023856658,-0.120470114,0.08194243,0.04966144,-0.03519978,-0.10287992,-0.015181054,-0.14709444,0.15879758,0.17712982,0.16955693
TCGA-D8-A1JP-01A,-0.15253198,0.048727043,0.22875473,0.025739685,-0.11652396,0.12505,0.038885914,0.1465388,-0.19527961,0.14810088,-0.065235116,-0.024278881,-0.01274787,0.2483972,0.22919777,-0.000820597,-0.012376992,0.18515645,0.03267992,-0.18252684,-0.021918267,0.040183876,-0.025766728,0.10364152,0.027390936,0.045234088,-0.46042585,0.053172622,0.09372775,-0.21460596,-0.10829526,0.14174353,-0.2812031,-0.23921771,-0.08229685,-0.18624,-0.091579914,0.06701275,-0.032773577,0.0057261474,0.00987553,0.047494423,0.217012,-0.1478301,-0.033675414,-0.08233363,-0.021321267,0.10341343,0.121512674,0.07994263
TCGA-A1-A0SJ-01A,-0.18616877,0.0991425,0.24280158,0.0040446953,-0.11838437,0.12967834,-0.091922574,0.09674573,-0.08380349,-0.05201898,-0.118909374,-0.0128066875,0.03955139,0.3109776,0.19549839,-0.20292051,0.026285527,0.24401695,0.004478394,-0.10250946,0.047435217,0.05573347,-0.04274663,0.102668434,-0.01967333,0.014599483,-0.30258805,0.057785142,0.016885621,-0.33120197,-0.0049176104,0.062383067,-0.24133462,-0.1884539,-0.08641544,-0.10810543,-0.0969271,0.15125434,-0.15692551,0.062331468,-0.07403728,0.072232656,0.11081656,-0.2253344,-0.08516586,-0.07658298,-0.0041910745,0.16314924,0.21920696,0.11429906
TCGA-AN-A0XN-01A,-0.10687323,0.030731285,0.30381846,0.012837819,-0.112792045,0.04297697,-0.048621863,0.17695126,-0.17008518,0.0762092,-0.060277354,-0.042129852,0.013186676,0.27575547,0.18804337,0.0031014273,0.0003630253,0.22879644,0.03840507,-0.13560583,0.050660033,0.09714579,-0.09063167,0.060539305,-0.042022154,0.11106354,-0.32370827,-0.041892223,-0.013280163,-0.20575163,-0.000925073,0.076314405,-0.22596978,-0.11745664,-0.009097097,-0.28069168,-0.0140764415,0.17492834,-0.10223856,0.22757621,-0.044365115,0.05917257,0.12372219,-0.23182015,-0.1297853,-0.06201458,-0.07959089,0.2235689,0.19561446,0.059622455
TCGA-A2-A4RW-01A,-0.13927168,0.089965455,0.19973353,-0.0064934352,-0.078992195,0.09304259,0.12125698,0.097603746,-0.2340921,0.052038956,-0.033037383,-0.04277119,0.08580915,0.25328162,0.16304927,-0.08472599,-0.063249275,0.19175917,-0.0001374424,-0.2659005,0.08371267,0.07946502,-0.04748239,0.121634096,-0.050622165,0.09912841,-0.35609677,-0.054155953,0.10584173,-0.19205934,-0.026244974,0.11246913,-0.24928802,-0.18543997,-0.15795241,-0.19600013,-0.02723305,0.18292823,0.054560795,0.16930284,-0.058103625,0.013404233,0.029355487,-0.10085677,-0.19528869,-0.098754674,-0.0287818,0.10317719,0.27314508,0.08964244
TCGA-OL-A66J-01A,-0.24095657,0.041559517,0.27400956,0.057316367,-0.090972096,0.143069,0.018418018,0.071423136,-0.09632467,0.11169123,-0.053209998,-0.06695877,0.115607396,0.25593108,0.20680462,-0.025944244,-0.035635576,0.25353196,-0.005411106,-0.24807596,0.111752525,0.0055419453,-0.08727081,0.10497894,0.029137727,0.122162834,-0.36065057,0.08227393,0.033313524,-0.19876984,-0.2123441,0.0072018206,-0.20588702,-0.11839718,-0.082723565,-0.14945139,-0.080181725,0.107025154,-0.05711502,-0.085546575,-0.08000347,0.0747768,0.14745079,-0.22289012,-0.14953518,-0.04822908,-0.08017496,0.10250401,0.17725241,0.09557553
TCGA-D8-A1JF-01A,-0.057407256,0.13458335,0.20232715,0.008792509,-0.20459598,0.09957921,-0.024746252,0.14541553,-0.14846489,0.05174164,-0.059975203,-0.050985705,0.03162161,0.23290522,0.24320261,-0.039245814,0.032456398,0.27175346,0.05926902,-0.16265953,0.03046129,0.019837191,-0.12530147,0.014713964,-0.030834246,0.054699402,-0.4575761,0.001229112,-0.004622955,-0.21730703,-0.00590879,0.18782225,-0.29343235,-0.17244622,-0.09358784,-0.12026171,-0.15548688,0.14563113,0.00043013165,0.031420276,0.008066241,0.100327894,0.070044495,-0.08470701,-0.112010285,-0.041929957,-0.051349323,0.113309085,0.21180418,0.13007954
TCGA-BH-A0W5-01A,-0.045840938,0.04717612,0.31685752,0.07479378,-0.049379315,0.2604163,0.11118401,0.08716823,-0.14867756,0.010935046,-0.026386885,-0.06894356,-0.022161193,0.30405313,0.19805539,-0.093319826,0.07703633,0.13328537,-0.0731253,-0.23598003,0.011200397,-0.10152362,-0.016486656,0.06066759,-0.09668253,0.0583399,-0.384802,0.029096914,0.049005404,-0.19516756,-0.07522188,0.22442551,-0.24357067,-0.09008575,0.00082806934,-0.076069474,-0.08918471,0.16573988,-0.04814925,-0.033105142,-0.10947919,0.032263245,0.14448121,-0.09521929,-0.104685836,-0.17465469,-0.023576899,0.13517465,0.21971749,0.100044064
TCGA-E9-A1RH-01A,-0.16741449,0.12448658,0.25821042,0.020759225,-0.13124345,0.12463576,-0.012463693,0.08324596,-0.20093745,0.11292919,-0.06525144,-0.097347975,-0.04123486,0.29315305,0.104358405,-0.100239865,-0.02566316,0.25412974,-0.0071697887,-0.07864965,0.019029496,0.10267871,-0.09487049,0.15233247,-0.102504134,-0.07229722,-0.38547543,-0.0010224148,-0.018449077,-0.11805147,-0.030808344,0.096616484,-0.32704186,-0.07975892,-0.13008784,-0.17833965,-0.123405576,0.10190378,-0.07437549,0.045150414,-0.08354382,0.094160356,0.015172851,-0.1668766,-0.04394142,-0.104228556,-0.18194947,0.15458931,0.23223567,0.087905236
TCGA-3C-AALK-01A,-0.12657924,0.011272759,0.2585399,0.03846139,-0.23272018,0.0958861,0.02861029,0.07472934,-0.09378142,0.016118808,-0.098181166,-0.013476166,-0.02171322,0.22304818,0.1943425,-0.069482386,-0.02176217,0.34029183,-0.028454518,-0.15108263,-0.018365873,0.08942206,-0.07322561,0.09221818,0.044179723,0.055785265,-0.43169993,0.020693079,0.061379153,-0.12431875,-0.13524875,0.16533692,-0.26169178,-0.18159229,-0.10315647,-0.19900519,-0.07848586,0.119015574,0.041913133,0.11949375,-0.019909,0.062017415,0.06396218,-0.05601703,-0.17264728,-0.09792491,0.009313171,0.13723692,0.22893827,0.070697404
TCGA-EW-A1OZ-01A,-0.124957256,0.13901173,0.23931357,0.05183606,-0.095207684,0.09847418,0.016343601,0.21065931,-0.050837237,0.06978364,-0.08565124,-0.016497338,0.094760165,0.34065878,0.28006116,-0.06804737,-0.067011505,0.18042697,0.009567742,-0.20856245,0.050574284,0.13998571,-0.0046042586,0.052733693,0.0043633557,-0.021894284,-0.41148424,0.06646577,-0.043805674,-0.16049922,0.0036045231,0.15445605,-0.22506186,-0.19924164,-0.010917052,-0.192548,-0.025627114,0.070507884,-0.10554204,-0.058832806,-0.029981237,0.13268717,0.15726228,-0.13776016,-0.2276065,0.011327139,-0.078396894,0.090797275,0.0990569,0.032343283
TCGA-OL-A5RV-01A,-0.20715135,-0.07381549,0.30309045,0.039784513,-0.113021664,0.15565106,0.0018450983,0.12559326,-0.16663045,0.1185619,-0.03739126,-0.022677872,0.08475878,0.27713722,0.15157935,0.005233175,-0.00057924865,0.27905154,-0.024425067,-0.2925951,0.016430613,-0.016649706,-0.03844795,0.08717606,0.09576861,0.057872064,-0.36380124,-0.023393156,0.025736965,-0.24986392,-0.08288219,-0.040713828,-0.19870797,-0.18154049,0.0812862,-0.16874504,-0.07360833,0.09561308,-0.022332372,0.004691126,-0.053019438,0.028632404,0.06662159,-0.1464791,-0.10869619,-0.14119412,-0.018150784,0.13698176,0.22886142,0.092684865
TCGA-D8-A1XY-01A,-0.12529117,0.031590834,0.2518085,0.05436752,-0.092232436,0.08311635,-0.0051139756,0.09827726,-0.081676595,-0.03637447,-0.08260258,0.016013892,-0.018035237,0.29037112,0.1318694,0.047343593,0.0407535,0.21544486,-0.022822972,-0.22892477,-0.05879178,0.16118681,-0.093294404,0.09235994,-0.08967252,0.010275118,-0.34191316,0.080478474,-0.040601272,-0.2825478,-0.05658709,0.1268395,-0.33807233,-0.15512703,-0.090220466,-0.1050748,-0.12186309,0.18525688,-0.15703331,0.009400631,0.019422513,0.09067914,0.051111523,-0.14860702,-0.19483684,-0.0057405788,-0.05026202,0.0679244,0.19462138,0.21155198
TCGA-E9-A22H-01A,0.027055968,-0.012271775,0.20522627,0.14511023,-0.14314197,0.108557366,-0.017153341,0.06909739,-0.13265488,0.0018067139,-0.07989026,-0.09912079,-0.042838037,0.22681586,0.17298976,-0.064101495,-0.0069191884,0.2031826,-0.082443625,-0.30045733,0.023583429,-0.008808595,0.012670895,0.109196015,-0.072810344,0.014838839,-0.4110989,-0.12500152,0.07171894,-0.23514046,-0.10355469,0.14637113,-0.20231162,-0.105080076,-0.059938446,-0.25277314,-0.09953289,0.14099829,0.004055549,0.10047984,-0.028564854,0.10931649,-0.0029561354,-0.17125887,-0.115862496,-0.07742949,-0.13423893,0.21143398,0.21425188,0.11879877
TCGA-AO-A0JE-01A,-0.06908607,0.020320632,0.23518167,0.1523595,-0.122416444,0.11733616,-0.063186474,0.10715126,-0.16896349,0.014972678,-0.06448706,-0.0923397,-0.0033336435,0.2722366,0.19646752,-0.040104844,-0.08540559,0.23809043,0.009370934,-0.21272919,-0.01692522,-0.10173808,-0.025189431,0.06359767,0.05665101,0.03118816,-0.34274825,0.044743035,-0.022003464,-0.29545602,-0.015480826,0.16747715,-0.21844554,-0.1886677,0.002833399,-0.26675946,-0.004920362,0.1391422,-0.07023006,0.10317719,-0.20214953,0.04493061,0.1316139,-0.12795965,-0.11683655,-0.11168288,-0.1315753,0.03387393,0.19396898,0.060626592
TCGA-C8-A275-01A,-0.085271835,0.023227677,0.21899045,0.043196224,-0.16898806,0.086535364,-0.06931989,0.0839024,-0.1930496,0.07088873,-0.17144401,-0.04141503,-0.06426147,0.31983355,0.1261057,0.0024244122,0.024752349,0.21111442,-0.0636836,-0.15494727,-0.05349755,-0.0056030382,-0.12972182,0.15286386,0.025315264,0.00047310384,-0.28394914,0.032251105,-0.0034714206,-0.23706253,-0.09612134,0.025632653,-0.31487748,-0.20816344,-0.09966286,-0.29804838,-0.10396418,0.07750448,-0.014606432,-0.026899787,-0.08802328,0.11565195,0.09621055,-0.16719842,-0.05271145,-0.048176162,-0.15837266,0.14037515,0.23460972,0.10831284
TCGA-AO-A1KT-01A,-0.06620995,-0.034253698,0.22454672,0.1161047,-0.14088872,0.14993343,0.022869006,0.043804415,-0.11278941,-0.13045384,0.051981416,0.04436042,0.047498982,0.29581138,0.20255828,-0.10837817,-0.051320005,0.26258093,-0.08151063,-0.1865328,0.08785257,-0.03557924,-0.052894864,0.09785591,0.01892699,0.052112985,-0.36166033,-0.09671434,0.07811315,-0.17357706,-0.041962374,0.11869362,-0.1730257,-0.22619247,-0.048243437,-0.15048696,-0.01279198,0.20466997,-0.0042966306,-0.033664,0.022366947,0.09613717,0.076172784,-0.18824963,-0.1407589,-0.10680909,-0.050485894,0.16480847,0.2018387,0.27786085
TCGA-BH-A0AZ-01A,-0.20566931,-0.021604147,0.21304205,0.095547654,-0.14206634,0.12877122,0.018824415,0.042230226,-0.17519462,-0.053520918,-0.104467995,-0.08049068,0.020799868,0.26480517,0.14572701,-0.0052240845,-0.01670381,0.15548718,-0.019707689,-0.25151387,-0.112043954,0.05776922,-0.06034024,0.16367225,-0.087448254,0.033035867,-0.39786068,0.06071078,0.004261172,-0.21081877,-0.13574941,0.09827696,-0.26937822,-0.2592783,-0.082120866,-0.10296076,-0.11774582,0.08554226,0.0028646702,-0.006734632,-0.0966924,0.08953967,0.112620234,-0.25624618,-0.06781618,-0.02894435,-0.01899027,0.11320774,0.1608186,0.15747571
TCGA-E9-A1QZ-01A,-0.13992713,0.048261553,0.21286991,0.06588755,-0.14205939,0.0681243,-0.01445358,0.10445723,-0.09832106,0.02838283,0.0021496955,-0.015461497,-0.05666076,0.23169301,0.18393481,-0.08555836,0.09156039,0.3068088,-0.058346674,-0.13274671,0.0721628,-0.026510432,-0.042359803,0.17543666,-0.09168439,0.1395998,-0.4161125,-0.028761556,-0.12372163,-0.2215491,-0.11136049,0.10672763,-0.25069803,-0.18063828,-0.073054604,-0.061461706,-0.14122534,0.1448787,0.029358238,0.008566836,-0.0716797,0.12536697,0.08287065,-0.22426902,-0.041960355,-0.054693855,-0.11618464,0.13698845,0.23724388,0.11777888
TCGA-D8-A1JU-01A,-0.104445115,0.07814952,0.25086635,0.053449545,-0.057308838,0.15325248,-0.114399746,0.041273776,-0.08973886,0.14233117,-0.033138305,-0.014522632,0.015860587,0.10778416,0.1706831,-0.14476945,0.08075979,0.2548948,-0.109339155,-0.17279026,0.007889136,0.011937218,-0.01504914,0.062976696,0.0012314296,0.013407895,-0.30948666,0.018322758,0.06473898,-0.2596109,-0.024655748,0.12226996,-0.19212468,-0.28078914,-0.090987444,-0.21460617,-0.071744926,0.17713563,0.00038035068,0.066410296,-0.2047409,0.028909124,0.14626226,-0.13939103,-0.068329036,-0.07604416,-0.170304,0.25109845,0.2641581,0.12656099
TCGA-LL-A5YM-01A,-0.12715292,0.07862696,0.19889364,0.01952809,-0.16993615,0.090855695,0.06683604,0.06574474,-0.1739128,-0.095822655,-0.110153474,-0.014097702,0.12964486,0.29368344,0.1486519,0.028897418,-0.016697321,0.2050902,-0.03994443,-0.21541342,-0.09181392,0.0033732322,-0.14020318,0.10529042,-0.041605208,-0.050279412,-0.35550106,-0.1331677,-0.010320161,-0.24470717,-0.022164192,0.14311488,-0.24069586,-0.19373298,-0.12629282,-0.2723637,-0.08702857,0.1647084,0.004966743,0.07337438,-0.012457993,-0.03240142,0.09349384,-0.14697233,-0.14469492,-0.0872972,-0.13133472,0.07943443,0.17542785,0.12259938
TCGA-S3-A6ZG-01A,-0.12303432,0.102482155,0.14359567,0.019465322,-0.19915743,0.095199205,0.013282709,0.1732773,-0.14950371,-0.037723944,0.052473728,-0.07338877,0.067383096,0.25709796,0.22249281,-0.08916849,-0.0088952845,0.26019058,-0.037221722,-0.08030251,0.021627551,0.10926795,-0.05334525,0.042900622,-0.104209565,0.04137193,-0.37518442,0.031971436,-0.05135661,-0.16210513,-0.015023317,-0.010129238,-0.24242602,-0.3464518,0.023512082,-0.23883599,-0.05917378,0.081611186,-0.106395476,0.027131546,-0.101381674,0.15267326,0.13830462,-0.096091114,-0.15334539,-0.046617325,-0.046926778,0.18909115,0.14119944,0.18432176
TCGA-C8-A26V-01A,-0.13604854,-0.0017062064,0.28898934,0.11731353,-0.16454002,0.123633794,-0.063527174,0.023805616,-0.13111278,0.022309521,-0.13035145,-0.014200268,0.02589123,0.20340781,0.20250583,-0.04201282,0.07004738,0.20109257,0.010396018,-0.1399206,0.15051883,0.011711838,-0.034734886,0.17074706,0.016198626,0.054346368,-0.49834755,-0.015336368,-0.04393769,-0.19642647,-0.06027299,0.12521292,-0.23623373,-0.16402298,-0.10314361,-0.12718526,-0.07543976,0.13459854,-0.02707335,0.13002633,-0.0884205,0.0986656,0.1338353,-0.16351879,-0.1498898,-0.028867463,-0.082961105,0.1190098,0.15990175,0.0681729
TCGA-D8-A27P-01A,-0.10423877,-0.06929436,0.20514227,0.011047362,-0.06279808,0.06710376,-0.07879449,0.10511964,-0.10735602,-0.009920459,-0.11762627,0.029774964,-0.0006541436,0.24758208,0.18538119,0.004628977,-0.062774055,0.29793414,-0.010038773,-0.15005547,-0.066569805,0.009776283,-0.017355679,0.091687486,0.003364771,0.035475526,-0.4153989,-0.104875356,0.13897325,-0.22492567,-0.059742786,0.14957024,-0.28725895,-0.27064994,-0.037978925,-0.026288634,-0.1314265,0.13824137,-0.03595996,0.0063535627,-0.04877597,0.11920837,0.085361615,-0.14109027,-0.010786672,-0.043465775,-0.16812973,0.14183417,0.29865056,0.07859882
TCGA-A2-A0SY-01A,-0.12345642,0.041569762,0.21592219,0.09228441,-0.06649161,0.1258931,0.1094999,0.24505697,-0.106857814,-0.00065854687,-0.1022721,0.042104594,0.052365292,0.22792062,0.1545192,-0.080059744,0.037100624,0.01798998,-0.015812328,-0.19750457,-0.012477472,0.098985374,-0.114004105,0.10546713,-0.14652261,0.13423777,-0.35570836,0.029498437,-0.015890991,-0.18224238,-0.07992913,0.20325373,-0.32065597,-0.16901943,0.025531407,-0.119862705,-0.064683795,0.16737098,0.007973777,0.08366163,-0.055723242,0.0768723,0.13714053,-0.19378765,-0.20035385,-0.16048446,-0.09585531,0.12435236,0.21278448,0.13037647
TCGA-A1-A0SK-01A,-0.10066008,0.1421574,0.27848592,0.030447721,-0.1462778,0.1396775,-0.053055316,0.15491198,-0.09274272,0.08226546,-0.017855398,-0.05369292,0.08248831,0.24236496,0.18359335,0.004959375,-0.02352169,0.18393892,0.005525512,-0.17616253,-0.06248128,-0.029548356,-0.13668105,0.0901225,-0.030199839,0.06708272,-0.45060134,-0.019089295,-0.0038773734,-0.22046323,0.018920753,0.08785946,-0.29100937,-0.10497036,-0.10857994,-0.18675648,-0.10342531,0.10936002,-0.19081713,0.106091395,-0.018270088,0.18858497,0.15273495,-0.10444286,-0.07203812,0.011924499,-0.097431056,0.086204894,0.14778136,0.12704287
TCGA-AC-A2FF-01A,-0.17354645,-0.043167453,0.2537087,-0.049146436,-0.093923815,0.12590505,-0.004800344,0.07620354,-0.03899286,0.023238,-0.052948747,-0.012561575,-0.09214774,0.16803415,0.13528404,-0.022401424,-0.010908558,0.19025917,-0.06329297,-0.2011203,0.037365377,0.03870514,-0.099812195,0.070921496,-0.073148176,0.09567328,-0.4515858,-0.007299801,0.021982545,-0.19612016,-0.113939665,0.09991205,-0.3185297,-0.17499448,-0.069303565,-0.26676068,-0.10498382,0.19592927,-0.12368823,0.006264839,-0.13830814,0.070410885,0.05223477,-0.13296916,-0.024696073,-0.0351689,-0.1634542,0.118666254,0.2309778,0.13353798
TCGA-D8-A1XM-01A,-0.05540215,-0.00028933524,0.2804277,0.025865424,-0.12862122,0.13798618,0.030498805,0.10108442,-0.022178253,0.07513683,-0.11054806,-0.003798901,0.06544116,0.2563589,0.06954745,-0.08280614,-0.013158126,0.27909276,-0.0023944185,-0.20335704,0.074975245,0.06725562,0.0011968424,0.09566293,0.004082284,-0.0069740405,-0.4097879,-0.007998662,-0.052334335,-0.19301726,0.046573695,0.13628604,-0.26516998,-0.26927477,-0.03443305,-0.1921251,-0.089290224,0.15469785,0.00036700408,-0.04088774,-0.14891817,0.06260667,0.06143063,-0.13044177,-0.116748616,-0.17814095,-0.13282037,0.16864598,0.20854688,0.08356584
TCGA-B6-A0RL-01A,-0.058990337,0.09116449,0.22324826,0.16731177,-0.05415251,0.118452765,-0.025039814,0.18175654,-0.11655736,-0.026584113,-0.12198753,-0.112311706,0.083990686,0.25368118,0.18418916,-0.021018388,0.019816874,0.22808422,-0.06481193,-0.2581264,0.033324912,0.10422584,-0.16668443,0.059225127,0.021694625,0.06767642,-0.42272308,-0.10384795,-0.037121084,-0.16680904,-0.067921594,0.15532349,-0.24318668,-0.2513886,-0.053558312,-0.19637915,-0.043666992,0.08846433,1.3816611e-06,0.064510085,-0.08335693,-0.061527047,0.07128987,-0.110990815,-0.03825319,-0.059395086,-0.10572617,0.07768443,0.24465355,0.0731239
TCGA-BH-A1FE-01A,-0.12704834,0.111237116,0.32243404,0.11174496,-0.16535877,0.059754185,-0.037853636,0.16551636,-0.069235794,0.06579504,0.02185184,0.021964893,0.017743608,0.28076243,0.15775047,-0.088543355,0.021788167,0.23251677,0.042220846,-0.08179172,-0.039269347,0.073398136,-0.120044984,0.031461455,-0.14364117,0.06393143,-0.34547195,-0.037393097,0.013114481,-0.20469303,0.032313555,0.20645481,-0.3396868,-0.16747439,-0.011548679,-0.18226449,-0.10507996,0.12655799,-0.104967125,0.09256955,0.008067504,0.13077529,0.0039553894,-0.13583887,-0.1325408,-0.14940773,-0.03324803,0.07571733,0.21942522,0.05335719
TCGA-E2-A1IO-01A,-0.1392199,0.032184094,0.30986694,0.018744096,-0.16514082,0.14244798,0.08560743,-0.008632396,-0.12679353,0.022131694,-0.04042361,-0.074924335,0.05437014,0.22651108,0.29744792,0.053450257,0.07517648,0.1830571,0.013512799,-0.13910277,0.008666998,0.06633351,-0.059745226,0.12293583,-0.052709606,0.08988083,-0.3717986,-0.038955513,0.0918265,-0.30839667,-0.08429176,0.14928126,-0.22223401,-0.19345357,-0.017879488,-0.20119382,-0.09879486,0.06413827,-0.15919505,0.08635019,0.05421446,0.06826198,0.10027202,-0.0696456,-0.09017543,-0.12920251,-0.115176894,0.12752697,0.18510142,0.08967812
TCGA-GM-A2DD-01A,-0.12985459,0.02857938,0.1735676,0.02916088,-0.17005211,0.11995454,-0.051705945,0.06999401,-0.07777037,0.061164945,0.023492528,-0.08137208,0.0838312,0.27504674,0.20120808,0.01366677,0.064515255,0.098144725,-0.0068615186,-0.21968523,-0.039044432,-0.10570846,-0.06411443,0.06529838,-0.09008528,0.012670996,-0.36916527,0.024095874,-0.03431664,-0.26356158,-0.025315756,0.14931236,-0.28077608,-0.2909445,-0.11146222,-0.23173495,-0.03960089,0.08114122,-0.11964972,0.114426784,-0.03294952,0.07558106,0.03281315,-0.24953976,-0.03712227,-0.014888146,-0.03801246,0.15436943,0.23659861,0.14174065
TCGA-A2-A25D-01A,-0.18380721,-0.075207494,0.2813053,0.04800529,-0.09096788,0.008688812,-0.035992507,0.098677695,-0.10595711,-0.022739964,-0.07081322,-0.031256206,0.07606818,0.30121467,0.24628429,-0.048029445,-0.053006165,0.18204103,-0.1066982,-0.24054962,0.06887034,0.06492221,-0.022206921,0.1108858,-0.05283041,0.09371153,-0.37106866,-0.015701897,0.005648028,-0.19934112,-0.1094809,0.16563615,-0.35025203,-0.15899996,-0.05579139,-0.11308759,-0.16253532,0.061842088,-0.12320678,0.08446271,-0.01332034,0.090775564,0.080475576,-0.014798272,-0.03491262,-0.11999479,-0.0049209064,0.06463283,0.26032642,0.08809415
TCGA-D8-A1Y3-01A,-0.16373196,0.16250482,0.22943631,-0.0150710065,-0.15785418,0.14254715,-0.04656138,0.11317234,-0.018310938,0.019895531,0.06726813,-0.05797683,-0.011811249,0.24292636,0.25178277,-0.041269414,0.056863874,0.2591918,-0.010387492,-0.16870463,0.051989622,0.06612281,-0.038575772,0.039222438,-0.06358333,0.12480864,-0.3822209,-0.040547736,-0.012314774,-0.24766134,-0.034417115,0.13978216,-0.2523829,-0.15340504,0.000565468,-0.1528814,-0.12508936,0.11063609,-0.04902906,0.040437404,-0.113305464,0.040908672,0.1389285,-0.19403753,-0.09439919,-0.109064,-0.08495741,0.021734064,0.20591801,0.23935215
TCGA-A2-A0YT-01A,-0.090139344,0.14789915,0.17305742,0.006510589,-0.23777995,0.060527317,-0.056565043,0.12139888,-0.14154832,0.007393063,-0.07126005,-0.16143626,-0.021200452,0.21724142,0.33671743,-0.03924551,-0.027316708,0.18649764,0.008878742,-0.10255864,-0.03343253,0.0262328,-0.0943836,0.11339437,-0.050582178,0.080415025,-0.40914127,-0.022505857,0.005837847,-0.21378642,0.06432756,0.06326784,-0.24104683,-0.22544293,-0.007241715,-0.15371259,-0.13550292,0.1624379,-0.10434962,0.05194146,-0.054037057,0.10470715,0.21699816,-0.16718227,-0.11191253,-0.02670923,0.006475139,0.01636312,0.2040755,0.111866735
TCGA-C8-A27B-01A,-0.058545068,-0.08409197,0.19181442,-0.0148417745,-0.06500083,0.14015979,0.10625543,0.113400765,-0.07941066,0.15582907,-0.09376208,-0.05740189,-0.055896334,0.27084443,0.31972742,-3.486854e-05,-0.025896454,0.22010554,-0.069104336,-0.18671583,0.037441734,0.06515937,-0.06566007,0.043099772,-0.021363812,-0.0026381696,-0.39763415,0.04476335,0.018287389,-0.1600636,-0.008559788,0.046146654,-0.25495592,-0.22301634,-0.07200349,-0.21131107,-0.09345679,0.0942785,-0.07458374,0.08881495,-0.098604254,0.24153237,0.1292803,-0.0615075,-0.1209398,-0.10442114,-0.14248616,0.049149886,0.22663935,0.099784456
TCGA-GM-A2DI-01A,-0.16185097,0.028677806,0.2600397,0.018989075,-0.22177623,0.07202865,0.052576784,-0.007027837,-0.20180558,0.07988643,-0.037135877,0.0059777694,0.007855246,0.1867456,0.21847379,0.016381538,0.043286104,0.24474972,-0.07279395,-0.22858799,-0.032005806,0.03411256,-0.03317737,0.11946058,0.049750384,0.0232033,-0.38584507,0.028283322,0.012413273,-0.26035058,-0.07798469,0.18231255,-0.29351512,-0.22693655,-0.13734369,-0.17069504,-0.16843294,0.11671385,-0.08165593,0.0994415,-0.03652866,0.08192006,0.009355903,-0.085270904,-0.11633082,-0.08537613,-0.054043878,0.0862951,0.15752077,0.062597476
TCGA-E9-A1RC-01A,-0.19435506,0.11665852,0.34626573,0.18097514,-0.1396032,0.12759018,-0.11296043,0.072716795,-0.11264108,-0.025809372,-0.038286,-0.007327276,-0.062742226,0.27745795,0.11178068,-0.07544305,0.008634554,0.18547383,-0.011387995,-0.08131335,-0.049754668,0.13139036,-0.10904055,0.08674566,-0.03465324,0.008046406,-0.46732047,0.017036714,-0.04172313,-0.082371496,-0.0079813395,0.13579012,-0.18345287,-0.20473567,-0.13366498,-0.23984449,-0.14873612,0.06964827,-0.08919696,0.10060749,0.029205728,0.1366512,0.07466008,-0.05566275,-0.089682,0.027112985,-0.07121977,0.091946535,0.21943891,0.07845169
TCGA-D8-A1XA-01A,-0.15155599,-0.013573529,0.22174308,0.025978437,-0.09193602,0.1527165,-0.008898194,0.07347088,-0.14450946,0.11371636,-0.13811527,-0.16254126,0.09654212,0.21438718,0.13572147,-0.102600515,0.019414151,0.18803404,-0.15514624,-0.17579836,-0.15110002,-0.008438933,-0.039759908,0.033721663,-0.016470416,0.14541428,-0.38247314,0.034038793,0.07865712,-0.17460711,-0.10437609,0.18014668,-0.22669123,-0.21828108,-0.054301895,-0.16038942,-0.16363135,0.13430473,-0.11300843,-0.013125227,-0.017218465,0.07402367,0.06279571,-0.23127328,-0.03143107,-0.032418076,-0.03516215,0.11799416,0.28423765,0.11974047
TCGA-EW-A1PH-01A,-0.16278301,0.15511078,0.220881,0.104230694,-0.10613077,0.09557668,0.0747708,0.11918267,-0.09265374,0.059326634,-0.07371725,-0.04318352,0.028125975,0.2305263,0.2542478,0.011160181,0.060124792,0.23770551,-0.012301893,-0.1559443,-0.002481741,0.08146275,-0.06724309,0.10220256,-0.11674614,0.07625727,-0.31798145,-0.008263685,0.014401971,-0.25120842,-0.037024915,0.2159351,-0.29109317,-0.17298754,0.016756117,-0.2668024,-0.12821767,0.051823728,-0.10212124,0.1070191,-0.022380251,0.19109201,-0.032671787,-0.18709658,-0.094078965,-0.07602301,-0.044708174,0.092948824,0.13505173,0.17212963
TCGA-BH-A0H3-01A,-0.01924213,-0.12952822,0.3028029,0.10570394,-0.078952774,-0.102093235,0.034109227,0.16838096,-0.079603344,-0.03979849,0.011361231,-0.06117081,0.0056686522,0.27988586,0.16931653,-0.08989458,0.105364375,0.20469457,-0.08665641,-0.25075993,-0.027730487,0.031320635,-0.17290929,0.19867116,-0.10191141,0.09620943,-0.35160604,-0.027767302,0.011715949,-0.28305426,-0.11815807,0.13839972,-0.259188,-0.18729453,-0.059001118,-0.08026168,-0.1476841,0.14558508,-0.0035735427,0.057988092,-0.040201586,0.033241075,0.031170888,-0.087579444,-0.037193023,-0.04405435,-0.017746016,0.1805527,0.18789186,0.11627481
TCGA-OL-A66I-01A,-0.11476834,0.07709464,0.2697122,0.067543745,-0.16599686,0.081796154,0.015008958,0.12625782,-0.16683066,0.023786224,-0.0959295,-0.14588057,-0.0059713507,0.25710335,0.22201493,-0.07711166,0.14234099,0.22231494,-0.004130169,-0.12024134,-0.08280653,0.13649976,-0.15541855,0.040840313,-0.069869235,0.0139213875,-0.34191537,0.015287409,0.12032357,-0.1424559,-0.046936937,0.08506181,-0.25532287,-0.19449751,-0.04020559,-0.2736364,-0.08271873,0.13846625,-0.17209326,0.028036792,-0.108830184,0.045908906,0.09160519,-0.1540613,-0.09652116,-0.04989517,-0.07223514,0.07283362,0.16623291,0.19759111
TCGA-E2-A15I-01A,-0.057034694,-0.068479635,0.19427258,0.112071514,-0.13349085,-0.0077576754,0.002646417,0.13118657,-0.08571369,0.021100657,-0.03310819,-0.008110812,0.035572927,0.2698553,0.25366452,-0.03775758,-0.008643343,0.19901052,-0.1286353,-0.17446688,0.03186819,0.10282044,-0.147741,0.024049785,0.018800236,0.09427087,-0.42922157,-0.070797734,0.11144516,-0.23114485,-0.13281833,0.16296749,-0.308557,-0.19808687,-0.080028914,-0.26938355,-0.007932214,0.12026093,0.010395635,0.090693265,-0.0069179456,0.07777471,0.050117858,-0.11041936,-0.098472156,-0.08723799,-0.052447714,0.113565385,0.19147658,0.04427004
TCGA-AR-A5QP-01A,-0.15315135,-0.0010619794,0.20113486,0.103771955,-0.13561495,0.09145569,0.010129723,0.07464628,-0.0773893,-0.05756074,-0.099610776,0.05624387,0.051946744,0.17702082,0.09609349,-0.09083734,0.0913668,0.35364154,-0.06739187,-0.26612332,-0.0155298505,-0.0025773738,-0.03865368,0.06827145,-0.036699798,-0.03249284,-0.43393093,0.06971494,-0.01925507,-0.12793884,-0.038167838,0.17047141,-0.32006326,-0.171943,-0.0043508727,-0.15529886,-0.0830647,0.12779726,-0.11083224,0.03724005,-0.014587452,0.13933405,0.13256827,-0.14750543,-0.12360326,-0.05475142,-0.064031966,0.17988569,0.22676186,0.053207412
TCGA-AR-A0TZ-01A,-0.2128392,0.0922924,0.2981243,0.061007358,-0.09867117,0.16183771,0.0064659445,0.14068742,-0.20205973,-0.012927693,-0.11569777,-0.0075001116,0.04495919,0.26505542,0.21961421,0.0063967067,0.025542075,0.23143798,-0.051443703,-0.23664048,0.0049171797,-0.01535882,-0.050783426,0.05245578,-0.039693404,0.004159494,-0.357703,-0.0071508284,0.011736472,-0.26511395,-0.06816016,0.16961122,-0.28194347,-0.23208319,-0.03878702,-0.14871621,-0.06516082,0.20414943,-0.061378304,-0.026038453,-0.078234814,0.108309105,0.038538747,-0.05395781,-0.06545563,-0.011726306,-0.07324541,0.079838075,0.15155406,0.04721318
TCGA-EW-A2FW-01A,-0.19050242,0.015466946,0.22960716,0.11281733,-0.07942659,0.19367066,-0.008157683,0.044011835,-0.09676945,0.04642439,-0.14109421,0.02271815,0.021036685,0.22202495,0.22445591,-0.07175032,0.033065904,0.27184358,0.043091416,-0.28845435,-0.03499118,0.067975834,0.010013752,0.07982862,-0.064643756,-0.009259462,-0.42964232,-0.014555746,-0.04319734,-0.23320238,-0.08348991,0.116770394,-0.3036578,-0.15031776,-0.082304195,-0.10865853,-0.12325733,0.09101484,-0.03204315,0.02910253,-0.09032689,0.12572742,0.16560622,-0.018077718,0.005799338,0.03343175,-0.035509463,0.07716459,0.20292483,0.12921919
TCGA-BH-A1FM-01A,-0.17959656,0.008229747,0.2546435,0.108731285,-0.17149386,0.20416582,0.018869095,0.1010524,-0.19218458,0.08795189,0.04835055,-0.075658046,-0.018925268,0.27589718,0.19757059,-0.04226625,0.009790239,0.2198747,-0.060256682,-0.11170155,-0.015084378,0.08972319,-0.069050185,0.051149458,-0.094685726,-0.048956882,-0.35952303,0.03513517,0.0011786846,-0.22512226,-0.05500433,0.101511985,-0.26692685,-0.14506194,-0.08746132,-0.25425565,-0.08715053,0.09330146,0.03671946,0.0021997509,-0.004975572,0.13439053,0.018135624,-0.19867119,-0.23361476,0.01110433,-0.040720005,0.05040203,0.21994744,0.07643876
TCGA-LD-A7W6-01A,-0.12117603,0.16922961,0.23762965,0.08006587,-0.024509074,0.10302017,0.085289024,0.13958767,-0.26770285,0.030946711,-0.06237866,-0.036037095,-0.032826964,0.21725766,0.093138106,-0.10762632,0.035081595,0.1876647,-0.08503295,-0.13806152,0.06175415,0.023622973,0.006811096,0.10577858,-0.06559887,0.13312119,-0.43604028,0.06769638,0.018895049,-0.22903718,-0.12478111,0.12934841,-0.12988833,-0.21619025,0.05660757,-0.18457906,-0.060796507,0.11971201,0.035209544,-0.015682824,-0.114674725,0.1455608,0.094728775,-0.2067057,-0.033851184,-0.12140078,-0.16993959,0.1627663,0.22712085,0.00020411838
TCGA-C8-A1HE-01A,-0.11118324,-0.060344856,0.28839552,0.14747493,-0.058801744,0.15121652,-0.014240216,-0.06598579,-0.079851896,0.011304743,0.03819073,-0.027299322,-0.03132801,0.33022583,0.20690857,0.049300235,0.10523441,0.27244005,0.010541338,-0.14389259,0.024786567,0.07702989,-0.08511561,0.073363684,-0.0031722116,0.08099402,-0.37702975,0.074226476,0.012412963,-0.23981354,-0.027076233,0.2257127,-0.19953358,-0.23381597,-0.09284266,-0.1513887,-0.002821137,0.13491663,0.0069591855,0.043374386,-0.08583657,0.048902776,0.10808462,-0.13297772,-0.035551466,-0.123127654,-0.09612248,0.17888182,0.22621398,0.03505402
TCGA-E9-A1R0-01A,-0.1647824,0.03332571,0.26386383,0.03982424,-0.14563654,0.052108213,0.0162893,0.11942275,-0.059129693,-0.02071008,-0.0689429,0.021040227,0.053591892,0.23589966,0.122996844,-0.09465877,0.108272746,0.21160251,-0.13074386,-0.2720404,-0.04330306,-0.037999988,-0.04217719,0.036316548,0.017982868,-0.000107416425,-0.40193012,0.02037749,0.14163668,-0.14386888,-0.10160337,0.19166875,-0.31175178,-0.09485926,-0.05239175,-0.08473387,-0.0041994993,0.18880612,-0.06500459,0.095325954,-0.07156271,0.09467246,0.09253778,-0.12459114,-0.1103142,-0.16720308,-0.033774428,0.17213891,0.21942955,0.20955606
TCGA-E2-A1LH-01A,-0.12931935,0.09135414,0.3259216,0.038375396,-0.12661561,0.11893242,-0.078517556,-0.0057291216,-0.12106719,0.07064031,-0.071159065,-0.07971832,-0.00064306805,0.3369898,0.1531564,-0.0017595537,0.11697851,0.19685644,-0.060785595,-0.20189226,0.08529467,0.076826304,-0.07392344,0.05827232,-0.03621012,0.07173155,-0.3234896,-0.119285546,-0.042569146,-0.1252988,0.05335605,0.09615086,-0.2995325,-0.12858592,-0.082849614,-0.17044885,-0.11771843,0.062086247,-0.07698349,-0.012583994,-0.06894872,0.11705275,0.070929244,-0.17088749,-0.21414357,-0.07314124,-0.08187674,0.16937041,0.25302166,0.14011432
TCGA-A2-A0YM-01A,-0.1219329,0.12252225,0.19089444,0.062199127,-0.102964744,0.13349429,0.038790934,0.12467096,-0.21855709,0.011717764,-0.047917306,-0.03369774,0.031158365,0.29940885,0.16134802,-0.023947118,0.056323513,0.28339586,-0.044431835,-0.12409016,0.10470606,0.023896065,-0.02458726,0.07335588,-0.016769104,0.034699082,-0.46880364,0.08385565,-0.003208226,-0.14934392,0.1011171,0.055166624,-0.28533465,-0.113058805,-0.08454444,-0.2099032,-0.18203366,0.06835197,-0.057311304,0.05257158,0.0030528049,0.13621587,0.10554995,-0.22552906,-0.066690385,-0.15985765,-0.00092625496,0.040511634,0.10245206,0.14682436
TCGA-EW-A1P4-01A,-0.14697455,0.10159917,0.2647277,0.08702927,-0.10895788,0.16739076,0.00031953037,0.038082823,-0.14066607,-0.0020664758,-0.027777825,-0.1262723,-0.0015234647,0.34144208,0.21875668,-0.04097999,-0.05551563,0.24431264,-0.040194105,-0.15550555,0.10539328,0.053686377,-0.09216766,0.0855687,-0.061352946,0.09962143,-0.31442058,-0.040398866,0.013075037,-0.15192035,-0.020233022,0.11536383,-0.3118931,-0.15395035,-0.16915028,-0.25020355,-0.15443532,0.062782176,-0.039065998,0.08668089,-0.070648655,0.08661767,0.059640575,-0.12086469,-0.12640078,-0.045694686,-0.12721565,0.16690077,0.10380468,0.1560944
TCGA-AC-A8OS-01A,-0.08310099,-0.101687245,0.25683898,0.11901246,-0.121571094,0.0817985,0.03245177,0.086416855,-0.11478127,0.014409794,-0.0048269345,0.009087941,-0.010142995,0.15114757,0.29333946,-0.09413041,0.028815286,0.17394641,-0.10092941,-0.13137855,-0.0049735378,0.039608102,-0.05331028,0.07505621,-0.065916136,0.05684609,-0.49738526,0.058058582,0.074342124,-0.16664998,-0.1692743,0.16907813,-0.22233857,-0.16126253,-0.11651394,-0.16721174,-0.12278781,0.044713005,-0.1651872,-0.025688205,-0.04754442,0.0754749,0.13682379,-0.050814103,-0.16039395,-0.0021215533,-0.10231404,0.09638858,0.271789,0.11483444
TCGA-B6-A0RT-01A,-0.08697645,0.096293904,0.22416338,0.022524454,-0.1196422,0.08145165,0.067537725,0.101926796,-0.17907503,-0.079447605,-0.026720675,-0.07076132,0.09132517,0.27508,0.14421362,-0.011757821,0.015935523,0.21063057,-0.13389884,-0.23384432,0.048990864,0.013066979,-0.15233152,0.20375194,-0.0068789944,-0.018852176,-0.33967173,0.019270293,0.0057845963,-0.21018177,-0.06868938,0.033006668,-0.25833893,-0.19119228,-0.17975773,-0.2054593,-0.08952748,0.16096446,-0.043140728,0.058760937,-0.0011633065,0.12495904,0.026179364,-0.053181406,-0.10007146,-0.12797365,-0.089807525,0.18974236,0.29689965,0.044426512
TCGA-E9-A1R3-01A,-0.0660393,0.057910968,0.26258153,0.06653996,-0.043883722,0.05181072,0.090421095,0.16089453,-0.13128258,0.029734436,-0.08362728,-0.06529025,0.008295365,0.36531198,0.15517387,-0.034823947,0.034011655,0.25249922,-0.03641487,-0.1565959,-0.003676587,0.017047161,-0.036823068,0.08456029,0.012351856,0.019050153,-0.3620764,-0.002199525,0.048330463,-0.19406204,-0.008615774,0.16317211,-0.3085062,-0.24704498,-0.012862633,-0.17735815,-0.1068411,0.12340287,-0.11391748,0.04106232,-0.061578896,0.13724104,0.038547363,-0.104014106,-0.25170437,0.02587833,0.04282507,0.11683483,0.15248866,0.16532105
TCGA-D8-A1XO-01A,-0.20304283,-0.0094731925,0.26608658,0.06343293,-0.13471329,0.08159055,-0.040709086,0.01606165,-0.12630789,0.09152035,-0.082693964,-0.059089176,-0.027788224,0.27397248,0.2453271,-0.0050991527,0.020250764,0.19307975,-0.021280413,-0.21471365,-0.0005359876,-0.0092718005,-0.08732434,0.12740812,-0.03352549,0.061622154,-0.3147628,0.05923178,0.018717399,-0.17059603,-0.09771201,-0.012418845,-0.23314022,-0.2696396,0.0073803063,-0.22919132,-0.1794352,0.14189924,-0.10502281,0.088306464,0.03157072,0.06532167,0.020792345,-0.16901052,-0.122019716,-0.03520045,-0.16209926,0.09618516,0.27852887,0.13147882
TCGA-EW-A1PE-01A,-0.15396439,-0.042765807,0.27997124,-0.06020037,-0.020826234,0.124136716,0.05749378,0.057011742,-0.054831583,0.017909119,-0.11447561,-0.049469158,0.065339044,0.2043233,0.122921035,-0.1438342,-0.0029844919,0.2573393,-0.0030526924,-0.17533222,-0.10650121,0.03327535,-0.13865292,0.10925579,-0.048560422,0.06981991,-0.4804774,0.17066073,-0.020628568,-0.16471012,-0.011039476,0.13975711,-0.24163848,-0.15761428,-0.09445579,-0.21610743,-0.008970023,0.109020084,0.0017535393,-0.0029246123,-0.057011455,0.13528268,0.09815728,-0.0860101,-0.07117174,-0.06537504,-0.1307917,0.10442365,0.2217365,0.19598493
TCGA-A7-A4SE-01A,-0.06935306,0.07594379,0.27503368,0.0062807025,-0.072584644,0.05159022,-0.029702159,0.10315721,-0.08940363,-0.0242802,-0.052339938,-0.0147888465,-0.053352922,0.32023582,0.20491529,-0.039083317,-0.03835786,0.30645448,0.03735641,-0.16925071,0.012188804,0.0005676518,-0.07386483,0.16898878,-0.011558219,-0.0048627383,-0.3864745,-0.01241287,0.12173191,-0.23922373,-0.029532947,0.103606775,-0.23909833,-0.16413307,-0.049822833,-0.19981033,-0.0805121,0.12110149,-0.10927121,0.10106629,-0.076266386,0.17907995,0.077937044,-0.10353794,-0.04582918,-0.14839816,0.0351772,0.111041546,0.2224519,0.17100295
TCGA-AR-A24K-01A,-0.18333417,0.015026119,0.23546039,0.1542592,-0.08842284,0.170549,-0.017215395,0.18956156,-0.1527967,0.11080702,-0.052358642,0.06628577,0.09844549,0.24095376,0.21370749,-0.05941608,-0.06069372,0.2613879,0.011590566,-0.08053186,0.02265945,0.08616581,-0.044794895,0.08531164,-0.038277004,-0.05458724,-0.38752046,0.05779585,0.037159614,-0.15274163,0.0059879227,0.10883501,-0.28689364,-0.23287505,-0.10227399,-0.18297333,-0.13771112,0.16357988,-0.13374741,0.035243057,-0.017049247,0.18677466,0.017004963,-0.119541965,-0.15076277,-0.03837976,0.024698516,0.02100409,0.17858815,0.10698544
TCGA-AR-A0TP-01A,-0.18900494,0.052819192,0.27388993,0.053889923,-0.08652862,0.03278891,-0.05467508,0.07159074,-0.045829363,-0.045028083,-0.04466468,-0.08960669,0.056152374,0.32197744,0.22893009,0.04277821,-0.03625311,0.28153008,-0.03719655,-0.20337626,-0.03575486,0.101709016,-0.053353064,0.08522148,-0.11988338,0.057019297,-0.36660868,0.013281112,0.054099597,-0.22646894,-0.069802076,0.07939908,-0.14020109,-0.24943916,-0.061264787,-0.26992726,-0.10468186,0.06405521,0.02827805,0.16341352,-0.06392847,0.06492704,0.04568957,-0.12948553,-0.11846672,-0.09360938,-0.019352041,0.17447954,0.1654433,0.14083526
TCGA-A1-A0SH-01A,-0.09353843,0.035902835,0.24652818,0.041811712,-0.080189206,0.0907123,0.051880505,0.023438139,-0.20162676,-0.046291098,-0.1259869,-0.037068345,0.043321922,0.25107148,0.19326188,-0.0125645455,0.017844338,0.22022232,-0.10280689,-0.09354863,0.01492652,-0.043830015,-0.028006377,0.0968008,-0.08896519,0.013218875,-0.4234763,0.04573043,0.026943775,-0.17152876,-0.09390515,0.05630927,-0.28700933,-0.26256183,-0.03410407,-0.24084948,-0.030252831,0.1857681,-0.050320677,0.06920101,-0.090346895,-0.023228932,0.18591197,-0.13188119,-0.17921896,-0.08170735,-0.0946074,0.1356867,0.23192331,0.033953022
TCGA-PL-A8LZ-01A,-0.10063098,0.05796681,0.16416484,-0.010936118,-0.14957911,0.19355878,0.07007287,0.050081972,-0.1453266,0.06784256,-0.05399071,-0.070039935,0.06471056,0.37859362,0.24362127,0.08091992,0.033593416,0.2446162,-0.06708201,-0.10300012,0.02519563,0.065777406,-0.0980492,0.078208126,0.03782645,-0.0015316786,-0.4220571,0.033921126,0.06259089,-0.20723417,-0.029374467,0.13307166,-0.27458856,-0.08390657,-0.060900316,-0.15171726,-0.14019921,0.12550963,-0.021501523,0.050982464,-0.10497557,0.08257179,0.11830886,-0.15253422,-0.106366284,-0.0969749,-0.0073895883,0.10249999,0.2613067,0.0029609932
TCGA-A2-A0T4-01A,-0.11631541,0.08524345,0.28401673,0.040184032,-0.10708975,0.13286348,-0.057967033,-0.0139289,-0.054328684,-0.09707198,-0.044615105,-0.061978284,0.14979017,0.34020913,0.27871177,-0.09544908,-0.03253887,0.1412643,-0.035325613,-0.2539697,0.09086453,-0.042164043,-0.04180194,0.08971075,-0.07534246,0.117226884,-0.28332746,-0.020530324,-0.0637658,-0.17483518,-0.08783883,0.1795369,-0.19915225,-0.27278802,-0.02540589,-0.16257915,-0.07783393,0.08933732,-0.051369656,-0.025385264,-0.077860385,-0.0054799803,0.039292764,-0.17706475,-0.20848101,0.046157096,-0.13471924,0.12664124,0.19992007,0.15023181
TCGA-A7-A6VW-01A,-0.09684513,0.01958878,0.24357182,0.14406374,-0.1783084,0.07603809,-0.023462668,0.0469191,-0.07050908,0.06369355,-0.0036076186,-0.021071905,0.1912231,0.2626178,0.17085004,-0.023192786,0.044509295,0.26574424,-0.04243486,-0.23450407,0.0215035,-0.028502302,-0.0612842,0.17257197,-0.14276123,0.1590973,-0.31764904,-0.033725567,-0.061161306,-0.29555622,-0.12400266,0.089420944,-0.30281043,-0.12042872,-0.04432138,-0.2371273,-0.014134519,0.20239876,-0.07344852,0.049130086,-0.038235955,0.09322684,0.029485103,-0.09040973,-0.11059921,-0.08034855,-0.13354303,0.07624247,0.15057676,0.03328848
TCGA-LL-A8F5-01A,-0.1450514,0.11675494,0.3065612,0.059646796,-0.053963333,0.15896082,-0.0007216101,0.09159126,-0.12002131,0.13991979,0.0067358445,-0.047536366,-0.016201174,0.2004123,0.28388798,0.05587755,0.03551392,0.30153775,0.015746385,-0.0846487,0.05732056,0.0416017,-0.005317848,0.10838167,0.011229681,-0.007189177,-0.45850006,-0.044695098,0.011789416,-0.19835874,-0.069757506,0.063619286,-0.27511528,-0.14173155,-0.093092486,-0.14320934,0.009589981,0.12601809,-0.07080941,0.07658719,-0.029767733,0.14584881,0.12149199,-0.2077196,-0.07866529,-0.033092085,-0.0887919,0.042567275,0.17058277,0.12512617
TCGA-AR-A2LO-01A,-0.10755539,0.0147233745,0.31197685,-0.036275953,-0.03499504,0.17431533,0.04486332,0.025058538,-0.14335904,-0.0006757377,-0.06712763,-0.05889667,0.022169348,0.23310292,0.15691665,-0.016332958,-0.022529395,0.18381925,0.05308117,-0.22506818,-0.01865202,0.052324504,-0.09452189,0.055510584,-0.105876125,-0.026874032,-0.36007667,0.0102106165,-0.012292972,-0.21921243,-0.081960656,0.2188744,-0.15504593,-0.18439747,-0.17091401,-0.13828984,-0.015904458,0.09174366,-0.16831638,0.07806472,-0.05409412,0.05496617,-0.07536061,-0.1628416,-0.1503128,-0.095416024,-0.09325123,0.25214654,0.29089653,0.15320799
TCGA-A2-A0T0-01A,-0.12799597,0.10044329,0.20838946,0.060098905,-0.105038315,0.14412561,0.030069774,0.03574326,-0.14094475,0.026700962,-0.11226487,-0.09316588,0.053383626,0.30481106,0.23352697,0.052993976,0.14311485,0.12570743,-0.0758823,-0.22443944,0.020998597,0.07472234,-0.13652378,0.16945966,-0.08260588,-0.017059263,-0.43470553,0.065739304,-0.034645673,-0.2143998,-0.0052790637,0.15295123,-0.16389607,-0.18582708,-0.07223886,-0.13607737,-0.11745899,0.15383051,-0.04456697,-0.04603972,-0.03689641,0.1262824,-0.0029512912,-0.02980788,-0.053346127,-0.1579986,-0.15669376,0.118379176,0.22825223,0.1318048
TCGA-BH-A0H6-01A,-0.11722084,0.066992566,0.20629632,0.0028029906,-0.036873914,0.040119126,0.0048235795,0.11146672,-0.094206676,0.0068609547,0.016138239,-0.06962368,0.06526393,0.3326693,0.092850335,-0.059555672,0.024841556,0.33545327,0.07072338,-0.13449468,-0.03161715,0.08037719,-0.019239474,0.050273713,0.026688667,0.0029371665,-0.38018632,0.040449645,-0.0628495,-0.27289215,-0.10208813,0.11215949,-0.28735337,-0.27921295,-0.02539401,-0.13258666,-0.07884987,0.10587125,-0.0866672,-0.021317901,0.06586497,0.1463237,0.07834338,-0.19495651,0.00013692521,-0.09412417,-0.075437464,0.20430699,0.22479111,0.08295736
TCGA-AN-A0XU-01A,-0.06920853,0.08516043,0.24459942,0.047123734,-0.059765954,0.10284379,-0.0041484954,0.123175375,-0.1495512,0.0057432386,-0.062392846,0.0120595,0.008208892,0.29628822,0.2442221,0.024146738,0.07034715,0.27662027,0.14244376,-0.12188606,-0.049444977,0.12254398,-0.096652865,0.12559758,-0.11106842,0.0488818,-0.32253763,0.14016402,-0.122751944,-0.26305246,-0.05459002,0.07877035,-0.2540133,-0.16972835,-0.038250737,-0.14962505,-0.14955974,0.025383402,-0.10164004,0.11288917,-0.033513233,0.1002023,0.13052773,-0.14363833,-0.118363634,-0.07768916,-0.099401996,0.10755409,0.105956756,0.25726503
TCGA-OL-A5RY-01A,-0.05869135,0.061926726,0.26607364,0.05233883,-0.03841308,0.09488073,0.009309067,-0.059864186,-0.052385572,-0.026071586,-0.068923935,0.007446166,-0.03382062,0.30558124,0.19526565,0.051306583,0.055387564,0.19633198,-0.07481926,-0.22688596,0.0011515821,0.0052266247,-0.058336586,0.12589185,0.015148112,0.020710621,-0.3625933,-0.09675072,0.050868213,-0.21149643,-0.031261306,0.05757876,-0.39477426,-0.2454051,-0.020265687,-0.067252055,-0.055053696,0.043577414,-0.10849025,0.042189445,-0.10327367,0.1557761,-0.032605555,-0.020995202,-0.043409113,-0.1463099,-0.14778061,0.054967843,0.33883253,0.10756739
TCGA-AC-A62Y-01A,-0.1711335,0.03873444,0.26178798,0.06277209,-0.038218852,0.16864638,-0.052677535,0.09580075,-0.098086976,0.113999106,-0.08608004,0.033972178,0.103423946,0.23790641,0.15404232,0.026780924,-0.00084820605,0.2758623,-0.041618142,-0.12359448,0.00043798218,0.0057971724,-0.17186281,0.057317283,-0.034150723,0.05889367,-0.3129229,-0.0008666311,-0.057388976,-0.2824848,-0.020062776,0.09513282,-0.26280457,-0.15778564,-0.082675695,-0.33892995,-0.08162386,0.114181004,-0.16087544,0.1261583,-0.016021559,0.12213299,0.14218217,-0.045169797,-0.057718266,0.04328113,-0.10985319,-0.007972645,0.25990686,0.1068299
TCGA-D8-A1JC-01A,-0.15603419,-0.043747824,0.32496035,0.039215118,-0.13529478,0.12737326,0.048207726,0.010679645,-0.12729225,-0.023264902,-0.06645405,-0.04940255,-0.06534216,0.20230414,0.15374142,-0.06957252,-0.026092838,0.2002523,-0.013897289,-0.114183836,-0.022628644,0.076902494,-0.114460655,0.11054543,0.0043767816,0.058151737,-0.32268298,0.0033692466,-0.14691952,-0.20849128,-0.06642427,0.13075279,-0.33093905,-0.2219127,-0.04532126,-0.15935475,-0.12034625,0.18018602,-0.06519385,0.12296636,0.012948292,0.1447305,0.14040235,-0.16261703,-0.07948409,-0.11116732,-0.15928279,0.17330001,0.20364554,0.13093348
TCGA-EW-A1IW-01A,-0.15217155,-0.04705495,0.21000813,0.07125187,-0.03530458,0.14273174,-0.013457969,0.11336981,-0.08667015,0.104531035,-0.111540124,-0.04225243,0.061988138,0.25655422,0.10904123,0.018769654,0.0071507655,0.24894804,-0.08656561,-0.300579,0.03712957,0.015428473,-0.08486989,0.11667178,-0.0018904087,0.05610575,-0.34195057,-0.0690796,-0.00014751224,-0.26382688,-0.014069626,0.048911978,-0.18646519,-0.14428069,-0.12633225,-0.27444604,-0.15502499,0.0750454,-0.051460348,-0.015371176,-0.031303413,0.11584427,0.09439098,-0.17497675,-0.060013562,-0.14767091,-0.06771201,0.25260344,0.22455165,0.13896656
TCGA-A2-A4S1-01A,-0.12163882,0.12647316,0.21755284,0.03155178,-0.1719068,0.09252364,0.007117615,0.06375859,-0.0934194,-0.017019061,-0.05282229,-0.0807043,-0.016720206,0.264624,0.19132024,-0.009596933,-0.016310962,0.21584308,-0.057471093,-0.16496387,-0.00043527634,0.07480725,-0.09722871,0.07066287,-0.10951988,0.005937892,-0.35169572,0.006226454,-0.0076424037,-0.32709554,-0.10201839,0.05825459,-0.26296258,-0.13012014,-0.11938205,-0.3422894,-0.07289288,0.073472165,-0.09740232,0.044663038,-0.02016378,0.16257767,0.11962314,-0.2024102,-0.13769864,-0.10238122,-0.06760544,0.041200805,0.16388617,0.12221188
TCGA-AR-A254-01A,-0.11187321,0.081469536,0.23731999,0.05809698,-0.2553943,0.09723468,0.013479616,0.19030826,-0.06079006,0.039764993,-0.057846785,-0.12943606,0.0070825843,0.30310163,0.19909862,-0.046512436,-0.013742003,0.20565292,-0.027961297,-0.14382577,0.024265382,0.07130951,-0.21597598,0.035848584,-0.057771266,-0.032348316,-0.33968648,0.0017003322,0.079228126,-0.19100492,-0.0083333235,0.19371302,-0.19963495,-0.2773282,-0.056672525,-0.13018706,-0.09112936,0.101088114,-0.1213739,0.082702115,-0.04615851,0.12082149,0.20006609,-0.12415946,-0.11524659,-0.034801576,-0.073233105,0.09299947,0.20610929,0.11450559
TCGA-BH-A8FY-01A,-0.16252448,0.044560418,0.3117946,0.049702827,-0.101847,0.10185929,0.060035966,0.16232806,-0.1655742,0.06470786,-0.07255534,-0.014043239,-0.08362209,0.21359292,0.14584932,0.04899809,-0.0030703233,0.19484562,-0.036315184,-0.22881214,0.14523545,0.013328761,-0.13632806,0.066594556,-0.0389948,0.13329442,-0.42659247,-0.0005628294,-0.06562376,-0.2217825,0.08424753,0.16775425,-0.23088379,-0.22870953,-0.0175356,-0.15499248,-0.14690936,0.19461259,-0.070258856,-0.051973037,-0.05011136,0.0001049994,0.06652529,-0.15039015,-0.045885876,0.021008726,-0.03904477,0.15435836,0.16066648,0.0401678
TCGA-EW-A1PA-01A,-0.20962435,-0.004147819,0.27598062,0.046427518,-0.15174443,0.0844652,-0.040320624,0.11751623,-0.076021284,0.05142533,-0.051770248,-0.08294426,0.08595482,0.24322231,0.15131515,-0.045140762,-0.014616605,0.22346814,0.05393166,-0.33534294,0.07851709,0.08713089,-0.08887651,0.20653711,0.008045946,0.14624846,-0.34371626,0.028168458,0.012684705,-0.0733447,-0.07733502,0.18191457,-0.20627512,-0.10358568,-0.03414031,-0.17949454,-0.08526764,0.16108404,-0.085213915,-0.028581219,0.025458526,0.019274587,0.18493813,-0.19007121,-0.018627817,-0.10695209,-0.09477917,0.069714226,0.26208553,0.119176954
TCGA-B6-A40C-01A,-0.1519013,-0.10980264,0.22439682,-0.016960897,-0.18295133,0.13261665,-0.048220742,0.0755009,-0.00016109698,-0.0039191754,-0.08246569,-0.04896743,0.08797718,0.20424478,0.25204223,-0.13704948,0.007015919,0.24179718,0.0012554808,-0.26206085,0.077168204,-0.006847875,-0.12234244,0.06377747,-0.055318248,-0.03602651,-0.40680322,-0.10660306,-0.018807713,-0.2630564,0.059017364,0.10955072,-0.29837927,-0.17940047,-0.09243842,-0.08720328,-0.06701293,0.032688513,-0.025863787,0.17005907,-0.0014492,0.04190117,0.04975143,-0.06747877,-0.04586787,-0.032957233,-0.033298835,0.13791782,0.28484988,0.09965138
TCGA-E2-A1LK-01A,-0.09594464,0.07065837,0.26107252,-0.0022545515,-0.11844134,0.07100407,-0.0026750024,0.089800894,-0.13003372,0.03638577,-0.081303835,-0.14688031,-0.015388898,0.39366332,0.23934852,-0.065557376,-0.05133369,0.30209142,-0.06692593,-0.10883873,0.032657064,0.009727267,-0.05850149,-0.019460186,-0.10598039,0.02496506,-0.32619438,-0.047336508,0.03562671,-0.27169487,0.039211735,0.112646535,-0.2501904,-0.1444889,-0.0824099,-0.22692716,-0.19085285,0.096491754,-0.14553015,0.01861254,0.01256036,0.12970677,0.11204153,-0.08644862,-0.06340698,-0.10714381,0.038250566,0.067832075,0.17686449,0.0584643
TCGA-B6-A0RM-01A,-0.2214288,0.0519528,0.19223268,0.027788395,-0.10273291,0.06204734,0.07211692,0.12812093,-0.1563249,-0.04586778,-0.065560624,-0.07661335,-0.008265948,0.24096581,0.11845948,-0.094015226,-0.043503202,0.2606767,0.03987542,-0.15035214,0.034907945,0.0460855,-0.113784164,0.11864423,-0.041223954,0.05818607,-0.4077231,-0.0062157414,0.069593295,-0.15103962,-0.08505879,0.14766318,-0.22983521,-0.2741942,-0.041076582,-0.21856914,-0.07902645,0.14945957,0.12095463,0.016029088,0.034439277,0.21133457,0.056583695,-0.03874433,-0.13360813,-0.17700996,-0.13394217,0.17126055,0.16595149,0.09415608
TCGA-BH-A1FU-01A,-0.016037446,0.048239697,0.28554228,0.011425577,-0.0843465,0.09869434,-0.020469438,0.108761095,-0.13098599,0.021934638,-0.15858038,-0.04935877,0.15422122,0.32841504,0.0844001,-0.01985557,0.051810753,0.20338424,-0.06241045,-0.17194493,0.028424215,0.055267774,-0.0485597,0.06729952,-0.035010144,0.01296095,-0.3835806,-0.070612065,-0.0012020284,-0.18694073,-0.08528868,0.13504824,-0.3006016,-0.08793728,-0.09493313,-0.26886326,-0.22626436,0.11565048,-0.06840157,0.052060436,-0.066008344,0.13914816,0.061773118,-0.091873296,-0.16433938,-0.05145021,-0.08160722,0.03602499,0.2204175,0.16281253
TCGA-AR-A1AI-01A,-0.21343222,0.09783906,0.30375686,0.07726156,-0.060581103,0.088667706,-0.03706431,0.12709107,-0.1240381,0.06399082,-0.0026023248,-0.12080787,-0.0417265,0.32499567,0.20493688,-0.0082955565,0.1056609,0.2643774,-0.0521473,-0.072962604,0.089198746,0.08255134,-0.15044315,0.10825325,-0.042576358,0.0882104,-0.31651586,0.08994256,0.003136596,-0.06349146,-0.07747541,0.17463693,-0.26416215,-0.13759606,-0.048387386,-0.22845013,-0.09680611,0.18884975,-0.13412581,0.0962248,-0.07633698,0.13653535,0.055463467,-0.094843924,-0.068836756,0.013655245,-0.08150002,0.0838503,0.17229074,0.19256271
TCGA-LL-A5YL-01A,-0.121850654,0.025901323,0.25875983,0.0985178,-0.15482302,0.052381903,-0.023567026,0.07104827,-0.05996706,-0.018792482,-0.05414785,0.050041944,0.008396607,0.18725902,0.16995682,0.050160155,-0.08481902,0.21978723,-0.02869585,-0.14255807,0.05921817,0.017571118,0.0030276733,0.16142458,-0.038807325,0.09098531,-0.4759266,-0.011816445,0.06999144,-0.29707342,0.024110572,0.15193017,-0.34091553,-0.20563377,-0.09671684,-0.1760932,-0.07502785,0.10435821,-0.016820744,-0.04384889,-0.027488377,0.1259349,0.114267334,-0.03401922,-0.0912555,-0.079263344,-0.12685995,0.18988447,0.14987418,0.046420828
TCGA-A8-A075-01A,-0.018661162,0.045605734,0.27256283,0.034058463,-0.16838408,0.13141172,0.014019449,0.14514379,-0.1506719,0.094171815,-0.10425168,-0.100146,0.11790705,0.29294202,0.26586735,0.037606288,-0.03333535,0.24825461,0.01741229,-0.07850637,-0.06665212,0.11351228,-0.12747753,0.022805203,-0.019498423,-0.0690512,-0.32308754,0.005379005,-0.07924404,-0.24384062,0.00048765654,0.16332576,-0.29478532,-0.15214048,-0.114718795,-0.2555383,-0.034639187,0.12872323,-0.11038815,-0.023162544,-0.14368781,0.05955207,0.083818756,-0.16654119,-0.015229295,-0.022796176,-0.047185518,0.057863686,0.1528263,0.13429613
TCGA-EW-A1IX-01A,-0.22142169,-0.06368912,0.30759686,0.04073624,-0.1030875,0.10725275,-0.05253446,0.054305587,-0.09752843,0.011893243,0.023434985,-0.006899476,0.061244186,0.2330973,0.1728076,0.00045586753,-0.0043226695,0.2359991,-0.023790944,-0.21907437,0.05908598,0.06892613,0.004210096,-0.028182765,-0.07338678,0.039014153,-0.41308925,0.08387653,0.0043388885,-0.2345161,-0.0855303,0.13140613,-0.2571141,-0.17417136,-0.08111203,-0.17885117,-0.12390326,0.05055296,-0.056068275,-0.057524394,-0.08349179,0.05749099,0.17153548,-0.17702246,-0.1518276,-0.1358827,-0.017801147,0.120340414,0.2384635,0.059188288
TCGA-EW-A6SD-01A,-0.023169123,0.1821507,0.22905698,0.10295181,-0.17677708,0.16487387,-0.023989093,0.19523339,-0.070812695,0.026945883,-0.0435495,-0.104166225,0.067101315,0.34569436,0.19739918,-0.076988585,0.010198161,0.15118952,-0.124607444,-0.118522875,0.09399714,0.10130988,-0.0927715,0.061935753,-0.05565675,0.014744215,-0.36279404,0.02920261,-0.03879292,-0.27025944,-0.029286508,0.112708256,-0.24778268,-0.1837713,-0.062348742,-0.13825105,-0.11461662,0.11460098,-0.0105164545,-0.011366043,-0.0981289,0.14275567,0.13649662,-0.13324234,-0.15338333,-0.035629924,-0.07720148,0.17314565,0.19586359,-0.023710571
TCGA-OK-A5Q2-01A,-0.12323605,-0.016933318,0.22706366,0.05361293,-0.038945075,0.095452845,-0.021813,0.050896235,-0.080223784,0.061462685,-0.057810742,0.058972314,-0.057632033,0.20491989,0.23326916,-0.047980778,0.04677499,0.24304011,-0.04466842,-0.31806532,-0.07670619,0.09504458,-0.059290428,0.12754282,-0.089954115,0.08178423,-0.36964333,-0.05784782,-0.07036158,-0.23824246,-0.08260809,0.19708401,-0.19348082,-0.2437731,0.005766929,-0.17754535,-0.010962154,0.18347888,-0.031633995,-0.0075261802,0.0040703733,0.07959826,0.06179034,-0.084905505,-0.13000485,-0.14845672,-0.114579424,0.050689276,0.29959148,0.105113484
TCGA-D8-A1X9-01A,-0.11295724,-0.0022128008,0.21918088,0.076818615,-0.10091338,0.15691134,-0.045544975,0.10415946,-0.13705462,0.019809084,0.01082495,-0.102828994,0.05734314,0.29041213,0.13342738,-0.106138766,0.009586447,0.23277622,-0.011692141,-0.231537,-0.07610189,0.035529505,-0.06516317,0.057419162,-0.029053604,-0.020190813,-0.38099128,-0.015018069,0.037648164,-0.1441424,-0.025752336,0.23943,-0.23280318,-0.29530734,-0.13955228,-0.1942753,-0.12851301,0.15311879,-0.024543652,-0.010701571,-0.092450954,0.07772783,0.0016925941,-0.18083395,-0.12258701,-0.08744163,-0.15815794,0.07105032,0.22107676,0.03694319
TCGA-E9-A22B-01A,-0.049871814,0.14924997,0.2735115,0.041202832,-0.17733455,0.10541509,0.003088282,0.25123984,-0.15451059,-0.022364927,-0.019828731,-0.07968717,-0.009207841,0.2509478,0.21729289,-0.034471862,0.02556993,0.26908952,-0.036276754,-0.10503383,0.03895966,0.08585066,-0.0030328683,0.036966477,-0.09714999,0.040480956,-0.33415225,-0.015533871,0.027383214,-0.21112175,-0.03814617,0.057275627,-0.2867181,-0.17804381,-0.1632903,-0.20104487,-0.02484812,0.06663228,-0.07105547,0.05406207,0.009822626,0.19874205,0.06448073,-0.10634351,-0.09359717,-0.051448658,-0.08457467,0.16004139,0.24412785,0.16999522
TCGA-LL-A9Q3-01A,-0.16773815,0.13890633,0.27930355,0.061143935,-0.15371613,0.119405046,-0.002144969,0.1529835,-0.11095882,-0.10211692,-0.011163028,-0.07789809,-0.03944996,0.32061756,0.11316734,-0.008505479,0.03914176,0.26423642,0.026894994,-0.06354697,0.03704234,0.06782474,-0.0908882,0.093020566,-0.061431464,0.0043970984,-0.35455695,0.080079585,-0.0268826,-0.2151005,0.039424814,0.08095805,-0.27971005,-0.17713249,-0.07393546,-0.20783238,-0.04029186,0.04713296,-0.14509077,0.06362789,-0.02163899,0.11752761,0.17024273,-0.11040127,-0.113174856,0.04247345,-0.03589425,0.16344073,0.22429812,0.19429514
TCGA-D8-A1XQ-01A,-0.079724304,0.1773357,0.24826401,0.080090664,-0.17945424,0.07963559,0.03061873,0.09542266,-0.055594288,0.07803385,-0.11709251,-0.11044956,0.009865608,0.33252516,0.20237136,-0.115751415,0.00024902998,0.08805721,0.123419,-0.10681727,0.029874627,0.03236811,-0.03536624,0.089690425,-0.04390278,-0.010884307,-0.3834751,0.0071481583,0.060666814,-0.2692624,-0.03330185,0.1009549,-0.23777144,-0.19092782,-0.19710173,-0.18960088,-0.08460091,0.20511861,-0.07744972,-0.008523803,-0.011692573,0.19770256,0.088467635,-0.15836604,-0.026327012,-0.12551637,-0.043076742,0.07609137,0.14109801,0.15479177
TCGA-A2-A0CT-01A,-0.037833534,0.13555019,0.26689363,0.06690642,-0.18088976,0.08607765,0.009125283,0.17390727,-0.10950767,0.09046479,-0.15029834,-0.020760534,-0.018865436,0.23966561,0.13285457,-0.04098747,-0.008691029,0.24760006,-0.040653203,-0.1159643,-0.04614045,0.14887418,-0.12778388,0.012571921,-0.044641547,0.11994869,-0.34530643,0.008881239,-0.0018778351,-0.21358073,-0.029122345,0.11175891,-0.32221073,-0.13173595,-0.09382539,-0.25103557,-0.037554108,0.2066771,-0.09632664,0.034305904,-0.11409203,0.075741835,0.14789686,-0.14479472,-0.100033894,-0.10488653,-0.11911781,0.1192051,0.17840934,0.10669519
TCGA-E9-A248-01A,-0.113402,0.11927362,0.23181881,-0.011698484,-0.118326776,0.07691204,0.022316953,0.14303729,-0.043654244,-0.037118953,-0.022536093,0.0013524926,0.008683891,0.30973297,0.21155295,-0.110573985,0.04314065,0.28587842,-0.016262136,-0.22883788,-0.0026629819,0.16412106,-0.063132435,0.06945525,-0.027246622,-0.008057453,-0.33129767,0.043927196,-0.043652106,-0.2641028,0.043380667,0.1282202,-0.28386983,-0.17923571,-0.08601013,-0.21109436,-0.03504146,0.16521956,0.015255775,-0.018050771,-0.06654939,0.0843466,0.13363142,-0.2214873,-0.15992571,-0.039176457,-0.13601533,0.13737811,0.08560767,0.053980403
TCGA-BH-A0BT-01A,-0.08016773,0.064119555,0.22553764,0.12726034,-0.07959735,0.1535326,-0.063411586,0.16555765,-0.101002425,0.026829323,-0.026609614,-0.029782932,0.02009521,0.3308598,0.21275026,0.020005228,0.05364238,0.20563069,-0.025091073,-0.11534385,0.03491626,0.11688177,-0.1004098,0.2007522,-0.086047605,0.06959602,-0.29113504,-0.003239244,0.025035884,-0.25864664,0.00026657336,0.08290343,-0.26480392,-0.22879897,-0.08405536,-0.18191868,0.02510542,0.20807713,-0.1033446,0.08617958,0.05412917,0.11472822,0.17664011,-0.09529416,-0.088331684,-0.10034001,-0.06173409,0.08116136,0.28046268,0.096270375
TCGA-BH-A0HI-01A,-0.13832554,0.049146947,0.22604832,0.11168249,-0.15970731,0.038631137,0.07624187,0.16881558,-0.07315606,0.05686018,-0.018092392,-0.040872943,0.11769986,0.25320098,0.20787041,0.0014109694,0.05165742,0.18676765,-0.032292884,-0.26096842,0.031121656,0.11887842,-0.00065768854,0.17264937,0.0059520556,0.13704889,-0.3603105,0.0068280203,0.03783616,-0.25459167,-0.09569835,0.1443972,-0.20449193,-0.2431286,-0.04246248,-0.20419738,-0.06609009,0.084902085,-0.03238472,0.040814895,-0.065302044,0.0664335,0.094001286,-0.17836569,-0.04008482,-0.021566205,-0.10082394,0.14366253,0.2567761,0.13564968
TCGA-D8-A1XU-01A,-0.057290796,0.019971628,0.23371755,-0.06764453,-0.20540857,0.022298122,-0.010743673,-0.019096589,-0.10592977,0.032537237,-0.034833744,0.01047812,0.035348136,0.28802603,0.11803373,-0.041703127,-0.004087379,0.34309065,-0.171177,-0.2441835,-0.011200699,0.03828698,-0.05960158,0.021076296,-0.034007102,0.023533067,-0.41529116,0.042434752,0.07811371,-0.18593279,-0.10572995,0.06547427,-0.24667566,-0.20664716,-0.1204011,-0.22374675,-0.07552198,0.12972455,-0.058180515,-0.015198879,0.003799193,0.11394801,0.114691,-0.106072284,-0.009069902,-0.1447198,-0.14609326,0.17597954,0.12619793,0.123208925
TCGA-EW-A1P7-01A,-0.09205884,0.038585924,0.37901422,-0.010606847,-0.2025297,0.039979935,0.0047744876,0.052820288,-0.07910547,-0.047144953,-0.04208329,0.06999686,0.032909308,0.21179514,0.1991421,-0.13048746,0.09238277,0.24519855,0.02538213,-0.091315016,-0.011052526,-0.0283702,-0.08793123,0.019068038,0.05478286,0.17777003,-0.44163936,-0.0898602,0.0029313776,-0.21949726,-0.064268455,0.10580114,-0.26923737,-0.19331206,-0.061033398,-0.066046774,-0.032421086,0.20470478,-0.04647233,0.035364583,-0.09790974,0.13751072,0.03180758,-0.17260848,-0.04991686,-0.16404758,-0.14644296,0.03261817,0.123869054,0.06558303
TCGA-E9-A295-01A,-0.14972687,0.10897823,0.24579717,0.14007714,-0.13301499,0.17774853,0.0092156585,0.15203352,-0.13291253,0.0017558053,-0.119137906,-0.067079306,0.031010365,0.29942858,0.09742154,-0.047362663,-0.03632905,0.13903947,-0.04477108,-0.13556011,-0.044444665,0.10220247,-0.06975133,0.045116052,-0.120940894,0.040240113,-0.3646856,-0.030587954,0.022349665,-0.22496718,0.014687796,0.08870846,-0.17632683,-0.11525222,0.013308372,-0.22425036,-0.014384798,0.03291757,-0.13453539,0.09143379,-0.031650003,0.17097318,0.11927378,-0.2153892,-0.14474064,-0.091601565,-0.020703828,0.29305905,0.2544602,0.104375355
TCGA-E9-A54Y-01A,-0.17705482,0.040387593,0.19567385,-0.004244753,-0.091002375,0.13673678,0.10401278,0.10863505,-0.15731706,0.06448375,-0.028386235,0.07562511,0.07472436,0.390212,0.20303695,-0.02742284,-0.08122059,0.2514269,0.026124548,-0.20720725,0.07979264,0.045133453,-0.00720806,0.1131392,-0.1058614,0.043887362,-0.42173538,0.02557401,-0.0063729896,-0.25376105,0.03066619,0.102077074,-0.20099255,-0.07697152,-0.045213338,-0.1966725,-0.00991982,0.06806536,-0.008238316,0.04878554,-0.13101842,0.07105194,0.070748314,-0.066102356,-0.06793813,-0.06148222,-0.18889964,0.053254217,0.25333706,0.06942744
TCGA-LL-A73Y-01A,-0.11931201,0.09718555,0.32061958,0.11193961,-0.08643234,0.0023349624,0.06892853,0.0950187,-0.010916829,0.026669096,-0.13301307,-0.04001121,-0.018051513,0.29068598,0.18516025,-0.116177514,-0.00646407,0.2561097,-0.060651295,-0.20170064,-0.056894988,0.036267225,-0.13914348,0.09383693,0.017913856,-0.09567343,-0.34068415,-0.009059946,-0.016521225,-0.2246881,0.013053623,0.0520511,-0.24018212,-0.23584598,0.044687837,-0.17841494,-0.08309602,0.14820696,-0.16040243,-0.026094444,-0.021326538,0.0912014,0.07873448,-0.09363484,-0.10846833,-0.13346888,-0.10675907,0.16839074,0.22924167,0.13034655
TCGA-E9-A227-01A,-0.14568624,-0.006315684,0.26654726,-0.0066940016,-0.074781016,0.016253706,-0.12680736,0.05719444,-0.21269193,-0.031508632,-0.06452432,0.018528666,0.0044995034,0.26879725,0.19793001,-0.010497377,-0.03892705,0.26166683,-0.07680177,-0.21388917,-0.016278876,0.1315024,-0.029102243,0.07525123,-0.049992707,0.011613454,-0.35766637,-0.03315059,0.093210965,-0.11632906,-0.084379636,0.18968709,-0.275673,-0.28361002,-0.14971873,-0.20618978,-0.06617213,0.108857,0.051438138,-0.063867815,-0.041611653,0.03212996,0.16417904,-0.13023406,-0.113217324,-0.1683627,-0.049871154,0.12664671,0.09373064,0.13412915
TCGA-A1-A0SB-01A,-0.22450328,0.0807601,0.18667161,0.09632142,-0.09954094,0.16504723,0.015243399,0.18545255,-0.13259421,-0.058141183,-0.11292792,-0.11956824,0.031351224,0.2645016,0.08730699,-0.010638333,0.009701778,0.19095382,-0.0898167,-0.28697163,0.06686771,0.16848236,-0.068571456,0.07198236,-0.0861521,0.028199416,-0.44918808,-0.017510036,0.054767195,-0.21072328,-0.08184037,0.122630015,-0.17045279,-0.13402982,-0.1027206,-0.17600496,-0.094352074,0.13745992,-0.03268548,0.087880574,-0.035989203,0.044539217,0.046852272,-0.14144823,-0.06526514,-0.16553038,-0.0862911,0.041826587,0.22307242,0.10050239
TCGA-AC-A3YI-01A,-0.15650421,0.031953655,0.22486906,-0.017411051,-0.20207265,0.116322756,0.06167422,0.064382724,-0.12463008,-0.037928615,-0.04441153,-0.0011041272,0.039203066,0.30155203,0.06872296,-0.01637636,0.045950267,0.34059358,-0.041180152,-0.22003669,0.022684883,-0.03320914,-0.17845924,0.13832028,-0.016990239,0.055047713,-0.4202938,0.026711835,-0.027830994,-0.24057484,-0.14827697,0.11040956,-0.17571661,-0.18527226,-0.05086934,-0.165456,-0.043358713,0.064649135,-0.12015857,0.04734285,-0.053348593,0.027667934,0.017006766,-0.20930178,-0.053046845,-0.08208842,-0.03897955,0.13920316,0.23245852,0.021594146
TCGA-LL-A5YN-01A,-0.13692632,0.058482327,0.2336092,0.044426028,-0.15279084,0.103781775,0.029107263,0.07167275,-0.1661511,0.009454219,0.06263872,-0.08305908,0.021769518,0.2966305,0.27487618,-0.027688837,0.038188342,0.28290832,-0.020194773,-0.25377613,0.05021322,-0.065055,-0.1347108,0.11004519,-0.09634629,0.057698403,-0.31628996,-0.05033535,-0.0035367594,-0.16922413,-0.0844001,0.15498844,-0.21159412,-0.09573333,0.011897623,-0.18777178,-0.07481024,0.19349882,-0.010042069,0.051576145,-0.08097903,0.10816354,0.010618494,-0.1979208,-0.104444236,-0.028065575,-0.030087296,0.19141476,0.18681875,0.20679308
TCGA-AO-A1KS-01A,-0.19768395,0.061966743,0.18551365,0.025139203,-0.09948561,0.08972125,-0.10652214,0.19924228,-0.09497361,0.10484536,-0.03674179,-0.016127674,-0.005406902,0.33619204,0.1332197,0.02294517,-0.13687582,0.23307706,-0.08739394,-0.2174286,0.04289821,0.115054764,-0.061728537,0.059450176,0.010887278,0.028853528,-0.28905913,0.0054700174,-0.09573098,-0.20815378,0.049115196,0.11255682,-0.25878036,-0.2050673,-0.12377659,-0.23684557,-0.14539483,0.17178875,-0.028937532,-0.02471706,-0.09922545,0.1355655,0.15237021,-0.14426646,-0.016951354,-0.0070511126,-0.09449225,0.104818255,0.17056604,0.20845024
TCGA-A2-A0T7-01A,-0.116238534,0.021012709,0.23490821,0.036446355,-0.074739724,0.19337274,0.060538594,0.13155013,-0.06394045,-0.034221444,-0.020956894,-0.04592215,0.004120397,0.22937973,0.26952952,-0.0549466,0.07224247,0.1989098,0.012678692,-0.16138275,0.06439101,0.06648821,-0.016805165,0.14934859,-0.11448078,0.10295842,-0.36330777,-0.05658574,-0.07859331,-0.2523175,-0.124803215,0.056600507,-0.23165524,-0.32402834,-0.070310034,-0.13621688,-0.09515335,0.02931672,0.03449175,-0.016101582,-0.06525723,0.091260225,0.026023904,-0.22162801,-0.04289859,-0.15466632,-0.007262725,0.09720159,0.2546038,0.1543663
TCGA-BH-A0GZ-01A,-0.17310843,0.0018018882,0.24075258,0.10813033,-0.098178044,0.1283592,-0.034201823,0.15811834,-0.15600708,-0.096378796,-0.109968774,-0.03772936,0.05700456,0.22451471,0.21864496,0.08981308,-0.05305872,0.1750462,-0.038602103,-0.20434046,-0.015166881,0.006058293,-0.09663456,0.14659987,-0.08242426,0.1350615,-0.36140952,-0.063254245,0.018639931,-0.14984544,-0.059584428,0.18915068,-0.15728939,-0.17836267,-0.095875055,-0.19613016,-0.08648497,0.20100893,-0.06702707,0.09941699,-0.13803123,0.14760047,0.16932847,-0.16420475,-0.057242293,-0.022748675,-0.08402591,0.18054204,0.2280819,0.05847468
TCGA-AC-A2BK-01A,-0.01884026,0.15421134,0.22763027,0.012596562,-0.099980384,0.0745123,-0.028938333,0.03504467,-0.086207405,0.037751928,-0.083778344,-0.038877826,0.092503436,0.34482083,0.21692772,-0.029670982,-0.058607846,0.27925676,-0.02686862,-0.11524321,-0.040791925,0.06845986,-0.17989007,0.102932476,-0.08119721,0.008363121,-0.34749368,0.025572795,0.013505951,-0.24841791,-0.027712483,0.14853723,-0.30437854,-0.1464509,-0.08222866,-0.19830185,-0.09813856,0.12971002,-0.11136856,0.06353678,-0.05065441,0.16066657,0.03661196,-0.14258368,-0.16556844,-0.08914984,-0.09981999,0.15545107,0.14890033,0.10575427
TCGA-B6-A0WT-01A,-0.19835117,-0.046686795,0.30121732,-0.013042391,-0.11617394,0.12904109,-0.0013302331,0.11311805,-0.108224265,0.012529116,-0.13801447,-0.09198736,0.15256044,0.16625492,0.17124607,-0.055012524,-0.026120564,0.2573086,-0.0146574695,-0.20159724,-0.029017987,0.08877558,-0.12105681,0.069453,-0.115957476,0.06641816,-0.38092276,-0.055519048,-0.09498267,-0.25846827,-0.09361951,0.18427847,-0.1469951,-0.20813148,-0.016327092,-0.19968584,-0.043438897,0.05795686,-0.120387204,0.12513867,-0.09560894,0.07009495,0.08876026,-0.19024853,0.004596509,-0.065699056,-0.12935221,0.1334487,0.17024685,0.12242419
TCGA-A7-A26I-01A,-0.20167144,0.19298635,0.2206244,0.007855017,-0.15445086,0.0052305185,-0.01164257,0.106261194,-0.12671573,0.08102145,-0.08983472,-0.03944441,0.031109868,0.31403545,0.22888403,-0.16839473,-0.037897658,0.21898553,0.039795186,-0.1753258,0.033658374,0.022583352,-0.07268813,0.081703424,-0.035890836,0.06263887,-0.34961408,-0.035114642,0.05326937,-0.13907415,-0.093814455,0.10205366,-0.274204,-0.19275242,-0.056525383,-0.21246213,-0.105557896,0.1413587,-0.11960198,0.033492096,-0.02889822,0.14374964,0.04569382,-0.16723585,-0.08166887,-0.086041525,-0.1324044,0.12272882,0.22141236,0.07484964
TCGA-A2-A1FW-01A,-0.028390314,0.16806956,0.27585462,-0.004826273,-0.20123161,0.041592363,0.043689486,0.0950825,-0.066548035,0.04727851,-0.07099795,-0.054298118,0.03295072,0.30984348,0.15495078,-0.09077198,-0.067963794,0.25150073,-0.061613057,-0.1378675,-0.018563908,0.106960125,-0.08088122,0.08048309,-0.0027995817,0.076706536,-0.38517305,7.3676805e-05,-0.05037631,-0.19034646,-0.03717623,0.07717001,-0.25958622,-0.30315325,-0.0946337,-0.26822263,0.0038692486,0.10808577,-0.12719272,-0.008631678,0.022011034,0.09315608,0.11978798,-0.041675348,-0.09157086,0.0071664955,-0.08678583,0.07967535,0.17441462,0.1889583
TCGA-A2-A25C-01A,-0.17157109,0.008147826,0.12651081,0.062604785,-0.12085811,0.10055319,-0.037638083,0.08722517,-0.10655739,0.025548054,-0.095080115,-0.06123605,0.09837848,0.2569478,0.16023657,-0.04119077,-0.069336034,0.13484214,-0.008133719,-0.2050294,-0.030385466,0.036967926,-0.12676808,0.13141322,0.009904038,0.10513803,-0.3927449,0.025791433,-0.10621126,-0.22055857,-0.04500827,0.20552446,-0.36339897,-0.19038847,-0.018008852,-0.25998154,-0.049269497,0.16894296,-0.0902143,-0.051669493,-0.0071164267,0.057667524,0.042510606,-0.15871134,-0.11261564,-0.012911688,-0.116264865,0.17971946,0.20966457,0.08355931
TCGA-OL-A5RU-01A,-0.17556787,0.10680604,0.32392195,0.048979174,-0.11070077,0.124590494,0.0005516821,0.065272965,-0.20478669,-0.006739997,-0.0042389897,-0.040737085,0.05481778,0.17530593,0.19315594,0.045940515,-0.005503387,0.27649817,0.01727013,-0.2718209,0.04739215,-0.023295494,-0.010153066,0.15615149,-0.010725692,0.0064264834,-0.3589457,-0.028874226,0.12747274,-0.21196988,-0.1525164,0.25738707,-0.16909179,-0.1640349,0.039341193,-0.10161657,-0.13461787,0.076795526,0.03927329,0.06911282,-0.024330372,0.1356466,0.035796393,-0.08238187,-0.145381,-0.0036878488,-0.025698045,0.22946122,0.20330444,0.05058002
TCGA-E2-A570-01A,-0.10901332,-0.028959071,0.23188514,0.18530712,-0.23865971,0.05934501,0.05218215,0.025435034,-0.10721922,0.078529246,-0.1581976,0.040798973,0.07545405,0.2665616,0.20262598,0.059522636,-0.03502076,0.18118125,0.009373689,-0.10533165,-0.011295067,0.03372114,-0.06547015,0.06449331,-0.1083221,0.06487142,-0.38282335,-0.068701416,0.07444378,-0.17271103,-0.087856025,0.12226456,-0.2034559,-0.23198104,-0.039406583,-0.17894305,-0.038334638,0.21786384,0.03076878,-0.009442277,-0.1119954,0.07614586,0.1076725,-0.18177035,-0.16987517,-0.12411041,-0.0803484,0.1633371,0.19650958,0.1779757
TCGA-D8-A1Y1-01A,-0.09049811,0.057576228,0.2021351,0.12002832,-0.12346526,0.08819018,0.009467667,0.1347542,-0.08800458,-0.027534911,-0.14312671,-0.059496593,0.07634053,0.28865638,0.15425324,-0.047628563,0.033568155,0.25665048,-0.0074369344,-0.17461096,0.06399691,0.03483846,-0.057221122,0.09019763,-0.01461128,0.04646067,-0.36470464,-0.025949083,-0.025635637,-0.19555311,-0.19923356,0.09473345,-0.26632717,-0.21643822,-0.05389932,-0.15390079,-0.10437204,0.29024407,-0.11510168,0.037186917,-0.06600743,0.20873411,0.038738504,-0.0845567,-0.09876234,-0.0125352405,-0.061798774,0.037066452,0.2672043,0.09552647
TCGA-5L-AAT0-01A,-0.016997678,-0.06797999,0.28146553,0.061945394,-0.17444472,0.01824435,-0.04644929,0.14176795,-0.07404768,0.014009663,-0.17254189,-0.09888545,-0.00033870264,0.22285908,0.19952482,-0.015628807,-0.028947784,0.22963077,-0.16710599,-0.249148,0.0048770336,-0.071340926,-0.04402737,0.020503055,0.03565547,0.069621086,-0.39209667,0.010071484,-0.02882789,-0.2569455,0.04096668,0.15434532,-0.24979061,-0.14500798,-0.07701783,-0.15165515,-0.123523556,0.1735329,-0.051471252,0.0005144039,-0.14822145,0.0868726,0.10029821,-0.16252847,-0.09195008,-0.06867455,-0.049163178,0.20438036,0.19188127,0.012839121
TCGA-LL-A740-01A,-0.18694867,0.012710474,0.25718313,0.111238286,-0.05522939,0.11200309,0.102209404,0.12213213,-0.22409265,0.015595057,-0.02443204,0.032156188,-0.0020069878,0.22958605,0.17567897,0.022329537,0.04843467,0.20225583,-0.0100629525,-0.2164576,-0.014627235,-0.02350869,-0.15095088,0.10673605,-0.012404487,0.043069955,-0.36027536,-0.053306095,0.022746896,-0.21689099,-0.04165011,0.15978631,-0.21893921,-0.19778489,-0.023317428,-0.15007436,-0.11917205,0.20301794,-0.10185425,0.08081807,-0.051364798,0.15507719,0.13267873,-0.17394702,-0.11822209,-0.1343966,-0.0625287,0.112385266,0.24571672,0.09311516
TCGA-EW-A1P8-01A,-0.0721131,0.074649684,0.26787648,0.03662469,-0.1746557,0.14753726,-0.08224252,0.0029765696,-0.15296935,0.03370364,-0.15407418,-0.10275505,0.04800313,0.21839565,0.22602116,-0.07362693,0.083078995,0.15645461,-0.09832559,-0.20970371,0.035621487,0.050382312,-0.10032837,0.10327934,-0.055389613,0.114259556,-0.41342035,0.030304505,0.08121886,-0.18498008,-0.026203442,0.20482102,-0.25336045,-0.23120491,0.019430678,-0.16939199,-0.029535698,0.02530997,-0.06265099,0.117120564,-0.073548496,0.15767983,0.120953634,-0.107040964,-0.07013521,-0.11475698,-0.18739074,0.10857731,0.13016681,0.08123864
TCGA-EW-A2FS-01A,-0.052681398,-0.0112382155,0.19486815,0.0855231,-0.13374896,0.15805589,0.03806491,0.19997922,-0.08603513,-0.017757405,-0.089356475,-0.0922189,0.1400755,0.23809972,0.16095762,0.049807236,0.1170477,0.21383865,-0.09233374,-0.21638055,0.0237033,-0.036680885,-0.009582219,0.037695218,-0.009852554,0.015787244,-0.45827815,-0.12888932,0.0034484994,-0.20448974,-0.09922628,0.08531201,-0.20881419,-0.17094739,-0.013996748,-0.21104604,-0.076858185,0.19491751,-0.107099615,0.01982006,-0.08773912,0.035369072,0.10739847,-0.13998668,-0.118373565,-0.08167078,-0.13155024,0.11682896,0.23007008,0.12843208
TCGA-OL-A66P-01A,-0.11397875,0.08911477,0.2188659,0.060856704,-0.20475045,0.06754988,0.037075747,0.13736954,-0.116209686,-0.025928803,-0.077925414,-0.09073638,0.03351599,0.27152935,0.16923808,0.012507132,-0.10307321,0.2265066,-0.041677915,-0.15390094,0.0073464084,-0.001298981,0.027818283,0.12089265,0.070020206,0.07054766,-0.4408671,0.065481745,0.01952785,-0.21976286,-0.12699139,-0.0011523513,-0.36474127,-0.16549416,-0.15564272,-0.18953587,-0.14073436,0.09293475,-0.15583265,0.071982644,-0.036469907,0.051937714,-0.0053360295,-0.09140301,-0.08091691,-0.06807327,-0.046403453,0.09715897,0.17060651,0.09845117
TCGA-AR-A1AK-01A,-0.07253304,0.08473484,0.3251859,0.027051153,-0.20529272,0.12613393,0.0064083883,0.101702414,-0.085545026,-0.0320354,-0.046888974,0.031879187,0.010897146,0.2463263,0.2649789,-0.014345442,0.09858241,0.1446603,-0.111181445,-0.13246979,-0.0018780177,0.00985367,0.05440969,0.015354083,-0.030085089,0.035677902,-0.37958032,0.040431783,0.042998336,-0.32256934,0.031519394,0.17979355,-0.21186158,-0.24754617,-0.064764805,-0.094401665,-0.05511823,0.0967996,-0.08280379,0.030045686,-0.1062529,0.06522913,0.12043901,-0.041346952,-0.0122994315,-0.14941534,-0.10534838,0.18943922,0.25859383,0.10664622
TCGA-C8-A1HG-01A,-0.15483123,0.03849305,0.22952029,0.00077422254,-0.21720576,0.092200324,0.054757744,0.1906744,-0.09293244,0.02157262,0.014754248,-0.04026302,-0.024503471,0.3665589,0.12473237,-0.02584387,-0.03602398,0.18511996,-0.06564262,-0.2675323,0.046672035,0.017345414,-0.05128925,0.11381241,-0.06443514,0.018915048,-0.38656804,0.03471374,0.10850407,-0.15588254,0.025433201,0.11008079,-0.24933477,-0.15406033,0.0045561483,-0.23679784,-0.14318685,0.16556093,-0.04894364,0.09638166,0.03585921,0.05750303,0.083898105,-0.052815147,-0.19722375,-0.06685655,-0.053181037,0.18700534,0.08612053,0.16309904
TCGA-A7-A13D-01A,-0.11266537,0.12602577,0.22903681,0.080782935,-0.14982358,0.15590349,0.05825837,0.16247162,-0.027580265,0.037979536,-0.017321894,-0.071742244,0.04094926,0.28243247,0.23211963,-0.05298416,0.047510836,0.2573525,-0.118147165,-0.18280406,-0.06554779,-0.015580267,-0.050790176,0.03270454,-0.09048094,0.02582326,-0.32970074,-0.05749924,-0.13237508,-0.19625485,-0.006392212,0.07099912,-0.28050995,-0.13049671,-0.11997342,-0.18561211,-0.21500236,0.060363915,-0.11491759,0.045406803,-0.06503239,0.12075352,0.05492149,-0.11404527,-0.13317211,-0.11639723,-0.11225425,0.14704292,0.24792975,0.11212619
TCGA-AR-A2LL-01A,-0.17226806,0.04577073,0.29259443,0.036871903,-0.097147234,-0.014322469,0.044649273,0.1621885,-0.12525378,-0.097161226,-0.057552107,0.0373711,0.01412956,0.29678446,0.062186662,-0.11468323,-0.0041189147,0.15711375,-0.06530513,-0.1943772,-0.0061221723,-0.067713864,0.041513864,0.19542295,-0.07625825,0.073277585,-0.35440403,0.10768374,-0.03320499,-0.2042091,-0.04192345,0.14924072,-0.29813763,-0.16845873,-0.12286201,-0.18600066,0.027125329,0.15313117,-0.059223946,-0.014405299,-0.06903609,0.099012494,0.083632305,-0.09910864,-0.019216552,-0.10130399,-0.15056783,0.13136677,0.2940533,0.13567376
TCGA-AQ-A04H-01B,-0.12038742,-0.01326235,0.27273035,0.04601092,-0.06168847,0.19181438,0.008165191,0.12186365,-0.18296957,-0.009283515,-0.026883718,-0.006935494,0.047109842,0.31185597,0.15529467,-0.1094527,-0.0025943103,0.18882568,-0.043742098,-0.1941029,0.064170375,-0.021567646,-0.012052769,0.06947464,-0.093434945,0.116474554,-0.41469064,0.06796981,-0.058418572,-0.23025376,-0.010777807,0.07546991,-0.1528454,-0.21318103,-0.038379624,-0.19251172,-0.05434488,0.17045777,-0.0754896,0.09862229,0.003484101,0.2144954,0.17399554,-0.22298199,-0.12128215,-0.041213058,-0.011145604,-0.023921657,0.15149608,0.12896731
TCGA-AR-A1AW-01A,-0.17197415,0.044196732,0.2801382,0.025461778,-0.071665905,0.21965888,0.03791286,0.12974766,-0.10660746,0.0138744,-0.058063753,-0.0845772,0.13813323,0.22537172,0.23611528,-0.0046725697,0.07132452,0.1851875,-0.048300605,-0.15205078,0.11882386,0.021871584,-0.01899501,0.05140061,-0.0030620438,-0.02672754,-0.39635697,-0.07018874,0.060964666,-0.27783635,-0.05985785,0.041086923,-0.20751421,-0.1933202,-0.16668245,-0.18296805,-0.12219743,0.15745324,-0.021509249,0.12650815,-0.11965465,-0.006068627,0.07930759,-0.038832337,-0.14636767,0.01064342,-0.05224992,0.14799753,0.21159524,0.16618027
TCGA-AC-A23E-01A,-0.15570392,0.03759568,0.23473836,0.10873307,-0.16714132,0.047339756,-0.10956496,0.21920888,-0.1257448,0.024348576,-0.054555893,-0.08068604,0.02090482,0.27407163,0.17432706,-0.117051736,0.07746493,0.2734303,0.008148133,-0.11057378,0.009893001,0.051638953,-0.08364821,-0.012359526,-0.038002715,0.046342347,-0.38381436,0.0065913554,0.07206747,-0.17187393,0.020158725,0.096340016,-0.2888613,-0.19274962,0.014825099,-0.20111792,0.026024269,0.1445113,-0.083519645,0.06624895,-0.046022594,0.15836035,-0.036816258,-0.11033151,-0.15527639,0.0067363065,-0.15028884,0.15069823,0.18710154,0.18421485
TCGA-D8-A27W-01A,-0.09288404,0.082279146,0.12496936,0.057622273,-0.14935437,0.13096668,0.02772806,0.15132532,-0.18241413,0.06267166,-0.010121828,-0.04469425,0.029397398,0.41074753,0.16889279,-0.036898274,0.048450265,0.1810785,-0.03943532,-0.1263172,0.03091669,0.037836112,-0.1677812,0.043881167,-0.11002148,0.06130405,-0.3802013,-0.0074181976,0.04746282,-0.1862781,0.03764892,0.07666155,-0.3285908,-0.123592235,0.031294752,-0.14736088,0.015091856,0.12339739,-0.12115218,0.047896408,0.027407922,0.12725706,0.1503179,-0.21605119,-0.05080065,-0.10221775,-0.087654345,0.094973974,0.1650245,0.22888654
TCGA-BH-A0C3-01A,-0.023326788,0.10026201,0.2969286,0.091203555,-0.09260478,0.083029605,0.016079435,0.1071967,-0.19941154,0.09341543,0.041037187,0.028881146,-0.041674297,0.21964091,0.107737675,-0.18474662,-0.009064572,0.15725997,-0.041313097,-0.19627193,0.03104611,-0.0015794944,-0.08934051,0.042916443,-0.032072816,0.096612185,-0.4521198,-0.05788186,-0.013898973,-0.35061195,-0.09276767,0.12806624,-0.27486762,-0.19611728,-0.03961274,-0.21430191,-0.008662288,0.19066924,-0.003394065,0.017807214,-0.055355236,0.07779673,0.12954934,-0.09027727,-0.069600254,-0.09360953,-0.10306173,0.08883354,0.08267371,0.07493039
TCGA-3C-AAAU-01A,-0.08473592,-0.025980089,0.29566967,0.03416949,-0.07912336,0.122599974,-0.0014486748,0.098984376,-0.07092435,0.03467509,-0.16055535,-0.016775526,-0.0041444353,0.32759514,0.2043195,0.08130039,-0.10181173,0.1709544,-0.010013908,-0.16361763,0.025953682,0.021565622,-0.008023706,0.08076349,0.032458,0.006906973,-0.46513975,-0.0073796296,0.07291922,-0.16765858,-0.077821374,0.094957806,-0.20648682,-0.20485725,-0.045254007,-0.19152158,0.008703946,0.05248706,-0.13746539,0.0648201,-0.041013993,0.15769678,0.021101406,-0.09844676,-0.067506395,-0.060841434,-0.17176244,0.16435657,0.19595626,0.23486558
TCGA-A1-A0SI-01A,-0.117201805,0.021104867,0.24739304,0.09695845,-0.13729292,0.16008733,0.071841694,-0.03663466,-0.15473947,-0.030872868,-0.0636669,0.05194736,0.032569777,0.26268324,0.09056995,-0.02435123,0.065449595,0.18363938,-0.09247067,-0.23497534,-0.043430682,0.010225117,-0.11842333,0.06528066,-0.03127465,0.023285368,-0.40020928,0.056901935,0.08151017,-0.2659292,-0.043988023,0.07564423,-0.26069346,-0.21780093,-0.07442922,-0.21799555,-0.022687018,0.2125592,-0.081640236,-0.06303399,-0.21426168,0.0002568861,0.07435622,-0.16131271,-0.14162059,0.038028106,-0.093386464,0.102853306,0.13049932,0.14712712
TCGA-3C-AALJ-01A,-0.024355162,0.0823295,0.28296116,0.11673351,-0.12227532,0.10834686,-0.0014488873,0.1633506,-0.021071117,-0.00270662,0.048665922,-0.075773865,0.02505849,0.32768145,0.16722424,-0.049577307,-0.0014712948,0.27566132,-0.018083379,-0.21266505,-0.024187405,0.0048948475,-0.007766247,0.10058125,-0.12229437,-0.0053343163,-0.33820972,0.006294491,0.0921116,-0.24433123,0.021713076,0.09763037,-0.37299037,-0.16824687,-0.09229519,-0.11927937,-0.03873831,0.036770415,-0.087560154,0.03264084,-0.0072047873,0.18199046,0.0801253,-0.21589476,-0.1214142,-0.09738788,-0.04690146,0.070688665,0.18907729,0.059257504
TCGA-BH-A1F5-01A,-0.113360554,-0.013023609,0.23853116,0.13235237,-0.17955858,0.11195429,-0.02207659,0.15974477,-0.10924403,-0.04823065,0.010727142,-0.0010615059,-0.02398329,0.23868535,0.19941665,-0.049846366,0.0060112164,0.29218453,-0.094996914,-0.068661064,0.010804713,0.031451967,-0.018130943,0.08886945,-0.07026531,0.08931698,-0.37704813,0.056135498,0.01418326,-0.079242,-0.077310726,0.17464158,-0.26058948,-0.21548426,-0.031618413,-0.20257154,-0.17985398,0.07971703,-0.07210139,0.056820728,-0.12730472,0.08909462,0.1448718,-0.109750375,-0.0006992275,-0.22243153,-0.08255027,0.17404076,0.24507524,0.10304395
TCGA-E9-A22D-01A,-0.099682435,0.13051423,0.24996133,0.09062188,-0.11645112,0.1069091,-0.061841935,0.065762885,-0.102309726,-0.045129202,0.03674204,-0.10704714,0.007114666,0.2776289,0.2216461,0.001269573,0.061257668,0.15888359,-0.037783843,-0.17266545,-0.0032154515,0.12882404,-0.10882213,0.039170627,-0.0760258,-0.06454519,-0.28913715,0.049752194,-0.025012653,-0.22305226,-0.053180236,0.074834816,-0.3203062,-0.24960898,-0.11863346,-0.14028905,-0.123256564,0.10879503,-0.12729375,-0.021934044,-0.06782632,0.1695705,0.10542971,-0.07118526,-0.1702093,-0.116568156,-0.042691052,0.138569,0.26790705,0.2128736
TCGA-D8-A27V-01A,-0.06721546,-0.081979305,0.1907632,0.14168178,-0.14588791,0.17901906,0.07120815,0.13601282,-0.102442406,-0.096696034,-0.10293482,0.1079927,0.16100867,0.19835366,0.18895759,-0.070401505,-0.0039572404,0.21381655,-0.12948324,-0.09499583,-0.021615515,0.004393797,-0.09784745,0.063746914,-0.056200035,0.06092003,-0.30813572,-0.0057339775,0.052324474,-0.2770469,-0.07362832,0.089092076,-0.25365767,-0.24396765,-0.0786709,-0.22045167,-0.11564784,0.19110544,-0.03862751,0.1593158,0.06629416,0.10014137,0.07360456,-0.039678063,-0.053326853,-0.075576045,-0.13752113,0.09956438,0.3087085,0.13228127
TCGA-AR-A1AQ-01A,-0.12785043,0.017399104,0.28456032,-0.03703082,-0.054616295,0.07579513,-0.022960564,0.10517812,-0.0239869,-0.050114725,-0.0070595318,-0.024193926,0.03007493,0.21410619,0.23436168,-0.039538443,0.056941822,0.24692935,0.05588244,-0.27167,0.12508266,0.02949281,-0.10942296,0.06498509,-0.018499697,0.1357631,-0.31183314,0.0141303055,0.11281851,-0.1708256,-0.050839312,0.12788342,-0.24488021,-0.21326683,-0.07750273,-0.31488103,-0.14677194,0.094864085,-0.069705494,0.09634452,-0.08627791,0.017543735,0.045767523,-0.17316175,-0.123237185,-0.15484236,-0.07038902,0.03189156,0.25496545,0.13248411
TCGA-OL-A5D7-01A,-0.07270051,0.045290027,0.20150658,0.06383205,-0.13827416,0.08782169,-0.024511026,0.032193005,-0.16821554,0.050778702,-0.11915213,-0.052485026,0.15767962,0.28596577,0.26701337,-0.04932774,-0.05458324,0.17132448,-0.025579834,-0.1745196,0.01615543,0.0144877,0.010879885,0.07838484,0.04518527,0.16861917,-0.3494116,-0.01432132,0.013274627,-0.16339794,-0.11820589,0.13027443,-0.30751047,-0.21860874,-0.13185132,-0.20735803,0.026577383,0.17824262,-0.12609726,0.16079633,-0.12161949,0.09958309,-0.0062671374,-0.1574727,-0.053373206,-0.12849498,-0.17425317,0.06653377,0.15908593,0.06770967
TCGA-BH-A0HX-01A,-0.081721306,0.045478415,0.22650228,0.026934396,-0.12861367,0.18969445,0.06818938,0.17922093,-0.13470702,0.016806304,-0.07134809,-0.063116476,0.058197953,0.21151109,0.15733026,-0.08216035,0.063135274,0.29946363,-0.040236376,-0.101234876,0.052035153,0.08440218,-0.10956962,0.11438125,-0.0339748,0.07927824,-0.33150366,0.058543976,-0.081341624,-0.2516353,0.069251336,0.15211852,-0.25122175,-0.21275751,-0.15380667,-0.1895987,-0.019456055,0.10969116,-0.13560662,0.100633286,-0.011589292,0.11722816,0.038507856,-0.14224266,-0.1889836,-0.017516626,-0.06612216,0.23607981,0.1943152,0.07297922
TCGA-A2-A3KD-01A,-0.18050425,-0.016957043,0.23235476,0.117312,0.039484143,-0.0024622672,-0.072207436,0.047548782,-0.10788876,-0.01939228,-0.06646472,-0.017691216,0.043002933,0.24831837,0.1400082,-0.025103662,0.16016188,0.2669833,-0.1304698,-0.16674657,0.030352259,0.00090022886,-0.038688697,0.15143502,-0.015431992,0.035472065,-0.44974026,0.05616484,0.009827774,-0.21976869,0.005124849,0.14888734,-0.19455718,-0.15280779,-0.17517568,-0.21878958,-0.03211289,0.1275058,-0.13661689,-0.03159532,-0.13215192,0.037049238,0.1077562,-0.13360143,-0.107977346,0.021434695,-0.06688226,0.16733626,0.21800515,0.16765219
TCGA-A2-A0YC-01A,-0.035386283,-0.040010482,0.35814574,0.054479785,-0.14673409,0.10866879,-0.056571227,0.15011784,-0.16487303,-0.070563875,-0.019579662,-0.066360034,-0.0039170105,0.19604662,0.1825598,-0.02228474,0.052162305,0.2510033,-0.083252005,-0.1677986,-0.013788392,0.07350183,0.009436826,0.038448296,-0.03269623,0.007172974,-0.44020143,0.04061117,0.06666301,-0.23672386,-0.054627884,0.14451833,-0.22348629,-0.2210095,-0.08531174,-0.16824728,-0.03366317,0.0729525,-0.05482761,0.07292148,-0.116604105,0.004259884,0.17522626,-0.08527978,-0.0726528,-0.10253259,-0.046846006,0.14442755,0.23247038,0.1229106
TCGA-E2-A1BC-01A,-0.14428012,-0.017890695,0.27639484,0.09259817,-0.2025057,0.19936055,0.12789948,0.0045858882,-0.061415475,0.110679485,-0.046482664,-0.0043959897,0.047779035,0.17786199,0.27248654,-0.039199833,0.011059167,0.21783793,-0.09994537,-0.20952953,0.093540095,0.010541895,-0.013390553,0.032530874,-0.013366174,-0.07346613,-0.38515362,-0.05367604,0.061475806,-0.17592901,-0.025548302,0.09332679,-0.24169095,-0.20878209,-0.10131375,-0.20431909,-0.041051105,0.16615865,-0.046172883,0.011322483,-0.08715226,0.011471185,0.095630474,-0.17599964,-0.112114884,-0.013445966,-0.11238039,0.12219143,0.1673814,0.23378076
TCGA-AR-A24X-01A,-0.1078529,0.017034126,0.13499954,0.026772466,-0.037443448,0.063703045,0.027439043,0.1431473,-0.06790079,0.057959735,-0.07019748,-0.026333487,-0.0032527572,0.19792691,0.17363916,-0.07381832,-0.049934797,0.24221154,-0.040989894,-0.1266999,-0.025011325,-0.043667678,-0.017101977,0.09836497,-0.022474788,-0.027815208,-0.5507237,0.052140005,-0.028007396,-0.18783055,-0.1108233,0.21634918,-0.15222953,-0.24957408,-0.11114713,-0.2284704,-0.11355509,0.12344888,-0.0032365976,0.09081017,-0.1513636,0.018685369,0.11493083,-0.07941742,-0.097779565,-0.062150937,-0.0016784163,0.15283437,0.21208405,0.22196643
TCGA-A7-A13E-01A,-0.105229214,0.1752334,0.27419513,0.07619266,-0.0471187,0.088377975,0.07088674,0.10931523,-0.11674595,0.06205011,-0.12381466,-0.06820044,0.101043314,0.28650683,0.22996455,-0.049179543,0.055184428,0.17670524,-0.019240428,-0.23359145,0.017805206,0.059588015,-0.0524738,0.13869545,-0.1602182,0.10791543,-0.37086862,-0.025932048,0.016669977,-0.1478598,-0.03903155,0.066512555,-0.32284147,-0.13256563,-0.09561316,-0.217238,-0.11745523,0.12730694,-0.06936705,0.042831838,-0.11740296,0.08251515,0.069937915,-0.09030656,-0.09533421,-0.05818776,-0.048396647,0.053569715,0.204621,0.1962295
TCGA-AR-A256-01A,-0.12098716,0.15546526,0.3942547,0.051998112,-0.12876433,0.16738047,-0.0013399338,0.06379051,-0.12122937,0.05204422,-0.0724039,0.012298669,-0.033709325,0.2908394,0.23098747,-0.046149977,0.05424745,0.18102211,0.05249893,-0.14431065,-0.0032590516,0.069247425,0.029391963,0.16317748,-0.06526543,0.092302404,-0.34131378,-0.03467136,0.009966579,-0.13865088,-0.05804913,0.10595143,-0.2736858,-0.1337095,-0.043093298,-0.19895487,-0.12928025,0.14979963,-0.07521289,0.032492734,-0.040755846,0.12785383,0.05374294,-0.12417083,-0.11134994,-0.09623531,-0.032463048,0.06960181,0.22590198,0.1984914
TCGA-OL-A5RZ-01A,-0.059460673,0.14728971,0.36889789,0.080954194,-0.11988136,0.056147695,-0.009448846,0.10415654,-0.13401413,0.010406633,-0.014360279,-0.12807174,0.043654863,0.3390498,0.15692326,-0.091422245,-0.041938238,0.17089422,-0.027147299,-0.14916691,0.040626094,0.037145913,-0.102238044,0.113409296,-0.015856478,-0.0247117,-0.34496233,0.016928554,-0.021292469,-0.13182275,0.014367199,0.15427043,-0.3346841,-0.16042735,0.0017668977,-0.21059087,-0.12756714,0.1371652,-0.08496016,0.07084043,-0.03353888,0.17128119,0.089172445,-0.1491689,-0.10235961,-0.05773567,-0.15971342,0.029730937,0.1270459,0.17445233
TCGA-GM-A2DL-01A,-0.12499912,-0.033914205,0.19510165,0.115683205,0.024537044,0.09279832,0.02553589,0.14326893,-0.13389573,-0.009256517,-0.092683464,0.002287892,0.035342705,0.22755955,0.115245774,-0.024707984,0.09252763,0.31835875,-0.018205492,-0.23093,0.028062835,-0.036443353,-0.07210623,0.04479393,0.04522247,0.067308456,-0.5061975,0.094301924,-0.021313855,-0.20914102,-0.15077862,0.15838888,-0.23091944,-0.13340208,-0.05083454,-0.13176633,-0.111443244,0.041302193,-0.069007955,0.09541508,-0.04703418,0.23837915,0.04418595,-0.16571476,-0.14012368,-0.038101193,-0.12639438,0.058300808,0.11082358,0.10481421
TCGA-A8-A0A6-01A,-0.13702296,0.07395897,0.2915381,0.039466146,-0.19897671,0.15879942,0.008617205,0.12650125,-0.036606316,0.06289744,-0.006563737,0.0111058345,0.065981515,0.29366764,0.18469055,-0.07447799,0.017633336,0.26929727,-0.025120126,-0.04038322,-0.027047528,0.030325485,-0.16374075,0.124023445,-0.03948373,0.0028646027,-0.3567902,-0.004884943,0.02038171,-0.14566357,-0.07353369,0.14670955,-0.3136883,-0.17114104,-0.07027918,-0.16731533,0.034822527,0.103256434,-0.1423852,0.07181204,0.03354184,0.16097267,0.059514854,-0.1268232,-0.22713661,-0.12310145,-0.03495884,0.1005475,0.21631059,0.08216764
TCGA-GI-A2C8-01A,-0.16491495,0.1066105,0.24207315,-0.03815551,-0.10317675,0.17908856,-0.123333156,0.1403617,-0.12505601,-0.030309893,-0.037754677,-0.014326122,0.06650796,0.3098879,0.19721659,-0.059235565,0.047936548,0.18570548,-0.11168709,-0.1926349,-0.012080847,0.08394666,-0.16999656,0.0044612596,-0.039204612,0.029688278,-0.28795257,0.06492081,-0.025463011,-0.21928547,-0.08826157,0.12245075,-0.3374104,-0.1715822,-0.00833643,-0.16236784,0.02406658,0.14846788,-0.034536965,0.07057729,-0.051616944,0.14296253,0.11798907,-0.094287544,-0.14965187,-0.062145095,-0.10672574,0.06657653,0.2927694,0.08328
TCGA-AR-A251-01A,-0.09339558,0.1269401,0.2587432,-0.03511642,-0.13364662,0.15311474,0.018068818,0.15673646,-0.110431135,0.010393518,-0.015702058,-0.06871205,0.019277552,0.29989064,0.22343794,0.04840568,0.089001134,0.20834665,0.028639259,-0.17833608,0.043992575,0.03506307,-0.166302,0.077405356,-0.03058701,0.05956882,-0.31054655,-0.092880026,0.0777684,-0.19262457,-0.02862484,0.12022888,-0.36528257,-0.16466396,-0.077296905,-0.18013051,-0.1509586,0.14240916,-0.042752095,0.09778123,-0.010951657,0.12033601,0.027051406,-0.16353679,-0.086297125,-0.063031375,-0.13913752,0.11914918,0.16957185,0.15153947
TCGA-LD-A7W5-01A,-0.01062679,0.032480255,0.24677172,0.045206185,-0.22343849,0.15108705,-0.026268093,0.15649302,-0.0912766,0.050408065,-0.017956054,-0.058430362,0.06517839,0.2583099,0.23838271,0.038583245,0.04931841,0.18669865,-0.09689866,-0.07775072,-0.008942162,0.111011826,-0.13165793,0.008663818,-0.15330394,0.06977667,-0.28962067,-0.0152652925,-0.00096706644,-0.21568379,-0.052717358,0.07508085,-0.27257365,-0.27344847,0.035920244,-0.2362916,-0.05581517,0.2378398,-0.07020747,0.06607639,0.01632359,0.14100552,0.08426112,-0.1700347,-0.1480771,-0.16955416,-0.07539075,0.03812443,0.19962479,0.122928
TCGA-BH-A0DH-01A,-0.2307697,0.038954355,0.28700787,0.031428747,-0.11133621,0.043668967,0.02971654,0.16447803,-0.07573382,0.04309292,-0.01462244,-0.10197023,0.12052511,0.24898493,0.24513306,0.03655157,-0.020804543,0.20983684,-0.03015776,-0.25516686,-0.04759032,0.008022877,-0.082112424,0.11047792,-0.11070883,0.060510837,-0.36211118,0.07091645,0.017561618,-0.20932326,-0.04796115,0.047982577,-0.26847258,-0.19424073,0.045675498,-0.15920797,-0.10869921,0.2034117,0.034934364,0.019273244,-0.074559465,0.013072803,0.1256587,-0.21383117,-0.0819407,-0.14881735,-0.053977244,0.18265377,0.06848037,0.04269886
TCGA-E9-A1NG-01A,-0.10614049,0.01157873,0.22148865,0.048676368,-0.19456814,0.22687306,-0.06541333,0.009920673,-0.05881425,-0.044463824,-0.092171155,-0.014689896,0.018462181,0.3111182,0.1593409,-0.017952334,0.00089564343,0.20704602,0.010786207,-0.21976417,-0.004380512,0.003270181,0.050963175,0.033007484,-0.01028834,0.05132136,-0.36947593,0.015927374,-0.017720848,-0.20122325,-0.11530755,0.17658922,-0.29113784,-0.20771816,-0.052480966,-0.17460454,-0.08912206,0.1379641,-0.08601364,0.06185239,-0.021913806,0.13137625,0.050422538,-0.058546778,-0.10855685,-0.15409319,-0.13807882,0.1728848,0.27394715,0.0639818
TCGA-D8-A1JL-01A,-0.06739883,0.08466259,0.23904763,0.12643188,-0.08061312,0.090373285,0.056326527,0.13574168,-0.28331465,0.025120627,-0.05860531,-0.03812975,0.020058194,0.27335754,0.20018424,0.006398944,0.050195888,0.2040727,-0.06458238,-0.16122352,-0.057808712,0.03302633,-0.039586097,0.1040918,-0.03557133,0.048877865,-0.37604684,0.028282203,-0.050244577,-0.21487556,-0.07788583,0.09641658,-0.2699735,-0.14287859,-0.10882201,-0.18234707,-0.08260553,0.08312659,-0.13339394,0.05847815,-0.0983375,0.013424973,0.030681733,-0.19336742,-0.17543754,-0.15116277,-0.12986256,0.11636582,0.21846971,0.15328063
TCGA-A2-A1G0-01A,-0.21308109,0.03340009,0.19277881,0.13640836,-0.06957194,0.14223026,-0.06875283,0.18767555,-0.16125752,0.018813092,-0.11568745,-0.0051272553,0.032777045,0.3891582,0.16926259,-0.011558339,0.035248782,0.24536209,0.02031055,-0.2194554,0.0059878356,0.11885813,-0.014326296,0.0913602,-0.06819984,0.17447525,-0.37191156,-0.022821346,0.060805023,-0.20058398,-0.064542964,0.111893885,-0.14474669,-0.15904331,-0.037618514,-0.18458012,0.0541121,0.03798482,-0.06421411,-0.036830384,-0.068552,0.12940636,0.024703845,-0.076683275,-0.0062802997,-0.09331613,-0.098459505,0.18798813,0.19321416,0.18359765
TCGA-C8-A1HJ-01A,-0.095637016,0.045373015,0.28054067,0.027551223,-0.1060299,0.10953066,-0.042807493,0.1126972,-0.093723126,0.060534075,-0.10974177,-0.11643271,0.11123892,0.31480032,0.259561,-0.036133718,0.15627566,0.22860387,-0.029885877,-0.14787899,0.05592226,-0.02491321,-0.09457565,0.19913511,-0.037613384,0.0024810962,-0.3272468,0.057440013,-0.0028475968,-0.2403567,-0.15963092,0.112336926,-0.24248528,-0.19152722,-0.08338732,-0.23113386,-0.06213549,0.011781362,-0.01268489,0.11547775,-0.025678916,0.09779671,0.11313324,-0.0630362,-0.054088302,-0.068107605,-0.14808038,0.09618219,0.19957547,0.122292325
TCGA-AN-A0XW-01A,-0.107164755,-0.03641545,0.19943188,0.13417454,-0.03392437,0.057476167,0.016586464,0.16244398,-0.19172093,0.06280456,-0.026525158,-0.05437488,0.09662378,0.28166783,0.19450529,-0.009162441,-0.028591283,0.25802973,0.021362796,-0.19506443,-0.059452422,-0.06743458,0.06427301,0.03751634,-0.075114325,0.078346916,-0.45955873,-0.09064594,-0.0037744674,-0.2449722,-0.1404046,0.042001173,-0.20318943,-0.07961195,-0.13058896,-0.18303955,0.037818868,0.17749648,0.006647501,0.08545108,-0.106146514,0.18546781,0.008913198,-0.14827083,-0.038678028,-0.11716496,-0.096368894,0.14288719,0.17957568,0.10844889
TCGA-E9-A1NF-01A,-0.09470313,0.03521332,0.2908666,0.084634066,-0.1298436,0.19335094,0.028922996,0.18521994,-0.038680132,-0.022666667,-0.03382594,0.0008837976,0.01387361,0.2996638,0.15310024,-0.033688597,-0.0073177004,0.2541553,-0.02831769,-0.15995418,0.057317503,-0.02799476,-0.14660467,0.047641713,-0.089436725,0.11777985,-0.28277647,-0.04971535,0.02290547,-0.20680675,0.09158777,0.13734244,-0.29463875,-0.18434484,-0.112350285,-0.2650846,-0.1495105,0.11983834,-0.0963663,0.12287766,-0.057267047,0.040551685,0.113561094,-0.09675355,-0.13948107,-0.09925112,-0.092010185,0.053255986,0.24306414,0.07445511
TCGA-E9-A22A-01A,-0.18614961,0.09630936,0.17521739,0.033852916,-0.14855488,0.12315222,0.013973985,0.022374328,-0.08627536,-0.049432438,-0.018224297,-0.019234143,-0.01972684,0.33717757,0.15824959,-0.096218854,0.09922488,0.23518308,0.0644445,-0.22868425,-0.0008034869,-0.01564053,-0.049920928,-0.012480387,-0.026877549,-0.018426232,-0.4454717,0.0023217816,0.018995535,-0.2518401,-0.0822732,0.12604792,-0.20928653,-0.113987245,-0.06218005,-0.18333937,-0.1409447,0.12663521,0.0021612118,0.071230166,0.023157213,0.07414398,0.10226114,-0.15972868,-0.08912443,-0.102958314,-0.1918797,0.14371666,0.2058416,0.14570169
TCGA-D8-A27L-01A,-0.16040848,0.02909047,0.2842091,0.045254413,-0.12509015,0.07759279,-0.018339679,0.049698196,-0.2031884,-0.055523638,-0.069285415,-0.056729455,0.0544636,0.15375206,0.22906046,-0.04539202,0.07479473,0.22903152,-0.0057635196,-0.2534525,0.04333358,-0.10251718,0.003923408,0.12808827,0.030098801,-0.057654947,-0.36044136,0.11024578,0.11610652,-0.21204732,0.00035782985,0.15872741,-0.24269044,-0.13000616,-0.10569952,-0.11948608,-0.0722742,0.14980088,-0.03938709,-0.03472048,-0.07556329,0.13746952,0.04343622,-0.07460021,-0.067559235,-0.050765403,-0.18651025,0.21097837,0.24146448,0.20750172
TCGA-BH-A0BJ-01A,-0.11725518,-0.00046835572,0.19931445,0.060557272,-0.10622887,0.044849705,0.06891227,0.19716673,-0.2232867,-0.10694,-0.0086644115,-0.111276366,-0.049533397,0.26878697,0.040294435,0.012128393,0.056938086,0.24633329,-0.094445534,-0.18003103,-0.010961454,0.041869175,-0.028702853,0.04281564,-0.041758806,-0.0396587,-0.40080994,0.032955356,-0.038552333,-0.1594644,-0.061007082,0.2156867,-0.3153275,-0.19351926,-0.12575726,-0.2062267,-0.047904156,0.057380598,-0.09219799,0.06158772,-0.103318945,0.27761772,0.06842399,-0.1261175,-0.08274745,-0.115639925,-0.00026600453,0.0844405,0.1600915,0.09646039
TCGA-E2-A1B1-01A,-0.15422605,0.07858268,0.29597622,0.014022122,-0.06905204,0.2741223,0.012483417,0.06488372,-0.09245792,0.057961103,-0.057328157,0.052805457,-0.030051716,0.3215564,0.18988489,-0.124597035,0.04474041,0.170874,0.027087932,-0.2204494,0.03289651,-0.073603906,-0.13054237,0.09761899,0.0026685193,0.08092396,-0.37203354,0.052085914,-0.06956717,-0.3345788,-0.08006617,0.108197875,-0.27374545,-0.15514317,-0.031361792,-0.12609214,-0.11409114,0.07929011,-0.060922917,-0.023784386,-0.08258711,0.11523034,0.05162445,-0.0120513765,-0.073018454,-0.083629064,-0.09893239,0.015700337,0.19746873,0.064703375
TCGA-BH-A0GY-01A,-0.1468257,0.133321,0.1808488,0.042359725,-0.08554559,0.189963,0.07183576,0.1520301,-0.09644244,0.008112438,-0.028035786,-0.094594024,-0.019486727,0.2606149,0.09930492,-0.1368527,0.045589346,0.18974341,-0.010782772,-0.18561387,0.064619906,0.012653707,0.012189427,-0.06203218,0.0010931083,0.049878176,-0.4193134,0.048892166,0.027745472,-0.17045416,0.022255115,0.14878418,-0.30704805,-0.26226854,-0.07818272,-0.22209738,-0.12520659,0.25180945,-0.07279008,0.02004757,0.000831927,0.1579637,0.016883722,-0.097958274,-0.12135082,-0.074402526,-0.029521825,0.027746972,0.24362431,0.0705593
TCGA-D8-A27R-01A,-0.1293876,0.12932993,0.27461588,0.029498613,-0.18690541,0.15795593,-0.004749114,0.17714904,-0.0651132,0.0030669328,-0.062299114,-0.06519021,0.086880855,0.23421301,0.18677832,0.035177898,0.08999616,0.15189606,-0.018723156,-0.12956522,-0.04326597,0.10155216,-0.14040177,0.14162052,-0.06378827,0.024610413,-0.34718663,-0.081769206,0.062721156,-0.15385938,-0.060061187,0.044487678,-0.3020858,-0.17134729,-0.010897891,-0.20909542,-0.022137249,0.16323537,-0.18278968,0.009761709,0.021649625,0.19206792,0.07461732,-0.22916119,-0.15915966,-0.078819804,-0.049951676,0.09243924,0.21160118,0.12164487
TCGA-AQ-A7U7-01A,-0.18930058,-0.07179604,0.24956062,0.062157013,-0.1912451,0.13205665,0.037908077,0.1137246,-0.15563038,-0.015150754,-0.09303682,-0.072829105,0.021657038,0.2085904,0.12510385,-0.03725551,0.07533254,0.11330471,-0.0895619,-0.3245897,-0.13434154,0.01571996,-0.0019401968,0.04747176,-0.021532495,0.05677813,-0.39777172,-0.028311495,0.0027874121,-0.26965576,-0.015469777,0.17640288,-0.30394542,-0.103119135,0.0051131914,-0.20431158,-0.06587127,0.07896912,-0.1236714,0.040464558,0.04005101,0.045929506,0.10303189,-0.15552388,-0.06865778,-0.18559432,-0.024432318,0.18365106,0.11898003,0.08584438
TCGA-D8-A1XT-01A,-0.1517727,-0.062416624,0.19191928,0.08393254,-0.16645657,0.17604652,-0.013871452,0.005753292,-0.037708104,-0.011519865,0.007768013,0.034850698,0.016230183,0.2413857,0.19449422,0.047827847,0.07294085,0.2957069,-0.054595586,-0.20524952,0.08509751,0.11541651,-0.078119636,0.07777748,0.016429946,-0.029265855,-0.35173628,-0.032367263,-0.016827744,-0.22241047,-0.10644846,0.13523215,-0.31635034,-0.17132027,-0.07166061,-0.24682827,-0.13080204,0.024134083,-0.10595699,0.05151213,-0.007944566,0.1017055,0.045302905,-0.1602054,-0.14594373,-0.10575413,-0.1417434,0.08921685,0.25530055,0.04523247
TCGA-A7-A4SF-01A,-0.17086177,0.060169484,0.3035702,0.07771301,-0.25347033,0.053058557,-0.06504552,0.13155553,-0.21921733,0.0094590895,-0.021132875,-0.053148128,0.033028033,0.2763696,0.20490299,0.0175658,0.053823907,0.27272487,0.0019010906,-0.18933918,0.03129785,0.055411812,-0.043170378,0.12869962,-0.0655368,0.039734337,-0.30928802,-0.01575855,-0.043210268,-0.11267339,-0.011948094,0.17002536,-0.26603618,-0.2542224,-0.034234043,-0.16688426,-0.01953433,0.0834598,-0.0797345,0.09055658,-0.08335809,0.13231537,0.06737713,-0.14777379,-0.15933132,0.018306743,-0.05182624,0.13291217,0.121748455,0.173632
TCGA-BH-A0BS-01A,-0.18674304,-0.102189906,0.30323038,0.09412576,-0.13373116,0.021099998,-0.041008584,0.086109884,-0.09829912,0.05530326,-0.034682397,-0.04652016,0.07561324,0.2956756,0.1066687,-0.0039545135,-0.027809663,0.18744867,0.027182542,-0.1364394,0.031794116,0.06275434,0.048588496,0.089747846,-0.019926375,-0.014952003,-0.40861177,-0.016452327,0.0887659,-0.19436577,-0.11819954,0.18153757,-0.28204104,-0.17285419,-0.112578265,-0.10391327,-0.0660054,0.1456949,-0.11418893,0.10294299,-0.05040293,0.06641605,0.17543708,-0.114227995,-0.07367853,0.032045294,-0.09006028,0.24938603,0.24311736,0.0774381
TCGA-AR-A5QM-01A,-0.20569657,0.10051133,0.24466908,0.12096999,-0.06624838,0.24857947,0.07046134,0.111440346,-0.15243761,0.045800652,-0.0061217314,-0.025493521,-0.005861769,0.2797089,0.1465341,-0.053313106,0.08641369,0.12648642,-0.09692207,-0.20230947,0.011858312,0.032251876,-0.07693709,0.1150653,-0.019435083,0.122102804,-0.38081956,0.052597493,0.06874396,-0.1488823,-0.09248324,0.08087829,-0.2929139,-0.17893179,-0.041339725,-0.15056871,-0.10345993,0.18814597,-0.16638465,-0.028572872,-0.089017704,0.049288303,0.14639094,-0.104611374,-0.12744717,0.0086284075,-0.076392904,0.075148314,0.20453402,0.18045723
TCGA-EW-A1P5-01A,-0.021133129,0.05986144,0.2804486,0.06710976,-0.15100577,0.12825209,0.11065406,0.08073383,-0.13347653,0.036211755,0.025417445,-0.02690775,0.118868224,0.34059632,0.16463871,-0.073296264,-0.0898221,0.27953702,0.025072753,-0.13437192,-0.06629098,-0.010317462,-0.08753069,0.0514901,-0.10676489,-0.00017782865,-0.39216363,0.031888727,-0.045611586,-0.2008969,-0.032913547,0.19397292,-0.26040816,-0.1636835,-0.08894144,-0.16597934,-0.1046048,0.1219499,-0.07427717,0.012613609,0.049605,0.11345567,0.10761461,-0.104077,-0.14932445,0.022956051,-0.13977198,0.13009271,0.20673087,0.057472315
TCGA-E2-A2P5-01A,-0.17444688,0.08825854,0.32465935,0.050414167,-0.18611223,0.07024331,0.09924574,0.062182236,-0.15136577,-0.027278386,0.03839489,0.030774284,0.058166172,0.23415147,0.0832245,-0.041938547,0.029568108,0.20247614,-0.057964433,-0.076551996,-0.021730483,0.050880186,-0.042028014,0.14845002,0.019388963,-0.026726633,-0.3414338,0.034383412,0.06486679,-0.28135353,-0.06397222,0.03301577,-0.3008231,-0.33327448,-0.15063427,-0.12660956,-0.10526004,0.15883037,-0.14075623,0.023462603,-0.03602116,0.118620954,0.081140354,-0.16469358,-0.18532452,-0.0017270509,-0.04830938,0.07009074,0.17628784,0.059268523
TCGA-E9-A1RE-01A,-0.13150269,0.04575179,0.22776808,0.0226913,-0.08892786,0.19811185,-0.060622375,0.22143489,-0.097782314,-0.033732936,-0.078529865,-0.06174899,0.06882263,0.22244029,0.22064398,-0.07437464,0.10056563,0.22960716,-0.025630008,-0.21303412,-0.057340715,0.0634574,-0.075382344,0.056944635,-0.07308481,0.04285633,-0.347078,0.022501213,0.02746249,-0.22190797,0.023532925,0.12296922,-0.34283832,-0.13288102,-0.004916444,-0.10286404,-0.089741535,0.18121131,-0.07592415,0.06429675,-0.09116862,0.18151827,0.10509619,-0.14952315,-0.060159493,-0.0791484,-0.05312866,0.11781638,0.24494462,0.14991131
TCGA-E2-A15K-01A,-0.077382214,0.017768078,0.3755696,0.19024915,-0.105776474,0.12208666,-0.029105686,0.16127285,-0.20118885,0.025154633,-0.055405445,-0.06808157,-0.008664347,0.2392001,0.19317433,0.028803334,0.044967942,0.23849025,-0.035191957,-0.17620698,0.117292985,0.07603916,-0.084953636,0.21496648,-0.094428405,0.054655164,-0.37574857,-0.06173118,0.021103356,-0.14896433,-0.10230589,0.1425071,-0.18791167,-0.13697965,0.06325747,-0.15920326,-0.08118369,0.17757224,-0.052508004,0.06028501,-0.038309854,0.07043605,-0.001488109,-0.08860557,-0.044854905,-0.038485948,-0.13164015,0.1276707,0.25205964,0.043665808
TCGA-D8-A1JB-01A,-0.19188882,0.086689234,0.27453974,-0.026353033,-0.062438454,0.07367877,0.032597117,0.10538723,-0.17015323,0.020300124,-0.05085676,-0.19718215,0.020633988,0.2194071,0.20487304,-0.09254084,-0.050289657,0.2606986,-0.06520312,-0.24226181,0.01098321,-0.0125779705,-0.06372491,0.12588213,-0.034744997,0.050314825,-0.37645546,-0.052894656,0.018188743,-0.26538026,-0.03486132,0.06548366,-0.26955608,-0.19195062,-0.12525706,-0.14002506,-0.046500158,0.15215896,-0.026276428,-0.031177795,-0.0029531978,0.08616036,0.002300627,-0.14357929,-0.16688374,-0.113563284,-0.098367356,0.12497028,0.16488612,0.13027145
TCGA-B6-A401-01A,-0.1046579,0.06653315,0.20807722,0.0081775375,-0.17395946,0.10944487,0.05110311,0.066486426,-0.10786217,0.07765698,-0.14866546,0.0012127472,-0.006796894,0.3472878,0.13734822,-0.07889479,0.04605097,0.30520016,-0.009961821,-0.18052639,-0.058362786,0.05574162,-0.016318925,0.21940927,-0.17577064,-0.08231255,-0.3761698,0.014344657,-0.0124819195,-0.060055915,-0.023241347,0.033564705,-0.32176787,-0.24172883,-0.09286702,-0.1410512,-0.030151479,0.1275972,-0.10363888,0.067405105,-0.07006983,0.11840804,0.08106521,-0.11751234,-0.14517643,-0.043843877,-0.11886176,0.081513666,0.18046923,0.013190746
TCGA-A7-A6VY-01A,-0.20200658,-0.016608484,0.27624306,-0.032638095,-0.104783006,0.19576702,0.083617136,0.08236964,-0.15748233,-0.017841665,-0.11840047,-0.013766887,0.030070202,0.32620057,0.21597497,-0.02823403,0.06815872,0.28222975,-0.06858607,-0.14575249,-0.009745369,-0.014801983,0.0069441996,0.11117641,-0.051148776,0.011028366,-0.31023344,0.020141494,-0.02897146,-0.20729724,-0.14474632,0.08195906,-0.28459802,-0.19456701,-0.026618805,-0.21196668,-0.053266026,0.17121427,-0.04306397,0.11519827,-0.039759487,0.072170466,0.0552714,-0.14852181,-0.028046751,-0.10941605,-0.0764003,0.11166571,0.21817558,0.090590775
TCGA-LD-A74U-01A,-0.082927264,0.004842687,0.38403535,0.06437193,-0.15635367,0.07114903,0.026569743,0.19885261,-0.09385251,-0.062583,-0.10351322,-0.06982133,0.20018171,0.18078826,0.17217478,-0.023353139,0.06702454,0.27495968,-0.058980685,-0.19355302,0.05326847,0.07992582,-0.0912966,0.03976031,-0.022594552,0.017326029,-0.43519685,0.021418834,-0.032660417,-0.20308454,-0.12725087,0.14069553,-0.19932231,-0.14026316,-0.001485037,-0.09742896,-0.03429871,0.1653806,-0.11747001,-0.027493346,-0.040163737,0.05331241,-0.0018450096,-0.08610512,0.00048814082,-0.010698438,-0.11990292,0.10241295,0.26551393,0.10946227
TCGA-C8-A1HI-01A,-0.09858328,0.13723366,0.19699237,0.04008505,-0.18752931,0.095320486,0.012495063,0.22901928,-0.09388093,0.12474691,-0.079140626,-0.10137014,0.025148142,0.22463758,0.15251224,-0.1328442,0.025733255,0.1993781,-0.08109098,-0.17045157,0.081016526,0.08906277,-0.09488275,0.11658354,-0.12523647,0.016949784,-0.41887346,0.059653122,0.046287604,-0.15058467,-0.14946927,0.11940955,-0.23757249,-0.1913756,-0.13513839,-0.14183585,-0.07321284,0.17241424,-0.14329693,0.01326388,-0.03323803,0.20603013,0.045566663,-0.14576755,-0.1303454,-0.0765707,-0.0072677876,0.09746197,0.1900457,0.09529739
TCGA-AQ-A1H3-01A,-0.19260211,-0.018464394,0.30303916,0.02395381,-0.16183299,0.23407388,-0.021727683,0.1814144,-0.059171617,0.0016347455,-0.10137364,-0.05493884,0.056175508,0.25904694,0.12016509,0.071883745,-0.0049417084,0.27331355,-0.0041869385,-0.1541057,0.06893426,0.019691681,-0.037193675,0.1840194,-0.00824894,0.09478296,-0.34932297,-0.0389514,-0.07604302,-0.14198866,-0.016302824,0.055691414,-0.18882032,-0.2349878,-0.14497693,-0.17084928,-0.10647569,0.060899157,-0.034010723,0.066953085,-0.04480994,0.06169955,0.03629962,-0.14426534,-0.072368465,-0.105884194,-0.116676986,0.23091324,0.20725688,0.17970657
TCGA-B6-A0RG-01A,-0.17466028,-0.06612172,0.31881732,0.119301744,-0.029690284,0.06739991,0.018248426,0.106205024,-0.086965695,-0.089935586,-0.022160228,0.0039212033,0.121714905,0.2333721,0.2561394,-0.15189274,-0.04067603,0.21808128,-0.13737674,-0.23639527,-0.05465169,0.057534993,0.014558773,0.058582056,-0.13272285,0.07168326,-0.35427794,0.06504402,-0.048031893,-0.20129919,-0.07739782,0.045240857,-0.25187263,-0.15701063,-0.067686975,-0.17403431,-0.019932933,0.2234049,-0.057953592,0.03525087,-0.042623468,0.12068393,0.13161008,-0.22335377,-0.08817666,-0.079018354,-0.033043418,0.06915744,0.18040669,0.08319364
TCGA-AR-A1AY-01A,-0.1916606,0.10358973,0.26161835,0.042502888,-0.072285496,0.0969375,-0.04543849,0.12792017,-0.12580556,-0.10243562,-0.14169611,-0.07312678,0.057509046,0.19576246,0.1597977,-0.05039871,0.05246485,0.23209542,-0.022678817,-0.1636698,0.030895997,0.02625202,-0.17517838,0.10133771,-0.07622931,0.06568063,-0.46416044,0.01207488,0.057248984,-0.1907349,-0.058527596,0.109269835,-0.20346333,-0.14212029,-0.1306551,-0.21905503,-0.15699205,0.10089743,-0.067260824,0.07928774,-0.16977625,0.12448641,0.019296926,-0.116328,-0.115065016,-0.07788833,-0.091532074,0.12840268,0.16570571,0.1355629
TCGA-AC-A2B8-01A,-0.13765123,-0.0067302953,0.26261073,0.0015509101,-0.106495574,0.0033161957,0.0046737706,0.07230951,-0.112780705,0.040903587,-0.028422834,-0.04454627,-0.036657214,0.21710373,0.14100477,0.008100751,-0.05727008,0.29091594,-0.03434907,-0.22535142,0.0817279,-0.06447318,-0.019090366,-0.005818772,-0.034886416,0.105782695,-0.47714585,-0.008463974,0.034041848,-0.16454908,-0.05481135,0.079424985,-0.30439848,-0.17357929,-0.02314172,-0.19696467,-0.10703166,0.0155902775,-0.08327674,0.01706209,0.041893374,0.029348038,-0.045879863,-0.23147306,-0.13146585,-0.0598981,-0.015057935,0.23298208,0.25193042,0.053198166
TCGA-E9-A2JT-01A,-0.09553914,0.039906796,0.18490759,0.09245474,-0.015380073,0.11921035,-0.010403749,0.069377884,-0.1263611,-0.09672981,-0.04554762,-0.04324826,0.019096456,0.38706094,0.16838983,0.042300332,0.08682365,0.14468874,-0.13533166,-0.19265044,-0.0005615614,0.07386869,0.02965642,0.039507885,-0.038759757,0.110093646,-0.37550557,0.031044636,-0.017393988,-0.2976706,-0.08101022,0.12228401,-0.20574266,-0.12342338,-0.03690842,-0.1688519,-0.10478571,0.13938269,-0.001004168,0.04277139,-0.074594125,0.15456907,-0.007967551,-0.162646,-0.10496004,-0.10999838,-0.24068254,0.18312706,0.2192578,0.14649051
TCGA-BH-A0AW-01A,-0.025854753,0.05221635,0.21041082,0.10282633,-0.13693091,0.12207028,0.010120342,0.12319669,-0.14931172,0.07712293,-0.044658147,-0.016635401,-0.039216436,0.26464593,0.3068613,-0.11361613,-0.0100867655,0.2400237,-0.06905013,-0.10786281,-0.06412707,0.12052698,-0.08212827,0.10986415,-0.0556272,0.07222205,-0.33383018,-0.0031164968,0.101692125,-0.239579,-0.01989292,0.101559214,-0.35940844,-0.26623416,-0.005498087,-0.15689301,-0.04690113,0.016233886,-0.06316739,-0.016520511,-0.04874566,0.18366295,0.09416421,-0.14988498,-0.124111556,-0.115600675,-0.0942412,0.13253403,0.08861755,0.109319896
TCGA-BH-A0E0-01A,-0.0796519,0.07685502,0.23665325,0.049116366,-0.24246684,0.036448713,0.039371774,0.0856834,-0.1895423,0.020311635,-0.08564977,-0.09970021,-0.055900652,0.3594385,0.17220233,-0.08026331,0.030188046,0.21509664,0.07690239,-0.18860886,-0.021409187,-0.012512661,-0.058008645,0.0101519665,-0.10597226,0.020270362,-0.3713443,0.06774189,0.01795578,-0.088618286,-0.035793375,0.08065147,-0.30140007,-0.17288186,-0.147673,-0.2132736,-0.14281306,0.1274388,-0.12533686,0.0030764684,-0.076278985,0.014949372,0.093122244,-0.1052141,-0.11736136,-0.030124987,-0.1052686,0.12746662,0.24810724,0.07565682
TCGA-D8-A1Y2-01A,-0.10476877,0.04166109,0.23460244,0.0684937,-0.113994084,0.019363303,0.017508747,-0.0069298455,-0.081586584,0.020985648,-0.057007074,-0.049217407,-0.03849654,0.2713825,0.21704958,-0.034670614,0.024621483,0.33871558,-0.11856535,-0.23799208,0.010976665,0.0015688437,-0.094701536,-0.0019397672,-0.08312917,0.03230435,-0.44331136,0.072586335,0.0049950597,-0.19528955,0.019775975,0.16261455,-0.23976105,-0.17938033,-0.12877584,-0.11227093,-0.036001492,0.14040525,0.032046206,0.073115766,-0.036618028,0.003956583,0.07668824,-0.12291471,-0.06802866,-0.07320074,-0.25419095,0.1198521,0.18192323,0.13080698
TCGA-UL-AAZ6-01A,-0.10984055,0.07760923,0.16189502,0.057138175,-0.1560964,0.13148877,-0.06773029,0.08373865,-0.16878882,0.038286276,-0.007889512,-0.04007474,-0.012612346,0.2851201,0.210112,0.0364504,0.03791317,0.22784497,-0.036444485,-0.140025,-0.12404492,0.046973124,-0.12805505,0.12218353,0.008038747,0.038683373,-0.3925486,-0.011306727,0.049340926,-0.33564964,0.031118115,0.045610856,-0.21355708,-0.13765217,-0.11212547,-0.17619255,-0.09882671,0.25301585,-0.09317297,-0.02951075,-0.009282042,0.23863614,0.10896104,-0.13758409,-0.1671268,-0.027570369,-0.097337976,0.08912874,0.1164037,0.067043826
TCGA-BH-A0DK-01A,-0.05566465,-0.08118987,0.25664607,0.028514095,-0.19302242,0.028328316,0.0016090395,0.068984285,-0.010473432,-0.014534991,-0.11107835,0.034274764,0.10869092,0.3281312,0.17160933,0.029038372,0.075491354,0.18547952,-0.057526533,-0.21792907,0.035798687,0.102391176,-0.07663659,0.13410623,-0.044112146,-0.003765528,-0.4200801,-0.1201549,0.02780374,-0.2071956,-0.06397188,0.0032619755,-0.28570697,-0.13812514,-0.06307353,-0.2762537,-0.02599299,0.13338941,0.049739085,0.023306284,-0.08481888,0.050960775,0.080946326,-0.17857318,-0.054976128,-0.14641243,-0.156742,0.113539524,0.16304596,0.10381708
TCGA-BH-A1ET-01A,-0.12628014,0.02506747,0.19832413,0.043972906,-0.18559916,0.14190926,0.038852338,0.1667641,-0.093106285,0.044483904,-0.046762135,0.03798389,0.072689965,0.28266552,0.12260826,-0.08655656,0.025930513,0.23937444,-0.04084817,-0.1512987,0.105241105,-0.038167927,-0.104234256,-0.008312397,0.047778554,-0.026331915,-0.4192028,-0.075949274,0.07354648,-0.19330737,-0.10214807,0.1964029,-0.2147538,-0.2423919,0.020395659,-0.14020157,-0.16324347,0.053077765,-0.09804315,0.0862226,-0.10483809,0.083709344,0.12310063,-0.08759493,-0.15779418,-0.13893455,-0.1263506,0.18767442,0.19333279,0.09466013
TCGA-LD-A66U-01A,-0.12520607,0.05339211,0.26690704,0.06563582,-0.04251438,0.1084582,0.058812696,0.043102093,-0.15803787,0.0440583,-0.09479259,-0.118001275,0.15876146,0.18709871,0.2084236,-0.025388638,0.034427203,0.27241918,-0.04392224,-0.3322156,-0.014291183,0.042852458,-0.012521426,0.05002601,-0.051898047,-0.031373028,-0.3820284,0.071414664,0.015742289,-0.23407553,-0.069693044,0.15588564,-0.2689342,-0.18742566,-0.10406846,-0.2163821,-0.11151259,0.10758451,-0.103566386,-0.046077125,-0.025605774,0.059959818,0.034417596,-0.15655494,-0.14505203,0.005769067,-0.08440655,0.12776805,0.08970104,0.13085584
TCGA-E2-A1L9-01A,-0.12033493,0.014750153,0.23000084,0.02168357,-0.13121341,0.116818674,0.02054588,0.047657255,-0.19996506,-0.033092294,-0.051795542,-0.048022714,9.553604e-06,0.1641195,0.26201522,0.006921793,-0.030192211,0.23260467,-0.02346391,-0.15796168,0.057668403,-0.0016910048,-0.055776916,0.05861664,-0.013408473,0.13586698,-0.42612162,0.009203496,0.032878064,-0.20056581,-0.1294484,0.1338195,-0.18410082,-0.23954324,-0.1321346,-0.17425236,-0.094491385,0.1498556,-0.124528386,-0.015552307,-0.092423685,0.15934215,0.12152546,-0.14782289,-0.15231974,-0.09661368,-0.07912632,0.20468451,0.18267341,0.1383937
TCGA-B6-A1KN-01A,-0.035928193,0.1506119,0.31665173,0.089217514,-0.05832748,0.03775549,0.05314916,0.14381137,-0.18925655,-0.04616626,-0.013390634,-0.11268179,0.09333621,0.3565748,0.17627233,-0.13539773,0.022743473,0.16034286,0.0805923,-0.1048573,-0.05115618,0.05510007,-0.06327671,0.06275522,-0.07841475,-0.0036589685,-0.37759298,0.025299834,0.005728722,-0.23468687,-0.050639465,0.03602113,-0.27704373,-0.16856323,-0.036588255,-0.17624608,-0.08795167,0.17636657,-0.038718738,0.07060428,-0.0124366,0.11386849,0.079613715,-0.20783018,-0.04379245,0.007343488,-0.024396537,0.099815026,0.20043924,0.19864611
TCGA-AR-A0U2-01A,-0.11160103,0.016394718,0.30255625,0.090902746,-0.1265501,0.05036552,-0.02048297,0.14176962,-0.13885303,0.056942247,-0.018785918,0.0020712477,0.019796418,0.3318419,0.18847719,-0.060985494,0.071244486,0.11053865,-0.02197724,-0.09004514,0.08445881,0.034484036,-0.009850287,0.17925514,-0.116995774,0.021877527,-0.37705547,0.0121294875,0.0756501,-0.24404797,-0.032895453,0.15376021,-0.3159255,-0.14415845,-0.07143766,-0.24852264,-0.102361694,0.06313279,-0.02152332,0.08053866,-0.0077855117,0.10779112,0.07290625,-0.15349028,-0.11752233,0.0022681442,0.008212721,0.10388773,0.23061587,0.18856093
TCGA-D8-A1X8-01A,-0.12781332,0.015373163,0.33715838,0.055562574,-0.16053365,0.10745725,0.023703786,0.087316066,-0.07510664,0.061304566,-0.06019582,-0.07513786,0.020154016,0.27769873,0.1371683,0.024058208,0.071937956,0.36123532,-0.067388035,-0.26166204,0.002917446,0.028877908,-0.008878756,0.14036359,-0.055887878,0.13823587,-0.38135403,0.04842009,-0.065370865,-0.21410476,-0.057456758,0.12173461,-0.14918858,-0.2104228,-0.041548006,-0.08018975,0.01139817,0.11943104,-0.05332147,0.0807933,-0.05969234,0.10827832,0.11864937,-0.103334844,-0.14585271,-0.09832456,-0.09418063,0.15143391,0.18271081,0.058391813
TCGA-EW-A1P3-01A,-0.2245298,0.10366951,0.22732902,0.11986535,-0.17269924,0.18883257,-0.0161237,0.123799965,-0.1249286,0.027421612,0.020365285,0.03590166,-0.044586204,0.19784105,0.12155761,-0.0291611,0.006861775,0.24675553,-0.11744585,-0.2551779,-0.0073360032,0.061672866,-0.06255245,0.09862843,-0.07779106,0.08486913,-0.4020134,0.07434813,-0.04732668,-0.22084649,-0.07379301,0.14070703,-0.23109345,-0.22768249,-0.032877464,-0.16560076,-0.08798981,0.16383752,0.0045797643,0.011499038,-0.010463791,0.096165545,0.04632082,-0.111687414,-0.1486407,-0.11379921,-0.063675225,0.14812645,0.104425125,0.19621709
TCGA-E9-A247-01A,-0.04752717,0.02361326,0.26003134,0.12386715,-0.12296336,0.09749142,-0.049868092,0.20441218,-0.096036546,0.06463982,-0.00782171,-0.08789233,-0.06422175,0.31883252,0.2276663,-0.02618236,0.010010126,0.26492658,-0.107539214,-0.08260398,-0.061260078,0.05950243,0.0069506313,0.13084789,-0.059797034,-0.014095612,-0.38867307,0.12887102,-0.015381591,-0.17801292,-0.048671953,0.12271128,-0.3306959,-0.12127792,-0.11792384,-0.20577145,-0.05820402,0.15819906,-0.04521998,0.034363244,-0.036735483,0.24755296,0.09412459,-0.120838776,-0.1352606,-0.0707267,-0.020106478,0.073372,0.059838533,0.034507535
TCGA-EW-A1J5-01A,-0.12687972,-0.012604715,0.27769464,0.072254255,-0.12442774,-0.00021790787,-0.04106631,0.1940484,-0.10030174,-0.101415984,-0.14102764,-0.063894816,0.086129606,0.16170642,0.21232735,0.017584197,0.06000689,0.25161585,-0.008234517,-0.18462102,-0.07598398,0.06328459,-0.104628764,0.12317174,-0.032475412,0.034703102,-0.48371646,0.008610909,-0.1074361,-0.14639321,-0.13619846,0.08294998,-0.15563081,-0.1851857,-0.056743257,-0.09893713,0.014412648,0.11106305,-0.033675555,0.04626164,-0.11010287,0.10779294,0.20042592,-0.13644886,-0.17863011,-0.09593105,-0.118419796,0.17851688,0.18103287,0.044511557
TCGA-OL-A66H-01A,-0.10315979,-0.023801556,0.2888911,0.06891358,-0.23957632,0.070403785,-0.014508711,0.09139734,-0.017270781,-0.017614655,-0.06920107,0.033911213,0.09725784,0.39571232,0.14986178,-0.06476301,0.050858952,0.18216696,-0.11547167,-0.23192765,0.019878408,0.032143794,0.0035186827,0.0898372,-0.062250964,0.093473494,-0.43667486,-0.057630353,-0.021996073,-0.25404316,-0.0772661,0.12314914,-0.1841682,-0.23139249,-0.036066838,-0.11479143,-0.1151083,0.024193304,-0.08024418,0.13553263,-0.07727992,0.08323447,0.078184105,-0.10440505,-0.038360033,-0.069072574,-0.039496005,0.12786753,0.1447913,0.09810254
TCGA-D8-A1JI-01A,-0.10158637,-0.036047652,0.18316221,-0.026522512,-0.14064926,0.122555226,-0.00082633976,0.0691128,-0.19125742,-0.03720961,0.0070587033,-0.022904977,0.07435405,0.20350768,0.1856443,0.0072680293,0.009941376,0.2369463,-0.03023506,-0.2848804,-0.027236687,0.12166147,-0.014265585,0.022476504,0.018550511,0.07670309,-0.40988728,-0.014906079,0.09961282,-0.24701786,-0.0062913643,0.08863587,-0.3155181,-0.23233806,0.02229096,-0.132202,-0.05586247,0.15538721,-0.07740068,0.0071474635,-0.05993766,0.22386208,0.16888244,-0.062355436,-0.0039046968,-0.10283588,-0.024740698,0.1999175,0.18767722,0.09679016
TCGA-E9-A1RI-01A,-0.08202555,-0.029458879,0.17260928,0.15424304,-0.07592658,0.024108823,0.030535875,0.1317383,-0.14182565,-0.008876596,-0.036081243,-0.001002146,0.109718986,0.20121847,0.27040035,-0.10759386,0.1306186,0.2914227,-0.08433273,-0.24112825,0.014016585,0.09543551,-0.08513163,0.055438258,-0.11715032,-0.0569293,-0.3901557,0.024699925,-0.019544782,-0.20327522,-0.13093537,0.06336149,-0.23918821,-0.19967663,-0.015773311,-0.269295,-0.044848517,0.124590725,0.030157926,0.07459402,-0.057265554,0.10110763,0.12649043,-0.17259191,-0.028973702,-0.03637702,-0.07027358,0.17386097,0.20150453,0.06972568
TCGA-AR-A1AX-01A,-0.18783434,-0.009773574,0.23738103,0.018096449,-0.02779544,0.08681503,-0.036180403,0.04964883,-0.13977027,-0.02219395,-0.12619953,-0.04378413,0.052596096,0.24870217,0.2220842,0.004205951,-0.047425546,0.20497796,-0.0323693,-0.15953808,0.015044835,0.00523152,-0.10315457,-0.0053895027,-0.024562174,-0.039978676,-0.3871106,0.055007666,-0.0043136207,-0.15690027,-0.015422342,0.11591042,-0.2956836,-0.26518485,-0.05057055,-0.14804634,-0.023367308,0.18735866,-0.04944324,-0.03398591,-0.1067316,0.07068842,0.003612864,-0.17814243,-0.2039072,-0.13813168,-0.15679179,0.100157045,0.24973993,0.20419581
TCGA-OL-A5DA-01A,-0.12810084,-0.019999042,0.27878153,-0.008756479,-0.06343382,0.071407415,-0.051742047,0.14262591,-0.08797805,-0.07260942,-0.08504601,-0.03843499,0.015060103,0.1755716,0.15823208,0.010486172,0.08709046,0.25522068,0.0040853214,-0.22833098,0.02228364,-0.026911672,-0.05656429,0.16271012,-0.037153855,0.035016898,-0.40179002,0.09542403,0.013355469,-0.2855726,-0.17982967,0.095586345,-0.19896019,-0.25211027,0.0067555425,-0.17987144,-0.1163516,0.14973801,-0.0638215,0.06776534,-0.11568606,0.10672918,0.031884562,-0.058987178,-0.10043086,-0.07516166,-0.09349248,0.18478164,0.21867032,0.16532283
TCGA-C8-A1HF-01A,-0.10483987,0.14955032,0.21380185,0.09300698,-0.1452448,0.0867531,-0.022495057,0.05403648,-0.07236917,0.049264833,-0.058912758,-0.13066104,0.03735864,0.3553115,0.266097,-0.055556297,0.058239456,0.2947717,-0.014759902,-0.19552661,-0.07128552,0.10296723,-0.09603281,0.062066305,-0.011205504,0.0040443623,-0.3674855,-0.074409366,0.072172314,-0.19155976,-0.034205716,0.16054524,-0.20170642,-0.18480343,0.0065320632,-0.17014815,-0.12048497,0.10766808,-0.18506241,-0.027894141,-0.10265962,0.113431565,0.026723886,-0.1736168,-0.07464759,-0.019742258,-0.09356538,0.09896659,0.161184,0.11708163
TCGA-EW-A1J1-01A,-0.024221163,0.16375245,0.2732973,0.1068586,-0.16430125,0.108478,-0.058228098,0.1384964,-0.14107472,-0.019863034,-0.08938322,-0.12237071,-0.017622225,0.17363012,0.1819732,0.0007940272,-0.0066225743,0.26883048,-0.0074676974,-0.19950475,-0.050236363,0.11622163,-0.09521831,0.08286087,-0.040050007,-0.0018860847,-0.40466127,0.02822684,0.04044214,-0.18082073,-0.11106714,0.12267236,-0.2854184,-0.13043655,-0.052943584,-0.17111084,-0.047241535,0.112811096,-0.13588582,0.013222952,0.036198933,0.06724677,0.11552812,-0.18713821,-0.15224484,-0.039110266,-0.056386415,0.1663639,0.20073651,0.17915806
TCGA-AO-A0JJ-01A,-0.1717559,-0.028438633,0.21462423,0.047617972,-0.10935115,0.09494269,0.0102262655,0.098866165,-0.123283155,0.004656916,-0.10003728,-0.053946964,0.017478427,0.22593616,0.21806367,-0.013704422,-0.032397874,0.21504514,-0.03823643,-0.23542368,-0.053963806,-0.02090801,-0.053411305,0.16717295,-0.023960946,0.020470029,-0.3839857,-0.01429506,0.047673766,-0.13721064,-0.072397776,0.13453254,-0.33106497,-0.20456062,-0.100748114,-0.07368193,-0.12363511,0.19534709,0.052683197,0.0435516,-0.11426221,0.17946208,0.11813597,-0.15387197,-0.02491422,-0.13869537,-0.09254965,0.1326735,0.2600847,0.10077953
TCGA-E2-A1B4-01A,-0.10915612,-0.0370714,0.23907438,0.06525857,-0.11458957,0.14506921,0.0040766653,0.06905363,-0.06800378,-0.026963307,0.012383762,-0.10307216,-0.025828818,0.22108477,0.14325151,0.010365347,0.14533703,0.24043006,-0.03036461,-0.20216079,-0.006856435,-0.026638882,0.03013001,0.041513193,-0.041993998,0.112580344,-0.38915968,-0.029184844,0.08613188,-0.1793688,-0.011347637,0.10372743,-0.29492262,-0.11414846,-0.16475904,-0.23204565,0.07525156,0.13544774,0.047135137,0.025134202,-0.08146872,0.12205977,0.056501463,-0.072813705,-0.15879948,-0.0022548486,-0.15933523,0.19048682,0.2828708,0.23217475
TCGA-Z7-A8R5-01A,-0.048370242,0.049802423,0.24910152,0.10716541,-0.12042397,0.16014457,0.09695892,0.1679495,-0.13826863,0.020721577,0.002742213,-0.10128116,0.094458975,0.20676692,0.28904328,0.03367603,0.055343054,0.20454797,-0.03829462,-0.09344777,-0.019502904,-0.06212331,-0.20835079,0.07504156,-0.07804852,0.042252056,-0.36826,0.07457703,-0.059965193,-0.20600758,-0.13914454,0.106067844,-0.20002368,-0.18197112,-0.1655847,-0.18056072,-0.10864512,0.12857477,-0.066064656,0.09768507,-0.086324774,0.09329233,0.077214755,-0.18362816,-0.09223687,-0.023512151,-0.014765384,0.22739829,0.21591571,0.06932602
TCGA-BH-A0B6-01A,-0.14856753,0.122552045,0.26719677,0.101703286,-0.22671334,0.082384385,-0.115779035,0.13878506,-0.14541137,0.07359553,0.006120264,-0.2317588,-0.03724527,0.29512608,0.15636292,-0.003319316,-0.023204822,0.27449945,-0.07573175,-0.2131715,0.04004943,-0.056374744,-0.11614932,0.09103178,-0.012396632,-0.024633132,-0.25603816,-0.009778498,0.046702076,-0.2817344,-0.067065775,0.07225369,-0.17944169,-0.15836811,0.00355835,-0.2519428,-0.08978729,0.08057926,-0.13435923,0.06786198,-0.08801005,0.14803196,0.069784515,-0.12412331,-0.14495823,-0.07772809,-0.13322867,0.10260293,0.14079334,0.051772196
TCGA-A7-A26J-01A,-0.09286223,-0.032574475,0.2952724,0.21164711,-0.17086661,0.039609596,-0.09303589,0.13692515,-0.20900144,0.04784316,0.011995968,-0.04936977,0.024517385,0.25301158,0.24410374,-0.115250796,0.02680255,0.21540646,-0.0119709745,-0.28768048,-0.033667564,0.04745537,-0.015637524,0.1218598,-0.107595995,0.013079645,-0.36584723,-0.068220325,-0.008620904,-0.083935365,-0.092713244,0.05425922,-0.2202131,-0.11750968,-0.10557213,-0.21010473,0.0044823955,0.17761661,-0.05460747,0.10117699,-0.05221803,0.099314064,0.045097414,-0.15023656,-0.082388185,-0.0405691,-0.064071156,0.15775372,0.23592605,0.06374256
TCGA-BH-A1EW-01A,-0.047489483,0.03945357,0.26666915,0.05634094,-0.19750996,0.17319742,0.06276858,0.11021132,-0.10038003,0.0655972,-0.062593244,-0.0699608,-0.0023650855,0.254837,0.21903446,0.026491277,-0.017143754,0.20222498,-0.026253218,0.041501258,0.065084435,0.050225616,-0.10469332,0.042773146,-0.06933108,0.09224192,-0.49522454,0.012415708,-0.0014671299,-0.18371223,-0.009843901,0.164293,-0.21415962,-0.25407025,-0.06933113,-0.16311966,-0.0527588,0.058364905,-0.089933455,0.013909739,-0.028416634,0.08595901,0.07638041,-0.15026931,-0.005450036,-0.13288945,-0.006614561,0.08080269,0.2960119,0.11173289
TCGA-BH-A6R9-01A,-0.20026033,0.04748956,0.18538792,0.05430268,-0.057121187,0.060074326,0.047076155,0.11888014,-0.16296358,-0.046477176,-0.10251855,-0.040900853,0.09028045,0.26452234,0.26391447,0.0594181,0.06436894,0.19053374,-0.09064101,-0.11520485,-0.015374795,0.00038230536,-0.07034155,0.074772716,-0.0636391,0.09392617,-0.44698387,0.06068063,0.031109102,-0.19664665,-0.049264,0.050747264,-0.22824302,-0.18283875,0.010047137,-0.2718313,-0.04095075,0.16039717,-0.05804175,0.029031198,-0.016763872,-0.018885337,0.09208848,-0.08776443,-0.15634024,-0.09005929,-0.14571215,0.15232964,0.28839502,0.05553794
TCGA-HN-A2OB-01A,-0.12287918,-0.07185961,0.19690147,0.12265445,-0.138085,-0.031093346,0.01133942,0.12218544,-0.119495936,-0.03125133,-0.013215095,0.064751744,0.055688318,0.28155813,0.31360623,0.029487984,0.0770306,0.25917235,-0.10702694,-0.22519879,-0.03488413,-0.0818464,-0.014047078,0.019379742,0.006001695,0.025281735,-0.35294804,0.01186549,0.12725103,-0.24215265,-0.08108272,0.13813592,-0.21236387,-0.31360903,-0.07528325,-0.17741543,-0.07395522,0.04119362,-0.05990279,0.028424896,-0.059457157,0.104688965,0.005215262,-0.12779233,-0.07010299,-0.16663651,-0.08539021,0.10814493,0.19275917,0.09023386
TCGA-BH-A8G0-01A,-0.17629033,-0.04499168,0.16560055,0.012420026,-0.12182239,0.10980372,-0.11652267,0.13379665,-0.120707594,-0.013256156,-0.10479908,0.027234443,0.048721842,0.3765825,0.166259,-0.070057474,0.017556867,0.28905985,-0.0064585945,-0.16993631,-0.036640037,-0.00074118364,-0.08749561,0.045339398,0.044795696,0.117593855,-0.40902045,-0.011407384,-0.023052895,-0.20255396,-0.11577184,0.09327043,-0.2830575,-0.22752115,-0.001778955,-0.11737044,-0.002127055,0.11540163,-0.014352354,0.091079794,-0.19859555,0.0015487686,0.054313026,-0.041674457,-0.1972184,-0.13409264,-0.042475104,0.04753398,0.17790322,0.052562263
TCGA-A2-A259-01A,-0.14758198,0.0054511274,0.27874148,0.094121896,-0.19002244,0.17365313,-0.044020977,0.12305716,-0.12253066,-0.006676681,-0.12614022,-0.061991945,0.05793354,0.16566545,0.2273613,-0.02445891,0.024186183,0.2620877,-0.07879653,-0.20792873,-0.010611008,0.079797894,0.010672194,0.041034676,-0.056412123,0.07049823,-0.355254,-0.0003297217,-0.03163958,-0.27663395,-0.10376556,0.12976663,-0.24269816,-0.07099928,-0.017183391,-0.13480297,-0.099143945,0.17900838,-0.04039346,0.053622887,-0.10473684,0.15180396,0.046436373,-0.06876255,-0.1846188,-0.11310824,-0.15309143,0.17783454,0.20729642,0.0964076
TCGA-BH-A0BZ-01A,-0.1395355,0.012988416,0.24257454,0.02573155,-0.23843692,0.091665976,0.051497743,0.09371384,-0.24921727,0.031903762,-0.044201046,0.023245879,0.058028173,0.2752863,0.19347887,0.055564534,0.1253153,0.26524052,-0.043088026,-0.15737242,-0.08216624,-0.00088692957,-0.09087448,0.11960403,0.009155562,0.08386043,-0.2877858,-0.016517745,0.007994693,-0.22841215,-0.055697087,0.010903944,-0.2728142,-0.14412524,-0.13788459,-0.24769424,-0.074846685,0.12071389,-0.13293888,0.048947416,-0.071392976,0.08498886,0.19757323,-0.17931928,-0.083239086,-0.09372051,0.06878713,0.08343934,0.20342146,0.055767
TCGA-E2-A1IJ-01A,-0.13538146,0.024200696,0.25559542,0.07585442,-0.17279944,0.13487844,-3.3680153e-05,0.115391694,-0.1601565,-0.04029776,-0.12543584,-0.030532336,0.10846938,0.25175017,0.2610204,-0.030204931,-0.030790912,0.23181686,-0.07747319,-0.22115968,0.0328261,-0.001965243,-0.124370046,0.11694948,-0.08077195,0.08185978,-0.41029343,0.0666831,-0.005655245,-0.20717303,-0.12166584,0.21471453,-0.21710707,-0.18523888,-0.002763175,-0.19156417,-0.10993189,0.1214708,0.030152338,0.05977749,-0.09263708,0.035369325,0.06844483,-0.0165191,-0.1339598,-0.07210631,0.0025842667,0.13201049,0.16111585,-0.0028298618
TCGA-WT-AB44-01A,-0.06297823,0.116535544,0.23001987,0.045882344,-0.062989704,0.16295789,0.06894626,0.15403455,-0.11106726,0.03762037,-0.07481578,-0.03206785,0.032322768,0.33649707,0.21448295,0.019841606,0.049660705,0.1384379,-0.0018043349,-0.121536486,-0.0091049615,0.005625705,-0.015471863,0.07238125,-0.13022631,-0.020320127,-0.45065677,-0.0062836795,-0.017871073,-0.18965544,0.012303304,0.05820651,-0.3310571,-0.25077552,-0.030055124,-0.1537181,-0.034634262,0.11643911,-0.16169818,0.10700593,-0.023696894,0.068128094,0.06613528,-0.19104362,-0.13635035,-0.13175555,-0.07151394,0.080343254,0.17332582,0.10975956
TCGA-AR-A24Z-01A,-0.10386159,0.106875725,0.33735332,-0.0032757258,-0.07981858,0.11664118,-0.015315944,0.23135726,-0.14111319,0.07667635,-0.067666136,0.008643689,0.021119239,0.35901213,0.09014561,0.069776684,-0.030793535,0.20647018,-0.03912977,-0.18416463,0.05276556,0.08562352,-0.10584726,0.100268826,-0.06086257,0.012822235,-0.34541932,-0.020336878,0.0045363745,-0.2561079,-0.021716947,0.1798134,-0.29242307,-0.19087341,-0.06413726,-0.14565581,-0.08691682,0.11352335,-0.12920852,0.06867333,-0.10358575,-0.024849713,0.090192296,-0.1183572,-0.09563734,-0.100823715,-0.0037039747,0.06281643,0.1914245,0.050153986
TCGA-B6-A0RE-01A,-0.1099897,0.040111355,0.24478771,0.019409496,-0.12642139,0.07173939,0.016385842,0.13876916,-0.1239774,0.061513912,-0.06813253,-0.056243833,0.01748367,0.37270227,0.17077057,-0.05334957,0.10926627,0.21820375,-0.050306045,-0.08505518,-0.018248118,0.064230256,-0.0056211217,0.054796226,-0.058674365,0.043443386,-0.3441996,0.03185557,-0.026473278,-0.34839055,-0.104683116,0.08258544,-0.2872994,-0.11195055,-0.124018006,-0.09400872,-0.043969367,0.15772958,-0.13788079,0.09061238,-0.051260617,0.028672295,0.00528139,-0.19165875,-0.09000706,-0.18135805,-0.11004403,0.15124097,0.2018715,0.12414653
TCGA-BH-A5IZ-01A,-0.11020099,0.018992502,0.20596637,0.13291389,-0.16872163,0.122998394,0.029698832,0.13828416,-0.09003558,0.036272384,-0.08714119,-0.048609123,0.067115225,0.26760623,0.13604733,0.000846876,0.048073098,0.28451216,-0.009391978,-0.17775957,-0.01242329,-0.009120803,-0.09555629,0.15681113,0.013124764,0.019772427,-0.40182635,-0.040663496,-0.009419762,-0.16516115,-0.096433766,0.094007865,-0.26621076,-0.12796912,-0.016085658,-0.26377591,-0.107624054,0.10617283,-0.09647328,0.003684146,-0.12046795,0.035898846,0.005659888,-0.22113422,-0.12150134,-0.15807359,-0.13039687,0.108187646,0.2220489,0.14127564
TCGA-EW-A2FV-01A,-0.027755693,0.04627906,0.21240754,0.049138386,-0.22187114,0.11789524,-0.021715097,0.17593446,-0.19588356,-0.020333003,-0.01733644,-0.021330334,0.02816962,0.34906858,0.15013492,-0.020208022,0.023467788,0.17331837,0.13117877,-0.12290046,0.05607549,0.08643475,-0.07708559,0.11012145,-0.15061362,0.04407654,-0.40353665,0.00039098688,-0.019609237,-0.19301398,-0.04686485,0.20460346,-0.26325336,-0.18939689,-0.121055566,-0.21220496,-0.053154785,0.089645416,-0.07814996,0.07396271,-0.118297406,0.10309812,0.03928877,-0.15146647,-0.10714335,-0.08115457,-0.12854229,0.058649253,0.17310137,0.06870921
TCGA-D8-A1XR-01A,-0.1254664,0.071624264,0.24408294,0.066363215,-0.17876025,0.1474287,0.02596228,0.19990744,-0.091223955,0.04070668,-0.03769343,0.03689499,0.07847913,0.26190367,0.20995885,-0.030370235,0.01434554,0.21598218,-0.07750249,-0.19805531,-0.10332773,0.016510962,-0.14312196,0.15575762,-0.017159784,0.0861013,-0.43249825,0.040821817,-0.000988062,-0.18950288,-0.11791528,0.18233289,-0.23209001,-0.14995351,-0.15335032,-0.20199022,-0.07771491,0.11005501,-0.0329502,0.025666595,-0.06573288,0.093868054,0.02458832,-0.0569814,-0.031754553,-0.12849559,0.0018619568,0.11534863,0.21642888,0.076243624
TCGA-AC-A5EH-01A,-0.19359453,0.07740341,0.25964597,0.08313971,-0.19229649,0.090981975,0.03183747,0.16937743,-0.13958944,0.01947577,0.007938018,-0.12062376,0.0015906788,0.28070784,0.14957334,-0.110804275,-0.06583259,0.2431315,0.015401526,-0.061606936,-0.009644914,-0.005662815,0.00900903,0.029588861,0.031489037,0.032571454,-0.44729868,0.059553005,-0.03928986,-0.11020264,-0.013601618,0.14236404,-0.22637293,-0.14397441,-0.16497864,-0.26423678,-0.14625467,0.1576817,-0.13615297,0.0487861,0.037360243,0.031454124,0.08300263,-0.08936993,-0.08014745,-0.004085225,-0.056946512,0.112292096,0.22416797,0.1579559
TCGA-BH-A0WA-01A,-0.17706217,0.11206246,0.117293105,-0.014160475,-0.12243645,0.06714507,-0.02753752,0.07856956,-0.098770894,0.055011604,-0.1661919,-0.082684815,0.010059218,0.26628298,0.24316995,-0.004742745,0.17275748,0.15616338,-0.024948698,-0.16888559,0.10624202,0.044334836,0.037080415,0.06402463,-0.11511128,-0.04118032,-0.4301974,-0.013692217,-0.036152188,-0.18820749,-0.0962679,0.21438743,-0.31687647,-0.12374511,-0.048759278,-0.2175702,-0.01812897,0.16458824,-0.10054926,0.005751159,-0.0054433667,0.12959158,0.10185826,-0.15137304,-0.08814304,-0.12536566,-0.013303355,0.16204578,0.17061539,0.10905506
TCGA-D8-A1JH-01A,-0.11350088,-0.023709534,0.20216352,0.10053726,-0.10079707,0.048100628,0.06480446,0.05630883,-0.13942002,0.0024123727,-0.02078165,-0.03936725,0.041238587,0.3139501,0.28236368,-0.078677885,0.035107233,0.19828252,-0.10803482,-0.19987348,-0.025116615,-0.09398047,-0.15085496,0.14001136,-0.062822565,0.09561003,-0.3981025,-0.034076374,0.045878854,-0.1559979,-0.04550179,0.119772404,-0.26243088,-0.23649678,-0.123576745,-0.10188846,-0.16707788,0.16435301,-0.008594444,0.006883797,-0.02247213,0.03145279,0.11822248,-0.17320798,-0.05083801,-0.026178181,-0.12950617,0.06975557,0.2106364,0.1681995
TCGA-EW-A1PG-01A,-0.0626539,0.07707729,0.11427039,0.07081132,-0.12706383,0.16150713,0.08981558,-0.015400444,-0.16605337,-0.0022612968,-0.12219978,-0.0486682,0.09405102,0.2256481,0.21878617,0.06590136,-0.0010193952,0.28513056,-0.06286808,-0.2474112,-0.04994105,0.04298018,-0.00025246016,0.082361534,-0.08744147,0.18698464,-0.42905423,-0.103596054,-0.07133283,-0.085963055,-0.19053327,0.18297508,-0.2459532,-0.20126316,-0.047472294,-0.1680608,-0.12248372,0.15843867,-0.034566212,0.03005991,0.020651825,0.068235874,0.03918996,-0.16610065,-0.05009699,-0.15962756,-0.0073090545,0.11130877,0.1775459,0.086770795
TCGA-BH-A0W3-01A,-0.09145947,0.08329367,0.29635322,0.03914981,-0.1345829,0.14843969,-0.05731674,0.093468785,-0.15580516,0.039969426,0.031733498,-0.09793286,-0.008145106,0.40238333,0.17572628,-0.036605254,0.0849551,0.20281985,0.0059218556,-0.103709355,0.009439808,0.027961863,-0.06728538,0.059959892,-0.07765798,-0.021352341,-0.37607554,-0.07043355,0.033626072,-0.1724222,-0.11891075,0.15012768,-0.29878992,-0.2087277,-0.03704731,-0.09742166,-0.042143207,0.17950276,-0.16119103,-0.0054560397,-0.023627423,0.04723349,0.06647871,-0.14671242,-0.1684978,-0.06307716,-0.0056046518,0.14276533,0.17565231,0.0886535
TCGA-D8-A27E-01A,-0.1446945,0.0761904,0.30665424,0.009799109,-0.14703107,0.08813979,0.0347633,0.054805167,-0.06773643,-0.06454395,-0.016135829,0.031292867,0.044041507,0.27637392,0.20257342,0.060636073,-0.0084079215,0.22811237,-0.06860454,-0.25317073,-0.0024093757,0.032628745,-0.0640747,0.12281736,-0.04624831,0.08405499,-0.35571525,-5.1758314e-05,-0.02699474,-0.22130434,-0.10152711,0.14403825,-0.2809236,-0.22112247,-0.09438829,-0.13925368,-0.024534399,0.13237455,0.04495701,0.17447586,-0.06573087,0.055393983,0.058102038,-0.13955335,-0.0804446,-0.1473647,0.019877493,0.20541795,0.19141066,0.10234391
TCGA-BH-A0HK-01A,-0.13076237,0.034752667,0.346818,0.09452487,-0.15535042,0.15690629,-0.0010784043,0.14461717,-0.017156666,0.023591368,-0.05350809,-0.069747694,0.06267202,0.29691908,0.09333428,-0.06583907,-0.017159447,0.19786575,-0.06574783,-0.25119174,0.013661393,-0.020951236,-0.06547452,0.0732566,-0.06030934,0.06929325,-0.35362118,0.02247567,0.051329874,-0.26898712,-0.09847177,0.15370767,-0.28274283,-0.14028902,-0.04857375,-0.2031531,-0.041131537,0.058145475,-0.048372816,0.06636536,-0.16058165,0.048463423,0.14920941,-0.09608984,-0.048215307,-0.05927029,-0.05585569,0.09688753,0.27275163,0.04694399
TCGA-BH-A1EN-01A,-0.060450625,0.086809725,0.24254532,0.024976172,-0.14447801,0.17092901,-0.025782412,0.09443604,-0.08849067,-0.08540237,-0.015764538,-0.060606252,0.06631424,0.29233038,0.23814082,-0.012564097,-0.0147408005,0.23305054,-0.032047264,-0.10673103,0.041709,0.16157481,0.009285085,0.18467337,-0.024944441,0.05246313,-0.3723458,0.030237287,0.013178268,-0.2362671,-0.04400645,0.13282955,-0.28470778,-0.19013922,-0.13045926,-0.11558713,-0.026094949,0.06988148,-0.13506472,-0.019687189,-0.014407453,0.16281019,0.082763,-0.07136985,-0.15226607,-0.098417416,-0.20267603,0.1416862,0.11205354,0.19849478
TCGA-D8-A1JD-01A,-0.13400623,0.08471595,0.23513198,0.08755181,-0.1244999,0.0018329278,0.0029455377,0.19167513,-0.16872592,0.0841627,-0.085663915,-0.07340485,0.025041612,0.35308632,0.20051552,-0.04125504,-0.007495885,0.25880095,-0.017825928,-0.07512326,0.023937492,0.07823775,-0.15830262,0.09961932,-0.13789171,-0.0071563413,-0.3066485,-0.08763663,0.05369548,-0.16632327,-0.0057951985,0.12804812,-0.2229159,-0.17657919,-0.049218934,-0.11224338,-0.055628244,0.071179815,-0.15860952,0.040206436,-0.045423586,0.07087462,0.2754332,-0.18504003,-0.12752372,-0.03588764,-0.016294362,0.072462656,0.2517,0.16526498
TCGA-AR-A0TT-01A,-0.16132827,0.029104648,0.26979607,0.004928736,-0.17707403,0.0919131,-0.013537824,0.10030002,-0.13331328,0.05636963,-0.1653402,0.028592186,0.056200102,0.24885947,0.1894478,-0.07388383,-0.014443069,0.24679416,-0.05859802,-0.18107454,0.09182632,-0.008619245,-0.13828811,-0.033733264,-0.049269427,0.051305294,-0.31098503,0.021544572,-0.026049696,-0.10212309,-0.08369829,0.15660626,-0.17989796,-0.12183827,-0.1276997,-0.2082105,0.00015678338,0.120788746,-0.084166795,0.064148016,-0.1307222,0.13645169,0.21112023,-0.21615288,-0.16518465,-0.18891786,-0.0016506289,0.17173712,0.22454181,0.14558083
TCGA-B6-A0WX-01A,-0.13283879,0.11111695,0.33984813,0.09267176,-0.105861545,0.0403461,-0.034541853,0.07167293,-0.165785,-0.06389837,-0.04754021,-0.138371,0.035426363,0.32292214,0.17641096,-0.14626786,0.05533112,0.1447479,-0.05546272,-0.16745798,-0.045577746,0.058905892,-0.029560272,0.14274645,-0.042513892,-0.026559703,-0.36098465,0.043509666,-0.014563153,-0.28167555,-0.05780692,0.08409044,-0.28715867,-0.158018,-0.12103892,-0.26315683,-0.064500734,0.17757621,-0.007171074,-0.027971752,-0.0144914705,0.06765679,0.107329026,-0.064262584,-0.109520204,-0.087122716,-0.12386015,-0.024183333,0.13295834,0.08739696
TCGA-A2-A0EN-01A,-0.12182813,-0.0059209145,0.24736907,0.06020324,-0.091178484,0.08582586,-0.030665718,-0.013234132,-0.18280709,0.103098296,-0.060600244,-0.031022487,0.03886436,0.31971893,0.18074398,-0.03125187,0.015459311,0.18907918,-0.039934743,-0.13293575,-0.04881539,-0.015127499,-0.053294193,-0.022253647,-0.075971894,0.069561146,-0.43977475,-0.09648698,-0.009010023,-0.21235357,-0.1406487,0.12451652,-0.18894303,-0.24087729,-0.14329866,-0.17239483,-0.07986108,0.10335551,-0.10220717,0.10872022,-0.10268971,0.014367844,-0.00066391,-0.14268056,-0.1081793,-0.0902878,-0.19467755,0.19670212,0.21213831,0.08127404
TCGA-AC-A8OQ-01A,-0.13846508,0.08935818,0.33159482,0.021653883,-0.22253764,0.047326595,0.030486962,0.098485865,-0.0838439,0.020691594,-0.089308344,-0.047209837,0.059269715,0.31285065,0.21076962,-0.12508583,0.005993596,0.20302032,0.048527617,-0.15885572,-0.0061922492,0.06580454,-0.011087389,0.020289026,-0.12084186,0.06562058,-0.34727067,-0.01543317,-0.0012650907,-0.19835797,0.03467142,0.123722196,-0.25972003,-0.13362694,-0.068906404,-0.26114032,-0.07049882,0.12500267,-0.12469125,0.0002387095,-0.090013206,0.21875806,0.010634864,-0.19166778,-0.13571455,-0.07964345,-0.04880817,0.109092176,0.0898531,0.13128586
TCGA-S3-AA12-01A,-0.18913476,0.055381242,0.23842333,0.00936154,-0.15590915,-0.0023735662,0.051322043,0.14765449,-0.08108037,-0.04680933,0.052019376,0.020293036,0.034775734,0.25334805,0.1178972,-0.0446327,0.004570515,0.24191388,0.013298514,-0.18916655,0.034632325,-0.014838311,-0.017241746,0.20385723,-0.078322396,0.085545465,-0.4194803,-0.05198999,0.03392743,-0.3437654,-0.06691422,0.116726674,-0.25353995,-0.26832056,0.0012791664,-0.15788364,-0.008098781,0.17821918,-0.01149083,0.0669981,-0.07786919,0.08899475,0.04884753,-0.050189503,-0.117735766,-0.05532989,-0.02931298,0.0839939,0.18112114,0.14420886
TCGA-E9-A1N4-01A,-0.16298772,0.09303802,0.24914244,0.06976539,-0.19742467,0.08469156,-0.050895095,0.08923338,-0.061237555,0.037892185,-0.09057216,0.06507643,-0.025806794,0.20494823,0.20640975,-0.058641613,0.028605917,0.2566404,-0.11755986,-0.1345788,-0.04668797,-0.004481563,-0.06534024,0.16449107,-0.14434348,0.04997132,-0.4121335,0.03964918,0.036690943,-0.21129933,-0.09552702,0.18659462,-0.24394885,-0.21095325,-0.14159462,-0.18602398,-0.07974512,0.17787687,0.03875309,0.0043728673,-0.07404129,0.07311778,0.18775135,-0.09405549,-0.08172497,-0.1221111,-0.011377571,0.16394852,0.12352237,0.031557348
TCGA-AR-A1AO-01A,-0.13217796,0.001433843,0.31802353,0.009506601,-0.13295446,0.10823698,-0.042572185,0.15827435,-0.10677618,-0.064121015,-0.050481964,-0.04426061,-0.043601964,0.2698556,0.2301299,-0.02769827,0.038174924,0.2280849,0.010319699,-0.1346798,0.009644527,-0.0478243,-0.00023079765,0.09819501,-0.08882695,0.06753092,-0.36566383,-0.021480361,-0.009505044,-0.2768209,-0.107247934,0.09290264,-0.17920683,-0.30679026,-0.056771245,-0.20261785,-0.062496312,0.13681582,-0.13179025,0.0691877,-0.09188406,-0.006480482,0.062203478,-0.08950095,-0.097813204,-0.12267922,-0.05808596,0.08228605,0.24775572,0.13246517
TCGA-E9-A5FL-01A,-0.05942662,0.09515536,0.25571603,0.025590176,-0.17114118,0.08081615,-0.0027756465,0.060088266,-0.1622579,0.07488662,-0.036529552,-0.03690192,0.03917995,0.35285404,0.16383952,-0.019737387,0.05370262,0.24195488,-0.06669004,-0.1879669,0.089967586,0.038736295,-0.08603254,0.07319816,-0.085779265,-0.016012205,-0.3902209,0.07044317,0.047841534,-0.16171487,-0.07496616,0.0742784,-0.19369714,-0.19930573,-0.05644622,-0.23351493,-0.0330623,0.12189197,-0.17380224,0.060721494,-0.03491345,0.23124953,0.046071913,-0.13872701,-0.026173828,-0.034526575,-0.052760817,0.0875568,0.23744604,0.19095771
TCGA-A1-A0SN-01A,0.023837883,0.13074867,0.23552656,0.0035581526,-0.1818224,0.05355622,-0.00405834,0.032631095,-0.108946055,-0.0660626,0.016521279,0.0010419495,0.11565006,0.30018702,0.18390027,-0.03172628,-0.008786791,0.20396487,0.057184126,-0.19792274,-0.010495674,0.062276978,-0.08637307,0.07330649,-0.046227176,0.08332482,-0.4521349,-0.033627156,0.0397619,-0.17411044,-0.099245965,0.07508074,-0.3467056,-0.18883431,-0.051508173,-0.22318396,-0.041652594,0.091815315,-0.08992871,0.061623435,-0.10421604,0.07073915,0.04345498,-0.15264468,-0.11546637,-0.009757723,-0.12019739,0.12985842,0.22735913,0.06478038
TCGA-E2-A573-01A,-0.11336911,0.1304099,0.33554548,0.08136241,-0.15042682,0.006824215,-0.009301524,0.06448796,-0.07918173,0.046559505,-0.095111735,-0.044610176,-0.033780552,0.30134463,0.31574917,-0.081124865,0.032528467,0.093479015,-0.011967024,-0.32580456,0.018148381,-0.013341357,-0.10530834,0.055094294,-0.042416044,0.025218686,-0.33114293,0.008189445,-0.047498632,-0.11184465,-0.05989243,0.14982852,-0.20268103,-0.095399685,-0.06436339,-0.16670077,-0.16168143,0.15631221,-0.041939683,0.08464274,-0.05104737,0.13051957,-0.017727055,-0.14164811,-0.1605021,-0.08226421,-0.17954919,0.08379766,0.23391755,0.120384656
TCGA-AR-A24V-01A,-0.18715748,0.14997959,0.26223445,0.118912935,-0.14012764,0.13427076,0.04230101,0.10981065,-0.19421695,0.03311265,-0.042940058,-0.14016998,0.008446072,0.2924166,0.08425576,-0.018745434,0.039020233,0.19760722,-0.03716541,-0.10449317,-0.031957243,0.024321781,-0.11615998,0.017454104,0.00867486,0.06508034,-0.40292618,0.04790675,0.027492737,-0.27966997,-0.0145105645,0.053420696,-0.20590372,-0.16972233,-0.10325536,-0.121561736,-0.08902938,0.1645184,-0.14158487,0.06913296,-0.04136305,0.13207905,0.14140545,-0.073961526,-0.12181986,-0.13729694,-0.007736868,0.19690582,0.20084584,0.14665195
TCGA-E9-A3X8-01A,-0.17550495,0.092689395,0.2703854,0.0557415,-0.14633358,0.06826006,-0.0014213562,0.17963707,-0.13730921,0.096167795,-0.091735564,-0.10967579,-0.027101465,0.3527731,0.21740957,-0.1080977,0.082960956,0.1549001,-0.102120064,-0.11994828,0.12657355,0.025398917,-0.036455262,0.16931482,-0.0043817246,-0.029575324,-0.30794874,-0.09120456,0.037575033,-0.08011791,0.03986436,0.15011193,-0.23371878,-0.23892166,0.006742127,-0.2325264,-0.15638794,0.11469232,-0.048694324,0.07166218,-0.095656894,0.13820656,0.123840846,-0.10034701,-0.14430387,-0.036633067,-0.059575763,0.11256737,0.17836912,0.1421714
TCGA-XX-A899-01A,-0.15777752,0.05319151,0.26246068,0.0133350715,-0.09798424,0.14284605,-0.069220506,-0.015436167,-0.13239665,0.053097423,-0.093771726,-0.0060010576,0.10359901,0.33786392,0.15977944,-0.089630954,0.07826782,0.18783855,-0.056221336,-0.22453158,0.016412584,-0.0026956666,-0.095097974,0.042920932,0.07968347,0.1138883,-0.31919456,-0.08008291,0.09946804,-0.18484098,-0.13973284,0.17811027,-0.24684356,-0.21325631,-0.10609383,-0.26330367,-0.11900359,0.10680025,-0.14443901,0.05266243,-0.085853726,0.06931293,-0.04745882,-0.050238483,-0.056523006,-0.04706472,-0.1735195,0.13302,0.21236634,0.003950353
TCGA-BH-A1EX-01A,-0.08253965,0.058938418,0.24360742,0.08865049,-0.06679614,0.1095904,-0.015474453,0.06787269,-0.07812103,0.004709752,-0.045498848,0.020084549,0.09818379,0.3076523,0.25208065,0.014400437,-0.07827791,0.30890146,-0.04042331,-0.30113137,0.019269291,0.124503486,-0.05101212,0.06978388,-0.07978378,0.018535947,-0.30351052,-0.0705616,-0.06815528,-0.23577839,-0.044216257,0.15894653,-0.24024904,-0.17443305,-0.16280474,-0.15335265,-0.049106892,0.17508882,-0.016586032,0.102030165,-0.08937855,0.06553462,0.10869649,-0.10936705,-0.12825496,-0.07482379,-0.019285547,0.11590878,0.2392319,0.070817836
TCGA-D8-A27I-01A,-0.17358445,-0.030634824,0.31764263,0.0149044255,-0.25137693,0.21069512,-0.015563036,0.07098619,-0.031090118,-0.073965594,-0.044473518,-0.047602203,0.050069857,0.26597056,0.0998107,-0.022673912,0.002294188,0.20744827,-0.018496586,-0.21682853,-0.0433998,0.02889725,-0.06744913,0.13637614,-0.052270602,-0.05957701,-0.41459858,-0.027148146,0.11465142,-0.26563883,-0.08634599,0.10277126,-0.19592574,-0.19269374,-0.03335528,-0.1889146,-0.073250294,0.11365989,0.021148363,0.06288496,-0.057080444,0.09378037,0.10150249,-0.0074413186,-0.07033352,-0.11414437,-0.055139642,0.082668476,0.26855335,0.07908506
TCGA-D8-A1XV-01A,-0.17633517,-0.015117404,0.22849223,0.1495092,-0.11973468,0.18960463,0.022949856,0.044125676,-0.2030981,-0.010864107,-0.07292498,-0.08344125,-0.02537072,0.19844487,0.220337,-0.035937842,0.03524292,0.25261065,-0.0968996,-0.19032967,0.07679872,0.14421925,-0.013162639,0.046361048,-0.041670915,0.044811983,-0.41406885,0.0024702193,-0.061102215,-0.26907134,-0.020532234,0.10035105,-0.196608,-0.18211801,-0.07615836,-0.15775199,0.018048245,0.073034495,-0.07057636,0.11276044,-0.09756247,0.036124133,0.044590265,-0.1794403,-0.006766197,-0.11585338,-0.14537632,0.1139467,0.1839205,0.2098585
TCGA-E2-A15J-01A,-0.22202359,0.019516973,0.20457187,0.12660612,-0.13830364,0.0035907896,-0.004506187,0.0739517,-0.038765844,-0.009049185,0.11847417,-0.017741835,-0.0059850644,0.24080771,0.18172371,-0.035308555,0.045325052,0.26705626,-0.011297918,-0.27275994,0.033321697,-0.047087185,-0.07972025,0.06840613,-0.022773102,0.09225737,-0.37938225,-0.06340903,-0.05199069,-0.25037473,-0.12750639,0.11569883,-0.18456286,-0.25341693,-0.0576618,-0.16772641,0.10990386,0.10386522,-0.075929694,0.13694404,-0.0514895,0.12852159,0.09110766,-0.13441989,-0.10505511,0.0085589625,-0.15063518,0.09826677,0.26441765,0.096279785
TCGA-AC-A6NO-01A,-0.11359463,-0.04522994,0.31833193,0.09596307,-0.051450662,0.10977823,-0.043510363,0.0714913,-0.1106733,0.04095138,-0.056766078,-0.047823142,0.14870109,0.25467533,0.11104849,0.04016898,-0.0724098,0.18308406,0.020220133,-0.16790277,0.07117672,0.010765635,-0.004632261,0.04456577,-0.104210734,0.05660599,-0.4569859,0.03632543,0.014033781,-0.186565,-0.1269487,0.058010425,-0.264992,-0.18652646,-0.12765412,-0.1428025,-0.16354114,0.14854698,-0.05659398,0.0220155,-0.06503854,0.20657955,-0.08529188,-0.13986152,-0.1277633,-0.07191045,-0.031687967,0.1970281,0.22018637,0.038110156
TCGA-D8-A73W-01A,-0.21715374,0.0027602646,0.22089788,0.084907904,-0.163734,0.045154147,-0.13034543,0.052497897,-0.09617554,-0.15126245,0.010964046,-0.048994757,0.014218747,0.27385455,0.1709844,-0.0120598525,-0.03995784,0.2350626,-0.035213143,-0.14174198,0.10169922,0.011859955,-0.118725985,0.07060861,-0.03071351,0.060149163,-0.44660714,0.111180276,0.056191266,-0.22997698,-0.02619066,0.15173444,-0.27749276,-0.16222253,-0.018850835,-0.1445654,-0.08294588,0.13592798,-0.11221418,0.046993837,0.088444114,0.055345085,0.026456062,-0.080973744,-0.09274496,-0.08877259,-0.12562439,0.14730848,0.18580711,0.18375163
TCGA-E2-A1IH-01A,-0.14554238,0.082295366,0.21026981,0.07088234,-0.1888383,0.12370799,0.070779294,0.12696533,-0.14866935,0.023489194,-0.009122088,-0.09575041,0.03174919,0.31221983,0.1972593,0.019990208,-0.014789835,0.17354117,-0.024717726,-0.08762948,-0.04388678,0.03442027,-0.014915182,0.029535731,-0.04063955,0.05322568,-0.3664476,0.030856315,0.08699238,-0.12484743,0.0036657725,0.13619593,-0.3089656,-0.20332532,-0.015422901,-0.23535681,-0.03169668,0.109365776,-0.076669164,-0.022928393,-0.045152143,0.19711323,0.18642937,-0.1560737,-0.15379758,-0.034737997,-0.08908493,0.17745918,0.2638909,0.10490178
TCGA-A2-A3Y0-01A,-0.14710067,0.072654456,0.25328404,0.08324896,-0.10685571,0.12931314,0.032948684,0.045955475,-0.11040172,0.14431204,-0.06913977,-0.08632398,-0.0012174695,0.22042738,0.20186028,-0.0142940385,0.11080685,0.16507688,0.08424234,-0.10832847,0.07194973,-0.0002923137,-0.052096922,0.16938427,-0.09331704,0.054026373,-0.4229067,-0.023079395,-0.0018604855,-0.24090481,-0.071955174,0.1303358,-0.30417326,-0.13686681,-0.06474903,-0.26023987,-0.14163697,0.18097562,-0.015288863,-0.015507787,-0.05301191,0.04791941,0.10783671,-0.08212119,-0.044826046,-0.11116691,-0.11253608,0.1657874,0.21754095,0.089101695
TCGA-GM-A2DO-01A,-0.12976757,0.0064731273,0.22541857,0.067946486,-0.1742075,0.057477944,-0.08004114,0.045828328,-0.1161335,-0.03594819,-0.03499177,-0.03379116,0.08590059,0.17230211,0.21112661,-0.085643254,-0.04440898,0.29289588,-0.046925742,-0.17781836,-0.034495205,0.04830714,-0.029243484,0.0969782,0.025734823,-0.002059677,-0.4307482,-0.0022263303,0.0058363928,-0.18623027,-0.085315906,0.16409409,-0.2402159,-0.15592584,-0.020200985,-0.19954802,-0.10554549,0.20551293,-0.03514524,0.12309684,-0.25112796,0.13820164,0.041349452,-0.052893165,-0.15668215,0.045348495,-0.14610954,0.085976265,0.17692332,0.15355287
TCGA-E9-A1R4-01A,-0.0963402,0.08499259,0.22510113,0.022200227,-0.2086392,0.017367616,-0.033526164,0.08572068,-0.24417597,0.004834251,-0.01222308,-0.023035768,0.040636808,0.2578399,0.15900783,-0.01804157,0.09012557,0.2816367,-0.030902248,-0.08642568,-0.00089642993,0.006845171,-0.06651009,0.034477174,-0.116097525,0.029484425,-0.4012949,0.037681255,-0.065622196,-0.22357613,0.055645317,0.14086492,-0.23654766,-0.09889461,-0.067163244,-0.12117439,-0.026702467,0.18393372,-0.024489632,0.01624033,-0.16665563,0.1616032,0.056858066,-0.16954957,-0.19112454,-0.057430558,-0.12120476,0.0011097305,0.29333514,0.15370768
TCGA-AO-A124-01A,-0.07092493,0.027868956,0.2535739,0.063524954,-0.13169125,0.102022834,0.08198951,0.12252767,-0.1597019,0.067658015,-0.061405066,-0.021693284,0.022872424,0.32074946,0.22128904,0.04372848,-0.018402703,0.16517451,0.020987807,-0.16952758,0.08780345,0.038739685,-0.06471727,0.15379947,-0.09301679,0.028453894,-0.3839296,0.074124396,0.07822219,-0.18805858,-0.077143855,0.14174676,-0.25463876,-0.13096009,-0.034196496,-0.24976222,-0.03792488,0.13404079,-0.1288592,0.07012899,-0.17675471,0.19052175,0.14368047,-0.05620222,-0.05339697,-0.08293326,-0.11387219,0.07230239,0.17540383,0.1658894
TCGA-A2-A1FV-01A,-0.2115543,0.053135823,0.22983262,0.103718236,-0.17602965,0.09289697,0.08418902,0.14472671,-0.025861904,-0.015269655,-0.0369759,-0.040480725,0.0575831,0.22307225,0.13807294,-0.07576556,0.04563128,0.2771241,-0.010455756,-0.21399713,-0.0021953976,0.15012865,-0.0063426956,0.21233612,-0.08756769,0.057759624,-0.32842746,-0.010090077,-0.033302214,-0.16541491,-0.108624734,0.20922506,-0.2945387,-0.16007344,-0.15335576,-0.19841824,0.0104714185,0.1615007,-0.10788114,-0.02175477,-0.06951327,0.11208789,0.17013979,-0.048557904,-0.07986431,-0.047390565,-0.025493788,0.15884827,0.14772882,0.15915681
TCGA-D8-A1JJ-01A,-0.13974544,0.11343024,0.27916357,0.15738045,-0.06249213,0.12750165,0.059069134,0.08953615,-0.13198303,0.14257707,-0.036110237,-0.075645044,0.00051271694,0.31627873,0.12314378,0.0006214147,-0.041633382,0.2155209,-0.09345926,-0.18403059,-0.016934399,0.07334286,-0.09060978,0.06627651,-0.016022626,0.07039485,-0.36997783,0.050663255,0.04196912,-0.20298307,0.03444162,0.12615967,-0.2844397,-0.15430482,-0.0814057,-0.21828589,-0.056803327,0.09093361,-0.120713405,0.08040448,0.026378956,0.14958118,0.0468923,-0.21081601,-0.18739493,-0.09040795,-0.092241,0.06402495,0.15268806,0.13796818
TCGA-GM-A2DM-01A,-0.20085956,-0.04185917,0.2875582,0.039036904,-0.14288366,0.06948028,0.02950167,0.07624508,-0.08189934,-0.057827998,-0.017065922,-0.0066076703,0.10695669,0.20977782,0.063870504,-0.054847017,-0.04043186,0.15459473,-0.08485243,-0.16902332,-0.015315034,-0.023497365,-0.09167896,-0.01665047,-0.0074530025,0.048241857,-0.5920099,-0.025919694,-0.008292245,-0.20239894,-0.06293506,0.13634972,-0.28552938,-0.088684686,0.044814326,-0.15187506,-0.062415186,0.15419623,-0.11279441,0.11823507,-0.102458976,0.15328375,0.047405913,-0.1743095,-0.039612353,-0.018859437,-0.033836786,0.082545154,0.09819526,0.16112801
TCGA-E2-A14N-01A,-0.04155016,0.03587,0.17866416,-0.022137098,-0.122993745,0.15336664,-0.00029316306,0.10101263,-0.14132662,0.04266528,0.0028835563,0.0030070164,0.13053383,0.28144985,0.22492935,0.01600657,0.018976199,0.22288887,-0.018093323,-0.14168195,0.01053395,-0.013741551,-0.06762371,0.07575034,-0.17136243,0.08249768,-0.4186667,-0.02580809,-0.03807311,-0.16205414,-0.07368282,0.15525055,-0.2845931,-0.2282064,-0.08433205,-0.19457991,-0.19531438,0.12105163,-0.07911568,0.0056942515,-0.15774643,0.12437699,0.07794135,-0.09559345,-0.14238526,-0.13652745,-0.08289089,0.07434261,0.16117805,0.16249096
TCGA-BH-A1EU-01A,-0.06825427,0.1661332,0.25309563,0.03436882,0.004617805,0.12164394,0.13245039,0.13962367,-0.101332545,0.031969655,-0.03393127,0.0015776759,0.13882035,0.3443472,0.11949601,-0.033986293,-0.020013304,0.21708184,-0.024821592,-0.1975082,-0.054972026,0.09554363,-0.053605575,0.06989147,-0.013435516,0.13153464,-0.41550305,-0.06113438,-0.079108894,-0.23400842,-0.06448489,0.1324509,-0.22346513,-0.14169823,0.037233498,-0.12384168,-0.03881454,0.13602918,-0.07425297,0.10828377,-0.02839378,0.16565739,0.11683566,-0.10807076,-0.14159112,-0.020002011,0.010471496,0.09842075,0.29873964,0.06499533
TCGA-E2-A1BD-01A,-0.074257284,0.14031054,0.2229313,0.124500066,-0.080426805,0.15603817,-0.043970328,0.19786273,-0.20265503,0.14452134,-0.049555235,0.00385089,0.02010251,0.31674343,0.12104846,0.03711165,0.04586085,0.18903294,-0.081807986,-0.08284449,-0.0043765637,0.027186027,-0.06183234,0.10164841,-0.045621883,-0.01273713,-0.31756392,-0.0009148823,-0.092972,-0.21366549,-0.007774057,0.10812303,-0.3238544,-0.24029826,-0.07900191,-0.20936783,-0.063813984,0.11609129,-0.0855951,-0.04297097,0.06980915,0.100918524,0.10994111,-0.12967257,-0.15974128,-0.1015669,0.015465615,0.12027662,0.19332795,0.22309403
TCGA-OL-A5RW-01A,0.0013219508,0.07716344,0.27003977,0.025695877,-0.09698052,0.11278215,0.03468966,0.21090032,-0.11999675,0.041414544,-0.10030722,-0.14422067,0.03693325,0.32908505,0.23985268,0.033709858,-0.014819177,0.30778572,0.043041132,-0.158468,0.10061979,0.018665433,-0.040850706,0.14163178,-0.101031676,0.005840837,-0.29374808,0.006134441,-0.004874905,-0.21957636,-0.10558456,0.11763958,-0.2950995,-0.1570984,-0.05523648,-0.18384701,-0.1070001,0.1619669,-0.06530524,0.08759928,0.025628602,0.04634878,0.073534355,-0.13637167,-0.1791797,-0.094829306,-0.030947786,0.08522848,0.12526776,0.15292898
TCGA-AC-A2QH-01A,-0.07073861,0.16844054,0.17773293,0.058408152,-0.14921124,0.03574086,-0.037884478,0.14909685,-0.1600404,0.07690119,-0.12065829,-0.07199785,0.01768534,0.23542966,0.18933299,-0.0790094,0.07588949,0.3319848,0.06955748,-0.16220613,-0.026310481,0.026786761,0.025634322,0.1174818,-0.019537399,0.057379834,-0.41908094,-0.024819009,-0.063821025,-0.22009537,-0.020780059,0.06880663,-0.28082255,-0.19763924,-0.019060396,-0.25388074,-0.053751115,0.07143733,-0.12359247,-0.0028260914,-0.12389778,0.096375786,0.09449257,-0.13795428,-0.12274272,-0.0022253506,-0.049677175,0.102252126,0.12868732,0.17764209
TCGA-E9-A1RD-01A,-0.124621555,0.057462208,0.2474586,0.20023881,-0.29016152,0.042428765,0.04835953,0.022320246,-0.13084304,-0.04074092,-0.0867192,-0.15715149,0.03557411,0.32093152,0.15908219,-0.030610275,0.012655403,0.21562819,-0.07758662,-0.16577375,0.009038998,0.0325837,-0.008847651,0.10241064,0.014680947,0.0697802,-0.32194352,0.08976796,-0.039843563,-0.30179793,-0.021356396,-0.041981786,-0.18632129,-0.24146788,-0.067019016,-0.22440907,-0.07039493,0.14560956,-0.064848095,0.038942177,0.0040133353,0.05882965,0.12894678,-0.14969802,-0.10051145,-0.06758757,-0.03532681,0.04142057,0.22107881,0.13107578
TCGA-BH-A1F2-01A,-0.12975454,0.058235854,0.2780187,0.013101349,-0.112589784,0.0058345166,-0.017226912,0.12119049,-0.09240717,0.10733039,0.011321374,0.044024758,0.0355742,0.36969706,0.12340484,-0.03529351,0.010712244,0.28627384,-0.09232247,-0.15492803,-0.014988152,0.17523807,-0.047847863,0.09086159,-0.06917253,0.052445985,-0.29892325,-0.0086224675,-0.031958375,-0.19918576,-0.044292405,0.12530656,-0.28328806,-0.20685622,-0.08538142,-0.25164616,-0.017003294,0.059341747,-0.12140883,0.06533276,-0.035348736,0.107635416,0.24695009,-0.09207154,-0.043247517,-0.006740966,-0.11722418,0.20938115,0.1390589,0.09521676
TCGA-C8-A26W-01A,-0.080673665,-0.0696872,0.20727056,0.10584821,-0.19039725,0.08954111,-0.039066136,0.24437869,-0.18237303,0.036242142,-0.06154354,0.030417902,0.108412266,0.1913415,0.08118047,-0.0018239535,0.08919826,0.14786442,-0.018305881,-0.2688184,-0.053662863,0.0009613287,-0.042202123,0.07346352,-0.025259443,0.106373064,-0.4609488,-0.023722583,0.024720524,-0.14556696,-0.037328243,0.064258,-0.23951605,-0.21905129,-0.09860501,-0.23993246,-0.094879515,0.15638074,-0.01218727,0.008244105,-0.0018153167,0.07962561,0.015023491,-0.050715733,-0.18419674,-0.15773396,-0.1064945,0.04072229,0.24864967,0.14432083
TCGA-AO-A0JI-01A,-0.16354279,0.018251013,0.34591,0.050595295,-0.05971638,0.063126445,0.003353141,0.12728399,-0.08266676,-0.007939016,-0.011327272,-0.07682299,0.15955551,0.21222666,0.15789187,-0.00830987,0.04769037,0.2229945,-0.1874849,-0.24955203,-0.004087113,-0.033618264,0.0027305214,0.11999501,-0.025877945,0.07808959,-0.34958518,-0.009724102,0.029487899,-0.12433487,0.012496487,0.068762444,-0.23589191,-0.21596307,-0.0060918787,-0.13864014,-0.15926102,0.23436871,-0.094891116,0.15926448,-0.13840678,-0.04621075,0.15034878,-0.23835196,-0.12118218,-0.06522526,-0.040502418,0.07621461,0.18790175,0.0681486
TCGA-LL-A7SZ-01A,-0.11555205,0.036999825,0.2503869,0.021748668,-0.116101556,0.071376905,-0.0022254,0.10171413,-0.080213755,0.080901824,-0.0106586125,-0.097719885,0.059940275,0.41841578,0.15055108,0.09177741,0.032313026,0.14156824,-0.05629338,-0.19612348,-0.06947366,-0.042804435,-0.031455994,0.0040885014,-0.08139399,-0.030789118,-0.3472225,0.06190214,-0.010994001,-0.1804622,-0.019347008,0.10211001,-0.236313,-0.24246144,-0.050473936,-0.20638677,-0.058873106,0.24351375,-0.1617728,0.07171301,-0.11724287,0.14613618,0.13875328,-0.13628873,-0.10200033,-0.060357403,-0.118521124,0.12226152,0.13828114,0.16126269
TCGA-PL-A8LY-01A,-0.13946877,-0.068818025,0.2862607,0.067649044,-0.062235918,0.102603436,-0.005455113,0.15794736,-0.13149852,-0.08131005,-0.11763073,0.0005879957,0.095218115,0.30451483,0.17543124,-0.028722638,0.05118353,0.24468035,-0.040711097,-0.16908062,-0.027945194,-0.0344516,-0.044304498,0.19130118,-0.048725046,0.008535025,-0.27900046,0.036182676,0.027959457,-0.23695132,-0.034422755,0.13118112,-0.21622495,-0.18941692,-0.06528294,-0.15346684,-0.10452321,0.09220762,-0.029244155,0.09344534,-0.12374723,0.16354522,0.028413622,-0.16414593,-0.19959982,-0.155876,-0.041824527,0.2117372,0.21832085,0.14470945
TCGA-GM-A2D9-01A,-0.15794551,0.01564229,0.16354126,0.06928871,-0.18560866,0.12521566,0.009841253,0.19748732,-0.10757948,-0.100774385,-0.092532754,-0.024397599,0.035440028,0.2690824,0.16997041,-0.08447632,0.07955852,0.12476816,-0.07730478,-0.26033527,0.08364892,-0.0133659225,0.024497801,0.16433994,-0.076636925,0.12333317,-0.29558918,-0.034675825,0.090119086,-0.32199064,0.028650772,0.20486847,-0.26739377,-0.19366926,-0.048909735,-0.14774232,-0.030839546,0.1626836,-0.04242077,0.13167562,-0.045530375,0.02513636,-0.021287978,-0.1024757,-0.12596098,-0.04703254,-0.117679596,0.08228667,0.27577952,0.102882996
TCGA-B6-A2IU-01A,-0.08155607,-0.028199444,0.17789327,0.11322852,-0.101557314,0.12020065,0.0727292,0.08322568,-0.16523668,-0.06047789,-0.0024609943,-0.013243034,0.066503644,0.19441856,0.18425365,-0.08430735,-0.01248727,0.22616388,-0.028264657,-0.18285803,0.09493421,-0.017349951,-0.12406636,0.061690804,0.04034511,0.03583336,-0.45952702,0.054438416,0.057041697,-0.20702587,-0.13265021,0.13560398,-0.25781187,-0.18019184,0.0034021977,-0.29462677,-0.07895787,0.097504005,-0.040378086,0.048134424,-0.06502357,0.13846214,0.09814354,-0.10510676,-0.1943836,-0.0014900509,-0.10205704,0.21183239,0.19404475,0.056974147
TCGA-A7-A5ZX-01A,-0.16582353,-0.07338675,0.1927763,0.10435872,-0.038057774,0.063493475,0.1019156,0.08269017,-0.1453028,0.012272031,-0.085953,-0.08186616,-0.025070505,0.18504229,0.16525929,-0.12591378,-0.03908439,0.3051165,-0.051445533,-0.22831242,0.060367685,-0.09766061,-0.05573143,-0.030577114,-0.04450968,0.10935435,-0.46233207,-0.07382465,0.059755195,-0.29018676,0.047564086,0.062835835,-0.31181526,-0.15123497,-0.034131184,-0.19215836,-0.10189619,0.03883124,0.000421311,0.03637962,-0.10119518,0.08843381,0.07885838,-0.14044471,-0.15676954,-0.08367346,-0.04106225,0.10384203,0.1444843,0.0942844
TCGA-AN-A0XO-01A,-0.1532944,-0.02762602,0.27395904,0.09499875,-0.21014369,0.17663528,0.061198987,0.016231168,-0.14010194,-0.059263293,-0.037618235,0.0013999335,0.047924716,0.286723,0.19705851,-0.003312991,0.032212913,0.21974298,0.071122445,-0.17203033,0.055537634,0.03971186,0.014312439,0.08393931,0.00070044555,0.07053547,-0.36825684,0.010881414,0.0804049,-0.1418267,-0.09069627,0.1625969,-0.25215405,-0.22149672,0.057289675,-0.23958921,-0.10569629,0.17405368,-0.018506285,0.04080998,-0.05172525,0.15659188,0.104697905,-0.076003596,-0.11575908,-0.07431894,-0.031493463,0.088762194,0.25833833,0.10617442
TCGA-EW-A1IY-01A,-0.21071337,0.1171995,0.18437123,0.07308236,-0.12510365,0.17797409,0.03765185,0.13007215,-0.1628008,-0.02218811,-0.004985362,-0.09096006,0.11168535,0.2370475,0.14182301,-0.06336963,0.031272568,0.2168789,-0.07072106,-0.25850704,-0.047890104,0.09870455,-0.049725726,0.14347894,-0.014861389,-0.080848746,-0.49285296,0.031746816,-0.014045846,-0.2489126,-0.1286804,0.07119764,-0.114519924,-0.13820992,-0.018323889,-0.18150562,-0.0962152,0.084289685,-0.08032143,0.0027988758,-0.07758702,0.06400037,0.059379812,-0.10023829,-0.124367945,-0.093177594,-0.11049344,0.09370878,0.21345301,0.12915331
TCGA-B6-A0RI-01A,-0.19309887,0.0077481125,0.19958535,0.0414751,-0.12437017,0.24789143,-0.039874155,0.19253832,-0.05851016,0.005291706,-0.07490116,0.04471678,0.032505874,0.21333952,0.19660375,-0.06845239,0.08776731,0.31427926,-0.03961356,-0.12160126,-0.07185438,0.014793836,0.036713112,0.10192242,-0.05404848,0.06316142,-0.33376092,-0.06955123,-0.02912707,-0.21021745,-0.081318684,0.20911145,-0.17934018,-0.1692554,-0.019373963,-0.13343167,-0.026890447,0.15041004,0.0055702454,-0.019266138,-0.121781304,0.09598911,0.11252151,-0.1486096,-0.13470554,-0.11526499,-0.1255838,0.17836006,0.31013158,0.09669687
TCGA-BH-A0HB-01A,-0.24358624,-0.022078825,0.20548198,0.07707844,-0.12647122,0.09559627,-0.03605014,0.08461391,-0.083259776,0.044490296,0.003495775,-0.110502906,0.014308449,0.22459598,0.18954425,0.027390568,0.10082676,0.2994083,-0.052722115,-0.16524388,-0.10718557,0.118276164,0.0014603033,0.13680232,-0.0046040975,0.10143388,-0.33473235,-0.0026493296,-0.021894539,-0.21646649,-0.119679525,0.10401317,-0.21486336,-0.116845466,-0.013969057,-0.22053179,-0.052208576,0.24878001,-0.041895296,-0.03304484,-0.048525535,0.1372614,0.17978331,-0.15500188,-0.16817793,-0.21304493,-0.07428396,0.109549455,0.18683395,0.035695035
TCGA-EW-A1J2-01A,-0.17783736,-0.025909977,0.38464198,0.07373739,-0.25146505,0.11056722,0.006512253,0.111208245,-0.2079332,-0.012677516,-0.04938095,-0.032238394,0.09835016,0.1583117,0.17185634,-0.12604988,0.009340285,0.20895101,0.027905675,-0.20486812,-0.074044384,0.06577229,-0.099412195,0.06601194,-0.08787475,0.13080703,-0.35631567,-0.044414897,0.09112306,-0.18302482,-0.058553986,0.06355475,-0.30957985,-0.13442731,-0.033827785,-0.12943332,0.06971386,0.0921302,-0.0077139176,-0.057107314,0.0098207835,0.08865459,0.06933972,-0.07951362,-0.09096965,-0.06711785,-0.0886842,0.16646701,0.24420698,0.10136619
TCGA-BH-A0B9-01A,-0.12999856,0.027978284,0.31825364,0.023327813,-0.13235469,0.201601,-0.0027030767,0.11442033,-0.082161486,-0.011881619,-0.045096092,-0.089562364,0.11865502,0.253222,0.22697912,-0.05185166,0.0033966526,0.21040356,-0.035419736,-0.23752366,-0.028345626,0.06458999,-0.09067539,0.19441894,0.012846808,-0.0024542978,-0.36514354,0.034389522,0.062487904,-0.15170151,-0.12407661,0.089382246,-0.2408046,-0.11713486,-0.14613147,-0.16083363,-0.10245169,0.081874,-0.0551789,0.04222795,-0.055648826,0.07499528,0.036688752,-0.12988898,-0.10480391,-0.18932928,-0.15424554,0.07556288,0.25209194,0.11900068
TCGA-BH-A201-01A,-0.14862318,0.008263281,0.25174564,0.06471311,-0.08683129,0.1526858,-0.036343813,0.23877315,-0.14986971,-0.010190919,-0.13340813,0.06838703,0.10902126,0.2843539,0.14058502,0.00507959,-0.051681813,0.20649499,-0.072510384,-0.10416612,0.040764906,0.01353064,-0.012121527,0.038102143,-0.075559,-0.06201603,-0.32877427,-0.07700808,0.0042061443,-0.2523109,-0.09765015,0.1860175,-0.27509114,-0.256613,0.0434212,-0.18560912,-0.09191088,0.11970375,0.05245078,-0.044212066,-0.07665055,0.15965067,0.038273327,-0.110168606,-0.06928105,-0.1310275,-0.13550591,0.19349855,0.1819785,0.07788594
TCGA-BH-A0C0-01A,-0.0661948,0.09935467,0.2531537,0.07140744,-0.18661006,0.12754972,0.03132763,0.054616284,-0.07590062,0.03627264,-0.10645831,-0.06935584,-0.006821985,0.20953539,0.20096362,-0.03719113,0.042329706,0.26849774,-0.021617517,-0.10481463,0.13231878,0.10620662,-0.06447343,0.094937555,-0.09193709,0.0062865596,-0.42561433,-0.057382043,-0.073842004,-0.26915535,-0.030503152,0.17863432,-0.27701095,-0.21180281,0.023069961,-0.08248457,-0.23113503,0.15414312,-0.077273026,0.16920808,-0.08682226,0.110439226,0.109758675,-0.1455949,-0.061888836,-0.072014615,-0.09245366,0.047497813,0.06512285,0.061971102
TCGA-BH-A0HP-01A,-0.12877692,0.093283705,0.20875788,0.20649673,-0.12707607,0.13216041,0.024060415,0.07457391,-0.12616497,0.016492644,0.009808282,-0.018043686,-0.00926221,0.26690653,0.11570365,-0.06904067,0.020817293,0.12521458,0.03793978,-0.24429102,0.07262085,0.023275018,-0.025962632,0.15882358,0.031534456,0.14478898,-0.39213344,0.027371109,0.058457185,-0.26028028,-0.127611,0.109198935,-0.24280837,-0.29330114,-0.105527565,-0.20234951,-0.18540387,-0.038326297,-0.048744697,-0.04929327,-0.05135298,0.086295575,0.10201818,-0.13325915,-0.03735476,-0.08530261,-0.013089676,0.1403034,0.22842811,-0.034450762
TCGA-D8-A1XL-01A,-0.12921697,0.0905595,0.2071962,0.08464597,-0.06431427,0.1374644,-0.0015811921,0.16735418,-0.12608466,0.038645707,-0.10809178,0.009344594,0.01957232,0.34435257,0.19193299,-0.09025502,0.038651932,0.24637026,-0.030030124,-0.08837591,-0.06779748,0.12129944,-0.03626764,0.0259333,-0.045634165,-0.093810976,-0.35398024,-0.068397895,-0.062252816,-0.24466975,-0.067108385,0.12899637,-0.24034229,-0.24203166,-0.12848257,-0.12826273,-0.13561745,0.0589522,-0.11237978,-0.029596465,-0.020830652,0.046712793,0.1029794,-0.14595097,-0.12548424,-0.19243467,-0.064759076,0.035605237,0.21797267,0.19483133
TCGA-BH-A1FC-01A,-0.016689146,0.15666983,0.23839407,0.057390146,-0.120280944,0.047053088,0.034579307,0.17901841,-0.11421782,-0.009550567,-0.051693667,0.0035935908,-0.022668887,0.31915802,0.12989454,-0.069161296,0.09216426,0.3084114,0.01807249,-0.16168165,-0.020511357,0.016311798,-0.113838874,0.014648303,-0.056860596,0.054478224,-0.3613305,0.032233432,-0.04135344,-0.24867189,-0.023368703,0.154688,-0.24921212,-0.117718585,-0.10029085,-0.29614162,-0.11919298,0.15640332,-0.07939968,-0.053691395,-0.025635993,0.11902557,0.10751377,-0.12454708,-0.20050074,-0.038124695,0.01014889,0.07008132,0.16082726,0.13965103
TCGA-BH-A0W4-01A,-0.16488582,-0.0067948936,0.23729965,0.14572152,-0.10145693,0.031922206,-0.048621684,0.07538541,-0.08605652,-0.026182484,-0.10351643,-0.007761898,0.13038303,0.23682214,0.23651163,-0.0039814776,0.0017608613,0.20525068,-0.02560034,-0.21441223,0.03228297,0.04368853,-0.09270105,0.078623846,-0.10323974,-0.04114262,-0.46607405,-0.110010676,-0.055122998,-0.18473123,-0.17967252,0.07219817,-0.19630125,-0.15714952,-0.114996046,-0.17792617,-0.08187324,0.087958746,-0.052193675,0.016996253,-0.028542573,0.09101713,0.12746276,-0.12576157,-0.09194435,-0.10143938,-0.09755349,0.1894944,0.26476192,0.06433795
TCGA-AC-A7VB-01A,-0.11535321,-0.0011060783,0.21686606,0.09634267,-0.16713221,0.14218168,-0.111008175,0.07145398,-0.18678354,-0.14805105,-0.119730435,-0.04463556,0.061409414,0.28333366,0.17442565,-0.04416686,0.01019209,0.22708142,-0.014126191,-0.080823556,0.04020678,-0.005284832,-0.1514445,0.09511533,-0.04953648,0.1417279,-0.39678794,-0.057651225,-0.013500958,-0.20212273,-0.015172518,0.13639517,-0.31256694,-0.23669629,0.037158635,-0.22052568,-0.05314956,0.11815296,-0.05358555,0.004417201,-0.0638675,0.03221479,0.09090413,-0.11814244,-0.13324602,0.07849886,-0.045331445,0.117797054,0.20993097,0.0732909
TCGA-EW-A1OX-01A,-0.09089818,-0.016494457,0.14942838,0.12560047,-0.23747517,0.0836836,0.04740677,0.09961699,-0.16400139,-0.0038363547,-0.065149166,-0.089531064,0.043963462,0.2607914,0.17802772,-0.016707255,-0.05845836,0.16351733,-0.06895559,-0.20045269,-0.044223107,0.035261787,-0.081270635,0.11724599,0.026053214,0.066926435,-0.40611428,-0.062748656,-0.0079989545,-0.1955328,-0.016860988,0.21007009,-0.3049407,-0.20446551,-0.067336775,-0.2244247,0.029573575,0.10387006,-0.039206285,0.14501141,-0.074486576,0.15279354,0.05946333,-0.19368999,-0.09962989,0.10866832,-0.10789583,0.088227265,0.20335096,0.07031347
TCGA-AO-A128-01A,-0.17468847,0.056967136,0.24552694,0.009271746,-0.16361693,0.030893149,-0.07413223,0.17505419,-0.21110642,0.01697038,0.0057887677,-0.01746321,0.043251824,0.3034411,0.096797444,-0.01893353,0.05735755,0.10774852,-0.08830319,-0.12040275,0.009604554,-0.05835146,-0.07088916,0.10342608,-0.08359476,-0.005546473,-0.4374846,-0.09395991,-0.024516435,-0.15488012,-0.04400667,0.10132978,-0.28458288,-0.22455351,-0.020816322,-0.23585922,-0.09989595,0.063091934,-0.14191534,-0.02615117,-0.048740603,0.09503806,0.10973941,-0.23066826,-0.079281524,-0.08257458,-0.09037385,0.14896673,0.19659947,0.107979864
TCGA-C8-A26Y-01A,-0.20953059,0.14434598,0.26077768,0.040498435,-0.18033311,0.01931439,-0.07447827,0.0075211446,-0.13446674,0.09020622,0.029443104,-0.075517125,0.034734745,0.337647,0.188405,-0.07210317,-0.02283418,0.16592714,0.0064804275,-0.16698483,-0.06528409,0.040880285,0.007997905,0.104241796,-0.03748729,0.0070078345,-0.31389397,-0.09585829,0.019065287,-0.2670143,-0.033005744,0.07497845,-0.2991211,-0.15862812,-0.027899679,-0.12987289,-0.13138774,0.19600706,-0.052999202,0.04536054,-0.042618256,0.20414415,-0.057448246,-0.13818556,-0.15231155,-0.15508728,-0.056049768,0.09774431,0.122023076,0.21091461
TCGA-BH-A0B5-01A,-0.11657022,0.1296901,0.24778719,0.09870319,-0.060183495,0.18158253,0.04895409,0.021254811,-0.07834671,0.14328048,0.019992402,-0.06620502,0.13798933,0.2511939,0.18977268,0.078241296,-0.010045422,0.15487306,0.011276256,-0.2313049,0.0011732822,0.060860686,-0.04867335,0.057206508,-0.1709016,0.050430927,-0.35503468,0.04622406,0.016231516,-0.2058766,0.0151212225,0.1489813,-0.26366562,-0.24254933,-0.07724935,-0.19253258,0.02927481,0.13541631,-0.18516651,-0.051497042,0.0035095639,0.21886492,0.09762969,-0.141166,-0.14291166,-0.0561949,0.004546182,0.13211139,0.14173077,0.15866621
TCGA-B6-A0RN-01A,-0.16622831,-0.08131857,0.203962,0.114464805,-0.16343412,0.08819483,-0.04958832,0.16016844,-0.123693876,0.04926197,-0.08762202,-0.048726216,0.014358671,0.18878226,0.25269195,-0.077957064,0.009954312,0.2766933,0.002340731,-0.20092665,0.09414336,-0.049443934,-0.17065428,0.114456356,-0.0076360684,0.035509963,-0.4138807,0.0048013534,-0.05673114,-0.22967568,-0.063237205,0.00241241,-0.3062057,-0.17407998,-0.10608257,-0.21672688,-0.08254254,0.07025257,-0.11993432,-0.024389558,-0.07257804,-0.023048667,0.07363127,-0.04794784,-0.13443254,-0.11726036,0.026974253,0.103679694,0.21301281,-0.022499532
TCGA-E9-A1NE-01A,-0.14499867,0.06407545,0.34032518,0.10201494,-0.22949328,0.10056415,0.014355819,0.087230906,-0.2119559,0.0072515686,-0.16892287,-0.032864764,0.07220842,0.31470546,0.07369242,0.0031554243,0.068392314,0.23638034,-0.0736753,-0.25212947,0.0603789,-0.037995603,-0.04471598,0.042094417,-0.038030747,-0.0015895921,-0.26209995,-0.07208273,-0.09822336,-0.22884807,-0.13047385,0.09163529,-0.27718985,-0.12251933,0.007040125,-0.1337151,-0.011637739,0.030922838,-0.08611639,0.0052183187,-0.02318996,0.06929006,0.035268944,-0.1332017,-0.058297858,-0.16727076,-0.11329411,0.17714137,0.15038568,0.22742715
TCGA-AR-A1AN-01A,-0.17573595,0.0014772661,0.25028256,0.14970526,-0.09909159,0.15887426,0.040441178,0.0618034,-0.1250715,-0.020531893,-0.093795925,-0.108482644,0.004945626,0.25132608,0.15356056,-0.06968543,0.047969535,0.24283236,-0.041363515,-0.29416233,0.045865953,0.000812603,-0.066834554,0.088885464,-0.06989592,0.014244778,-0.36281452,0.07582601,-0.005846785,-0.20193925,-0.09783413,0.10930251,-0.3031054,-0.16790797,-0.18811722,-0.14684492,-0.033858538,0.13168515,0.0011167852,-0.02475919,-0.059853636,0.011892062,0.118329376,-0.19515468,-0.051610384,-0.059167597,-0.12786855,0.13032691,0.20890331,0.106918015
TCGA-E9-A1RA-01A,-0.14387584,-0.0119015975,0.31478447,0.052024536,-0.20282263,0.11135879,0.04981477,0.08109006,-0.10191703,0.039053902,-0.051138915,0.017180981,0.042260505,0.27509964,0.16739722,-0.048195545,0.093655325,0.30128518,0.016930867,-0.09684988,0.038797528,0.021368654,-0.05543726,0.06808497,-0.14998385,0.023238422,-0.32280198,-0.03752514,0.039196093,-0.12116163,0.036486942,0.11867096,-0.28398344,-0.21248366,0.048724975,-0.2161302,-0.043895733,0.13503459,-0.05735215,0.21488208,-0.02059512,0.1566234,0.02199982,-0.041076005,-0.16048504,-0.022054546,-0.1329092,0.13753489,0.2724467,0.06553483
TCGA-AC-A8OR-01A,-0.15797353,-0.08514961,0.2847349,0.04308089,-0.12340941,0.09360583,0.040455543,0.084515125,-0.07088356,-0.05324083,-0.026780773,0.0126325125,-0.03722255,0.25765195,0.2997754,-0.057874896,0.022966806,0.2847824,0.036408238,-0.27291018,0.07683654,-0.02198733,-0.1441382,0.061295472,0.036092404,0.009793544,-0.39956528,-0.042299274,-0.022810042,-0.08977482,-0.057225604,0.10110635,-0.23052862,-0.18174879,-0.055703383,-0.17274415,-0.07112851,0.1576562,-0.1115486,0.0037709107,0.0014610419,0.17297632,0.11328519,-0.050575547,-0.13451539,-0.10027633,0.011363412,0.09149597,0.24077317,0.08759125
TCGA-S3-A6ZF-01A,-0.19068876,-0.074843876,0.28006488,0.035412587,-0.108495474,0.18161556,0.009846837,0.12578051,-0.17266573,0.0670848,-0.037404522,-0.07156426,0.02985023,0.31608078,0.19765769,-0.061486337,0.03354302,0.15767583,-0.012340043,-0.120728515,-0.030699566,0.1308344,-0.09662163,0.07077454,-0.013570982,0.037854753,-0.372876,0.011771257,0.004374425,-0.28095976,-0.05039462,0.10650512,-0.35200265,-0.12629604,-0.044940356,-0.12117833,-0.12723145,0.18131952,-0.07189528,0.08047863,-0.0497809,0.14226675,0.022294177,-0.0965139,-0.17585279,-0.022451537,-0.049303036,0.063573375,0.06737676,0.18492709
TCGA-AR-A1AR-01A,-0.113454856,0.07488807,0.26167622,-0.039252087,-0.11005496,0.09428801,-0.086831644,0.12763947,-0.22638021,0.023893004,-0.118486986,0.007353897,0.01796652,0.22886054,0.23001727,-0.08350201,0.13540737,0.25209203,-0.06407247,-0.18756992,0.08052978,0.07162837,-0.036724053,0.117994554,0.051043842,0.017274072,-0.2915305,-0.056972314,-0.01917367,-0.1937837,-0.10217586,0.18942983,-0.20442526,-0.21067847,-0.064715356,-0.18011482,-0.09447347,0.18066165,-0.13379419,0.093162134,-0.087720096,0.09254525,0.030881265,-0.06469658,0.036447953,-0.113649,-0.12818652,0.107705064,0.2797696,0.17843737
TCGA-A2-A0EU-01A,-0.11163147,0.113871396,0.18015598,0.04628342,-0.10117099,0.13947698,0.0803921,0.14613713,-0.10622741,0.08649106,-0.026946569,-0.10397315,0.00784964,0.35246515,0.23298453,-0.020666493,-0.04067374,0.20987286,-0.0018309933,-0.12560917,0.061679382,0.14419861,-0.09220945,0.09455815,-0.024655193,0.012886615,-0.3703476,-0.01782874,-0.025527963,-0.20692815,-0.02491506,0.099149585,-0.3113425,-0.14423588,0.019054104,-0.1711891,0.018432125,0.28013515,-0.15554662,-0.013866015,-0.027945565,0.10882652,0.06675741,-0.15754421,-0.108410165,-0.054449026,-0.0010068638,0.14853428,0.15304524,0.15732874
TCGA-AC-A6IW-01A,-0.14435095,0.12209517,0.2697511,0.08284087,-0.1578922,0.11136022,0.043518446,0.09305208,-0.1915943,0.034917373,-0.1591621,-0.02099932,-0.022871478,0.36324692,0.20998143,-0.07493269,0.017547287,0.1475767,-0.008893091,-0.16810599,0.058028616,0.027825648,-0.047686454,0.06128704,-0.116886325,0.08127919,-0.28589642,-0.02690262,0.10459116,-0.23012516,-0.16373816,-0.0020818254,-0.21711771,-0.19438265,-0.01302206,-0.23289558,-0.13329135,0.19950008,-0.006273111,0.022592505,-0.09007116,0.053928334,0.1015235,-0.031253193,0.032164026,-0.17399389,-0.13437314,0.117197275,0.18631881,0.13876438
TCGA-BH-A0DG-01A,-0.1431803,-0.04673859,0.24322242,0.008288115,-0.043428402,0.060298942,-0.03360837,0.09899746,-0.16550587,0.032926757,-0.11583795,-0.015269508,0.02141427,0.2837011,0.14236736,-0.025230996,0.030423349,0.16229138,-0.09805318,-0.18583405,-0.033320963,0.026478529,-0.094775565,0.039788816,-0.09414231,0.083460465,-0.40031192,-0.023703294,-0.06978585,-0.23382318,-0.12676089,0.1967085,-0.20287432,-0.17800318,-0.054799926,-0.17241381,-0.12639067,0.16641077,0.05832937,0.12930124,-0.048910562,0.17327318,0.010981195,-0.21069707,-0.24256876,-0.09238681,-0.07440776,0.03201761,0.2023937,0.1474215
TCGA-D8-A27N-01A,-0.11426826,0.04772639,0.33253065,0.030047523,-0.121748045,0.1108558,-0.07356756,0.057123736,-0.2043491,0.10075716,-0.07448756,-0.0570328,0.09603762,0.30545697,0.1976932,0.011823047,0.052608073,0.21523206,-0.064030714,-0.2347074,0.115059234,0.09489262,-0.050747614,-0.008631239,-0.02659489,0.1135696,-0.34663036,-0.018508624,-0.05008424,-0.22825857,-0.07138801,0.1900909,-0.14963788,-0.22152355,-0.03936669,-0.11771134,0.041171864,0.114750914,-0.05468703,0.038866587,-0.071872436,0.0042584077,0.0443904,-0.14776105,-0.095631786,-0.15086322,-0.07385963,0.21135439,0.1969094,0.12568435
TCGA-E9-A1N8-01A,-0.11420055,0.043253448,0.22354452,0.018481972,-0.06792197,0.06642085,-0.050764307,0.0035040074,-0.18442109,-0.035332046,-0.030401915,-0.14168969,0.015353931,0.32509828,0.2987919,0.034828942,-0.035896216,0.21280731,-0.021490395,-0.124309264,-0.01115588,-0.025421653,-0.06311551,0.062237084,-0.033139773,0.06507675,-0.43131486,-0.0064020613,0.103026435,-0.28550053,-0.04375535,0.034554098,-0.117988884,-0.07887309,-0.027615463,-0.23274904,-0.15986566,0.14213708,-0.11657069,0.053738523,-0.04947918,0.03974234,0.10923762,-0.12016635,-0.08317464,-0.10720946,-0.1704345,0.16476668,0.21612665,0.15393014
TCGA-BH-A28Q-01A,-0.1922128,-0.04120196,0.30982825,0.081254564,-0.057372913,0.034682207,-0.022164702,0.07982993,-0.16761619,-0.03674809,-0.0077569494,-0.18564662,0.03056493,0.1658148,0.15381257,-0.017094208,0.123687215,0.13700677,-0.04350656,-0.18080002,-0.046871882,-0.0076898537,-0.12364273,0.1127122,-0.02355304,0.039084427,-0.37839317,-0.03960692,-0.045548413,-0.30271363,-0.06116858,0.1439575,-0.2605608,-0.087234445,-0.15182996,-0.22568536,-0.14278264,0.13267335,-0.052383617,0.048399612,-0.113436066,0.0748573,0.028138155,-0.16034953,-0.06450257,-0.116421506,-0.08709347,0.16670236,0.2640975,0.08228096
TCGA-AR-A24N-01A,-0.09542575,0.059712183,0.24514313,0.075825386,-0.09480891,0.11427007,0.06251542,0.13280092,-0.15076056,0.041554283,0.002944915,-0.034307923,0.03878012,0.12770827,0.24031736,-0.06692689,0.0003735649,0.27123612,-0.003829115,-0.16473484,0.058849,-0.019611247,-0.1647821,0.023798272,-0.120909154,0.10359262,-0.41380396,0.006025471,-0.049846362,-0.24870698,-0.03896109,0.10077759,-0.28038266,-0.22018532,-0.05575675,-0.18301246,-0.10186191,0.22424822,0.05056206,-0.0018387515,-0.061890367,0.037612747,0.02885122,-0.16205923,-0.047489148,-0.03307277,-0.102902256,0.17031936,0.15626691,0.20163299
TCGA-BH-A0H0-01A,-0.15417981,-0.08466315,0.2563145,0.06507538,-0.11707365,0.12635009,-0.079313315,0.042845402,-0.1925945,-0.034088295,-0.10557069,-0.028973166,0.020095443,0.20684338,0.16291074,0.098894745,0.029072959,0.15760307,-0.009991958,-0.11968356,-0.032288816,0.027565042,-0.07478676,0.121766694,-0.027367318,0.01376777,-0.48080617,-0.009886591,-0.01663879,-0.21998553,-0.013856707,0.124531455,-0.18442237,-0.19057544,0.013396297,-0.23722158,-0.12299596,0.23512067,-0.07204928,-0.0368497,-0.120132886,0.06533704,0.076253295,-0.2105292,-0.07447238,-0.040675826,-0.05683082,0.08405261,0.2719598,0.09292165
TCGA-B6-A0RU-01A,-0.06788625,0.07619156,0.2634121,0.059810705,-0.13665281,0.099867806,-0.045770925,0.09676913,-0.0587359,-0.02278847,-0.15962592,-0.034267116,-0.01991508,0.27359787,0.16618352,-0.08960188,0.03180721,0.14093997,0.02812607,-0.2132406,0.06987707,-0.004420923,-0.09925544,0.1700738,-0.041360606,0.054485988,-0.4439018,-0.025184317,-0.028137693,-0.1571662,-0.086718924,0.1310895,-0.279355,-0.1141574,0.024451144,-0.27606028,-0.07943451,0.10136817,0.012716193,0.044284172,-0.007993109,0.084863305,0.043315392,-0.14387944,-0.0796618,-0.14658597,-0.11711039,0.12403679,0.24823749,0.1913948
TCGA-A7-A6VX-01A,-0.13931668,0.04588988,0.2931818,0.0839848,-0.08245519,0.13734525,-0.041963726,0.1320969,-0.19696295,0.027440844,-0.037813626,-0.15157957,-0.016713778,0.2857911,0.1917196,-0.015675163,-0.01474765,0.25994915,-0.04481137,-0.1692607,-0.006074668,0.16611002,-0.057525534,0.12142105,-0.054899175,0.013341418,-0.3470917,0.14283636,0.10584072,-0.17936416,-0.01210992,0.12279057,-0.2562597,-0.1955013,0.0074400567,-0.14116246,-0.07602363,0.13317887,-0.076060794,-0.012235177,-0.00930663,0.099315144,0.12033396,-0.18698432,-0.11841564,-0.11385588,-0.0769592,0.013156771,0.25374568,0.026679989
TCGA-AR-A252-01A,-0.11035259,0.036647435,0.2642444,0.08640684,-0.08361819,0.15555508,-0.088679545,0.13056506,-0.1406738,-0.1038452,0.005564058,-0.06075452,-0.0114878025,0.34613645,0.18510227,-0.05606364,0.033028256,0.22565131,0.027105305,-0.10844557,-0.005251802,0.009902298,-0.09408918,0.047393933,0.029258033,-0.04816774,-0.31823856,-0.012492287,-0.041029114,-0.21929345,0.012658747,0.08888771,-0.35430163,-0.10985016,0.012828864,-0.21135332,-0.1132969,0.09560267,-0.123020664,0.044918362,-0.043655645,0.16596991,0.105364226,-0.15663446,-0.15762731,-0.12803751,-0.07702648,0.10432228,0.23327473,0.15540957
TCGA-A2-A1FZ-01A,-0.074806646,0.071534544,0.30696908,0.1402242,-0.11263479,-0.047679305,0.07252894,0.08288929,-0.061637692,-0.042214166,-0.05818679,-0.022535963,-0.105025075,0.23642854,0.20622618,-0.04367305,-0.0008491607,0.19024038,-0.10053814,-0.17465174,0.03725468,0.12146006,-0.021350035,0.03884106,0.011912085,0.17417315,-0.33859476,-0.033881176,0.12723128,-0.2255371,-0.18756036,0.09997175,-0.29001224,-0.26390606,0.0031899419,-0.22506094,-0.02116511,0.14475782,-0.055822816,0.069771394,-0.10020266,0.0321199,0.115404405,-0.12529062,-0.07113118,-0.01946256,-0.13838257,0.18541273,0.20263651,-0.0116238445
TCGA-B6-A0RS-01A,-0.11690881,0.1321106,0.2427592,0.11750097,-0.062496237,0.13443509,-0.0068540093,0.09827883,-0.11682605,-0.037139922,-0.10645409,-0.07544503,0.017720426,0.30506104,0.20858449,-0.045792006,0.065322034,0.26143557,-0.03989212,-0.14775594,0.03352726,0.07825025,-0.045335375,0.03442775,-0.0672133,-0.095852934,-0.38794625,0.08381108,0.020171076,-0.21754964,0.019403191,0.057736408,-0.3493681,-0.11950123,0.067622095,-0.18871143,-0.10508388,0.12373748,-0.10527132,-0.021228965,0.010222036,0.16063787,0.09036912,-0.1393018,-0.111256,-0.14963296,0.006673483,0.045116898,0.21832041,0.10871265
TCGA-E2-A9RU-01A,-0.14178891,0.2522606,0.30475515,0.08615077,-0.18634146,0.034854047,0.029712822,0.12799712,-0.13357686,0.04203513,-0.08129426,-0.08385838,0.087019004,0.27007538,0.24008973,-0.07194386,0.030854812,0.19164667,-0.04499751,-0.136798,-0.028805185,0.043320455,-0.14874835,0.016743042,-0.009039128,0.0147290295,-0.32924786,-0.015163629,0.045151234,-0.20099232,0.057368405,0.11712091,-0.29818916,-0.13210854,-0.091615774,-0.15482576,-0.023800775,0.12891713,-0.08137633,0.08269778,0.061559275,0.20868734,0.13675843,-0.1414507,-0.121814996,-0.084271245,-0.030524708,0.02610301,0.1606278,0.17169602
TCGA-Z7-A8R6-01A,-0.054881286,0.06791146,0.14809716,0.15996534,-0.15261774,0.1445556,0.009650691,0.058072474,-0.1176036,-0.027692238,-0.083384775,-0.044366576,0.032329906,0.24571386,0.18716817,-0.089073956,-0.0718992,0.2085026,-0.06921929,-0.13761336,-0.011600378,-0.051046375,-0.0642988,0.17636506,-0.056830786,0.06671104,-0.42165524,-0.034934975,0.047524102,-0.2915048,-0.06516519,0.1813459,-0.2761494,-0.15366288,-0.11714207,-0.21083918,-0.053835455,0.12565427,-0.09614609,0.03345561,0.04070199,0.00233648,0.21601894,-0.093777835,-0.045541514,-0.043972433,-0.11054745,0.1344361,0.23861977,0.11147069
TCGA-E9-A22G-01A,-0.14849663,0.03807415,0.24697739,-0.0060919174,-0.16461241,0.06885509,-0.0089153955,0.05065041,-0.08950647,-0.022700708,-0.078152515,-0.114704676,-0.030606234,0.23255856,0.18137865,0.0156887,0.01509928,0.29179576,-0.05188921,-0.29463637,-0.010500613,0.059164323,-0.060410716,0.17629366,-0.0884659,0.10271114,-0.33082843,0.023542844,0.0395155,-0.21031122,-0.06841202,0.038922835,-0.27613974,-0.18954898,-0.007740927,-0.2553953,-0.11799123,0.14368995,-0.080211945,-0.0049368464,-0.02491625,0.13710728,0.022775963,-0.14924985,-0.12624289,-0.16876411,-0.1376901,0.07938416,0.099735446,0.17637704
TCGA-V7-A7HQ-01A,-0.10288188,0.055594973,0.33084568,0.07062552,-0.08172677,0.09478624,-0.03875386,0.05100246,-0.08861911,0.027057042,-0.107399456,0.055232264,0.031965442,0.26500842,0.1712573,-0.057944007,-0.06982118,0.25055686,0.023994433,-0.24003015,-0.029643813,-0.014248538,-0.026918748,0.04034179,-0.042598628,0.003598345,-0.44895202,-0.057543594,0.042510007,-0.23262377,-0.05316848,0.12807214,-0.22610265,-0.15681455,-0.14032969,-0.15014473,-0.14359608,0.18102893,0.054456435,0.053367395,0.08364118,0.031791404,0.05477115,-0.07905847,-0.093494676,0.0630727,-0.086948894,0.14448239,0.2600958,0.103259526
TCGA-AC-A2FB-01A,-0.09138674,-0.03125557,0.336255,0.034250446,-0.05635531,0.104834594,-0.087863065,0.06467383,-0.069090374,0.014763965,-0.06774693,-0.020110728,0.16304776,0.2678217,0.20925203,-0.06569647,0.023409769,0.25576854,-0.04144667,-0.21272424,0.09719881,-0.070294335,0.038400654,0.097032756,-0.0013017091,0.041678187,-0.3977959,-0.01583791,-0.06654075,-0.10621532,-0.11193283,0.09497951,-0.33488628,-0.19545089,0.015710168,-0.17697886,-0.04310115,0.14284809,-0.115053914,-0.06412088,-0.07714491,0.072011665,0.14449176,-0.054552358,-0.08733927,-0.087685056,-0.09502373,0.10909616,0.2307688,0.11060281
TCGA-AR-A24O-01A,-0.16727693,0.003951581,0.27195257,-0.034406744,-0.13663594,0.040237196,0.055084147,0.025588803,-0.051027097,0.15474567,-0.01695547,0.10313562,0.021076342,0.23249395,0.17222969,-0.014593714,0.00837707,0.21533059,-0.07114152,-0.25463927,-0.029993001,-0.021104664,-0.10372968,0.09716874,0.02614378,0.045471933,-0.3213938,0.092659034,0.02062881,-0.28402004,-0.14211562,0.15788825,-0.2439858,-0.20399095,-0.07532979,-0.18118289,-0.23810546,0.07550883,-0.030202763,0.038334142,-0.08619885,0.07219475,0.13951653,-0.0857618,-0.112776496,-0.064430006,-0.05734623,0.124424405,0.2693272,0.14226584
TCGA-PE-A5DE-01A,-0.15003583,0.097207054,0.14776307,-0.052015405,-0.16845286,0.048712257,0.016043397,0.19738011,-0.12435312,0.091348626,-0.0102959415,0.031028468,0.1503615,0.31764936,0.18208162,0.01276392,0.093698926,0.20419322,-0.12660106,-0.16485165,0.06313387,0.026922977,-0.006465182,-0.026926609,-0.027955279,0.00043693354,-0.39810207,-0.009203054,-0.097268865,-0.16766201,-0.039446015,0.10187714,-0.371177,-0.19110128,-0.099637285,-0.14808166,-0.07312601,0.152072,-0.12913752,0.026143055,-0.02456681,0.18752323,-0.03561527,-0.003078497,-0.01875668,-0.083483554,0.040677387,0.13939081,0.22982281,0.11647151
TCGA-AR-A250-01A,-0.02529805,0.040739752,0.25771886,0.14986515,-0.026877394,0.10158858,0.016066175,0.20110337,-0.09171865,-0.012700238,-0.08504023,-0.052108385,0.051235832,0.2559703,0.15672736,-0.13921097,-0.11060348,0.17676142,-0.04149119,-0.1476455,-0.079264924,0.09840651,0.043193385,0.09277062,-0.086068645,-0.08639242,-0.38114554,0.063360184,0.03441429,-0.18583186,0.012937772,0.098073944,-0.30789834,-0.24514522,-0.06610535,-0.14370292,-0.17630193,0.031887952,-0.20244545,0.09887951,-0.093479596,0.146461,0.10705096,-0.10739325,-0.13095053,-0.17478713,-0.035931386,0.10251059,0.15684082,0.15268141
TCGA-D8-A1JN-01A,-0.15618032,-0.02100206,0.29582018,0.07400147,-0.1714765,0.035681967,-0.019278,0.084448695,-0.09490445,0.008340215,-0.13151991,-0.011632139,0.051810924,0.31966662,0.21920007,-0.017443746,0.013558119,0.29657665,-0.025101803,-0.12549496,0.009249675,0.05372186,-0.17638396,0.17254326,-0.022128802,0.08247122,-0.33416831,0.024760487,0.051238142,-0.243039,-0.18038683,0.1060741,-0.21577816,-0.24042,-0.06443516,-0.18909012,-0.04601437,0.14972064,0.027263042,0.039464585,0.029018618,0.062465172,0.038903218,-0.09009574,-0.08861888,-0.08225093,-0.031190434,0.13536952,0.22512107,0.027591383
TCGA-A2-A1FX-01A,-0.05367054,0.02325807,0.23986939,0.04319922,-0.24143279,0.10913528,0.07356488,0.099671505,-0.079012975,-0.07180074,-0.07032817,0.029968642,0.0048191473,0.16933975,0.018216558,-0.019672012,0.027650287,0.28089014,-0.071938574,-0.16721536,0.11274328,0.042971157,0.006503911,0.15567276,-0.15730081,-0.021046324,-0.4569796,-0.07272013,0.0034381733,-0.23146112,-0.06847802,0.18620981,-0.23464139,-0.12287924,-0.033158306,-0.1773036,-0.041325122,0.06611462,-0.06739119,0.09392391,-0.07664112,0.03172091,0.0711335,-0.1251673,-0.06770755,-0.13215093,0.0003028042,0.12600285,0.28545138,0.22788422
TCGA-4H-AAAK-01A,-0.10343972,0.03913472,0.2636499,0.07267518,-0.05849968,0.054612245,0.04036144,0.05226356,-0.12629852,0.07770923,-0.12287326,0.011046457,-0.022490079,0.3804824,0.14170742,-0.05083687,-0.15865062,0.21340057,-0.068073146,-0.131097,0.021537503,0.15836324,-0.07994282,-0.027061611,-0.09712575,0.12530808,-0.43148026,0.035731457,-0.032127887,-0.18980709,0.00013904003,0.13323897,-0.23214585,-0.14900969,-0.02538052,-0.19422737,-0.061472923,0.13314681,-0.057973593,0.07387912,-0.06088417,0.16897981,0.07035673,-0.18870948,-0.082800284,-0.02994318,-0.060384024,0.060992815,0.24829839,0.100418724
TCGA-BH-AB28-01A,-0.1583949,-0.04853887,0.21717127,0.11766501,-0.12334967,0.054536406,0.03994339,0.13415325,-0.0058846218,-0.02531506,-0.11510888,0.05145386,0.1140144,0.2415518,0.18244629,0.00957618,0.024289865,0.18965414,0.019473437,-0.11640933,0.049323373,0.003723055,0.004831887,0.18995893,-0.03598827,0.08213625,-0.43450552,-0.11605499,0.035801664,-0.28513855,-0.033082504,0.13179298,-0.19096683,-0.16102545,-0.03833422,-0.17831126,-0.072661035,0.15272005,-0.1175335,0.08604617,-0.08261542,0.114591636,0.12312115,-0.107289515,-0.101080775,-0.06802831,-0.15778343,0.1585218,0.27194345,0.14538173
TCGA-E9-A228-01A,-0.15522702,-0.09296443,0.26659217,0.062268782,-0.2695853,0.05909053,-0.030400774,0.049683306,-0.15088846,0.04831871,0.014845858,-0.05315675,0.06824675,0.20252943,0.21881993,-0.088463984,0.050269473,0.2782597,0.053098083,-0.1499147,0.090215035,0.060512792,-0.054605328,0.11624259,-0.024728766,0.094218545,-0.3790228,-0.032518636,-0.03572365,-0.22049415,0.006293085,0.1530925,-0.26301372,-0.2423977,-0.07417768,-0.18518119,-0.120326206,0.09007717,-0.042035535,-0.089662254,-0.050139062,0.13026895,0.1326269,-0.1340648,0.011420927,-0.11272544,-0.06851527,0.08299963,0.17895283,0.10239114
TCGA-D8-A1JE-01A,-0.19311613,0.030151345,0.20245302,0.109455585,-0.15870637,0.06991172,0.031168686,0.09305421,-0.102339886,0.04695007,-0.054775856,-0.059556704,0.0983639,0.2930104,0.14196683,-0.0007754185,0.025050094,0.17054363,-0.03418267,-0.14734942,0.021969756,-0.027822817,-0.1481734,0.116058975,-0.0921613,0.07170075,-0.42397106,0.15043083,-0.03795734,-0.078355774,-0.03178031,0.09693723,-0.3428702,-0.21081585,-0.013681448,-0.20533606,-0.14049958,0.07116278,-0.15155922,0.004401847,-0.103819765,0.10651038,0.09164214,-0.17187186,-0.021953652,-0.000119281656,0.006202524,0.14643218,0.21490788,0.17486615
TCGA-AQ-A54N-01A,-0.13410738,0.07447859,0.22727479,0.007626562,-0.13523766,0.16483153,0.16309635,0.14129956,-0.16660222,-0.051693078,-0.09571963,-0.023871845,-0.03263161,0.27556738,0.26561594,0.01988872,0.042703032,0.17666568,0.038154572,-0.12699829,-0.04158345,-0.022060208,-0.036786515,0.13499084,-0.020570058,0.01910703,-0.42180738,-0.03649821,0.000689352,-0.121192254,0.022004597,0.09863067,-0.23315081,-0.17931549,-0.053391613,-0.30830118,-0.10351148,0.11843836,-0.101214655,0.108216055,-0.024411526,0.17419748,0.035698194,-0.15342441,-0.037786346,-0.077853575,-0.050862655,0.103631474,0.20971616,0.12493027
TCGA-D8-A1JK-01A,-0.1157494,0.12617153,0.22439888,0.038207907,-0.08783052,0.089331165,-0.050749492,0.16187492,-0.14618048,0.10228076,-0.070380636,-0.087079965,-0.042338047,0.28748384,0.13894,-0.06474272,0.06519743,0.14702246,0.038171176,-0.22679485,-0.029535783,0.00948366,-0.09679457,0.07985039,-0.05012123,0.06652378,-0.32182586,0.067656845,-0.01857638,-0.27788043,0.012799878,0.089886904,-0.3833933,-0.25033137,0.022810182,-0.18059108,-0.04629299,0.042962976,-0.16542166,-0.010554205,-0.022652466,0.18050088,0.006189547,-0.15343791,-0.13487178,-0.07580764,-0.016102014,0.123710014,0.17362192,0.1586147
TCGA-A7-A5ZW-01A,-0.11904561,0.019121528,0.21537583,0.044970796,-0.17104213,0.0854896,0.092401475,0.1794645,-0.08786053,-0.02726359,-0.049080487,-0.0039784773,0.070192434,0.3066832,0.27010536,-0.0036340172,0.00041034253,0.15554222,-0.0032295592,-0.18993714,0.024170432,-0.010348814,-0.10900752,0.09171032,-0.029198391,0.037393436,-0.4201766,0.0317234,0.03376082,-0.16512707,-0.096981525,0.19138493,-0.26157945,-0.26192808,0.0075880266,-0.21970828,-0.09620218,0.095691144,-0.014270976,-0.034439497,-0.08517852,0.06712317,0.086778454,-0.054871317,-0.09175983,-0.06579627,-0.077314004,0.24480069,0.18713164,-0.01608997
TCGA-GM-A3XL-01A,-0.09106039,0.052791357,0.28272882,0.034683283,-0.049791656,0.2065538,0.02256975,0.09963342,-0.1581876,-0.02911338,-0.17724684,-0.08346819,-0.011975949,0.2882454,0.10544345,0.02094503,-0.020320505,0.25137204,-0.13353083,-0.12808937,0.06989161,-0.01720163,-0.04994304,0.10416167,-0.016716247,0.09154465,-0.38014728,-0.07811881,-0.048765026,-0.21772216,-0.22933824,0.04847451,-0.26440075,-0.11890547,-0.10929062,-0.21355765,-0.096567996,0.12110006,-0.112036124,0.019113097,0.019379549,0.15725848,0.10957208,-0.019387702,-0.13690118,-0.089259885,-0.15215725,0.08731779,0.117841214,0.15947783
TCGA-OL-A66O-01A,-0.108213544,0.181861,0.25814176,0.03804777,-0.18350814,0.05378605,-0.10955653,0.15095735,-0.036637776,-0.07172113,-0.105301075,-0.05188971,-0.025037182,0.3201687,0.16910249,0.024674915,-0.04877415,0.21774878,-0.06232969,-0.05967148,-0.08259448,0.1035473,-0.03921232,0.089781635,-0.04305697,0.0032969466,-0.35900375,0.044114113,0.002851832,-0.2518663,-0.0793991,0.09804323,-0.25985757,-0.21993148,-0.09315382,-0.14959307,-0.1027642,0.15059704,-0.11190477,0.10982105,-0.09120677,0.12305289,0.17215654,-0.18776128,-0.115849905,-0.12684423,0.029275173,0.0984404,0.1303996,0.12860309
TCGA-A2-A0YI-01A,-0.094168186,0.0113505395,0.3082692,0.19159104,-0.1359569,0.079966806,0.030121012,0.1092332,-0.15205747,-0.09158803,-0.03106902,-0.077503644,0.11254075,0.25618127,0.1338028,-0.07564191,-0.0105157355,0.22758886,-0.0016291513,-0.20724024,-0.04482217,0.0008287959,-0.08208354,0.08922679,0.012517588,0.04579296,-0.3826624,-0.006336962,0.00045664294,-0.20206867,-0.2191403,0.12977691,-0.25152183,-0.20993456,-0.05671878,-0.008802398,-0.0629586,0.1620299,-0.10876218,0.047695015,-0.07105478,0.037561618,0.09943426,-0.05719533,-0.1454204,-0.123027176,-0.10815658,0.1545237,0.19778736,0.17207928
TCGA-PE-A5DD-01A,-0.13815056,0.08849019,0.21676628,0.0985897,-0.07940781,0.15937379,0.07162244,0.12323601,-0.12231047,0.04600117,0.05486462,0.037444703,0.043032754,0.23494299,0.12653269,-0.02981928,-0.010174383,0.271656,-0.0002544755,-0.19358444,0.051497284,0.054662675,-0.05011212,0.02047994,0.03790114,-0.006483171,-0.43832225,-0.0056421384,0.04866922,-0.20970659,-0.09415319,0.23358236,-0.2774121,-0.226552,-0.06572915,-0.19898957,-0.11732084,0.19088432,-0.012286805,0.059606466,0.049214177,-0.00031747206,0.046927754,-0.17187914,-0.017787784,-0.1224612,-0.1343551,0.15760003,0.14841576,0.07113619
TCGA-AC-A23H-01A,-0.13468358,0.0469735,0.27650642,0.12019517,-0.18527266,0.16707698,-0.04607254,0.16014832,-0.13740048,0.027298085,-0.13093126,-0.08234427,0.017732313,0.28384417,0.17647296,-0.051368352,0.006178967,0.20617384,0.028831217,-0.06203019,0.02691661,0.08217596,-0.094481245,0.031324223,-0.098279215,0.015308057,-0.4965081,0.018174106,-0.04492159,-0.09381451,-0.014798499,0.123522274,-0.22081333,-0.11829268,-0.015462082,-0.14120439,-0.051357176,0.19101717,-0.03819344,0.07125154,-0.0067715957,0.13968867,0.08573229,-0.13546494,-0.12990347,-0.0888968,-0.14195246,0.0848502,0.17035437,0.19463204
TCGA-A7-A13G-01A,-0.15422986,0.03185371,0.27138776,0.14709067,-0.06579805,0.12560783,-0.004886441,0.13816425,-0.12871014,-0.03871191,-0.04764618,-0.08911853,0.09763957,0.31376222,0.12660395,-0.06200501,0.028791508,0.27442583,0.0057751806,-0.16433355,0.03436206,0.054149047,-0.0696595,0.12591696,-0.0062273596,0.09774105,-0.4071286,-0.010282072,0.0325058,-0.20351465,-0.11238834,0.06701083,-0.22877711,-0.23226245,-0.06945248,-0.16147989,-0.08590019,0.10840418,-0.009626511,0.10475369,-0.07604164,0.15453298,0.07197441,-0.1686357,-0.06809608,-0.0906262,-0.10323765,0.12620091,0.1815393,0.13587633
TCGA-A7-A0D9-01A,-0.13934273,0.005509293,0.17196958,0.07759196,-0.15698938,0.110674754,0.05938266,0.07149287,-0.03525824,0.057727657,-0.05408421,-0.032464664,0.1296638,0.2363708,0.18141128,0.0029318447,-0.028677082,0.18256558,0.07080088,-0.18920444,0.074186355,0.018556215,-0.10836886,0.054052994,-0.09713046,0.005824681,-0.3670218,0.04219526,-0.03259666,-0.16016638,0.007223196,0.20500465,-0.33747196,-0.23773696,-0.15520325,-0.24882624,-0.023746736,0.18878374,-0.011594541,-0.040803198,0.008929982,0.03915546,0.10359004,-0.050816897,-0.16597384,-0.08498632,-0.12168116,0.15627384,0.25904888,0.15685222
TCGA-GM-A2DC-01A,-0.057054132,-0.0036190837,0.19666974,0.09480659,-0.13487351,0.07048956,0.054481536,0.14344053,-0.035378475,0.07443937,-0.06260212,0.061427984,0.03809699,0.15027702,0.11171233,-0.12286161,0.010494816,0.29221916,0.02030218,-0.19944055,0.09208776,0.02256416,-0.17350373,0.037361957,-0.0948836,-0.0094586,-0.4456944,0.022328507,0.045977507,-0.19894566,-0.107346654,0.15554874,-0.30385965,-0.18996167,-0.21514829,-0.1495127,-0.10953598,0.066495016,-0.023542207,0.031885646,-0.032061238,0.1238811,0.07651114,-0.21470936,-0.10680892,-0.12596217,-0.062230773,0.22595342,0.081891686,0.110246316
TCGA-BH-A0E1-01A,-0.20970532,-0.022885438,0.18100186,0.048408728,-0.12872222,0.025352677,-0.0133100245,0.0003100089,-0.060116455,-0.051936734,-0.10523429,-0.15055098,0.0001078181,0.30236888,0.2553596,-0.053890735,0.0880305,0.12252327,-0.029110393,-0.23901922,0.024962438,0.097174264,-0.070706025,-0.028025087,-0.06184892,-0.081226066,-0.3827329,-0.014705342,-0.000991039,-0.18595436,-0.093031324,0.1729626,-0.20788102,-0.2587793,-0.11695535,-0.10857262,-0.09219419,0.1545103,-0.11343667,0.054512028,-0.022610445,0.11080991,0.13909289,-0.026977291,-0.10585221,-0.0054525263,-0.18445022,0.17623565,0.26380393,0.11797217
TCGA-E9-A1ND-01A,-0.07235769,0.05114745,0.27771744,0.035315868,-0.12155788,0.11013812,-0.04750969,0.07981275,-0.04582842,0.14403215,-0.19035906,-0.020740535,0.033163186,0.2576942,0.21356754,-0.015083235,0.10518194,0.16463892,-0.028448408,-0.15749867,-0.019647544,0.04834663,-0.017330565,0.13029192,-0.027086558,0.10727267,-0.3526151,0.06489532,0.07326642,-0.10834953,-0.099863574,0.18147992,-0.247885,-0.20182462,-0.19864129,-0.24220935,-0.08574111,0.15192671,-0.21115643,-0.013315942,-0.048666712,0.095975816,0.09497666,-0.024271516,-0.15080144,-0.16931796,-0.04376867,0.12229853,0.18804213,0.14304131
TCGA-GM-A2DK-01A,-0.11873409,0.035302304,0.25838113,0.043744795,-0.13688563,0.09143205,-0.04743725,0.10293044,-0.102040045,0.058216665,-0.04593611,-0.040695123,0.13141824,0.19400574,0.21653134,-0.030912338,0.01919115,0.21346724,-0.0021398782,-0.13828778,0.040232863,0.059005298,-0.029837077,0.033643343,-0.065588124,0.090312965,-0.33337423,0.09185433,0.07869125,-0.276127,-0.14550355,0.18555711,-0.32103303,-0.091209926,-0.01859238,-0.1660781,-0.08223264,0.079850785,0.03894246,0.018441774,-0.16046362,0.12952626,0.025822172,-0.25074807,-0.1133304,-0.059194785,-0.14002208,0.16482912,0.2121237,0.2120587
TCGA-E9-A2JS-01A,-0.113476574,0.015282585,0.1647969,-0.050215386,-0.09343749,0.075223945,-0.0077876314,0.18910822,-0.19948334,0.059784614,0.0059964466,-0.054120053,0.038645215,0.35293075,0.16742843,-0.071595855,0.026735554,0.2209546,0.098535225,-0.170977,0.0068335687,0.14509015,-0.10513948,0.057621382,0.0088391565,-0.0515638,-0.37562138,0.028841402,-0.033380985,-0.14277299,-0.072579876,0.20792136,-0.2133852,-0.18604472,0.0033296954,-0.30118418,-0.11248805,0.12744196,-0.091041125,0.043683954,-0.065744266,0.11184241,0.05955415,-0.043992132,-0.14594433,-0.1242417,0.0054581393,-0.004811258,0.24231546,0.18725984
TCGA-C8-A1HM-01A,-0.11838792,0.1838673,0.21415241,-0.0431224,-0.12321219,0.12055667,0.049016103,0.19481544,-0.15166427,0.031386554,0.010836756,-0.06999552,0.042013634,0.30802462,0.24181259,-0.052056342,0.09607463,0.19619605,0.088972785,-0.10004007,-0.088875726,0.053411957,-0.11620161,0.028087655,-0.09556396,0.0059013013,-0.35857588,0.023494966,0.04509327,-0.15979746,-0.029457206,0.12969393,-0.27482235,-0.2586559,-0.06920334,-0.14225233,-0.05765928,0.13744965,-0.10315844,0.06527926,-0.0023741238,0.09009816,0.11864352,-0.12626207,-0.14380269,-0.041060336,-0.05869678,0.1545978,0.19989003,0.2023031
TCGA-A2-A0YF-01A,-0.17133027,-0.03724452,0.32712233,0.08592038,-0.16532879,0.08537208,-0.00021468163,0.09033259,-0.11663029,0.0249144,-0.12500045,0.0640865,0.06375929,0.19628164,0.20246051,-0.014513064,0.004745356,0.15549046,-0.056936104,-0.25089556,0.09651156,0.015959302,0.03230909,0.043909404,0.010196408,0.07209203,-0.42318812,-0.040862255,-0.056526538,-0.16349052,-0.048423275,0.08873215,-0.34833923,-0.17637758,0.0389625,-0.18997797,-0.10949222,0.15285966,-0.09268924,0.091055445,-0.037857216,0.10021451,0.104421414,-0.14054994,-0.053399406,-0.107350044,-0.049343046,0.12509052,0.1822518,0.12288398
TCGA-E2-A574-01A,-0.028492566,0.1604957,0.22441217,0.12524405,-0.16504484,0.079826795,-0.06598263,0.025906622,-0.10957474,-0.00314578,-0.09372582,-0.0564406,0.0015258224,0.37980187,0.19029874,-0.056641344,0.11064845,0.16133611,-0.019371446,-0.19717453,0.06480075,0.021057354,-0.061229993,0.07944801,-0.07497912,0.032003235,-0.30094117,0.022009466,0.026496856,-0.2477723,-0.060775794,0.13999677,-0.2610428,-0.067590125,-0.1589408,-0.24763693,-0.09647163,0.06271327,-0.11729901,0.09415779,-0.048822694,0.2249443,0.128756,-0.19202535,-0.12516527,-0.021428332,-0.04453124,0.11947114,0.16432184,0.15745664
TCGA-AO-A0JA-01A,-0.14929797,0.042308137,0.13460054,0.008416066,-0.16984303,0.13710712,-0.028039346,0.02262855,-0.06607337,-0.0756674,-0.00249257,-0.04806353,0.05071117,0.21385288,0.12433878,0.077659436,0.106619015,0.19372655,-0.05282285,-0.2583124,0.110438704,-0.008401735,-0.05428449,0.10328929,0.035758916,0.06563896,-0.44802743,-0.013482769,0.09960069,-0.17932887,-0.14029421,0.22097085,-0.22952184,-0.24219891,0.011686098,-0.22657143,-0.016713986,0.12297354,-0.11790716,0.008459025,-0.032358095,0.11976636,0.10489379,-0.19678299,-0.063336484,-0.10820889,-0.11758635,0.1011426,0.2165647,0.14567244
TCGA-LL-A6FQ-01A,-0.026303517,0.04480922,0.26875496,0.11155073,-0.13919473,0.08326852,-0.0030889472,0.15966609,-0.13695742,0.08267815,-0.056788176,0.0046850736,-0.036407858,0.33158076,0.14588693,-0.10536983,0.005909825,0.19977242,0.0542286,-0.16524923,-0.032915737,0.10922448,-0.0385453,0.03710053,-0.1286258,0.04573209,-0.43222493,-0.025491837,-0.043074463,-0.19542527,-0.07777958,0.16194077,-0.19260392,-0.1953045,-0.11215186,-0.11857584,-0.0011780598,0.12392762,-0.14779954,0.07988178,-0.078709126,0.10522379,0.14505856,-0.09617281,-0.15510993,-0.10459718,-0.12875757,0.019512067,0.23044659,0.16043557
TCGA-EW-A1IZ-01A,-0.20315629,0.07334264,0.24583055,0.0541309,-0.20609862,0.08939105,-0.06673336,0.038991157,-0.13097891,-0.018189015,-0.056328427,-0.0068568042,0.08977065,0.25046912,0.10614033,0.022969306,0.012661932,0.25480336,0.027709005,-0.19249758,-0.09995034,0.011830108,-0.07266803,0.16937278,-0.01321023,0.17280352,-0.39319482,-0.09575557,0.07030775,-0.21702623,-0.09553469,0.10739009,-0.30941865,-0.12352151,-0.10573313,-0.22349013,-0.06516456,0.086869925,-0.06149592,0.09066609,-0.18394856,0.087436885,0.040585622,-0.096712835,-0.10347579,0.021423902,0.005168128,0.117003456,0.1897233,0.08634487
TCGA-E9-A245-01A,-0.19346699,0.0610134,0.23204315,0.06215649,-0.08380089,0.03641195,-0.051436152,0.11500446,-0.19588348,0.023929302,-0.009693019,-0.054819003,0.05466727,0.2311358,0.1563137,-0.021615814,0.0036511503,0.20732196,-0.12282388,-0.20460327,0.04844111,-0.03716526,-0.059989512,0.1588068,-0.029625818,0.008333628,-0.44026065,-0.006597124,-0.015941838,-0.18620147,-0.14021002,0.15942946,-0.23863406,-0.1450925,-0.10801207,-0.24392165,-0.0706571,0.18422209,-0.11963593,0.08193387,-0.0857329,0.11582773,-0.0043727853,-0.12984666,-0.019658191,-0.09987144,-0.08321698,0.13729468,0.2113099,0.13675328
TCGA-BH-A0BA-01A,-0.12601443,0.07702641,0.3506721,0.016540056,-0.07672622,0.1345012,-0.01018015,0.12714037,-0.12553214,0.01545427,0.0055891755,-0.031587947,0.06178642,0.32741094,0.118741624,-0.12487906,-0.03011895,0.18048482,-0.01959309,-0.21981612,0.05800551,0.025681246,-0.20243259,0.059740316,-0.0049682353,0.09622913,-0.31167188,0.0053391317,0.019460894,-0.20034753,0.0015370545,0.17294215,-0.26396024,-0.2769541,-0.06583408,-0.19012551,-0.088160835,0.06654961,0.014010428,0.010580238,-0.015942788,0.14041129,0.09214694,-0.17669031,-0.19818191,-0.10965132,-0.0487534,0.116146386,0.14604591,0.042149913
TCGA-E2-A1B0-01A,-0.058650617,0.07356442,0.13926023,0.04212378,-0.13829146,0.053961247,-0.04698717,0.05932989,-0.14779192,0.050151736,-0.053845126,0.0030930236,0.12650505,0.19391127,0.24132253,-0.044190574,0.0329841,0.310253,-0.077076264,-0.20923315,0.07923537,0.10670541,-0.056962065,0.058874946,-0.0628193,0.016126055,-0.3885911,0.08381683,0.011497911,-0.15004356,-0.016052248,0.13718794,-0.2550873,-0.21556787,-0.091644734,-0.21164268,-0.26655778,0.1582177,-0.028522076,-0.019809412,-0.04996595,0.11800688,0.13042237,-0.2370162,-0.10660179,-0.044505026,-0.03955296,0.063835435,0.20524347,0.11409644
TCGA-AR-A2LK-01A,-0.2029368,0.04170224,0.2642312,0.060582202,-0.11889154,0.040898927,-0.07962526,0.099833384,-0.094335765,-0.032713905,-0.018244643,-0.0047310414,-0.028337715,0.31722325,0.28091148,-0.03754173,-0.09539696,0.2427405,-0.063879296,-0.037772935,-0.082846075,0.018183896,-0.060000837,0.081507206,-0.075752266,0.0193431,-0.4730889,-0.010913791,0.04298784,-0.24082178,-0.021529604,0.12141918,-0.19204521,-0.17434777,-0.04833314,-0.1310611,-0.026118949,0.13250726,-0.06020368,0.06310605,-0.12351842,0.11466945,0.07238575,-0.11812718,-0.07536952,0.008002276,-0.02582307,0.120817035,0.2738016,0.08437375
TCGA-E9-A6HE-01A,-0.13725698,0.09073366,0.21230096,0.0794501,-0.098627366,-0.042717595,-0.007212871,0.15576626,-0.15091966,0.0050678113,-0.10265555,-0.05059644,0.080995925,0.22952412,0.18109807,0.0038517069,0.09618041,0.31328985,-0.09917158,-0.2326859,0.018983487,-0.073351264,-0.041861244,0.15344408,-0.016152557,-0.03233756,-0.4195366,0.020259874,0.056101866,-0.32199636,-0.12577441,0.112038635,-0.20913295,-0.1715217,-0.12942116,-0.16800101,-0.15522723,0.06714688,-0.089234926,0.039204914,-0.08986259,0.052408647,-0.012502741,-0.0981655,-0.105433606,-0.03304146,-0.062455628,0.06921603,0.18356563,0.10455413
TCGA-OL-A6VQ-01A,-0.14839649,0.112314016,0.19981265,0.14163864,-0.11193222,0.038254317,0.044079486,0.1167828,-0.13646552,0.020096622,-0.10810215,-0.070321895,0.059924368,0.2790744,0.17837267,-0.05853289,-0.082903944,0.24826667,0.066923685,-0.04324814,0.04345034,0.070651196,-0.14486122,-0.032261,-0.065981984,0.04555849,-0.39963365,0.027829392,-0.036446862,-0.19795191,0.00583922,0.095932394,-0.30144134,-0.17031462,-0.068077,-0.19941488,-0.06451766,0.15293007,-0.1357964,0.021078385,0.08964096,0.1823894,0.07882981,-0.08815222,-0.13406043,-0.08612604,-0.075539306,0.10466584,0.28337678,0.121058695
TCGA-D8-A73X-01A,-0.07076483,-0.11978814,0.17658202,0.12919146,-0.1446412,0.1268295,-0.019987976,0.04028289,-0.16604757,0.09768094,0.0047889133,-0.03771925,-0.026395252,0.18858679,0.21844572,-0.06336391,0.06626485,0.22885828,0.02273214,-0.24458055,-0.060191143,1.9309067e-05,-0.08878039,0.108706206,0.0148669155,0.125636,-0.39315858,-0.091241494,-0.0053319777,-0.22146566,-0.08560983,-0.042324707,-0.2725933,-0.1842381,-0.105477475,-0.14888127,-0.100865,0.11741699,-0.034458343,0.14225426,-0.031001173,0.020600805,0.11942631,-0.19321308,-0.177166,-0.10332485,-0.019231007,0.24267638,0.15854557,0.1526277
TCGA-WT-AB41-01A,-0.17441082,0.07434333,0.20363986,0.101504266,-0.06993167,0.18177325,-0.01693847,0.10651713,-0.114119016,0.061962646,0.023638062,0.011086483,-0.015269629,0.31278712,0.21050845,-0.045946613,0.030620169,0.29738483,-0.15155925,-0.29646257,0.04612928,-0.046398338,-0.13370962,0.114221424,-0.083641514,0.041075256,-0.31894344,-0.0028778976,-0.04125261,-0.22560273,-0.07349384,0.16784604,-0.19862503,-0.17810339,0.006981998,-0.26174268,-0.10743156,0.088954404,-0.102896124,0.12983303,-0.039732303,0.10230577,0.034911387,-0.110565074,0.032508753,-0.096378535,-0.0921411,0.13538048,0.0825122,0.11207035
TCGA-LL-A6FP-01A,-0.14061406,0.09129033,0.2760157,0.07850663,-0.10463706,0.12544084,-0.04752824,0.1758696,-0.09860113,0.040351525,-0.05433335,-0.019249253,-0.00951892,0.21602204,0.1961851,-0.057116013,-0.07037528,0.22511081,-0.043085136,-0.17146821,0.047221556,0.018498363,-0.09376416,0.06930607,-0.14565738,0.018918332,-0.36897996,-0.066240974,0.0015749666,-0.285263,0.007950743,0.09983232,-0.20108864,-0.23292218,-0.06899496,-0.14528333,-0.03449136,0.16483039,-0.1472521,0.13599317,-0.024991212,0.07684164,0.07030338,-0.30003238,-0.14410797,-0.05254581,-0.061416492,0.024480745,0.18490528,0.13134412
TCGA-C8-A26X-01A,-0.09171177,0.07438256,0.22853255,0.009664643,-0.20058572,0.114027604,-0.04425919,0.16300613,-0.1442375,0.004336436,-0.084412,-0.0019731582,0.064116456,0.35302135,0.102154166,-0.12580556,-0.06539672,0.19441621,-0.13560256,-0.09487905,0.037784714,0.03267787,-0.095369555,0.010663726,-0.022862328,-0.0060901376,-0.34785044,0.09067483,0.009934577,-0.20682316,0.0053519444,0.07973874,-0.3457776,-0.25404114,-0.072874956,-0.2213027,-0.06483989,0.027405707,-0.1131702,0.037696715,0.011901979,0.17688659,0.07084408,-0.12541883,-0.10632107,-0.061937712,-0.07349828,0.13542464,0.23698092,0.06337613
TCGA-A2-A0SV-01A,-0.16593657,0.024907239,0.25627765,0.02512825,-0.16033833,0.12868056,-0.047944814,0.116045654,-0.05192816,-0.066025205,-0.062032368,-0.039911192,0.08503074,0.28715852,0.10016273,-0.012399293,0.08578033,0.25525883,-0.06117798,-0.1473026,0.07227751,0.04803746,-0.13195935,0.04894591,-0.09821696,0.049082197,-0.462624,-0.061878018,-0.036540058,-0.33810294,-0.072544016,0.16391759,-0.10597943,-0.17363726,0.011243724,-0.23832628,-0.009005372,0.13321109,-0.1852469,0.015023384,-0.09758635,0.054016106,0.02330136,-0.13421069,-0.028233422,-0.10182612,-0.0909454,0.068741575,0.14054453,0.080991976
TCGA-B6-A0WW-01A,-0.061710935,-0.041915298,0.22098069,0.05842552,-0.25684506,0.12103484,0.012433085,0.075874425,-0.16414465,-0.052153613,-0.13790478,-0.10830815,0.0707292,0.18772504,0.15619053,-0.06048645,0.08575809,0.17861907,-0.05872421,-0.16928542,0.0258328,-0.0014313912,-0.017649593,0.0703971,0.017339548,0.030991968,-0.40293157,-0.044136196,-0.02181773,-0.16817933,-0.1709553,0.20103484,-0.25644815,-0.21835504,-0.007871444,-0.21059316,-0.080244,0.18863183,-0.03115499,-0.0038771743,-0.023783267,0.1693367,0.13912953,-0.052564483,-0.14272471,0.027539838,-0.13818645,0.09972005,0.22280428,0.18343905
TCGA-BH-A0BM-01A,-0.13896677,-0.053607114,0.28131986,0.049510594,-0.07600679,0.16703767,0.047659814,0.10934352,-0.095788136,-0.05644288,-0.17384933,0.035800546,0.017538767,0.19846879,0.19639197,-0.06501305,0.037721798,0.34300888,-0.02716701,-0.17317174,0.04629723,0.0055166557,-0.10199808,0.05090646,-0.14885047,0.0030285977,-0.42085516,0.053440273,0.07258078,-0.28926542,-0.09698378,0.10244321,-0.16983253,-0.27575752,-0.0058099944,-0.18770093,-0.043867428,0.099552035,-0.05372594,0.07669512,-0.06654094,0.09417583,0.08496293,-0.085074976,-0.07646438,-0.027575877,-0.13545838,0.013589371,0.17837423,-0.023089278
TCGA-D8-A3Z6-01A,-0.10684011,-0.041566823,0.301751,0.15762144,-0.08401205,0.046150014,-0.022967953,0.13647221,-0.13843413,-0.012915929,-0.061120715,0.048789993,0.09556601,0.30706453,0.13815531,-0.028377023,-0.058955096,0.2805766,0.04492218,-0.22248635,0.031333216,-0.06611525,-0.15074508,0.052863926,-0.0029226418,0.107974894,-0.30747545,-0.08889274,-0.009837405,-0.23811144,-0.08147339,0.13503939,-0.22648709,-0.25669828,-0.05505492,-0.20554896,-0.09886534,0.17550486,-0.011629015,0.05671722,-0.07682763,0.062308148,0.1515128,-0.18223198,-0.12689997,-0.02554872,-0.06790163,0.06597404,0.17532073,0.06845171
TCGA-D8-A27T-01A,-0.15020725,0.16062596,0.20813394,-0.016263157,-0.15286726,0.16499628,0.011762712,0.20555672,-0.090811275,-0.04195548,-0.17718478,-0.10717659,-0.030572934,0.30890927,0.14558716,0.0229927,-0.02439732,0.20796321,-0.07323249,-0.13590665,0.020233802,0.028078277,-0.13711125,-0.026405571,-0.09579023,0.06486055,-0.34872547,0.065064214,0.02779962,-0.21436214,-0.03316991,0.12982136,-0.21938433,-0.29084083,-0.07792736,-0.20254873,-0.08550814,0.091935694,-0.028514486,0.15839277,-0.037609003,0.179353,0.08177233,-0.14393948,-0.12924701,0.026184374,-0.026188012,0.06469243,0.14803216,0.15867412
TCGA-OL-A97C-01A,-0.21642923,0.028266655,0.18836837,0.013833919,-0.17838617,0.1908091,0.026876606,0.07020331,-0.034690782,-0.08084051,-0.048460603,-0.04298794,0.03228299,0.27394646,0.29321077,0.0130957775,0.013661226,0.20170504,-0.0050747874,-0.16280623,-0.017767828,0.015626092,-0.042400897,0.09529805,-0.12061138,0.050162464,-0.36502796,0.054511324,0.07682227,-0.1678925,-0.058512308,0.14447163,-0.26651603,-0.18224157,-0.017349968,-0.10015736,-0.06005515,0.17027248,-0.023067527,0.057613697,-0.072547086,0.11487509,0.13120194,-0.18946415,-0.17962627,-0.11116138,-0.05827948,0.14882445,0.26247427,0.12834331
TCGA-AR-A0U3-01A,-0.17583527,0.030618489,0.27098143,0.12610611,-0.12850848,0.10528614,-0.03202254,0.109537646,-0.14087711,-0.089497514,0.07124478,-0.05357237,0.014443218,0.22955641,0.18113378,-0.08963318,-0.073997535,0.20817117,-0.006291047,-0.2542209,-0.01833724,0.0008068224,-0.066953555,0.13004409,0.0023175701,0.04027238,-0.38099933,-0.07703101,-0.068122216,-0.18870959,-0.10966101,0.12188573,-0.28045672,-0.19492294,0.043025352,-0.106584065,-0.11221871,0.21308333,-0.17704827,-0.04881375,0.018721564,0.15017472,0.022226335,-0.04213846,-0.01633049,-0.11077932,-0.04020336,0.1451469,0.22109102,0.15068749
TCGA-E9-A1NI-01A,-0.07332198,0.07254269,0.16325487,0.0385972,-0.069800176,0.118095376,-0.093255535,0.19621377,-0.1413327,0.09106488,-0.140625,0.005352767,-0.02051821,0.27735803,0.19126007,-0.12808748,0.006645391,0.23161323,-0.052861657,-0.1976077,-0.058711514,0.042031948,-0.15765533,0.08783216,-0.15200573,0.034273926,-0.36455622,0.08640891,-0.06630004,-0.175629,-0.043686848,0.10750269,-0.30630773,-0.21613027,-0.048044592,-0.21272337,-0.08733204,0.03335688,0.019895747,0.07175732,-0.019639608,0.094208196,0.050029237,-0.10337574,-0.24004708,-0.030089457,-0.07356196,0.15098682,0.2202686,0.10020677
TCGA-BH-A0B3-01A,-0.050245702,0.053122055,0.17674083,0.13777792,-0.13554686,0.13100882,0.013966453,-0.02825126,-0.17691782,0.04600295,-0.05457353,-0.012073573,0.02014698,0.27790532,0.20405105,0.00064864097,0.06549044,0.25814348,0.060885157,-0.1392329,0.085098006,0.0062539973,-0.1110434,0.106403455,-0.046443626,-0.07145648,-0.39388582,-0.05815737,0.009126571,-0.24559404,-0.12194139,0.029952819,-0.36431834,-0.23299508,-0.10179713,-0.18648103,-0.08046374,0.17822003,-0.048043717,0.08314218,-0.055522308,0.074957915,0.01318626,-0.046943713,-0.039243385,-0.16005622,-0.10197897,0.14905651,0.18126167,0.043102227
TCGA-A1-A0SE-01A,-0.06718656,-0.012811033,0.19342262,0.023201589,-0.14183876,0.1502527,0.04303178,0.0021957469,-0.11178857,-0.011545055,-0.045709144,-0.025473945,0.128522,0.2746063,0.1196219,-0.0083413655,0.07706252,0.14402704,0.05114806,-0.17417485,-0.04912863,-0.006479142,-0.09382589,0.15228555,0.029605465,-0.018061107,-0.4689817,0.066291526,0.026221728,-0.24608557,-0.05250459,0.1510335,-0.19505069,-0.16213262,-0.05161198,-0.2533773,-0.0791413,0.05165448,0.06823078,0.042633787,-0.036511265,0.0682515,0.18076074,-0.1710522,-0.17488416,-0.05780197,-0.19279902,0.10998772,0.25087884,0.15507293
TCGA-LL-A50Y-01A,-0.12401159,0.027303465,0.26733005,0.05649904,-0.07259139,0.032932322,-0.042670645,0.08907561,-0.1272025,0.001735722,-0.005201816,-0.007072794,-0.020888872,0.30796477,0.20151173,-0.0055173533,0.13444683,0.25331575,-0.07651382,-0.21983643,0.00798494,0.023993704,-0.11596507,0.1275446,-0.036233544,0.07914187,-0.42486027,-0.033585835,0.045083012,-0.22253689,-0.08667269,0.2026893,-0.21552569,-0.24906716,-0.0012381795,-0.14288035,-0.042467266,0.18730803,-0.024579285,0.07538842,-0.037269976,0.03098641,0.03353874,-0.17080778,-0.11669921,-0.025889182,-0.03624549,0.118156746,0.15744913,0.1603388
TCGA-E2-A1II-01A,-0.050744534,0.07863108,0.41430143,0.0662904,-0.15036204,0.0662068,0.06758932,0.10500647,-0.07426237,0.01887092,-0.08512317,-0.063270904,0.09195343,0.31003425,0.20819563,0.070824124,0.07812243,0.24109097,-0.007214043,-0.28441966,0.07111998,0.030954184,-0.00037564492,0.13943727,-0.12240231,0.03327996,-0.31729692,0.009560485,0.012357692,-0.19964962,-0.062182598,0.12368404,-0.18100674,-0.103760004,-0.033789147,-0.15812823,-0.10190031,0.109362885,-0.051692892,0.003570755,-0.046390906,0.058644276,0.071885765,-0.09675819,-0.14704184,-0.1540158,-0.15138166,0.080029696,0.23385894,0.10820656
TCGA-AQ-A0Y5-01A,-0.15499765,0.06498952,0.23060994,0.03695675,-0.03636005,0.13266501,-0.029587556,0.10952219,-0.068871334,0.037390813,-0.099410236,-0.061440073,0.18421814,0.2799051,0.17064044,-0.050192557,0.08324435,0.23328203,0.03468916,-0.112081744,0.010608541,0.057252754,-0.033598527,0.0698194,-0.09823478,0.05030228,-0.30179155,-0.0029311297,0.0040302007,-0.21980116,-0.09353072,0.25988448,-0.28940782,-0.22516216,-0.10294158,-0.12097999,-0.11445727,0.08713551,-0.090224214,0.07831945,-0.06600616,0.07893815,0.09926812,-0.15085572,-0.088966586,-0.0684514,-0.18709353,-0.010049984,0.2812032,0.21133874
TCGA-5T-A9QA-01A,-0.16638891,0.020801265,0.16774642,0.043412402,-0.12099681,0.121023886,0.0017261014,0.11877994,-0.14383872,-0.00035376367,-0.06582678,-0.020857822,0.06322324,0.38377866,0.12544641,-0.0439858,-0.037379954,0.14320691,-0.049632713,-0.07443646,0.06648805,0.1347108,-0.020091893,0.03328219,-0.025638469,-0.028510407,-0.46133924,-0.052609287,-0.075957604,-0.21446091,-0.1333383,0.08187881,-0.1266891,-0.063860826,-0.048818246,-0.2853003,-0.11978406,0.19035341,-0.15865877,0.076982595,-0.040450294,0.15217611,0.04594204,-0.15692802,-0.16971338,-0.09331502,-0.023694264,0.16415319,0.22388504,0.066914886
TCGA-D8-A1JA-01A,-0.19239089,0.029389832,0.29880598,0.090011194,-0.18183856,0.14256151,0.018241903,0.06490797,-0.09724658,-0.027866742,-0.10751397,0.01734859,0.007446672,0.32362324,0.15718363,-0.02888252,0.10515893,0.2089895,-0.025499655,-0.21344423,-0.0793246,0.05268428,-0.13060619,0.18145137,-0.08332725,0.08409074,-0.37148187,0.047367737,-0.14078543,-0.23432457,-0.06599932,0.07933307,-0.13232502,-0.06180271,-0.13164274,-0.06679009,-0.15498804,0.19246261,-0.06906137,0.071494795,-0.045519676,0.1505845,0.09176605,-0.18532842,-0.12095155,0.013058562,-0.09052109,0.05855094,0.18066509,0.11877199
TCGA-D8-A27F-01A,-0.21195713,0.059243195,0.33722472,0.017189337,-0.131363,0.12660706,-0.050080534,0.063547276,-0.20306216,-0.007204406,-0.06945074,-0.038185604,-0.020720493,0.21141373,0.20310062,0.055861343,-0.040246096,0.22754237,0.0041544377,-0.15484367,-0.08149627,0.0036231554,-0.12632902,0.17954962,-0.07279116,0.006925029,-0.36880141,-0.04411426,-0.08875743,-0.2839832,-0.106685854,0.13678098,-0.14603111,-0.170471,-0.09353419,-0.17007346,-0.11490993,0.12584251,-0.021799479,0.082075156,0.00370573,0.17852274,0.13808164,-0.10889512,-0.019612743,-0.0067584226,-0.09806673,0.1298523,0.19063358,0.12696385
TCGA-GM-A2DN-01A,-0.12134855,-0.009600537,0.23852201,0.04698751,-0.11266314,0.08387137,0.018083194,0.022155458,-0.10650995,-0.05096684,-0.07558655,-0.024580495,-0.042104855,0.31568122,0.21773724,-0.057597477,0.018565167,0.19210708,-0.030062828,-0.21836212,0.05473993,0.03376311,-0.050606064,0.059300717,-0.05046031,0.03966967,-0.2940097,0.034474473,0.018287273,-0.26489657,-0.2099919,0.1562079,-0.27357578,-0.2213009,-0.041370384,-0.23866087,-0.0408022,0.09368467,-0.104986235,0.03659541,-0.023086896,0.13392556,0.09289787,-0.119999945,-0.110468045,-0.05357437,-0.10695903,0.17997669,0.305916,0.08390815
TCGA-BH-A1FL-01A,-0.15502788,-0.04928027,0.22488663,0.09773484,-0.20555535,0.06284094,-0.033195376,0.04704294,-0.21467796,-0.0075957724,-0.047489997,-0.018132104,0.10547092,0.26519722,0.16299227,-0.02511164,0.07785179,0.20906352,-0.054782454,-0.123633735,0.05010896,0.07644335,-0.108347796,0.06499462,-0.03226064,0.058584012,-0.34427482,0.015456258,0.061928656,-0.25965354,-0.1037718,0.17358537,-0.2556848,-0.23360752,-0.099111594,-0.08337966,-0.004251152,0.17317876,-0.07782652,-0.050710015,0.026917953,0.13210677,0.19623251,-0.1778452,-0.0016346539,-0.085616805,-0.10614609,0.14278783,0.20579357,0.1836796
TCGA-BH-A0DQ-01A,-0.10843224,-0.023385158,0.25541928,0.20952506,-0.22922046,0.11857586,-0.015549195,0.09583012,-0.13962837,0.06413133,-0.07662803,-0.003451388,0.056682616,0.2947675,0.16504367,-0.015633002,-0.057997216,0.1763713,-0.046789594,-0.2774455,0.025584925,-0.0219496,-0.06865164,0.12506585,0.07804779,0.060201,-0.3864656,0.09906248,0.11137283,-0.14541242,-0.09522931,0.17092246,-0.16037191,-0.16554384,0.01380263,-0.16732168,-0.12717602,0.026761582,-0.09151686,0.059874076,-0.08271322,0.13314366,0.06369699,-0.2120674,-0.14119919,0.019701941,-0.06457384,0.13203156,0.2241333,0.060704842
TCGA-AR-A2LQ-01A,-0.09018727,-0.07897123,0.21161138,0.072103076,-0.1288612,0.18177032,-0.023058733,0.113124356,-0.07693851,-0.016956873,-0.031594202,-0.05133555,0.05572313,0.27604064,0.11404022,-0.01586918,0.04283813,0.15265459,-0.033365525,-0.2370667,0.08076319,0.06894943,-0.012861632,0.1014329,0.05351846,0.0035356637,-0.4725651,0.040685076,0.07106685,-0.16499497,-0.12091124,-0.0013905534,-0.29481745,-0.21448375,0.020765353,-0.13829915,-0.024443572,0.05728176,0.01198623,-0.020607427,-0.043270405,0.19680627,0.15510187,-0.06722795,-0.17232327,-0.14590022,-0.086349525,0.057768945,0.24008673,0.21406439
TCGA-AR-A2LH-01A,-0.18414767,0.011966107,0.26163837,0.13099863,-0.19636044,0.09994426,0.03917779,0.059652418,-0.091059566,0.018712463,-0.13611272,-0.0036236732,-0.0065816026,0.2855132,0.25651416,-0.0067878375,0.035317678,0.26249418,-0.056728322,-0.190118,-0.043598764,-0.0042507066,-0.06444812,0.088143446,0.004554818,0.046419647,-0.40986666,-0.011706324,0.05187065,-0.19648646,-0.11447907,0.14957441,-0.19493741,-0.28257504,-0.018369723,-0.08925626,-0.14068669,0.053499214,-0.04742575,0.003749187,-0.13462381,0.13649952,0.12698777,-0.04927914,-0.08200407,-0.014730566,-0.11133668,0.09729442,0.1621159,0.14213488
TCGA-AR-A2LE-01A,-0.14918831,0.06582437,0.25254047,0.22391747,-0.09601439,0.10465128,0.050156504,0.13257936,-0.16100106,-0.03540822,-0.10625757,0.06240661,-0.028749995,0.2810567,0.20927629,0.026257224,-0.04890903,0.25280797,-0.11172611,-0.21149394,0.07311643,0.013610648,-0.075443685,0.055540532,-0.08216965,0.0437606,-0.30769095,0.022876514,0.082149334,-0.21738537,-0.1355439,0.13753313,-0.22916164,-0.19821055,0.026406232,-0.11167962,-0.039472252,0.046373334,-0.051317174,0.011536088,-0.021476187,0.09184732,0.085986935,-0.13760695,-0.050338585,0.056465592,-0.11525122,0.20178755,0.30422786,0.14364104
TCGA-E2-A10C-01A,-0.032102156,0.10995018,0.28456232,0.09562523,-0.17383729,0.15972033,0.03465971,0.20642582,-0.18058687,0.09164504,-0.03266395,-0.0073860954,-0.04671434,0.2451946,0.19108692,-0.076253116,0.050138686,0.21500237,-0.0325212,-0.22457787,0.03543462,0.05921567,-0.03128361,0.06316527,-0.15725815,0.004028211,-0.371355,0.06803304,0.048746556,-0.18333717,-0.03948935,0.1667067,-0.2601297,-0.106120445,0.044713978,-0.20523927,-0.07323066,0.17004956,-0.04501982,0.082970366,0.011661498,0.058800828,0.11531859,-0.08151513,-0.17228533,-0.09975794,-0.02033553,0.12213988,0.23708726,0.0831732
TCGA-GM-A2DA-01A,-0.15619484,0.094006024,0.22013934,0.13101368,-0.12795292,0.08248396,0.055159554,0.19349565,-0.09122078,0.01109987,-0.06559332,0.0053602727,0.09811773,0.2814323,0.15570116,-0.08318773,0.024193322,0.12949936,0.038504988,-0.22515166,-0.0020953275,-0.035926677,0.0064490917,0.16480313,-0.05205404,-0.021588074,-0.32801813,0.0104848,-0.118637964,-0.23180549,-0.12174868,0.16138722,-0.24979013,-0.32180634,0.041253913,-0.13320042,-0.10142126,0.06733905,-0.052435853,0.03395993,-0.049504817,0.022249077,0.077334456,-0.06395623,-0.016728675,-0.14365241,-0.07004158,0.19618532,0.29773238,0.13050117
TCGA-A2-A0YG-01A,-0.07683483,0.056757983,0.29990372,0.11415748,-0.16240288,0.11475746,-0.086811975,0.047642868,-0.21525055,0.05407852,-0.036843274,0.00046929464,-0.021974474,0.24978524,0.2729675,-0.05166401,-0.03427232,0.21341956,0.08376812,-0.12050976,-0.00035180015,0.033389803,0.040187452,0.115030095,-0.107798524,0.024909273,-0.40745655,0.004906692,-0.03290523,-0.20467132,0.0332207,0.09464417,-0.2659516,-0.13658616,0.005445988,-0.13232787,-0.12883289,0.12565064,-0.15158848,0.0702964,-0.04110275,0.16465554,0.09728484,-0.1029475,-0.1663657,-0.039386798,-0.1267193,0.15243845,0.1487686,0.15994634
TCGA-E2-A1L6-01A,-0.10412008,-0.007405375,0.25552025,0.037638165,-0.12525606,0.049826488,-0.059386343,0.11885448,-0.08491102,0.10613058,-0.082300864,0.028462766,0.1327811,0.1546239,0.24491665,0.008342281,0.03624314,0.12782452,-0.13334714,-0.1439607,0.018839544,0.11309796,-0.12576313,0.1184164,-0.0074948734,-0.047558445,-0.4123124,0.046712037,-0.059290115,-0.2269668,-0.028426364,0.020523692,-0.25334114,-0.18012099,0.0028606823,-0.16850476,-0.073706746,0.07356689,-0.011771593,0.0871598,0.012228099,0.12883559,0.062892504,-0.11764492,-0.22677381,0.014108472,-0.20015696,0.17564553,0.2702072,0.23519175
TCGA-B6-A0RP-01A,-0.1391511,0.17554785,0.22487032,0.006317777,-0.13057698,0.11806974,-0.04186865,0.16624224,-0.13138582,0.107228786,-0.12916115,-0.091481306,0.015587421,0.26684698,0.22876805,-0.12065344,-0.09785745,0.272113,0.029580286,-0.08817876,-0.0686157,0.06547995,0.036720388,0.10574099,-0.12992364,0.04328464,-0.29281437,-0.027902467,0.008880392,-0.29999757,-0.0047671916,0.10592644,-0.22093953,-0.23952258,-0.10937575,-0.22512123,-0.0998208,0.088995434,-0.09782792,0.0830425,0.0022625807,0.13354887,0.097008824,-0.16991532,-0.103742234,-0.06479413,-0.13686144,0.07941549,0.15751335,0.046673615
TCGA-E2-A1IL-01A,-0.17470348,-0.03137952,0.34412605,0.07039847,-0.14040378,0.037310213,0.03957782,0.12733054,-0.10810406,0.007597841,-0.18741472,0.04496243,0.038209938,0.26185068,0.119933896,0.071728274,0.017823637,0.20241208,-0.02425746,-0.22693616,0.036741495,0.030671893,-0.089466155,0.061186958,-0.10523926,-0.010713764,-0.32253557,0.029325916,0.01932921,-0.21083921,-0.14955844,0.147611,-0.21453293,-0.1829013,-0.035431165,-0.073588535,-0.13066915,0.18595704,-0.0070930463,0.064041674,-0.022731889,0.029399615,0.08481565,-0.22137928,-0.11013676,-0.05979731,-0.09332666,0.2699367,0.185213,0.15551318
TCGA-C8-A26Z-01A,-0.2012127,0.008135196,0.2926896,-0.023163814,-0.09646116,0.10395388,0.08388654,0.10704099,-0.083200775,0.01629329,0.06117505,-0.14671321,0.04565494,0.36918253,0.17533933,-0.049356937,0.025981056,0.19088861,0.015027789,-0.15717742,-0.059179362,0.15087378,-0.08854594,0.07972101,-0.07747114,-0.0056415466,-0.3729422,-0.046153005,-0.0056070336,-0.27876192,-0.014678965,0.11658857,-0.14934036,-0.24548107,-0.008459776,-0.18107517,-0.08212287,0.15718071,-0.0783933,0.10675042,-0.038671225,0.14822109,0.15869258,-0.06955374,-0.07433918,0.01886665,-0.07882551,0.06144353,0.11764452,0.20422617
TCGA-BH-A0HY-01A,-0.043423492,0.009197462,0.28891745,0.10688208,-0.06569928,0.16426533,0.02409657,0.14308837,-0.17027196,0.025073497,-0.03407778,-0.007425474,-0.0067156875,0.3037668,0.2997127,-0.0061128098,0.01783331,0.15617998,-0.009659685,-0.107579835,0.043534152,0.022820447,-0.082877815,-0.042701174,-0.03275003,-0.034863815,-0.34689403,-0.10560811,0.015814595,-0.29907593,-0.06824554,0.0023518442,-0.27874923,-0.22526644,-0.022510583,-0.19665815,-0.091632746,0.113750316,-0.043701302,-0.009265412,0.01985867,0.15818653,0.20838653,-0.09364736,-0.19070062,-0.06169426,-0.075905986,0.11792889,0.13689995,0.122396916
TCGA-E2-A1LA-01A,-0.17154442,0.06381815,0.24661814,0.22485775,-0.13440748,0.054853015,0.052057225,0.00042371362,-0.14058122,0.1472468,-0.05465553,-0.07182279,-0.062047094,0.15251312,0.09000741,-0.05801783,-0.03027368,0.3185548,-0.030440563,-0.22424455,0.012552495,-0.032865077,-0.10567092,0.037476312,-0.06337219,0.10818488,-0.35859224,0.006816079,0.053070743,-0.2748828,-0.09706664,0.15144587,-0.21415001,-0.20070823,-0.058945682,-0.18504258,-0.024348417,0.13175891,-0.02624142,0.059108067,-0.041424073,0.15379447,-0.017421175,-0.14533016,-0.10229003,-0.043109603,-0.13687184,0.074287504,0.24055752,0.18284343
TCGA-B6-A1KF-01A,-0.1641594,0.12868474,0.18962152,0.06382846,-0.1613706,0.0352169,-0.0069279945,0.09999557,-0.16918056,0.07388907,-0.1158937,-0.04583028,-0.06826131,0.23797266,0.115160964,-0.11588222,0.056986377,0.23123051,0.009426298,-0.11516353,0.030865185,0.06935477,-0.08135466,0.06515382,-0.05452935,0.0046572145,-0.4326539,0.03128305,-0.02119278,-0.21644165,0.0033212577,0.20121144,-0.2545162,-0.14751025,-0.096667334,-0.25356987,-0.14653088,0.086113565,-0.08542534,0.018144228,-0.019798245,0.08127381,0.12656091,-0.1663135,-0.092612274,-0.23039953,-0.066238984,0.1522102,0.09107784,0.17609486
TCGA-E2-A1LG-01A,-0.13225095,0.21151881,0.199791,0.1739853,-0.14296626,0.10865703,0.0870343,0.11395484,-0.1436513,0.016557604,0.03101554,-0.05199261,0.00043731363,0.2606149,0.16498867,-0.10512946,-0.010999423,0.20631528,0.014441755,-0.2107018,-0.051366147,0.09146958,-0.037598237,0.11221791,0.0032948104,0.1037295,-0.41738257,-0.014119911,0.03123962,-0.23514533,-0.039462086,0.17139603,-0.28383172,-0.16676375,-0.117943585,-0.16126579,-0.09916721,0.14927264,-0.015780525,0.10040256,0.00797115,0.08195249,0.075675026,-0.015043683,-0.07435808,-0.07177556,-0.074846946,0.0886775,0.14593405,0.22452803
TCGA-D8-A1XG-01A,-0.14120585,0.036267,0.34593332,0.06961693,-0.03536611,-0.014389505,-0.0049456875,0.13193883,-0.12275106,-0.033626907,-0.022344137,-0.061018474,0.021307299,0.18347615,0.21521163,-0.03070553,0.04616659,0.21732858,-0.012990794,-0.15678681,0.0064596315,-0.030435314,-0.054505844,0.18785843,-0.011376117,0.13619247,-0.40900797,0.014348566,-0.018748332,-0.14866732,-0.17830256,0.0818967,-0.24747567,-0.23207341,-0.117996104,-0.22117013,-0.0026166667,0.12979074,-0.21228912,0.04973227,0.023565596,0.024994025,0.013557986,-0.08211084,-0.15673049,-0.020422865,-0.14077018,0.1263553,0.21878307,0.118342094
TCGA-BH-A203-01A,-0.18176515,0.14059564,0.32385853,0.134245,-0.09998082,0.06829168,0.015765734,0.07571129,-0.089698136,0.13578145,0.03165766,-0.119450115,0.1086377,0.30018497,0.1976763,-0.0785081,-0.026827658,0.20017919,-0.0017702774,-0.13182017,0.08531059,0.022786945,-0.06628983,0.069419526,-0.0739848,0.03444317,-0.35031658,-0.030607074,-0.00010941046,-0.14798157,-0.09697949,0.07511518,-0.2813446,-0.1993284,-0.12954731,-0.22923203,-0.048393346,0.18567799,-0.08253418,-0.062012557,0.078037545,0.18679625,0.09089115,-0.13740973,-0.12404418,-0.1164757,-0.106833726,0.053462416,0.10217428,0.12171119
TCGA-E9-A1N3-01A,-0.22462784,0.006917588,0.19217823,-0.02105944,-0.19159842,0.16182263,0.0042525027,0.034215175,-0.12581402,-0.019188555,-0.012642998,-0.04050761,0.0061187027,0.237757,0.2130879,-0.04849208,-0.016312538,0.28800938,-0.10696347,-0.28785506,0.1245441,0.0949054,-0.058981482,0.067035556,-0.09415668,-0.13699138,-0.34760123,-0.013839158,-0.027282694,-0.14800057,-0.062339105,0.11317874,-0.20205688,-0.16122074,-0.033573296,-0.15298824,-0.10558426,0.121456325,-0.037672497,0.094960235,0.039789423,-0.002166525,0.1779406,-0.061033994,-0.070966326,-0.03204536,-0.17678694,0.27428916,0.18261187,0.13094549
TCGA-EW-A6S9-01A,-0.18222232,0.029795393,0.26776978,0.090669334,-0.078861415,0.13389693,0.08155744,0.060989227,-0.13482244,0.011177837,-0.08264483,0.04563287,0.0792322,0.25049868,0.12366884,-0.014840037,-0.1002776,0.24497917,0.022469206,-0.10205846,-0.081863105,-0.0065760002,-0.05167712,0.11482716,0.03276349,0.17600921,-0.33870217,0.07599988,0.032060277,-0.20250049,-0.095580205,0.14883615,-0.30065,-0.2601765,-0.08878994,-0.21780452,-0.032350287,0.16164477,-0.09104849,0.034538154,-0.15741552,0.08982963,0.08610955,-0.12131981,-0.04925533,-0.050187055,-0.1105329,0.18605688,0.14864871,0.1769963
TCGA-D8-A1X6-01A,-0.11844756,0.15958081,0.28437337,0.0770218,-0.08593538,0.10925092,-0.13102558,0.20669958,-0.040720854,0.03311185,-0.09951462,0.04617629,0.0623098,0.27918744,0.2434743,-0.051887985,0.02189181,0.23774894,-0.036439545,-0.13825546,0.067242585,-0.049494058,-0.023749663,0.018320017,0.021006934,-0.022623949,-0.34205776,0.039890923,-0.032082267,-0.21929093,-0.0520475,0.011136426,-0.37263864,-0.16224916,-0.10875047,-0.14976245,-0.08350421,0.05174756,-0.08993819,-0.08708222,-0.009135972,0.08671828,0.086890705,-0.15101698,-0.15754344,0.02442094,-0.013577259,0.03519937,0.2122212,0.2109135
TCGA-E9-A1RG-01A,-0.10011875,0.18747537,0.29737556,0.09270616,-0.19962725,0.15389355,-0.00096745935,0.15356098,-0.13782647,0.042710546,-0.04133514,-0.0715425,0.051496398,0.33096027,0.11229039,-0.09499539,0.041515958,0.2386962,-0.05086139,-0.13878195,0.044734202,0.056421768,-0.12619662,0.14543155,0.025164548,0.037730493,-0.39071256,0.0730588,0.073220916,-0.16090462,-0.16154063,0.12197968,-0.2004928,-0.20108983,-0.04461152,-0.19143271,-0.11016538,0.07632004,-0.024240935,-0.0010609019,-0.0014867357,0.100078076,0.057893034,-0.14120619,-0.048693635,-0.070587024,-0.08027101,0.15680547,0.17703444,0.115236886
TCGA-B6-A409-01A,-0.1472058,0.1697996,0.19112508,0.0799004,-0.056432784,0.095186025,0.042240534,0.06456098,-0.030761445,0.00032688613,-0.10273381,0.011063509,0.0050073355,0.43465367,0.31388226,-0.07375572,-0.029093642,0.29456374,-0.04236448,-0.06745679,-0.051463433,0.079653904,0.016816776,0.013708185,-0.09662643,0.033201206,-0.29998568,-0.034629833,0.018501887,-0.13969152,-0.039296836,0.051352505,-0.28600106,-0.112408005,-0.072286256,-0.24283026,-0.14250654,0.1204482,-0.1341025,0.018255241,-0.041666087,0.14892687,0.08350637,-0.17015503,-0.12771662,0.021480799,0.018223448,0.08926124,0.19606142,0.14019074
TCGA-E9-A1NH-01A,-0.092955984,0.11119759,0.26755512,0.05487442,-0.14046629,0.13080423,-0.049770787,0.15401311,-0.12165194,0.013608165,0.0618015,-0.08422394,-0.0048939046,0.27109525,0.19122268,0.004023599,0.03384998,0.2926107,-0.057194646,-0.09090971,-0.08589307,0.06934453,-0.06307641,0.089323975,-0.12528437,-0.03559554,-0.33819517,0.008671079,0.06933522,-0.24651706,0.0007791547,0.17717163,-0.27085903,-0.16542765,0.004457343,-0.20052257,0.04132953,0.25061375,-0.05847286,-0.0060875015,0.112008296,0.09637437,0.118271604,0.0021024286,-0.1121563,0.008908864,-0.055485293,0.026291212,0.23508045,0.19515403
TCGA-E9-A5UO-01A,-0.13233997,-0.0075249877,0.25430533,0.12837587,0.0033822083,0.16868778,0.012548366,0.18367828,-0.15111132,0.03185627,-0.054685757,-0.0089668725,-0.002710748,0.2920032,0.23042114,-0.017085508,0.057336926,0.28852934,-0.008226115,-0.16935487,0.03887692,0.12155525,-0.09041015,0.14736187,-0.058560524,0.064425975,-0.41721752,-0.05738843,-0.010760093,-0.22994862,-0.010027668,0.1305479,-0.24698547,-0.23520039,-0.07295277,-0.12888652,0.011802118,0.13907439,-0.0019400397,-0.0124665275,-0.019414598,0.10550512,0.06758147,-0.14400864,-0.01691482,-0.040186908,-0.0056476574,0.19280864,0.14435339,0.046257656
TCGA-AO-A03L-01A,-0.10458105,0.06001497,0.2506321,0.12462513,-0.16548473,0.036121793,-0.010562995,0.24786115,-0.21680894,0.032218684,-0.051835615,-0.07810627,-0.036990583,0.23805378,0.05549108,0.03611933,0.07610355,0.2002901,-0.08867022,-0.19268098,0.049553916,0.11666255,-0.077047475,0.032703407,-0.10031418,0.108828105,-0.40054223,-0.11947703,0.023375163,-0.18797195,0.05973716,0.08761391,-0.30245888,-0.17865153,0.10242289,-0.21830595,-0.036321364,0.1495927,-0.11944365,0.06951082,-0.012452932,0.12697455,0.06915081,-0.07853616,-0.124420665,-0.12777057,-0.028678086,0.10803438,0.20751889,0.031345945
TCGA-B6-A0X4-01A,-0.117711686,0.0030322075,0.23851632,0.06925344,-0.06390955,0.040825617,-0.08548529,0.13896331,-0.16833247,0.003736665,-0.033864435,0.02027051,0.07860147,0.2073372,0.15774168,0.05250595,-0.026451599,0.2616494,-0.050162848,-0.20964228,0.051199183,0.07641221,-0.010715368,0.1592682,-0.19189534,0.075689025,-0.38655135,0.06744357,0.047834672,-0.21500571,-0.036601525,0.087866634,-0.26223385,-0.19804269,-0.038301155,-0.20168467,-0.094603665,0.1180274,-0.11272025,0.048610985,-0.05708015,0.018852826,0.056971654,-0.1121463,-0.12219243,-0.13890983,-0.16361079,0.14080934,0.21565683,0.21645226
TCGA-C8-A273-01A,-0.11888526,0.0028454277,0.2880992,-0.016601887,-0.12799637,0.08865809,-0.041126747,0.092891075,-0.20000179,0.07381242,0.041237097,-0.014360309,0.11208587,0.28684917,0.10027222,-0.018725684,-0.027213307,0.19772224,-0.0044372017,-0.21330136,-0.029564803,0.019215,-0.1486677,0.13862176,-0.048980743,0.068739094,-0.40043288,0.023659548,-0.035308976,-0.13044299,-0.022640616,0.22752473,-0.2485597,-0.17982587,-0.024087464,-0.1003088,-0.07159183,0.11391979,-0.053357694,0.012985735,-0.0013936937,0.06435647,0.103130884,-0.121320955,-0.24934866,-0.12974413,-0.08635979,0.19552931,0.19782537,0.17237769
TCGA-PL-A8LV-01A,-0.089284144,0.07086825,0.24429938,-0.016104944,-0.059504207,0.13653037,-0.009800154,0.12703322,-0.11020417,-0.0009842386,-0.09438098,-0.1417547,-0.048079204,0.320472,0.21399313,-0.04995503,0.0019957316,0.14889435,-0.013406233,-0.19954279,0.08690438,0.033147674,-0.17485061,0.11182824,0.011347504,-0.016164947,-0.440307,0.026859406,0.02848827,-0.15498586,-0.026607998,0.068488985,-0.22710624,-0.1815856,-0.13473172,-0.21840802,-0.08917905,0.11464438,-0.115483195,0.04947905,2.0754094e-05,0.1457563,0.12510857,-0.18205605,-0.1297318,-0.022356033,-0.022617579,0.1052139,0.22747013,0.1307852
TCGA-E9-A1R2-01A,-0.18034795,0.052217886,0.22942972,0.062029917,-0.12513377,-0.0023399685,0.076382875,0.16231512,-0.172261,-0.014528261,-0.023283353,-0.077443935,-0.0041028946,0.27777588,0.19841963,0.06461506,0.054409314,0.17305073,-0.053054444,-0.2806782,0.041399337,0.028774658,0.018354515,0.06687273,-0.074228786,0.045236867,-0.38424525,-0.00427485,-0.08622624,-0.26317328,-0.1343166,0.11782874,-0.22641192,-0.19709381,-0.079149105,-0.18892615,-0.19292189,0.09657901,-0.009498087,0.0389709,0.0060784165,0.11533491,0.08328721,-0.075205475,-0.13111678,-0.094234586,-0.17841183,0.11962617,0.17549162,0.09174301
TCGA-D8-A27G-01A,-0.08782971,0.06297608,0.26726505,0.0635678,-0.1530474,0.03798408,0.088180855,0.09561085,-0.12076003,0.045672633,-0.17132044,0.0050997166,-0.037306182,0.33100685,0.2337188,-0.048805103,-0.039208386,0.16705006,-0.1264096,-0.23473798,0.0042864177,0.12563995,-0.07488767,0.11468337,0.04087836,-0.0036522916,-0.39534616,-0.052566182,0.09798092,-0.1501127,-0.0765986,-0.023034502,-0.16049622,-0.25473148,0.0022193594,-0.13819757,-0.10665909,0.107709154,0.004008816,-0.038251773,-0.15791383,0.015777882,0.010009447,-0.15719412,-0.172108,-0.07424325,-0.06926168,0.18872052,0.2246165,0.1117455
TCGA-B6-A0RV-01A,-0.16021968,-0.020996008,0.32588905,0.05828137,-0.08651673,0.08097376,0.061744478,0.040644452,-0.1496302,0.093391776,0.052602794,-0.00043214962,0.0027002618,0.19958131,0.33184794,-0.046845254,0.10660306,0.08113786,-0.08557808,-0.16837153,0.03768298,0.024338977,-0.18631156,0.051885784,-0.076284446,0.05389347,-0.44334573,0.004133602,-0.095818706,-0.23827897,-0.021563968,0.034193773,-0.23308726,-0.189598,0.020257922,-0.1457372,-0.054683942,0.17891857,-0.023483941,0.109877944,-0.051917884,0.070977546,0.09635398,-0.14227265,-0.086352296,-0.06475832,-0.09476523,0.1731285,0.17759135,0.11775127
TCGA-D8-A1XZ-01A,-0.12629652,-0.0037868356,0.22724569,0.03514505,-0.14840904,0.033134792,0.003940074,0.17616643,-0.12932837,0.022398105,-0.056132995,-0.0724265,0.007631164,0.37214765,0.18763372,-0.00032724184,-0.041246325,0.2040471,0.0026162933,-0.13818319,-0.06357665,0.096216865,-0.079314746,0.199612,-0.08053167,0.023587538,-0.4064434,0.066944286,0.023093311,-0.25894403,0.04439466,0.179148,-0.32098326,-0.10484909,-0.03474931,-0.20011508,-0.06818286,0.008968702,-0.10518847,0.0044397954,-0.039935272,0.12666906,0.037074678,-0.16759072,-0.0798238,-0.08247653,-0.026649639,0.10845745,0.12575409,0.13306613
TCGA-E2-A1L8-01A,-0.115917884,0.055158176,0.2315425,0.08496051,-0.112670384,0.0824602,0.043453287,0.17430928,-0.18778726,-0.0016428442,0.09569378,0.029281544,0.0888688,0.3230892,0.18794002,-0.0517267,-0.030414218,0.24180277,-0.08239496,-0.1408767,0.05516354,0.11423698,0.04593751,-0.012600766,0.07219751,0.093931206,-0.45841703,0.03910121,-0.08724232,-0.14988817,-0.09228961,0.1254992,-0.25754166,-0.17223363,-0.08529067,-0.16034669,0.00495715,0.067035414,-0.11678079,-0.07711391,-0.04083648,0.046397444,0.09409362,-0.10760601,-0.034081925,-0.12087687,-0.08896049,0.13532981,0.24528405,0.10684668
TCGA-AN-A0XS-01A,-0.13187158,0.18974157,0.23167104,0.11468291,-0.109472625,0.034364067,-0.013475636,0.09086288,-0.085085906,0.12703782,-0.056236483,-0.0919303,0.06888348,0.39194572,0.17432429,-0.04697438,-0.01441426,0.19470403,-0.039752755,-0.16201447,0.023192698,0.0034833734,-0.03375718,0.10506683,-0.08668238,0.026444603,-0.44244972,0.07697952,0.09117047,-0.15327317,-0.11004635,0.10134275,-0.2272637,-0.18608147,0.037148796,-0.15641506,-0.023808477,0.11384709,0.019824129,0.058692034,-0.04467978,0.1295336,0.12174801,-0.12141585,-0.13791677,-0.0837898,-0.101888336,0.062332656,0.22675501,0.14111765
TCGA-A7-A13F-01A,-0.11325541,0.08166822,0.3270023,0.08718229,-0.11929796,0.091374874,0.01656015,0.21496335,-0.26132828,-0.050313562,-0.032978818,-0.027699936,-0.04796816,0.20823967,0.19494751,-0.055482827,-0.05159267,0.20486097,-0.015436424,-0.112059645,0.018234437,-0.01488503,-0.0762503,0.15960665,-0.04422306,0.03719983,-0.26597014,0.027805384,0.023007382,-0.20720634,0.016285805,0.08348299,-0.2720106,-0.21388459,-0.005407165,-0.14613584,-0.05734616,0.21720278,-0.1871159,-0.0040443013,-0.049471527,0.14678496,0.08881305,-0.17065693,-0.20554912,0.026564945,-0.11739841,0.1466474,0.1576891,0.1786946
TCGA-AC-A62X-01A,-0.040454075,0.1010998,0.15149422,0.019849334,-0.109920084,0.03909391,-0.022146378,0.057110626,-0.16109703,-0.027887458,-0.07578235,-0.1106617,0.015722683,0.39133686,0.15411803,-0.008940633,0.02918947,0.35095912,0.056338254,-0.14346488,0.034248963,-0.03770498,-0.062267255,0.13846938,-0.016639981,-0.028156001,-0.3418509,0.037568405,-0.014821084,-0.18770441,-0.014300792,0.14981043,-0.3012183,-0.1579109,-0.008981695,-0.18515624,-0.13750006,0.22666961,-0.02572194,0.06773297,-0.05619226,0.15350986,0.07058868,-0.10853714,-0.15946725,-0.01194411,-0.058972154,0.045603123,0.15596929,0.22386101
TCGA-D8-A1X7-01A,-0.23472716,0.013507427,0.16012084,0.07422732,-0.07733063,0.17500068,-0.01782353,-0.0047931713,-0.14685571,0.012818771,0.04682964,-0.04316734,0.025864746,0.29162437,0.09291428,-0.03422636,-0.062420964,0.22040576,-0.061718088,-0.17582737,-0.01419053,0.022531379,-0.10322271,0.1425812,-0.078001276,-0.04256222,-0.42274785,-0.07015846,-0.0285844,-0.14725761,-0.054076504,0.08806202,-0.31750947,-0.19721846,-0.11577242,-0.11883174,-0.08517504,0.0914236,-0.04530601,0.17662233,-0.0054861405,0.16312712,0.10802059,-0.07925032,-0.14889757,-0.12124135,-0.03773471,0.07232956,0.301376,0.12914309
TCGA-BH-A0DP-01A,-0.022616802,0.003647409,0.19757885,0.004108495,-0.16523252,0.112888806,0.04394565,0.10983838,-0.19929971,-0.005084115,-0.032320835,-0.02763964,0.011436825,0.2949728,0.16556317,-0.11985486,0.13474314,0.1933147,-0.11887941,-0.18294674,0.0026337763,0.086537436,0.0061157136,0.039933607,-0.013565027,-0.027659126,-0.39213964,0.042266943,0.15525506,-0.1935953,0.009900324,0.102817185,-0.25198647,-0.20243804,-0.09707953,-0.14671732,-0.13415924,0.0826885,-0.1803436,0.1395558,0.07845162,0.11243084,0.18098235,-0.1408262,-0.12315998,-0.03846262,-0.11363899,0.038220026,0.2684702,0.09025543
TCGA-AR-A1AJ-01A,-0.13641132,0.08169127,0.21285917,0.057297498,-0.10777152,0.14508945,0.10894594,0.05269666,-0.11186006,-0.007275463,0.064344704,-0.012760531,0.07450597,0.3140602,0.18896866,0.011116195,0.010944971,0.23062298,0.010040731,-0.078832604,0.08109889,0.090723544,-0.07980079,0.085145034,-0.10709283,0.08772697,-0.33569244,-0.039823722,0.08970922,-0.31181645,-0.07666894,0.117129125,-0.287906,-0.17176388,-0.15144372,-0.23320183,-0.0964691,0.15766282,-0.16753948,-0.02466566,0.016696198,0.06745124,0.1070558,-0.10848586,-0.097323656,-0.023853524,-0.14484625,0.09387454,0.15259665,0.17842335
TCGA-OL-A5RX-01A,-0.22395177,0.019051244,0.28406262,0.07442274,-0.14611672,0.026948519,0.0045748586,0.02519357,-0.140528,-0.0059734206,-0.0012970169,-0.076442696,0.024168529,0.3289291,0.1418231,-0.006325263,0.06041551,0.2164872,-0.112082124,-0.24398482,-0.036261734,0.050824143,0.017612118,0.1505498,0.021746546,-0.026622565,-0.34171513,0.021547392,0.11073286,-0.26606342,-0.0880056,0.10867901,-0.23139602,-0.13017459,-0.059476424,-0.20599766,0.014719017,0.13070603,-0.081613116,-0.07480901,-0.08542248,0.062475387,0.0712231,-0.17072013,-0.12018326,-0.13203847,-0.060850378,0.13584511,0.26452443,0.0029969674
TCGA-E2-A1IN-01A,-0.07020476,0.1853429,0.17051312,0.077585295,-0.13110878,0.15457292,0.011701164,0.23268346,-0.15480064,0.06952821,-0.06637598,0.025080219,-0.04781085,0.33192,0.2427775,-0.07044048,0.029841485,0.21292493,-0.008797566,-0.111490525,-0.033341173,0.036349382,-0.07146262,0.092809,-0.11343906,0.00030955937,-0.3335144,-0.0042387913,-0.03819797,-0.22999153,-0.08196415,0.19247258,-0.17005306,-0.13947605,-0.0036296095,-0.08210982,-0.066127874,0.08384169,-0.004127084,-0.012707516,-0.027830988,0.16573079,0.2468993,-0.07672327,-0.21607712,-0.057666507,0.025830153,0.16880392,0.2180259,0.1855807
TCGA-D8-A1XK-01A,-0.1303683,0.04626527,0.31737122,-0.011239686,-0.15739329,0.047699038,-0.058572378,0.14229615,-0.07609664,0.08146288,-0.031019919,-0.059726376,-0.034547348,0.26363823,0.13612145,-0.055581253,0.016641565,0.23821951,0.032991026,-0.08024734,-0.053123362,0.046117198,-0.111583725,0.11672442,-0.031999134,0.026862828,-0.38363144,-0.09839056,-0.07077567,-0.1375176,-0.15816405,0.12838946,-0.35361168,-0.20274082,-0.10945671,-0.08997606,-0.14838405,0.0897392,-0.062766306,0.026306119,0.013940269,0.1131104,-0.009276318,-0.22158463,-0.04581407,-0.101354435,-0.028408533,0.08089493,0.23191714,0.20930603
TCGA-AO-A1KR-01A,-0.105870366,0.1596871,0.2577872,0.11273713,-0.10864007,0.07309377,0.039141357,0.14332199,0.0069069914,-0.00012494282,-0.072867714,-0.10246716,-0.0154210925,0.23813425,0.24390714,-0.043463536,0.08790241,0.2787777,-0.026722651,-0.14258368,0.046538606,0.053534802,-0.10638197,0.09429675,0.024163958,0.039446753,-0.4335035,-0.01026015,-0.017048024,-0.22825469,-0.04829006,0.12857948,-0.25200874,-0.0799124,-0.08408566,-0.13786314,-0.07385898,0.16320059,-0.09196095,0.08790935,-0.1301851,0.11799738,0.061808262,-0.19881359,-0.2111775,-0.034372132,-0.04616085,0.11453152,0.1460922,0.1293793
TCGA-A2-A4S2-01A,-0.1740707,0.048484676,0.2892226,0.046416525,-0.08601764,0.059294183,-0.003496614,0.078913696,-0.1666793,0.03101848,-0.06108733,0.055684444,0.071469985,0.28405628,0.17463343,-0.12362937,-0.01100426,0.15223546,-0.09701882,-0.17945322,0.023430724,0.0045119002,-0.02574153,0.193868,-0.03513302,0.011900898,-0.403906,-0.028667655,-0.06693101,-0.101243205,-0.059493072,0.16784947,-0.2948313,-0.24747516,-0.09866809,-0.21166155,-0.090613425,0.09212352,-0.015924394,0.07419655,0.0065736435,0.08132044,0.115353495,-0.076247215,-0.084569976,-0.13385795,-0.019502062,0.11515204,0.26353756,0.15041879
TCGA-A7-A26G-01A,-0.12811479,0.07287768,0.32256725,0.007072331,-0.06768085,0.14076807,0.09216189,0.05327764,-0.05994352,0.058614407,-0.1055065,-0.12256332,0.1093274,0.30720562,0.19816941,-0.004948305,0.050367862,0.22558467,-0.0048130183,-0.1741327,0.050310485,0.12940833,-0.06405693,0.12231615,0.01832602,0.1288755,-0.34841394,-0.0060369154,0.06420461,-0.23982511,-0.06316341,0.03291768,-0.30016336,-0.18039173,-0.07110059,-0.15665565,-0.013204444,0.07873719,-0.016776407,0.009099025,-0.12941964,0.07533623,0.09292065,-0.17305815,-0.08922617,-0.12863895,-0.1182545,0.07956624,0.20570904,0.15912646
TCGA-BH-A1EV-01A,-0.087407164,0.11930857,0.24718183,0.04965072,-0.1399798,-0.0010410666,0.013775894,0.07607539,-0.118634336,0.027403757,-0.059353326,-0.062158737,-0.024217766,0.3571493,0.17624961,-0.082088344,0.026189357,0.14513482,-0.094699435,-0.09212461,-0.03138131,0.068605825,-0.0069630714,0.168998,-0.04646888,0.03943892,-0.4486975,-0.011425148,-0.062756106,-0.2210565,-0.020203227,0.0822283,-0.2846499,-0.23401009,-0.10821401,-0.1980461,-0.13493854,0.15497495,-0.042151175,0.0402867,-0.07334483,0.13490134,0.11365249,-0.16542694,-0.099704854,-0.074503705,-0.026584417,0.076816514,0.15052995,0.14565325
TCGA-A2-A0SX-01A,-0.10598938,0.08639046,0.23399596,0.027231555,-0.107768446,0.056393694,-0.049227234,0.08746482,-0.12729508,0.034098223,-0.035971142,-0.052725658,-0.0008586231,0.2819424,0.22754714,0.04288198,0.014006296,0.2519278,-0.073776096,-0.228958,0.036596972,-0.03119659,-0.02163497,0.06020445,0.0018744298,0.053812705,-0.35366288,0.07670536,0.08997808,-0.38349664,-0.05311591,0.17616883,-0.29675907,-0.13491863,0.022730147,-0.22678706,-0.12952287,0.0586661,0.014113982,0.004796063,-0.1541906,0.08025649,0.04144635,-0.13162522,-0.14527062,1.6900856e-05,-0.12669367,0.10644929,0.12180189,0.06583829
TCGA-AR-A5QN-01A,-0.03529417,-0.11009916,0.19647853,0.058948375,-0.1086233,0.15792178,0.019244993,-0.03015988,-0.074252985,0.04442437,-0.07573151,-0.033411223,0.046685886,0.2253925,0.21722971,0.011517086,0.108666524,0.21482545,-0.0930103,-0.17949177,0.011480506,0.053681638,0.04822079,0.16520207,-0.13080123,-0.016329065,-0.50206596,-0.0033083444,0.028240643,-0.23221163,-0.12188111,0.16681734,-0.21018453,-0.17503412,0.021663658,-0.17586003,-0.23350607,0.12890293,0.042302545,-0.070331186,0.027626015,0.08317697,0.12605873,-0.16923147,-0.077475935,-0.020775419,-0.015393724,0.06849546,0.12267817,0.17568603
TCGA-D8-A1XF-01A,-0.16500969,0.080805086,0.19112349,0.020184942,-0.07898394,0.072140835,-0.03648554,0.13120936,-0.05450222,-0.045432534,-0.036599454,0.02420585,0.03476285,0.33624607,0.23452926,-0.06881541,-0.023018109,0.17737241,-0.031152096,-0.1721026,-0.051557016,0.17361757,-0.09531655,0.10503894,-0.15814361,0.042896863,-0.41110504,0.024498427,0.013652139,-0.15664394,-0.0062574977,0.068200745,-0.29120544,-0.11956395,-0.05556364,-0.2346895,-0.038557317,0.13530812,-0.0749299,-0.009212651,-0.030905372,0.08050766,0.17659096,-0.15348956,-0.11136639,-0.076580405,-0.15873078,0.14669663,0.17955619,0.18659087
TCGA-E9-A1N5-01A,-0.103574045,0.013698651,0.23844622,0.12852101,-0.19324923,0.07610388,0.011271301,0.049524765,-0.10883099,-0.07270778,-0.07878998,-0.07349686,0.029291637,0.23476313,0.20492978,-0.008490518,-0.021552851,0.29407436,-0.100346446,-0.23009758,-0.046433356,-0.0604274,-0.09652003,0.16337207,-0.0834213,0.02582926,-0.3634012,0.03626864,0.064228304,-0.22526038,-0.056307923,0.061916403,-0.20118822,-0.2449482,-0.22333246,-0.09635992,0.009163018,0.092756286,-0.09837432,0.013106874,-0.12331848,0.1433608,0.09160386,-0.14751399,-0.11801792,-0.0981202,-0.19562948,0.08761194,0.136017,0.12836072
TCGA-D8-A27M-01A,-0.18924712,0.008145914,0.31015775,0.016334362,-0.1256411,0.036594648,0.03977571,0.10061978,-0.056196846,0.010045733,-0.09953256,-0.12973693,0.07852909,0.23131607,0.22461556,-0.0659888,0.032976177,0.25216597,0.033342943,-0.2642862,-0.054240335,0.040700275,-0.14867242,0.06424738,-0.041322198,0.033166263,-0.32095298,0.010231832,-0.060661808,-0.13928907,-0.09059945,0.1624629,-0.32045993,-0.10893532,-0.12779976,-0.15940024,-0.1579776,0.12116856,0.020774374,0.115409344,-0.051701166,0.12059483,0.067405544,-0.09449303,-0.02377025,-0.17281234,-0.13303295,0.09210211,0.21731244,0.14163123
TCGA-S3-AA0Z-01A,-0.18919279,0.12451232,0.24610478,0.14993845,-0.13070863,0.0495767,-0.03537859,0.035307284,-0.1043503,-0.032079715,-0.06673148,-0.029389126,-0.019833736,0.26229817,0.14742778,-0.0064876107,0.007921655,0.31720152,-0.042273514,-0.18068203,-0.053446677,-0.025957415,-0.033083435,0.042822897,0.03919483,0.029505571,-0.38032484,0.03219547,-0.060206547,-0.16997467,-0.07563719,0.1214861,-0.2701965,-0.23104645,-0.07623211,-0.24255729,-0.049686566,0.17014812,-0.08424733,0.050861377,-0.04439055,0.1494155,0.03944734,-0.09058188,-0.036101475,-0.17189749,-0.06559857,0.105285585,0.24580806,0.14104292
TCGA-E9-A244-01A,-0.082154386,0.06346498,0.3100673,0.0713937,-0.14180109,0.07198576,0.0128815295,0.10411148,-0.11532836,0.041348573,0.0063331886,-0.025057942,-0.06345624,0.26874554,0.2330039,-0.01555862,0.03810496,0.28092325,-0.0096635325,-0.049832124,0.14308129,0.09144873,-0.09465112,0.0958077,-0.08077528,-0.01029247,-0.43975756,0.008557138,0.028439771,-0.21312141,-0.07596819,0.12521115,-0.19885589,-0.1162186,-0.07954932,-0.16883177,-0.043157194,0.017440261,-0.18096285,0.17110154,0.017944131,0.07060204,0.15348795,-0.116404355,-0.21950334,-0.08240124,-0.13549335,0.027496947,0.13338993,0.14550547
TCGA-OL-A5D6-01A,-0.10915551,0.05169703,0.18545838,0.11320264,-0.09182343,0.15723056,0.044234965,0.037985593,-0.19205378,-0.05062797,-0.17334145,-0.007301098,-0.026637642,0.23140985,0.21280408,-0.09778196,-0.03042175,0.23279396,-0.06856329,-0.22707938,-0.046060406,0.043949947,-0.060156934,0.12760355,0.10243434,0.038418163,-0.39186183,-0.07550023,-0.06974648,-0.22841561,-0.09941305,0.091289975,-0.27009732,-0.17639866,-0.049839538,-0.22338052,-0.10453482,0.18364468,-0.07590083,0.119651176,-0.04783982,0.13845046,0.10674526,-0.048883088,-0.087019324,-0.04041369,-0.1399606,0.16913158,0.15712346,0.05161976
TCGA-A2-A0T5-01A,-0.19983363,0.0020096144,0.16082905,0.13382614,-0.09924252,0.13120297,-0.04977904,0.08198729,-0.18190913,-0.058634207,0.014719379,0.019973086,0.007907263,0.27248248,0.22338079,-0.06403533,0.07634407,0.21352148,-0.120115116,-0.23689869,-0.018319052,0.023342323,-0.043195132,0.057008877,0.028086545,0.070186034,-0.38113737,-0.001181164,0.084902845,-0.24791472,-0.052432667,0.15392926,-0.13783126,-0.21843506,-0.056909148,-0.23755063,-0.119920164,0.049240574,-0.07223413,0.009695918,-0.13039413,0.11954589,0.04416036,-0.14735928,-0.070313215,-0.19093703,-0.07350254,0.094568096,0.20304634,0.20019872
TCGA-AC-A2FO-01A,-0.15524831,-0.04523292,0.30841938,0.020549433,-0.23033121,0.1877654,-0.007273628,0.06638133,-0.06975148,-0.029930593,-0.031796638,-0.054577064,0.071461044,0.27305245,0.23065124,0.013948792,0.021609562,0.18647134,-0.116801724,-0.24532834,0.0025661346,-0.01485672,-0.08249353,0.11315639,0.09196466,0.019498184,-0.40460038,0.10827777,-0.030858466,-0.15986599,-0.12612508,0.17968641,-0.21601975,-0.08525688,-0.04146058,-0.10039815,0.010821446,0.18265803,0.018008584,0.07447845,-0.09244497,-0.051203806,0.108569905,-0.1713519,-0.045320522,-0.058798544,0.022196755,0.13005804,0.17560565,0.20904766
TCGA-C8-A8HR-01A,-0.115597196,-0.0013142136,0.30326036,0.06618211,-0.012459912,0.12251705,0.0069785444,0.02528585,-0.15449414,-0.0027712453,-0.08080522,0.07970315,0.089157,0.29301554,0.23713191,-0.13660876,0.118974574,0.2273656,0.036331214,-0.2503145,0.029559428,-0.012168111,-0.019620128,0.057915736,0.061631832,0.036934845,-0.33537048,-0.0006954414,0.013834813,-0.18037304,-0.05146048,0.12579176,-0.32754892,-0.23678009,-0.024055801,-0.20989199,-0.0764913,0.035027176,-0.079259515,0.08125638,0.010516234,0.123012185,0.049302064,-0.1176089,-0.073665164,-0.110510364,-0.18150418,0.13241933,0.17475544,0.08626907
TCGA-E2-A1IF-01A,-0.18786088,-0.02619316,0.2617542,0.19217575,-0.05585989,0.11136838,0.021957185,0.11141357,-0.077034995,0.063398235,-0.17090228,-0.038820587,-0.029707901,0.2394376,0.14969656,-0.046531312,0.028395573,0.2165932,-0.13727988,-0.110528015,0.0327068,-0.09755745,-0.107346945,0.1779507,0.006039749,0.0953053,-0.39047825,-0.017409712,0.046887353,-0.2217568,-0.019195661,0.15141387,-0.27840582,-0.14515851,-0.025706174,-0.15128171,-0.06978989,0.14975382,0.10363301,0.022378413,-0.044949718,0.021660464,0.07528607,-0.18630591,-0.14655128,-0.062769264,-0.124775045,0.2568808,0.09941098,0.13110825
TCGA-AC-A4ZE-01A,-0.15852992,0.14289363,0.202861,0.122178964,-0.1657079,0.119936585,-0.05744312,0.14094977,-0.10507647,-0.020728506,-0.05516588,-0.09205011,0.043875102,0.24631599,0.2145159,0.020932926,0.09027252,0.1573677,0.03181051,-0.17045607,-0.03043398,0.014499416,-0.06517006,0.045383118,-0.070461296,-0.09647355,-0.40746585,-0.014711247,0.0031350944,-0.2179155,0.084791,0.09509614,-0.33115962,-0.17102455,-0.15944295,-0.24411194,-0.006544102,0.114928804,-0.074616164,0.019758932,-0.034630958,0.20335883,0.061918866,-0.09908324,-0.03905178,-0.052720904,-0.018673865,0.042455133,0.20170301,0.2004134
TCGA-C8-A1HO-01A,-0.14685385,-0.012673365,0.20958063,0.056045134,-0.24610491,0.0701715,0.059820924,0.120596774,-0.07842101,-0.057583224,-0.11970974,-0.026328556,0.0844768,0.2577677,0.115669854,0.039723422,0.007978583,0.21231018,0.045728344,-0.24162379,-0.056071393,0.09227697,-0.14283186,0.04708345,0.01974139,-0.05938492,-0.4415375,-0.08404586,-0.043085232,-0.2410034,-0.03567304,0.082928605,-0.28337556,-0.20689052,-0.051029883,-0.22416668,-0.07832824,0.17405161,-0.07032918,0.007330431,-0.005507109,0.12715356,0.07219521,-0.06897488,-0.01662241,-0.106875114,-0.11659973,0.043405868,0.17417412,0.1399345
TCGA-AR-A0TV-01A,-0.14074743,0.15314253,0.33639762,0.13096423,-0.15178686,0.15977238,0.10335866,0.14832743,-0.077679045,0.0063433736,-0.10385386,-0.06614138,-0.010494373,0.29535037,0.13082474,0.0330491,0.11238042,0.19162305,0.049175274,-0.074215844,0.017768655,0.034926355,0.025631532,0.034569666,-0.09097165,0.01643873,-0.31182462,0.0013668784,-0.051655848,-0.19667019,0.02309775,0.14821209,-0.21622376,-0.1609667,-0.11351774,-0.210123,-0.074439965,0.17081296,-0.067311324,0.06682717,-0.046111755,0.1346639,0.11191571,-0.16627027,-0.1783129,-0.11732693,-0.09187848,0.113755845,0.2040852,0.21366751
TCGA-AC-A6IV-01A,-0.020301128,0.037405185,0.1809452,0.117027864,-0.0010722659,0.124712944,-0.07334317,0.07535024,-0.13680801,0.19389339,0.018110124,0.063455135,0.032872528,0.27755463,0.25262097,0.07453167,0.032722663,0.20413841,0.053662438,-0.2779785,0.0014715347,-0.08034853,-0.1256072,0.06931271,-0.049254566,0.020135386,-0.37333152,0.015024302,0.051453177,-0.14534153,-0.15164506,0.1686721,-0.22059982,-0.25808507,-0.06214378,-0.16861364,-0.01791179,0.09563708,-0.020658124,0.13343343,0.05380508,0.13420454,-0.025617393,-0.09925804,-0.15605049,-0.0948291,-0.040530536,0.13815716,0.2637131,0.13821389
TCGA-A7-A5ZV-01A,-0.1117776,0.17899033,0.3021841,0.08325393,-0.03903091,0.082571864,0.014433771,0.122906245,-0.13281615,-0.06766685,-0.022420028,-0.12034835,0.031615414,0.28927717,0.19089709,0.04333738,-0.008275162,0.22484362,0.030660206,-0.26511624,0.07184222,0.10749226,-0.091103084,0.08511222,-0.082095854,0.0027984949,-0.35613188,-0.014287422,0.044299215,-0.1810551,-0.13304554,0.06999249,-0.25222084,-0.15735638,-0.15514533,-0.19576141,-0.08764806,0.102582015,-0.08023233,0.060294457,-0.105891585,0.087253526,0.12405991,-0.23732656,-0.057781994,-0.05087275,-0.08831728,0.104645364,0.14402936,0.11452418
TCGA-BH-A1ES-01A,-0.13314189,0.009076634,0.28469014,0.10904147,-0.17262143,0.044918753,0.034423333,0.095558874,-0.103484586,-0.008042717,-0.15861967,0.047579877,-0.05152094,0.19736327,0.12066436,-0.14832535,0.0045953584,0.23116226,-0.03288905,-0.14311533,0.051862456,0.019308275,-0.103388265,0.090390936,-0.051108826,0.08839687,-0.45688558,0.01780774,-0.03433669,-0.3009695,-0.06756365,0.025050385,-0.19224763,-0.10044038,0.00268683,-0.31648684,-0.052205425,0.14579947,-0.00958351,0.04499998,-0.023913283,0.00897659,0.1024221,-0.06223453,-0.14476737,-0.06814122,-0.06469906,0.24392803,0.19225034,0.05280683
TCGA-BH-A0DV-01A,-0.16226462,-0.105515234,0.24158397,0.048765708,-0.0921861,0.06087322,-0.00013612652,0.12993546,-0.08922779,0.009336584,-0.07549498,-0.009336088,0.1742431,0.22175848,0.18747596,-0.042752635,0.024334755,0.19207352,-0.057284556,-0.14003047,-0.030857433,-0.09331276,-0.055470422,0.027828591,0.057467554,0.04361468,-0.41613713,-0.01710487,0.0833633,-0.29705843,-0.08858912,0.14699568,-0.24575415,-0.18459128,-0.1667333,-0.20579273,-0.17613703,0.13338833,-0.093668126,0.12074944,-0.04017229,0.13130982,0.11788964,-0.037386186,-0.044439133,-0.11259089,-0.081005774,0.1089815,0.20745498,0.134495
TCGA-LL-A5YP-01A,-0.09049919,0.08944667,0.1852685,0.08203428,-0.09707226,0.12874255,0.059296835,0.16232087,-0.23310223,-0.057955172,-0.14002141,-0.05588398,0.07012847,0.3540915,0.2563245,-0.13568722,-0.009054947,0.11783385,0.046169236,-0.2014157,0.021018619,-0.033088706,-0.17184362,0.060905114,-0.043876305,0.034650065,-0.29779428,0.029872421,-0.028194645,-0.2410021,-0.065421045,0.092863455,-0.17321798,-0.15780337,-0.043177627,-0.16748336,-0.029593885,0.1641127,-0.12920715,0.05953033,0.044019114,0.13791572,0.06807432,-0.16089383,-0.1270502,-0.13441266,-0.03767384,0.08874573,0.2084002,0.2546598
TCGA-A2-A0T1-01A,-0.123841085,0.07394198,0.24196188,0.019079199,-0.18236275,0.09353631,0.0519349,0.09608397,-0.06626286,0.040553063,-0.014722286,-0.1324735,0.02245844,0.3597377,0.12681016,-0.082848094,0.023693,0.19440651,-0.046090025,-0.049351864,0.014636475,0.02334577,-0.01702441,0.063961215,-0.085203536,0.020317823,-0.4218953,-0.009669791,-0.029378291,-0.20366575,-0.070142694,0.04930894,-0.3011197,-0.2207779,-0.013901747,-0.1749127,-0.106401525,0.20844853,-0.06965982,0.12554918,-0.047895532,0.089815766,0.12728547,-0.16542651,-0.1831563,-0.08012345,-0.03736389,0.14981481,0.20091553,0.0498654
TCGA-AR-A2LM-01A,-0.13503571,0.092771746,0.26848724,0.10907985,-0.14050242,0.0860148,-0.010767088,0.15031058,-0.12499207,0.0026420697,-0.055711813,-0.010935766,0.09970175,0.2011747,0.15966345,0.04579406,-0.0059288554,0.16000326,-0.075287245,-0.14309281,0.046305653,-0.030355753,-0.0929321,0.113312356,-0.016433304,-0.025337478,-0.4205047,-0.09847598,0.060602892,-0.37450254,-0.068206966,0.19528426,-0.30171743,-0.11913493,0.01416402,-0.20578171,0.026922502,0.18178208,0.048651386,0.06303089,0.0018070423,0.08002938,0.08274844,-0.109339625,-0.09241805,-0.12773715,-0.068487436,0.16164058,0.10884921,0.106704324
TCGA-A2-A3XU-01A,-0.100135595,0.040341362,0.1896829,0.055407245,-0.09918122,0.11037116,-0.049227994,0.12014913,-0.08022241,0.030864388,-0.11426215,0.021995481,0.02408612,0.24713302,0.1383235,0.01435671,0.05237028,0.18930466,-0.16960545,-0.2422739,0.01418263,-0.010060171,-0.048386127,0.12209241,-0.010139821,0.08067147,-0.4169199,-0.02723653,0.052613672,-0.26559722,-0.020450495,0.15601033,-0.2482636,-0.1786247,-0.104366295,-0.26311797,-0.043805975,0.11480544,-0.082582645,0.10909722,0.026253268,0.182144,0.09235727,-0.23767933,-0.024710575,-0.09827475,-0.09181989,0.06282385,0.16537619,0.1711521
TCGA-D8-A1XW-01A,-0.088947795,0.16152714,0.29854372,0.051442232,-0.15829737,0.10667326,-0.082651526,0.08583182,-0.116250455,-0.036848802,-0.09089205,-0.10943083,0.08605475,0.29825452,0.21197163,0.009025511,0.027155915,0.24005815,-0.017186766,-0.20037304,0.0030473645,0.05344376,-0.022381915,0.11986554,-0.032846414,0.060890906,-0.40845183,0.13348569,0.17077145,-0.1295871,-0.06915247,0.094839424,-0.25131065,-0.12002773,-0.0126794595,-0.2006071,-0.037233118,0.11645556,-0.12919617,0.0015169734,-0.03905921,0.058783364,0.0062373695,-0.11871578,-0.18400413,-0.1882675,-0.09267044,0.10220639,0.13418575,0.07952491
TCGA-GM-A2DF-01A,-0.12888485,0.096788704,0.2834686,0.09059011,-0.10464873,0.048289847,-0.020371625,-0.013794481,-0.055471662,0.04199901,-0.090262644,-0.10630122,0.055930167,0.22128426,0.19950396,0.044104952,0.0045551844,0.25847274,0.07609823,-0.20218848,-0.07571794,0.015006187,0.03576221,0.15430781,-0.004955163,0.027542932,-0.3046675,-0.034503832,-0.023855882,-0.25580153,-0.08345455,0.13174422,-0.33515733,-0.14939195,0.019136783,-0.24837685,-0.06827781,0.068401925,-0.10826059,0.080236554,-0.0982313,0.032613944,-0.02098858,-0.20895465,-0.13143447,-0.07420947,-0.05072922,0.10162938,0.31989425,0.082067795
TCGA-E2-A1IG-01A,-0.12762918,0.023513043,0.26649827,0.18104479,-0.03421293,0.0968333,-0.045652762,0.082406566,-0.05435485,0.09545393,-0.08959887,0.014465108,-0.0062837116,0.24388304,0.18438068,-0.03157616,0.051712215,0.2545388,0.049763564,-0.226122,0.089295395,-0.042840924,-0.1254982,0.082433686,0.009112325,-0.051664196,-0.4705,0.014966704,0.088038735,-0.22166094,-0.089133926,0.17288665,-0.24378951,-0.10145447,-0.029477943,-0.11955319,-0.08919194,0.12827073,-0.09041351,-0.021997174,-0.06482939,0.06617935,0.17415534,-0.100454606,-0.05677465,-0.12565173,-0.07398035,0.16779293,0.22538161,0.0472837
TCGA-LL-A73Z-01A,-0.13713567,0.10319797,0.17878796,0.06292047,-0.047121596,0.15876462,0.13935705,0.17861995,-0.06647875,0.082290106,-0.113401,-0.03493814,0.02312344,0.20705493,0.2373721,-0.102220856,-0.016846113,0.077946246,0.03334782,-0.208147,-0.023740388,-0.02186065,0.03185947,0.10427479,-0.079665445,0.074621566,-0.3866904,-0.13615568,0.04914718,-0.257443,-0.030676305,0.17080945,-0.19909666,-0.17452648,-0.09717666,-0.18132299,-0.16679075,0.18117888,-0.10847151,0.097592056,-0.09850309,0.14947312,0.09002842,-0.066161856,-0.10977875,-0.044606324,-0.045327064,0.25895813,0.22521101,0.07154472
TCGA-AC-A2BM-01A,-0.03495765,0.018065594,0.2640542,0.12736647,-0.13842222,0.06462332,0.024449745,0.09303233,-0.14343224,0.1145579,-0.060531985,-0.056376144,0.058760036,0.35530496,0.060496338,-0.15078901,-0.0003973536,0.1919398,0.05852723,-0.14297223,0.06541037,0.062237196,-0.11700126,0.059274063,-0.07624984,-0.0748785,-0.36258924,-0.0015466243,0.014391728,-0.20336637,-0.07382654,0.08179697,-0.2858001,-0.20360419,-0.1567915,-0.1111978,-0.017997999,0.12815131,-0.17085136,0.07878557,-0.06734069,0.1462973,0.13545847,-0.15923373,-0.16818506,-0.06122138,-0.035150263,0.1202281,0.2603998,0.05673436
TCGA-BH-A1F0-01A,-0.110151425,0.07756825,0.3077572,0.0128370365,-0.048092183,0.14690228,-0.0013539179,0.056691755,-0.14061777,0.010922508,0.0019066728,-0.034707684,0.05844614,0.32068095,0.18960384,0.031145338,0.14911827,0.27620015,-0.10175138,-0.11589479,-0.049991384,0.025027914,-0.09060308,0.038195346,-0.023776714,0.035466075,-0.3390965,0.05569835,-0.018400902,-0.19925097,-0.061553344,0.13542135,-0.29242924,-0.28358787,-0.08572348,-0.20867617,-0.12241282,0.22331911,-0.070376016,0.02685059,-0.06615768,0.086282365,0.07709493,-0.15290752,-0.053459786,-0.06791282,-0.068198286,0.12496006,0.14632784,0.02744751
TCGA-S3-AA14-01A,-0.18887603,0.012500016,0.30106738,0.13084362,-0.1297372,0.101191536,-0.02865086,0.08872102,-0.13070056,0.056481965,-0.018401418,-0.1811777,0.117909245,0.31638777,0.18638463,-0.047641143,0.010332824,0.2684883,-0.08889975,-0.19784029,-0.0065715695,-0.0810544,-0.059905287,0.09593382,-0.05011079,0.073173754,-0.3686822,-0.0040174616,0.06463832,-0.22468238,-0.09802285,0.10534419,-0.14675964,-0.17528108,-0.13933441,-0.08122928,-0.053417593,0.11024013,-0.039183524,0.015745873,-0.13452275,0.10499038,0.118615635,-0.11199935,-0.08940072,-0.059300397,-0.084580235,0.16201007,0.19952324,0.15120327
TCGA-D8-A1Y0-01A,-0.093808696,0.011468063,0.28773555,0.058614388,-0.15456432,-0.06642934,0.036464013,0.1826686,-0.07737872,-0.0016752889,0.0040318216,0.07422734,0.039281137,0.2789192,0.016065778,-0.06717259,-0.028492045,0.07065655,-0.18422972,-0.12318358,-0.038104083,0.07076147,-0.10820737,0.1396259,-0.09282116,0.055965368,-0.37690496,0.08950963,-0.0086451,-0.29277396,-0.12691577,0.13003124,-0.25928393,-0.20491959,-0.07987474,-0.13380028,-0.13121727,0.098475546,-0.019023199,0.03478459,0.04057472,0.12976293,0.13065854,-0.14081407,-0.1279005,-0.10505572,-0.08089793,0.091695964,0.3175794,0.1114858
TCGA-A2-A0YD-01A,-0.1202283,-0.020683216,0.28336284,0.054354914,-0.09301132,0.1437022,-0.019208511,0.12038949,-0.17917159,0.028769081,-0.14185333,-0.06973843,0.019393982,0.32149604,0.21090268,0.01015216,-0.014018857,0.19741654,0.007974281,-0.21631712,-0.008611162,0.041750662,-0.03921989,0.17618576,-0.04136522,0.08161724,-0.33895886,0.015164839,-0.06072817,-0.14762527,-0.09729754,0.10684879,-0.24671316,-0.21039255,0.03529182,-0.23657538,-0.080306165,0.15968269,-0.035536047,-0.03537839,-0.085246116,0.088489376,0.12969786,-0.0935852,-0.099157095,-0.18557537,-0.120325975,0.04196138,0.25057545,0.020093309
TCGA-S3-AA10-01A,-0.022202987,0.09494326,0.24269837,0.01971915,-0.12599304,0.07651111,-0.022018442,0.110654384,-0.15972222,0.030762028,-0.054991547,0.0054512387,-0.07383033,0.24586578,0.29496655,-0.02743066,0.018487483,0.29078877,-0.06716291,-0.16030751,0.08006186,0.04329322,-0.078918524,0.17813581,-0.11808938,-0.06720938,-0.34187385,-0.0005100178,0.015113322,-0.15582103,-0.08166557,0.113400534,-0.23255102,-0.15419213,-0.05778367,-0.2589482,-0.101844154,0.1695482,-0.17361449,0.028926032,-0.14228483,0.13034777,0.13552122,-0.13416575,-0.109422654,-0.0051507773,-0.017939942,0.14527714,0.17486301,0.1299633
TCGA-D8-A27H-01A,-0.18029153,0.053370025,0.20719391,0.0148891555,-0.10261629,0.048974972,0.071164474,0.01881149,-0.08671822,0.0214394,-0.024420755,-0.06813455,0.058701765,0.17051855,0.20288537,-0.055155735,0.02452661,0.3503923,-0.042428415,-0.22563973,0.03654968,0.06441547,-0.15476598,0.19328403,-0.022138676,-0.0039477544,-0.37459785,-0.02536573,-0.023375,-0.23884414,0.0026264838,0.10539689,-0.18671109,-0.18732844,-0.031119121,-0.28546286,-0.19655624,0.089114025,-0.12927122,-0.012851861,-0.051308006,0.08567972,0.16862732,-0.101484664,-0.080164224,-0.046724733,-0.05609445,0.06043954,0.20788515,0.19219932
TCGA-BH-A0DI-01A,-0.1658182,0.06067636,0.1766245,0.037631765,-0.079335965,0.11473434,0.067499205,0.10172789,-0.12632029,-0.023749435,-0.07455776,0.05566768,0.08161184,0.26054963,0.2276651,-0.06001303,0.092761666,0.16828,-0.082843505,-0.27018175,-0.052689593,0.0468346,-0.07492646,0.100176476,0.006456266,0.06308739,-0.4348357,-0.07956641,-0.051086836,-0.16532116,0.001969473,0.045236316,-0.18731244,-0.22360183,-0.09315526,-0.25177464,-0.14453647,0.10309903,-0.032024994,0.09875124,-0.18899539,0.07621675,0.15965341,-0.12932624,-0.116127394,-0.11475124,-0.013234468,0.12813623,0.13146754,0.1847614
TCGA-A7-A26E-01A,-0.15007566,0.018066753,0.27307007,0.061181057,-0.0987361,0.13609019,-0.018336624,0.043695334,-0.14935741,-0.014108534,-0.06651272,0.07665292,0.033589426,0.18437265,0.24604349,-0.060249835,-0.033569366,0.20045048,-0.06614622,-0.15822914,0.03256623,0.06883165,-0.0872082,0.01988808,-0.047701064,0.17013615,-0.46821865,-0.0038620345,-0.0721377,-0.2288478,0.019337896,0.16686405,-0.2392325,-0.19953154,-0.063930236,-0.24868587,-0.05615508,0.038787972,-0.009874905,-0.011892626,-0.049404047,0.1228991,0.014314028,-0.043930795,-0.008060249,-0.020544872,-0.0012731531,0.23256321,0.26916263,0.029628979
TCGA-GM-A5PV-01A,-0.19930315,0.035998423,0.26905432,0.07415964,-0.030572321,0.12205804,0.0007771071,0.12651043,-0.19032502,-0.06021437,-0.04326525,0.039899137,0.13838688,0.18489578,0.25569826,-0.12782474,0.0696123,0.29258636,-0.05383961,-0.101485424,-0.040670857,-0.02153138,-0.106066585,0.072696455,0.014284028,0.096863285,-0.33013096,-0.0067992234,-0.07966143,-0.2728061,-0.11393903,0.14100465,-0.23534298,-0.15501052,-0.07651824,-0.14170521,-0.03831224,0.15707575,0.008648756,0.10342058,-0.13260128,0.11429004,-0.0032367231,-0.15737209,-0.049692445,-0.07487814,-0.14937122,0.15418217,0.21206357,0.1396889
TCGA-A7-A26F-01A,-0.10984581,0.13753332,0.27543333,0.07408533,-0.2040983,0.08891989,0.08249295,0.06776841,-0.109066665,0.001587613,-0.04984909,-0.032399725,0.030054068,0.22531979,0.2191733,0.031012902,0.08637187,0.14768292,-0.060104445,-0.23579846,0.035530113,-0.03952258,-0.008008264,0.110319585,-0.049904253,-0.052832488,-0.38074872,-0.012886019,-0.030239876,-0.2911644,-0.03259943,0.12037042,-0.3004302,-0.17248385,-0.051023655,-0.2282856,-0.05785902,0.14618325,-0.12056347,0.03893523,-0.043667935,0.1574506,0.04493297,-0.15792643,-0.062240776,-0.036461443,-0.13374926,0.14559074,0.17552172,0.105591185
