,0,1,2,3,4,5,6,7,8,9,10,11,12,13,14,15,16,17,18,19,20,21,22,23,24,25,26,27,28,29,30,31,32,33,34,35,36,37,38,39,40,41,42,43,44,45,46,47,48,49
TCGA-BH-A201-01A,-0.0061557377,-0.033170637,0.3641821,0.16740404,-0.072174646,0.18405043,-0.0657606,-0.038634308,0.02781207,0.044601426,0.043036994,-0.046654344,-0.022493925,0.118413925,0.20360115,-0.05703478,-0.092895694,0.31299207,-0.15549548,-0.019555943,-0.020983633,0.08885885,0.14862771,0.20365448,-0.00094962586,0.17007123,-0.2020834,-0.13748527,-0.2791664,-0.017440535,0.117298305,0.08510341,-0.20123206,-0.16566439,0.0013931908,-0.25996628,-0.14292793,-0.021356992,0.020988228,0.044472888,0.033065543,-0.01617061,0.16106987,-0.17845869,0.072062895,-0.23882513,-0.14658077,0.124410786,0.097469166,0.09825777
TCGA-AR-A2LK-01A,0.044683877,0.06375934,0.3323998,0.13048375,-0.13101363,0.12852755,0.04709339,0.017695855,-0.020794906,0.214111,-0.05614101,-0.019204507,-0.1591056,0.25004557,0.095806025,0.05926192,0.094141826,0.20227778,0.051319785,0.17431587,0.15931498,0.05950027,0.032819822,0.18627343,0.10066456,0.2703135,-0.17944366,-0.120916545,-0.08090053,-0.1747422,0.073984146,0.014497914,-0.11157722,-0.29719764,-0.1803856,-0.17481478,-0.12215302,0.0034854258,-0.14674723,-0.019528044,0.026075386,-0.13977583,0.071526,-0.17189847,-0.030949831,-0.19152269,-0.21327555,0.06335865,0.093380496,0.09018878
TCGA-B6-A0WW-01A,-0.002496601,-0.057487257,0.23556745,-0.0045538307,-0.17295855,0.22008014,0.06356334,0.0069529805,-0.095523514,-0.07107749,-0.030296937,-0.15391698,-0.10186432,0.20069791,0.005388732,-0.10190409,0.16225508,0.33489102,-0.14446676,-0.073003106,0.0066693695,0.11317797,0.106133185,0.06569674,-0.038872615,0.1285693,-0.27791083,-0.1511878,-0.026413646,-0.18740088,0.16100359,0.2161026,-0.18180004,-0.24540646,-0.05176247,-0.23437543,-0.023655187,-0.029535279,-0.026176171,-0.078701705,0.06173185,0.058565564,0.10578602,-0.14025472,0.05678842,-0.2563532,-0.070068,0.014876972,0.10582241,0.2379617
TCGA-C8-A1HJ-01A,0.14200334,-0.05223101,0.19791012,0.20052357,0.06878373,0.10406325,0.023861423,0.07603045,0.088215604,0.09152013,-0.009000572,0.03318342,0.03013717,0.13818909,0.18594669,-0.081087165,0.19198684,0.22777663,0.10500669,-0.15854308,0.03383355,-0.031037714,-0.074093774,0.24311732,0.06395368,0.12713774,-0.23690031,-0.102452464,-0.15422745,-0.08887658,-0.0325684,0.03754779,-0.09395713,-0.38532132,-0.08318459,-0.38627985,-0.16175301,-0.08046697,-0.13862008,-0.084569514,-4.147369e-05,0.17087112,0.22454698,-0.06447567,0.00924227,-0.07122416,-0.04610006,0.040229134,0.03509181,0.13542445
TCGA-GM-A2DD-01A,0.13648851,0.024094231,0.24836826,0.22429703,-0.06633496,0.22611663,0.047469333,-0.0038208836,0.18307419,0.115625404,-0.09247416,-0.10423074,-0.20997392,0.18489334,0.105868384,-0.042818982,0.10068784,0.1836785,-0.0043219854,-0.006877091,0.054010525,0.14059104,-0.15625453,0.16325824,-0.17218645,0.07585878,-0.20172235,0.04141561,-0.03304837,-0.1376387,0.09959613,0.09241862,-0.13076854,-0.30260098,-0.25750974,-0.2681477,-0.053260565,-0.16778968,0.060555905,0.0002709374,-0.05736353,0.21978487,0.11341895,-0.065533325,0.02899683,-0.026335515,0.012236744,0.11572742,0.117115006,0.2007311
TCGA-PL-A8LX-01A,-0.07695806,0.061663903,0.17790525,0.164433,-0.060698003,0.21972829,0.12364086,-0.085126884,0.060595203,-0.124570735,0.02002673,-0.004265084,-0.13775045,0.06723659,0.058540206,0.0124034565,0.2230125,0.14010438,-0.02705721,-0.09043412,0.018778268,-0.1038454,-0.10081326,0.27340123,-0.09301167,0.11169929,-0.33268276,-0.084673755,0.1789335,-0.19067064,0.07100894,-0.07210152,-0.16876003,-0.28953448,-0.07999804,-0.08918382,-0.081230074,-0.20885055,0.036970157,0.0728252,-0.050215513,0.006707043,0.11461508,-0.1399454,-0.08890115,-0.16497827,-0.08018747,0.054893233,0.10017664,0.380858
TCGA-OL-A5RW-01A,0.041708585,-0.012418377,0.21113934,0.26164958,0.05518749,0.12419462,0.12310943,-0.10281686,0.12162869,-0.06293962,-0.04266978,-0.07429311,0.062017545,0.18533237,0.18430276,-0.16014026,0.1253603,0.045120075,0.19471693,0.014011142,-0.05358388,-0.11564411,-0.015067022,0.18929301,-0.010647732,0.21398672,-0.08906259,-0.15977658,-0.0077060442,-0.08335227,0.07511034,0.058614336,-0.2600604,-0.2412716,-0.16157623,-0.35665676,-0.23461555,-0.14113596,-0.095996685,-0.034028,-0.035824444,0.0833254,0.25578386,0.0041567283,-0.13787843,-0.12906359,-0.04502126,0.038491525,0.11878069,0.14800985
TCGA-AC-A6NO-01A,-0.08217747,0.11265719,0.20217647,0.16767618,-0.19683371,0.12154921,-0.07106211,0.018534228,0.14091082,0.020293511,0.086251356,-0.12228266,-0.1307731,0.13280433,0.08878677,-0.20121321,0.24793379,0.077180125,-0.03142414,0.0548159,0.019331459,-0.016653797,-0.007200929,0.06965021,0.030206857,0.105464526,-0.38311285,-0.11443559,0.027375545,-0.007199731,0.1338856,-0.065084234,-0.06338428,-0.27274585,-0.22676437,-0.384219,-0.09748075,-0.022945676,0.14889498,0.013813023,-0.05598983,-0.0022371514,-0.009874556,-0.23432508,0.010586329,-0.14573716,-0.14300224,0.09540412,0.1832515,0.0506824
TCGA-E2-A1LH-01A,-0.062530294,-0.009196755,0.20730388,0.11817796,-0.022689424,0.3112684,0.17232962,-0.10914951,-0.004575443,0.036921818,-0.08404329,-0.098106906,-0.069577195,0.16368769,0.08409545,0.0062959655,0.019814549,0.20610687,-0.00063429435,-0.03040476,0.017025452,-0.12245148,-0.03441184,0.040827338,-0.011403213,0.07762515,-0.37534454,-0.0049326965,-0.008363502,-0.23520927,0.04214506,0.02436567,-0.23448558,-0.45588535,-0.09320125,-0.2276539,-0.077178925,-0.009264307,0.050528456,-0.06064442,-0.0036621934,0.08056559,0.10111648,-0.17991686,-0.15301837,0.060707614,-0.07297321,0.027865915,0.24151956,0.015461043
TCGA-D8-A1XC-01A,-0.0997133,0.036663562,0.19647792,0.32764477,-0.089061335,0.24378437,0.26457307,0.08510617,-0.021551663,0.04209161,0.06428978,0.025682913,-0.12107506,0.12842673,0.20406538,-0.093839176,0.09740933,0.1925547,0.020740112,0.0438639,-0.0069288276,0.00062351464,0.044375814,0.19459833,-0.00041530296,0.08931706,-0.20526943,-0.11884721,-0.11983019,-0.10462766,0.053590257,0.089929655,-0.16889362,-0.028401345,-0.20790173,-0.32122818,-0.031982407,-0.13751061,-0.06907978,0.05223998,-0.11133648,-0.056146573,0.22335537,-0.095592864,0.012824579,-0.19002682,-0.030307384,0.06654562,0.16394517,0.27196544
TCGA-B6-A1KN-01A,0.15903953,0.09374411,0.1960576,0.1470157,-0.06458265,0.3364504,0.1431125,-0.10768514,-0.07363128,0.035842676,-0.10890031,0.002018961,-0.06479519,0.15375464,0.2735868,-0.106680036,0.11361176,0.26579398,-0.07807538,-0.009463854,-0.06835767,-0.038455468,-0.03767573,0.21336113,0.0726699,0.036402807,-0.24765024,-0.044012453,-0.060473382,-0.12968053,0.019579627,0.19671595,-0.13983993,-0.27745783,-0.21218927,-0.25574183,-0.14524488,-0.06807872,-0.20928401,0.042065293,-0.035638135,0.040350165,0.112797715,0.050794505,-0.05536084,-0.05851677,-0.11563217,0.08218106,0.0025081332,0.1686137
TCGA-BH-A0AZ-01A,0.033783678,0.032195408,0.20237865,0.11814764,0.016601976,0.09206298,0.027447889,-0.098089896,-0.025534794,0.16472818,0.20237635,-0.026879078,-0.09214168,0.14304532,0.13190691,-0.015252438,0.18674725,0.2337237,0.006674301,-0.027520852,-0.019264432,0.04489383,-0.18716952,0.1546941,0.09404085,0.22293769,-0.28526056,-0.04017294,-0.14721175,-0.16129832,0.05742945,0.030469967,-0.2958219,-0.15348008,-0.16334951,-0.30379555,-0.10148362,-0.13500428,0.042060535,-0.04429252,0.080228284,-0.0794125,-0.07171592,-0.0627913,-0.050518684,-0.1966666,-0.28393707,0.13065387,0.08984527,0.17751257
TCGA-EW-A1OZ-01A,0.059545465,0.08316634,0.24789746,0.19663942,0.034027025,0.17783949,0.08308716,-0.124568336,0.0031183392,-0.0075712334,0.010139167,-0.13719252,0.017681923,0.09753702,0.18158601,-0.13487945,0.1019348,0.19185984,0.009989912,0.050455168,0.04228397,-0.052601654,-0.041074585,0.250131,-0.0760928,0.1250606,-0.24325922,-0.049640723,-0.027637726,-0.14667463,0.096611656,0.18053153,-0.09756022,-0.14130275,-0.19504115,-0.25821292,0.06841593,-0.16382302,-0.13155463,0.06442564,-0.04695571,0.0031989357,0.23336108,-0.22150268,-0.20287886,-0.111489095,-0.09292543,-0.01643523,0.12784809,0.3413952
TCGA-AO-A0JF-01A,-0.025039174,0.042665128,0.1832841,-0.006926733,-0.03679068,0.3278118,-0.020634454,0.03578299,-0.023103304,-0.07938012,0.12598316,-0.14932643,-0.17349382,0.048244994,0.24253362,-0.011984291,0.13075039,0.3650271,-0.09744193,-0.09433993,0.09879869,-0.009280709,-0.18721065,0.24209575,0.024498042,0.19388422,-0.26295424,-0.0646695,-0.08429,-0.052521233,-0.040371493,0.03046501,-0.08868089,-0.31780484,-0.033094537,-0.21729693,-0.025516188,-0.12371911,-0.035833694,-0.054471813,-0.17453492,-0.09245311,-0.02342241,-0.0662955,-0.09562954,-0.09824542,-0.0921742,0.16574058,0.19053885,0.09167227
TCGA-A2-A0SU-01A,0.11759185,-0.13289553,0.17892496,0.18508625,0.10470032,0.24365287,-0.038241744,0.20797782,0.033804283,0.018330496,0.0049593886,0.039671786,-0.15386489,0.08332607,-0.011254308,-0.1306213,0.084205374,0.14958608,-0.17119795,-0.15174893,0.17935252,-0.005435544,-0.06756282,0.12701757,0.034266897,0.12638736,-0.20290345,-0.045659687,-0.0732518,-0.10787711,0.029918313,-0.039935175,-0.22487202,-0.3045246,-0.05908511,-0.29223552,-0.21301484,-0.21596049,-0.23930311,-0.12354276,-0.07105933,0.086621985,0.0035605405,0.034899134,-0.005731105,-0.20944905,-0.121343754,0.12869656,0.014416029,0.1892032
TCGA-BH-A42V-01A,-0.13042371,0.08698277,0.20858099,0.032251857,-0.0258151,0.054152492,0.11338876,0.13517013,0.036409047,-0.047839537,-0.048733324,-0.057491004,-0.09783697,0.22262841,0.05842541,-0.12799813,0.016757302,0.26216036,-0.074962325,-0.041821856,-0.021156732,-0.14556493,0.12251229,0.25423023,0.120911084,0.1282288,-0.25203452,-0.028592343,-0.051794723,-0.122200206,0.126674,0.07925181,-0.18756701,-0.23900717,-0.070949025,-0.27115706,-0.12557036,-0.16333698,-0.118816786,-0.11612215,0.05858709,-0.26760617,0.06611085,-0.09930988,-0.10699048,-0.09292364,-0.11449873,0.14130425,0.17369476,0.28531072
TCGA-EW-A1P0-01A,-0.04421345,0.021726359,0.15832679,0.14214107,0.0912606,0.16928706,0.1208423,-0.030508112,0.107858576,0.07315037,-0.070511766,0.080171086,-0.23616941,0.24234402,0.26030195,-0.08620666,0.0027090444,0.2747088,-0.07066774,-0.07520108,0.10879717,0.025048843,-0.14023605,0.18828763,0.01716311,0.06604664,-0.27495036,-0.06526919,0.071305856,-0.12405535,-0.019573843,0.12879576,-0.09605486,-0.27716917,-0.21286106,-0.38329625,-0.083976366,-0.00063121563,-0.07462817,0.036290027,0.028148636,0.063662216,0.17855892,-0.16995701,0.007418447,-0.13092817,-0.085503764,0.07308603,0.097218536,0.094387986
TCGA-LL-A9Q3-01A,-0.03902083,0.02326999,0.06666725,0.16941187,-0.04676571,0.28562304,0.02014847,0.13700294,0.058191553,0.012247213,-0.087917164,0.039250445,-0.07611126,0.31225878,0.061728854,-0.09260901,0.17278163,0.047964975,0.18201329,0.20609081,-0.023964994,-0.05797762,-0.09465444,0.27736345,-0.09114645,0.14841408,-0.3121044,-0.05668883,-0.09913578,-0.0863074,0.033232372,0.053058356,-0.13425294,-0.34151304,-0.07213089,-0.23565812,-0.19795844,0.025676548,-0.16250695,0.033100817,-0.035436217,0.059090637,0.15007111,0.12698069,-0.16180815,-0.080507606,-0.15684715,0.09724852,0.052563425,0.08943891
TCGA-E9-A1N4-01A,-0.055919375,0.13238534,0.09865694,0.1096754,-0.056311205,0.22054979,-0.16669154,-0.059094254,-0.018398385,0.17956167,0.036528584,-0.06645934,-0.09303573,0.33440903,0.15452215,-0.10842034,-0.013256605,0.19613813,0.08228412,-0.105771005,0.16449428,-4.061949e-05,0.01870014,0.21076089,-0.023430182,0.10467937,-0.26642635,-0.11575496,-0.1345471,-0.06804487,0.046260398,0.062045157,-0.075762756,-0.22212459,-0.15620486,-0.27699748,-0.17613201,-0.06561045,-0.19318172,-0.15334323,-0.0006096102,-0.0053995373,0.12583905,-0.14298756,0.1094969,-0.110566944,0.13957216,0.023107685,0.24696386,0.18194157
TCGA-EW-A1P4-01A,0.05982493,-0.02359804,0.20152192,0.17040572,-0.05004249,0.1753791,0.15363832,-0.04714682,0.082013674,-0.09041148,-0.039276287,-0.100984074,-0.055953734,0.18509041,0.14196794,-0.019286528,-0.09819984,0.319672,0.02910619,-0.13435808,-0.009746811,0.00016192907,-0.02036932,0.120791934,-0.051991254,0.039637413,-0.28178534,0.0030502367,0.011161478,-0.2800006,0.13311127,0.10411126,-0.025907736,-0.270894,-0.124833226,-0.28124154,-0.21567366,-0.15229397,-0.2448659,0.15077507,-0.10097325,0.0059270975,0.15616825,-0.0212007,-0.018211354,-0.05502388,0.0033511936,-0.019016027,0.22411345,0.18921463
TCGA-C8-A8HR-01A,-0.011472767,-0.22501637,0.25984403,0.09021055,-0.04830128,0.118942685,0.087987855,-0.21648346,0.018743439,0.015862063,-0.055250358,-0.11754935,-0.05318912,0.044531234,0.16544501,0.06740791,0.017396275,0.35679546,-0.0974152,0.07110853,0.11025613,-0.059085637,-0.04751813,0.17556578,-0.018624824,0.23565961,-0.29414144,-0.089568436,-0.015965624,-0.1610873,0.045153715,-0.014161346,-0.02304021,-0.21144027,-0.19920279,-0.2874685,-0.03298924,-0.14711995,-0.10361479,-0.07638669,-0.021044757,0.007058782,0.25952354,-0.09083404,-0.093342125,-0.08110767,-0.17076829,0.052585587,0.1920215,0.107213356
TCGA-LL-A73Y-01A,0.027062606,0.17141423,0.28555027,0.36310667,-0.100789085,0.07878544,0.08196268,-0.1301823,0.10179685,-0.019079583,-0.10237286,-0.06814059,-0.15742627,-0.08098752,0.07440393,-0.055830847,0.05441595,0.1570851,0.041205272,-0.006510511,0.06529595,-0.099282496,-0.01203686,0.20112255,0.035438363,0.112263344,-0.17459007,-0.10664959,-0.009746706,-0.1393513,0.09595957,0.11502724,-0.085031,-0.11425958,-0.1400393,-0.44967446,-0.12533408,-0.18299879,-0.03836886,0.0060401238,0.115178525,-0.1035079,0.119629145,-0.14355727,-0.18936001,-0.09030131,-0.12075777,-0.020906283,0.14823838,0.19012535
TCGA-BH-A1EX-01A,-0.01974116,0.14194886,0.23827538,0.18008101,-0.12858999,0.03863399,0.06227046,0.052020993,0.06819892,0.017608937,-0.051724654,-0.03080055,0.0067611653,0.08268003,0.21000353,0.008992167,0.07191194,0.23709252,-0.061509512,0.0015980925,-0.13532418,-0.026527878,0.030963337,0.342823,0.11720185,0.0994353,-0.2728238,0.08626072,-0.012593246,-0.16364394,0.111868925,0.12171001,-0.17143163,-0.29950973,-0.10524482,-0.27837566,-0.19915149,-0.12604333,-0.16860299,-0.12931699,-0.059825197,0.09747312,0.1795147,-0.08033824,0.0819683,-0.2278199,-0.0542629,-0.066333055,0.027336087,0.12932308
TCGA-E2-A1B4-01A,0.02375008,-0.077801414,0.23308432,0.18483968,-0.19941162,0.051203653,0.029915944,0.07387272,-0.18675023,-0.10033139,-0.025429202,0.06400235,-0.002993685,0.10156419,0.14104703,-0.08242623,-0.09519556,0.21001494,0.078621864,-0.091021135,0.09085328,0.008357824,-0.06791748,0.09177916,0.13597928,0.115096405,-0.33637968,-0.20243743,-0.058582384,-0.04904037,0.047786605,0.061002128,-0.26139095,-0.14252354,-0.050219703,-0.3798736,-0.21904466,-0.019909747,-0.19689076,-0.1695071,-0.0057066046,0.1187348,0.10432579,-0.008313429,-0.007173485,-0.1815794,-0.09896203,-0.04617275,0.17969,0.17054668
TCGA-D8-A1XV-01A,0.06815367,0.07004838,0.23152724,0.23888524,-0.0961568,0.27646095,-0.0005729421,0.09200782,0.09788102,-0.034360025,0.0010340334,-0.1106904,-0.13722236,0.0959711,0.1371208,-0.12850505,0.17051902,0.20271902,-0.08020686,-0.044911485,0.019629,-0.14782299,0.096638866,0.09073589,-0.038620166,0.2690806,-0.22876973,-0.0890652,-0.11303519,-0.13215211,0.09985691,0.048666693,-0.07763495,-0.20187041,-0.24389401,-0.24719982,-0.05583538,-0.099852115,-0.048885636,0.007760709,0.04721264,0.09197993,0.034007926,-0.23819555,0.19534342,-0.22009882,-0.16843821,-0.03019434,0.18620719,-0.04513517
TCGA-D8-A27E-01A,0.0121941995,-0.030844362,0.29333428,0.332932,0.025704259,0.1465722,0.046536297,0.044874415,-0.04451649,0.15277387,-0.015249975,-0.056040116,-0.06783221,0.004725442,0.24442607,-0.13158488,0.06184566,0.33937326,0.1263671,-0.08855932,-0.10105336,0.07778675,0.0751555,0.03845046,0.02577547,0.094089866,-0.41753536,-0.05892471,-0.051819682,-0.052651953,0.056910966,-0.02445839,-0.13866967,-0.11545642,-0.09533019,-0.3089408,-0.14595719,-0.11878556,-0.09837482,-0.07208197,0.11495703,0.03519051,0.104676135,-0.05680047,-0.092130914,-0.11671198,-0.11999596,0.032424543,0.16236188,0.15018053
TCGA-A2-A0SX-01A,0.12752636,0.04150172,0.2178085,0.07114519,-0.029933829,0.242553,0.0015492853,0.07394021,-0.07076048,0.057527166,-0.111097105,-0.094108745,0.01579484,-0.0019293976,0.21064414,-0.16070418,0.09358346,0.32044837,0.055352382,0.01596167,0.14468521,-0.0742574,-0.05642322,-0.0016232573,-0.028092591,0.14720982,-0.26235342,-0.021441067,-0.07257168,-0.1340816,0.105188206,0.17348248,-0.33023843,-0.2955538,-0.06925524,-0.22944395,-0.064536124,-0.114759244,-0.080349304,-0.089009926,-0.0827998,0.13185194,0.017505608,-0.13164884,0.085271195,-0.084805585,-0.049137566,0.15779187,0.1431448,0.27219257
TCGA-E2-A15J-01A,-0.042452663,0.11763973,0.16611117,0.11367199,-0.11647514,0.27946568,0.061822433,0.032100067,-0.17471573,0.15713432,0.02936809,-0.15141031,-0.1444679,0.1981021,0.17239492,-0.052848272,0.1353603,0.14296511,-0.07933114,0.04962833,-0.061106216,0.014528457,0.0005550762,0.197159,0.030872954,0.1598216,-0.29393426,-0.027434748,-0.15540932,-0.1728373,0.20319541,0.050840996,-0.24506585,-0.03716768,-0.14053527,-0.38438302,-0.08149959,-0.067366995,-0.15339595,0.029586114,-0.05582501,0.073443525,0.12033628,-0.1380928,-0.064017035,-0.11927985,-0.0726503,0.092708014,0.10488679,0.15500608
TCGA-AR-A1AS-01A,0.04799757,-0.060767595,0.19730659,0.23436733,0.025475454,0.10376846,0.03160374,0.100902766,-0.05297301,0.03366655,0.15205546,0.024575412,0.039619885,0.23410387,0.055332117,0.04956556,-0.05215971,0.1884779,0.07617734,-0.14436148,-0.06431928,-0.023826547,0.046936303,0.26275873,0.036062874,0.1581854,-0.3198518,-0.06784709,-0.13600214,-0.099480264,0.011188498,0.11578593,-0.14762235,-0.2465326,-0.11377369,-0.27092677,-0.19249961,-0.035420153,-0.032270968,-0.009640217,-0.003790923,-0.12119909,0.15066066,-0.11298219,-0.1516557,-0.3506695,-0.15781288,0.15040526,0.07372181,0.12057713
TCGA-BH-A8FY-01A,-0.06052515,0.15350391,0.083301544,0.10168272,-0.18988127,0.081542306,0.09262153,0.049256496,-0.045311585,-0.07395132,-0.09143778,-0.013049135,-0.1154793,0.15978819,0.10177874,-0.008120464,0.031328525,0.2896325,-0.118357725,-0.09035548,0.19467658,0.0645472,-0.13913369,0.20623906,0.11625575,0.15298791,-0.2743346,-0.08706202,-0.040597767,-0.08462297,0.13542388,0.14442733,-0.18643278,-0.33450925,0.06043703,-0.25304875,-0.07850957,-0.0042645345,-0.0445814,0.08528806,-0.19997317,0.036182627,0.023718957,-0.19410911,-0.03631879,-0.2466383,0.045299247,0.044048484,0.18121776,0.22219013
TCGA-E9-A1N9-01A,0.08131394,0.053481262,0.25730556,0.27270457,0.0088835135,0.16005467,-0.049758684,0.09773388,0.3188176,0.075508565,-0.090437435,-0.15437593,0.012688576,0.18437514,0.08354434,-0.10174654,0.06955611,0.25057802,0.10069064,-0.012330439,0.12172978,-0.058375277,0.035906274,0.18668686,0.054654073,0.1367747,-0.22341128,-0.05769072,-0.028431818,-0.25496548,0.12996033,0.13391793,-0.18695942,-0.19890405,-0.07192416,-0.29808885,-0.08589517,0.007365773,-0.10013208,0.0892845,0.044453293,-0.061999608,-0.038504027,-0.101611204,-0.0311818,-0.0086470945,-0.105023295,0.13195089,0.06928351,0.26006323
TCGA-A2-A0CR-01A,0.026481496,0.08733801,0.30049783,0.12450883,0.10132281,0.11184457,0.19437215,0.15992852,-0.10180135,0.07119666,-0.09041883,-0.1095404,-0.026206452,-0.011751264,0.09781655,-0.016367598,0.039266035,0.30777606,0.12260093,-0.033731226,0.00015670522,0.08160707,-0.116408825,0.17473118,-0.03237423,0.16162392,-0.20222294,-0.085846804,-0.014919804,-0.026743067,0.18781453,0.09763188,-0.22127953,-0.36278847,0.054758966,-0.28219673,-0.13279523,-0.058538225,-0.119978964,-0.112614386,0.024356749,0.09032431,0.12174002,-0.10720993,-0.13124156,-0.19560978,-0.033834156,0.15737689,0.16114108,0.12380208
TCGA-A7-A4SE-01A,0.10532779,0.09187723,0.27521443,0.19948788,-0.1556942,0.11583989,-0.022270331,0.023446264,0.021155247,0.08036807,-0.001859871,-0.07127708,-0.05373846,0.15414011,0.044095963,-0.07777676,0.048808403,0.23943625,0.103856586,-0.15417649,-0.064056486,0.11453455,-0.008466565,0.15718803,-0.2031982,0.0123159345,-0.37139785,-0.048059203,-0.0646297,-0.091388464,0.14439143,-0.013394973,0.07375202,-0.25231868,-0.040499523,-0.28970072,-0.14290981,-0.14050238,0.019260649,0.0943604,0.09755367,0.025746431,0.025651691,-0.01832131,-0.061193593,-0.059501674,-0.12326781,0.014463501,0.37044308,0.22994623
TCGA-E2-A1IE-01A,-0.050741076,-0.013269665,0.34941575,0.33349854,-0.18217787,0.12290177,0.15845422,-0.05308233,-0.12274328,0.05170482,-0.025508769,-0.035625502,-0.011429383,0.13156253,0.21071772,-0.10570857,-0.030233333,0.20372735,-0.077707134,-0.027000388,0.13874204,-0.07463111,0.03449892,0.15527381,-0.07498838,0.008558167,-0.25691038,0.19570568,-0.025896689,-0.08735335,0.016282273,0.037997253,-0.27042896,-0.24461453,-0.13155483,-0.24221921,0.06141352,-0.12843116,-0.13880765,-0.19641444,-0.06360076,0.047492657,0.042103935,-0.101341665,-0.087492295,-0.1582604,-0.09723301,0.026261304,0.16103467,0.03935268
TCGA-C8-A1HI-01A,0.01813644,0.0048425295,0.16100667,0.18364877,-0.049103174,0.19329329,0.16767,0.07351746,0.13140608,0.064653255,-0.026869712,0.055818688,-0.22950764,0.099028,0.07999451,-0.16679332,0.17143038,0.20706652,0.12240711,0.049088087,0.03781472,-0.044363983,0.017066494,0.29964122,-0.025201365,0.09625658,-0.1912687,-0.07722059,-0.02910557,-0.10465184,0.17268655,-0.047813803,0.02016801,-0.30068472,-0.06315314,-0.30226463,-0.19876888,-0.11160048,-0.139166,0.08842369,-0.0373764,0.0021363006,0.23411538,-0.048255023,-0.10686114,-0.02236135,0.074542195,0.05707847,0.23083873,0.2595297
TCGA-BH-A0BA-01A,-0.029584875,0.10770366,0.06914896,0.1769439,-0.10962467,0.23973511,0.050276756,0.17297503,0.108740814,0.13817887,0.09869108,0.0718255,-0.038208213,0.19253875,0.14668226,-0.058440648,0.092439495,0.2891053,0.02492929,0.04628646,0.025691066,-0.022312786,0.023831397,0.25032738,0.021445261,0.115145974,-0.14548072,-0.0022533538,-0.048100688,-0.12668757,0.23802997,-0.0020387603,-0.16813564,-0.25742576,-0.1180271,-0.17929983,-0.108448386,-0.05165863,0.06979244,-0.06918152,0.04589933,-0.046270415,-0.06364957,-0.145884,-0.26742336,-0.14012696,-0.22430071,-0.046952967,0.14623365,0.33419627
TCGA-A2-A0YT-01A,-0.031193119,0.13707928,0.20661807,0.24841782,-0.1996739,0.19989917,0.04412607,0.03649073,0.004056107,0.07146919,-0.06495066,-0.028317802,-0.055552453,0.17736396,0.058005914,-0.063768655,0.19945751,0.15900518,0.049662594,0.0456459,-0.13672675,-0.029614436,-0.10253869,0.0997291,-0.050888997,0.2448571,-0.1917042,-0.01709683,-0.082102016,-0.22642411,-0.015628548,0.17138566,-0.21076767,-0.15965436,0.043531712,-0.27183327,-0.12994552,-0.09952301,-0.16145167,0.05164899,-0.030825568,0.14718227,0.13301581,0.018469084,-0.27555904,-0.21639396,-0.1824037,0.001212801,0.17681292,0.12073899
TCGA-E2-A1IH-01A,0.08176783,-0.05741816,0.15912199,0.23631777,-0.06021807,0.29787138,0.005913239,-0.12627083,0.18941714,-0.020184021,-0.06100537,-0.23280689,-0.18628699,0.23237008,0.08577882,-0.0521633,0.026609175,0.16279393,0.08812554,-0.043826144,0.053249516,0.095714144,-0.081098236,0.15729667,-0.03926723,0.10097924,-0.27185112,0.15470056,0.04092746,-0.089939184,0.02112589,0.08218852,-0.061751354,-0.17997055,-0.20816024,-0.27504864,-0.21825752,-0.079655215,-0.10357694,0.014843147,-0.0016581793,-0.115521334,0.14511746,-0.08704835,-0.09803022,-0.091914624,0.021615086,0.074186906,0.09002378,0.3264185
TCGA-A2-A0YI-01A,-0.028903505,0.08028748,0.21900472,0.1939575,0.10018702,0.15169486,-0.021790864,0.025459344,-0.106055334,0.030585313,-0.0365957,-0.066688515,-0.23416378,0.035463855,0.08393187,0.049502153,0.08236028,0.101883434,0.019924264,0.030941548,0.05414775,-0.15860817,-0.03586951,0.34900075,-0.05515669,0.04671442,-0.25585926,-0.15605551,0.0045022843,0.030858459,0.21331927,0.0066462955,-0.20580149,-0.26635844,-0.23175763,-0.30223623,-0.11069041,-0.27850664,-0.10235496,-0.039977394,0.010284284,0.0032399176,0.10601616,-0.06414208,0.013198244,-0.1911628,0.03414118,0.14515343,0.14937437,0.14547652
TCGA-AN-A0XR-01A,-0.087768674,0.11549385,0.27256978,0.10979358,-0.09397207,0.20239963,0.05484966,-0.04007833,0.056584183,0.043640044,0.16315278,0.0247899,-0.022365924,0.24891776,0.16256014,0.09169211,0.1284951,0.14255391,-0.10312376,-0.092743255,0.20345367,0.14068525,-0.0009295528,0.19987343,-0.050411366,0.20038378,-0.3917999,-0.048251104,-0.065195724,-0.03991242,-0.16722158,0.14645733,-0.10270373,-0.31818813,-0.073447466,-0.12171239,-0.09557523,-0.022450274,-0.21563956,-0.043078393,0.033601653,-0.090957895,0.10936254,-0.09381993,-0.005574225,-0.07956532,0.011260863,0.0982485,0.21709786,0.118916936
TCGA-BH-A0DI-01A,0.018420482,0.049268674,0.3124495,0.21280497,-0.14015351,0.14550984,0.000566281,0.018802183,0.012382776,0.08713331,0.040012415,0.09782554,0.039419513,0.14627682,0.09966428,-0.028452253,0.16730061,0.20463127,0.05137646,0.025524786,0.0388873,0.03644809,-0.115753174,0.039392028,0.08393691,0.18226762,-0.2808599,0.041025378,0.032951355,0.036705915,-0.04112252,-0.061782278,-0.042659786,-0.21021834,-0.15774019,-0.3846523,-0.059826173,-0.029831478,-0.029058069,-0.20815116,-0.02570402,0.14287698,0.13881685,-0.19877525,-0.06327777,-0.20114434,-0.1201938,0.20601805,0.20695783,0.22201689
TCGA-B6-A0RN-01A,-0.048199844,-0.16551577,0.32179382,0.107586935,-0.049652506,0.20752235,-0.00086022686,-0.041491218,0.03151532,0.070615515,-0.08194952,0.034953836,-0.068467826,0.08834888,0.25863737,-0.10895122,-0.0511109,0.21090567,-0.10619298,-0.0585267,0.0009007562,-0.005751214,-0.04965094,0.19233455,-0.027783167,0.12993407,-0.26681852,-0.1293034,-0.14640732,-0.08285557,0.17327403,0.07249708,-0.15213823,-0.31064457,-0.04023385,-0.35347077,-0.032868717,-0.13817874,-0.12053592,-0.1440172,-0.066658676,-0.09343822,0.11380564,-0.118237704,0.02415577,0.03333644,-0.20542486,0.00040596284,0.13551006,0.16816872
TCGA-D8-A1JE-01A,-0.15532255,-0.023513684,0.049967553,0.120579466,-0.04124674,0.2383354,0.04741749,-0.017546423,0.07644371,0.033380076,-0.04176649,-0.0354555,0.0068769986,0.11663759,-0.049466696,0.1490366,0.10301819,0.18848084,-0.12780976,0.028058447,-0.05394215,-0.07298928,0.0074853334,-0.035433136,0.08047607,0.23885167,-0.2951422,-0.107861646,0.0465713,-0.07093969,0.10928409,0.026647666,-0.22983894,-0.34860706,-0.25075266,-0.37864548,-0.05404012,-0.16127661,0.051408205,0.041372072,-0.014618112,0.022763664,0.1278441,-0.0057526445,-0.07434539,-0.24140792,-0.07023411,0.09402357,-0.013466815,0.2920028
TCGA-E9-A1RA-01A,0.12169547,0.13680618,0.26685178,0.119541235,-0.0018703792,0.23629887,0.15102866,-0.0058558197,0.042238947,-0.02930326,-0.01381949,-0.05930459,-0.17225638,0.19572428,0.261228,0.028889872,0.15217315,0.171972,-0.06549928,0.01632612,0.01069384,0.057159018,0.1647429,0.33136147,-0.023277124,0.13954546,-0.2546712,-0.14626709,-0.00014738856,-0.04620543,-0.024449661,0.2347409,-0.05221742,-0.20438758,-0.069516055,-0.19448982,-0.105182804,-0.112391405,-0.09655648,-0.07507389,-0.005946161,-0.15455312,0.08635739,-0.06022568,-0.060992647,-0.051261228,-0.04082299,0.004766269,0.32513747,0.15033048
TCGA-A8-A075-01A,0.22549127,0.2517717,0.13126841,0.16130826,0.13733518,0.08816287,-0.042422954,0.020798538,0.18438843,0.040911216,0.08230172,0.010297273,-0.0890107,0.17249623,0.15800767,-0.06740869,0.09287141,0.18927148,0.00040554654,-0.080408625,-0.07046425,0.006850111,-0.0771034,0.2572254,-0.0074845166,0.15154997,-0.20716617,0.02552169,-0.094588846,-0.095669776,0.065271795,-0.007595763,-0.2008548,-0.120301865,-0.0678728,-0.31474555,-0.22681326,-0.2680406,-0.0817006,0.055758785,0.033211466,0.011894849,0.15519635,-0.029388651,-0.13598573,-0.27716175,-0.10775364,0.04731234,0.20793882,0.12925155
TCGA-E2-A1IG-01A,0.14123876,0.15493856,0.11593552,0.25814748,0.09272076,0.19855747,0.06727446,0.09346095,0.035260558,-0.055574495,-0.020530459,-0.11189032,-0.13162813,0.14375636,0.066379316,-0.021892339,0.1256381,0.28308952,-0.030681984,-0.07487355,-0.056317557,-0.27609742,-0.028811501,0.17354836,0.17779829,0.33175763,-0.2922491,0.032217104,-0.13627854,-0.097311966,0.009177061,0.08890999,-0.07027854,-0.15236361,-0.0703918,-0.2920374,-0.18605651,0.018408801,-0.07950591,-0.07791811,0.00017567554,-0.016081436,0.11152801,-0.083392754,0.108072594,-0.16406183,-0.070346676,0.064039946,0.15678039,0.14119151
TCGA-D8-A73U-01A,0.07453166,-0.11131982,0.30180895,0.2795646,-0.048419427,0.15133373,-0.042249817,-0.05618693,0.07882939,0.14962761,-0.17374736,-0.03783775,-0.11052429,0.15839861,0.12477269,-0.04790364,0.046736263,0.22904179,0.1480007,-0.07572155,0.07854835,-0.10348717,-0.06238783,0.18783219,0.046678353,0.062580936,-0.33143958,-0.08770034,-0.1702207,-0.16564004,0.08391809,-0.10515629,-0.027144471,-0.27207682,-0.044298347,-0.17510596,-0.11227775,-0.10336233,-0.16112253,-0.018199002,-0.007815742,-0.048396807,0.16545327,-0.06391799,0.008088056,-0.097171254,-0.25350663,0.1812291,0.05522184,0.17390732
TCGA-GM-A2D9-01A,-0.030862495,-0.11777048,0.17448474,0.13936196,-0.0422962,0.2979643,0.046374038,0.07252628,0.120437294,0.037034106,-0.08914775,0.04121426,-0.16991426,0.15092683,-0.0173822,-0.14038977,0.24755369,0.17359151,-0.043872356,0.0054301745,0.0023902177,0.104392834,0.05730251,0.23661225,0.069933966,0.21577725,-0.26027176,0.0064915232,-0.1876194,-0.06053272,0.24076453,0.057161532,-0.26481795,-0.10622825,-0.051881988,-0.24461536,-0.17198335,-0.060218778,-0.13965808,-0.22566187,0.022760509,-0.08377538,0.09636637,-0.054893024,0.058060806,-0.22937563,-0.046134565,0.056231074,0.10374497,0.13348939
TCGA-LL-A73Z-01A,0.038636193,0.06316524,0.19237691,0.1816668,-0.07301935,0.22849578,0.06569932,0.025371538,-0.107659854,0.039705675,-0.118515864,-0.013203307,-0.12020033,-0.03840648,-0.0015518656,0.06258367,0.11403356,0.25993136,0.08994779,-0.15046452,-0.13118768,-0.038912375,-0.09228341,0.21771452,-0.004609718,0.1634796,-0.33115408,-0.11833281,0.00043205553,-0.08744278,-0.001008349,0.069357835,-0.021841312,-0.4188221,0.045510106,-0.33682448,-0.031180993,-0.1371181,-0.043011513,-0.01994766,-0.09430588,0.04114239,0.14262272,-0.08818015,0.098263375,-0.21874301,-0.18545912,0.0037226272,-0.023328435,0.14619079
TCGA-D8-A1X8-01A,-0.034320056,-0.09322754,0.3155469,0.14364837,-0.14198145,0.13685434,0.0028521756,-0.15006724,-0.02827025,-0.05716445,-0.07632296,-0.099610314,-0.12447245,0.1325162,0.10718481,0.14163171,0.09296718,0.07159989,0.07348407,-0.018637588,-0.025527107,0.004333183,-0.02639563,0.26152483,0.13413872,0.2585266,-0.38381806,-0.09166387,-0.096647516,-0.08659748,0.12702134,-0.07493802,-0.26125252,-0.19202518,-0.09828425,-0.18683441,-0.07555363,-0.054658327,-0.1528219,0.011484484,-0.08463503,0.03887818,0.08594195,-0.1194569,-0.0829129,-0.003395174,-0.22738461,0.1908934,0.21724215,0.035300057
TCGA-AR-A2LH-01A,-0.046608105,0.119191006,0.23092994,0.20059805,-0.075858355,0.22480841,-0.09267321,0.033263884,0.108119845,-0.02854431,0.017706916,0.052300237,-0.10579895,0.23750556,0.01028877,0.029328234,0.1080555,0.2671771,-0.051369492,-0.031354584,0.027783921,0.07922734,-0.046166338,0.07640766,-0.014178982,0.07516408,-0.30820915,0.036112256,-0.1495318,-0.046854567,-0.06420665,0.30964026,-0.06698915,-0.30950543,-0.09243957,-0.34489033,0.061649326,-0.09751517,0.120925255,-0.22677015,0.07380212,0.10859205,0.036119163,-0.22605602,-0.027514333,-0.034677576,-0.09005317,-0.019041456,0.061197117,0.1434779
TCGA-AC-A5XU-01A,0.054453474,0.13605909,0.24073648,0.12599202,-0.13998477,0.2527446,0.12726215,0.007920648,-0.018589895,-0.05760227,0.07049018,0.0010461219,-0.08593884,0.12617366,0.28902146,-0.1176907,0.003887941,0.20437689,-0.024975475,-0.11032272,0.11614611,0.12019752,0.07373506,0.13766493,0.027205594,0.16402674,-0.33218148,-0.06965955,-0.09353316,-0.13989757,0.06919155,-0.056627046,-0.02314627,-0.24699843,-0.13715154,-0.29513514,-0.21704093,-0.04334709,-0.009226525,0.04631897,-0.0067614163,-0.007362243,0.0062972847,0.16999243,-0.1495274,-0.071919344,-0.03366803,0.19138749,0.20970292,0.18053892
TCGA-E9-A1RD-01A,0.05752173,-0.024056917,0.19037294,0.16627106,-0.059314094,0.2579756,0.0722269,0.001335877,0.053753465,0.04545299,-0.043064564,-0.05696058,-0.06835243,0.39791593,0.09085574,-0.02717923,0.0722548,0.23159935,0.008367736,-0.013662066,0.07486816,-0.025716973,-0.03046218,0.25911194,-0.025080519,0.10582157,-0.26699245,-0.11171169,-0.051351648,-0.15648946,0.16901061,-0.027577259,-0.2755513,-0.21676408,-0.15423632,-0.15829408,-0.09085422,-0.03696804,-0.10871053,-0.018701278,-0.06668457,0.014408376,0.12565157,-0.036570854,-0.050902065,-0.1601619,-0.27931547,0.06177683,0.061403196,0.24537864
TCGA-D8-A1J9-01A,-0.0019776686,0.0031263,0.17751493,0.2692096,-0.19239245,0.14865272,0.032960348,0.057969894,0.06278991,0.008062263,-0.11409575,-0.011362588,0.03630613,0.049812835,0.2565684,-0.06430636,0.13635738,0.12603953,-0.17245607,-0.09673889,0.028552443,-0.0036917652,0.12041557,0.21372639,-0.031916842,0.20799448,-0.36032483,-0.18967749,-0.07644644,-0.0691197,0.020781958,-0.02053034,-0.13257335,-0.21829608,-0.23411433,-0.26755148,-0.0669383,-0.1407685,-0.0002746938,-0.14433256,0.0963974,-0.035021946,0.033930156,-0.007417104,-0.1454394,-0.16987632,-0.081811205,0.02214223,0.24596211,0.13857926
TCGA-A1-A0SF-01A,0.09895911,0.10677862,0.264089,0.1514619,0.05793606,0.17267606,0.07147317,-0.15280978,0.10118903,0.067367084,-0.06873032,-0.05246492,-0.009184005,0.25021356,0.20574747,-0.15409091,0.2112558,0.14793356,0.0950399,-0.15296288,-0.14436047,-0.06111052,0.042296484,0.18801956,-0.039668106,0.006125606,-0.32699805,-0.02304815,0.064160384,-0.068392515,0.020850737,0.056527324,-0.120140575,-0.2994113,-0.12051545,-0.21718988,0.009481484,-0.15681563,0.0101301465,0.11985329,-0.023560295,0.019750351,0.025902115,-0.01193325,0.067875646,-0.27273783,-0.09688809,-0.040810604,0.24126258,0.19073117
TCGA-E2-A573-01A,0.17247024,0.04964446,0.13052547,0.24753998,-0.14958017,0.28212228,0.037977014,-0.061313026,0.107784644,-0.00013709412,0.10378097,-0.038951226,-0.19731195,0.05215159,0.033305656,-0.015821828,0.063338116,0.251071,-0.057042476,-0.123660326,0.092971526,-0.10381997,0.030910457,0.0994374,-0.03439635,0.13996567,-0.24635147,-0.07328824,-0.04701724,-0.15193103,0.08455528,0.057949387,-0.13783142,-0.33166358,-0.15873897,-0.34248152,0.006913134,0.040367972,-0.1730435,-0.16426897,-0.05982483,-0.012819796,0.03034192,-0.2188965,-0.08801186,-0.23402931,-0.045809418,0.056179136,0.11252214,0.1174292
TCGA-D8-A27R-01A,-0.07325477,0.041053817,0.25652403,0.20377167,-0.03750148,0.22167714,0.04061278,-0.01238517,0.12868676,0.067322046,-0.056073874,-0.20606354,-0.044718396,0.24490617,0.12840426,-0.020504182,0.08158193,0.17197719,0.08446189,-0.11869255,-0.095412664,0.055799488,-0.042486656,0.27461165,-0.05235413,0.085483834,-0.13258687,-0.08531849,-0.06887081,-0.057562567,0.020814877,0.010960213,-0.07229287,-0.25188112,0.011713552,-0.32372245,-0.08910339,-0.11057955,-0.07535233,-0.1892143,-0.044140108,0.12509948,0.18203875,-0.07074752,-0.040820744,-0.114085615,-0.1589204,0.14622425,0.012107045,0.3805554
TCGA-B6-A0RI-01A,0.026455436,-0.048530117,0.24887641,0.3771384,-0.11011701,0.0073976717,0.028614637,-0.026803518,0.062363103,-0.1519436,-0.03743919,-0.07059363,0.029223192,0.100698575,0.17304479,-0.037045617,0.22278793,0.18648624,-0.054928117,-0.07010235,0.12494887,0.032466304,0.19529685,0.14778215,-0.036292408,0.09231139,-0.13985421,-0.17740713,-0.11063027,-0.027127622,-0.03645907,0.056083187,-0.08223084,-0.20088331,-0.047637958,-0.20925269,-0.10543794,-0.19107583,-0.15842205,-0.04965411,0.036541987,-0.11165615,0.1719985,-0.17798166,-0.06962951,-0.3868901,-0.11811142,0.14727649,0.13040441,0.07394601
TCGA-PL-A8LZ-01A,0.052864656,0.00996179,0.13681534,0.2742688,-0.11495651,0.3195373,0.014047859,-0.0465309,0.12145386,0.08474111,-0.12572241,-0.06876911,-0.066875234,0.056670982,0.14486636,0.02979109,0.07837893,0.19131038,-0.07069708,0.11454059,0.15974984,0.05008644,-0.027130976,0.07588047,-0.051446754,0.1609084,-0.2844774,-0.013227795,0.13369356,-0.0627366,0.012769453,-0.04410161,-0.10764904,-0.32826284,-0.3460544,-0.0962083,-0.22855124,-0.15798308,0.05026714,-0.038882434,-0.00057006406,0.18067883,0.15355235,-0.067243665,-0.034292106,-0.08388281,-0.009691194,0.108440325,0.041354567,0.26908663
TCGA-BH-A1FU-01A,0.07096903,0.007944501,0.18576497,0.17475924,0.06267913,0.23080702,0.009824014,0.049392745,0.109982416,-0.07050099,-0.08368097,0.053579014,-0.07891002,0.18999574,0.1219895,0.015620455,0.09778547,0.23071904,0.08239564,0.072944984,0.0007026908,0.22082387,0.13886575,0.15976319,0.0633326,0.19476615,-0.2616208,-0.19557028,-0.09888163,-0.12729175,0.038200077,0.08610302,-0.13497342,-0.31293207,-0.07547721,-0.1639178,-0.061262872,-0.08025151,-0.107170835,-0.10833262,-0.07075673,0.08054752,0.02738201,-0.038127523,-0.11525753,-0.32179245,-0.009003086,0.12762174,0.08195228,0.31307325
TCGA-GM-A2DL-01A,-0.009018564,0.010653923,0.2197001,0.13447382,-0.08752977,0.06988668,0.14749667,-0.023030538,-0.05788853,0.0473857,-0.14138652,0.01845082,0.0534891,0.15972453,-0.05598902,-0.04458679,-0.0025690396,0.3281481,0.09787296,-0.020955916,0.13828586,-0.044316567,0.038705047,0.20758964,-0.0033921362,0.2732492,-0.30351228,-0.09103134,-0.053657416,0.052256543,0.039834376,0.09430844,-0.33947852,-0.283888,-0.051388666,-0.3297374,-0.0994079,-0.081734836,-0.03113695,-0.011414226,-0.1077916,-0.032954857,0.21813138,-0.124437734,0.07995618,-0.16474104,-0.122522004,0.0051343217,0.07490297,0.09910271
TCGA-AC-A5XS-01A,-0.026063442,-0.022025805,0.2397381,0.11702404,-0.06848717,0.13852918,-0.118619196,0.14881697,-0.010558207,-0.105888665,0.06267754,-0.024495034,0.0012282095,0.07975531,0.18414415,-0.07183357,-0.029527528,0.31821054,-0.15137772,0.009736802,-0.11195222,-0.0021467763,0.034760375,0.1080476,0.09713947,0.11334116,-0.3727518,-0.028271118,0.0016575208,-0.053013157,0.061773807,-0.025454268,-0.17065674,-0.26289448,-0.11028095,-0.38144147,-0.04457986,-0.12740543,-0.058879167,0.062145256,-0.020886872,0.06053825,0.115069084,-0.21449316,-0.09643323,-0.2501443,-0.022369135,0.16250229,0.14396855,0.14873376
TCGA-E9-A245-01A,-0.12846822,0.041768,0.22017202,0.18878186,-0.17450482,0.2350001,0.015136867,0.021882577,0.0663827,0.11545804,-0.06302455,-0.058264136,-0.06629091,0.26449633,0.09670097,-0.10694858,0.16538417,0.20056218,-0.045675952,-0.11807831,0.08107564,-0.035021026,-0.06505501,0.2383212,0.06349584,0.10575636,-0.2753736,0.037820544,-0.09743666,-0.16745405,0.07225579,-0.06846229,-0.16819964,-0.30774456,-0.1131593,-0.20223229,-0.16571677,-0.16700724,-0.062967315,0.013726499,-0.008114259,0.09773865,0.13057792,-0.06846299,-0.1428602,-0.18296303,-0.10948361,0.1363155,0.19029437,0.10209002
TCGA-BH-A0BT-01A,0.1083849,0.02524409,0.21052612,0.26337615,-0.048285622,0.31367204,-0.0014255666,-0.062280875,0.014550917,-0.036461364,-0.024824284,-0.062458713,0.056079138,0.07411368,0.16657417,-0.2838299,0.0029362803,0.15783106,0.058284514,-0.03684729,-0.13172433,0.06375475,-0.0522788,0.25728172,-0.058297023,0.20308319,-0.2866181,-0.04058931,0.017774923,-0.15742344,0.21523425,0.057733044,-0.17345847,-0.24912514,-0.18737444,-0.1766068,-0.06603845,-0.021164428,-0.10790473,-0.13316222,0.0064100916,0.18998115,0.09281085,-0.032160748,-0.071991265,-0.1981825,0.012492738,0.040071756,-0.014762897,0.19558503
TCGA-BH-A0HK-01A,0.10581971,0.05324283,0.18879555,0.28900468,-0.14187658,0.07424717,-0.04177587,-0.014266626,-0.0049188496,-0.030465052,-0.061668932,-0.0637778,-0.06749465,-0.0148996,0.1180669,-0.12910806,0.004311539,0.16264917,0.029324474,0.07267414,0.08710063,0.07181633,-0.02813192,0.13416056,-0.042468548,-0.071412936,-0.4182113,-0.016206304,0.019089196,-0.006442966,0.18783386,-0.05525425,-0.31007284,-0.18799093,-0.03608286,-0.25631437,-0.12412559,-0.2926046,-0.109515764,0.001111562,-0.024041427,-0.036359955,0.06643176,-0.21115896,0.012129074,-0.23113975,-0.16716164,-0.044304468,0.11998428,0.2230767
TCGA-AR-A1AX-01A,-0.14591527,0.20788597,0.17683582,0.045174684,-0.097764246,0.2556541,0.08561366,-0.021839801,-0.10871363,0.061309822,0.10868598,0.0094627645,0.016414596,0.16731119,0.15768534,-0.049124457,0.001918032,0.18733034,0.04854903,-0.20835598,0.070740074,-0.04880082,-0.013433737,0.16369127,0.06774817,0.14305216,-0.27920818,-0.04761464,-0.15483685,-0.087239295,0.20151652,0.059167437,-0.31140742,-0.20853522,-0.045572802,-0.2070627,-0.19942969,-0.014839331,0.010665216,-0.103877194,-0.09210924,0.035747916,0.06255744,-0.17416735,-0.12248633,-0.20321313,-0.1123926,0.12993447,0.16300993,0.21801785
TCGA-BH-A0HA-01A,-0.114515126,0.16468869,0.058331683,0.04571873,-0.119121075,-0.07352335,0.0009887631,0.12496542,-0.07839462,-0.06269972,-0.1679369,-0.074938186,-0.050897967,0.2457021,0.17297256,-0.04483272,0.04805031,0.32228112,-0.0966833,-0.12730555,-0.05159676,0.23781386,0.041592304,0.0861935,0.10899075,0.17463186,-0.20595141,-0.13576004,-0.18594567,-0.11406478,0.12555617,0.08111212,-0.2322875,-0.3431044,-0.14823398,-0.3488194,0.017060928,0.054240283,-0.09506407,0.0036915373,-0.048581835,-0.049659878,0.072816156,-0.0342227,-0.037935354,-0.09441259,-0.10463584,-0.0018578466,0.038812775,0.21282518
TCGA-B6-A0WZ-01A,0.020392297,0.11056349,0.26892835,0.20934552,-0.1586797,0.21748655,0.1839841,0.013131038,-0.10253619,0.010276349,-0.09934963,-0.010672016,0.011263015,0.24436218,0.09379845,-0.15810159,0.069535986,0.1883995,-0.052551296,-0.14903721,-0.15702726,0.07961224,0.08604044,0.20762976,0.04505531,0.09286448,-0.43346348,0.01679901,-0.05281353,0.018898206,0.111080475,-0.0040045767,-0.25018287,-0.21865182,-0.054171834,-0.028802602,-0.1839726,0.054813415,-0.005568932,-0.16223508,-0.05533176,0.0029384508,0.013993502,-0.19911511,-0.15532072,-0.10401156,-0.006340244,0.053309344,0.047489908,0.1702148
TCGA-BH-A0GZ-01A,-0.049761537,0.11997706,0.29182222,0.1693514,-0.077585526,0.29646534,0.14776991,0.1505721,0.07171653,0.0601072,-0.10339346,-0.1682684,-0.075079314,0.11157031,0.15677291,-0.05164901,-0.08007539,0.36475512,0.008484021,-0.12296196,0.060205903,-0.005263418,0.03264278,0.17184587,-0.024315936,-0.022999795,-0.3448794,-0.17013466,0.012913233,-0.079195894,0.11363882,0.23953465,-0.09471144,-0.24630016,-0.1668783,-0.15580216,-0.09558913,-0.08561368,-0.03013805,-0.11875599,-0.071033925,0.12063635,-0.03823137,-0.14607571,-0.008420416,-0.11008162,-0.008104214,0.11234867,0.050901305,-0.0064569646
TCGA-BH-A0BZ-01A,0.061575238,0.02657038,0.2455931,0.3157579,-0.11015577,0.11191866,-0.040392827,0.024057698,0.053785093,-0.015676888,0.17010942,-0.14986977,0.056134496,0.13521336,0.061203722,-0.10675951,0.100020714,0.22237857,-0.12498947,-0.06359844,-0.087825984,-0.016452942,0.062815055,0.1621013,0.032868437,0.05366643,-0.21331765,-0.082907945,-0.0061271717,-0.29731143,0.09219891,0.04237002,-0.19760044,-0.3002315,-0.265755,-0.19911112,-0.20097457,0.106668115,-0.16919373,0.09514956,-0.02836192,0.07623094,-0.03498803,-0.036947336,-0.04104257,-0.09757404,-0.15989725,0.0058647976,0.1024141,0.2443317
TCGA-V7-A7HQ-01A,-0.04899175,-0.09552603,0.24465457,0.20023538,-0.025936142,0.12870297,0.09185462,0.018978262,0.13706556,-0.010227094,-0.06874412,-0.0604711,-0.07495385,0.19564651,0.21092531,-0.21263118,0.06690925,0.14404641,-0.036410417,-0.13740636,0.17845756,-0.16654335,0.06761385,0.28960305,0.061024636,0.05310481,-0.2542707,-0.09310792,-0.11670893,-0.034169517,-0.07306001,-0.025207771,-0.19604228,-0.17125715,-0.096500106,-0.2702305,-0.06445796,0.06362599,-0.118597776,-0.114926964,0.10656735,-0.18675224,-0.032473627,-0.19312173,-0.090393595,-0.1719992,-0.078433566,0.02324402,0.07283879,0.29600897
TCGA-AC-A8OS-01A,0.00299708,-0.032056905,0.14273739,0.25474918,-0.10902052,0.075986244,0.17015964,-0.10209836,-0.03135,-0.028596463,-0.117677405,-0.08457127,-0.012696745,0.05256202,0.121790305,-0.22266826,0.078545064,0.3176817,0.039798453,-0.07320199,-0.0575606,0.01641137,0.14108804,0.3113122,0.09757998,0.058127426,-0.19839193,0.078276224,-0.10029624,-0.1205875,0.07641126,-0.0073980107,-0.10041363,-0.24853638,-0.33668515,-0.1332255,-0.019813625,-0.049872994,0.023330152,-0.107636355,0.17243652,-0.08039561,0.10004408,-0.18295929,0.039631255,-0.0580232,-0.080738604,0.08590032,0.19658594,0.29676014
TCGA-C8-A27B-01A,0.06823036,0.08749504,0.08242365,0.2156159,0.036334474,0.10405829,0.16911145,-0.054669183,0.17350473,0.011481963,-0.08711745,0.09702602,-0.07009072,0.15491578,0.14797573,0.0023947658,0.24216041,0.17582992,0.100497514,-0.033454105,0.024540078,-0.02356999,0.010274833,0.13081409,0.05113908,0.07071339,-0.30791995,-0.0047110827,0.016320435,-0.17005517,0.01303572,0.081040576,-0.37291336,-0.24461557,-0.13506797,-0.29931065,-0.27910954,-0.10493254,-0.11847436,-0.08119114,0.026812678,-0.13842145,0.13792674,-0.02942643,0.0012328966,-0.016236953,0.041511826,0.063042514,0.11969802,0.2423977
TCGA-LD-A66U-01A,-0.18050447,-0.049344327,0.23632812,0.1775839,-0.0011573829,0.4406015,0.10947741,0.03215918,0.032638308,0.035269167,-0.10038225,0.013431737,-0.009194981,0.15697666,0.046313442,-0.032566443,0.09700243,0.1896998,0.02863746,-0.14881139,0.06258219,-0.0365007,-0.033732474,0.22594771,0.07926404,0.12228285,-0.26676962,-0.06825319,-0.2614545,-0.16216199,0.15412374,0.02539611,-0.1809681,-0.048708044,-0.12342636,-0.28892344,0.0519771,-0.07834325,-0.21239357,-0.09853497,-0.008604536,-0.013396487,0.14874522,-0.047752816,-0.109496176,-0.005931536,-0.042460617,0.13227575,0.052034393,0.17846783
TCGA-D8-A1X5-01A,-0.006785182,0.13476968,0.28150773,0.1989172,-0.06485637,0.15960659,0.09731612,-0.16081378,0.11692326,-0.14069736,-0.054588966,0.05341052,-0.039969556,0.11352737,0.1447975,-0.10190607,0.21363877,0.13183123,0.06515382,-0.073577754,-0.015185818,0.00500682,-0.06957753,0.255444,-0.036385614,0.14146185,-0.23468922,-0.02612549,-0.084720045,-0.08087479,0.108511634,0.023676056,-0.16658667,-0.19125064,-0.122847386,-0.24066399,-0.119888574,-0.18770102,-0.06810628,-0.08379698,0.13534135,-0.0025360147,0.14774196,-0.12340428,-0.14683841,-0.098574065,-0.17209621,0.09148797,-0.023509795,0.3779511
TCGA-D8-A1XZ-01A,0.063138254,0.102517895,0.13984415,0.20003282,-0.01245292,0.019108983,0.10318839,0.022790205,-0.039903335,0.04304163,0.017015478,0.030399963,0.041994143,0.36504108,0.11545058,-0.01586292,0.17529777,0.31133682,-0.0744402,0.14064032,-0.09635831,0.009584456,0.022318903,0.098164365,-0.117133625,0.08556099,-0.32004574,0.003686412,-0.0022617492,-0.08005393,0.12254015,0.011225492,-0.124718726,-0.29032058,-0.16679935,-0.21422702,-0.18572466,-0.1150806,-0.11841205,0.08035756,-0.09572705,-0.043560386,0.19329956,-0.02909794,-0.092568345,-0.119565666,0.00918824,-0.0024760554,0.112017065,0.3419205
TCGA-AR-A0TR-01A,-0.053514477,0.02454571,0.279869,0.17475852,-0.1481657,0.08151565,0.098139636,-0.013152321,0.05761914,0.15338765,-0.061601833,-0.073959105,0.013505274,0.06903393,0.077152774,-0.11497521,0.114141695,0.2164407,-0.054518312,0.1398477,0.108802676,-0.01325299,0.07414301,0.12747264,0.05485495,0.16081157,-0.24156941,-0.034705788,-0.035519283,-0.2952982,0.03419654,0.11076632,-0.31937844,-0.23117186,-0.040994354,-0.1941888,-0.12645423,0.007799513,-0.21585183,-0.091713905,-0.021096006,0.014271834,0.20581372,-0.106715344,-0.16800001,-0.10493863,-0.09307678,-0.08401909,0.25311545,0.20790942
TCGA-E2-A574-01A,-0.09543489,-0.0654875,0.28406298,0.25944185,0.0597285,0.19489841,0.06761971,-0.069198824,0.15712583,0.0307948,-0.055940066,0.0909668,0.09336275,0.25688228,0.07488652,-0.13853295,-0.0028627382,0.12455548,0.031172113,0.04320851,0.04292346,-0.032894526,0.14928204,0.17941748,0.047563862,0.045647692,-0.32994702,-0.048593864,-0.013211268,-0.12275815,0.17929108,0.1984792,-0.070178315,-0.25028014,-0.1295785,-0.3112244,-0.0983908,0.016139975,-0.059147447,-0.01714759,-0.10213229,0.19888723,0.12938948,-0.05436203,-0.13945095,-0.084631145,-0.080847465,0.10426933,0.13355626,0.21572343
TCGA-AO-A0JB-01A,-0.11590609,0.069695815,0.21402125,0.0673243,-0.1488574,0.28418005,0.0137293,-0.005658583,0.081847645,0.11928392,-0.043505326,-0.088992335,-0.19395645,0.1503677,0.22279921,0.013358767,0.08042418,0.18860415,0.0033143382,-0.024580576,0.065224394,0.004330347,-0.010576385,0.23037113,-0.003836389,0.10911635,-0.48877117,-0.21558762,-0.033489347,-0.08422219,0.14815247,-0.027575659,-0.12482312,-0.22817244,-0.040331986,-0.1747184,-0.13138996,-0.19151674,-0.10228509,-0.10198743,-0.025944492,0.05206689,0.024962611,-0.10319924,-0.10057594,-0.0916054,-0.19454338,0.08757036,0.0025545987,0.07632441
TCGA-S3-A6ZH-01A,-0.06568029,0.12902126,0.1730538,0.22871247,-0.004746242,0.20919368,0.09187062,-0.050089102,0.0995134,0.019964023,0.06775862,-0.08808932,0.05855837,0.20061658,0.10133625,-0.11540425,0.18213743,0.016405774,-0.019885512,0.053414077,-0.055139475,-0.10757665,0.09155759,0.11299797,0.061316192,0.007180088,-0.25544325,0.046035163,0.046175502,-0.111440316,-0.055245817,0.0828819,-0.22654417,-0.29157364,-0.21890737,-0.29546845,-0.15344281,-0.19874215,-0.22300798,0.075161405,-0.07218057,0.1152295,0.21631312,-0.17462826,-0.024661528,-0.17370984,-0.035391342,0.055445787,0.21360211,0.13239335
TCGA-LL-A7T0-01A,-0.00060123636,-0.013661189,0.18221827,0.31329337,-0.028841317,0.07063656,0.071262605,-0.09723481,0.02676248,0.098697685,-0.0069635757,-0.16002375,-0.16818237,0.23591329,0.058950756,-0.12514833,0.18524785,0.040550727,-0.21205238,-0.0012973383,0.043395035,-0.10803464,0.033509053,0.30405596,-0.07871065,0.010934976,-0.28344956,-0.030471604,-0.071843706,-0.25053573,-0.031244488,0.12995152,-0.21791391,-0.15493856,-0.1682603,-0.23434103,-0.12587647,-0.04317301,0.009507374,-0.03605277,0.007695296,0.023028556,0.12752967,-0.18627489,-0.14653133,-0.060984395,-0.17332107,0.080259815,0.16201559,0.1848852
TCGA-D8-A1Y2-01A,-0.18888743,-0.09818239,0.16337195,0.15606952,0.0069732117,0.20483999,0.17779626,-0.080532335,0.09986999,0.08038324,0.034414716,0.09338944,-0.22473213,0.14825638,0.22199968,-0.04464124,0.15869628,0.15539895,-0.033852987,-0.04871641,-0.081399165,0.011863208,0.07329498,0.21272741,-0.09434052,0.18448073,-0.3359975,-0.102977954,-0.07790407,-0.110087335,-0.04591302,0.0032645238,-0.14407283,-0.2517236,-0.0748863,-0.3683732,-0.078198075,-0.089429416,-0.21625666,-0.116080865,0.007204042,-0.014650695,0.022145413,0.061295275,0.0008456607,-0.056143396,-0.119565316,0.054983813,0.035950504,0.22445863
TCGA-BH-A5IZ-01A,-0.01707513,0.026758244,0.32732847,0.2083823,-0.12545367,0.23171607,0.013740402,-0.10191702,-0.029642345,0.12542634,0.10897439,0.0053747525,-0.014007606,0.19716357,0.077638775,-0.08618611,0.18419077,0.34565735,0.017428229,-0.06296043,0.05833108,0.19942534,-0.009272712,0.13463692,-0.039466605,0.1656932,-0.24137184,-0.08245723,0.08521841,-0.10972051,0.07649714,-0.032351147,-0.039761506,-0.30578405,-0.031302694,-0.25496498,-0.059145663,-0.09048043,-0.21056655,-0.030952552,-0.046200868,0.02031908,0.09491838,-0.11861575,0.016582744,-0.067222476,-0.2615459,0.0632709,0.11513979,0.11793398
TCGA-BH-A0E0-01A,-0.031979576,0.0838792,0.2918301,0.15921248,-0.14037304,0.15882023,-0.007670681,-0.08915002,0.2880474,-0.01210618,-0.11344425,-0.12161255,-0.063316934,0.1725459,0.22665444,-0.12361235,0.09300394,0.11531791,0.14870177,0.058614355,-0.0038473338,0.06819604,-0.03947709,0.16661,0.026665408,-0.0008277079,-0.22331056,-0.01007407,0.05995091,-0.21879081,-0.054890286,0.10922074,-0.112186834,-0.29057485,-0.039799936,-0.26227328,-0.27527452,-0.010939645,-0.010398429,-0.043935847,-0.09376754,-0.0031503893,0.10137689,-0.19620484,0.10236745,-0.13260628,-0.13416545,0.078993745,0.16038951,0.19439113
TCGA-E2-A1IU-01A,0.0853567,0.10279891,0.16257404,0.35055244,-0.06757693,0.010835772,-0.0015691759,0.024897465,-0.071431875,0.021960001,-0.03659192,-0.118263096,-0.120788716,0.12143889,0.16033223,-0.05427349,0.25286484,0.20770021,0.16748838,-0.11691752,-0.03323898,-0.009667652,0.090686165,0.100151286,0.12818012,0.07637244,-0.21927132,0.21250288,0.07707523,0.035576064,-0.023376368,0.09176186,-0.13515991,-0.35714287,-0.087413564,-0.23941323,-0.068398364,-0.14289132,-0.065502904,-0.046862364,-0.018172389,-0.07818879,0.0822738,-0.1977385,-0.21528108,-0.11261892,0.09600514,-0.0045489143,0.25418377,0.14541166
TCGA-5T-A9QA-01A,0.027388778,0.11973308,0.16557844,0.35851002,0.08786391,0.16465974,0.047812387,0.0928104,0.08103873,0.038637534,0.09061798,0.0731993,-0.09787896,0.08987439,0.055559162,-0.23461282,0.08138253,0.22805585,0.12558629,-0.13423584,-0.038077436,-0.039030954,-0.113568045,0.15392649,0.083267,0.1585415,-0.2752983,0.0028505595,-0.10800979,-0.0740178,0.14009365,-0.06958137,-0.19017418,-0.23067233,-0.27032927,-0.26346752,-0.11639152,0.09296907,-0.2039703,0.059104692,-0.08539566,-0.022351043,0.17119716,0.049166463,-0.130991,-0.029681591,-0.058890555,-0.04042735,0.01580257,0.20563345
TCGA-E9-A1R7-01A,-0.09016431,0.04329151,0.25220993,0.09276223,-0.106934175,0.19876118,0.13042356,0.003608844,0.0023666548,-0.09162357,-0.19629736,-0.0986352,0.12007633,0.06914652,0.16034329,-0.071834944,0.10769944,0.24493864,-0.12582676,-0.14109306,0.10162458,-0.07751142,-0.096117504,0.20401384,-0.081848554,0.12750141,-0.3015462,-0.097499795,-0.07214821,-0.06994299,0.05676622,0.13015305,-0.19155784,-0.14043166,-0.06216717,-0.22220956,-0.17506775,-0.041824482,-0.15088741,-0.12664872,0.047193993,-0.0017507321,0.22810036,-0.07432511,0.029310172,-0.22505723,-0.09694638,0.098766394,0.3028294,0.10903483
TCGA-BH-A2L8-01A,0.016987361,-0.10023506,0.28330323,0.23804013,-0.07027106,0.13122697,0.07716827,0.14452831,0.022762174,-0.039956797,-0.028108465,0.05195387,-0.06791678,0.0037160146,0.08150081,-0.12011909,0.07187909,0.10837258,-0.01613828,0.10477243,-0.051185243,0.07480111,-0.095070906,0.20508625,0.14456074,0.1858084,-0.20949131,-0.099091634,-0.09545174,0.008178584,0.10207168,-0.06801125,-0.058123734,-0.36726812,0.014363744,-0.26102635,-0.21175379,-0.16050276,-0.09980626,-0.1387314,0.019499661,0.048510306,0.23101082,-0.20366375,0.12929666,0.07102301,-0.18567532,0.11327395,0.14086528,0.24232312
TCGA-D8-A1XG-01A,0.03488848,-0.17929557,0.33711028,0.075170524,-0.03894537,0.15274069,-0.045202274,-0.10186122,0.055359207,-0.07553507,-0.12155905,-0.0058626197,-0.008667793,-0.08588905,0.18625262,-0.032428227,0.11473442,0.2552173,-0.0066578053,-0.13059457,0.28496376,-0.008006237,0.054724332,0.16308014,0.09207058,-0.021082046,-0.17384697,-0.09075102,0.00263059,-0.093297526,0.04295812,0.05001011,-0.24464117,-0.31824073,-0.17775418,-0.21489204,-0.08936921,-0.13087063,-0.13437244,-0.0032162326,-0.09876649,0.075155735,0.12081056,-0.06883351,-0.09362416,-0.208061,-0.12051209,0.11449518,0.21415964,0.18503128
TCGA-AN-A0XW-01A,0.0014595167,-0.059301436,0.24196714,0.2640646,-0.013502602,0.18491647,0.039837543,-0.028657133,-0.00516134,0.115274414,-0.017465869,-0.12148613,-0.15435152,0.22161931,0.09234419,0.030688947,0.13175015,0.14152509,0.13414632,-0.15478371,-0.030160736,-0.123041086,0.05849405,0.30943388,-0.09912888,0.1235457,-0.24423723,0.1377881,-0.06245127,-0.124361776,0.04342659,-0.009824641,-0.13420276,-0.15676156,-0.057235163,-0.34143254,0.030916754,-0.12290049,-0.05221172,0.0658252,0.03418304,-0.17076612,0.13933527,-0.16029124,-0.001760249,-0.08581725,-0.049390733,0.2345793,0.13821532,0.23677705
TCGA-AC-A2FB-01A,0.03131336,-0.028373387,0.20233335,0.13475788,0.041265067,0.15643232,-0.0753177,-0.01154019,-0.090846896,0.00041806736,0.094798066,-0.12373108,-0.076033756,0.114088394,0.17174418,-0.0075474726,-0.07216401,0.26713103,-0.12425342,-0.17030437,0.037580628,0.18405882,0.14493625,0.16475435,0.014717898,0.13541223,-0.27905247,-0.09337919,-0.058572255,-0.16469687,0.20605579,-0.07501946,-0.2744982,-0.23849931,-0.08025357,-0.23795201,-0.05974333,-0.059914123,-0.15584186,0.13380124,-0.018970167,0.1714486,0.25995836,0.001003053,0.11257137,-0.12098397,-0.08607283,0.045486867,0.0412303,0.2398727
TCGA-E2-A2P5-01A,0.0405909,-0.16303925,0.016984623,0.22339156,-0.14507243,0.31717393,0.07519914,0.043377426,-0.1165203,0.062339947,0.00043948446,0.053579047,0.10056875,0.21091934,0.1863782,-0.05900096,-0.030347407,0.10443524,-0.015628215,0.040083468,0.0063050403,0.10635342,-0.049998976,0.102228336,0.0073739677,0.108295284,-0.27764517,0.11722379,0.026597023,-0.08237214,-0.012953875,0.20630944,-0.16282688,-0.25273815,-0.16812424,-0.2780338,-0.08190778,-0.08802043,-0.18213917,0.0783409,-0.009472425,-0.059469666,-0.10582367,-0.16712496,-0.13010545,-0.20610215,-0.1314949,-0.014684335,0.046591762,0.34185386
TCGA-LL-A5YN-01A,0.100891344,-0.047991827,0.18766382,0.18158488,-0.102199435,0.10253107,0.027659552,0.07075119,-0.021735314,0.13407257,-0.19607843,-0.19515087,-0.19362678,0.26389706,0.14393501,-0.08104616,0.12550758,0.05321342,-0.035521533,-0.11567071,-0.042926885,0.08295376,0.007829032,0.13965902,-0.16717677,0.1878402,-0.30721116,-0.034988027,-0.1068689,0.01935162,0.05757452,0.097505264,-0.18803245,-0.19745415,-0.1359468,-0.4208593,0.020493032,0.010783714,-0.120145455,-0.16079894,-0.029659683,0.024326524,0.1843088,-0.15752596,-0.018534523,-0.12860747,-0.05272658,0.048207212,0.09713616,0.12561609
TCGA-OL-A66H-01A,-0.0011543201,-0.1046279,0.2224989,0.08755434,-0.069502674,0.23443359,0.10503796,-0.024128806,0.100734785,0.09993305,0.008558214,-0.12434495,-0.20585813,0.17466639,-0.023962848,0.036723044,0.041677784,0.064487554,0.05805133,-0.057889156,-0.13275293,-0.059942644,-0.19886105,0.10080381,0.073729776,0.28386706,-0.17852975,-0.021550208,-0.08090623,-0.09819386,0.15301012,0.043040458,-0.116091914,-0.20127758,-0.18998036,-0.33592528,-0.11536983,-0.17307025,0.06033025,-0.08985498,0.05591802,-0.027469598,0.07935696,-0.20742227,0.048174456,-0.246157,0.1106299,0.048213538,0.26675037,0.2165852
TCGA-AR-A252-01A,0.102318786,-0.093612246,0.13860737,0.047852036,0.029224925,0.111222915,0.057178494,0.028769016,-0.033611014,0.013907276,-0.190162,0.21921031,-0.037758138,0.23282593,0.16076411,-0.047309462,0.121593505,0.24390578,0.121968225,0.041396193,-0.121101074,-0.011660672,0.020853633,0.23616186,0.042839512,0.19723013,-0.21866015,-0.15169878,-0.010868617,-0.20931163,0.08613897,0.06178428,-0.1841454,-0.31528017,-0.2267585,-0.17751469,0.03336534,0.0018251993,-0.0879514,-0.08670452,-0.09477556,0.1544044,0.062657245,0.017329594,-0.05965951,-0.010003385,-0.2573172,0.13944581,0.19117692,0.22037013
TCGA-D8-A1X9-01A,-0.06899969,0.0014344263,0.24166848,0.20428465,-0.054456905,0.1299002,-0.0058758585,0.022352366,0.04434783,0.093962625,-0.12372096,-0.028614901,-0.19428767,0.17209592,0.22257072,-0.06889823,0.23378058,0.16341445,-0.10994989,0.030330453,0.03261292,0.0018582866,-0.05517708,0.108591825,0.021287397,0.10453549,-0.26705495,-0.08505723,-0.049381007,0.020746592,0.13647655,0.14228053,-0.24841277,-0.20323542,-0.19303,-0.23916964,-0.12875539,0.13898651,-0.095451206,-0.104804754,0.034564957,0.007986675,0.100971706,-0.16773777,-0.041330874,-0.038178902,-0.10451348,0.13281526,0.21109104,0.33892384
TCGA-AR-A24L-01A,-0.0801502,0.02137838,0.14883305,0.16233888,-0.21051206,0.1501238,0.14441785,0.004409506,0.049571224,0.047839604,-0.31750447,0.0036908619,-0.02877231,0.21823266,0.04100245,0.0075091366,0.11962873,0.4103988,0.01567882,-0.15936257,-0.0067708464,0.1103584,-0.036040988,0.08998369,0.023109265,0.13667384,-0.3222881,-0.071934536,0.013965088,-0.16806923,0.12612647,0.14462535,-0.17293705,-0.19942746,-0.1270608,-0.26027003,-0.004557148,-0.044021092,-0.09632864,-0.12937064,-0.04124625,0.053531814,0.12631375,-0.085568085,-0.04478932,-0.1403604,-0.1734408,0.07107356,0.088390864,0.05970323
TCGA-E9-A1NE-01A,0.032792162,-0.1372591,0.19608034,0.18517484,-0.031962384,0.16681486,0.05495622,0.09648065,0.039807416,0.0056481846,-0.20631479,-0.099098645,-0.03593936,0.21574213,0.14476532,-0.10113637,0.12063141,0.2800833,-0.19319582,-0.030110907,-0.043701135,-0.112140045,0.0055724704,0.26737127,0.03651774,0.14442433,-0.19968139,-0.22243693,0.07436462,0.03700924,0.15796536,0.15034263,-0.124174334,-0.25810912,-0.07351078,-0.37378356,-0.12752107,0.015588416,-0.07571064,-0.043702733,0.0015859442,-0.035532538,-0.10130122,-0.01000852,-0.07376054,-0.07081689,-0.12627696,-0.016184047,0.158273,0.18779793
TCGA-E2-A10C-01A,-0.050537083,0.17200668,0.44317386,0.18927589,-0.07145814,0.23142588,0.0025320423,0.14395256,0.14294079,-0.0689046,-0.062765166,-0.025758397,0.058172263,0.048702747,0.18916848,0.01738563,0.11295181,0.13107781,-0.13682103,0.029173512,0.012747959,0.050888143,0.041372336,0.15543196,0.043759365,0.13606669,-0.12899643,-0.109813206,-0.19587278,-0.22981787,0.04302057,-0.008370013,-0.04473578,-0.2394575,-0.13070741,-0.20953892,0.038944244,0.07340187,-0.03888304,-0.009640427,-0.046434753,0.023423301,0.23453182,-0.15061143,-0.034020714,-0.28866187,-0.06295531,0.03714107,0.036071714,0.25275537
TCGA-OL-A66I-01A,0.042655602,0.006219148,0.26717147,0.1549564,-0.19576117,0.14380985,0.1991321,-0.004742802,0.016988892,0.05319408,-0.029154124,-0.05749188,0.0026015765,0.22278443,0.15905608,0.11922379,0.1614607,0.06628022,0.051898114,-0.03421595,-0.083899915,-0.2219398,0.014690278,0.2839855,-0.05591168,0.0710863,-0.25001565,-0.04829613,-0.019025784,-0.30837345,0.085357636,-0.08839569,-0.08885272,-0.35278094,-0.119365916,-0.22672121,-0.083899885,-0.0567244,-0.040926516,0.051509533,-0.092757426,0.008986475,0.00060952397,-0.101606116,-0.07995486,-0.23935574,-0.03675631,0.09912997,0.0482598,0.20927645
TCGA-B6-A1KF-01A,0.12565915,0.006431597,0.1688549,0.17764421,-0.08346531,0.2252886,0.10980848,0.06248298,0.024498254,-0.04155378,0.10330833,0.034301803,-0.047939654,0.23174644,0.10948064,-0.19689937,-0.051210687,0.33190742,-0.0040743365,-0.0032887815,-0.09026022,-0.041921597,-0.024074385,0.12156829,0.021663185,0.12148432,-0.3171514,-0.04816318,-0.05454571,-0.11137062,-0.12478691,-0.020174403,-0.054546885,-0.27168927,-0.011895697,-0.25225616,-0.09892511,-0.091223754,-0.045936696,-0.18710901,-0.06822667,0.05234318,0.09758985,-0.17434406,-0.14734894,-0.2615442,-0.018572327,0.10776779,0.22286317,0.21694022
TCGA-OL-A66P-01A,0.10796739,0.047000278,0.16251022,0.21244387,0.00035477587,0.12587953,0.112208866,0.09491559,-0.069771156,-0.029559314,-0.05562562,0.023680989,-0.02313375,0.063369624,0.16253662,-0.06674678,0.21078515,0.15073669,-0.075204976,-0.048503615,-0.044216618,-0.08005042,-0.0051882192,0.22367819,0.03566957,0.10436516,-0.31825623,-0.15554391,-0.110940866,-0.17141436,0.0690604,0.036993995,-0.15647738,-0.27908006,-0.23095205,-0.15166046,-0.15264426,-0.08421025,-0.27959436,-0.118533574,-0.21179867,0.08339383,0.10552553,-0.17957012,0.10387672,0.10619173,-0.055404045,0.117224805,0.12471135,0.24963611
TCGA-A2-A0SV-01A,0.013948382,-0.06803311,0.31087026,0.16226916,-0.04349244,0.13754568,-0.046778228,-0.060670268,0.07050838,-0.0026564864,-0.09713505,-0.06798359,-0.00078417436,0.28044158,0.06745028,-0.11065713,0.13342384,0.24869002,-0.06731473,-0.15897392,0.0871381,0.0054746694,-0.0010480377,0.08446105,-0.004441724,0.029325489,-0.15432425,-0.10039304,-0.09354234,-0.00047456668,0.145591,0.20608947,-0.3076521,-0.18074395,-0.122719966,-0.35650337,-0.061494257,-0.10676634,-0.19090936,-0.045251776,-0.07493099,-0.14826342,0.016733058,-0.22011551,0.022297274,-0.093340255,-0.19367139,0.055164892,0.10101351,0.20050588
TCGA-C8-A8HP-01A,-0.20062506,-0.08896482,0.20658515,0.16025844,-0.07407374,0.22034128,-0.13783668,0.016292358,0.10726106,0.0151724415,-0.041704167,0.07509931,-0.16494486,0.10885621,0.0075925915,-0.101253256,-0.055311773,0.30239713,0.015023155,-0.05584371,-0.027415205,-0.085274644,0.116394185,0.16746998,-0.16947919,0.18720005,-0.2803698,-0.13032284,-0.14937373,-0.15748164,0.050480068,0.12226886,-0.19908275,-0.22893198,-0.10607224,-0.3689647,-0.15740745,-0.0922248,-0.081622005,-0.015533201,0.05586598,0.11567004,0.059213992,-0.0641345,-0.14339526,-0.010737732,0.13261142,0.005946891,0.16190243,0.044848096
TCGA-AC-A6IV-01A,-0.081163876,-0.0044230362,0.19229089,0.2704431,-0.13087383,0.084378265,-0.037995107,0.041114792,0.017652862,0.028096903,-0.20126139,-0.14536981,-0.013710961,0.385608,0.21646762,-0.14531127,0.18427402,0.2147275,-0.008909506,0.007941891,0.12828566,-0.14558637,-0.114233896,0.06606933,0.10367351,0.12534203,-0.1884556,-0.045744743,-0.07606526,-0.023915894,0.15461037,0.12242764,-0.1119521,-0.19563407,-0.17764269,-0.22400229,-0.050880473,-0.20442341,-0.1906073,-0.110221766,-0.015016318,0.031181954,0.12102273,-0.043984096,0.008678194,-0.18948954,-0.19746381,0.05206838,0.09931365,-0.031379025
TCGA-B6-A1KI-01A,0.018255463,0.12025596,0.25489053,0.17615993,-0.035405505,0.27880612,-0.0019476184,0.04016027,-0.10004121,0.124917544,-0.08735556,0.04240753,-0.026605273,0.17189242,0.16911992,-0.09288859,0.076915525,0.19414127,0.13217399,0.13116717,0.0027035652,-0.10020947,-0.051276926,0.26064172,-0.032715943,0.23733893,-0.30678812,-0.053235266,-0.0071452484,-0.13194764,0.056607038,0.068143345,-0.16277786,-0.37633902,-0.07644269,-0.23195495,-0.0075435736,-0.013952874,-0.023035089,0.06241722,-0.11320036,-0.01638014,0.075988255,0.022408191,-0.0056685535,0.016075144,0.09756216,-0.15909608,0.11647363,0.25888142
TCGA-A7-A5ZX-01A,-0.031584077,-0.11242565,0.34427956,0.1243013,-0.02839434,0.20975605,0.024460077,0.038216896,0.03747406,0.1336438,-0.1035411,-0.045288064,0.0900293,-0.088411614,0.1607895,-0.1305897,0.12664665,0.25209767,0.024572052,-0.12048504,0.034316514,0.1713981,0.012497898,0.20619264,0.14117917,0.07796993,-0.30788964,-0.038996343,-0.13974689,-0.06525416,0.0134346,0.0026069744,-0.28670102,-0.054381326,-0.15477848,-0.30166298,-0.14582941,0.03759488,0.024751775,-0.15446709,-0.046685763,0.05570467,0.12865141,-0.1152609,-0.20489171,-0.07746446,-0.19257313,0.07720437,0.08364219,0.14145179
TCGA-B6-A0RO-01A,0.1141441,0.07040766,0.19105458,0.24943048,0.07824808,0.27236876,0.16203596,0.07658713,0.0045141233,0.17888087,-0.17138399,-0.09645085,-0.041568547,0.20768392,-0.020780785,0.016496306,0.059570145,0.18899506,0.15751898,-0.06678724,0.16423343,0.008280806,-0.016437333,0.078652196,-0.18908365,0.11026635,-0.09699512,-0.1494196,-0.037158974,-0.08906948,0.10023983,0.04803005,-0.17515628,-0.25021887,-0.024503876,-0.25504518,-0.20721562,-0.16825622,-0.004109033,-0.04439794,-0.07662422,-0.07803961,0.14409685,-0.084956564,-0.049814437,-0.041392226,-0.059952375,0.055583004,0.23028745,0.3394532
TCGA-LD-A74U-01A,0.05521161,0.0097476905,0.16746794,0.2547949,0.01761818,0.17827742,0.07278891,0.07296701,0.076203145,0.03500405,-0.060826577,-0.04423989,-0.027095255,0.35277835,0.061916947,0.00016078012,0.033796147,0.36561343,-0.086707294,-0.21167259,0.10268288,0.052427296,-0.0055158776,0.16463356,0.21610905,0.06340763,-0.14399077,0.025193293,-0.13347913,0.009814516,0.0685179,-0.01664276,-0.19900139,-0.23843667,-0.11890797,-0.21380225,-0.07282848,-0.10845496,-0.1944596,0.1074566,-0.2062984,-0.051922027,0.18254928,-0.103152774,0.108303994,-0.15911171,-0.03256192,-0.041025735,0.12845905,0.16935179
TCGA-A1-A0SP-01A,-0.11698099,0.031311996,0.19858003,0.053116273,-0.10512259,0.035622,-0.01037989,-0.10115295,0.031576876,-0.00324245,-0.093390286,-0.10254764,-0.009638857,0.15520841,0.26272094,-0.014432214,0.10886773,0.26495844,-0.052913632,-0.08074227,0.18719518,-0.036540933,-0.091138214,0.0349088,0.11662588,0.10518582,-0.2512027,0.07972368,0.0022658801,-0.1952783,0.10079018,0.020048363,-0.25088292,-0.33847973,-0.16197252,-0.2704632,-0.18756253,-0.1601575,-0.09079308,0.056422293,0.17329232,0.021476578,0.13033351,-0.061561123,0.010987186,-0.045824293,-0.02203466,0.080136135,0.28612238,0.18774076
TCGA-AQ-A04H-01B,0.080259256,0.01947759,0.07454497,0.04463741,-0.0556223,0.16481481,0.11412682,0.014284332,0.09092074,0.10304623,0.044006325,-0.07619908,0.00036592898,0.29202166,0.12261034,-0.0818623,0.19106238,0.14191392,0.0752999,-0.103853405,0.10783842,-0.0858019,0.034544375,0.2508848,0.016739184,0.18536952,-0.33890733,-0.09737443,-0.2603013,-0.18331441,0.18998532,0.111191206,-0.16257824,-0.23438816,-0.17783834,-0.31132078,0.0686808,-0.07025143,-0.015550145,-0.005361404,-0.010792854,-0.04008516,0.06573149,-0.2649283,-0.080923945,-0.1260703,-0.13498318,0.01661203,0.050950874,0.06220691
TCGA-AR-A0U2-01A,-0.017705036,0.0042439685,0.2622245,0.27350944,-0.05618613,0.17534925,-0.21918966,0.046766695,0.29771125,0.060301203,-0.049330723,-0.06503986,-0.046542116,0.11900505,0.17882173,-0.0030727906,0.13813663,0.15721796,0.06442804,0.09385477,0.017218422,-0.059119917,-0.1282565,0.1461768,0.011523522,0.2571983,-0.15845306,-0.14246793,0.007710299,-0.16539992,0.012654031,-0.10189269,-0.25098982,-0.18342,-0.026894286,-0.18165432,-0.22330642,-0.14349902,-0.27512807,-0.040486664,-0.02688541,0.077279665,0.10355642,-0.018558308,-0.14169823,-0.070648566,0.039984226,0.06287477,0.17096902,0.14468566
TCGA-BH-A0GY-01A,0.036736622,0.076672524,0.3164827,0.25587633,-0.016716493,0.16866243,0.05868811,0.0648234,0.08024566,0.0003000416,0.034741133,-0.008690656,0.02355706,0.21951273,0.13255031,-0.13980693,0.13327694,0.18896572,0.08199347,0.1485024,0.076162495,-0.027700033,-0.041314684,0.16887906,-0.06293299,0.10584967,-0.199412,-0.066445656,-0.087414786,-0.22739239,-0.027106313,0.0586792,-0.29120073,-0.1624477,-0.08680814,-0.18089502,-0.13385536,-0.13249741,-0.10231385,-0.050178163,-0.1814851,0.029690983,0.14480701,-0.00607955,-0.052897748,-0.030436045,-0.18120606,0.25760588,0.095596775,0.29746383
TCGA-E9-A5FL-01A,0.056338377,-0.096837536,0.22153178,0.07566343,-0.07573405,0.1294431,0.080166094,0.07345234,0.09394364,-0.0882789,-0.071395546,-0.041954603,-0.08186453,0.07564323,0.13438687,-0.18898319,-0.097037345,0.15233834,-4.818596e-05,0.07201422,0.065606646,-0.04757178,0.09714446,0.22260755,0.032226387,0.08316731,-0.31135532,-0.09016168,-0.030241026,-0.03528836,0.11468181,0.13754797,-0.25860798,-0.3998702,-0.053846896,-0.25779435,0.05203738,-0.16085391,0.050338496,-0.019904392,-0.029342784,0.0901677,0.12908782,-0.010077084,-0.08764906,-0.02840365,-0.2289393,0.012609727,0.25460976,0.28061888
TCGA-GM-A2DI-01A,0.13853116,0.0950402,0.21325532,0.15064363,-0.08747186,0.18311743,0.04969602,-0.11877165,-0.11098063,0.053751342,-0.054050304,-0.10918705,0.048456907,0.06652804,0.15430857,-0.0127091585,0.325447,0.25341314,-0.038442787,-0.1758297,0.00040155544,-0.038996413,0.1912888,0.16520168,0.102571145,0.24333993,-0.35119706,-0.04396431,0.050614122,-0.050576236,0.021184297,-0.09750341,-0.151994,-0.18525183,-0.20327742,-0.23654364,-0.014376561,-0.06850683,-0.17343995,-0.033601224,-0.018483302,-0.10290126,0.14130898,-0.06324033,-0.14265259,-0.0016776389,-0.12447944,0.054375183,0.08604726,0.18741202
TCGA-A7-A26I-01A,-0.032221414,0.07626381,0.26865825,0.07290986,0.11848906,0.2525042,0.16093595,-0.10836558,0.1069436,0.09917212,-0.06562437,-0.11259885,-0.0561157,0.1892773,0.11146961,-0.20954664,0.07062026,0.16796508,-0.09548095,-0.055392485,0.05672759,0.025598343,-0.0596019,0.08407413,0.11710651,0.16639704,-0.30842024,-0.09994242,0.061132893,-0.092968635,-0.03816895,0.11938913,-0.14105453,-0.2407954,-0.1477376,-0.36780712,-0.12764159,-0.12390182,-0.1176835,-0.05955041,-0.0113461185,-0.00377029,-0.04230789,-0.2091888,-0.07476373,-0.062100373,-0.06252607,0.0076005086,0.22137162,0.20005535
TCGA-AC-A2B8-01A,0.13567007,-0.11205645,0.26571903,0.2595036,-0.16680321,0.4025814,0.059263185,-0.025480583,0.062235046,-0.0029274384,-0.19724879,-0.09422355,-0.1425957,0.09694415,0.12896913,-0.15588836,0.17788826,0.164265,-0.010471151,-0.0525958,-0.014938754,-0.035337463,0.03345045,0.14472695,0.013134606,0.066626154,-0.31158152,0.04749209,-0.037381552,-0.025552925,-0.05769607,-0.0791361,-0.042720217,-0.20855668,-0.12975946,-0.16239244,-0.0016801475,-0.2178788,-0.18546867,-0.077675335,0.0042462614,-0.114671804,0.1301079,-0.03738279,-0.015765714,-0.07509741,-0.066707715,0.12904727,0.19790757,0.19994883
TCGA-E9-A1R0-01A,0.008672762,0.060091365,0.22133523,0.23358656,-0.24234931,0.096045114,0.099630065,0.02442047,-0.06553929,-0.014259075,-0.11621029,0.11954629,-0.13495912,0.0466657,0.11200986,-0.12422998,0.06787318,0.2554913,-0.005503789,-0.1500402,0.08642312,-0.06575709,0.14272864,0.033319306,0.029882833,0.118588485,-0.1450424,-0.17037398,-0.079911545,-0.12657519,0.10660144,0.05451095,-0.24510115,-0.28136912,-0.06460977,-0.29744583,-0.14350389,0.005191809,0.0018929311,-0.012882472,-0.04136474,-0.22661845,0.14678998,-0.27955067,-0.097315006,-0.1551495,-0.057499792,0.19298589,0.08844566,0.13709304
TCGA-A7-A13F-01A,0.10621958,-0.017308332,0.2322058,0.28363645,-0.1240323,0.018898727,0.134495,0.008646193,0.11126612,-0.0028075464,0.11768464,-0.06732979,-0.15130448,0.28793523,0.0018626101,-0.023304423,0.071079776,0.16568752,0.043116625,-0.0080211535,0.12022447,0.016309991,0.08218594,0.16883099,-0.015300714,0.21682313,-0.25196555,-0.081250675,0.07465449,-0.22444282,-0.045464315,0.07364647,-0.13438076,-0.2888742,-0.10519126,-0.23795426,-0.06204713,-0.19118103,-0.112295,-0.06677566,-0.06663657,0.09926923,0.11042926,-0.12254892,-0.12673749,-0.15553473,-0.11413876,-0.035332922,0.06970408,0.3004789
TCGA-A2-A1FW-01A,-0.011036289,0.19644348,0.22977114,0.21120746,-0.07543588,0.23158666,0.055758227,0.05621674,0.15114774,0.08664991,-0.04821784,0.015081966,0.027459713,0.053501505,0.08976709,-0.09898616,0.1301598,0.106416844,-0.013269939,0.123616435,0.009623826,0.16914648,0.16703284,0.1904487,-0.036623802,-0.0021147716,-0.26569954,-0.00818272,0.061569724,-0.047381118,0.08975397,0.05968734,-0.20132947,-0.12580554,-0.1879473,-0.3923944,-0.14762105,-0.07479487,-0.28573322,-0.015866337,-0.035576593,0.06485433,0.022443144,-0.089968994,-0.15183929,-0.1655734,-0.21862073,-0.050307386,0.15993105,0.14923155
TCGA-AR-A0TV-01A,0.19960098,0.0012909764,0.26403904,0.27635723,-0.082071766,0.34946117,0.12246173,0.022479774,0.03828926,0.03416067,-0.02649068,-0.031470425,-0.15334989,0.22050725,0.044091072,-0.08720134,0.13593346,0.14665607,0.12421782,-0.0630939,-0.12147676,-0.10229759,0.04021245,0.19352934,0.021350201,0.078105025,-0.24084254,0.027202886,-0.041730292,-0.10240483,-0.051638786,0.009657834,-0.29776356,-0.18501453,-0.18709524,-0.21982357,-0.055826563,-0.03263335,-0.07561869,0.07160644,-0.07073511,0.14155336,0.12578394,-0.056518786,-0.08638103,-0.20380291,0.011895398,0.15568872,0.116417244,0.16577163
TCGA-C8-A1HN-01A,0.0073657306,0.107034616,0.1959259,0.11133337,-0.082299225,0.20110248,-0.10953465,-0.09959666,0.093673,0.0740805,0.0515788,-0.037808564,-0.10113574,0.17303063,0.1406253,0.034422506,0.07116272,0.21338406,-0.20924671,0.07259387,-0.044160865,0.04567157,-0.1399156,0.17715773,0.0907218,0.2835722,-0.29594645,-0.15145242,-0.035918016,-0.20610596,-0.1260102,0.26301286,-0.1760127,-0.097362116,-0.16075502,-0.19886239,-0.060556572,-0.009204739,-0.05530624,0.18717195,0.026911642,-0.06311853,0.16443743,-0.14693165,-0.123185985,-0.13828261,-0.040002774,-0.049689256,0.16767529,0.19734623
TCGA-A7-A13G-01A,-0.10713535,0.09664663,0.13296312,0.3940393,-0.100815736,0.111784495,0.06477342,-0.085959196,-0.04405983,-0.011849788,0.0051548583,-0.059978455,-0.03516652,0.15904257,0.11527115,-0.15123348,-0.0014014436,0.17576705,-0.21559572,-0.04638852,0.026022773,-0.0050372444,-0.20981322,0.24162512,0.07608114,0.059763197,-0.30061913,0.03325105,0.058461357,-0.043924768,0.11657305,0.08667773,-0.22698724,-0.20727092,-0.16941686,-0.2344345,0.006139764,-0.18414602,-0.08106221,-0.16414918,-0.009084501,-0.080827795,0.04171292,-0.21941009,0.0017692561,-0.053387307,-0.19888577,0.08753968,0.09645129,0.17941898
TCGA-AR-A250-01A,-0.045401435,-0.006225735,0.22672388,0.05187009,0.051889397,0.21159866,0.10259202,-0.08059734,0.08444718,0.0649996,0.025860894,0.042419303,0.08851655,0.13165952,0.2802885,-0.08185092,0.022322768,0.21821143,-0.049166154,0.047499422,0.08409764,-0.090185106,-0.12258474,0.28897256,-0.060451828,0.038402546,-0.267989,0.08092241,-0.06176224,-0.10233783,0.067705706,0.24381913,-0.20779023,-0.31833637,-0.102212116,-0.17528512,-0.14153771,0.032747936,-0.14105915,0.033785213,-0.06849761,0.07150812,0.12369647,-0.07714002,-0.13232163,-0.03548305,-0.117700115,0.09512091,0.13542123,0.32836777
TCGA-E2-A56Z-01A,0.08343998,0.049897827,0.13205786,0.08336733,-0.050013516,0.13946076,0.09793003,-0.04503952,0.116008505,-0.010598053,0.025219366,-0.10977132,-0.1034506,0.15577084,0.15683033,-0.125049,-0.00987685,0.21276282,-0.050992545,0.095503606,-0.04092261,0.055427205,-0.036200367,0.108685635,-0.049873624,0.0905385,-0.2529526,-0.09736944,0.019990347,-0.109434485,0.031088466,0.022628026,-0.29495147,-0.16935056,-0.23998645,-0.38661122,-0.13110523,-0.061949093,-0.17838667,-0.3158798,-0.22136243,-0.03336917,-0.013328752,-0.12717932,-0.15091495,-0.024628084,-0.15603903,0.14564413,0.13806537,0.16833065
TCGA-D8-A1XA-01A,-0.07455696,0.010016182,0.19009332,0.32648262,-0.2224661,0.1676963,0.053332347,-0.10108922,-0.08142312,-0.10807445,-0.04309946,-0.010865444,-0.14926165,0.1851897,-0.00039768062,-0.102044865,0.076400034,0.10962895,0.070905834,-0.10952289,0.023825092,-0.03010502,-0.08765329,0.26003325,-0.05966309,0.14523095,-0.41620356,0.06656263,0.0145300785,-0.18067995,0.05752285,0.11095116,-0.1884998,-0.20518339,-0.24518213,-0.20430267,-0.16162941,-0.14299347,-0.11053622,-0.0028866285,0.046825893,0.09135238,0.041535366,-0.032040857,-0.12519033,-0.10930072,-0.055855595,-0.048938353,0.16280465,-0.003987093
TCGA-A2-A0T4-01A,0.06950637,-0.013397302,0.19297798,0.20178227,-0.008094151,0.08971948,0.17937541,-0.016539957,0.020898834,0.1034819,-0.009782249,-0.03278463,-0.0012438857,0.08797912,0.21313608,0.003109242,0.21234764,0.24095838,-0.074164234,-0.23191936,0.019126205,0.0016407222,-0.17640491,0.15850686,0.05664926,0.022280458,-0.20750798,0.1408581,-0.115084805,0.009269788,0.04861586,-0.07075085,-0.13673078,-0.29695016,-0.12506078,-0.33217138,-0.16040716,-0.06640735,-0.2131824,0.047116976,-0.11684993,0.11749246,-0.00041208582,-0.1512153,-0.07718348,-0.09029967,-0.15837897,0.098574206,0.15769506,0.26429752
TCGA-B6-A0IK-01A,0.026724894,0.115507506,0.26175275,0.21435878,-0.030816393,0.24192604,-0.041373443,0.01400015,0.043189235,-0.11131637,-0.109310344,-0.01697616,-0.08478896,0.01244856,-0.021772312,-0.26111907,0.087807275,0.3422919,-0.03552969,-0.037015505,0.13957162,0.06968757,-0.20323549,0.22332363,0.13836202,0.15339963,-0.22541738,0.01280512,-0.01261318,-0.088568866,0.0020198263,0.036424473,-0.16254966,-0.15385078,-0.25266007,-0.31981283,-0.049413316,0.001723118,0.038872283,-0.12199064,-0.039010618,-0.08043493,0.1524573,0.08589374,-0.15678233,-0.007018285,0.036677297,0.05066719,0.14298652,0.19734181
TCGA-D8-A1XT-01A,0.053011708,-0.045980286,0.20064548,0.24523056,-0.07152929,0.32710573,0.04771889,-0.10730238,0.061092746,-0.02105037,0.078075185,-0.07019393,-0.06313073,0.11920092,0.16856487,0.04805281,0.05194835,0.22570382,-0.03096982,0.04604409,-0.13448796,0.03562956,-0.10722994,0.141601,0.10548027,0.082574114,-0.30381745,-0.18446195,0.003284184,-0.1284296,0.056485437,-0.054470755,-0.11323899,-0.12252964,-0.026233315,-0.34873393,-0.15843084,-0.05156334,-0.052290175,-0.045063008,0.19546208,0.075302675,0.2593563,-0.033751264,-0.0121989455,-0.13676108,-0.045752905,0.16894853,0.07370079,0.28324452
TCGA-BH-A1FL-01A,-0.024088398,0.028198073,0.22373855,0.0715376,0.053627998,0.033314783,-0.05036431,0.0069312924,0.009799215,-0.044846658,-0.19489524,0.051411446,-0.115110606,0.15490107,0.21233694,-0.007228841,0.2044208,0.19561425,-0.045008495,-0.09069878,0.0077287056,-0.0226216,0.009133493,0.33416656,0.017418804,0.20922871,-0.18849008,-0.083309144,-0.09448201,0.019284166,0.019960059,0.2076686,-0.16512147,-0.27425852,-0.13459402,-0.26847494,-0.2013637,-0.09075288,-0.054324523,-0.05730088,-0.017506426,-0.058269586,0.24536906,-0.16322008,-0.08679868,-0.11358535,-0.09819186,0.027094213,-0.016389143,0.31691638
TCGA-AR-A24K-01A,-0.035845324,0.090662986,0.09389851,0.21007389,0.025859803,0.25445205,0.1733009,0.05981471,0.2093205,-0.040782083,-0.041737437,0.088324726,0.0039203353,0.1371638,0.09561602,-0.0343374,-0.132573,0.25722614,0.009064608,0.056617618,0.0034977596,-0.036513567,0.012239879,0.07668463,-0.04830651,0.09322547,-0.28207815,-0.13369738,-0.024230435,0.0052422252,0.041360125,0.07223513,-0.24898039,-0.266108,-0.30149737,-0.13667904,-0.099148326,0.03681606,-0.04340144,-0.010910352,-0.10841921,-0.09240185,0.1702138,0.110212706,-0.096296415,-0.2238725,-0.07336745,0.099660136,0.26460254,0.2867499
TCGA-OK-A5Q2-01A,0.026956191,0.0048760204,0.13681804,-0.03427954,-0.16222297,0.16174813,0.036491364,-0.09804608,-0.06541308,0.1665897,0.12162699,-0.09779843,-0.03331624,0.2647904,0.23299983,-0.0071133724,0.14800718,0.27360776,-0.009816678,-0.12486776,-0.08728797,0.021879291,0.0117953755,0.23536877,0.015964283,0.07823509,-0.2913821,-0.120183155,-0.09972578,-0.1073642,0.12642531,-0.0016702368,-0.20986211,-0.3451221,-0.06855792,-0.30697402,-0.056074657,-0.07096318,0.06747955,0.0035357643,-0.027214007,-0.12382591,0.09716187,-0.014006529,-0.012606068,-0.18836047,-0.08316439,0.1376244,0.17487556,0.14862531
TCGA-B6-A0RS-01A,0.15939805,-0.07050204,0.096484125,0.31048316,-0.06762375,0.06266871,0.05956411,0.094077714,0.09602313,-0.013991984,0.053136643,-0.012029148,-0.06312566,0.32910514,0.12418903,-0.1524449,0.1319588,0.32115996,-0.06639708,-0.008107027,0.08176835,-0.06197896,-0.12376265,0.15348381,0.09431698,0.054951716,-0.12042644,-0.16564532,-0.021595458,-0.14914171,-0.0432972,-0.07013918,-0.10614885,-0.338499,-0.18201035,-0.19567141,-0.052327737,-0.11326054,-0.0518435,-0.04790763,-0.19539371,0.061418656,0.14376685,-0.082748264,-0.06421991,0.0035743064,-0.09279129,0.057581868,0.18505408,0.29032832
TCGA-GM-A3NW-01A,0.09813977,0.10792329,0.14956395,0.06256257,0.021481128,0.121690385,0.17819281,0.050852142,0.14570594,-0.08498464,-0.040016774,-0.015717352,-0.016170315,0.20586582,0.030868473,-0.09010948,0.0103365695,0.17112114,0.04266228,0.03410013,0.02702491,0.012042191,-0.0019852638,0.26734546,-0.082919456,0.17074405,-0.36916026,-0.07430369,-0.06775376,-0.38328436,0.11677413,0.16827509,-0.12746619,-0.22801986,-0.04004443,-0.2231671,-0.1370793,-0.051598974,-0.106037855,-0.112082206,-0.021551574,-0.047123943,0.19835173,-0.05126241,0.12924086,-0.054366026,-0.16096322,0.12060247,0.18273272,0.20430467
TCGA-E2-A1B0-01A,0.12500757,0.08351282,0.08655527,0.123470366,0.043054275,0.10835576,0.07321616,0.040557314,0.10496876,0.07055355,0.0947467,-0.079049334,-0.026135154,0.24470751,0.064726844,-0.0497883,0.09990657,0.243323,0.01952851,-0.0145311095,0.022559265,0.005351681,0.12487027,0.109941654,-0.05811173,0.19035603,-0.28738633,-0.053085417,0.0043336973,0.01633968,0.057586864,0.09548374,-0.17682968,-0.30840474,-0.156784,-0.394292,-0.16967669,-0.28529775,-0.06637454,-0.07433054,-0.035109717,0.1095341,0.08377396,-0.059559446,-0.023339586,-0.28574303,-0.0351024,0.15802167,0.16371347,0.11970272
TCGA-E9-A1RB-01A,-0.025088815,-0.03709437,0.17630364,0.168217,-0.1370196,0.21904045,0.0036928465,-0.15398486,0.0984626,-0.03223241,-0.048112642,0.0244382,-0.08514732,0.21404569,0.17598884,-0.06263832,0.012689111,0.27529427,0.011974656,0.05801829,-0.024927093,0.026283657,-0.06376945,0.13718212,-0.11604324,0.16134167,-0.4038559,-0.010863841,-0.081099294,-0.25436997,0.07479592,0.14125164,-0.10654252,-0.100379236,-0.22280194,-0.24001287,-0.09226881,-0.082629494,-0.105902575,0.06969703,0.055031985,0.09585571,0.2057665,-0.097626194,-0.10280843,-0.0649429,-0.117483966,0.013069966,0.10630287,0.28123865
TCGA-BH-A1F2-01A,-0.11253328,0.08059953,0.36168653,0.22718889,-0.028178243,0.18497314,0.13445243,-0.10627871,0.088504456,0.13730845,0.13249864,0.10832862,-0.0778111,0.11914326,0.12938528,-0.089862995,0.032587092,0.16009027,-0.030338455,0.061146915,-0.004058384,-0.025944956,-0.092529476,0.18226065,-0.105501525,0.119292274,-0.32412156,-0.105739705,-0.13217026,-0.06153564,-0.043525748,0.056186117,-0.114004664,-0.2579934,-0.17007051,-0.15130684,-0.19740526,-0.058079734,-0.113239996,-0.039667465,0.036833845,-0.069356136,0.12751359,-0.13945444,-0.15027927,-0.11636969,-0.20990029,0.13424152,0.08935765,0.2346929
TCGA-GM-A5PX-01A,0.015285602,-0.057726223,0.26111445,0.24793641,-0.15502271,0.14538845,0.15315221,-0.05457553,0.09014105,0.143979,-0.09447559,-0.019121917,-0.042502712,0.019982716,0.029768657,0.07784377,0.12935081,0.3952283,-0.13706039,-0.059555233,-0.0997002,0.011969354,0.09759511,0.20887806,0.09850732,0.29582974,-0.37281397,-0.01503688,-0.014308265,0.007917142,0.065809734,-0.012710406,-0.24403365,-0.07822315,-0.061200604,-0.23476735,-0.17061563,-0.100314476,-0.07498947,0.1248587,-0.001940965,-0.019245138,0.20061532,-0.033378236,-0.012377309,-0.033798024,-0.116221555,0.034504578,0.06175734,0.041414417
TCGA-EW-A6S9-01A,-0.03892526,0.025151992,0.29515654,0.00022251563,-0.06105201,0.14541903,0.094922245,0.052232493,-0.026814857,0.06973315,-0.09979279,0.04842761,-0.0050019966,0.2941379,0.07049818,-0.013111087,0.14793736,0.21925908,0.13391788,-0.15935391,0.15421711,-0.15735,0.008050599,0.2293416,0.057673644,0.20544086,-0.4307035,0.01953994,0.087610446,0.032421354,0.1016133,-0.057374045,-0.12785473,-0.3025665,-0.09101306,-0.18902129,-0.08241066,-0.1420477,-0.09899217,-0.124731734,-0.09503674,-0.03874527,0.17047082,-0.07573729,-0.1563669,-0.03489252,-0.013234221,0.03820216,0.12662151,0.058308408
TCGA-BH-A0W5-01A,0.038084265,0.0647964,0.15531205,0.26673073,-0.03844386,0.19824274,0.042932793,0.04185191,-0.01713769,-0.031353194,-0.08913531,-0.04525534,-0.15901262,0.17653361,0.18646632,0.09389045,-0.005393589,0.23206477,0.10759746,-0.16431698,0.17774193,-0.011256145,-0.029658042,0.15025528,0.014702595,-0.030430527,-0.2736645,-0.08097642,-0.16057514,-0.10716344,0.093382925,0.05244159,-0.13711672,-0.3791589,-0.24421431,-0.21379843,-0.20270438,-0.014460711,0.0010968981,-0.065798976,-0.10465225,-0.0053168675,0.08421469,-0.07361482,-0.06942053,-0.19860704,-0.09802373,0.008752437,0.13812707,0.23319337
TCGA-A2-A1FX-01A,0.12823159,-0.039307993,0.12158721,0.19141422,-0.0019038462,0.12937793,-0.087453775,-0.0030151252,-0.10696265,-0.059833143,-0.03342863,0.024183434,0.0114870835,0.25743994,0.23544994,0.05122463,0.03764387,0.3249108,-0.020028617,-0.1969133,0.0358187,0.12597375,-0.13252762,0.11335131,-0.027987689,0.13034046,-0.29636282,-0.06525916,-0.051174022,-0.21073018,-0.010125941,0.11575759,-0.17364456,-0.29676118,-0.1208509,-0.19334391,-0.055974517,-0.17826353,-0.08764402,-0.029725855,0.012521433,-0.24216734,0.10998192,-0.0899492,-0.06495467,-0.068646744,-0.18982227,0.02182066,0.17355326,0.18069696
TCGA-BH-A0DH-01A,0.0036876546,0.062418293,0.10844194,0.15004334,-0.10632091,0.13229756,0.042676747,-0.20306039,0.06555201,0.028361226,0.05830006,0.017068237,-0.11801852,0.10527797,-0.110143185,0.11013196,0.06941905,0.1542983,0.114470966,-0.105025604,0.029170629,0.093323454,-0.04779521,0.2972606,0.049200673,0.21182391,-0.25021136,-0.025907893,0.050598264,0.0067193457,0.05316172,0.046752628,-0.16301751,-0.317125,-0.10462043,-0.22933237,-0.2794664,0.022135936,-0.19129969,0.025434384,-0.014243455,-0.1791779,0.1348555,-0.17324488,-0.016290015,-0.24088447,-0.03077195,-0.022287633,0.23673198,0.24070506
TCGA-AR-A24H-01A,0.025083559,0.07029548,0.24187084,0.071481325,-0.11063559,0.2350816,0.12306128,-0.07078828,0.15003414,0.036353134,-0.12788036,-0.06098102,-0.005687339,0.28066626,0.04945602,-0.0541652,0.12604375,0.28283626,-0.04088203,0.071439326,-0.02377683,-0.08919911,0.02031931,0.09391651,-0.085050404,0.049979325,-0.06955378,-0.09937046,0.031100739,-0.16940922,0.15583181,0.10010053,-0.16108483,-0.27735654,-0.019927979,-0.44767192,0.1044252,-0.17499173,-0.16947754,-0.06434276,0.045768946,0.021834575,0.07681068,-0.06251625,-0.1256524,-0.08326216,-0.114936456,0.03197979,0.19437489,0.20262204
TCGA-A2-A4RW-01A,-0.097946994,-0.00027602207,0.14740506,0.09233117,-0.005953927,0.0580871,0.033779275,0.16880791,-0.035412584,0.032790527,-0.09589463,0.04464872,0.028942946,0.10776731,0.109050505,-0.2558477,0.18779148,0.42578506,0.046317935,0.02616056,-0.13231733,-0.006033368,-0.18773401,0.36945122,0.05423642,0.12086044,-0.23192291,-0.1755813,0.045207433,-0.047093824,-0.02920777,0.015695084,-0.1432253,-0.22529124,-0.324585,-0.14325514,-0.012988647,-0.041380767,-0.047939233,-0.024180146,-0.08322595,-0.03213704,0.112473294,-0.22114658,0.03483853,-0.15833732,-0.027795233,0.025893783,0.09079567,-0.013815291
TCGA-A1-A0SI-01A,0.09482522,-0.045619816,0.10392524,0.24556662,-0.0692255,0.22028837,0.13561286,-0.009247081,-0.0864011,0.038962647,0.024366371,-0.07918021,0.0050573405,0.03672517,0.10332464,-0.116679974,0.04487426,0.17604591,-0.026637571,-0.16593981,0.12475714,0.07721424,-0.18328832,0.14756791,0.021113623,0.058225498,-0.38642043,-0.110143855,-0.016841663,-0.13321058,0.08738709,-0.06567395,-0.12479921,-0.2397407,-0.09584259,-0.24830288,-0.059598476,-0.059970856,-0.06819451,-0.085751876,-0.14252108,0.07063604,0.10384777,-0.10211208,-0.0881319,-0.3159003,-0.0018198568,0.09165245,0.18728773,0.3324234
TCGA-AO-A0JE-01A,-0.1589731,0.04216913,0.15203615,0.07018184,-0.06883985,0.40074348,-0.046912022,-0.059077512,-0.08081834,-0.037557624,0.02856452,-0.060969803,-0.18041189,0.18022583,0.19496314,-0.18753144,0.2602115,0.29122508,-0.01897228,-0.047305282,-0.048592515,-0.095323786,0.016053237,0.15554646,0.04016159,0.12308709,-0.18141115,0.09824483,-0.1893904,-0.1654256,0.124070264,-0.028859667,-0.23838188,-0.17741168,-0.11785008,-0.23636319,-0.037294704,-0.12012268,-0.17226909,0.043386824,-0.0050444216,0.045973487,0.083106816,-0.0007997513,-0.06599696,-0.18352471,-0.030632062,0.03386751,0.024958763,0.1953605
TCGA-AO-A0JJ-01A,0.020939743,-0.002457277,0.32271093,0.12543567,-0.06651556,0.2425413,0.04219674,-0.030247023,0.005047455,0.05966743,-0.07870651,-0.04554372,-0.011325435,0.134129,0.0702202,-0.08788302,0.12726915,0.043050572,0.06609617,-0.015875524,0.11443574,0.008049931,0.1258462,0.11523941,0.0014473156,0.24791357,-0.3262401,-0.05532577,-0.02100539,-0.071106076,0.13485391,-0.06041005,-0.21909122,-0.19428562,-0.09833351,-0.30469424,-0.13321176,-0.09504457,-0.10904498,0.02307836,-0.08873592,-0.11305032,0.12665743,-0.09902181,0.059957437,-0.036213823,-0.34868577,0.20785403,0.14504486,0.20779192
TCGA-AR-A1AJ-01A,0.14366844,-0.017005641,0.2503605,0.26759264,-0.07198028,0.14978828,0.12531605,-0.063836,0.048678555,0.13771814,-0.013069583,-0.032928836,0.09443321,0.13063036,0.07871241,0.10998499,0.15537183,0.25544,0.08224212,0.025599787,0.0042532617,-0.08827579,-0.010296597,0.16768819,-0.15309252,0.09710533,-0.2507397,-0.09025301,-0.18494551,-0.16171959,0.09450267,-0.066628836,-0.19873434,-0.18213573,-0.188432,-0.21384737,-0.07262068,-0.047976002,0.043583874,-0.08039121,-0.13163702,0.08529591,0.047465913,-0.06664664,-0.058649268,-0.12292409,-0.0482557,0.12280198,0.24353702,0.35164502
TCGA-A1-A0SJ-01A,0.15195249,-0.013520004,0.18363102,0.22883691,-0.042874623,0.22328763,0.014792386,0.002843073,0.047571275,-0.008368286,-0.07073808,-0.13339214,-0.11937832,0.027811043,0.045883626,-0.13248591,0.044778664,0.2782819,-0.09727381,0.031511966,-0.078594916,-0.086968094,-0.03388688,0.17772113,0.03192869,0.14584984,-0.28798756,-0.011639864,0.05756466,-0.07802345,0.091102086,-0.04663838,-0.16717502,-0.3367633,-0.2716252,-0.2522664,-0.093350634,0.0037638447,-0.07961578,-0.076287016,0.0076040863,0.0803856,0.07877546,-0.12879117,-0.17259508,-0.19341034,-0.16429715,0.108704306,0.054461952,0.28167868
TCGA-HN-A2OB-01A,0.041470163,0.03220164,0.2741691,0.13850911,-0.1928302,0.1194678,0.021322478,-0.056440026,0.10965031,0.0006298399,-0.032302406,-0.11847716,-0.08878253,0.1068094,0.16478133,-0.021054778,0.044460326,0.19934955,-0.031797215,-0.006580627,-0.15043606,-0.076502725,0.06625111,0.30473322,0.05211811,0.024639497,-0.3270756,-0.22713478,-0.18329182,-0.027598374,-0.06613984,0.08649964,-0.20066492,-0.24520451,-0.143678,-0.2825773,-0.07315946,0.03434303,-0.17161348,-0.15305732,0.1303255,-0.07291806,0.0042389235,-0.19632246,-0.012928068,-0.15006119,0.0025039695,0.12011257,0.10014685,0.1699567
TCGA-AC-A2FO-01A,0.05937269,-0.09072037,0.28380215,0.15501732,-0.007351972,0.14269334,0.021106644,0.0321085,-0.019070309,0.0751713,-0.012734051,-0.25250983,-0.17532495,0.09724707,0.17810369,0.060730476,0.10181502,0.18036544,0.06165393,-0.08336565,-0.05809879,-0.05556026,-0.13748847,0.16828418,0.031780113,0.24391657,-0.11902476,2.405877e-05,-0.15028559,-0.13856131,0.09610039,-0.0331415,-0.10901504,-0.27414215,-0.22690143,-0.34439042,-0.056354422,-0.08978329,-0.0789074,-0.19408734,-0.13391933,0.024417328,0.1657565,0.06437746,-0.055453286,-0.15189444,0.008213318,0.1922325,0.23720129,-0.016381921
TCGA-AR-A1AR-01A,-0.091815114,-0.03916458,0.15924896,0.090650074,0.021281544,0.24979098,0.0865311,0.0017602015,0.08594411,-0.014068531,-0.048682157,-0.1052233,-0.07553773,0.2020794,0.16880901,-0.02434121,0.040403526,0.12961303,-0.039573684,-0.06285507,0.091632776,0.02060674,0.08361787,0.13711236,-0.030536948,0.021606315,-0.3552269,-0.053211898,-0.2764396,-0.05925094,0.011497149,0.10646645,-0.23759055,-0.28607616,-0.09679647,-0.43435094,-0.18624115,0.07334773,0.0035527307,-0.0077881655,0.01728806,0.13510056,-0.055790573,-0.011582538,-0.044162106,-0.051019225,-0.111586094,0.19295809,0.118269324,0.20641051
TCGA-EW-A1IX-01A,0.040045038,0.02524191,0.2768315,0.23397525,-0.06506546,0.020297846,-0.036033046,0.11331472,-0.038584355,0.063018784,-0.07355144,0.02152566,0.034087166,0.20614216,0.038979266,0.023905974,0.15881637,0.3283527,0.019470137,-0.083411105,-0.015724521,-0.092938185,0.09071653,0.20646365,0.07498998,0.17786062,-0.31798348,0.007759952,0.08569393,0.040624656,0.08150811,0.053004406,-0.005516577,-0.07915443,-0.1358144,-0.36079544,-0.15334521,-0.11143753,-0.1257704,-0.056992084,0.08699132,-0.039108783,0.07945588,-0.076466925,-0.030518506,-0.1658367,-0.2221317,-0.0472919,0.2648604,0.22844009
TCGA-A2-A4S1-01A,0.17521366,0.0990054,0.074291654,0.2166988,-0.10717664,0.23832719,-0.03396019,0.12180748,0.15225932,0.056194965,-0.14996055,0.10983619,-0.05402477,0.079841174,0.18072163,-0.047123704,0.02806356,0.15464236,0.031515546,-0.076681174,-0.050518297,-0.049128227,0.12415483,-0.022663048,0.013473251,0.15918003,-0.13271339,-0.10023717,0.013457323,-0.21210156,0.015515694,0.021911666,-0.21662128,-0.29053196,-0.060330577,-0.4474777,-0.07546625,-0.06311171,-0.03056025,-0.097253226,-0.113079295,0.024670692,0.078904554,-0.19756843,-0.10967647,-0.12606606,-0.1276621,-0.106008224,0.24562913,0.19082177
TCGA-PL-A8LV-01A,-0.05186129,0.052704502,0.25472894,0.11986723,0.0057237227,0.19891077,0.016693337,-0.07056814,-0.011759038,0.08542056,-0.051964443,0.07647414,-0.1176761,0.17040236,0.20667836,-0.15306273,-0.042607024,0.055292185,-0.01831307,0.014476134,0.06646966,-0.0103182085,-0.09662059,0.1518199,-0.024829643,0.12429249,-0.14340448,-0.044800304,-0.1060942,-0.17542636,0.109240144,-0.08571279,-0.27339035,-0.4659735,-0.25589502,-0.17521077,-0.18248662,-0.012413644,-0.078126356,-0.05197558,-0.009199284,-0.011270206,0.27361017,-0.079522826,-0.12336376,-0.1064134,0.05898124,-0.07331262,0.072691396,0.22525652
TCGA-OL-A5D7-01A,0.09833337,0.08025045,0.27130723,0.114454314,-0.20694184,0.33919162,0.17506479,-0.0596128,0.0921682,-0.03801221,-0.017892335,-0.051465668,-0.10157863,0.17259893,0.14489834,-0.07887344,-0.084627815,0.31807774,-0.03932388,-0.12850699,0.12264691,-0.005445806,-0.10307458,0.11316407,0.25226733,0.045000985,-0.21888697,-0.07825157,-0.08258311,-0.03120338,0.033404935,0.106502,-0.091971,-0.15313672,-0.14940286,-0.31209028,-0.0962558,-0.14138146,-0.083892316,0.008477435,0.054517955,0.112592354,0.070659995,-0.023650182,-0.070304185,-0.2290371,-0.04475614,-0.053081084,0.15639147,0.15539314
TCGA-A7-A6VW-01A,0.121406905,0.056894377,0.11061008,0.19714603,-0.13457127,0.30021968,0.07015466,-0.10464589,-0.096343495,0.024821239,0.08516474,-0.1405002,0.034143787,0.11053403,0.10491147,-0.024203733,0.1029427,0.43115535,0.041667204,-0.037917003,-0.03503156,0.06617496,-0.09228058,0.17776427,0.0313287,-0.04440619,-0.29461837,-0.057406098,-0.05454664,-0.10560726,-0.007740887,-0.08924593,-0.17077605,-0.18707693,-0.04470042,-0.24223606,-0.21709251,-0.10332921,-0.19572808,-0.1314996,-0.050048497,0.09662296,0.09139235,-0.14479847,-0.021532912,-0.20882854,-0.15780227,0.025760956,0.16741326,0.08531973
TCGA-E9-A248-01A,-0.040608767,0.104192644,0.16736002,0.2656859,0.07833695,0.1736402,-0.008449007,0.045666195,-0.053479496,-0.09250383,0.043022174,-0.049224034,-0.04555813,0.18630482,0.10716825,0.009383512,0.17617616,0.083715014,0.019284612,-0.074258715,-0.020284172,0.032089468,0.17473046,0.21105398,0.044093926,-0.08257567,-0.23817842,-0.085704684,-0.038981784,-0.08061526,0.077173546,0.036760498,-0.050403733,-0.36311874,-0.08818902,-0.35772884,-0.095900275,-0.08354025,-0.16879627,-0.007268835,-0.06574088,0.04316318,-0.045920566,-0.060528178,-0.34238672,-0.0827279,-0.17123145,0.078825876,0.26980087,0.13627951
TCGA-AN-A0XS-01A,0.09855702,0.11341404,0.24421088,0.23477292,-0.1796413,0.21849218,0.04886171,0.037673738,0.031276282,0.09106616,-0.03048118,-0.06727743,-0.12169309,0.111038275,0.10908345,-0.1540403,0.042084184,0.24003929,-0.011246276,0.010460493,0.09427421,0.047644153,0.006619711,0.2821505,0.025327506,0.09955607,-0.1313685,-0.20390818,0.13460566,-0.28013176,0.056891214,0.0050131623,-0.092995934,-0.15616144,-0.090731345,-0.302439,-0.07326329,0.0086889705,-0.029943865,-0.07315569,-0.12583248,0.010133185,0.060020115,0.0986884,-0.2659579,-0.13500303,-0.12551282,0.24712469,0.029213924,0.20330915
TCGA-EW-A1J5-01A,0.09837541,0.009337925,0.302449,0.098258674,-0.027277535,0.18671243,0.08755102,0.018982936,0.04256911,0.08313539,-0.043769892,0.06301469,-0.08668541,0.036231786,0.13997379,0.10844595,0.2865518,0.18156001,-0.09171555,-0.14413229,-0.0058876947,0.019219993,0.032600813,0.1754455,-0.057970617,-0.009323706,-0.22445573,-0.018379223,-0.026226401,-0.15494601,0.097998604,0.14176024,-0.11339155,-0.38989466,-0.14635684,-0.23542039,0.013968398,-0.05271604,-0.18104051,-0.17336147,0.07323305,-0.19533204,0.1960985,-0.099706374,0.063755944,-0.18114871,0.0791718,0.06123966,0.1004017,0.22180413
TCGA-A1-A0SN-01A,-0.04972488,0.078012116,0.33203295,0.25274882,0.016821565,0.13334216,0.003276905,0.020651137,0.109174274,0.13428438,-0.0006005942,-0.10096218,-0.08566915,0.13552901,0.1514453,-0.2189608,0.09469678,0.20422128,0.044468164,-0.09556549,-0.031814054,0.069597006,0.17196192,0.20950086,-0.1071569,0.2990401,-0.19505933,0.023248626,-0.07871803,-0.11674698,-0.004398525,0.056879617,-0.11539263,-0.23188855,-0.083446756,-0.184853,-0.1346653,-0.02122094,-0.143091,0.06269971,-0.08480303,-0.0320466,0.1606472,-0.16717169,-0.24242719,-0.09061792,0.07654075,0.15322854,0.10370153,0.19530293
TCGA-EW-A2FW-01A,0.060565118,-0.07225323,0.2652459,0.16279326,-0.24544054,0.0154377185,-0.13289768,0.04197062,0.018443732,-0.031891353,-0.10312764,0.07087565,-0.005902678,0.24413997,0.12172446,-0.07600244,0.1853562,0.02560933,-0.08435921,-0.1049043,-0.11147661,-0.039827257,-0.044805497,0.05249982,-0.12928596,0.14717153,-0.34505597,0.040816918,-0.0010159648,-0.0043411246,0.14278431,0.14158753,-0.01586327,-0.29181638,-0.13298893,-0.25300008,-0.0025883582,-0.10444923,-0.18750435,-0.14422633,-0.0147161875,-0.028797511,0.24822028,-0.049409278,-0.066178925,-0.2822922,0.0004768332,0.07567897,0.1500455,0.18505323
TCGA-E9-A22E-01A,0.00795974,0.025325987,0.240282,0.25360632,0.014873323,0.21140741,0.20470256,-0.07821673,0.11831706,-0.03392151,-0.13162318,-0.010206869,-0.047324587,0.22987734,0.17783467,-0.14915803,0.15456536,0.03166727,-0.11767872,0.0042627705,0.1703674,0.05549484,0.029339066,0.2288292,0.081642926,0.26987585,-0.18658121,-0.103334956,-0.041358374,-0.2048358,0.0099456655,-0.03601622,-0.0015593017,-0.3635118,-0.075524196,-0.28481245,0.17648983,-0.062025677,-0.06711982,-0.059756424,-0.043573562,0.06330706,0.11798836,-0.03601032,-0.048680693,-0.030244784,-0.030097863,0.035461128,0.1357615,0.20393936
TCGA-AO-A128-01A,0.010644317,0.11041642,0.20883241,0.20256238,-0.033986934,0.2851981,0.07311768,0.012675715,0.025172506,0.08886091,-0.05280893,0.025413558,0.10311223,0.10933897,0.13421346,-0.029936133,-0.059288006,0.1575953,0.0565275,-0.09872645,-0.16670819,0.055233505,0.11445322,0.13683873,-0.039223377,0.06332175,-0.1795545,-0.018953238,0.01338338,-0.12493305,0.25120008,0.16654353,-0.06871729,-0.4051674,-0.30842006,-0.22426434,-0.17349869,-0.06586527,0.04483761,0.057592914,-0.0038459096,0.043916743,0.06983632,-0.15133227,-0.18796037,-0.108932436,-0.15816303,0.07763285,0.1829502,0.131758
TCGA-D8-A1JD-01A,0.11602069,0.08558094,0.2942175,0.28492978,-0.037483435,0.26619416,-0.084645405,-0.08764236,0.05108111,0.00089778774,-0.017179176,-0.17231695,-0.07931817,0.17226774,0.05108462,-0.10941431,0.025515517,0.09608322,0.046416517,0.16071266,-0.108345665,-0.06125111,-0.114732124,0.05277204,0.04380194,0.14974658,-0.3235582,-0.12542064,-0.011814342,-0.116130695,0.13540958,0.036635052,-0.11434323,-0.13202865,-0.048278585,-0.24178049,-0.2012053,-0.096337035,-0.17830186,0.09393228,0.007427086,-0.02991153,0.118784495,-0.043209173,-0.18123461,-0.16215417,0.0047800615,0.1053206,0.17818661,0.30533785
TCGA-OL-A5D8-01A,-0.038825877,0.11719253,0.16393602,0.22031492,-0.06590798,0.17918928,0.026853,-0.060700797,-0.011041812,0.029209679,0.007245525,0.10727028,0.010556698,0.23453848,0.08269951,-0.08545344,-0.09228494,0.2858835,0.026096186,-0.15432367,0.032765843,-0.066156685,0.14216265,0.25541377,0.10570887,-0.022749603,-0.29420692,-0.0075413804,-0.06466135,-0.17629555,0.2062288,0.0063589867,-0.24459252,-0.17752744,-0.0424011,-0.287558,-0.09429124,-0.2530497,0.0032158277,-0.117860585,-0.10150158,-0.019391611,0.044580996,-0.12623712,0.015106774,-0.1469648,-0.05256701,0.029901067,0.29330558,0.04629337
TCGA-D8-A27P-01A,0.124186136,0.023960084,0.074942194,0.15227626,-0.0359391,0.082790725,0.025536478,0.004826427,-0.007453128,0.07972218,0.09827245,-0.07590636,-0.25819853,0.12888564,0.24045524,-0.08761937,0.13578378,0.25930205,-0.045034073,-0.025741283,-0.1394821,-0.046466667,-0.015065677,0.22842243,0.116589606,0.16729505,-0.31233925,-0.02057629,-0.04490917,-0.1724733,0.13253035,-0.033184603,0.039773673,-0.10574533,-0.08789412,-0.35689387,-0.16961908,-0.101567954,-0.092365965,-0.13783719,0.15862297,-0.17911354,0.0685821,-0.0333258,-0.0156285,-0.15356976,-0.11095453,0.17704976,0.1356584,0.24489845
TCGA-EW-A1P7-01A,-0.07336573,-0.2115638,0.22198717,0.35950714,-0.082307324,0.12301892,0.10574159,-0.034763537,-0.07862084,-0.070968516,-0.0023681235,-0.05817734,-0.10883179,0.19477342,0.10881382,-0.16671695,0.08815846,0.21277177,0.027520424,-0.1701985,0.004678014,0.053860795,0.08470637,0.09888733,0.1654463,0.069312155,-0.16287415,-0.01800757,-0.10703806,-0.23852402,0.04500802,0.090511546,-0.26774606,-0.3236544,-0.038266864,-0.2127691,-0.18120357,-0.062990814,-0.113555804,0.082080066,-0.05516295,0.040696427,0.15965714,-0.096629895,0.053477354,0.0012883143,0.06693402,0.06446576,0.19946231,0.1494995
TCGA-E9-A1RI-01A,0.23401362,-0.0112210605,0.2535593,0.12971589,0.0007425865,0.2823732,0.030351948,-0.09725124,-0.020567425,0.098907255,-0.039829742,0.030603014,0.007482314,0.19543889,0.18177475,0.118878804,-0.09057207,0.21818465,-0.02894469,0.01486947,0.08440936,0.018900517,0.038920134,0.23905043,0.13631266,-0.03674164,-0.11222057,-0.17046884,-0.10681215,0.026416244,0.032535307,0.06346704,-0.09740768,-0.33481488,-0.15885416,-0.28761292,-0.09208821,-0.10400009,-0.06881267,-0.18150905,0.06638312,0.083102465,0.08599172,-0.23330344,-0.0029770073,-0.10361769,-0.15755624,0.20202813,0.11473597,0.15725276
TCGA-E9-A6HE-01A,-0.12183289,-0.061641186,0.16830702,0.10446715,0.12254031,0.00656234,0.107819,0.050115388,-0.005193651,0.017881775,-0.026068885,-0.034058277,-0.060197506,0.036139764,0.28996086,-0.083286315,0.14332633,0.26531103,0.018292617,0.08704598,0.030577235,0.0002810897,-0.050639264,0.17905527,-0.051806375,0.18225822,-0.1279302,-0.0542898,-0.05237478,-0.091518946,0.25839445,0.009685523,-0.16226201,-0.23691347,-0.061669003,-0.42094174,0.0118493615,-0.11117904,-0.12152629,-0.14110473,-0.008928923,-0.061993178,0.12723337,0.02932887,0.03246554,-0.2349367,-0.19443798,0.024778169,0.19765997,0.28609142
TCGA-A2-A3KD-01A,-0.031898312,-0.06304548,0.22202174,0.22988984,-0.13042715,0.1617606,-0.067950234,-0.052139793,-0.0789352,0.028764067,0.04159919,-0.008204238,0.03875685,0.09155252,0.21126282,-0.013189029,0.13853194,0.11860637,0.048552807,-0.100716695,-0.01876395,0.10622467,0.02167642,0.13104513,0.114754945,0.19097692,-0.24871394,0.055430286,0.13654555,-0.06446832,-0.0405712,0.16740692,-0.17477384,-0.3154319,-0.20072086,-0.33922657,0.033961132,-0.05989346,-0.069763795,-0.17224462,-0.0074300696,-0.025985345,0.2019795,-0.17460217,-0.17505357,-0.16238259,-0.07226962,0.118431285,0.061892122,0.24482076
TCGA-D8-A1J8-01A,0.09946128,0.045571353,0.28029057,0.3590597,-0.15276556,0.1504461,0.09133423,0.012564043,0.0047733905,-0.11424551,-0.0810375,-0.0162558,0.11310627,0.14753707,0.22307642,-0.019024866,0.0474688,0.26870686,-0.0091750845,-0.12567246,-0.024847183,-0.018346256,0.031134533,0.09848976,0.061812535,0.104549475,-0.4190563,-0.08022242,-0.12547289,-0.043239385,0.10604244,0.08556582,-0.07360514,-0.32888377,-0.080366485,-0.16724733,-0.07192177,0.05225516,-0.0017753222,-0.13322093,0.066582866,0.011115306,0.064384624,-0.112656705,-0.09673049,-0.066475555,-0.028147982,0.13008997,0.1413255,0.2000586
TCGA-D8-A1XO-01A,0.095816046,-0.1363998,0.15102331,0.11798852,-0.07540737,0.16351339,0.085935585,0.00850309,0.11302541,0.080827296,0.05426246,-0.007860192,-0.09313603,0.22052781,0.17198056,-0.15337792,-0.016557014,0.28300464,-0.12137988,-0.06963193,-0.085876055,-0.057686422,-0.08304259,0.25850263,-0.12612759,0.17551692,-0.32232675,-0.1974403,-0.029755907,-0.095115565,0.074941866,0.031424735,-0.22231117,-0.15279742,-0.17469494,-0.3250271,-0.072361045,-0.0545647,0.06432845,0.026674654,-0.010350801,-0.0146170175,0.18576461,-0.10514526,-0.102679946,-0.07526939,-0.070602834,-0.09374523,0.2642659,0.06847262
TCGA-LL-A8F5-01A,0.0106831845,0.12757859,0.20805708,0.20880309,-0.15462,0.1755879,0.17379306,-0.04736524,0.052055392,0.039687682,-0.03205336,-0.10917205,-0.08118959,0.16340862,0.20054781,-0.24755797,0.08002088,0.3182988,-0.009379964,0.029956995,0.15275995,0.004486941,0.06368854,0.19865254,-0.13009834,0.16087288,-0.18793671,-0.0925857,-0.043334186,-0.067094445,0.041552145,0.04859895,-0.19438745,-0.19347857,-0.15177256,-0.3011377,-0.05382742,-0.14447346,-0.12992334,-0.13081264,-0.2660713,-0.07226564,0.09003382,-0.11055638,-0.08625268,-0.049435858,-0.0682761,-0.0044349832,0.06753063,0.15030916
TCGA-D8-A1XK-01A,0.052000485,-0.13382062,0.24333626,0.2323818,-0.040148344,0.2707542,0.054676156,0.15533619,0.15734787,0.051245987,-0.018172722,-0.15054548,0.0106262285,0.18024904,-0.059296094,-0.1017742,0.11583251,0.13487649,-0.07433596,-0.037048336,0.021478899,-0.047402065,-0.01555167,0.28060815,0.08549121,0.068534456,-0.16618928,-0.094909504,0.06396634,-0.18152589,0.084199205,-0.13764493,-0.05515072,-0.2714944,-0.07989968,-0.36151928,-0.16577634,-0.039332133,-0.15299079,-0.10036811,-0.12750441,0.1309083,0.05377038,-0.123913474,-0.09023684,-0.101592615,-0.13220356,-0.1182769,0.20780687,0.11948234
TCGA-D8-A27F-01A,-0.04831397,-0.18818846,0.16340686,0.16872372,-0.095441625,0.06726947,0.11692065,0.10841832,0.12803634,-0.04660363,0.0009309755,-0.107807085,-0.2112456,0.11774192,0.25124216,-0.037339497,0.061656766,0.21007395,0.17447288,-0.056654267,-0.008200147,0.04447062,0.006808071,0.19575359,0.07398652,0.11476421,-0.2962797,-0.15797226,-0.12028297,-0.071085475,0.023410015,0.10226334,-0.12917614,-0.35553318,-0.08375458,-0.23183437,-0.11625886,0.04584721,-0.25606862,-0.061908536,-0.11534606,0.065695345,0.0022818495,-0.14706762,-0.111825116,-0.21256758,-0.03199231,0.013751502,0.18175134,0.104218625
TCGA-AR-A24Z-01A,-0.008560893,-0.04158387,0.22084528,0.18687648,-0.054437645,0.18137108,-0.051687155,-0.030592214,-0.015369162,-0.046986192,0.019257959,-0.10744859,0.09586987,0.22067678,0.0872157,-0.032376114,-0.030191828,0.26461458,0.06997906,0.13259232,0.17832181,-0.06665591,-0.09836436,0.12006328,0.0018616368,0.19372457,-0.115969755,-0.13270892,-0.09749086,-0.29713458,0.03156163,-1.4398585e-05,-0.17938055,-0.15343864,-0.37400097,-0.14456692,0.03387156,-0.030972851,-0.07779364,-0.11599903,-0.027892532,0.057574023,0.26298356,-0.13495608,0.015440143,-0.24731486,-0.049786408,-0.030309947,0.22395283,0.16874033
TCGA-A2-A0EN-01A,0.10466963,0.013495335,0.16780391,0.22372413,-0.02185047,0.2557598,-0.05272057,0.03863863,-0.019466452,-0.008126099,-0.15395536,-0.041580055,-0.048525225,0.053556416,0.16190653,-0.010043411,0.0028278742,0.20825487,-0.0074354443,-0.041354407,0.1636087,0.051110417,0.022164645,0.14800216,0.1895061,0.2526191,-0.29058275,-0.17079672,-0.22248901,-0.011891893,0.13947693,0.011079153,0.00068188115,-0.33746368,-0.19611984,-0.17233348,-0.25905734,-0.09941643,-0.06306545,0.004080594,0.0842446,-0.03324918,0.09163685,-0.18767896,-0.07973017,-0.09397106,-0.03096856,0.16370523,-0.016232278,0.21338277
TCGA-HN-A2NL-01A,-0.05500302,-0.07550887,0.22134961,0.1552728,-0.05754748,0.24922787,-0.10931047,-0.051995132,-0.025172,-0.011542063,0.016316785,-0.054579668,-0.2117098,0.18128155,0.12978326,-0.104829095,0.061383672,0.15476353,-0.0028273226,-0.1817053,0.13602206,0.012426596,0.05159579,0.04594399,-0.115837134,0.13045666,-0.21690917,-0.19564669,-0.051316444,-0.12352645,0.18475962,0.14531443,-0.09595143,-0.36142358,0.03192554,-0.15435658,-0.17981452,-0.016462583,-0.08673363,0.01993729,-0.027010644,-0.013255621,0.13594098,-0.14119141,0.0031500326,-0.1925244,0.014250466,0.08126567,0.22799645,0.33924732
TCGA-EW-A6SB-01A,0.07487275,0.010564728,0.13214721,0.097528234,0.0556749,0.15783928,0.18381242,-0.08273963,0.09923275,0.059722766,-0.108500235,-0.2247309,-0.09611189,0.17496406,0.24964648,-0.1452166,0.14384542,0.21586719,0.063305765,-0.1150052,0.1276593,0.00449647,0.002727663,0.2880072,0.012643693,0.07426092,-0.13969548,-0.1908737,0.03789905,-0.13608441,0.12940341,0.09864001,-0.11735964,-0.27461857,-0.12594077,-0.18916234,-0.16822323,-0.21332075,0.02901554,-0.06214693,-0.11135166,0.05687728,0.14699677,-0.1935336,-0.16357313,-0.09817545,-0.05976042,-0.05937542,0.20722695,0.165495
TCGA-EW-A6SD-01A,0.079927735,0.09880646,0.22994217,0.24779038,-0.08760719,0.24015345,-0.00062807783,-0.05041727,0.054609463,0.03911195,0.028201073,0.032385297,-0.1559816,0.1571779,0.033672348,-0.13917242,0.14199197,0.18789403,-0.015061955,-0.06770908,-0.112357676,-0.04696559,0.02421459,0.17944972,-0.121164024,0.120368674,-0.26604995,-0.18099762,-0.13815503,-0.14152366,-0.03740047,0.10328829,-0.18164116,-0.22750305,-0.016275058,-0.2995073,8.1992905e-05,-0.08121348,-0.168202,0.11361545,-0.016577289,0.16759002,0.27999824,-0.03241865,-0.052337363,0.013570677,-0.094219215,0.0069899503,0.195629,0.23141193
TCGA-EW-A1OY-01A,-0.017994406,0.04165947,0.044479974,0.20569235,-0.060904957,0.21304421,0.0012192378,0.051963728,0.017999973,0.21278952,-0.12632118,-0.08708848,-0.11022915,0.2122383,0.011666016,-0.076654606,0.13697453,0.22085124,-0.17811024,-0.110441245,-0.030677209,-0.06752686,-0.23879166,0.22254685,0.053056315,0.06612171,-0.27772102,-0.18286757,0.0013169637,-0.16750076,0.15309347,0.091864854,-0.11461101,-0.25786138,0.03350895,-0.27110472,-0.080667645,-0.11860069,-0.07593295,0.11420659,0.013559838,0.23139027,0.024831811,-0.18235537,0.08685153,-0.09090989,-0.09402559,-0.002257434,0.13296454,0.21152492
TCGA-D8-A27M-01A,0.1690929,0.17545293,0.26436946,0.23968272,-0.039538078,0.16430877,0.121319726,0.114279285,0.029134052,-0.021515453,-0.15072666,-0.0688429,-0.16259214,0.09978104,0.09453818,-0.17574768,0.09610388,0.07009886,-0.046453804,-0.05622187,0.118983634,0.0932707,0.05117759,0.1449479,0.077409096,0.22285521,-0.3634148,-0.17151205,-0.017862728,-0.116257854,0.12434534,0.09998972,-0.20159666,-0.1993449,-0.16141246,-0.23902035,-0.20755494,-0.091801025,-0.095745094,0.022331629,0.044368383,0.05982554,0.16658734,-0.14171171,-0.020294726,-0.08153414,-0.051196817,0.058780983,0.014654591,0.19518818
TCGA-D8-A1JC-01A,0.05441222,0.06264913,0.2084145,0.14569458,-0.02897348,0.13242891,0.052194506,-0.013381163,-0.064395,0.029185174,-0.017598404,0.03877851,0.0070836744,0.037564337,0.1952567,0.12170721,0.091685355,0.0719919,0.032125182,-0.038034607,-0.075879,0.22455065,-0.1575533,0.29016075,-0.035192095,0.17745927,-0.28897703,-0.05961569,-0.035667714,-0.11704157,0.09540313,0.11671992,-0.08663191,-0.23886651,-0.044326685,-0.23570086,-0.18779507,-0.19190045,-0.16215378,-0.053406473,-0.122167565,-0.016649734,0.02959472,-0.21912591,-0.1970693,-0.09679634,-0.11943945,0.14153226,0.3105623,0.20208828
TCGA-BH-A0H0-01A,-0.013843654,0.16361916,0.1913909,0.2554203,-0.09674384,0.37556797,-0.034160834,-0.051625736,0.03918453,-0.0038377,-0.09024847,0.09119548,-0.16741318,0.0948527,0.17489834,-0.056592174,-0.07122101,0.2726523,-0.07078901,-0.090346314,-0.060162403,0.023184055,-0.06018489,0.16469815,0.026511636,0.13212271,-0.2036216,0.009061478,-0.25797728,-0.032171834,0.11458386,-0.0043261014,-0.16106516,-0.030096564,-0.08630004,-0.19307888,-0.17757753,-0.1822467,-0.09490082,-0.054588187,-0.040994067,0.2045321,0.06244961,-0.04959879,-0.04878528,-0.20391302,-0.23312098,0.19274661,0.038222272,0.15832636
TCGA-A2-A25C-01A,0.062459994,-0.069714755,0.26501456,0.122009695,-0.088608414,0.13035448,0.06037661,-0.057559334,0.028649304,-0.030168427,-0.11563927,0.053756613,-0.0428616,0.056554377,0.24427287,-0.13360414,0.05810903,0.32137305,-0.12532426,0.009092604,-0.13678636,-0.07782443,0.016877582,0.13376181,0.07808511,0.15136404,-0.18505786,-0.0061229174,-0.12108672,-0.011301966,0.081707776,0.22536348,-0.060684912,-0.26556695,-0.13750431,-0.24483266,-0.20095812,-0.26834357,-0.13173518,-0.18431798,-0.09978259,0.039452553,0.23363732,-0.10265161,0.0028002076,-0.13723387,-0.086427696,0.06499922,0.1188967,0.18639915
TCGA-AR-A0TX-01A,0.023349065,-0.089527465,0.19351538,0.2371911,-0.1196182,0.15923388,-0.04767023,-0.056409743,0.026927782,0.06671447,0.04205206,0.03211716,-0.06456146,0.12977728,0.105164185,-0.049723912,0.076489896,0.3525361,-0.051996734,0.0072381673,-0.04590719,0.055141445,-0.029627975,0.2143546,0.0046898997,-0.09781741,-0.41283756,0.079550564,-0.06742975,-0.022559052,0.13628155,0.12854889,-0.10264734,-0.24273369,-0.082824774,-0.26119664,-0.047861535,-0.072930105,0.009083531,-0.16445172,-0.07478725,0.04227688,0.1795423,-0.14639309,0.11196553,-0.19620508,-0.16884448,0.18512124,0.21022458,-0.019953975
TCGA-E9-A2JT-01A,-0.12757808,0.04086081,0.18558808,0.280836,0.019088147,-0.071163826,-0.035264786,0.17054594,0.027863638,-0.05092429,0.040557493,-0.1075006,-0.047065184,0.10224011,0.103712246,0.008505937,0.09154996,0.417181,0.027271846,0.021934759,-0.04066948,-0.009732961,-0.07726514,0.14547424,0.041358147,0.16344397,-0.28893006,0.048765544,-0.08183729,-0.09864473,0.059074923,0.06560936,-0.16669047,-0.21208218,-0.08932397,-0.2799058,-0.11699792,-0.18288043,0.08025176,-0.15254517,-0.16291079,0.0050844336,0.21563993,-0.19702955,-0.052429184,-0.20418009,-0.13522603,-0.057942968,-0.010738032,0.16692656
TCGA-E9-A24A-01A,0.034406528,0.0606053,0.26601106,0.121304795,-0.08982212,0.16875245,-0.06531241,-0.056791164,-0.11971125,0.04732401,0.013363049,-0.24942937,-0.065828234,0.14135823,0.27654943,-0.0031814645,-0.00084610673,0.07771697,0.071189106,-0.17104627,0.018708095,0.06492929,0.099302694,0.15767877,0.062420722,0.21021478,-0.24133103,-0.08156632,-0.16530605,-0.07039494,0.10289567,0.025765186,-0.23305659,-0.15923178,-0.05609362,-0.30558133,0.05342433,-0.14215404,-0.027185602,-0.022202427,-0.02736679,-0.030493863,0.3047132,-0.0978422,-0.064736664,-0.1287087,-0.023482453,0.12834512,0.24003382,0.22294265
TCGA-OL-A5RV-01A,-0.029318526,0.059682686,0.28749785,0.25142738,-0.13521431,0.18224332,0.13631918,0.000584802,0.058779668,-0.15472977,-0.050000787,-0.107772015,-0.13356274,0.050604366,0.06694529,-0.0023473217,0.15250508,0.26701993,0.06658121,0.0027072548,0.119186506,-0.08969532,-0.1273556,0.16939819,0.040458992,0.050370373,-0.2236748,-0.16511743,-0.13510384,-0.004733989,0.09335437,-0.1159792,-0.07803403,-0.21429233,-0.30852327,-0.20249823,-0.18705429,-0.13978355,-0.035082273,0.048293374,-0.027860183,-0.16833295,0.08441492,-0.01841291,0.002922193,-0.09367329,-0.14906266,0.089320555,0.21462356,0.23925109
TCGA-BH-A0HX-01A,-0.05932971,0.14196879,0.091358,0.19228014,0.0300256,0.2773409,0.050386004,-0.0036071977,0.1477381,0.17196476,-0.04922825,0.11765277,-0.08250658,0.10902715,0.1816179,-0.11478829,0.1290409,0.11441229,-0.052664593,0.08950906,0.0656407,-0.07975287,0.040694177,0.17724296,0.061588343,0.23925826,-0.34630916,0.04563272,-0.057588186,-0.22061695,0.076673046,0.020870456,-0.13846326,-0.1414649,-0.045333073,-0.31651878,-0.103391245,-0.099978276,-0.064525485,-0.05946135,-0.044957202,0.043527998,0.028252738,0.02497146,-0.22363351,-0.14872047,-0.009832808,0.18359637,0.20682406,0.2619922
TCGA-AC-A5EH-01A,0.06898393,0.09237326,0.42871565,0.24112476,-0.086613216,0.27439043,0.018766321,0.025768217,0.05560939,-0.10252541,-0.10401877,-0.05782429,-0.09211719,0.29742512,0.05493968,0.025490198,0.0062065376,0.23148432,0.025253909,0.089354925,0.12629084,-0.008633406,-0.015178671,0.1358304,0.030003102,-0.00057565555,-0.16574997,0.08208459,0.060569234,-0.1632417,0.057299517,-0.021073451,0.043390226,-0.26473877,-0.14599523,-0.26998055,-0.07394707,-0.10209047,-0.17793718,0.019378854,-0.1497195,0.041153543,0.08240923,-0.1704008,-0.18034986,-0.118888095,-0.05824015,0.11692737,0.019050801,0.16836971
TCGA-EW-A1PH-01A,0.019673975,0.09020653,0.20960206,0.13137116,-0.03056104,0.18514517,0.09953023,0.056368414,0.16197035,-0.047831435,-0.06625126,-0.07255776,0.011489979,0.05595803,0.14089468,-0.11941325,0.12582701,0.34256786,-0.04255959,0.04660604,-0.0017639688,-0.1579796,0.03722319,0.12954815,-0.00036080263,0.22038,-0.3358482,-0.08758831,0.115893446,-0.18917292,-0.10667237,0.0011072698,-0.2509633,-0.35179552,0.0041977074,-0.14997101,-0.05986112,-0.15395735,-0.011816203,0.03234234,-0.0022992974,-0.07134242,0.14866902,-0.08753735,0.0025429204,-0.15846805,-0.099160194,0.14610203,0.21691388,0.14344501
TCGA-S3-A6ZG-01A,-0.06560225,0.025091784,0.11770399,0.182684,-0.06363278,0.25937274,-0.031738035,-0.09515202,0.08485435,0.1804935,0.0035633652,-0.024384629,0.08498044,0.05497621,0.20663817,-0.12333077,0.027573254,0.12080497,0.050212137,0.11174381,-0.035253182,0.1839609,-0.05668061,0.30801937,-0.121135116,0.11234658,-0.26573867,-0.067270875,-0.09768485,-0.17990063,0.0028137262,0.15033998,-0.12334759,-0.30060259,-0.05602037,-0.19898023,-0.082959585,0.004217773,-0.24954401,0.093118854,-0.041774042,-0.053474694,0.09681324,-0.009688682,-0.08699638,-0.10663265,-0.14511183,0.080220334,0.19691658,0.31936687
TCGA-BH-A1F6-01A,0.14836338,-0.019202678,0.2728566,0.1584798,-0.1296885,0.13781115,0.21804722,-0.14345491,0.022177167,0.24149215,0.0096210865,0.013264309,0.089156345,0.24723043,0.08192676,-0.11869615,-0.033633336,0.17685838,-0.04189066,-0.034068853,-0.056084093,0.046032067,0.029589977,0.18811795,0.06522443,0.12504938,-0.1728391,-0.16906732,-0.14672914,-0.29985383,-0.03662011,0.065025836,-0.056275822,-0.23783128,-0.028593509,-0.34494898,-0.09555574,-0.20289226,-0.1096549,-0.041083407,0.004556833,0.05655165,0.12916063,-0.19522628,-0.08528412,0.05552003,-0.012479924,-0.020079926,0.11994706,0.16152433
TCGA-C8-A27A-01A,0.11124176,0.03353746,0.10597493,0.13592185,-0.04131176,0.22218192,0.14414865,-0.107569836,0.10560627,-0.03367287,0.16911492,-0.013715281,-0.015779842,0.12983899,0.24647489,-0.13331738,0.059408177,0.24030457,-0.07829835,0.06601965,0.10254356,0.08786582,-0.08284755,0.16163692,-0.22504419,0.25868616,-0.3829088,-0.11468417,0.061935656,-0.14122808,0.030971272,0.03331018,-0.12414701,-0.28921387,0.038785204,-0.1904692,-0.1315778,-0.052639335,-0.035990812,0.08249289,-0.14530429,0.045396987,0.14345178,-0.104619935,-0.063008144,-0.19310951,0.015885318,0.16990012,0.082443334,0.11659341
TCGA-D8-A1Y0-01A,-0.025521912,-0.0610816,0.07540711,0.15452898,-0.110487476,0.09149031,0.09416873,0.0081223585,0.1699564,0.04151465,0.12364169,-0.18757641,-0.18912175,-0.0036925306,0.13855456,-0.15284897,0.10459755,0.23199849,-0.11192388,0.019579124,0.15717028,-0.053109583,0.0035581875,0.13123941,-0.04959568,0.17897353,-0.28080663,-0.10267246,-0.11876878,0.08796305,0.23415512,0.05251429,-0.12009134,-0.2996994,-0.074704364,-0.36936608,-0.19169301,-0.097079135,-0.12574546,0.07764264,0.0006153426,0.015496937,0.06402218,-0.15538044,-0.063841335,-0.185226,-0.09863957,0.09845803,0.17848979,0.13768095
TCGA-BH-A0BC-01A,0.0057815146,-0.05637939,0.18671693,0.17797448,-0.077723935,0.12955411,-0.17031708,0.028091522,0.003046248,0.12645084,0.116340555,-0.11296296,-0.040355265,0.1472597,0.09043632,-0.15436412,0.014033683,0.18412693,-0.0082930885,-0.14505397,0.05651214,-0.12396477,-0.015120503,0.17446853,0.2181651,0.15020157,-0.36853683,-0.040144313,-0.12069008,0.15098375,0.085270844,-0.017536823,-0.10651878,-0.21784058,-0.17627695,-0.2497014,-0.087321796,-0.014463233,-0.11650592,-0.01390986,0.03322725,-0.11736734,0.23675022,0.02750008,-0.1521801,-0.15643847,-0.117243916,0.23222868,0.13651611,0.20877776
TCGA-EW-A1PB-01A,0.025085265,-0.045727003,0.24709316,0.08015571,-0.09688571,0.27635187,-0.021666309,0.12081904,-0.042062458,0.063060574,-0.01049355,0.03168566,-0.14152029,0.0028237063,0.20222792,-0.07368523,0.17890206,0.22700065,-0.015473599,-0.177801,0.006876668,-0.05689165,-0.09174379,0.2930613,0.1303308,0.07336281,-0.14404652,-0.023883812,-0.0716671,-0.21927029,0.096536025,0.016488807,-0.14458153,-0.36769554,-0.14954332,-0.27815467,-0.10540038,-0.22316995,-0.13750882,0.04404899,0.016537203,0.13418506,0.12487352,-0.10541437,-0.028668016,-0.15883066,-0.043458853,0.015375785,0.15816475,0.022602765
TCGA-A7-A26G-01A,-0.049953073,0.12020995,0.23585267,0.2705565,0.03916238,0.26923725,-0.009636044,-0.09243637,-0.12353167,0.037767816,-0.031379025,-0.08928649,-0.07253484,0.04550478,0.028810011,0.01584107,0.17505185,0.26186466,0.07102344,0.015117683,0.09549656,0.03856383,-0.064380676,0.20976038,0.025224514,0.14663458,-0.2199867,-0.10240647,0.06420132,-0.108892545,0.20267181,0.103320576,0.024459692,-0.27958763,-0.21748082,-0.31165117,-0.21612996,0.04867673,-0.14801024,0.04225244,-0.054030254,0.090621985,-0.07414763,-0.026789885,0.11754867,0.0879432,-0.08888058,0.21429114,0.17005555,0.08897838
TCGA-OL-A66O-01A,0.10162007,-0.04142389,0.16499156,0.1860709,-0.03130503,0.21738519,0.040227767,0.022456553,-0.035452012,0.121028446,-0.08278472,-0.010020564,0.105087474,0.2593506,0.13031352,-0.18358894,0.07521759,0.13136025,-0.023832863,0.009508862,-0.02880146,-0.135899,-0.013847009,0.26808017,-0.083403185,0.1900763,-0.16626546,-0.004874232,-0.10460574,-0.10988451,0.036265414,-0.008455385,-0.05300923,-0.21125583,-0.25098747,-0.24043414,-0.16181134,-0.037927173,-0.10008209,0.1730618,-0.11727481,-0.050662167,0.2022684,-0.0048017106,-0.19443102,-0.0006732634,0.056043077,0.2808249,0.21230069,0.2363316
TCGA-AR-A24M-01A,-0.040142484,-0.014041141,0.3546997,0.14612244,-0.055927116,0.20230488,0.07483717,0.0345653,0.039330203,0.042181168,-0.00678894,-0.1096714,-0.16145253,0.18563718,0.15827446,0.04785007,0.025444018,0.13233748,-0.11864193,-0.0043913643,0.11353475,0.06094518,-0.03475828,0.06972411,-0.0630914,-0.06995353,-0.30646855,-0.179943,-0.09950994,-0.122502245,0.06695472,0.034359742,-0.11852541,-0.20259315,-0.11834584,-0.32380447,-0.075557314,-0.12982833,-0.14575484,0.05282638,-0.100262836,-0.1619248,0.16626252,-0.22961754,0.06984931,-0.16296983,0.002522547,0.025187066,0.28856656,0.15392856
TCGA-LD-A7W5-01A,0.20061108,0.10728451,0.30985314,0.0841214,0.0981571,0.19392046,0.029819319,-0.034609362,0.050515775,-0.035292633,0.008751069,-0.005529231,-0.13635224,0.12638675,0.14727199,-0.11168926,0.1174604,0.31369993,-0.11310289,-0.02779292,-0.0778576,-0.039604045,0.034896426,0.17226239,-0.07765108,0.07311794,-0.25017244,0.047467478,-0.035811536,-0.18345805,0.16950643,0.1347725,-0.21737714,-0.26699325,-0.21888395,-0.29628295,-0.1068957,-0.17898096,-0.22570275,-0.03049938,-0.029258547,0.06829862,0.07888929,-0.029459836,-0.047143295,-0.03431427,0.025823692,0.09240947,0.020031154,0.16022587
TCGA-AR-A5QN-01A,-0.018210867,-0.1670603,0.11897572,0.17381006,-0.17827749,0.081335545,-0.01777489,0.017662508,-0.05097017,0.030420698,-0.0897521,-0.082695246,-0.13567854,0.18809715,0.13967869,0.017431237,0.16801803,0.24588314,-0.109740555,-0.10683355,-0.07262963,-0.031315573,0.2341768,0.031791907,0.009652893,0.20656607,-0.31450424,-0.1515126,-0.047610506,-0.16007067,-0.029638601,-0.0068944073,-0.1541258,-0.21370368,-0.033508755,-0.42040125,-0.16154684,-0.098794185,0.07466787,-0.0028142799,-0.14617494,-0.099073865,-0.022479681,-0.015999973,0.03522624,-0.0038092341,-0.15259688,0.090771176,0.1239465,0.24461758
TCGA-OL-A5RZ-01A,-0.017963534,0.08346125,0.08685999,0.15178882,-0.12468904,0.30812046,-0.03683814,-0.0014505282,0.17282678,0.10089146,-0.038583037,-0.13771309,0.094280176,0.25263485,0.14007187,-0.0048730704,0.14842248,0.24280223,-0.1703419,0.07550582,-0.0060773296,-0.061356667,-0.026255697,0.061098672,-0.010606747,0.0019382505,-0.2633722,0.081942186,0.013430781,-0.33767164,0.04263731,-0.0388721,-0.06073961,-0.3216689,-0.034442224,-0.24096014,-0.121787705,-0.06817498,-0.06760455,-0.059450526,-0.08826166,0.02867446,0.25978905,-0.08161736,-0.112180434,-0.077295706,-0.11663107,0.12387057,0.14254402,0.18759294
TCGA-A2-A1FZ-01A,-0.12146428,0.020064458,0.33672234,0.17694746,-0.12767312,0.06955673,0.10573501,-0.06039648,-0.027650733,-0.049145713,0.052204356,-0.10167874,-0.10949754,0.094592415,0.122576244,0.06297837,0.039739102,0.22053792,-0.18344346,-0.16400574,0.11091273,0.06796028,-0.16208324,0.31085303,-0.032553796,0.29278696,-0.16201279,-0.15102448,0.0015471098,-0.17684634,0.10525103,-0.009677893,-0.104973674,0.007878273,-0.2131486,-0.19435744,-0.15634465,-0.050374396,-0.026970536,-0.121048585,-0.15606023,0.037897862,0.083904475,-0.14449085,-0.008382157,-0.011135752,-0.10897064,0.23697934,0.1462626,0.19788396
TCGA-BH-A8FZ-01A,0.109559335,-0.09482563,0.28818816,0.12416362,-0.10324852,0.2674364,0.048605036,0.041061163,0.0756446,0.003050815,-0.12139515,-0.05856806,0.0418538,0.17880549,0.15837185,0.039365344,0.015151659,0.24806258,-0.15271035,-0.14296097,0.05445281,0.18520363,-0.047850206,0.22506785,-0.09499734,0.1167845,-0.20648171,-0.02632326,0.05393556,0.0026376336,0.002464816,-0.003507365,-0.15529384,-0.37772745,-0.087608755,-0.28169736,-0.061452754,0.028993132,-0.13910295,-0.050443362,0.007898525,-0.14556536,-0.0125106685,-0.065083936,0.03761214,-0.054184686,-0.2835065,0.090717226,0.1696076,0.133012
TCGA-E9-A1RH-01A,0.08193936,-0.009263106,0.22984645,0.20100798,0.039765187,0.23183103,-0.104678504,-0.06632087,-0.008868748,0.04751248,0.083133824,0.0065014465,0.14430393,0.19354968,0.19821447,-0.14504369,-0.03981131,0.31135136,-0.12385767,0.08274909,0.052749597,0.03459905,-0.045754526,0.11925897,0.111991,0.058202643,-0.24189176,-0.01472123,-0.016121905,-0.21615861,0.099318914,0.14292839,-0.22563255,-0.32102796,-0.08172795,-0.10814845,-0.12867641,-0.24365582,-0.05940581,-0.0634279,-0.2217786,-0.03299625,0.12671456,-0.015881311,-0.121721774,-0.052792527,-0.076460585,0.06972294,0.075383976,0.22812138
TCGA-E9-A1N5-01A,0.17592359,0.044634305,0.3044252,0.07700862,-0.014868598,0.2472402,0.100984976,0.12891065,-0.025946824,0.08511702,-0.050478745,-0.11238063,-0.15547709,0.11341553,0.22339149,-0.07915505,0.13725711,0.35179383,-0.03919436,0.03588704,0.018241625,0.018847384,0.055938665,0.19196725,-0.00623146,0.23817202,-0.2756872,0.0022266852,-0.04477166,0.07669986,0.18968758,-0.09499879,-0.05741776,-0.2765083,-0.0744688,-0.22915487,-0.06967723,0.040146705,-0.00023264998,0.021629969,-0.05373053,-0.09281229,0.14016993,-0.06472308,-0.059199594,-0.20856641,-0.15711267,-0.12889422,0.11830521,0.09923575
TCGA-AC-A23H-01A,-0.08507631,0.07264101,0.24839027,0.23798528,0.029807465,0.22028369,0.18554348,-0.1243319,0.12106572,0.10910769,-0.050278075,-0.22018407,0.054808978,0.13228475,0.090344846,-0.0991795,-0.013357476,0.20299862,-0.054936122,-0.04374484,0.009613949,0.03169771,0.049175926,0.1517198,-0.1602944,0.109091245,-0.1931692,-0.051487394,-0.008123083,-0.1888408,0.03297541,0.08990946,-0.2452217,-0.23008531,-0.24612793,-0.25333545,-0.09302016,-0.19014877,0.009030403,0.021296633,0.015533038,0.0025300642,0.12956178,-0.002006893,-0.09503192,-0.13681118,-0.112073645,0.045496553,0.22277632,0.2573864
TCGA-AC-A23C-01A,-0.15316936,-0.07395601,0.1326155,0.13159782,0.0033419973,0.17557207,0.2500894,-0.05596536,0.008225123,0.059250925,0.012994179,0.064795844,0.115204796,0.121577345,-0.013206374,-0.115845166,0.17258169,0.20911251,0.09994876,-0.036500495,-0.029472934,0.020993339,0.046976443,0.05939565,0.06587948,0.24217795,-0.31105986,-0.13449062,-0.19748254,-0.039553855,-0.05410211,0.007527495,-0.111477,-0.3392339,-0.009531676,-0.36028016,-0.08115376,-0.060335577,-0.11980867,-0.06586731,0.07205459,0.06656278,0.12318826,-0.07835778,-0.008530179,-0.29573005,0.06928315,0.070402585,0.082227245,0.23556834
TCGA-BH-A204-01A,-0.098228246,-0.11377852,0.27860478,0.16747014,-0.061250646,0.20735052,0.006408962,0.12891422,-0.076602295,0.0023123159,-0.03243034,-0.140064,-0.013060672,0.10762477,0.17791265,-0.026855856,0.101674095,0.18689734,-0.10446504,-0.16113235,-0.031052474,-0.039701585,0.0011661823,0.11407392,-0.044974055,-0.0055765808,-0.30411375,-0.058780935,-0.14153379,-0.0880991,-0.01117122,0.052023053,0.0032234415,-0.23180877,-0.11141491,-0.23824355,-0.27306148,-0.25286043,0.017496543,-0.20398419,-0.10539289,-0.10250264,0.007245136,0.05283382,-0.04327152,-0.22078662,-0.05982066,0.006735778,0.22613738,0.27958727
TCGA-4H-AAAK-01A,0.06518591,-0.03858369,0.3044578,0.14845254,-0.050058965,0.16323002,-0.024748607,-0.15502635,0.12033528,-0.019844325,-0.13982901,0.11793762,-0.07132002,0.12913807,-0.014350416,-0.07999804,0.0865585,0.22755435,0.112077706,-0.045892004,-0.1063607,0.027671097,0.04022777,0.15599556,-0.11829551,0.18343338,-0.10693993,0.059164014,-0.017999953,-0.22006272,0.059269205,0.24187009,-0.15551282,-0.32963327,-0.13106193,-0.3469388,-0.10444742,-0.070860684,-0.03277513,-0.14330167,-0.10320232,0.069737904,0.1867235,0.0920683,-0.18067966,-0.08029874,-0.06578566,0.02633315,0.11819698,0.19709414
TCGA-LL-A6FQ-01A,-0.041146416,0.049450528,0.33111417,0.1827151,-0.010994118,0.19160764,-0.047867164,-0.06894067,-0.0126636075,0.037102748,0.0802881,-0.21339211,-0.12978858,0.1920565,-0.016970271,-0.12296397,0.112302445,0.27294734,-0.019826345,0.124894574,0.051845573,-0.074250355,0.08510659,0.3471103,0.09343359,0.17888612,-0.07668497,-0.0107519915,-0.0008244973,-0.23064964,0.18839966,0.07640742,-0.15374763,-0.22071789,-0.13715647,-0.16176842,-0.021016799,-0.16511895,-0.11298508,0.022033077,-0.014481969,0.028368285,0.20854294,-0.084195934,-0.10067987,-0.1926535,-0.0537624,0.048189256,0.18258622,0.10160176
TCGA-B6-A0X5-01A,0.03454001,-0.052097723,0.25530702,0.2314029,-0.051962,0.13494273,-0.06918486,-0.057087168,0.08226142,-0.05068875,0.19878598,-0.012606354,-0.14837581,0.12540755,0.16885225,-0.11014535,0.1626179,0.27537066,-0.06018566,-0.11541264,0.061278727,0.023789976,-0.012553726,0.022259181,0.048761792,0.18448442,-0.24096918,-0.05977836,-0.092689365,-0.15970448,0.13186465,0.10672554,-0.12439692,-0.23685654,-0.15884493,-0.21751511,-0.23838122,-0.06598198,-0.029205877,-0.018080365,-0.11748115,-0.005937943,0.009456338,-0.09361812,-0.114105046,-0.2433597,-0.27138203,0.08624846,0.08566209,0.21460591
TCGA-D8-A1Y3-01A,0.0012521503,-0.008001089,0.28087094,0.23525809,-0.072438344,0.1749525,0.048730724,0.075593054,0.11226182,0.08878533,-0.01786886,0.010045303,0.014685172,0.15711959,0.031159434,-0.14180379,0.015129387,0.1132324,0.0186365,-0.114843614,0.0063948417,0.11021312,0.117783226,0.21926473,0.005898908,0.093443595,-0.36705774,-0.1374736,-0.031313103,-0.0037776781,0.08348586,0.03617757,-0.12084503,-0.3823328,-0.14177959,-0.045714155,-0.09715532,-0.15544234,-0.08946905,0.0551886,-0.13718496,0.09298103,0.16842462,-0.19135007,-0.12897678,-0.22197132,-0.1904319,0.04741096,0.1386068,0.1969018
TCGA-AR-A1AK-01A,0.049129616,-0.11418992,0.27647397,0.14335777,-0.006174166,0.02095841,0.17375787,0.043898437,0.032396454,-0.034442484,0.0099506965,0.010590542,-0.08532845,0.11116979,0.15082684,0.04576112,0.30319223,0.09000744,0.08754016,-0.12085644,0.04146465,0.1929498,0.0049545574,0.22302134,0.05087801,0.059007294,-0.44188637,-0.15087402,-0.13677467,-0.15513648,0.15991631,0.05838412,-0.10240844,-0.17495619,-0.13864788,-0.24650736,-0.050856773,-0.087470755,-0.17135248,-0.007043359,-0.17076679,-0.020558521,0.21471116,-0.055580657,-0.07295433,-0.0700238,0.051049057,-0.011363022,0.066652715,0.21037456
TCGA-C8-A1HG-01A,0.074851386,-0.090371445,0.24088046,0.21565726,-0.16323976,0.33002982,-0.10992078,-0.0073013655,0.099604666,0.11848701,-0.055946242,-0.13039526,0.11077945,0.18436654,0.23787901,-0.00459783,0.10725167,0.16603489,-0.08460638,0.02479268,-0.024735367,-0.037880667,0.06507045,0.17835866,0.049182296,0.14335436,-0.264904,0.02098779,-0.05333986,-0.028124126,0.0077109295,0.06426904,-0.060074676,-0.34908104,-0.14557613,-0.24681196,-0.2807327,-0.091832854,-0.074963935,-0.05303585,-0.07246235,0.05695782,0.022571685,-0.119923666,-0.046083465,-0.20049106,-0.10954553,0.052697502,0.063887075,0.11344199
TCGA-BH-AB28-01A,0.07803975,0.029381512,0.35384113,0.28695565,0.009297791,0.17676015,0.15813616,-0.01695039,0.030078603,-0.1611453,-0.114996426,-0.1626639,-0.01620004,0.14868498,0.1174205,-0.071127184,0.080492616,0.22331138,-0.07536698,-0.03550219,0.027545992,0.09938085,-0.01750777,0.04822751,-0.01205456,0.12976241,-0.33061188,-0.016277205,-0.18579848,0.018404998,0.13453713,0.007651897,-0.0967957,-0.23870136,-0.07684341,-0.21309215,-0.13946985,-0.0030538344,0.13810699,-0.117862195,0.03756232,0.03394498,0.26225498,-0.08674694,-0.05774072,-0.12560387,-0.07300132,0.0954006,0.017878346,0.28663844
TCGA-OL-A5DA-01A,0.029684529,-0.018013781,0.25187963,0.28351638,0.0014423775,0.09324768,0.014814658,-0.1045162,0.09844656,0.015164658,-0.10477638,-0.008829208,-0.048276383,0.25101772,0.12390948,-0.10037883,0.14820327,0.29502118,0.10244471,-0.19651535,-0.033425804,-0.1047763,-0.09780753,0.047116324,0.11473553,0.11621196,-0.24362534,-0.14507586,-0.07260193,0.090286486,0.095208555,0.037770856,-0.19808345,-0.34577635,-0.24758749,-0.1935552,-0.10149015,-0.2082264,-0.08637045,-0.08233901,-0.09389247,-0.02774121,-0.06380492,-0.14462633,-0.07885067,-0.099472165,0.013571998,-0.06823416,0.04919993,0.16430286
TCGA-AR-A1AO-01A,0.031261835,0.1766191,0.25201368,0.27405354,-0.16782112,0.039359007,-0.07699049,0.094197616,-0.11908823,-0.029102545,-0.036150414,-0.13976666,-0.07313649,0.20694488,0.24222454,0.006378859,0.17240849,0.26940536,0.20105639,-0.060661092,0.005989389,-0.05638165,-0.1358519,-0.032639246,-0.0274373,0.21486236,-0.1403138,-0.14443675,0.057257257,-0.07354335,0.1654203,0.01578117,-0.11907919,-0.29732564,-0.21133195,-0.19919623,-0.14705713,-0.051590938,-0.19676024,-0.12710214,-0.00013647262,-0.06945753,0.053634275,-0.039493382,0.0077877543,-0.074431494,-0.023075055,0.18879671,0.13205628,0.12029553
TCGA-D8-A3Z6-01A,0.025503756,-0.014473296,0.17297557,0.22049336,-0.20773128,0.104768865,-0.035197582,-0.05197286,0.06919987,-0.11710943,0.030236581,-0.023880912,-0.07808109,0.10255633,0.1137362,-0.17586091,0.14566097,0.2576852,-0.074491695,-0.18096323,-0.057711165,-0.0059373057,-0.009168754,0.15625541,-0.035347506,0.23408881,-0.21094808,-0.18608724,-0.12213655,-0.23910177,0.05969923,0.008526822,0.02636933,-0.18254957,-0.017984841,-0.2603232,-0.15422058,-0.05965317,0.0007079716,-0.19862428,-0.097478986,-0.13082811,0.14236838,0.014499484,-0.0046929154,-0.36592123,0.079697564,0.0975921,0.18650976,0.129628
TCGA-A2-A0YK-01A,-0.054449815,0.07881111,0.18727222,0.30635458,0.059951346,0.2511627,0.05592844,0.0040879142,0.05782776,-0.036073796,0.14215659,-0.13102078,-0.120633245,0.15204144,0.24379396,0.030490091,0.078590825,0.09814881,-0.15352175,-0.1167394,-0.10066067,0.06214496,0.039890327,0.13014303,0.051282946,0.120420985,-0.34552905,-0.016838942,-0.05645057,-0.044540398,0.08374949,0.078246556,-0.20374456,-0.32702276,0.03526729,-0.2125116,-0.18689477,-0.19462436,-0.11873544,0.09735983,0.05824918,-0.013563151,-0.016524717,-0.02223851,0.04572599,-0.08775192,-0.12708013,0.07407835,0.037430383,0.28803182
TCGA-D8-A1XQ-01A,0.13309926,0.01094403,0.26281953,0.15473394,0.13228235,0.16660093,0.04364805,0.15478475,0.16291794,0.023521783,-0.07529005,-0.0540621,-0.09354103,0.15414575,0.117360614,-0.19598393,0.09305925,0.27662948,-0.07047464,0.037139546,-0.02897545,0.06700465,-0.029898135,0.1537631,0.040630538,0.04345707,-0.35379064,-0.18436262,-0.15751709,-0.18236732,-0.0018269949,0.03268119,-0.12590533,-0.25905323,-0.19883429,-0.29266807,-0.013759226,0.06862447,-0.036945317,-0.034272615,-0.0644768,0.04998266,0.06829327,0.015404989,-0.18930298,-0.13135003,-0.098968424,-0.027892483,0.18206596,0.17453052
TCGA-GM-A2DK-01A,0.02240569,0.013845123,0.20920296,0.15339394,-0.09716317,0.10607283,0.14451775,0.10178314,-0.04965334,0.006657429,0.055099905,-0.1650675,-0.034761652,0.19714801,0.24745287,-0.054969404,0.045039967,0.35251468,-0.13388638,-0.061588287,0.015226357,-0.07985236,-0.018867759,0.09942997,0.05261533,0.10593663,-0.11938836,-0.19032924,-0.1526301,-0.07707804,0.07574517,0.0985494,-0.17921253,-0.38589492,-0.05123702,-0.26071522,-0.14981079,-0.020288985,0.022995548,-0.030653654,-0.044262577,0.002487375,0.14533891,-0.0056065503,-0.06327063,-0.17476174,-0.2049431,-0.05570753,0.12796277,0.27172086
TCGA-GI-A2C8-01A,0.15944052,0.028969815,0.15448195,0.22730522,-0.06007109,-0.04536321,0.029570673,0.0014409166,0.15279905,-0.012081352,0.049657483,-0.0027497231,-0.08358972,0.1938075,0.2096632,-0.09275303,0.093798324,0.25098857,-0.12858458,-0.017951302,0.12261528,-0.13409518,0.08960544,0.20039913,-0.049353365,0.14551437,-0.30480084,0.02552982,0.03282671,-0.19388337,0.076378316,0.07388036,-0.08248467,-0.47818395,-0.15208183,-0.23711567,-0.077771276,-0.01616379,-0.19525085,0.007169767,-0.015712818,0.04335874,0.08565785,0.047972586,-0.08501388,-0.20179795,0.056327082,0.030922974,0.07387231,0.05481774
TCGA-AO-A1KT-01A,0.014300881,-0.067179486,0.2557464,0.2802841,-0.16365226,0.077496246,0.005264382,-0.11844182,-0.017780002,-0.047393396,0.1085768,-0.079178,-0.14803305,0.33550805,0.09513752,0.030846313,0.0931316,0.19214615,-0.088547684,0.09914067,0.15861514,0.074978,0.016147375,0.16478953,-0.07385053,0.00899453,-0.2800696,-0.020815019,-0.028799208,0.043537118,0.15071753,0.07781094,-0.08892674,-0.22847025,-0.035598885,-0.28136775,-0.07570363,0.13693377,-0.17437646,-0.19512855,-0.15694436,-0.0029255755,0.08079263,-0.009242323,0.05282987,-0.04767457,-0.15068407,0.041484818,0.2616947,0.19817881
TCGA-AR-A1AI-01A,0.065336496,0.14688893,0.22487247,0.06066108,0.018966446,0.20751616,0.063162774,0.04507453,0.1459194,0.05044847,0.027122846,-0.07324811,-0.123640195,0.15892039,0.12813699,0.019286282,0.23852369,0.24528542,0.00030981452,-0.06839394,0.051949672,0.1364088,0.109679945,0.17345266,0.026495697,0.09077932,-0.22376686,-0.11509916,-0.03385719,-0.111459754,-0.029001415,0.13532478,-0.15544516,-0.4419538,-0.14704332,-0.16068308,-0.032769818,-0.11756058,-0.04990645,0.01205276,0.018015718,0.053509273,0.14825793,-0.073312774,-0.06388551,0.005693553,-0.19848867,-0.03936109,0.25251946,0.26309744
TCGA-BH-A1EW-01A,0.108722545,0.023129266,0.10367152,0.2532433,-0.010333029,0.28791812,0.09508112,0.117078006,0.08057868,0.00428376,-0.07138038,-0.13021176,-0.020781083,0.015107229,0.092497334,-0.121296145,0.10838388,0.26782507,-0.06432347,-0.08836845,-0.086710036,-0.0019631728,-0.17201665,0.2852982,-0.18388247,0.13468996,-0.20734635,-0.1352768,-0.0950793,-0.11083152,0.10782176,0.1010093,-0.15151216,-0.31008175,-0.21846579,-0.12268486,0.103717506,-0.14645647,-0.1561956,0.18907264,0.09218204,-0.04271528,0.12110145,-0.19109955,0.024068153,-0.09790335,0.022487316,-0.013625345,0.095621414,0.16867049
TCGA-GM-A3XL-01A,-0.01595173,-0.020739147,0.14686954,0.19265185,-0.02371869,0.11961229,0.029536722,0.027405528,-0.013665504,0.14365973,0.06462257,-0.12376466,-0.03746376,0.097303525,0.1137204,-0.06325806,0.061988242,0.11093921,-0.14205484,0.011362519,-0.09549636,0.013381921,-0.09504767,0.16987084,-0.089717984,0.07544077,-0.3739864,-0.13290814,0.04089017,-0.095301814,0.123547986,-0.04326667,-0.14598241,-0.42836636,-0.09691377,-0.24535024,-0.18117233,-0.24078463,-0.14662012,-0.06285691,-0.019996082,-0.06529061,0.0069927154,-0.1286631,0.0014897644,-0.13032907,-0.100000314,0.18235278,0.2303309,0.21908526
TCGA-D8-A1JI-01A,-0.045767136,0.03693182,0.32459903,0.089275725,-0.004660637,0.20102328,-0.108691715,-0.12134052,-0.07283659,-0.030906897,-0.23147507,-0.05675766,-0.003014943,0.105659395,0.055096,-0.08313057,0.004666201,0.3083376,-0.030542588,-0.026921066,0.044879794,-0.08067373,0.025827792,0.2738901,0.064518,0.13616003,-0.23905127,-0.20408885,0.032415994,-0.0027089848,0.094408214,0.061482426,-0.18433115,-0.30169243,-0.05542904,-0.29601032,-0.070475064,-0.16033232,-0.07730249,-0.09667084,-0.058100957,0.0056044017,0.0068832194,-0.13117656,-0.030358877,-0.25320262,0.069339775,-0.011763723,-0.023467489,0.25093958
TCGA-E9-A1R4-01A,0.00011950313,-0.02531193,0.31534275,0.21651109,0.038173832,0.22660834,-0.015523563,-0.009314842,0.06411034,-0.012813296,0.025678152,-0.19088864,-0.094960324,0.29891914,0.1497156,-0.14143859,-0.10382433,0.21035959,0.07326339,-0.08748338,-0.017646808,0.10750285,0.064617515,0.21058959,-0.066662125,0.28514984,-0.191556,-0.14439157,-0.09350395,-0.23517375,-0.0018710452,0.025106302,-0.2068752,-0.24514663,-0.0922575,-0.15521623,-0.13992095,-0.0380123,-0.124312446,0.09058551,0.008625748,-0.00026818947,0.06600773,-0.24023241,-0.08960201,-0.13926952,-0.056339663,-0.040615484,0.014235908,0.080904074
TCGA-E2-A1B1-01A,0.037972964,-0.090243965,0.32448676,0.29964408,-0.12934658,0.17386636,0.07564849,0.05994829,0.13689408,0.03027292,-0.09795845,0.06535515,-0.028290436,0.16919808,0.10986458,0.017474117,0.03388341,0.21556933,-0.02738509,0.01539131,0.13451086,0.09144621,0.029927328,0.2628566,0.02306228,0.21320157,-0.29921544,-0.09056393,0.024982193,-0.18137658,0.15808073,-0.012198861,-0.19628902,-0.27318436,-0.18722846,-0.24802768,-0.119007155,-0.15911196,-0.060056284,-0.06783426,-0.023456275,-0.047103375,-0.02258104,-0.09324616,-0.0442609,0.022603301,-0.12863962,-0.064522035,0.15402964,0.0021794203
TCGA-C8-A278-01A,0.058923222,0.04128542,0.1291251,0.15874319,-0.0048164693,0.153994,-0.025172,-0.0012552692,0.14043605,0.07272516,-0.03640182,-0.03970251,-0.069201134,0.14788505,0.1548751,-0.20880035,0.05356951,0.17893122,-0.11301303,0.04728518,-0.00025819664,-0.10777379,0.1603806,0.21208164,-0.0898749,0.15942268,-0.2745426,-0.022387829,-0.052479748,-0.2245357,0.10174394,0.2805719,-0.11170894,-0.2735212,-0.014015227,-0.2450136,-0.13025637,-0.068668075,-0.38020098,-0.058852326,0.020238169,0.023538627,0.09889931,-0.12922582,-0.15964657,0.057473786,0.008063839,0.02993691,0.10350289,0.19358435
TCGA-EW-A1PE-01A,-0.014386021,-0.03211911,0.2778421,-0.023969492,-0.14297369,0.2012593,0.074647,-0.17014037,0.06684923,-0.109618455,-0.00031205354,-0.019130036,0.012287159,0.18638498,0.14244975,-0.08423777,0.13336618,0.07781769,-0.089490995,-0.03696255,0.11296547,0.0348255,0.05286988,0.23685746,0.08038829,0.18391243,-0.258135,-0.082731105,-0.10754433,-0.07084886,0.14146979,0.08386236,-0.1073735,-0.24438329,-0.06477295,-0.24834783,0.03170781,0.046783905,-0.0052057626,-0.25300556,0.12056013,-0.072369836,0.25665414,-0.18634878,0.091236174,-0.25595185,-0.12830706,0.050786406,0.19243151,0.16815683
TCGA-LL-A7SZ-01A,0.12501061,0.17815009,0.14009269,0.22428682,0.012748738,0.23112465,0.098873846,0.14476328,0.102358475,-0.018055582,0.026687156,0.011998301,-0.13635252,0.18032694,0.15878756,-0.16541879,0.0059566945,0.21980897,0.06766446,-0.012174672,-0.045636218,0.023123642,0.09652302,0.26335233,0.036796216,-0.0036423341,-0.17126518,-0.21876869,0.03377618,-0.081814565,-0.13514368,-0.08703039,-0.25801635,-0.18541557,-0.21133024,-0.22363527,-0.06891465,-0.10550586,-0.025831206,0.030665368,-0.053399816,0.10987197,0.07054204,-0.17208293,0.062272787,-0.16046867,-0.14160423,0.08025043,0.21705338,0.26568693
TCGA-OL-A5RY-01A,-0.032981746,-0.028433725,0.19382529,0.17221783,-0.17239255,0.17440689,0.032136668,-0.11048459,0.089063436,0.042650953,-0.017456206,-0.09236994,0.006301236,0.100350484,0.30618367,-0.11522891,0.15759982,0.17746806,0.0913877,-0.033574097,-0.04745777,0.057564694,-0.05539172,0.26971745,0.09449091,-0.054121662,-0.34262228,-0.22001772,-0.051334634,-0.16465555,-0.02463078,-0.021035569,-0.016013367,-0.28064397,-0.1955753,-0.3183382,-0.19498801,-0.07245949,-0.10237892,-0.091683574,-0.029053126,-0.032772735,0.11282977,-0.20407692,-0.01303565,0.053167567,-0.09619719,0.024232324,0.08884403,0.09132035
TCGA-D8-A1XJ-01A,0.061048582,0.04272154,0.23686549,0.12843628,-0.12714289,0.3216577,0.020739459,-0.05016145,0.18331845,-0.03047165,0.019348051,-0.10973754,0.04687431,0.21006902,0.076195925,-0.25833687,0.10301271,-0.04333592,0.045526847,-0.13188012,0.01976117,0.0009836551,-0.06354053,0.14657141,-0.041096903,-0.03059956,-0.2653041,0.014757371,-0.090717055,-0.10197215,0.121055014,0.08447574,-0.24338531,-0.32770264,-0.22289494,-0.26861092,-0.15164071,-0.06588093,-0.107729614,-0.026433732,-0.09629584,0.03382635,0.041050617,0.01976422,-0.08829582,-0.120746806,-0.19962543,-0.029556898,0.16931069,0.17198369
TCGA-EW-A1P3-01A,-0.0024346493,-0.023926156,0.22799067,0.24669039,-0.08139392,0.25824994,0.013501779,-0.028011747,0.06589921,0.06072837,0.032488894,-0.040634323,0.030830795,0.24303724,-0.014780553,0.06340622,0.2003145,0.2608802,-0.17600083,-0.024848321,0.19622527,-0.079299524,-0.014100947,0.09458171,0.03341294,0.23171581,-0.33568555,-0.09687287,0.037050128,0.11189145,-0.032193683,-0.040914595,0.0039204624,-0.15218192,-0.072020836,-0.2901363,-0.20819911,-0.052780252,-0.1412576,-0.079332344,-0.19304311,0.081635214,0.10984659,-0.058650393,-0.067056224,-0.1479289,-0.02406818,-0.0070695085,0.24028839,0.14493784
TCGA-AR-A24R-01A,0.101967186,0.009904556,0.25881094,0.20237148,0.05579646,0.22424838,0.09722696,0.029012484,0.23169285,-0.090516634,-0.063439,-0.07998858,-0.18920405,0.16351967,0.20596643,-0.005002147,0.12839383,0.11472419,0.09374762,0.054476183,-0.053069517,-0.119295575,-0.107489206,0.1688616,0.09663101,0.12683383,-0.33561203,-0.017155359,0.0056060357,-0.1446449,0.13022079,0.08180803,-0.012536742,-0.24618573,-0.16398597,-0.15826541,-0.12096987,-0.06366655,-0.1828464,-0.14432281,-0.11523521,0.08278213,0.13076332,-0.107434995,-0.033420686,0.01475823,-0.20212281,0.047064032,0.20653038,0.19398262
TCGA-AR-A5QQ-01A,0.08746597,-0.04008597,0.34694996,0.1514832,-0.114343256,0.12927932,0.028084572,-0.0639923,0.024140058,-0.13552567,-0.09989152,-0.0040293057,-0.22322455,0.25043425,0.08827765,0.02573134,0.022085225,0.31597397,0.08692086,-0.13073713,0.0067621414,-0.05520134,-0.039499965,0.30400404,0.10339331,0.116357654,-0.23897551,-0.10825153,0.065243386,-0.04053755,0.067450024,0.0784212,-0.073404334,-0.19668478,-0.08534618,-0.3916736,-0.06895449,-0.18768981,-0.08652013,0.022732181,-0.0868412,-0.059578348,0.106673434,-0.1179768,-0.029805372,-0.18130009,0.02809534,0.04984649,-0.02541557,0.065456375
TCGA-BH-A0C3-01A,-0.0033210863,-0.03416616,0.3158368,0.20504895,-0.20561199,0.2167354,-0.08478679,-0.06307266,0.06362414,0.010930745,-0.061168637,0.06453801,-0.10830768,0.16879758,0.05581902,0.09659126,0.057070926,0.13245122,-0.08271791,0.12321399,0.007158337,-0.02375337,-0.01862146,0.09764984,-0.05406308,0.1228725,-0.06368842,-0.16069946,-0.18609145,-0.16204745,0.025559343,0.015969442,-0.20502907,-0.20777866,-0.13939568,-0.26769316,-0.19410048,-0.07797225,-0.1375218,-0.08440024,-0.11030293,0.062136605,-0.0038945926,-0.21397558,0.03846245,-0.20808212,-0.17496425,-0.07002271,0.21016756,0.31058088
TCGA-BH-A209-01A,0.08379305,0.1708568,0.34925312,0.10495529,-0.17581011,0.09827726,0.22212172,-0.1376059,0.09622019,-0.0050368486,-0.054296874,0.012045632,0.013845562,0.16949034,0.06111741,-0.185578,0.008505421,0.18677644,0.00972475,0.029175816,0.0065109795,-0.040752,-0.068853416,0.15634565,0.11045472,-0.018660758,-0.21723717,-0.07624204,-0.060305335,-0.11120292,-0.054592807,0.11418914,-0.21694624,-0.3626291,0.03423656,-0.28619257,-0.11748628,0.023147257,-0.14216015,0.024091346,-0.0259664,-0.056852337,0.19649467,-0.011605096,-0.12321431,-0.2148189,0.025227644,0.11433228,0.21146958,0.13760272
TCGA-B6-A0RT-01A,0.030023132,0.10137043,0.17894231,0.22083399,-0.088514365,0.057656944,0.03633442,0.041073024,-0.10716976,-0.05152119,0.047945704,-0.11964535,-0.072048284,0.17273663,0.12493481,0.0460609,0.19670352,0.20802265,0.069623776,-0.06725544,0.017066607,-0.05048478,0.11596096,0.21217754,0.08986292,0.12056431,-0.2733719,-0.08968686,0.107726455,-0.08594777,-0.12611961,0.07402941,-0.25944802,-0.2949045,0.00547479,-0.22818646,-0.07009476,-0.029782385,-0.037315484,-0.15896538,-0.31330684,0.07581422,0.103271805,-0.19687952,-0.03117527,-0.028216818,-0.21164252,0.017595598,0.14501385,0.22774722
TCGA-B6-A0WY-01A,0.100989915,0.11552584,0.11536258,0.0044780723,-0.13219757,0.21254048,0.07625875,0.05129315,0.27195832,0.12507993,-0.104152024,-0.13873303,-0.041565545,0.17991531,0.1492561,-0.05111543,0.15156192,0.12027662,-0.035419397,-0.06591913,0.053711586,0.021903712,0.08161078,0.115401044,-0.06881409,0.27139136,-0.30621985,0.012964608,0.0625851,-0.20345318,0.029785676,0.1725826,-0.09939555,-0.24357347,-0.2229916,-0.28701496,-0.030959515,-0.07900507,0.028594648,-0.0694697,0.059140675,-0.06571077,0.065350756,-0.19060527,0.06349639,-0.037028655,-0.17556469,0.030199563,0.059469733,0.3088809
TCGA-E2-A1BC-01A,0.044057816,0.07612678,0.21564789,0.12716623,-0.27488035,0.14220326,0.1539423,-0.11671545,-0.034477238,-0.1791739,-0.07421411,0.028884374,-0.10670516,0.18869686,0.045497797,-0.011252951,0.103793465,0.090243824,0.16305037,0.02638552,-0.030859364,0.080178015,-0.052453607,0.0968518,0.18584828,0.063054726,-0.26172975,-0.11933336,-0.21465696,-0.031900875,0.09649572,0.10718267,-0.19591755,-0.21165438,-0.21878263,-0.36607534,-0.009871856,-0.121222526,-0.18559931,0.014360114,-0.054313373,-0.039127123,-0.07477152,-0.18606204,0.067900136,-0.11090143,-0.1517221,0.14425103,0.17844169,0.03202488
TCGA-D8-A1XF-01A,-0.07541063,0.02971876,0.2006154,0.06845179,-0.011814449,0.111052476,-0.026412478,0.1738407,0.16899823,0.1252252,0.0485207,0.036578733,0.04281577,0.30334845,0.20619129,0.0950963,0.08491317,0.16160358,0.00096449023,-0.047056902,-0.019268248,-0.096771725,0.004779031,0.11085151,-0.07273022,0.04402337,-0.3232492,-0.016245458,-0.17180608,-0.1076266,0.18137017,0.06772704,-0.20200974,-0.3189065,-0.19145443,-0.16568327,-0.11679427,-0.18774503,-0.03300381,0.055926964,-0.049136266,0.024249531,0.118045725,0.102432445,-0.14489944,-0.16697334,-0.24114826,0.06659999,0.135836,0.21573795
TCGA-D8-A73X-01A,-0.013702741,-0.07441667,0.32508484,0.23879151,0.029589586,0.21052751,-0.009930332,-0.13192411,0.016631119,0.08190567,-0.016591815,0.08238818,-0.14708984,-0.019529734,0.017973471,-0.09564479,0.06039135,0.21032478,0.054143246,-0.20747708,0.08582299,0.052855052,0.06576612,0.21910669,0.05454303,0.17420074,-0.29790568,-0.070998,-0.08162774,-0.13701573,0.016107073,0.04198504,-0.114653066,-0.12622191,-0.30116802,-0.24475051,-0.026087815,-0.014323477,-0.08487393,-0.07499382,-0.10229491,-0.05999607,0.10136213,-0.034363296,0.09664293,-0.18672721,-0.100751005,0.009596488,0.28914827,0.23546493
TCGA-A2-A0YD-01A,-0.083974384,0.10624908,0.17545213,0.16631413,-0.16658928,0.13438459,0.11991034,-0.033262566,0.08867589,0.0029907012,0.010344572,-0.058027893,-0.011085939,0.11216095,0.2154552,-0.0638808,-0.06268049,0.27284944,-0.10785804,-0.1454626,-0.016635336,0.184487,0.04488901,0.24508232,0.088677585,0.1485302,-0.05145001,-0.14495935,-0.053323213,-0.034650136,0.12404024,-0.023010973,-0.082172364,-0.41718102,-0.20472452,-0.2943288,-0.06360236,-0.069610804,0.028797505,-0.004332009,0.062430244,-0.0117735,-0.02594465,-0.023604205,-0.013897606,-0.195801,-0.11321786,0.13212317,0.26954395,0.20115511
TCGA-AO-A124-01A,-0.022019649,-0.06615807,0.1634224,0.15208806,0.09940883,0.21036161,0.044774733,0.057717785,0.02695723,0.041208554,-0.08540387,-0.047948893,-0.12977262,0.06735099,0.14353067,0.044647537,0.047353312,0.14011195,0.11163579,0.042112775,0.027654959,-0.10615183,-0.21443982,-0.024023456,-0.0016559646,0.21655308,-0.2871067,-0.11124554,0.09098445,-0.331996,0.12894824,0.024344517,-0.2792617,-0.16868716,-0.06645695,-0.2766633,-0.008093158,0.037407577,-0.049412914,-0.105375044,-0.1605284,-0.031973664,0.10675397,-0.06128175,-0.22430047,-0.22996978,-0.17337373,0.08328318,0.17839615,0.20332493
TCGA-E9-A1RG-01A,0.07134256,0.014593716,0.23577417,0.2497649,0.042916995,0.06312877,0.120670415,0.072772294,-0.010274698,0.070805356,-0.053119954,-0.02744032,-0.09522405,0.13020842,0.098808266,-0.010020107,0.008559358,0.27869368,-0.120526314,0.03935189,0.07029231,-0.014548046,-0.020363415,0.22307453,-0.04851409,0.059037376,-0.1644793,-0.14074388,-0.03176383,-0.2907519,0.12552772,0.045094732,-0.21832263,-0.35819402,-0.14730342,-0.34395906,-0.2696202,-0.05467901,0.028857725,-0.016672108,0.0076042195,0.119144045,0.103522986,-0.07968781,-0.023276582,-0.1507515,0.083417214,0.068403155,0.14350735,0.14726435
TCGA-E2-A1LA-01A,0.00988455,-0.09598317,0.118502565,0.15764754,-0.15956274,0.0613754,0.014577428,0.111335255,0.05595562,-0.006672367,-0.049879342,-0.06537135,-0.09598845,0.090492494,0.17932467,-0.1778565,0.23469839,0.086902775,-0.06289596,-0.19749911,0.13743113,-0.006335542,0.020408047,0.16809037,-0.03314548,0.238376,-0.34735563,-0.14491051,-0.12893632,-0.073060006,-0.046904676,-0.009139612,-0.15868627,-0.36227298,-0.1983401,-0.16890398,-0.118344,-0.011637292,-0.0750046,-0.11632416,0.02117448,0.08087607,0.30571342,-0.064018674,-0.15143606,-0.08847895,-0.04100913,0.06340476,0.08298743,0.19058858
TCGA-B6-A1KC-01B,0.06495212,0.013035019,0.3036377,0.26244882,-0.08887715,0.26037174,0.0914355,-0.036049426,0.081651054,0.10213485,-0.07327226,-0.07696833,-0.21768428,0.12886399,-0.008587912,-0.17202955,-0.008971224,0.0659759,-0.08048172,0.078962214,-0.040757615,-0.16254935,-0.061220393,0.10291631,-0.14014219,0.021956965,-0.3532003,-0.117789835,-0.08086897,-0.12713215,0.17007144,0.08279912,-0.30969858,-0.23838581,-0.17347357,-0.17734668,-0.15134425,0.059204835,-0.09722921,-0.042892683,-0.036052074,-0.09708177,0.06526831,-0.07001377,-0.055832442,-0.10625722,-0.14572193,0.014154476,0.045730952,0.20130427
TCGA-3C-AAAU-01A,-0.074665,-0.020656822,0.20059529,0.028105544,-0.015047285,0.055010524,0.0821341,-0.07928738,0.040721137,-0.082021326,-0.09294383,0.055378124,-0.08539304,0.23824327,0.1383833,-0.16285674,0.14221838,0.09848689,0.10003047,0.07671221,0.07670933,0.022833336,0.019512845,0.15292253,0.017319066,0.15904045,-0.3541301,-0.14275467,-0.034988146,-0.15886603,0.09710753,0.25972733,-0.11170822,-0.17349581,-0.11004264,-0.30553126,-0.28873283,-0.1993991,-0.0055042664,-0.10917054,-0.15312618,-0.077487335,0.18311983,0.04200421,-0.06937492,-0.23125716,0.029177472,0.049507994,0.1865534,0.10904155
TCGA-D8-A27I-01A,-0.04027817,-0.095365405,0.18156427,0.15631762,0.03391448,0.120784245,-0.06713956,-0.050310344,0.049682993,0.05108859,0.044354122,-0.11223497,-0.03968364,0.078932025,0.21202447,0.098873064,0.040009513,0.23066749,0.053262394,-0.027393328,-0.040002108,-0.042455263,-0.0396519,0.27192095,0.1535021,0.08498452,-0.32847467,-0.12678826,-0.06978659,-0.094039574,0.11578551,0.21760312,-0.121232435,-0.22487998,-0.10900647,-0.25840396,-0.13317554,-0.30837595,-0.046947245,0.02890506,0.19371611,-0.049931318,0.065656096,0.018509928,0.002258828,-0.049066603,-0.039416336,0.20888303,0.2689065,0.18976896
TCGA-AR-A2LL-01A,-0.00094463927,0.13012703,0.22570024,0.23634201,0.016044404,0.2880205,-0.01590801,0.10539463,-0.081135735,0.07606525,-0.07249606,-0.0596765,-0.15673573,0.08639548,0.21917637,-0.08898154,0.1870759,0.075689144,-0.13757244,0.028322782,0.12057809,0.017230164,-0.057548042,0.21255739,-0.013945632,0.14094926,-0.23317474,-0.0925038,-0.15333068,-0.064723946,0.091856316,0.04369715,-0.21796328,-0.27088258,-0.12803677,-0.3360042,-0.034045555,0.054994352,0.112028524,0.0018489657,-0.1113146,0.055405468,0.23690876,-0.007575569,0.077037364,-0.16511433,0.031420898,-0.017570736,0.10051848,0.21106213
TCGA-OL-A5RU-01A,-0.018138237,-0.014522042,0.26304322,0.105462246,0.035502978,0.24365917,-0.08490246,-0.10707,-0.051909357,-0.06035733,0.049961552,-0.020489708,-0.07841966,0.05069027,0.18676054,-0.13724387,0.17190497,0.18931375,-0.06446743,-0.004995531,0.06414829,0.05489887,0.00086715666,0.3169698,-0.123822816,0.102046154,-0.20279537,-0.12637034,-0.12571573,-0.087561116,0.036562208,0.06397367,-0.18135364,-0.241554,-0.12715447,-0.31927726,-0.07593014,-0.085766464,-0.19459547,-0.082153715,-0.07634328,0.03575512,0.14141196,-0.2377081,0.01421077,-0.24851587,-0.21850702,0.13617134,0.007641767,0.015578467
TCGA-B6-A401-01A,0.1874082,-0.043328565,0.25132415,0.2041532,-0.18412715,0.16182151,0.06840066,-0.049575213,0.050021566,-0.0025426687,-0.06378321,-0.074160166,-0.04958545,0.09438635,0.044128228,0.049542096,0.107354514,0.15344797,0.07377009,0.04798494,0.005970607,-0.099811904,-0.09821399,0.10529802,0.055892892,0.082092784,-0.27919316,0.012326602,-0.0011955841,-0.25870663,-0.0041751326,0.1961661,-0.1301596,-0.4343313,-0.09873444,-0.20877337,-0.16067886,-0.26998278,-0.059980128,-0.06299519,-0.013082495,0.008710148,0.12315707,-0.091219015,-0.061071537,-0.15712899,0.020675173,0.1198655,0.03036927,0.25115672
TCGA-E9-A247-01A,0.17575821,0.03502993,0.06467274,0.08982512,-0.09741983,0.09514424,0.14748222,-0.11026955,0.058267556,0.0193413,-0.013966514,-0.1422852,-0.03948663,0.2594941,0.014983423,-0.14730386,0.065646924,0.1084262,-0.03792812,0.040795747,0.09338873,-0.09395591,0.002596242,0.29676917,0.009551596,0.22641958,-0.22304201,-0.094329275,-0.0025289757,-0.13596201,0.037568834,0.043160386,-0.12295844,-0.33205613,-0.07790077,-0.37916327,-0.029264143,-0.10427583,0.002098125,-0.12744975,-0.0072556864,0.054279957,0.19121121,-0.03671535,-0.0851838,-0.079273514,-0.061682183,0.26067603,0.17107734,0.27003494
TCGA-E2-A1BD-01A,0.090049975,0.21859154,0.24728191,0.0954904,-0.08740105,0.14607486,0.01397764,-0.03824039,-0.011789505,-0.040713016,-0.08588189,-0.10341177,-0.016007245,0.25559372,0.034659214,-0.22097453,0.123838805,0.21579015,-0.22939591,0.031101601,-0.11024235,0.11503495,0.07636528,0.1627579,-0.03975522,0.15186755,-0.2292471,-0.029608743,-0.054124713,-0.14253193,0.057756025,0.028439526,-0.10595947,-0.21755858,-0.21304935,-0.22790033,-0.16997394,-0.057978664,-0.20605192,0.06078612,-0.10376221,0.16049097,0.12734336,-0.13305214,-0.1899936,-0.096005514,-0.06589096,0.055817913,0.10833742,0.24457541
TCGA-BH-A1F8-01A,0.037060153,-0.038316775,0.12856805,0.20313337,-0.13424078,0.12580352,0.039802503,-0.13916014,0.09488221,0.20677847,-0.11168523,-0.1448744,0.0018272726,0.15963508,0.13200001,-0.059710808,0.19625191,0.34274873,0.18593274,0.046623267,0.11583968,0.04332173,0.05673904,0.02839978,0.16045664,0.17162389,-0.29422966,-0.15564713,-0.085087135,-0.04449115,0.27600464,0.1336325,-0.17288211,-0.2171286,-0.12794286,-0.2580898,-0.108762614,-0.005447848,-0.098157965,0.016264785,-0.14087047,0.11068781,0.103440575,-0.057842467,-0.039374873,-0.13244873,-0.063963324,-0.023429278,0.012788398,0.14053048
TCGA-D8-A1JN-01A,-0.10415263,-0.054214448,0.23124741,0.298202,-0.0979213,0.06883906,-0.06234615,0.15840104,0.093849085,0.030677656,-0.019899413,0.032745108,-0.115466036,0.17336537,0.08732845,-0.045029636,0.072652355,0.3021637,-0.022094091,-0.026957668,0.043874297,0.013538928,-0.039777048,0.3221857,0.061025962,0.16255707,-0.3670234,-0.21558872,-0.06493389,0.023691203,0.017459556,0.04991658,-0.12682082,-0.20651162,-0.3291411,-0.12046873,-0.13284352,-0.11468629,-0.19272491,-0.055170804,-0.016031371,-0.03683707,0.029263593,-0.055242088,-0.09849427,-0.101898745,-0.046819672,0.05594406,0.082330175,0.1475813
TCGA-E2-A9RU-01A,-0.046903286,0.05268613,0.23400912,0.24465008,-0.022338975,0.1154445,0.08318262,0.03867546,0.19417706,0.10688182,0.062728785,-0.06976138,0.02589462,0.22736146,0.23210461,-0.18799433,0.11189343,0.16059801,-0.026482956,0.0380944,0.07101862,0.0056170267,-0.010081195,0.14596689,0.019401548,0.17276013,-0.23231812,0.02600652,0.067683384,-0.14318243,0.039775826,0.10303077,-0.1666039,-0.27946717,-0.19704092,-0.3232055,-0.120311655,0.004360049,-0.009816028,0.11345702,-0.13592534,-0.005665108,0.09233864,-0.094371065,-0.18388426,-0.04957205,-0.22798173,0.06729306,0.01051394,0.2532368
TCGA-D8-A1XU-01A,0.004211259,0.1385595,0.22947504,0.039028224,-0.15422864,0.033826612,-0.0010223644,0.078384,-0.023786826,0.12872563,-0.21507034,0.11974946,-0.124695666,0.23627906,0.09579903,-0.0053616175,0.07693735,0.048062105,-0.023444083,0.09113387,0.072477184,0.019807208,-0.10017216,0.21247648,-0.026025537,0.13699764,-0.37000084,-0.029734023,-0.059795257,0.009949824,0.2720538,-0.09604717,-0.119612746,-0.27158394,-0.13094467,-0.1994277,-0.2296182,-0.026763588,-0.029297018,-0.17229454,-0.0672965,-0.033658974,0.17747518,-0.14359954,-0.06357899,-0.17984907,-0.09026216,0.07761004,0.2573597,0.10778603
TCGA-AO-A1KP-01A,-0.073653325,0.008404566,0.27478746,0.3294718,-0.1107041,0.14166038,-0.12940258,-0.027968068,0.02650686,-0.0064525255,0.0022172478,0.047150794,-0.060054228,0.2548262,0.09188495,-0.10450017,0.08077858,0.32147348,-0.08669543,-0.043210506,-0.033327684,-0.0041581294,-0.0009051504,0.15964136,-0.14167112,0.24683978,-0.2704196,-0.031753268,-0.123258695,0.016157113,0.09104069,0.04500272,-0.14566503,-0.25624943,-0.17838483,-0.293047,-0.06185978,-0.016308812,0.026446102,0.03410821,-0.03849694,0.062140584,0.12220693,0.11651505,-0.10743018,0.01800242,-0.14453335,0.13369901,0.14789657,0.161407
TCGA-3C-AALK-01A,-0.14849015,0.10180354,0.16967377,0.20016614,-0.18162906,0.27608344,0.10802051,0.23492604,0.093733355,-0.05775261,0.07524344,0.037409935,-0.07100633,0.13417478,0.070172824,-0.1301104,0.034000177,0.22768389,0.01227301,0.05586981,0.18144254,0.020191154,0.046402484,0.16241641,0.019068161,0.2140207,-0.31789783,-0.10796656,-0.02082662,-0.13158768,0.01378512,-0.049829673,-0.119074,-0.23753816,-0.10906529,-0.30909282,-0.022665625,-0.16188285,-0.17924727,0.052103397,-0.0061070165,-0.04643744,0.14903718,-0.17846228,0.0029839736,-0.039250024,-0.14986876,0.026720025,0.11666177,0.16418287
TCGA-A7-A5ZV-01A,-0.10231388,-0.048201833,0.17989875,0.23626903,-0.1336169,0.15440698,0.20622104,-0.027451904,0.117191344,0.07864574,0.022821803,-0.09234142,-0.059311874,0.28028458,0.11570458,0.050835002,-0.07979176,0.16544504,-0.003422741,-0.04272718,0.062079728,0.043167364,0.008286766,0.32512775,0.03471614,0.029180977,-0.43183708,0.001965386,-0.02473751,-0.22226678,0.111651465,-0.008898104,-0.04979188,-0.24681863,-0.16320807,-0.1882758,0.0067950464,-0.14854781,-0.043681238,-0.039871477,-0.024705386,0.19048549,0.06490669,0.0045528105,-0.029902609,-0.21251203,-0.1246864,-0.061878316,0.033513095,0.17343597
TCGA-AN-A0XO-01A,-0.06425224,-0.06504644,0.13120525,0.17946312,-0.21359362,0.24663945,0.0010846487,-0.068877734,-0.0037585106,-0.10807113,-0.034125242,0.092686415,0.0098313065,0.3307251,0.16547124,0.03416408,0.071139544,0.41836536,0.087060906,-0.13217603,0.06944589,0.09299793,-0.014638419,0.16619408,0.095949486,0.025512619,-0.20007548,0.024115274,-0.05352977,-0.26056895,0.06355839,0.12370807,-0.20157523,-0.14697964,-0.11001409,-0.21363229,-0.060369845,-0.04816344,-0.109915435,0.04026744,-0.19807999,-0.01986131,0.13888183,-0.016577497,-0.042891204,-0.16286367,-0.04090802,0.12540103,0.106363036,0.16915467
TCGA-B6-A0X4-01A,0.05947884,0.023699364,0.23606429,0.17719942,-0.2184859,0.1729333,0.09262086,-0.03253927,-0.013608448,-0.10509424,0.017165668,0.026140759,-0.006383225,0.10588543,0.19794574,-0.045200925,0.103293665,0.21433726,-0.10479118,0.0008597412,0.06780973,-0.1803559,-0.079417855,0.25423974,0.13383275,0.14664035,-0.26523873,0.02569632,0.11035777,-0.033143543,0.11773056,-0.021066116,-0.108045764,-0.18495435,-0.17695437,-0.39090055,-0.13482535,-0.06889826,0.033163458,0.032145903,0.10849456,-0.015920758,0.14991896,-0.22892737,-0.03404228,-0.1326855,-0.08988336,0.046784237,0.13155408,0.23416848
TCGA-AO-A0JI-01A,0.05264501,0.02406474,0.20969035,0.13591394,-0.054839753,0.21630006,-0.030322025,-0.033918034,-0.030860282,0.15100376,-0.08707345,-0.12234583,0.06650073,0.18623236,0.13549677,-0.17465283,0.14015783,0.32508084,-0.2044151,-0.10455724,0.13148923,0.055413663,0.00816154,0.24010594,0.016634153,0.059400618,-0.32243836,0.019582177,-0.009441218,-0.13352756,-0.0017770488,-0.014998271,-0.09122544,-0.2241091,-0.0461367,-0.2113648,-0.039132245,-0.21787071,-0.036979116,-0.026639163,-0.12916978,-0.12942275,0.040196232,0.040051006,-0.030020135,-0.21039818,-0.070426874,-0.097370654,0.19045244,0.27692744
TCGA-GM-A5PV-01A,-0.05610245,-0.14109904,0.30201477,0.101382405,0.024180036,0.28588334,0.039421957,0.09564253,-0.21806677,0.1440714,-0.072054096,-0.0341583,-0.18125221,0.12402174,0.19876416,-0.07020289,0.026618984,0.1984394,-0.0029603448,-0.07297052,-0.021394428,0.13984354,-0.17795213,0.22164027,-0.10022445,0.22778861,-0.27899915,-0.05295038,-0.05564817,-0.03106449,0.027656922,0.0027156111,-0.18283555,-0.31239074,-0.18553959,-0.26095948,-0.02781164,-0.1220098,0.06698645,0.02457028,0.038152296,0.090835705,0.10643851,-0.068230905,-0.005691401,-0.06271344,-0.13044395,0.08884992,0.09660938,0.057187162
TCGA-D8-A1JT-01A,-0.009169843,0.07485067,0.09135122,0.21417016,-0.11984613,0.17088263,0.14587635,0.083801374,0.0062991735,-0.04218784,-0.014833998,-0.20102912,-0.055068962,0.22458388,0.15666851,-0.13426495,0.16408657,0.20480004,0.04145224,-0.14120369,0.19938622,0.018969497,0.091204815,0.25457495,-0.040153313,0.2389847,-0.23278336,0.055480495,0.020946808,-0.10754841,0.13323912,0.1699032,-0.15001637,-0.1835754,-0.07606495,-0.23374785,-0.09542101,-0.004959003,-0.08727297,-0.08803953,-0.12058932,0.004228734,0.18945673,-0.0359722,-0.049003355,-0.23695266,-0.013330108,0.114175096,0.1866839,0.22774751
TCGA-A8-A08O-01A,-0.16223888,-0.084993735,0.123247124,0.16093831,-0.11180239,0.29209837,0.11660532,-0.09300279,0.064350486,-0.04344269,-0.10653475,0.008884961,0.09350142,0.03609745,0.09431931,-0.16352805,0.092976615,0.23725158,-0.037121877,-0.1994976,0.03347961,-0.103983186,0.01047908,0.20808667,-0.039130084,0.12752245,-0.3319412,-0.28440717,-0.069979034,0.05659365,0.17539293,-0.008910622,-0.18822159,-0.2693627,-0.18265292,-0.15153828,0.06092922,-0.053864814,-0.00240347,0.016853167,-0.11730321,0.05264161,0.0690058,-0.121913195,0.07622356,-0.010072181,-0.061652634,0.0062105097,0.22843137,0.2521787
TCGA-A7-A4SF-01A,-0.028091524,-0.06664622,0.21824162,0.19283298,-0.03091861,0.1335404,0.13730453,-0.034301754,0.07188977,0.11997628,-0.12253212,-0.064596795,-0.1171661,0.26841792,0.046759963,-0.16927268,0.019609855,0.20046815,-0.07434326,-0.0697744,0.08173145,0.025799321,0.035635244,0.19121742,0.044174574,0.1654736,-0.2293846,-0.10099821,0.11303166,-0.1887143,0.031021094,0.16265547,-0.12765858,-0.23858793,-0.16097483,-0.24987997,-0.26356554,0.069353186,-0.24921156,-0.13485384,0.05050873,-0.103036374,0.07844457,0.007889616,-0.16020812,-0.15961689,0.07197552,0.008173415,0.10371652,0.22133978
TCGA-OL-A5S0-01A,0.09865297,0.14979969,0.21273683,0.09621884,-0.13596517,0.2404118,0.069554366,-0.07303813,-0.0029803151,0.10194002,-0.023205865,0.117457695,-0.23789021,0.17314829,0.14891635,-0.099072315,0.082727134,0.34829822,0.04636734,-0.123995535,-0.123561725,-0.0993904,0.08657685,0.09666933,0.041049097,0.113427825,-0.2559533,-0.10282917,-0.10406827,-0.16073237,0.017905517,0.117628194,0.0075830626,-0.28068098,-0.15269402,-0.20997396,-0.18894091,-0.15200955,-0.08102211,0.14252947,-0.07966697,-0.0024806666,0.24957862,-0.16660847,-0.0023083976,0.04258671,-0.07547607,-0.085954085,0.08788701,0.058940373
TCGA-EW-A1J2-01A,0.03936713,0.030978404,0.26217225,0.047849018,0.04094928,0.18204094,0.08235334,-0.037474968,0.1952036,-0.09296556,-0.003599638,0.01082072,-0.15225874,0.2054193,0.14702426,-0.051057935,0.09655017,0.1497149,-0.0512266,-0.076086886,0.13968645,-0.024939887,-0.005357736,0.17706479,0.095670514,0.19949065,-0.22901168,0.019231495,-0.16834986,-0.0042993613,0.06654123,-0.025186239,-0.12356401,-0.29270563,-0.2787332,-0.35559937,-0.17209564,-0.09267523,-0.04486537,0.08429889,-0.056990277,-0.15891005,0.084208846,-0.14285369,0.16228381,-0.07247329,-0.131314,0.08111118,0.15510637,0.17958826
TCGA-E9-A1RF-01A,0.14077735,0.0070309276,0.10507937,0.074848235,-0.18469128,0.16207342,-0.0392403,-0.10197996,0.07496659,0.06522698,0.08283518,-0.040142715,-0.11735106,0.31109107,0.15064348,-0.100178406,0.02845274,0.15138073,-0.015683822,0.064775914,0.031445924,-0.04070133,0.045601882,0.2670489,-0.09295663,-0.0167492,-0.19345896,0.04460977,-0.16755626,-0.07409616,0.094968334,0.07965985,-0.24159902,-0.28274772,-0.17972304,-0.3569955,-0.080932215,-0.105382785,-0.106661566,0.050766427,-0.055444356,0.12464938,0.1710605,-0.11684856,-0.19760785,-0.14214483,-0.15953518,-0.006223499,0.09094392,0.20941567
TCGA-A2-A0YF-01A,0.1858135,-0.0013681194,0.3180407,0.32762244,-0.034547165,0.24329789,-0.0002838116,0.022719614,-0.18005472,1.9763891e-05,-0.05573618,0.034769382,-0.10616941,0.13554229,0.0514936,0.02067134,0.093413904,0.17879139,0.032558873,0.0376743,-0.027993945,-0.10262384,-0.036795985,0.18366884,-0.0053978907,0.19770028,-0.2723542,-0.066234104,-0.0039251377,-0.09158061,0.13494669,-0.055669736,-0.20730366,-0.23418981,-0.14807038,-0.22640188,-0.16160572,-0.035010617,-0.15643756,-0.12881532,-0.07829337,-0.06673749,0.13880649,0.026653994,0.07054965,-0.26359367,-0.003484151,-0.15744267,0.09948947,0.102608904
TCGA-D8-A73W-01A,-0.06585123,-0.076474644,0.22645321,0.20968783,-0.06310612,0.28880972,-0.18311886,-0.03218005,0.01153029,0.09995483,-0.09400825,-0.043823417,-0.12562972,0.015341387,0.04449898,-0.089228444,0.0750856,0.15295792,0.22623175,0.014306519,0.1714794,-0.0055448683,-0.062118266,0.1641477,0.121810295,0.08655143,-0.21119042,-0.14760005,-0.10426462,-0.13964367,0.04685176,0.036946803,-0.2156872,-0.3965787,-0.14562473,-0.10595102,-0.13933003,-0.0075543765,-0.26565355,0.018385358,0.048604757,-0.13434848,0.0026276002,-0.12542358,-0.043855906,-0.09738355,-0.049837187,0.15345079,0.12317753,0.21699633
TCGA-A2-A4S3-01A,0.02488907,-0.035295386,0.17367986,0.18836485,-0.040066946,0.19582361,-0.07791864,0.08215815,0.13363168,0.08866032,0.06929337,-0.017683761,-0.07196313,0.11738653,0.055708714,-0.22585914,0.15443283,0.1912207,-0.075501874,0.0038579975,0.13568793,0.012528613,-0.06523367,0.2532954,0.030656531,0.04707681,-0.27939025,0.061745908,0.0014016884,-0.08159349,0.17098442,0.05274357,-0.27212116,-0.2569975,-0.10980943,-0.21715555,0.03107497,0.13928156,-0.19235784,-0.1828947,0.06769067,0.084688455,0.32878074,-0.14871204,0.025924778,-0.14963636,-0.07478654,0.16166791,0.035558097,0.104111485
TCGA-D8-A27H-01A,0.12410527,-0.091627054,0.22498828,0.28910154,0.0050616027,0.2196624,0.021172453,-0.022625722,-0.01596563,0.0061346055,0.07375573,0.044501673,-0.15188007,0.0020148994,0.30704126,-0.078008085,0.08835366,0.32376328,-0.033476505,0.008761834,0.13235734,-0.081361994,-0.07920555,0.14216997,0.09510483,0.13667959,-0.13699926,0.016292702,0.07552132,-0.1571761,0.1705671,0.058862083,-0.10705775,-0.2215252,-0.070897356,-0.30658147,-0.11030696,-0.07011137,-0.033563264,-0.013826576,0.13140191,0.08722787,0.071284354,-0.1926623,-0.13075508,-0.0651079,-0.20648594,-0.038948286,0.1507989,0.23277764
TCGA-A2-A0T7-01A,0.029596673,-0.15128565,0.20642611,0.09691997,-0.15328841,0.17927384,-0.00456668,0.031753194,-0.09448858,0.04054069,-0.033628006,-0.12198781,0.035371106,0.045210343,0.2645287,-0.16443963,0.06903653,0.10858902,0.08655668,-0.05553525,-0.14684471,-0.051504232,0.029703086,0.24492791,0.013173039,0.1375452,-0.31397253,0.035949577,-0.06727581,-0.07976484,-0.08889846,0.0444602,-0.18674965,-0.36012614,-0.05865141,-0.17912148,-0.019499004,0.033393078,-0.09162106,-0.09600662,-0.030472483,-0.11286158,0.25808105,-0.1639868,-0.13480131,-0.23121211,0.029152274,-0.033315036,0.2481266,0.16492279
TCGA-E9-A22B-01A,0.024777185,-0.10117305,0.22828606,0.2534088,-0.11790902,0.2203336,0.08032712,-0.011170578,-0.019749673,0.051987275,-0.13271932,-0.0019674622,-0.09351681,0.24861963,0.18522367,-0.19994229,0.06704068,0.070779786,-0.0017829449,0.017672436,-0.03977729,-0.111968234,-0.08401487,0.13521224,-0.08522671,0.25580552,-0.10707717,-0.07720962,0.021760162,-0.13726902,0.043835428,0.1547235,-0.18483572,-0.2731664,-0.11654628,-0.15848023,-0.111001894,-0.05273366,-0.11956823,0.13045312,-0.060126945,-0.06519351,0.25538424,-0.122799054,-0.10946402,-0.10137603,-0.16230294,0.1764053,0.24226603,0.18214491
TCGA-C8-A26V-01A,-0.0448677,-0.07568891,0.10918196,0.22269373,-0.04508786,0.1954414,0.11216431,0.057136495,-0.015613203,0.21208532,-0.055389088,0.0145516,-0.0950008,0.09661456,-0.026617121,-0.15584792,0.07148385,0.14846136,-0.14964345,-0.04628206,0.09601054,-0.0401152,0.016257154,0.13816875,0.025062386,0.023469307,-0.31013507,-0.15474786,-0.15963918,-0.025064614,0.12160158,0.034348715,-0.06836105,-0.2972003,-0.36767107,-0.32239553,-0.03426517,-0.18059388,-0.13283877,-0.06560645,0.021603249,-0.04003733,0.1661128,-0.16795023,-0.051435485,-0.16310576,-0.032311853,-0.029465342,0.17715584,0.17109908
TCGA-BH-A1FJ-01A,-0.04379051,-0.04677846,0.16249952,0.1469219,-0.071368545,0.29411766,-0.03318049,0.07368488,0.026391031,-0.10620954,-0.030644039,-0.14013794,0.049856924,0.15832484,0.16699249,0.040519238,0.099177696,0.14817847,0.12901771,-0.05066629,0.04974324,0.018939788,0.02548279,0.33260274,0.022290282,0.20056427,-0.30893672,-0.04412405,0.044152558,0.038768113,0.23446524,-0.07351378,-0.18827283,-0.1405519,-0.01818777,-0.28201184,0.08647299,-0.20463172,-0.14653407,0.055915244,-0.12894958,-0.12173538,0.053472914,-0.051024098,0.020399448,-0.1339767,-0.0125123225,0.23255101,0.13659841,0.23642562
TCGA-AR-A1AU-01A,-0.09912676,-0.01866342,0.040820897,0.16548286,-0.031939577,0.293953,0.063999385,-0.13856524,0.069567464,0.040443555,-0.01966386,-0.1120942,-0.18611684,0.09919527,0.18418685,0.09071438,-0.029290559,0.3288762,-0.0635386,0.14336206,-0.0020488338,0.08192251,0.1622558,0.13552292,0.101040356,0.07694531,-0.23332691,-0.2050054,-0.11434088,0.017757755,0.07519298,0.2058186,-0.18713076,-0.33174744,-0.12413212,-0.06818908,-0.16449915,-0.07316314,-0.030033471,-0.13030568,-0.07283634,0.008233836,0.18116812,-0.005180061,-0.04084788,-0.18745056,-0.057155944,0.20629644,0.08663094,0.20294213
TCGA-B6-A0WV-01A,0.021292469,-0.0500196,0.20227058,0.19858107,0.04917745,0.32741985,0.053354677,0.02297769,0.07079074,-0.041907676,0.013519633,-0.20219396,-0.13759279,0.14424941,0.15898465,-0.13392808,0.106851816,0.30491686,-0.02982331,0.06071983,-0.0049184063,-0.06458271,0.06702643,0.1738156,-0.13636573,0.15914552,-0.14739247,-0.016712625,-0.050138883,-0.2831783,0.017840115,0.06027139,-0.2059937,-0.114314936,-0.14188713,-0.28876957,-0.19728136,-0.04677756,-0.072863296,-0.08571868,-0.10449986,0.09118249,0.086032964,-0.029620245,0.009876546,-0.21840882,-0.10301286,-0.027663253,0.13453165,0.23428759
TCGA-BH-A0DG-01A,-0.047959648,0.07311975,0.21465027,0.24821788,0.033744413,0.15339859,0.09914986,0.074447565,0.035694696,0.0068697385,-0.031482577,-0.113917045,-0.06786374,0.26380014,0.18105692,-0.13784416,0.017796904,0.29530713,0.004712962,-0.123708874,-0.036101125,-0.0035651189,0.032522205,0.07091581,-0.16501878,0.21379842,-0.22015746,-0.067681655,-0.04780639,-0.14161499,0.04657553,-0.058036342,-0.078892544,-0.15766221,-0.11129893,-0.23219922,-0.021474572,-0.28064266,0.0032109728,-0.19141833,0.0066326554,-0.14638324,0.15274973,-0.0030254005,-0.119203925,-0.21583891,-0.07595717,0.10791068,0.23405926,0.21947439
TCGA-AC-A3YI-01A,-0.2222795,-0.07911631,0.44104832,0.29085258,0.014057005,0.14716016,0.013112795,-0.022900596,0.08709694,0.08126707,0.15134706,-0.06781247,-0.039727975,0.062931255,0.07666383,0.057205524,0.06790721,0.15206766,-0.011882594,-0.016951976,-0.09660136,0.0056056473,0.012888566,0.11202847,0.044723183,0.18956906,-0.21036917,-0.10351778,-0.07067038,-0.14988387,0.09581954,-0.06613378,-0.12830858,-0.16998853,-0.08162829,-0.33755013,-0.117885694,0.0349658,-0.08726924,-0.178519,-0.029557658,-0.021360049,0.11793333,-0.19055745,-0.0030390166,-0.10830632,0.072304666,0.18900973,0.19100386,0.20204422
TCGA-BH-A0E2-01A,-0.07257127,-0.001161671,0.1917075,0.20675789,-0.11229531,-0.010702964,0.07759587,-0.06884426,-0.06924798,-0.04970606,-0.18169095,-0.023589276,-0.05247488,0.4470111,0.09623464,-0.04827407,-0.07513426,0.19062531,-0.056913566,-0.15764466,0.025898816,0.032681633,-0.10269312,0.06381588,0.05563732,0.16143537,-0.13733366,0.0021465383,-0.21650618,-0.12260935,0.11236593,0.18515505,-0.13147753,-0.32793626,-0.007933687,-0.3159993,-0.0110689895,0.06502158,-0.1323428,-0.05550134,-0.06946477,0.04900452,0.14274883,-0.13743329,-0.06856269,-0.16414016,-0.17979968,0.0021271198,0.06629202,0.1700702
TCGA-AC-A3W7-01A,0.044188585,0.041839916,0.15424426,0.094436415,-0.19172113,0.17826642,0.13776322,-0.007417601,0.0820727,-0.043294676,0.112360746,-0.13729979,-0.14159,0.12716453,0.13964789,-0.08434656,0.030630538,0.23460741,0.031301,-0.21035527,-0.012142536,0.06907735,-0.15296014,0.21034485,-0.01873394,0.09444713,-0.24626325,-0.08241635,-0.053527277,0.09116436,0.21194094,0.116461724,-0.09445977,-0.23890167,-0.29472914,-0.2619953,-0.026513314,-0.07155884,-0.30562246,0.046667464,0.13626641,-0.08585162,0.16826953,-0.012334218,0.043029636,0.004505194,-0.08429338,0.12588313,0.189227,0.12253077
TCGA-OL-A6VR-01A,-0.027740916,0.040775303,0.17561275,0.28131887,-0.14481474,0.010268324,0.023648418,0.03266799,0.040668447,0.0053707636,0.13335975,-0.052016508,-0.24617797,0.12963738,0.121117555,-0.059242904,-0.010604151,0.11151848,0.007506944,-0.06567915,0.0037195692,-0.06405973,-0.11156627,0.12147698,0.038974274,0.25297663,-0.15919317,0.075442046,-0.069906466,0.008109584,0.1318069,-0.018214153,-0.26939052,-0.39255676,-0.1549306,-0.37238044,-0.14933047,-0.03416884,-0.10091396,0.008098402,-0.096231334,-0.107185304,0.1318124,-0.1239318,-0.09891205,0.014774249,-0.06724527,0.12778202,0.13236445,0.23401001
TCGA-AR-A24X-01A,-0.024250867,0.033375632,0.1317073,0.13351506,-0.19976532,0.13276756,-0.12150635,0.044217814,-0.17979275,-0.077367246,-0.06440517,0.08743004,-0.097250424,0.14777954,0.24605806,0.079488,0.22227764,0.15107237,-0.02307689,0.049478725,0.022057991,-0.031020364,-0.056683704,0.24924122,0.053437524,-0.11534518,-0.3070127,-0.17562982,-0.014327991,-0.070210785,0.15349199,0.084004775,-0.029888894,-0.19723338,-0.1794923,-0.37621766,-0.16817935,-0.10126626,0.055486117,-0.019896636,0.010892852,0.05919726,0.11867102,0.09929578,-0.018050864,-0.18354416,-0.025520228,0.09172593,0.1642671,0.26154974
TCGA-AQ-A1H2-01A,0.05158385,-0.1541074,0.32263893,0.22760215,0.00085444393,0.08084106,0.022665827,0.03339952,0.020927705,0.09862364,-0.042083774,-0.05068876,-0.022176318,0.012314657,0.11423779,-0.081830464,0.10259168,0.18901435,0.0042194775,-0.03161585,0.12148119,-0.08906459,0.05359885,0.05906894,0.16197476,0.342562,-0.3347759,-0.04885933,-0.0077802986,-0.1543644,0.23013368,0.008093218,-0.14784144,-0.3446276,-0.03018784,-0.14779018,-0.24238005,-0.0057807374,-0.11429674,0.06255228,-0.08138588,-0.13536909,0.01007256,-0.14781497,-0.022440562,-0.02400374,-0.09932953,0.15689334,0.06999143,0.19196682
TCGA-BH-A0H9-01A,0.09364868,-0.11372077,0.17345096,0.19786988,-0.090848014,0.06375005,0.055040922,-0.1505697,0.06885908,0.0585446,0.027083687,-0.119889066,-0.0023190915,0.19643714,0.12560855,-0.15463084,0.10900918,0.08210921,0.019055624,0.036668986,0.08023499,-0.02034197,-0.16068548,0.093986414,0.038377285,0.24605584,-0.31288177,0.0738809,-0.04531238,-0.01243374,0.20172638,0.042736303,-0.2172843,-0.41098204,-0.17099173,-0.34321052,-0.0477667,-0.15408531,0.005694796,-0.03210476,0.070395276,0.07420616,-0.004383259,-0.026474664,-0.019624334,-0.08292466,0.084572546,0.07820491,0.21095906,0.17634086
TCGA-EW-A1P8-01A,-0.06619896,-0.064302206,0.17464836,0.18111935,0.038104046,0.11407891,0.0018324753,-0.05644862,0.044561654,-0.12305721,-0.18676466,-0.123922855,-0.14826454,0.20923643,0.28222075,-0.12589985,-0.07739146,0.24902968,0.017157922,-0.07690653,0.0081549445,-0.095462784,0.110142626,0.038997073,0.09402821,0.081572816,-0.24010354,-0.08056192,-0.20555887,-0.18015787,0.082070954,0.06083059,-0.26052657,-0.24621028,-0.08783224,-0.22742708,-0.060768183,-0.10178632,-0.040957075,-0.061428834,0.0012812347,0.036682043,0.05228859,-0.2291838,-0.12182019,-0.21644849,-0.120364234,-0.0086797,0.104668126,0.26232314
TCGA-B6-A0WT-01A,0.15223779,0.17596005,0.3045162,0.3493907,-0.13891435,0.2716926,0.030702375,-0.059604835,-0.017998077,0.012791243,-0.009653676,-0.048356045,0.034544215,-0.016961444,0.0047405497,-0.057713293,-0.05862903,0.2636607,0.025314098,0.06223448,0.12049109,0.18880524,-0.089641035,0.19076413,0.08984791,0.051129036,-0.35555077,-0.05735785,-0.10710749,-0.10576081,0.18347429,0.11544611,-0.1660348,-0.22933118,-0.023185637,-0.20436223,-0.16803446,-0.1269037,-0.10581557,-0.08869789,-0.03952184,-0.12927733,0.07686732,0.0065445425,-0.07261944,-0.100614175,-0.023385152,0.095016524,0.08817501,0.02747439
TCGA-D8-A1JA-01A,-0.08013181,-0.032864332,0.22550027,0.23272146,0.0099681765,0.3124153,-0.044991415,0.077100344,0.03528504,-0.0013542259,-0.047342654,-0.15259881,0.034670833,0.1875926,0.23124842,0.007650275,0.2167262,0.078303635,0.008723528,-0.17619611,0.012027502,0.15118565,0.12995714,0.11337196,-0.034936145,0.16021393,-0.26273715,-0.039453756,-0.016029214,-0.03195345,0.09309238,-0.16983904,-0.10364249,-0.26214385,-0.22623226,-0.19883277,-0.070327215,-0.17234173,0.05166518,-0.03988994,-0.1335849,-0.08813852,0.20621972,0.049479086,-0.059776902,-0.12129615,-0.035606667,0.11117478,0.26979357,0.086649455
TCGA-BH-A0B6-01A,0.06877926,0.011516101,0.16979748,0.10972636,-0.106309325,0.08024931,-0.017770842,-0.02634987,0.19893278,0.04137947,-0.019596325,-0.11279121,0.029489776,0.21158978,0.31927475,-0.14609092,0.047519792,-0.03217876,-0.009899974,-0.057718206,-0.09036365,0.041730843,-0.01228923,0.1408369,0.020655308,0.054091632,-0.1600592,-0.06372803,0.03727191,-0.0398451,0.09756866,-0.062248327,-0.31590158,-0.2850599,-0.25046477,-0.39857188,-0.14225502,-0.123341106,-0.08983839,-0.13562045,-0.08040965,-0.08248367,0.031378258,-0.039143655,-0.0737795,0.032000825,0.039187133,-0.108212985,0.15095189,0.3214631
TCGA-BH-A5J0-01A,0.02039704,0.0010986268,0.22146998,0.30807433,-0.01143511,0.1506137,0.063471355,-0.00095700094,0.0035082204,0.041177243,0.09646023,-0.09413972,-0.109107345,0.13295402,0.22766502,-0.15841705,0.05629718,0.10480021,0.07691059,-0.01861661,-0.0659131,0.0074150665,-0.13639697,0.09870675,-0.08792443,0.078456536,-0.23076269,0.0675801,0.012403602,-0.10842743,0.0059516844,0.14551082,-0.18060133,-0.29724407,-0.10409253,-0.1907368,-0.050276436,-0.14472112,-0.05270536,0.14107467,-0.10362846,-0.0022905334,0.21011376,-0.1952738,-0.071603075,-0.10920117,-0.15206228,0.28315642,0.2684915,0.21120788
TCGA-AO-A0JA-01A,-0.1115603,0.07654951,0.19329363,0.35066563,-0.15426944,0.02571082,0.015068085,0.049083237,-0.03217419,0.041484136,-0.07829063,0.12936638,-0.051777925,0.1253338,0.058510117,-0.18868053,0.10085342,0.19118336,-0.037047293,-0.07648725,-0.021601671,0.024825322,-0.092465095,0.05692861,0.12573507,0.033734467,-0.16891655,-0.056785647,-0.12836589,-0.17167728,0.17754078,0.052011106,0.09550809,-0.33404836,-0.10615003,-0.18215409,-0.20975304,0.03858847,-0.23318724,-0.06944205,-0.033438522,-0.052159425,0.28118983,-0.11477684,-0.008609517,-0.10378313,-0.062423598,0.051960003,0.15646045,0.32816288
TCGA-LD-A7W6-01A,-0.016797626,-0.066671714,0.15075591,0.26668403,-0.1257779,0.27575526,-0.041317962,-0.07155936,0.02873348,0.104222156,-0.16886261,-0.08878423,-0.06688889,0.1361101,0.3492493,0.08005326,-0.077110745,0.09145062,0.08277933,-0.08110078,0.00055309455,-0.114297286,0.069362834,0.11707953,0.07280721,0.24586944,-0.24122038,-0.029950624,-0.19102564,-0.062136713,0.17899287,0.11054503,-0.10242924,-0.24205507,-0.05674151,-0.3144919,-0.19833452,0.00944287,-0.15013614,0.048711263,-0.061703194,-0.09010453,0.05885574,0.009583807,0.054871727,-0.17794076,-0.104928955,-0.010872002,0.041177318,0.1896619
TCGA-A1-A0SQ-01A,0.025749912,-0.04432762,0.30727163,0.18210348,-0.09219499,0.3695191,0.071231455,-0.004901183,-0.08875916,-0.17069611,0.023186518,-0.066633,0.058413215,0.15611847,0.16194691,-0.17917274,0.053994603,0.25740325,-0.012357513,-0.09889232,0.077795744,-0.07834157,0.042807844,0.13726108,0.06381172,0.11840368,-0.20471145,-0.054876775,-0.11516162,-0.14946519,0.15251163,0.03275679,-0.027512237,-0.20868577,-0.17476335,-0.18645455,-0.14583574,-0.0622278,0.042052183,-0.024165276,-0.05764119,0.05962935,0.052338317,-0.23111016,-0.09974887,-0.30248687,-0.03190903,0.03793865,0.18899323,0.12989472
TCGA-E9-A1RE-01A,0.024482494,0.012255877,0.179076,0.30805457,-0.16703245,0.23835255,0.23973672,-0.04179708,-0.02722467,-0.10512253,0.042836305,-0.05433512,0.030225324,0.21119317,0.06898069,-0.06695537,0.044578467,0.11100044,0.0026027197,-0.06790883,0.035052825,0.06202312,0.0057087974,0.24063158,-0.043570403,0.14971936,-0.15366393,-0.07517196,0.057331394,-0.18651329,0.045499958,0.12598976,-0.1168697,-0.2975645,-0.06514163,-0.29558423,-0.014256087,-0.005011981,-0.2585434,0.06769971,-0.101698495,-0.05690974,0.2651522,-0.034102,-0.03832805,-0.14863893,-0.113290675,0.09434214,0.19138178,0.18175258
TCGA-AC-A2QH-01A,-0.024653928,-0.006276182,0.16151087,0.15222591,0.041837994,0.117899485,0.16945803,-0.08969672,0.10388132,-0.048363704,-0.052870244,-0.11699971,0.032772288,0.21207356,0.20001972,-0.10801063,0.108965605,0.22502254,0.023404503,-0.009741903,-0.07171657,-0.07096048,-0.0587088,0.070419535,-0.05562889,0.06559606,-0.32409227,-0.27849367,-0.041898113,-0.124065556,0.027294558,-0.044292036,-0.10229937,-0.4152992,-0.032760654,-0.3318436,-0.13390666,-0.08263435,-0.074311346,-0.025133109,-0.00067189214,0.06503249,0.0958578,-0.07538617,-0.15674385,-0.17609766,-0.09335859,0.06129419,0.13312502,0.2210005
TCGA-S3-AA11-01A,-0.007777388,-0.12549996,0.22959846,0.17060153,-0.10178831,0.07807298,0.14307131,0.15729281,0.06227302,-0.1049429,0.0109274695,0.06932687,-0.2091329,0.10722426,0.20440014,0.028798286,0.07066396,0.1784729,-0.037389886,-0.034487873,0.0027522577,0.06392026,0.011180773,0.23223162,0.104090795,0.08748281,-0.18613057,-0.08000057,-0.04988539,-0.14405034,0.013426573,0.05085466,-0.18653084,-0.12386292,-0.18342958,-0.28024706,-0.18139808,-0.015278838,-0.17156215,-0.11570122,-0.08527132,-0.076004036,0.1610851,-0.19555339,-0.1095641,-0.3141469,0.06204023,0.12551898,0.06593638,0.29960057
TCGA-D8-A27L-01A,0.04724175,-0.10089261,0.24255869,0.031492267,-0.12634473,0.21669292,-0.04324481,0.009403315,-0.10561246,0.058550436,-0.016135486,0.11896133,-0.09067151,0.20582998,0.030706441,-0.0538135,0.13871188,0.02505208,-0.046639767,0.07623506,0.1753254,0.04736672,-0.019231673,0.269373,0.24461459,0.020159375,-0.23915605,-0.055246167,-0.121207125,0.019898191,0.010594544,-0.00064218417,-0.1289244,-0.32108945,-0.028495636,-0.33510137,-0.20125291,-0.21686415,-0.059270676,0.015209454,-0.18342407,-0.07993048,-0.015541513,-0.19757871,-0.0050447863,-0.16042851,0.07090174,0.092453785,0.06402312,0.2513043
TCGA-A2-A1G4-01A,0.13060428,0.07986481,0.20026888,0.21732597,-0.10531678,0.16749053,-0.04907011,-0.10665433,0.056816928,0.046734344,-0.02924341,0.16890071,-0.064803995,0.23881252,0.14658456,0.06472014,0.01565713,0.19626258,0.0066363285,-0.16758665,0.11438701,0.086491115,0.09584951,0.20380422,0.15808986,0.0918097,-0.10829427,-0.15177752,-0.051192723,-0.028796077,0.2670212,0.07395341,-0.20341605,-0.2895547,-0.054925054,-0.31068078,-0.09758238,-0.09006787,-0.1400692,-0.112017736,0.01352947,-0.06523623,-0.026239865,-0.039764214,-0.17452875,-0.15847713,-0.11445015,0.15147202,0.13819307,0.18980238
TCGA-C8-A1HE-01A,0.061697297,-0.021265125,0.1138366,0.18626076,-0.19590336,0.08814977,0.08999451,0.009297334,-0.10243408,0.05467087,-0.05674436,-0.16762061,-0.051480897,0.1352611,0.081395514,-0.035382975,0.19099554,0.256989,-0.01967429,-0.007421763,0.007740037,-0.16595815,-0.015613239,0.20605858,0.06342607,0.057119057,-0.2546374,-0.029833112,-0.11523593,-0.034346048,0.05271896,0.06186158,-0.16763677,-0.24907467,-0.22531651,-0.3420875,-0.27872273,-0.1483704,0.04025657,-0.0962899,-0.054776922,-0.11760443,0.116439514,-0.18060623,0.06722476,-0.16133577,-0.07327528,0.081918284,0.06992709,0.27153695
TCGA-A2-A0T2-01A,0.0337687,0.02081312,0.3440179,0.09367556,-0.19063483,0.073744535,0.0679708,-0.12197364,0.16599394,0.0010169372,0.0073091295,-0.19428028,0.015584595,0.29166195,0.018804494,-0.19155154,0.07688442,0.12708789,-0.03510726,-0.0977275,-0.0195806,0.11316577,-0.070926346,0.19694251,0.106322475,0.049943592,-0.1971241,-0.06817053,0.010953199,-0.13255127,0.019194001,-0.14280072,-0.240977,-0.38772923,0.0061126756,-0.17281927,-0.07153384,-0.120880015,-0.09622691,-0.04460272,0.09300549,0.029797629,0.071918,-0.120060764,-0.20892447,0.009077524,-0.08096759,0.07909808,0.221959,0.18024974
TCGA-A2-A0SW-01A,-0.01927974,-0.008465806,0.36629337,0.29504246,0.03201135,0.08004831,0.098902024,0.062025648,0.22303455,-0.009818373,-0.001792664,-0.032628365,-0.00034649117,-0.028742362,0.028915057,-0.029805081,0.10020847,0.24591364,-0.0047518616,-0.12119165,0.032548305,-0.011280706,-0.014656112,0.043398265,-0.065460354,0.1290705,-0.29082754,-0.04046818,-0.10060385,-0.1020708,0.028785497,0.077065736,-0.10440084,-0.3244686,-0.16118374,-0.3532776,-0.05712584,-0.08426286,-0.13809477,0.02420159,-0.1573479,0.14393605,-0.009965645,-0.07455284,-0.13787292,-0.20471089,-0.15823634,0.03783816,0.13694607,0.16302584
TCGA-AO-A03L-01A,0.098104656,-0.02726122,0.13049431,0.3302538,-0.02758468,0.067700095,0.21750294,0.027938632,0.09683546,0.18512115,0.08707752,0.012549203,-0.1410715,0.08606839,0.17558816,0.0036741311,-0.0035292658,0.14074863,-0.08191117,-0.15776502,-0.096073195,0.01628823,-0.022573624,0.30982918,0.038627923,0.26777992,-0.1583038,-0.10989907,-0.12443922,-0.1160861,0.05804815,0.17027359,-0.1981785,-0.3183659,-0.04848622,-0.1434915,-0.09101496,-0.16496071,-0.06482805,-0.005763012,-0.08975321,0.13219643,0.17964856,-0.047143176,-0.01980937,-0.12630676,-0.026964867,0.15340889,0.20961505,0.15363951
TCGA-BH-A0HY-01A,0.08247068,0.03870231,0.16535145,-0.005456464,-0.098456845,0.14162008,0.09536943,-0.022689478,0.0043266956,0.03783008,0.0148171075,0.024021711,-0.02988345,0.17759238,0.18073726,-0.25826767,0.019434594,0.07765764,-0.03709063,-0.025377754,0.10468591,0.04023402,0.013620814,0.12487716,-0.042322498,0.29432076,-0.21495686,0.014748904,0.012655612,-0.08990248,0.21145336,0.013655076,-0.03631515,-0.11954877,-0.13533407,-0.42815635,-0.13869603,-0.11631943,-0.2351874,0.0486957,-0.03218741,0.03995645,0.25539827,-0.104638055,-0.04914871,-0.033330742,-0.18260185,-0.0038508242,0.21587159,0.3101054
TCGA-AC-A8OP-01A,0.0075504384,0.10258912,0.27335152,0.2050509,0.006169831,0.26893482,0.0829766,-0.08329823,0.22137624,0.06270168,-0.15248744,-0.19507504,-0.01382492,0.12255196,0.21075839,-0.1271749,0.1653108,0.13155904,-0.030988893,0.03837689,0.07630161,-0.041350804,-0.030644255,0.26039112,-0.018943494,0.06225371,-0.20607235,-0.10805184,-0.11958667,-0.11149728,-0.13105656,0.21309002,-0.119764306,-0.2833916,-0.13761212,-0.24944781,-0.063838385,-0.06876783,-0.085315906,-0.10657668,0.010291589,0.05425732,0.06989432,-0.0032162108,-0.20819049,-0.06857542,0.0115364585,0.07518192,0.037039727,0.24284883
TCGA-EW-A1OV-01A,0.031397652,-0.09425887,0.18593432,0.0879786,-0.030368185,0.25202352,-0.13350873,0.006123612,0.074341744,0.084607996,0.019424861,-0.09253491,-0.062124114,0.14480479,0.18267524,-0.093319744,0.16112763,0.26206496,0.000494326,0.06630599,-0.0039643557,0.15049773,0.059665017,0.06252423,-0.06114571,0.1449087,-0.07686763,-0.10752043,-0.031302553,-0.2045879,0.076214276,0.2090942,-0.1284559,-0.37955526,-0.26255503,-0.24236952,-0.1303679,-0.16772212,-0.014389791,-0.0072239493,-0.032427303,0.021143716,0.16152668,-0.057511646,-0.10765625,-0.09155271,-0.10989381,0.0017422567,0.04109827,0.339084
TCGA-D8-A1XL-01A,0.17785868,-0.04662728,0.29397354,0.22695367,0.0641269,0.1323591,0.07319437,0.09997925,-0.011038391,-0.06588355,0.016418835,0.09096104,0.0103786,0.24244925,0.21772857,-0.23117149,0.15331881,0.25854173,0.065582074,-0.11615949,-0.036056716,-0.036057077,0.012977506,0.05705825,-0.0029934873,0.24960889,-0.19583505,-0.12664814,0.056480903,-0.13508257,-0.06490891,0.05970288,-0.19731352,-0.24172163,-0.15133235,-0.14347205,-0.1922634,-0.14217785,-0.004246709,0.11698839,-0.11303358,-0.024327261,0.06727796,-0.038066134,-0.013689271,-0.012610864,-0.04807977,0.16557637,0.12648645,0.28513423
TCGA-A7-A56D-01A,-0.08462149,-0.06557594,0.26514134,0.17661293,-0.033101723,0.26374736,0.07058908,-0.040983386,-0.051009927,0.11364584,-0.094431475,-0.00021052797,-0.19814985,0.15743537,0.04267848,-0.08594,-0.02263534,0.24470237,0.08020991,-0.11030516,0.0069887512,0.18836762,-0.027028818,0.344891,0.058340468,0.14251587,-0.15362698,-0.091026284,-0.13764307,-0.0077085504,-0.075600855,0.06192494,-0.1672531,-0.046892237,-0.14315988,-0.21603788,-0.1971887,-0.10852645,-0.17747486,-0.16838016,-0.1699211,0.11744898,0.15455835,0.058586124,-0.0236155,-0.124370754,-0.1271151,0.12647638,0.2198902,0.1389386
TCGA-AR-A255-01A,-0.01386516,0.12034488,0.089725025,0.17519087,-0.04413621,0.15601715,0.18379778,-0.0290541,0.123898886,0.047317944,-0.017046753,-0.13542923,-0.19419795,0.09536437,0.061818056,0.05275462,0.10338097,0.31007946,-0.12968272,0.021516856,-0.004300539,0.03037539,-0.032179825,0.22275689,0.036568776,0.07733331,-0.28682077,-0.20589292,-0.23200597,-0.112688094,0.048432305,0.05363519,-0.16300042,-0.2155273,-0.10357671,-0.30643484,0.016504027,0.019577596,0.080882736,0.10033546,-0.14477916,-0.014112955,0.1538935,-0.20349932,-0.17383277,-0.076267,-0.08319361,-0.040829245,0.15197434,0.26020175
TCGA-E2-A1L6-01A,0.03197556,0.02548895,0.2983176,0.16112089,-0.023452682,0.12538555,0.105498075,-0.026376039,0.097345166,-0.040979285,-0.045988902,-0.06398431,0.082186334,0.18646283,0.17828926,-0.07892788,0.12058817,0.3046992,-0.092662044,-0.22546361,0.030074546,-0.056778517,-0.07655586,0.12222242,0.013277453,0.10816703,-0.22826397,-0.030829128,-0.09068302,0.10290506,0.10616395,0.0063515613,-0.17236833,-0.3254117,-0.24077795,-0.22773796,-0.09204525,-0.10960514,-0.12649882,0.030205177,0.08800258,-0.192832,0.15450521,-0.11540727,-0.07169799,-0.110291265,-0.10371857,-0.056340184,0.09714188,0.25681317
TCGA-BH-A202-01A,0.18252112,0.081109256,0.15517302,0.16052571,0.05016476,-0.09435064,0.112770736,0.05711426,0.05546235,0.042456172,0.030815925,0.024515923,-0.14369264,0.0968551,0.16029958,-0.17994754,0.09856014,0.23837964,-0.024912454,-0.05992678,0.12474066,0.050550647,0.03380604,0.12648052,-0.039206933,0.076149784,-0.245061,0.024550093,0.0012447864,-0.11242895,0.05410674,0.07936149,-0.27030215,-0.29739004,-0.07583502,-0.22355118,0.0063318927,-0.09728877,-0.16076484,-0.052761186,-0.096694104,0.200958,0.12727802,-0.05761555,-0.24064578,-0.052287485,-0.13556194,0.11384174,0.16409373,0.38591987
TCGA-S3-AA17-01A,0.09093156,0.007245022,0.22720292,0.18368351,0.057548553,0.1432263,0.088553935,-0.06275685,0.18214354,-0.15122142,0.035376936,-0.10757202,0.13497008,0.090753466,0.00033820615,-0.26822576,0.0017442945,0.22408997,0.09390477,-0.02041324,-0.07302656,0.08496093,-0.067691006,0.21986635,-0.074066885,0.24227825,-0.26208156,-0.0039015017,-0.23977964,-0.12226367,0.06228619,0.12618557,-0.25371322,-0.14213741,-0.13905276,-0.18928504,-0.0689738,-0.14975402,-0.06747333,0.049585044,-0.1006022,0.11029016,0.16844033,-0.03878003,-0.0595536,-0.16974685,-0.15085666,-0.05916259,0.14657363,0.21723318
TCGA-AR-A5QP-01A,-0.08537603,-0.10154183,0.17554626,0.10726689,0.117620625,0.15051334,0.18441081,-0.0966813,0.018318508,0.031090835,-0.050177924,-0.1087063,-0.0149965,0.19972211,0.077460505,-0.069272585,0.13643537,0.195934,0.0641487,-0.1509375,0.06404401,-0.012965892,0.034188762,0.13260952,0.04221997,0.086891815,-0.2754986,-0.10042475,-0.09159578,-0.26304314,0.29597938,-0.09447604,-0.18910216,-0.28092694,-0.1813908,-0.313206,-0.043817643,-0.062472552,-0.22155829,0.018569445,-0.0246009,-0.18457665,0.16477656,-0.13535148,-0.037980285,-0.034272473,-0.04528424,0.14840579,0.096847005,0.01333809
TCGA-LL-A50Y-01A,-0.11126935,-0.040191583,0.20599242,0.2869391,-0.0063373074,0.038746934,-0.012060611,-0.21095805,-0.011719881,0.036729448,0.05724879,-0.009540154,-0.114013545,0.044972323,0.24302407,-0.09116443,0.123878464,0.354273,-0.07414921,0.007956645,0.03694807,0.025245983,0.11134985,0.103703134,0.008414912,0.06415507,-0.30503985,-0.0748565,-0.08348868,0.029230125,0.12212562,-0.041049242,-0.20897506,-0.36127102,-0.1886585,-0.11752725,-0.15513007,-0.1792432,0.0066165035,-0.07366172,-0.025330652,0.05860605,0.068388924,0.031296697,-0.104502395,-0.20639159,-0.1509391,-0.047855914,0.1588469,0.17363943
TCGA-BH-A8G0-01A,0.031147512,0.07179599,0.12755346,0.19631854,0.0013130362,0.16568354,-0.013090689,-0.06340969,-0.003502037,0.04531469,-0.04251575,-0.09484494,0.00065963913,0.08028247,0.032161247,-0.048248548,0.118406095,0.44886154,0.029702827,-0.060351044,-0.052811217,-0.078695744,0.023748187,0.24396992,-0.048455752,0.077510074,-0.2476021,-0.18368827,-0.1538414,-0.00027601165,0.15633024,-0.021434642,-0.34891105,-0.15595476,-0.11737321,-0.21486166,-0.29493853,0.030303497,-0.06347878,-0.0037208723,0.10289097,-0.17436767,0.16154666,-0.078510776,-0.040938627,-0.20703988,-0.09714469,0.13306127,0.0076711928,0.027138423
TCGA-OL-A6VQ-01A,0.17014931,0.1193345,0.26095614,0.18777543,-0.045346513,0.33109385,0.07083459,-0.011050837,0.17446153,0.07808246,-0.07122717,-0.08220119,-0.075551406,0.16790982,0.08995412,0.08251096,0.04963494,0.18695882,-0.02255187,-0.07553139,0.00047869713,0.019917682,0.030858047,0.13494524,0.08012014,-0.021955075,-0.19248843,-0.11510449,-0.099987775,-0.051390536,0.13893712,0.10493949,-0.051281076,-0.37586322,-0.06849602,-0.2860806,0.004343268,0.041742966,-0.18176256,0.20156106,-0.14839692,0.004791601,0.17521511,-0.13103244,-0.1875607,-0.13536371,0.089293756,0.03991884,0.04761423,0.18709946
TCGA-AQ-A0Y5-01A,-0.0823019,0.08888351,0.008963701,0.11007199,-0.11897675,0.18590224,0.06949969,0.14487618,0.05570216,0.0071298983,-0.032166597,0.09107333,0.06572718,0.21732828,0.16952579,-0.07974336,0.1262416,0.13323997,-0.108298995,-0.04307437,-0.05997881,-0.035675496,-0.015981607,0.14192541,-0.012442094,-0.055767354,-0.29003647,-0.07659949,-0.08762951,-0.023023667,0.12145645,0.10756422,-0.27097005,-0.31512022,-0.1821068,-0.23322129,-0.17165785,-0.14368725,-0.15110111,0.0027332767,-0.22893396,0.059369434,0.32230055,-0.16277607,-0.15982212,-0.044561945,-0.06807973,0.14270228,0.07217184,0.1478477
TCGA-B6-A0WX-01A,0.045651823,0.015490952,0.19678992,0.060088616,-0.0015264496,0.17185639,0.023492249,-0.03693747,0.104804344,0.056745302,-0.04869427,-0.05598223,-0.066705294,0.12114886,0.07092083,-0.10706683,0.014681811,0.21129143,-0.029781919,-0.12928581,0.12356016,-0.12247001,-0.06455733,0.253547,0.060878087,0.14645654,-0.22853068,-0.17006965,-0.119130604,-0.16976131,0.0051677353,0.110667795,-0.096566066,-0.29259098,-0.23289903,-0.1923168,-0.35571983,0.011691602,0.04869892,0.055890266,0.12818468,-0.013817611,0.1668628,-0.043159463,-0.14345601,-0.17957325,-0.24001658,0.017966105,0.22927354,0.13342705
TCGA-A8-A0AD-01A,-0.04758416,-0.009589541,0.3102812,0.2334806,-0.12209431,0.064109474,0.018800689,-0.052452456,-0.009504269,0.051872775,-0.05305432,-0.01785503,0.0021940775,0.094283246,0.31512955,-0.016737364,0.10703966,0.029562743,-0.08963808,-0.15801363,0.11630471,0.1129654,0.03105374,0.11643508,-0.1083226,0.14578946,-0.26250732,0.022216924,-0.14601865,-0.053929914,0.13726854,0.09457711,-0.0665559,-0.43457952,-0.006714832,-0.27374858,-0.0652738,-0.057611715,-0.13073693,0.027899265,-0.15216345,0.10484864,0.12567814,-0.14300032,0.016222702,-0.2321713,-0.0841718,0.09664495,0.07152494,0.17310068
TCGA-AR-A24S-01A,-0.15784527,0.040374115,0.1878566,0.2731685,-0.18461767,0.26373875,0.005671482,0.056526083,0.15343234,0.100505814,-0.18026796,-0.017635569,-0.02355644,0.048551954,0.07347413,-0.16660132,0.050366472,0.11393775,0.06440841,-0.005161728,0.012414147,-0.010716597,-0.10476723,0.13216372,0.1584318,0.047170624,-0.1533112,-0.13319348,0.020793075,-0.21392545,-0.004056121,0.00038914147,-0.08157039,-0.3116237,-0.30214152,-0.12394565,-0.09968501,0.047079522,-0.06173901,0.09443915,0.025910228,0.04306595,0.105619,-0.13605551,-0.23019904,-0.20397824,-0.15396564,0.04430596,0.12386112,0.29642466
TCGA-BH-A0HB-01A,-0.02487502,0.049373146,0.074838296,0.13673076,-0.10231904,0.20668116,0.054993875,0.011771324,-0.1402256,0.0002978028,0.01379878,-0.13193001,-0.23714419,0.08428697,0.11578796,-0.10633145,0.068851046,0.21569756,-0.049189843,-0.09408535,0.03148306,0.00095980783,-0.014181422,0.16426024,0.18130702,0.16497153,-0.12597992,-0.035299625,-0.14046602,-0.093403175,-0.13911065,-0.06035577,-0.25437456,-0.3891876,-0.20349517,-0.30893007,-0.14882155,-0.0465294,-0.105724186,0.00070817117,-0.007281606,0.0037257937,0.07434211,-0.12161952,-0.07129095,-0.18452597,-0.076474644,0.0855233,0.27325895,0.18908982
TCGA-BH-A0H3-01A,0.037465,-0.005988999,0.21299247,0.34419563,-0.06474523,0.3547087,0.0836609,0.045219418,-0.010483961,0.017732639,0.11736556,-0.07959195,-0.15030637,0.14519024,-0.054223787,-0.086747475,0.090148166,0.07878559,-0.08408306,-0.14103574,-0.004003343,0.12865488,-0.038891025,0.07234529,0.22923984,0.121732704,-0.33311132,-0.05152646,-0.15914597,0.018450871,0.053731497,0.12436956,-0.1640123,-0.18427548,-0.10056902,-0.25826684,-0.13174614,-0.2508073,-0.06794282,-0.11250749,-0.13121225,-0.042657245,0.081971,-0.027401866,0.043586176,-0.0023699459,-0.124001555,0.08673981,0.16429915,0.13365379
TCGA-AQ-A7U7-01A,-0.051065933,-0.12424992,0.24684529,0.18835992,0.06623021,0.100777514,0.041963566,-0.084348,-0.049538527,-0.13912798,-0.06833401,0.002149651,-0.07710869,0.16905196,0.05898619,-0.024273355,0.16582401,0.17595264,0.007305056,-0.13852052,-0.048382714,-0.047312304,0.09426215,0.31542796,-0.0046003466,0.27670714,-0.24849012,-0.030498851,0.04027893,-0.11384073,0.11247453,0.19608238,-0.16044497,-0.37432134,-0.19419034,-0.2770209,-0.20907256,-0.0334939,-0.07790536,0.041097555,-0.021726934,-0.11114018,0.017419495,0.07629789,0.0014748739,-0.022179727,-0.087394714,-0.03432628,0.11340282,0.16559537
TCGA-LL-A6FP-01A,-0.16886006,0.118030846,0.16595212,0.11413393,0.10148647,0.27193573,0.050314315,-0.008639306,-0.09054672,0.11903306,0.049083542,-0.002325531,0.042817466,0.11612128,0.044186883,-0.0897634,0.15564834,0.16480081,-0.045360457,0.045544546,-0.0024431536,-0.06717251,-0.06657065,0.23193258,-0.0043126484,0.07190456,-0.26602527,-0.0135480985,0.021699252,-0.20616819,0.030202588,0.098706864,-0.11729582,-0.23320295,-0.15795185,-0.24506412,-0.155397,-0.028798161,-0.15459026,-0.0058381497,0.064929724,0.010042971,0.28578323,-0.057899736,-0.1374063,-0.14454524,-0.03836662,0.23708767,0.2391483,0.29316238
TCGA-GM-A2DO-01A,-0.11287169,0.16336425,0.1708858,0.26354817,-0.08832835,0.2020061,0.12240625,0.028243843,-0.13454694,-0.09702591,0.016437236,-0.1737337,-0.06471807,0.050044183,0.00942781,-0.00933941,0.024729002,0.2784654,0.000682031,-0.044464465,0.16578713,-0.061561607,0.11819822,0.0876734,0.11098226,0.15688519,-0.2687989,-0.079976894,0.030170755,-0.09022234,0.042065017,-0.024384502,-0.18462831,-0.33537933,-0.09394981,-0.25213093,-0.08859245,0.0101207215,-0.18087466,0.009204406,-0.050206568,0.040490024,0.06327559,-0.2661026,-0.1609743,-0.07174314,-0.08687027,-0.10559827,0.2864769,0.04593223
TCGA-BH-A1EV-01A,-0.024262194,0.056184776,0.3159097,0.13868728,-0.15329686,0.29281202,0.052205294,0.121526755,0.066660486,0.02051197,-0.015565357,-0.0020023575,-0.097384654,0.08072816,0.0015468776,-0.10783031,0.07346302,0.116598316,0.08362188,0.015311083,-0.043944787,-0.063043125,0.111738235,0.28424835,0.03872454,0.025303137,-0.267794,-0.09217751,-0.21754092,-0.082914636,0.08667111,0.19241165,-0.12738936,-0.1803825,-0.27866635,-0.15994835,-0.16682008,-0.13997929,-0.011592824,-0.110602945,-0.12833503,-0.027139911,0.037677612,-0.15123844,-0.1207345,-0.107218936,-0.15694016,-0.11151833,0.19298819,0.23995674
TCGA-AR-A24O-01A,-0.050191242,-0.016243216,0.22025079,0.15728869,-0.09450025,0.020322463,0.0074486868,0.017013099,-0.07564087,0.057132054,-0.059071537,0.08401475,0.011131727,0.04963554,0.0046128,-0.041319158,0.013770858,0.15394525,0.027645951,-0.12237555,0.011556696,0.05019342,-0.0071426495,0.12449452,0.059165966,0.26525766,-0.28008354,-0.113374956,-0.23106532,-0.114141025,-0.0039022225,0.06502268,-0.15399191,-0.33396187,-0.19596168,-0.24558449,0.041812204,-0.11462424,-0.216144,-0.085841976,0.12010759,-0.0041312543,0.063477755,-0.31475723,-0.045562096,-0.12398371,-0.14162558,0.005895684,0.20291741,0.31237894
TCGA-E2-A1II-01A,-0.013380112,0.13829741,0.14037964,0.075293355,-0.14794983,0.12019082,-0.101785965,0.09823826,0.05408797,-0.052488886,-0.30332443,-0.21172331,0.109125234,0.08328883,0.11777114,-0.013328891,0.08860636,0.3013463,0.057803363,-0.051960677,-0.060880408,-0.07245122,-0.092073925,0.15053707,-0.0052651213,0.03851317,-0.3726353,0.025090273,-0.020705542,-0.16415522,-0.008811339,-0.005312682,-0.09688572,-0.13821338,-0.21264935,-0.37119582,-0.17582096,-0.08153784,-0.07563399,-0.03604062,-0.03352278,0.04806057,0.024348754,-0.20040506,-0.08083061,-0.13341637,-0.012233312,0.13272208,0.07140018,0.25065878
TCGA-A2-A0T6-01A,-0.021257134,0.04784957,0.25896654,0.22102839,0.027172768,0.062184673,0.081989855,0.12612864,-0.037725393,-0.09207151,-0.021780023,-0.06082094,-0.059952244,0.1411384,0.14164697,0.02390029,0.0970651,0.23428634,0.16615699,0.059451856,0.08493264,0.19215982,0.031481396,0.24224931,-0.0018685841,0.10901332,-0.23337029,0.0028366453,-0.03690567,-0.1186268,0.094405696,0.027944686,-0.22850467,-0.25614572,-0.21284579,-0.33263195,-0.17292504,0.031531136,-0.13473569,-0.1194305,0.16123421,-0.16696773,0.05498347,-0.10545227,-0.0656007,-0.23025486,0.024085836,0.17898338,0.0070439572,0.10018632
TCGA-EW-A1P6-01A,0.10688781,0.05948182,0.33609125,0.12721062,-0.06272227,0.25521067,0.09768092,0.038527835,-0.07002939,-0.16091646,0.015243678,-0.08577293,-0.005505666,0.29381067,0.288864,-0.0852811,0.039581146,0.15879063,-0.061284173,-0.044456564,0.08714232,-0.104857445,0.005095358,0.088609874,0.12981477,0.29343086,-0.27829307,-0.19717549,0.020332064,-0.06662015,0.15536164,0.05470298,-0.20714067,-0.1978587,-0.04762071,-0.27303198,-0.058971826,-0.034812517,-0.15850182,-0.06730551,-0.007804948,0.02184019,0.07000175,-0.06203978,0.106393166,-0.027694454,-0.025206516,-0.10711989,0.09395757,0.12076096
TCGA-AR-A2LM-01A,-0.06799891,-0.019690521,0.3146674,0.2821356,-0.19809459,0.18234412,0.022483837,0.055564772,0.068783894,-0.06872183,7.6969525e-05,-0.0934257,0.0004206093,-0.031821456,0.100875266,-0.16985618,0.074572906,0.2838162,-0.11741288,-0.009131718,-0.061228048,-0.10593724,-0.030766936,0.2643446,0.016767273,0.008935137,-0.25327352,0.014205001,-0.15830153,-0.15222645,0.14044882,0.060566872,-0.16170847,-0.20125988,-0.009893407,-0.22197051,-0.14830032,0.015450823,-0.16488293,0.018276816,0.07662144,0.054734036,0.07546619,-0.05561383,-0.079635814,-0.07006262,0.09556134,0.100862436,0.34016088,0.17394112
TCGA-C8-A273-01A,0.18076418,-0.14984956,0.3146063,-0.039094254,-0.0820401,0.21090159,-0.032350764,0.076129854,-0.018738834,0.059535574,0.0118334545,0.15578316,-0.104706384,0.22307213,0.17460756,-0.07002255,0.0708789,0.07921338,-0.040620573,0.015866704,0.16775097,-0.109952174,-0.07613925,0.2559981,-0.06909138,0.13957202,-0.26412946,-0.08918659,-0.013479315,-0.04525887,0.14764161,-0.08393031,-0.14378668,-0.16578051,-0.14217749,-0.2369987,-0.007244413,-0.2293408,-0.12594913,-0.13682115,0.057668082,0.109283686,0.056823075,-0.13519564,-0.1889141,-0.16627133,-0.099020965,-0.0033833433,0.2541867,0.13331717
TCGA-OL-A66J-01A,0.0729577,0.029106364,0.09271697,0.13112898,-0.009242245,0.27474064,0.14312764,0.049718916,-0.05198602,0.123375796,-0.058565047,0.09384227,-0.034788087,0.1394665,0.23016566,-0.18282475,0.048291743,0.21418224,0.08271005,-0.046878092,0.1115593,0.06728259,-0.0886509,0.1222714,0.071868,0.2499935,-0.3296017,0.07576516,-0.074149005,-0.16676134,0.07576585,0.13481303,-0.1398791,-0.29245612,-0.12263167,-0.22771594,-0.0856931,-0.14189062,-0.16933417,-0.13086505,-0.11770479,0.001961251,0.20884703,-0.19149317,-0.082162194,-0.17306274,-0.06386468,0.094879836,-0.0037455754,0.08243515
TCGA-D8-A1JS-01A,-0.012636444,-0.007891586,0.26446855,0.13165395,-0.13237725,0.25991648,-0.059734482,0.027526557,0.084648445,-0.057600774,-0.13033961,0.011241535,-0.0747722,0.1760083,0.16364354,-0.15210554,-0.050952688,0.26108894,0.0641939,-0.034927826,0.016149871,0.070128426,-0.08627559,0.025275728,-0.09700257,0.14720315,-0.24162139,-0.00025019358,-0.07473194,-0.18903938,0.17352284,-0.078668535,-0.13715813,-0.260349,-0.06778798,-0.26904073,-0.12406207,0.04801743,-0.14524269,-0.0957066,-0.01914778,-0.17011532,0.14180858,-0.110318385,-0.0033168294,-0.153115,-0.07994604,-0.08095617,0.28322917,0.25067645
TCGA-AC-A23G-01A,0.07426089,0.10296176,0.3187011,0.10727245,-0.088128015,0.22968735,0.033596855,0.022729373,-0.0072662104,0.021396648,-0.05119202,-0.20923063,-0.029286556,0.162675,0.12989609,-0.028170427,0.09080717,0.23248465,0.032170903,-0.07149416,-0.022702347,0.13898048,-0.05830741,0.16020575,-0.017587494,-0.05800084,-0.11954979,-0.07436242,-0.030897008,-0.14649701,0.19897681,0.13781087,-0.20465395,-0.2743003,-0.2638952,-0.30590376,-0.013172022,0.027429838,-0.1554732,-0.06768671,0.055544794,-0.022381127,0.06215553,-0.010662215,-0.20263812,-0.034527905,-0.08109282,0.16623941,0.007915905,0.31748444
TCGA-BH-A1F5-01A,-0.02159127,0.05389859,0.28898093,0.122811005,-0.08846613,0.2571729,-0.022040492,-0.0038617647,0.028577123,0.028873844,0.19367439,0.01695104,-0.055345196,0.10648917,0.2658418,-0.08998733,0.029307451,0.29106197,0.015746035,0.103224,0.0076609566,0.12575826,-0.12407875,0.14556044,0.04441224,0.21093535,-0.28421542,-0.055894922,0.034045544,0.082412116,0.093878336,0.023730485,-0.15058613,-0.204405,-0.09771928,-0.21515727,-0.12761015,-0.085242316,-0.116166145,-0.14163546,0.11752583,-0.21415634,0.16327386,-0.20680396,0.011763015,-0.114476085,-0.09559494,0.117538266,-0.005647427,0.22712073
TCGA-D8-A1JG-01B,-0.007955155,-0.07776262,0.23783533,0.27202228,0.012339533,0.058383785,-0.008279296,-0.16908243,0.13849187,0.06350866,-0.1625742,0.058381435,-0.17443655,0.06884084,-0.043948848,-0.106620304,0.023004713,0.34476405,0.011646517,0.0071308305,-0.042211503,-0.0072271912,0.02024258,0.12907065,-0.011875526,0.21430404,-0.28033856,-0.21005681,-0.05511573,-0.07667983,-0.024778109,0.047572285,-0.2347056,-0.3307579,-0.09143679,-0.09316109,-0.09082466,-0.1356695,-0.07431986,-0.03173698,-0.1581599,-0.12676509,0.23956496,-0.08510306,-0.21111919,-0.022369536,-0.16115086,0.11909334,0.028499145,0.063770965
TCGA-E9-A227-01A,-0.11439512,-0.081929706,0.22179702,0.16875005,-0.08634264,0.025189796,0.13493344,0.027151851,0.08020481,0.21660711,0.08610461,-0.056046113,-0.17119415,0.01171824,0.16808589,-0.07982713,0.12494275,0.16537884,-0.014574293,-0.23012994,0.05235587,0.059858076,0.06331102,0.21991496,-0.01850503,0.24302144,-0.3064615,-0.057131022,-0.09721069,-0.06715776,0.1069953,0.014612618,-0.26075163,-0.26087016,-0.024238693,-0.21615298,-0.17979689,-0.13382852,-0.17143567,0.013051159,0.064274594,0.07639799,0.14535505,-0.2487729,0.0006880849,-0.13795047,0.018916853,0.029554224,0.08763648,0.16250613
TCGA-E2-A1LG-01A,0.020658337,-0.08663056,0.35921004,0.3259896,-0.011425277,0.26936316,0.16199073,-0.040541403,0.03644412,-0.024069754,0.051079083,0.016669087,-0.1371077,0.15133047,0.21122949,-0.11771347,0.04304036,0.05503255,-0.04929575,-0.012694423,-0.06630456,-0.048745587,-0.1548259,0.10234206,-0.117632195,0.08180948,-0.2995578,-0.122786894,0.057422597,-0.0789743,0.069743745,-0.0060295016,-0.18600212,-0.16505548,-0.14385901,-0.22149625,-0.06617344,-0.197222,-0.24682496,-0.091405936,0.10723518,-0.016642522,0.13820429,-0.040639363,-0.14571734,-0.026873041,-0.118421964,0.02129466,0.15214866,0.16279367
TCGA-E2-A1IK-01A,-0.013195481,-0.06007548,0.19666593,0.32026264,-0.06753686,0.18304214,0.0009346237,-0.14929555,-0.12442084,-0.11867746,-0.05883651,-0.15836154,0.010577149,0.17591494,0.16479442,-0.14606883,0.08099021,0.14887007,-0.18505944,0.021174012,-0.10561354,0.051623214,0.113281,0.06674847,-0.0817388,0.18308961,-0.26336035,-0.11848551,-0.14712171,-0.045760512,0.10964057,-0.10062115,-0.14010207,-0.12167764,-0.12665035,-0.35717434,-0.1871661,-0.14909711,-0.054405317,0.068605855,-0.04069226,-0.009449652,0.05878577,-0.09315329,-0.0688297,-0.169493,-0.17640059,0.11912282,0.12275492,0.20555888
TCGA-AN-A0XT-01A,0.12690865,0.002002671,0.17158228,0.26502374,-0.11015634,0.2132998,0.1305875,-0.019816203,0.052372545,0.06674285,-0.09273118,0.025525572,0.03761624,0.13090423,0.18979691,-0.17235237,0.08553184,0.21852776,-0.040498257,-0.11374805,0.16250539,0.061891902,-0.01781319,0.17491081,0.006610336,0.22797562,-0.16690117,-0.2008476,-0.061036896,-0.09439555,0.060331427,0.035501305,-0.2445026,-0.14973915,-0.11939016,-0.24510159,-0.1294665,-0.13205053,-0.15674172,-0.010801259,-0.038910583,-0.057093345,0.18795486,-0.09950763,-0.085207656,-0.32000765,-0.053924028,0.06591804,0.23396051,0.052789684
TCGA-LL-A5YP-01A,0.14631768,-0.046552375,0.29941225,0.15041,0.0194274,0.09128512,0.029726313,-0.0024622378,0.033353794,0.08515147,-0.059803452,-0.19628863,0.057170987,0.25046527,0.12208858,-0.076336265,-0.025667902,0.1721374,0.08218332,-0.097469054,0.1096448,0.13409851,-0.07834245,0.269898,-0.01738798,0.22595194,-0.30176777,0.028431226,-0.012740302,-0.13305002,-0.028373292,0.07783058,-0.13153397,-0.21343398,-0.09916729,-0.05297419,-0.24271105,-0.13335395,-0.1211434,-0.015202903,0.013809574,0.1566373,0.13529512,-0.053757735,-0.21121801,-0.1640035,-0.058459945,0.15315072,0.20248383,0.20362915
TCGA-B6-A2IU-01A,-0.018773474,0.033521455,0.34542975,0.32497388,-0.020522572,0.17198245,-0.06561948,-0.038238775,-0.085543096,-0.04208698,0.07239167,-0.055918436,-0.03226373,0.17149293,0.06990649,-0.1315604,-0.05087838,0.28204808,-0.0488518,-0.1483866,-0.028983023,-0.046022512,-0.07587968,0.29266763,-0.09427077,0.18474205,-0.24864279,0.015010562,-0.12559737,-0.057467975,0.10882566,0.14607064,-0.15299328,-0.22555755,-0.1341446,-0.26675135,0.02137912,-0.1402731,-0.14323485,0.02243479,-0.006101168,-0.0136836525,0.1038848,-0.1377074,-0.005253458,-0.15149163,0.024004517,0.12753873,0.16290553,0.0925344
TCGA-E9-A226-01A,-0.10827881,-0.085820235,0.21884756,0.1294827,-0.1621344,0.18712193,0.043274213,-0.15411884,0.13052097,0.19080447,-0.08028473,-0.046692982,-0.1488391,0.120666705,0.17189044,-0.17058289,-0.0028510364,0.24975768,-0.01306686,-0.11105375,0.051444564,0.021395873,-0.13674429,0.2702605,0.0022307045,0.08089027,-0.21145348,-0.15671633,-0.11447075,-0.025623998,0.14946795,0.055631775,-0.08210867,-0.3136069,-0.073246084,-0.32451156,-0.14262359,-0.13499182,0.028059792,0.02435499,-0.027395261,0.034473475,0.08502242,-0.054462533,-0.1469752,-0.2205852,0.011489109,0.02547783,0.1601293,0.15040272
TCGA-BH-A0HP-01A,-0.14808434,0.009478693,0.14408457,0.08587588,-0.15318993,0.15232112,0.10458816,0.18283463,0.016568985,-0.028298818,-0.065579824,-0.04406442,-0.019083306,0.14110874,0.069236726,0.03533498,-0.022155149,0.2690192,0.11590184,0.05501159,0.04702742,-0.008307244,-0.14353569,0.23920816,0.25043508,0.18069577,-0.3337604,0.07025669,-0.14239916,-0.07557441,-0.034392048,0.06834076,-0.2301562,-0.3412452,-0.033007905,-0.2580356,-0.1401246,-0.12937568,-0.08926088,-0.087643914,-0.069050714,-0.16225456,0.07697776,-0.077902935,-0.050480828,-0.12926263,-0.028065115,0.03606848,0.162015,0.18002342
TCGA-A2-A1FV-01A,0.03171625,-0.10622815,0.4254021,0.18057133,-0.10984134,0.08642725,-0.1617285,-0.014202971,-0.06404739,0.032001883,-0.07147547,0.0008071478,-0.081888266,0.24096626,0.012172615,-0.061305963,0.09717598,0.22104105,-0.041863784,-0.02411092,0.046212245,-0.08368826,-0.040866803,0.14040042,-0.022588516,0.021229919,-0.26671314,-0.15894069,0.025899563,-0.035241235,0.0870372,0.060136728,-0.16478094,-0.2651174,-0.10397015,-0.26411492,-0.11400213,-0.18876538,-0.045407046,0.13868856,0.06976019,0.017733714,0.1526453,-0.051520444,-0.013814808,-0.23983142,-0.18916461,0.015359824,0.2301083,0.1482005
TCGA-BH-A1FC-01A,-0.021092433,0.1907419,0.18837066,0.14560872,0.0017055406,0.28751087,0.018281175,0.23326124,0.2663198,0.034172643,-0.08141162,0.044698216,-0.078160256,0.20360509,0.16084239,-0.05437056,-0.008989352,0.31469554,0.05639889,-0.057484835,-0.082083575,-0.04355963,0.107492864,0.10064966,-0.09368859,0.092051215,-0.20472667,-0.11649413,-0.14634311,-0.09285409,0.124637425,0.14778247,-0.11455741,-0.328983,-0.04209396,-0.19083363,-0.053313505,-0.17953609,-0.16526918,-0.085958794,-0.06706201,-0.056796208,0.20009363,-0.06409179,-0.09441476,-0.059409946,0.04518483,0.14149329,0.13109753,0.054936454
TCGA-BH-A0BJ-01A,0.13363971,0.04079554,0.12165309,0.10817011,-0.08138551,0.14633217,-0.016338887,-0.027337238,0.13528171,-0.031683702,-0.08339707,-0.012984332,-0.032001536,0.15447068,0.3202693,-0.052490886,0.22301553,0.17456363,0.10478672,-0.018737527,-0.16596298,0.01580126,0.021135652,0.20749648,-0.049171556,0.05643081,-0.13196994,0.038797975,-0.09519117,0.0014955809,0.12922093,0.1398714,-0.30816752,-0.2440812,-0.18981498,-0.30946016,-0.1095723,0.07437688,-0.0713496,-0.056825627,-0.046932824,0.19415835,0.21082506,-0.1892228,-0.046472784,-0.19356722,-0.0754289,0.19152384,0.12597913,0.0733548
TCGA-D8-A1XY-01A,-0.10737126,0.049749292,0.21123752,0.26617384,-0.097472824,0.27001736,-0.0014147303,0.032003324,0.1545782,0.02494899,-0.10696256,-0.06621359,0.0031314308,0.18969013,0.15178637,-0.19665875,0.1314843,0.29865122,0.050815713,-0.031038288,0.051413007,-0.021046327,0.031217657,0.19399714,-0.030881155,0.17713486,-0.23169963,-0.09933149,0.043174926,-0.11284065,0.17545225,0.07594082,-0.21623307,-0.14206594,-0.10375161,-0.24257497,-0.13885242,-0.116958514,-0.06104627,0.080105595,0.08941112,0.031581428,0.13918756,-0.019308787,-0.20131281,-0.22177488,-0.14909689,0.10260989,0.07950403,0.11451247
TCGA-BH-A1ET-01A,0.026155036,-0.08382974,0.27923813,0.16873428,-0.16960028,0.1708947,0.09007241,0.016868772,-0.003322577,0.109524965,-0.03705769,-0.074769415,-0.13639887,0.15087038,0.17049177,0.01885537,0.12521511,0.29883987,-0.03799685,-0.22274823,-0.03638399,0.06861622,0.025051503,0.18779343,0.11361417,0.093114495,-0.2514657,-0.10752797,-0.025483152,-0.0648526,-0.044777438,0.21706474,-0.22965436,-0.13343588,-0.13817991,-0.15911071,-0.15429333,-0.12490912,-0.27877665,-0.014070274,-0.06901643,0.082398444,0.09547838,-0.05859217,-0.0613543,-0.1874453,0.18854661,-0.05518213,0.19708964,0.09312458
TCGA-C8-A1HM-01A,0.054684747,0.1405231,0.21325375,0.15842219,-0.030869879,0.20449002,0.13536166,-0.022483137,0.075754635,-0.04692867,-0.13690296,0.022711141,-0.030534372,0.08814995,0.049362477,-0.09751112,0.07433643,0.20241827,0.036052104,-0.018671833,0.0107372785,-0.114880905,-0.11260039,0.22302131,0.0016740499,-0.017371235,-0.17339785,-0.060850967,0.060900953,-0.29107645,0.2183961,0.011010682,-0.15218474,-0.32195267,-0.20072624,-0.28237623,-0.083789036,-0.12845722,-0.07100352,-0.050167937,0.04716358,0.11937789,0.12905401,-0.08369647,-0.19417125,-0.18899801,-0.1837397,0.13779387,0.14202906,0.19656992
TCGA-AR-A0TP-01A,-0.18418983,-0.024017273,0.29369107,0.21856256,-0.045934908,0.20266725,0.13895874,0.068136446,0.07046977,-0.08562629,0.0019059198,0.026978621,-0.05517656,0.028608643,0.1598929,-0.19782543,0.19550616,0.17082892,-0.026015379,-0.070456974,-0.06209736,0.018320201,-0.010249386,0.13082889,-0.033622857,0.16621767,-0.13813187,0.0009795664,-0.12849623,-0.18825623,-0.03477308,0.012120627,-0.18206802,-0.37213722,-0.025660183,-0.2175387,-0.13521197,-0.15941916,-0.11972517,-0.093613796,0.053707957,-0.04107754,-0.0010854221,-0.17293477,0.091794915,-0.21662697,-0.028304845,0.10295505,0.31100652,0.052606326
TCGA-E9-A1N8-01A,0.042150997,-0.03786933,0.19266213,0.09364817,-0.13632882,0.14570509,0.016077189,0.0666861,-0.06900685,0.04152506,-0.04134427,0.0023525597,-0.10757668,0.19166633,0.16558068,-0.1697251,0.048782784,0.27873358,0.040091973,-0.13184595,-0.09659319,-0.0682717,-0.02909039,0.17953037,0.014766008,-0.0031246128,-0.37660056,-0.050122216,-0.110793084,-0.19358855,-0.02389528,0.045432456,-0.26709267,-0.32431877,-0.075812064,-0.28673202,-0.09245178,-0.06333302,-0.14784849,0.04133579,0.021790437,-0.12702729,0.0983349,-0.1942076,-0.19023572,-0.014604811,-0.12519966,0.032992158,0.12674294,0.12931475
TCGA-E2-A15K-01A,-0.0047136075,0.012721464,0.33947536,0.20090382,-0.036787942,-0.008400226,0.12001518,0.0010080453,0.14830787,-0.09297571,-0.037738383,-0.09217044,-0.048487563,0.0099876365,0.14295533,0.059801348,0.062044837,0.1686721,-0.04375257,0.026199896,0.039328765,0.023098119,-0.07274706,0.12420971,0.06198379,0.101345316,-0.3922251,-0.09370411,-0.18094535,-0.16736783,0.2044514,0.12595336,-0.26579207,-0.31113097,-0.14173423,-0.31779894,-0.037101768,-0.17844753,-0.13075735,0.02863082,0.015824324,0.055382647,0.13671336,0.053501755,-0.064846024,-0.12733918,-0.03948272,0.05207422,0.1380136,0.015071508
TCGA-EW-A1IW-01A,-0.0070308484,0.08530576,0.04265169,0.21175276,0.02547833,0.29478592,-0.09835178,-0.0015663975,-0.11423304,0.0021035622,-0.07518013,-0.09972767,0.029683003,0.2946881,0.1432362,0.0053831805,0.112397246,0.36825243,-0.025430419,0.015189181,-0.11227061,0.10406118,-0.12923387,0.16445276,0.12150739,0.0663848,-0.24951522,-0.07051373,-0.11818209,-0.029740741,0.06476915,-0.0016434065,-0.22889422,-0.29149157,-0.13127124,-0.34945646,-0.07598813,0.05305837,-0.05917772,-0.03994646,0.04522334,0.02094274,-0.023887139,-0.10042431,0.01815631,-0.12060592,-0.032173567,0.14341812,0.18316615,0.12866628
TCGA-S3-AA12-01A,-0.09524188,-0.063118145,0.3174233,0.24474417,0.022743,0.043706108,-0.019459125,-0.17209846,0.078900754,0.09619885,0.022970289,-0.03139058,0.027065478,0.17569749,0.2323243,-0.013326066,0.17563993,0.16801903,-0.033562783,-0.10351958,-0.04452354,0.015509557,0.051575314,0.26380807,-0.039875682,0.2246138,-0.33754146,0.0042806664,-0.021083592,-0.10121479,0.060667586,0.17198777,-0.008945516,-0.18945332,-0.028624238,-0.30571148,-0.13036671,-0.10087656,-0.029897876,-0.066911384,-0.080929115,-0.15048614,0.096751325,-0.08991434,-0.06060252,-0.28073272,-0.07396183,0.010569042,-0.008356805,0.19545603
TCGA-E9-A1R3-01A,0.0034783166,0.14578713,0.28335795,0.24457371,0.09095753,0.13072263,0.036548678,0.01862473,0.13254656,-0.042234726,-0.0010498975,-0.1317005,-0.020030655,0.13879001,0.15468693,-0.09842071,-0.0139023885,0.18897119,0.02665332,0.1019222,-0.022022208,0.025978677,0.11896027,0.18277687,-0.046821646,0.26497206,-0.43853873,-0.10153183,0.08777567,-0.05647913,0.058363277,-0.033690564,0.070582226,-0.35154852,-0.114306495,-0.16607939,-0.14315677,-0.056041934,-0.12147033,0.07033267,-0.09769779,0.035418037,0.14722125,-0.08909393,-0.07922627,0.011963673,0.023460783,-0.104188114,0.14386602,0.20960404
TCGA-EW-A1P5-01A,-0.03671089,0.07125342,0.39312333,0.10346158,-0.021721859,0.123944946,0.115608625,-0.04083008,0.036181603,0.15617532,0.07477963,0.040895,-0.015407293,0.18736123,-0.010883266,-0.11568969,0.10653924,0.14691731,-0.12899187,0.021185156,0.06885565,0.08025918,-0.016443904,0.12232142,0.018004823,0.07146651,-0.19495626,-0.13028312,-0.2442294,-0.060499582,0.08169892,0.13438866,-0.16145292,-0.29807904,-0.31023085,-0.18000844,0.03900673,-0.11635835,-0.024117157,0.044402108,-0.040832795,-0.19277121,0.18537217,0.0015169189,-0.19514805,-0.30435228,-0.08223421,0.008949872,0.07082646,0.11752121
TCGA-A1-A0SB-01A,-0.017456876,0.028071394,0.31708702,0.1435198,0.06902815,0.3380139,0.017486127,-0.018401409,-0.13112703,-0.10057263,0.024243971,0.015861413,-0.09905152,0.05460935,0.217836,-0.0965478,0.04156319,0.099704094,0.07793924,-0.16353112,0.13065939,0.116945915,-0.017090596,0.1942225,-0.08239412,0.046711594,-0.32392666,-0.27190456,-0.046688914,-0.029445436,-0.01521197,0.08599008,-0.16593209,-0.24985927,-0.08670414,-0.33923966,-0.20247301,0.006125755,-0.073962756,-0.00043207328,0.005265309,-0.059289392,0.06113926,-0.0076998817,-0.10058066,-0.11575357,-0.14704567,-0.017086407,0.19031915,0.023989027
TCGA-PE-A5DD-01A,0.00053504703,0.029823681,0.24634506,0.20081705,-0.22675799,0.18299893,-0.015083588,-0.026664723,0.030943628,-0.06015097,0.026810145,0.018593395,-0.043603666,-0.012640057,0.011614366,-0.14243478,0.1386278,0.2848414,-0.1020073,-0.07308787,0.10223851,0.07061064,0.14364913,0.23517704,-0.069935784,0.12529558,-0.14866129,-0.043856453,0.012269242,0.014658852,0.0018140886,-0.01272664,-0.1502537,-0.28522784,-0.14143068,-0.41237548,-0.095949836,-0.08836075,0.003601288,0.0677283,0.09933746,0.16106428,0.2234773,-0.09353107,-0.014389352,-0.10147515,-0.21104516,0.09056124,0.17350121,0.1674861
TCGA-B6-A0RE-01A,-0.059503216,0.044576447,0.18082707,0.22649647,-0.0094318325,0.20610729,-0.01258776,-0.050748516,0.14535488,0.060750917,-0.124726385,0.12709554,0.035763625,0.24361274,-0.028066926,-0.059315614,0.27836376,0.24700893,-0.021742163,-0.1661231,0.13815267,-0.06355296,-0.047431514,0.2655609,0.13025776,0.22317274,-0.26033044,-0.030124385,-0.08880417,0.016523393,-0.07038587,-0.008203361,-0.2513835,-0.23511735,-0.11874076,-0.187975,-0.09085746,-0.0083354935,-0.1723009,0.0641846,-0.03433367,0.045490723,0.015345451,-0.123600766,-0.0064182123,-0.044917993,-0.22507103,0.10029716,0.0817888,0.1853208
TCGA-AR-A24P-01A,-0.01920933,0.054997284,0.207413,0.24987885,-0.13439259,-0.01555041,-0.034856185,0.17042409,-0.032276895,-0.09181661,-0.10882993,-0.17994724,-0.13110292,0.16552265,0.19878235,-0.13810073,0.21116443,0.18599841,0.020318326,-0.12401249,0.049922578,-0.044664018,-0.10133212,0.1053602,0.020273618,0.075661965,-0.2682922,-0.054643944,-0.16323403,-0.12154791,0.18448088,0.011351606,-0.073541895,-0.17932563,-0.13571142,-0.16472632,-0.17505112,-0.27138323,-0.13111737,-0.07587766,-0.022135457,-0.034644455,-0.0056602033,-0.09663848,-0.06250321,-0.3104035,-0.15790768,-0.0645652,0.2168169,0.10201442
TCGA-AC-A6IX-01A,0.06418697,0.041879743,0.280456,0.21738744,0.047962945,0.15288684,0.07631185,0.015091472,-0.11554458,-0.019753354,0.07214943,-0.050645135,-0.055532925,0.14329171,0.08625438,-0.124413155,-0.06948211,0.30496317,-0.0018510604,-0.21656823,-0.03978013,-0.0035649873,0.021400511,0.1405996,-0.05529227,0.18657653,-0.3896707,-0.13343021,0.1195942,-0.12379137,0.11898758,-0.02849336,0.01061362,-0.308604,-0.23023121,-0.27817318,-0.078719355,0.058455992,-0.1353794,-0.036009196,0.010943093,-0.11762652,0.017001972,-0.02996956,0.06056798,-0.099098206,-0.11313676,0.1751474,0.06852383,0.13414282
TCGA-E9-A243-01A,0.01712204,0.110042244,0.118465684,0.23793738,-0.059665766,0.2405975,-0.0083096875,-0.11608878,0.058850106,0.07352164,-0.13037914,-0.05313296,-0.109257996,0.0380278,0.15837386,-0.005209652,0.100683145,0.04528023,-0.08903577,-0.1675017,-0.1240663,0.074700624,0.0029763815,0.17977275,0.07255844,0.11709287,-0.2876752,-0.031478457,0.100471064,-0.15995845,0.022866452,0.06294579,-0.18673952,-0.27582595,-0.10749503,-0.52222574,-0.026420766,-0.04891031,-0.0707102,0.019269405,-0.05017118,-0.07214595,0.22423895,-0.08106886,-0.1318752,-0.108714335,-0.07195081,0.027864065,-0.03085777,0.1613419
TCGA-B6-A0RG-01A,0.05508794,0.12851793,0.20853716,0.08685577,-0.112011984,0.06591546,0.028508496,-0.032294605,0.117200635,-0.1318223,-0.04376646,-0.021855759,-0.02205981,0.12571259,0.07624477,0.035969768,0.09946004,0.27016822,0.121692665,-0.03356866,-0.058864146,0.014009004,0.07264857,0.113512926,-0.027876556,0.35683647,-0.30525532,-0.004148522,-0.06458824,-0.09966814,0.063547395,0.052027684,-0.1580424,-0.18391816,-0.18636787,-0.25431448,-0.16806374,-0.20139134,-0.16804168,-0.10258284,-0.100836016,0.030999396,0.19069983,-0.15850711,0.033271838,-0.19398955,-0.18741341,0.15815797,0.2174755,0.0799711
TCGA-PL-A8LY-01A,-0.06020585,-0.040729575,0.20263149,0.12998882,-0.17361711,0.2925266,0.10860009,0.046678286,-0.120391145,0.037676446,-0.056947906,-0.105271675,-0.020872103,0.06765588,0.16974144,0.028857438,0.16053943,0.2496484,-0.022137932,-0.14287382,0.0447639,0.10288683,0.0036491288,0.26474702,-0.0043687634,-0.047366213,-0.2611776,-0.08556543,-0.09132121,-0.2730244,0.057001986,0.031222714,-0.29529366,-0.30236292,-0.05717176,-0.26202956,-0.11174173,-0.15601985,-0.022901071,-0.022684257,0.11433431,-0.07136181,0.009304607,0.04541159,-0.086621396,0.019114694,0.022785015,0.13851029,0.1316207,0.17874537
TCGA-BH-A1EO-01A,-0.05409902,0.0009099849,0.3043337,0.23919289,-0.037588496,0.09658935,0.117260896,0.02976331,-0.17326696,0.1361703,0.1304017,-0.17559993,-0.09021825,0.12878439,0.09360257,-0.08593186,-0.03421421,0.28247476,0.03826249,0.109410085,0.0155395055,0.053800493,0.00744232,0.01802537,-0.07018011,0.07581738,-0.22211507,-0.07568971,0.061991442,-0.12422206,0.09429853,0.040663242,-0.24894284,-0.19002001,-0.21740471,-0.33999124,-0.12343155,0.014888824,-0.0013584378,0.12547085,-0.045886714,-0.029683057,0.08724421,-0.05057767,0.049614158,-0.18389757,-0.09592278,0.105493665,0.18719235,0.30686936
TCGA-BH-A0BS-01A,-0.07295762,0.045029767,0.22363031,0.28346142,0.06734149,0.09359912,0.0857884,-0.08591094,0.0063245683,-0.015368461,-0.017911404,0.12804165,-0.029148651,0.11849723,0.23376411,0.04135613,0.049584728,0.21065389,-0.016594084,0.018808875,0.15184201,0.1591775,-0.08320658,0.20970173,0.12873596,0.10180788,-0.2665391,-0.23546858,0.010220639,-0.028924631,0.048226383,0.16503121,-0.1768793,-0.28625706,-0.0980251,-0.40743876,-0.12599978,-0.18458845,0.01971624,0.0015550151,0.14448449,-0.014668619,0.15810823,-0.0768235,-0.026054367,0.016269078,-0.02684673,0.09692951,0.08916386,0.07173034
TCGA-C8-A26X-01A,-0.061352566,-0.08821502,0.24503039,0.22616936,-0.12485759,0.21294226,0.11132152,-0.020008221,0.28872132,0.0031872753,0.10079974,0.09171226,0.00060807547,0.22373499,0.13073952,-0.11919548,0.09576418,0.2893197,-0.07295779,-0.041461468,0.09232782,-0.10927837,-0.024830477,0.1907369,0.0029222607,0.2075308,-0.10755352,-0.10157166,-0.046508975,-0.020101266,0.1814178,0.119076975,-0.14972971,-0.30613342,-0.18189707,-0.27890202,-0.037091628,-0.1305475,-0.09770905,0.026112268,-0.0097754,0.07329312,0.0327117,-0.109210126,-0.17903464,0.06960062,-0.06589421,0.06337143,0.108886585,0.13037905
TCGA-EW-A1J3-01A,0.00627028,0.031135233,0.31063235,0.07523044,-0.14287396,0.22979379,-0.033719044,0.12599896,0.13812888,0.084415995,-0.03547991,-0.105245575,-0.08737687,-0.008457815,0.06867594,-0.07380799,0.0447161,0.1917246,0.05898511,-0.08895436,0.08160625,0.03851554,-0.00040596802,0.0877276,0.18946047,0.12088413,-0.37090033,0.04866528,0.0064973994,-0.15345612,-0.054950207,0.04347535,-0.29554075,-0.059985723,-0.14304784,-0.24718745,-0.048937354,-0.15644552,-0.10398913,-0.030003149,-0.15118922,-0.1517273,0.17114525,-0.08828408,-0.04367395,-0.23165576,-0.12572637,0.12536389,0.17653994,0.23010252
TCGA-OL-A6VO-01A,0.030321665,-0.023783004,0.2198647,0.21714239,-0.051746365,0.21100718,-0.089706324,-0.06000914,0.09800179,0.044379443,-0.0006924512,-0.1774271,0.040063303,0.11088261,0.16722621,-0.10642479,0.016442433,0.21672279,-0.02142695,-0.16726924,0.07293113,-0.17862743,-0.1863675,0.15179327,0.1516771,0.04112607,-0.2751234,-0.13513775,-0.121235125,-0.07888201,0.023053775,0.14318913,-0.14987743,-0.3438917,-0.06402126,-0.14395815,-0.24858147,0.10646342,-0.05560596,-0.021947775,-0.17602591,0.019891994,0.19792883,-0.12837599,-0.0023460244,0.049733482,-0.17875174,0.16751716,0.093451284,0.12700783
TCGA-D8-A27V-01A,0.020552503,0.13031623,0.22143127,0.25223738,-0.12582615,0.25061697,0.013723415,-0.07660618,-0.040320337,0.06800917,-0.08109921,-0.12233973,-0.12339901,0.122190215,0.22564012,-0.020251665,0.22485721,0.15714589,-0.06277417,0.12960161,0.12782629,0.05706123,0.096402526,0.26587003,0.093376406,0.16608985,-0.27112603,-0.00421096,0.031443782,-0.029036224,0.14947483,0.08467307,-0.025650933,-0.268033,-0.114083424,-0.14470682,-0.2113797,0.06230665,-0.27937946,-0.13542905,-0.043921683,0.0147134345,0.121848755,-0.08701633,0.05408415,-0.063210726,-0.015747815,0.14043908,0.1629929,0.09892145
TCGA-AC-A3OD-01A,-0.001680482,0.057921436,0.22451954,0.2700251,-0.01603834,0.10097907,0.035998486,-0.07854529,0.0090830205,0.08590768,-0.039059125,0.08280733,-0.016069407,0.17314745,0.16047132,-0.10632007,0.0045662406,0.32049963,-0.014258527,-0.068988964,0.10506145,-0.108838364,-0.03541536,0.17773235,0.058741245,-0.03123416,-0.3693187,-0.047021642,-0.027604537,-0.21219167,0.043105885,0.026810843,-0.19903801,-0.277823,-0.21827663,-0.33762097,-0.06254491,-0.10243043,-0.11072707,-0.07809079,0.046906956,0.120722145,0.04487273,-0.1621984,0.025025168,-0.078958705,-0.11805158,-0.00324105,0.14962754,0.13395977
TCGA-AR-A5QM-01A,-0.0024012234,0.061328545,0.0996482,0.16662912,-0.1922899,0.21015461,-0.076922424,0.02987172,-0.0056488616,0.023010671,0.0026125845,-0.011039062,-0.076768436,0.2368284,0.09491462,-0.17026901,0.07553913,0.1726764,-0.019632561,-0.019164532,0.03968065,0.13917062,-0.08791497,-0.027369032,-0.029703658,0.27785662,-0.30224282,0.016639665,-0.081523634,-0.069024205,0.06338443,-0.0043346444,-0.00604947,-0.3358194,-0.16736618,-0.07104237,-0.21368001,-0.24939732,-0.16492751,-0.046433475,0.019833287,0.0141105335,0.22158869,-0.11688771,-0.022214795,0.010618679,-0.18651123,0.05172498,0.24697812,0.27120188
TCGA-E9-A244-01A,0.12765005,-0.0869452,0.07275186,0.21284391,0.07218042,0.11083311,0.12349361,-0.0022408476,0.1856188,0.13061284,0.008889662,0.020141965,-0.1090999,0.2282939,0.15601152,-0.15079196,0.13628839,0.35099205,-0.08817494,-0.019809091,0.14643964,0.0002341695,-0.10935246,0.075550415,-0.010901455,-0.045361176,-0.2862498,-0.1768751,-0.04194879,-0.12733187,0.13177988,0.19245921,-0.29482242,-0.18923652,-0.15388906,-0.17743935,-0.05983636,-0.028409021,0.013945713,-0.0729941,0.05190761,0.11661397,0.19103405,-0.06124503,-0.07126326,-0.21890968,-0.048798714,0.11490812,0.13671622,0.14578821
TCGA-EW-A2FV-01A,0.072583675,0.06537578,0.38423082,0.23881687,-0.0008796607,0.16298169,-0.098755315,-0.042997003,0.08818524,0.0918489,-0.065203585,0.0126371775,0.035786305,0.1274784,0.13562548,-0.15262407,0.08648204,0.18114732,-0.0027251935,-0.018966055,-0.07156553,0.09817129,-0.022019772,0.28057316,-0.025482401,0.22810583,-0.06828514,-0.16763042,0.0015249518,-0.020375196,0.042128954,0.23375688,-0.16896775,-0.1558468,-0.17106667,-0.2054444,-0.1067433,-0.21145241,-0.035712898,-0.013721622,0.03078634,0.08834821,0.17573969,-0.20084181,-0.11818257,-0.2452084,-0.11450583,0.040255,0.17127736,0.10421033
TCGA-A2-A04R-01A,0.014317465,-0.1367228,0.30802202,0.22040744,-0.032425046,0.06735716,0.07912811,-0.1664408,-0.10015417,0.12595955,0.11878918,-0.10015665,-0.0075456565,0.24379864,0.17146486,-0.094114274,0.13805822,0.34850457,0.040870838,-0.13417196,0.1712095,-0.03529231,0.006357466,0.14447102,-0.07193438,0.06977167,-0.20996816,0.09020177,-0.042236082,-0.10941345,0.22631638,0.007821038,-0.13205914,-0.16388297,0.0016632525,-0.12005487,-0.060413294,0.079997696,-0.1820678,-0.081617594,0.033022013,0.0024245835,0.006856989,-0.20335738,-0.08799678,-0.19790132,-0.06989087,0.07293399,0.18510231,0.2624807
TCGA-BH-A0B9-01A,-0.023680417,0.032442242,0.297587,0.24407502,-0.030805562,0.27102295,0.110459,0.072563194,0.0627158,0.0013086033,-0.07000572,-0.10707576,0.008483865,0.20184307,0.16880895,-0.23232457,0.09585707,0.1525602,0.14517054,-0.16293651,-0.050383713,-0.019961532,-0.046800766,0.16715093,0.1401576,0.07064794,-0.2518107,-0.028960535,-0.12762412,-0.1992083,-0.02057109,-0.005027825,-0.19903979,-0.21643874,-0.11870313,-0.19946672,-0.29547325,0.03583515,-0.0316658,-0.17239308,-0.04393444,-0.021907449,0.030849492,-0.14182326,-0.091659725,-0.18314683,-0.051220667,0.017464912,0.1507107,0.07505941
TCGA-E9-A1NI-01A,0.0022100445,-0.08013015,0.2562382,0.25162306,-0.12815936,0.25529778,0.028839787,0.08488444,-0.0054489886,0.20707887,0.045247823,-0.014913481,0.038799763,0.31313854,0.24450903,-0.061413605,0.08668804,0.19327238,0.020261565,0.013165576,-0.0048351903,-0.14682117,-0.005497131,0.17095776,0.020960215,-0.025672818,-0.3776827,-0.05733211,0.041225318,-0.21722879,0.023836624,0.15717326,-0.17825013,-0.21178368,-0.04463034,-0.14718044,-0.10049358,-0.03253989,-0.1552328,0.07670441,-0.13188614,-0.037426088,-0.089151785,-0.14380793,-0.12657265,-0.09918974,-0.08732099,-0.0046807667,0.122675,0.108578086
TCGA-E9-A295-01A,0.019243386,0.08919206,0.20866777,0.16780001,-0.11542288,0.23720247,0.10597589,0.12512104,0.080714986,0.08520161,-0.010197688,-0.048683982,-0.068851225,0.041080575,0.020237498,-0.14669262,0.25134978,0.18904658,-0.047963742,0.09635529,-0.1633672,0.15175459,0.021815393,0.15956783,0.021608904,0.13453116,-0.24474089,-0.009955587,-0.012774832,-0.2074629,0.07723321,0.18084592,-0.12657505,-0.3613599,-0.11469209,-0.16387856,-0.07404317,-0.032208294,-0.10911599,-0.08340304,-0.023935743,-0.05279103,0.15151347,0.10147427,-0.057110723,-0.26794302,-0.18068717,0.06726457,0.17992605,0.1977242
TCGA-E2-A14N-01A,-0.07815031,0.04593292,0.36167368,0.2000803,-0.12982056,0.23501559,0.10923574,-0.083588354,0.13022329,0.0002554036,-0.024408413,-0.0577534,-0.08625394,0.07006336,0.18399848,-0.0645214,0.21888348,0.23639481,-0.09784573,0.028121144,-0.09626648,0.12826586,0.025196662,0.17416771,0.07111578,0.1388727,-0.3424093,-0.044882935,-0.10587687,-0.11049521,-0.15767387,0.02124266,-0.16796511,-0.22268173,-0.24057665,0.01604102,-0.04388798,0.05135006,-0.18172462,-0.096859224,-0.0145131815,0.05779405,-0.004898388,-0.20025767,-0.03977565,0.045972362,-0.048194226,0.14625916,0.08208014,0.18648002
TCGA-D8-A1JK-01A,0.08546,0.05935896,0.3358966,0.12205488,0.0061195907,0.2307878,0.18416044,0.062458985,0.11190135,0.054896653,-0.06294748,-0.15616757,0.0010958622,0.21673664,-0.037266277,0.0060238778,0.080926895,0.23740882,0.00517003,0.12727705,-0.100666285,-0.10253091,0.0277714,0.1763929,-0.009826106,0.22226095,-0.25273797,0.029468292,-0.026525287,-0.13020016,0.02272152,0.019335316,-0.16252497,-0.28156403,-0.065679155,-0.30231082,-0.28523463,-0.09482558,-0.005621028,0.02699212,0.09464057,0.09422158,0.023052556,-0.039737534,-0.09797549,-0.15260561,-0.015434425,-0.050364587,0.01967794,0.25511545
TCGA-A2-A25A-01A,-0.004615479,-0.021248952,0.12596734,0.24677421,-0.02318826,0.17040415,-0.09669159,-0.15751936,-0.058263555,0.18477757,-0.055147283,0.007697049,-0.094602115,0.12164103,0.1532989,-0.0016624802,0.016678672,0.17803405,-0.03883099,0.036835186,0.02169666,0.13533531,0.049805827,0.13579856,-0.10691455,0.03696839,-0.3956378,-0.076249,-0.19895597,-0.13844946,0.0532326,-0.14619267,-0.097996496,-0.2464801,-0.20686814,-0.27427638,-0.08178964,-0.1966867,-0.10277985,-0.09417789,-0.035773996,-0.060479738,0.15910552,-0.043892216,-0.019329771,-0.3253982,-0.054268915,0.082183905,0.14052843,0.13199282
TCGA-BH-A6R9-01A,-0.056474775,0.033560283,0.15977718,0.19007578,-0.14682713,0.14714183,-0.024522789,-0.03548959,-0.063443266,0.12129461,-0.034955513,-0.03227985,-0.13389389,0.0509045,0.17022215,-0.15588968,0.11045951,0.21568698,-0.02168291,-0.14052343,-0.058723275,-0.14135647,-0.056912877,0.32585007,0.16163495,0.124351226,-0.19323583,-0.05233002,-0.15153593,-0.028701417,0.011651195,-0.09258981,-0.2063121,-0.35600305,-0.01640079,-0.2484716,-0.0075276364,0.04508814,-0.1058042,-0.14804816,-0.10549024,0.051062215,0.19130553,-0.10427807,-0.051250942,-0.092049316,-0.01004579,-0.03689686,0.25109312,0.25471658
TCGA-A7-A6VX-01A,-0.0052800127,0.014181846,0.1320965,0.046037428,0.00072880066,0.29806224,0.20988199,0.039544556,-0.0020009752,0.06208608,0.021718716,-0.12690578,0.10660059,0.25112954,0.09693879,-0.055925403,0.24440274,0.1931772,-0.0440287,0.095498,0.086439714,0.06628259,0.01498096,0.15072829,-0.014552591,0.13312262,-0.38341573,-0.036386166,-0.14764331,-0.0010608833,-0.048306104,0.09573355,-0.029363992,-0.23272659,-0.1753464,-0.28638983,-0.17962603,-0.07919582,-0.09886357,0.12900159,0.007272389,-0.046045635,0.16985859,-0.009155891,0.09697051,-0.18667017,-0.015012884,0.039233964,0.20703545,0.20771962
TCGA-E9-A54Y-01A,-0.054953683,-0.04918104,0.3632256,0.30971685,0.042738616,0.15885633,-0.010585304,-0.00659346,0.12476079,0.089006744,-0.03979038,0.09416863,-0.055559833,0.11288662,0.13775843,0.022252839,0.005053608,0.14851001,-0.009361746,-0.026361942,-0.060494497,0.01802121,0.012619156,0.19119795,-0.069354475,0.1359059,-0.24069777,-0.0107987635,0.087714046,0.10848393,-0.028435182,0.082638316,-0.15525791,-0.319843,-0.15699986,-0.2675286,-0.12476833,-0.046007957,-0.16001266,-0.09793175,-0.17211968,0.13015975,0.06229251,-0.11975805,-0.061309937,-0.248284,-0.14856818,0.05245202,0.17930982,0.18861786
TCGA-A7-A6VY-01A,0.043428425,-0.09541394,0.3023789,0.18409349,0.041316636,0.13271356,-0.10577584,0.054741073,-0.08942283,-0.026861906,-0.11964262,-0.1881051,-0.14110118,0.089427486,0.026458684,-0.08109929,0.021714445,0.21537274,-0.06572468,-0.093280785,0.025045179,0.002152308,-0.020192534,0.09747131,-0.033433605,0.25663608,-0.2820959,-0.16182682,-0.086020544,-0.20262425,0.13256022,0.020425463,-0.12038374,-0.124976404,-0.08545069,-0.36671352,-0.07683001,-0.11334048,-0.17214064,-0.1676258,-0.044329576,0.123034865,0.22556725,-0.19250852,-0.15225533,0.061754834,-0.16587338,-0.0035215316,0.061107274,0.12370082
TCGA-3C-AALI-01A,-0.06261956,-0.09528442,0.16058913,0.26239142,-0.09296403,0.1661429,0.0655844,0.01970437,0.1692353,0.04856739,0.0064744856,-0.03099178,-0.045791935,0.067788616,-0.051844183,-0.15450278,0.02460339,0.17193094,-0.05391788,0.095457524,-0.009720332,-0.09515721,0.026388094,0.08703818,-0.05674915,-0.02799724,-0.3524043,-0.22627944,-0.15983295,0.0036338146,0.05450922,0.06356548,-0.15699904,-0.38568497,-0.064603016,-0.30171204,-0.1547393,-0.018243354,-0.03126255,-0.09034721,0.007526968,-0.053596176,0.23481776,0.0340445,-0.22347318,0.031089667,-0.03846432,0.11116714,0.18568467,0.2326514
TCGA-A2-A0YC-01A,0.009497073,0.054231156,0.34541106,0.2256772,0.05514486,0.19548023,-0.0038413445,0.087222606,-0.039658923,0.11746614,-0.0263692,-0.046359785,-0.06336838,0.19293977,0.09552175,-0.11260254,0.14839543,0.36091623,0.0034333996,-0.1080104,0.05182312,-0.0998931,-0.022264544,0.025409846,0.0016736111,0.11854713,-0.23577711,-0.1255394,-0.10746228,-0.09923281,0.06327824,0.057376467,-0.06511942,-0.30936533,0.04716369,-0.25981554,-0.059923105,-0.0018932434,-0.044394307,0.06446569,0.12815364,-0.12116324,0.2583354,0.047664974,-0.10354937,-0.24702168,-0.02047161,0.12042546,0.195113,0.022051275
TCGA-C8-A26Y-01A,-0.017765874,-0.08652116,0.27850685,0.3619009,0.036419686,0.1745574,0.15318243,0.061304692,0.1132613,0.014378401,0.00018638464,-0.106199585,0.059154756,0.04506609,0.13081309,-0.03854719,0.0009470982,0.19030909,-0.04216386,-0.13058905,0.1827493,-0.11219676,0.053477935,0.13607599,-0.08129348,0.124777846,-0.21737109,-0.005300036,-0.03468192,-0.14446387,0.0015894464,0.2144985,-0.06687458,-0.3036169,-0.23961852,-0.25762016,-0.15198526,-0.030711552,-0.051307127,-0.027895495,-0.13860762,0.08032101,0.1407417,-0.12028729,-0.16394466,-0.10759491,-0.024155075,0.10597374,0.08869418,0.22422338
TCGA-BH-A1FN-01A,-0.074829474,0.13222973,0.20495911,0.14294066,0.010994424,0.09685615,0.22079854,0.07856831,0.19400309,0.0038285642,0.021733083,-0.08925921,-0.1843469,0.17520764,0.11674947,-0.1302475,0.08045189,0.16216569,0.101513,0.10439221,-0.00682377,0.0068651917,0.02937692,0.24236158,-0.06404049,0.0769987,-0.30366233,-0.04750629,-0.05079025,-0.19191112,0.028715868,0.1659556,-0.10041848,-0.251904,-0.11904332,-0.3131651,0.023616068,-0.2664845,0.01845661,0.0105710365,0.03627174,-0.036007233,0.049013685,-0.1719966,-0.21250029,-0.0938403,0.033876866,0.1221305,0.06971411,0.23547511
TCGA-EW-A1J6-01A,0.11938221,0.101061516,0.16250366,0.17491232,-0.26716092,0.10854221,-0.112444274,-0.11781542,0.06739289,-0.0699276,-0.07786761,-0.13794452,0.13681503,0.07760469,0.0055037756,-0.14646642,0.11328056,0.26798174,0.00016936354,-0.16419,0.022830455,0.17510444,0.036673162,0.2241597,0.037619248,0.22507927,-0.19443914,-0.11536566,0.030632941,-0.09454264,-0.035948146,-0.101973526,-0.23192817,-0.32555023,-0.15018846,-0.2630261,-0.10727296,-0.13002789,-0.036634866,-0.04031481,-0.14166391,0.07308901,-0.043660894,0.017104859,0.031469345,-0.1312725,0.017193256,0.17820482,0.15092961,0.15939128
TCGA-BH-A0DQ-01A,-0.07344017,-0.03373461,0.2558119,0.1796364,-0.21177351,0.1561304,-0.008843868,0.0648197,0.043219894,-0.06715083,-0.020796916,-0.07368996,-0.02047702,0.26823458,0.34477264,-0.12007198,0.0020677743,0.1227918,0.0455305,-0.14598006,0.03754553,0.046831872,0.041816134,0.15801199,-0.017745772,0.10471762,-0.194191,-0.15275124,-0.032734785,-0.10196789,-0.045404535,0.039132953,-0.07937183,-0.16642967,-0.17381671,-0.2945641,-0.037393518,-0.06589278,-0.081797935,-0.06985586,0.034292128,-0.17478022,0.120839395,-0.039288905,-0.08277145,-0.21900074,-0.23661669,0.15747234,-0.08110854,0.29975733
TCGA-D8-A1Y1-01A,0.108753316,0.009704262,0.3631793,0.08650465,-0.10726367,0.083507515,0.109222226,0.0867295,0.25015804,0.096824594,0.0034998448,-0.031166775,-0.19716267,0.17372987,0.13826281,-0.108068466,-0.044961013,0.21060689,-0.18068369,-0.07419065,0.09454451,0.034144297,0.055341918,0.10338753,0.09163774,0.2021925,-0.20274834,0.0135892,-0.031801105,-0.12128411,0.06541196,-0.04514331,-0.17487288,-0.3176244,-0.24937989,-0.26738992,-0.13842614,-0.13373193,-0.025791015,0.08617254,0.0036950482,0.005389524,0.10460245,-0.14920965,-0.0908944,-0.14991248,-0.14291991,0.10775814,0.06986871,0.076102845
TCGA-E2-A570-01A,-0.14856553,0.061043307,0.064781845,0.25521243,-0.064954475,0.30198747,0.06805817,-0.025851734,-0.083970174,-0.043714553,0.14306393,0.05330373,-0.090308264,0.067619026,0.1857715,-0.02999655,0.115506954,0.17558789,-0.116467215,-0.045790184,-0.03964167,-0.097206965,-0.062171713,0.21356055,0.18642728,0.08123825,-0.26065174,-0.053668354,-0.07390024,-0.056294523,0.023413315,0.09067747,-0.25136217,-0.07011226,-0.18623823,-0.23920375,-0.033587325,-0.09288879,-0.12211769,-0.09792055,-0.12268486,-0.010058997,0.22814597,0.015410517,0.0779654,-0.087948956,-0.075737,0.12925489,0.12446148,0.40049446
TCGA-D8-A1JH-01A,-0.138359,-0.019234734,0.13491218,0.44390276,-0.10424027,0.17103323,-0.057887606,-0.026275264,0.016201831,0.10323806,-0.023899397,-0.11616332,-0.05242365,0.15311457,0.20587462,-0.18989955,0.019774152,0.25740328,0.04880467,0.05606442,0.121842586,-0.03810159,0.0752357,0.15860794,-0.022496853,0.10646246,-0.20389159,-0.099006094,-0.03133668,-0.061546896,0.015226695,-0.13509668,-0.19656672,-0.108396,-0.065004736,-0.32536712,-0.040133372,-0.17779908,-0.1592966,-0.039983597,-0.04755769,-0.1040229,0.09472408,0.06670821,0.18635353,-0.19400716,-0.033023458,0.008647816,0.092891954,0.2373964
TCGA-AC-A62Y-01A,0.04910283,0.10166137,0.2774116,-0.02755681,-0.075335935,0.15506612,0.21260187,0.050146285,0.12942731,-0.021866197,0.074558534,-0.1101727,0.014348361,0.08990374,0.04032118,-0.07056245,0.0841451,0.31692702,0.006042384,-0.11984242,-0.1019568,0.13913374,-0.018435353,0.12533177,0.06438643,0.08351306,-0.19650622,-0.079781905,-0.088969246,-0.108227685,0.20694697,0.18738036,-0.2193253,-0.29196516,-0.2533856,-0.18121311,-0.09948446,0.1276701,-0.1328602,0.101268165,-0.023254821,0.03518196,0.11224792,-0.0053564864,-0.029784892,-0.19308472,-0.06386656,0.13964805,0.25044504,0.19369918
TCGA-A2-A4S2-01A,-0.07482882,0.035583813,0.28647125,0.14727779,0.0034713699,0.15847178,0.11086051,0.05518225,-0.044379424,-0.077157214,0.017871313,0.118593894,-0.04644591,0.13373393,0.16258545,-0.008560846,0.050077185,0.14520068,0.051688623,-0.08031413,0.009450031,0.100603126,0.050338417,0.33201733,0.14975747,0.13390738,-0.29450116,0.04979767,-0.22190511,-0.0007161121,-0.06959531,0.063044585,-0.13863295,-0.28501594,-0.19248864,-0.24435402,-0.13251342,-0.038127173,-0.011402522,-0.04002531,-0.0764108,0.0033995444,0.3358642,-0.09207315,-0.10704188,-0.121067576,0.0017555325,0.0059793335,0.07602889,0.24436143
TCGA-A1-A0SG-01A,-0.021464232,0.007257162,0.121715635,0.27746978,0.16238011,0.09021855,0.10163462,-0.00957893,-0.12626,-0.016789824,-0.16854171,-0.09870772,-0.08139437,0.1927527,0.19407316,-0.06819388,0.07647061,0.17079923,-0.13673285,0.00028707762,-0.05551063,0.04249901,-0.11546158,0.093993016,0.09301519,0.19267607,-0.2795258,-0.22869729,-0.092371374,-0.25744665,-0.023032745,0.08933475,-0.12777595,-0.18946981,-0.25815585,-0.14705253,-0.073474236,-0.22898933,-0.24172474,-0.0628664,-0.05375563,0.011822108,0.053555526,-0.13239911,-0.009448986,-0.23966326,-0.06725676,0.08239348,0.09663055,0.14023626
TCGA-BH-A0DS-01A,-0.022904167,0.020144248,0.1600893,0.18055233,-0.024155172,0.28807294,0.1071372,-0.12770742,0.06295671,-0.030636858,-0.054593813,0.05208418,-0.18393333,0.21316071,0.06552473,0.040792786,0.12348416,0.24910444,-0.031499736,0.018233532,-0.13036308,-0.050440986,0.048229594,0.16604818,-0.077751316,0.09508593,-0.20931304,0.1028571,-0.19134939,-0.16106778,0.10386919,-0.07933567,-0.1268747,-0.23468634,-0.08589083,-0.32472754,0.020162495,-0.043860096,-0.0023776917,0.0071196593,-0.032164004,-0.0023404062,0.2349159,-0.11280588,-0.035644405,-0.1891883,-0.12197618,0.23082678,0.041064028,0.30697858
TCGA-AR-A2LN-01A,0.023008088,-0.13175043,0.083886765,0.14428072,-0.05306497,0.25435054,0.059391964,-0.035621263,-0.028517019,0.051764447,-0.083893925,0.042829603,-0.058205806,0.1387935,0.045465067,0.0064679794,-0.052078232,0.20407066,-0.18154523,-0.16475442,-0.0012959404,0.073410735,0.116523355,0.05845493,0.10859426,0.23880391,-0.26405713,0.009183521,-0.18225943,-0.21745022,-0.01852941,-0.033345312,-0.108403265,-0.1982355,-0.0021113048,-0.49145788,-0.09933629,-0.21719098,-0.13566576,-0.06346379,-0.015605609,-0.090479374,0.083078586,0.0154596325,-0.16851431,0.07121805,-0.14968929,0.048670888,0.1570901,0.16383779
TCGA-AC-A2BK-01A,-0.010621108,0.102448486,0.19240077,0.2703877,0.007824261,0.21226218,0.11481223,0.014608641,0.117843375,0.048547097,-0.07184647,-0.03916074,-0.09497974,0.151787,0.21046337,-0.18875135,0.11850086,0.18143083,-0.103398785,0.01676326,0.08512935,0.054591775,-0.005746724,0.09209002,-0.022928396,0.099313766,-0.29214227,-0.04139244,0.066694945,-0.12118036,0.02735488,0.13804555,-0.20948881,-0.42683706,0.011281278,-0.33041924,-0.025573699,-0.19436269,-0.069917545,0.07350983,0.061953533,0.09201855,0.10932809,-0.039492786,-0.07667727,-0.16709253,-0.009487753,-0.015299446,0.103239544,0.13441825
TCGA-BH-A0HI-01A,-0.10375593,0.0433255,0.2853771,0.11720425,-0.098811276,0.09288901,-0.06514302,-0.14185935,-0.041858066,0.042936724,-0.08301455,-0.08516831,-0.16021605,0.21256746,0.15822348,0.07151156,0.1727184,0.21223542,0.061889697,-0.0071382835,-0.022376735,0.09684171,-0.05100055,0.20042358,-0.018771237,0.23063941,-0.41248304,-0.045971237,0.016189814,-0.12674482,0.11016752,0.18114528,-0.19802533,-0.14527127,-0.15654787,-0.23563607,-0.04677544,-0.15894285,-0.06727182,-0.043062076,-0.064437084,-0.039404284,0.08372574,-0.0985147,0.02645397,-0.13836621,-0.0564719,0.10170262,0.25679982,0.12754704
TCGA-BH-A0E1-01A,0.028922688,0.082216285,0.31213975,0.049218778,-0.15181658,0.22447547,0.059069887,0.06894128,-0.040435225,0.1158938,0.004984375,0.010248721,-0.044756647,0.09809072,0.1357962,-0.13640365,0.16913667,0.13525797,0.11669294,-0.052258622,-0.072981566,-0.1773705,0.0369287,0.055997536,0.108929195,0.05650038,-0.2923752,-0.23436849,-0.22767442,-0.072215654,0.24514283,-0.04257405,-0.15225933,-0.15225331,-0.01615108,-0.2881648,-0.16139802,-0.0839215,0.026809746,-0.15848108,-0.08850814,-0.012791914,0.05534105,-0.15610744,-0.043546423,-0.049107794,0.017916437,0.08427714,0.18439174,0.3135066
TCGA-AC-A6IW-01A,0.048489694,0.05410776,0.12515736,0.22649701,-0.22216995,0.120682046,-0.038300827,-0.07759813,0.07036699,-0.101344615,-0.12859732,-0.17711617,-0.10519694,0.0714836,0.07340839,-0.07030781,0.05174648,0.22947785,-0.16534187,-0.03372662,0.0052547497,0.060416184,-0.055456616,0.097598605,0.019792398,0.24717961,-0.2488307,0.07970964,-0.14076835,-0.059661046,0.118159086,0.12914771,-0.18294759,-0.23018451,-0.13862216,-0.34501365,0.03392992,-0.034814358,-0.12598579,0.051515203,-0.059023626,0.1524011,-0.047305405,-0.17059907,-0.14163324,-0.16449566,0.039977193,0.28582874,0.13520038,0.17463535
TCGA-GM-A2DH-01A,-0.04803085,-0.073535025,0.19221503,0.07510921,0.01807961,0.11908976,-0.010754614,-0.030246565,0.078586295,-0.08207402,-0.14363974,-0.0775063,0.044521853,0.12507394,0.21291538,0.019345332,0.036904965,0.14374515,-0.009461737,-0.0057466766,-0.07929035,-0.023706056,0.010991713,0.2286371,0.06218671,0.08992447,-0.3263436,-0.16739675,0.07345166,-0.14787148,0.16155797,-0.007332936,-0.110397406,-0.36859292,-0.003983568,-0.18027604,-0.11455014,-0.108774215,-0.05143915,-0.061292514,-0.18735972,0.12074342,0.20029749,-0.07625569,-0.1406912,-0.22460459,-0.20422886,0.040274773,0.2843587,0.21913707
TCGA-E9-A1QZ-01A,-0.14346321,0.016941367,0.18904747,0.2710096,0.0954173,0.195317,-0.017648911,-0.043744728,0.10313261,-0.055140063,-0.056810897,0.003332406,-0.04265222,0.07027682,0.12968022,-0.15350494,0.102136835,0.25246882,0.05229873,-0.006717919,0.20316772,0.14377777,0.08066465,0.235012,0.09095559,0.2512554,-0.27765164,-0.15907887,-0.15285383,-0.27502236,0.08934395,0.03957866,-0.16346954,-0.23618585,-0.060056813,-0.27548087,0.013304051,-0.11606404,-0.07307022,-0.040179346,-0.08468222,-0.021825003,-0.05090858,-0.08274498,0.12527281,-0.12384972,-0.035159342,-0.003019781,0.12961647,0.15702821
TCGA-OL-A66N-01A,0.07861943,-0.1314732,0.07928646,0.17247514,-0.07926733,0.14051458,0.015390997,0.1500061,0.08871994,0.05720573,-0.014893596,-0.22601433,-0.005569848,0.22114228,0.12884597,-0.02779063,0.10651757,0.15261409,-0.042360295,-0.120190166,-0.051703393,0.0748681,-0.08049134,0.17023818,-0.08525458,0.03291831,-0.1805897,-0.09834117,-9.32722e-05,-0.3066419,0.12607755,0.17149681,-0.27870673,-0.27745605,-0.18870941,-0.32685077,-0.05365668,-0.038744878,-0.05917376,-0.060191706,-0.12287622,0.13791485,0.09829347,-0.016784335,-0.0377756,-0.048344452,-0.13441989,0.27305415,0.13497466,0.105408676
TCGA-A7-A26F-01A,0.044071034,-0.051421974,0.14303102,0.3271659,-0.14561298,0.14507347,-0.024379326,-0.09179302,0.028480498,-0.025190188,0.03675745,-0.024767805,-0.050789427,0.077679224,0.09682538,0.059020177,0.1130974,0.25802863,-0.043372978,-0.1687097,-0.0067577157,0.12586983,0.01946164,0.25710663,0.10117793,0.03938631,-0.37581518,-0.16828215,0.023176635,-0.20484182,0.059287935,0.07635966,-0.08203197,-0.22594337,-0.15308619,-0.32097903,-0.17727081,-0.18876997,-0.118935816,-0.0625067,-0.020323738,-0.07173185,0.04496879,-0.12944601,-0.12019505,-0.015215866,-0.15061672,0.0017953954,0.1470458,0.1175257
TCGA-E2-A1L9-01A,0.05063645,0.10045844,0.15507075,0.35639757,-0.24652465,0.03424113,0.10994881,-0.14360441,-0.0013930463,0.08750351,0.0063399156,-0.015957616,-0.20067962,0.03177038,-0.0032879359,-0.09437443,0.1326718,0.18135467,0.1558038,-0.19198035,0.11690971,-0.13221061,-0.057489548,0.034418546,0.06556252,0.17487656,-0.34225366,-0.0051426883,-0.15595587,-0.11322167,0.06108401,0.09719988,-0.11028858,-0.17882635,-0.02496852,-0.30524406,-0.13037236,0.036206573,-0.06153066,-0.060675103,0.015510964,0.023331007,0.16444504,-0.09400917,-0.10088592,-0.179776,-0.101994924,0.06994746,0.22061422,0.16431463
TCGA-E9-A22G-01A,-0.025620863,0.04133742,0.10046491,0.17697878,0.15300004,0.2129971,0.0014702159,-0.07425833,0.09044298,0.06420686,-0.20122242,0.032026205,-0.17522617,0.20958532,0.15556258,-0.123669915,0.19552584,0.19637546,0.07108671,-0.08409482,-0.019168967,0.022692977,0.004854926,0.09827278,0.13534014,0.119881466,-0.27409935,0.06313828,-0.044742506,-0.11715952,0.08183185,0.087826826,-0.13651659,-0.34617835,-0.01765452,-0.30917567,-0.052911863,-0.11341492,-0.009125495,0.04340458,-0.007763902,-0.010464169,0.22231315,-0.1566848,-0.1067311,-0.26501364,0.0027597484,0.1740809,0.08600736,0.16454391
TCGA-AR-A0U3-01A,0.028522944,-0.1094812,0.18677655,0.22259687,-0.16171445,-0.052874725,0.11968052,0.032371644,-0.08170344,0.078637615,-0.07879164,0.06519169,-0.23811892,0.12764747,0.17699865,-0.23056139,0.14701827,0.10212181,-0.011006836,-0.010436415,0.027606448,-0.107277445,-0.13916466,0.15250447,0.06942907,0.17491607,-0.29952064,-0.16358462,-0.10807606,-0.044756986,0.11996738,0.07469574,-0.18243922,-0.3033169,-0.10748085,-0.17663708,-0.039089326,-0.086344935,-0.16810848,0.022142868,-0.07824159,-0.0670796,-0.106675535,0.012832808,0.0017933856,-0.29114842,-0.10533085,0.05446199,0.22974522,0.15932244
TCGA-AR-A254-01A,0.032250166,0.06345545,0.14269412,0.081179895,-0.14342262,0.20188351,0.012764915,-0.07612745,0.042687055,0.15508477,-0.14628528,-0.06644953,-0.10118776,0.11036724,0.20168109,-0.044814702,0.15584157,0.31349397,0.03417694,0.1547383,-0.05840313,-0.1077185,-0.16853055,0.025209056,0.07383799,0.081622854,-0.3520276,-0.08779043,-0.09275892,0.032043766,0.015338767,0.15814051,-0.09984094,-0.24742982,-0.18943217,-0.14341116,-0.07524423,-0.04287075,-0.17053212,0.0065750713,-0.14105903,0.086123824,0.01971338,0.0043940316,-0.06253937,-0.1836277,-0.084354356,0.015437849,0.15546457,0.39040208
TCGA-D8-A4Z1-01A,-0.029121831,-0.059723563,0.2289981,0.1466002,0.028311865,0.1411462,-0.027454136,0.11102978,0.069688946,0.051612373,-0.0062230723,-0.08425231,-0.048388854,0.037960686,0.14480509,-0.02498546,0.02275177,0.1604063,-0.02107535,-0.06504399,0.15711814,0.09367615,-0.17541163,0.0973667,0.2074137,0.07313508,-0.3469245,-0.17906794,-0.20260347,-0.036174785,0.14781313,0.066268355,-0.071321,-0.17066121,-0.1402279,-0.3334346,0.00480431,-0.17493947,-0.121738285,0.018136889,0.09136617,-0.041112002,0.17610972,-0.0040138965,0.0317233,-0.26442176,-0.034874227,0.14875527,0.22587365,0.27677763
TCGA-EW-A1PA-01A,-0.077303015,0.032459315,0.28470767,0.14033277,-0.14716478,0.09364267,0.15839843,0.15760435,0.08342222,0.16357929,-0.048659462,0.00467604,0.01793872,0.24743532,0.050050575,-0.06756941,-0.009150865,0.13864288,0.021768421,-0.09048613,0.040272593,0.1513144,0.018014194,0.19860199,0.035522476,0.04098212,-0.29491013,0.03361862,-0.04152244,-0.23672332,-0.020226669,0.012435977,-0.29119286,-0.272715,-0.22614399,-0.34837207,0.007561229,0.0013809679,-0.10433681,-0.10629135,-0.010735739,-0.04862923,0.09639401,0.087344624,0.15667345,-0.06538621,-0.068132155,-0.08524893,0.10335363,0.20196374
TCGA-UU-A93S-01A,-0.04122,-0.12575817,0.22347912,0.05636442,-0.15008806,0.1258066,-0.02553866,-0.20886272,0.19430244,0.12578581,-0.053553756,-0.071963735,-0.040601727,0.07332147,0.20312288,-0.1454838,0.14667486,0.30958572,0.019524492,-0.10866459,-0.05497758,0.040649597,-0.012576512,0.16056916,-0.06103917,0.033773366,-0.15135264,0.024227262,0.029280325,-0.17071514,0.0095503,0.14903425,-0.0805481,-0.49620733,-0.048002433,-0.21164308,-0.17901514,0.01947255,-0.17438969,-0.14147943,-0.008901828,-0.07798891,0.10980212,-0.0028454994,-0.1517054,-0.119401276,-0.04724385,0.053848054,0.1223025,0.12880903
TCGA-AC-A8OR-01A,-0.050338168,0.0852976,0.21565096,0.28766373,-0.16457869,0.17962939,0.15156116,0.13455085,-0.024484666,0.076117106,-0.076281086,-0.102276035,-0.10199515,0.22996902,0.083220705,-0.12428057,0.087932594,0.2832451,-0.07621838,-0.114877425,0.050620887,0.034733493,-0.0054017785,0.16861454,0.040583983,0.15805642,-0.1805092,-0.06671906,-0.16208494,-0.08372978,0.053897586,0.06732139,-0.15781632,-0.20071238,-0.09206357,-0.27961308,-0.34771147,-0.008961198,-0.096868336,0.01582878,-0.051136293,-0.0967506,0.056094494,0.039697208,-0.1385476,-0.27671418,-0.055224717,0.09602777,0.011012888,0.035656646
TCGA-Z7-A8R6-01A,0.01744043,-0.04672641,0.24584046,0.10891203,-0.22584943,0.24676563,-0.111277945,0.15568885,0.0020763346,0.05583041,0.07696932,-0.05467381,-0.028899385,0.10469024,0.059352502,-0.19072309,0.07226373,0.17890821,-0.0479207,-0.016744941,-0.04667526,0.0077719046,-0.0520645,0.05506495,0.0758352,0.24717124,-0.14349051,-0.15218899,0.03497262,0.009248022,0.1545022,0.1766065,-0.022213595,-0.20983809,-0.19390294,-0.29797664,-0.2835702,-0.019580912,-0.1279217,-0.021422192,-0.10353306,-0.043283343,0.27245548,-0.13571271,-0.059321117,-0.13289808,-0.17557761,0.04722102,0.16540588,0.20696887
TCGA-C8-A26Z-01A,0.10189711,0.02317792,0.21100508,0.18705678,-0.20495695,0.20697066,0.24336416,-0.047387242,0.05091461,0.110955045,-0.07183248,-0.12568924,0.018103283,0.22505428,0.12836613,-0.12788148,0.21741329,0.040002503,0.084246926,0.012307361,-0.16402999,0.02078381,0.120123945,0.09344028,0.03386202,0.044693522,-0.29239738,-0.19265354,-0.06510368,-0.17495653,0.020663152,0.1914765,-0.10709031,-0.21247932,-0.19569027,-0.37143365,0.036699407,-0.13401112,0.011946285,-0.05085164,0.071433246,0.029178416,0.14240399,-0.12986301,-0.13638763,-0.009808404,0.049426813,0.08102745,0.042735584,0.10831643
TCGA-D8-A1JL-01A,0.103112005,0.042494655,0.46323696,0.16734292,-0.0799602,0.094463885,-0.073362745,-0.019277059,0.09561785,-0.04723739,-0.07724083,-0.14447653,-0.06551087,0.07489704,-0.0024853575,0.013822081,0.13791288,0.36028823,-0.07964887,0.032905903,0.0924608,-0.03868496,0.024273336,0.10306303,-0.014413588,0.17552118,-0.27318442,-0.13866791,-0.052741483,-0.09010735,0.0005456196,0.054087017,-0.063455135,-0.33586773,-0.17611192,-0.3615882,-0.10042057,-0.11032307,-0.038698763,-0.06496402,-0.045336463,0.026241045,0.042590935,-0.022564158,-0.065541044,-0.04843436,0.028063847,0.07138128,0.15793577,0.101349175
TCGA-A1-A0SK-01A,0.102018856,-0.012998495,0.2602666,0.18754934,-0.10168325,0.092532344,0.0647824,-0.07934456,0.13500024,0.0938608,0.034792963,0.015910938,-0.034978896,0.25876188,0.08229209,-0.06935164,0.0924166,0.28844443,0.09657854,-0.12842585,0.013881112,0.01906452,-0.12255104,0.218065,0.037178833,0.15567742,-0.24506015,-0.120542526,0.086864,-0.10393048,0.106609926,0.065392435,-0.112245165,-0.24677129,-0.16267087,-0.108882464,-0.09316659,-0.16338426,-0.08665662,0.05941684,-0.028102335,0.050165456,0.13562283,-0.07506063,-0.14479922,-0.14960498,-0.11642091,0.04508775,0.21099538,0.38073513
TCGA-S3-AA0Z-01A,0.038879313,0.06222733,0.21099614,0.20975536,-0.062133726,0.18594132,-0.08899408,-0.13033433,0.1012294,-0.123907425,0.07174257,-0.07015675,-0.0172579,0.2670913,0.039735284,0.00031297753,0.08091625,0.18193094,-0.109809056,-0.0998441,0.12914233,-0.054371566,0.046058033,0.12123478,-0.011165062,0.10860247,-0.25645316,-0.17358129,0.09064171,-0.092102505,-0.099672094,0.04357251,-0.18281768,-0.111768395,-0.07954494,-0.33087415,-0.11963,-0.13324006,-0.053437896,0.008421652,0.06149513,-0.07603817,0.08400739,-0.02401487,-0.16879717,-0.08487633,0.068804614,0.089582734,0.402318,0.27417946
TCGA-E9-A1NH-01A,0.01820747,0.05084195,0.39737806,0.0974988,-0.07920142,0.116805054,0.074523345,-0.022678789,0.01621186,0.12676641,0.2560288,-0.008246893,-0.09626571,0.13798566,0.08058919,-0.09126855,0.05612266,0.42603472,0.014352998,0.07918385,-0.017611539,0.061155736,-0.011062663,0.18539412,-0.08798432,0.082723945,-0.149551,-0.08561409,-0.01740261,-0.2949059,0.060737424,0.028107252,-0.07078202,-0.2191235,-0.052011423,-0.26241398,-0.098389834,-0.04429505,-0.11305851,-0.087511495,-0.10473162,-0.055380672,0.13950598,-0.024659824,-0.122153744,-0.13853298,-0.022617193,-0.06317181,0.23095237,0.17366722
TCGA-E9-A1NF-01A,0.06530151,0.2131076,0.13897462,0.26421422,-0.098132096,0.15694216,0.12035292,-0.027884059,0.10376693,0.22510542,-0.039309513,-0.017595008,0.059153248,0.19424687,0.14352787,-0.0036686512,0.10828337,0.16744573,-0.118960224,0.00718488,-0.019675294,0.06266228,-0.12019272,0.037439372,-0.007586354,0.22035919,-0.2100855,-0.12893361,0.021848088,-0.18965338,0.10792863,0.111237206,-0.19717105,-0.39311504,-0.00026822646,-0.316378,-0.1939846,-0.05226642,-0.1267211,-0.015870845,-0.07605081,-0.05761627,0.011505359,-0.06891679,-0.014648162,-0.18391533,-0.029843213,-0.051691387,0.09999901,0.1754802
TCGA-EW-A1PG-01A,0.08213189,-0.09604809,0.2844716,0.24813367,-0.10625768,0.10768125,0.10306441,0.010608736,0.04126234,0.024222663,-0.0002385858,0.13150883,-0.0026850498,0.12963016,0.18318056,0.0802155,-0.022741077,0.38330838,0.107631244,-0.042049915,0.057179883,-0.019792864,-0.066713996,0.11992711,0.09514234,0.14784263,-0.2761518,-0.038595513,-0.081533216,-0.16275978,0.15082957,0.047099404,-0.117181875,-0.17809238,-0.1593783,-0.30529764,-0.0077146925,-0.14889085,0.020013124,-0.034551077,-0.03629617,-0.031680547,-0.16294712,-0.01451775,0.07101303,-0.1607841,0.04030992,0.21506138,0.09005511,0.27862367
TCGA-S3-AA14-01A,-0.08492735,-0.063672625,0.02911427,0.15138483,0.04571839,0.09854983,-0.09228974,0.1015509,-0.06878428,0.04450745,-0.14330927,-0.08381898,0.06936482,0.16486911,0.123005584,-0.092467204,0.17187731,0.18718089,-0.11875759,0.071969025,-0.016390694,0.093867704,-0.014198148,0.14269644,0.009527578,0.32839274,-0.22459145,0.0025527372,-0.051347025,-0.13286129,0.021987736,0.18505764,-0.074152775,-0.23614626,-0.12518209,-0.45645696,-0.09121733,-0.1716805,0.025806133,-0.16634151,-0.15145174,-0.047266442,0.14040346,-0.14048228,0.0045660753,-0.06255006,-0.19353221,0.034864686,0.22204787,0.0976539
TCGA-E2-A15I-01A,0.062322274,0.092152156,0.21157527,0.25518492,-0.044360355,0.09651987,0.13954838,0.048250426,-0.11988623,-0.008250486,0.02362465,-0.04257258,0.06253278,0.12634905,0.029626291,0.11859412,-0.05066969,0.2537669,0.06818285,-0.10250586,0.06170041,-0.046289433,-0.16208166,0.17018718,-0.023151483,0.16737778,-0.21975553,-0.07600258,-0.18336613,-0.0076548113,-0.122521654,0.1316601,-0.24180931,-0.2125802,-0.144943,-0.34801552,-0.097898796,0.001726887,-0.23670126,-0.045732543,-0.00969702,-0.05422311,0.1533494,-0.08725369,0.022308493,-0.17393221,0.054577347,0.04713581,0.19199774,0.28391033
TCGA-A2-A0T0-01A,0.1066546,-0.037605777,0.014744298,0.26575446,-0.23593044,0.2520693,0.16455337,0.071500786,0.017676286,0.09004243,0.07187669,0.054224566,-0.06821343,0.061145663,0.071969464,-0.03381422,0.08536719,0.36064076,0.08892391,-0.032410827,0.20099783,-0.054036245,0.08623975,0.12268408,-0.049815856,0.16017485,-0.2510327,-0.09024961,0.008601166,-0.097266324,0.08061664,0.056212936,0.03734029,-0.19792673,-0.014789675,-0.21851444,-0.16083725,-0.25478765,-0.09507893,-0.05694697,-0.030529164,-0.009578367,0.17219391,-0.2351455,-0.2043025,-0.029492326,-0.025489952,0.08025198,0.24074575,0.13376732
TCGA-GM-A2DB-01A,0.030503392,-0.07858123,0.2587777,0.21872626,-0.006447913,0.10024459,0.08773425,0.056878228,-0.04340313,-0.0027437648,0.002356498,0.0064854953,-0.06257506,0.08957735,0.120404005,-0.09038477,0.09738307,0.072368175,0.10951818,0.20417857,0.17104456,-0.0051683453,0.10587995,0.13162309,-0.10582736,0.18792424,-0.29250193,-0.06551999,0.012736804,-0.08177471,-0.14696366,0.055662427,-0.26041636,-0.35488394,-0.17022988,-0.31672594,-0.067065656,-0.11583566,-0.13140835,0.07315281,-0.021374812,0.11046214,0.017339997,-0.06533664,-0.11267691,-0.11548578,0.10141758,0.025484135,0.20743078,0.2560747
TCGA-AR-A2LE-01A,-0.035170827,-0.08383769,0.05784194,0.20791216,-0.10810221,0.18500094,0.11683791,0.049509007,-0.026388427,0.16302736,-0.032211326,0.01666859,0.00043282018,0.14494592,0.15816724,0.21327794,0.035060436,0.1286727,-0.04779429,-0.07391739,0.038458336,-0.030559706,-0.030526659,0.18279947,0.00862739,0.10495579,-0.23345174,-0.21106307,0.00012955017,-0.059617583,0.20179266,0.2646609,-0.21434696,-0.24685958,-0.23923992,-0.21329744,-0.032375272,-0.13794838,-0.2647895,-0.15562859,0.053346746,0.03470219,0.13752991,-0.10680696,0.11277441,-0.19969723,-0.12462232,-0.05708729,0.1737659,0.127714
TCGA-E2-A1IN-01A,-0.016445154,0.06046583,0.29578447,0.15556231,0.0697575,0.3004959,0.1606796,0.030613005,0.074058786,0.051310983,0.07709988,-0.1519464,-0.14984511,0.09586929,0.12670477,-0.23267592,-0.042267643,0.09985684,-0.0512899,0.086454116,0.015181934,-0.03878352,0.07946483,0.266844,-0.09659875,0.15250953,-0.19273391,-0.12675738,-0.099180795,-0.08762341,-0.008165108,0.13866548,-0.077341914,-0.388701,-0.038343582,-0.19289207,-0.1283305,-0.06255037,-0.20816325,-0.09440973,0.030581856,-0.032475904,0.116441205,-0.114253215,-0.08967475,-0.12351195,0.08413047,0.09664703,0.122729786,0.21907564
TCGA-A2-A0YG-01A,-0.050652947,0.0897482,0.29842088,0.19535966,0.04358811,0.2380577,0.17807233,0.07916113,0.10936798,0.04450346,-0.056080285,-0.14966476,-0.14328562,0.269187,0.12011784,-0.041879475,0.028413638,0.04790973,-0.10319214,0.05402218,0.08063047,0.0036686386,0.03734125,0.1624645,-0.0003227853,0.015811423,-0.23483765,0.04994573,0.12054255,-0.18686298,-0.044692587,-0.011923685,-0.21817748,-0.21546839,-0.089888096,-0.3327378,-0.18448287,-0.10394358,-0.11207143,0.047811083,-0.09583625,0.1687426,0.14559421,-0.10825033,0.03344267,-0.21126467,-0.12895969,0.10056489,0.18213588,0.08801245
TCGA-C8-A1HK-01A,0.11027081,0.080693334,0.27137247,0.29181704,-0.058825333,0.25348562,-0.06693862,0.01084243,0.0968928,-0.0038790707,-0.06711897,-0.09248034,-0.028487785,0.2420083,0.21874438,-0.18951473,-0.12268902,0.23629792,0.07727363,0.10608761,0.08390616,-0.06123835,-0.0017995334,0.16236852,0.17059614,0.11081866,-0.12049622,-0.20386876,-0.094517075,-0.13862422,0.0723927,0.12188132,-0.07848403,-0.1592455,-0.030783447,-0.28597417,-0.14958015,-0.08542661,0.11057406,0.0076596015,-0.16053216,0.14457811,0.2032452,-0.097333506,0.008430765,-0.10212385,-0.0907019,0.10995251,-0.04301718,0.16522062
TCGA-BH-A208-01A,0.108004294,0.023248026,-0.031191355,0.09870736,-0.07254628,0.19325002,-0.017694337,0.019072017,0.07163694,0.0520541,-0.019289253,-0.25937307,-0.15468235,0.06547184,0.040369745,-0.1808435,0.13438268,0.26645494,0.038369544,-0.05564351,0.0129129365,-0.06191324,-0.05574213,0.09632131,-0.019188194,0.19337678,-0.30388445,-0.1260152,-0.17714794,-0.052311745,-0.16149896,0.17270227,-0.10135602,-0.27115032,-0.19172975,-0.21705104,-0.09292787,-0.17931196,-0.19166681,-0.06697395,-0.029351423,-0.069403514,0.14655507,-0.059329294,-0.1830868,-0.14071395,-0.14215444,0.020382455,0.19901745,0.2362776
TCGA-A2-A25D-01A,-0.0004942078,-0.06652419,0.26959118,0.25085843,-0.13352025,0.2542798,0.044888876,-0.113666795,0.0046842177,0.15763426,0.07703815,-0.17918472,0.15111433,0.11337626,0.099661976,-0.17692499,0.144739,0.18982789,0.18386295,0.00962878,0.054521162,0.07535496,-0.017470088,0.01913068,0.1279539,-0.044726923,-0.21418637,-0.015066561,-0.031197725,-0.04214227,0.21074556,0.118264854,-0.03330646,-0.33839577,-0.09682251,-0.33987072,-0.043416865,-0.03943337,-0.19563328,-0.115177475,0.06367907,-0.020717913,-0.06692773,-0.11311708,-0.14339857,-0.1520102,0.008553701,0.07089435,0.16211072,0.06769824
TCGA-A2-A25E-01A,0.038829423,0.04340893,0.32208976,0.055939067,-0.08218843,0.17270333,-0.020482384,-0.07505397,-0.053072438,0.16952111,-0.20918654,0.05290276,-0.052253824,0.017208567,0.152371,0.042514145,0.028369838,0.28711966,-0.046208326,0.0199381,0.0140832355,-0.10839785,0.005958392,0.21730016,0.00088638754,0.059226803,-0.26050335,-0.103506394,-0.0073514143,-0.017561538,0.058003098,0.132184,-0.2622113,-0.11109417,-0.17013524,-0.42216384,-0.047033112,-0.15203023,-0.065230586,-0.041223716,-0.13623461,-0.00604232,0.13931282,-0.10736201,0.031509142,-0.021251021,0.021985527,0.08514134,0.26960957,0.20429432
TCGA-BH-A0BM-01A,0.09601997,-0.076689966,0.18460084,0.22982493,-0.14074025,0.19188514,0.004897185,-0.012522424,-0.026705682,0.049941435,0.060217284,-0.11170526,-0.18563597,0.24616243,0.32079768,-0.031646594,0.11466372,0.19554488,-0.012112871,0.0015300685,-0.104439154,0.1278252,-0.0011318212,0.24860002,0.19584112,0.03321637,-0.23047787,-0.040754072,-0.035996433,-0.14194167,0.23053816,0.032793324,-0.11935738,-0.28377384,-0.1489646,-0.21121669,-0.034290753,0.002729827,-0.16434745,-0.100195624,-0.027600836,0.02513318,0.15746424,-0.17317232,-0.05420964,0.05990224,0.048854183,-0.09340717,0.16712134,0.10425308
TCGA-E9-A1R2-01A,0.0315626,0.005786388,0.29312623,0.20883013,-0.19847335,0.18022314,0.0687803,-0.013545258,-0.06116772,0.06766563,-0.15088888,-0.0410819,0.0042928425,0.07931905,0.1659818,-0.080320485,0.20758556,0.2970285,0.006922736,0.010802558,0.07751508,-0.08862498,-0.13178393,0.032196533,0.0782799,0.20917314,-0.2136288,-0.14437062,-0.06403335,-0.07597979,0.15588722,0.05772046,-0.25754187,-0.15739185,-0.18439378,-0.33087838,-0.14393088,-0.06510894,-0.022513064,-0.18676284,-0.05746105,-0.078337185,0.19956945,0.030042807,-0.023948692,-0.033146784,0.049601145,0.11969794,0.1372237,0.13987538
TCGA-B6-A40C-01A,-0.007782122,-0.07544015,0.19832698,0.14341809,0.03156493,0.2659242,-0.06947337,-0.06501722,-0.14633614,0.0636808,-0.1247472,0.07198816,-0.10940847,0.06866032,0.22460121,-0.18642597,0.21694168,0.17739448,0.06579713,-0.06912885,0.0905219,0.0047661136,0.08458122,0.04752224,0.095861845,0.15687276,-0.2577529,0.01451499,0.08182098,-0.058643736,0.10725294,0.0056620613,-0.31458962,-0.22179566,-0.07058426,-0.24318899,-0.17695707,-0.022997824,-0.13799481,0.12150079,0.0572873,-0.100754514,0.15888837,-0.085705675,0.025962396,-0.19049565,-0.1445073,0.06843704,0.29984772,0.041287392
TCGA-EW-A1J1-01A,0.07401017,0.037047394,0.08733259,0.17633337,0.011385509,0.07649396,0.06778745,-0.052360054,0.18772565,-0.009623719,-0.067401625,-0.07194384,-0.08025558,0.12236322,0.12126202,-0.2197416,0.19537647,0.09930678,0.053553928,0.08417166,0.087521896,0.026463883,-0.08635311,0.15669534,-0.03935664,0.086264685,-0.36377144,-0.08706915,-0.079752095,-0.13288109,0.09112805,0.118219934,-0.017047325,-0.2887061,-0.1667246,-0.4550211,-0.17737392,-0.097762965,-0.11753915,-0.033919174,0.0788877,0.17987318,0.023070635,-0.047576237,-0.0039777174,-0.20651737,-0.046609912,-0.12460854,0.042993117,0.20010789
TCGA-D8-A1JJ-01A,0.004682132,0.09319665,0.16220075,0.21821731,-0.056018375,0.17644055,0.021525096,0.043106366,0.13810268,0.16455367,-0.043647178,-0.21002665,-0.1820691,0.3195827,0.1272651,-0.1958779,-0.111954436,0.15821037,-0.04322634,-0.012885762,-0.054018106,0.020241259,-0.073039174,0.16778727,0.12969592,0.15077583,-0.28219607,0.07072438,-0.046011925,-0.053879175,0.04014258,0.20005515,-0.20507379,-0.19608924,-0.1892317,-0.19064769,-0.13489011,-0.11247148,-0.07445071,-0.1277987,-0.058828708,0.070988484,0.061462346,-0.059432935,-0.1562232,-0.055714563,-0.11789289,-0.086737156,0.21108018,0.19189419
TCGA-D8-A1XB-01A,0.09954076,-0.07228698,0.07435251,0.2328885,-0.116749994,0.16837004,-0.05790859,-0.090622194,0.04051121,0.054390624,-0.10718715,-0.02921141,0.035280246,0.17333151,0.16029346,-0.18131265,0.06928364,0.17120464,-0.09534425,-0.04775945,0.118851885,0.17589885,0.039040975,0.23735903,0.14942521,0.06441594,-0.2716087,-0.26054642,-0.03131794,-0.04671215,0.28980002,-0.028968005,-0.31769505,-0.23510392,0.012903758,-0.22705737,-0.10719722,-0.066891454,0.07148185,-0.06300369,-0.14096762,0.0019106372,0.049715556,-0.08940244,0.020380806,-0.21389024,-0.0016428436,0.15179498,0.15437207,0.062257502
TCGA-XX-A89A-01A,0.077907555,0.0056172516,0.21961501,0.2039727,-0.057047646,0.17647484,-0.042221174,0.03161988,0.16308664,-0.08501011,0.12081219,-0.07576336,-0.0136925485,0.121205024,0.034902584,-0.18374012,0.19086307,0.17947675,0.065542966,-0.05897834,-0.056638993,-0.074207686,0.18474409,0.1421354,-0.08412774,0.11389154,-0.2474227,-0.10415011,-0.09981049,-0.13400632,0.01831353,0.07412442,-0.39753065,-0.284358,-0.07080473,-0.1470449,-0.14374433,-0.07128987,0.056878325,-0.013333437,0.08068578,0.026564568,0.13115376,-0.2163814,-0.053582672,-0.1628554,0.013693676,0.10879023,0.19466642,0.22870997
TCGA-WT-AB41-01A,0.22656026,0.0887766,0.18164839,0.2571288,-0.07826752,0.26912594,-0.0015547534,0.018247208,-0.024079712,0.037681293,-0.020617342,0.022012705,-0.044565327,0.1870471,0.14029537,0.03406788,0.07731263,0.119300164,-0.038705528,0.06869076,0.030054858,0.025170144,0.065183684,0.17346635,-0.07400554,0.102850236,-0.27759698,-0.15675823,-0.13001938,-0.15289365,0.17020206,0.0112140905,-0.15270899,-0.32037047,-0.15719521,-0.33361208,-0.14148754,-0.023816422,-0.060212012,-0.14089444,0.13900913,-0.042459525,0.03258867,-0.10521922,-0.017022273,-0.19510733,-0.03703473,0.028614696,0.22623822,0.14723425
TCGA-E2-A1IO-01A,-0.029679779,0.067253746,0.33057508,0.1262176,-0.0054585026,0.23644023,0.056878027,-0.069268666,-0.008322646,-0.030353578,-0.027789839,-0.20243655,-0.13220927,0.1628961,0.15319219,-0.07480285,0.27519515,0.1571897,-0.10627288,-0.010378885,0.08357896,0.05062653,0.020410452,0.101449884,0.14971818,0.19043374,-0.2446291,0.12689404,-0.22283624,-0.12490588,0.16331424,0.09970578,-0.22593145,-0.1948199,-0.078975655,-0.22953294,0.052613165,0.062824205,-0.15218873,0.02748318,-0.009386004,0.07686108,0.044658985,-0.06610964,-0.058242843,-0.06630833,-0.027391136,-0.019601073,0.32525098,0.12399415
TCGA-C8-A1HO-01A,-0.04420604,-0.13403407,0.25844464,0.17253232,-0.049753092,0.054919887,0.14503522,0.04773769,-0.054957975,-0.08099241,0.052841667,0.048103184,-0.14476809,0.21204217,0.04618203,-0.16535808,0.063268974,0.2952716,0.0037549487,-0.020274341,0.01551771,0.02440439,0.055875357,-0.0033027465,0.09218402,0.14808938,-0.1815485,-0.108188294,-0.10071831,-0.25936115,0.12549101,0.016081946,-0.18356791,-0.24969913,-0.18989055,-0.25846016,-0.18760274,-0.19689971,-0.16051343,0.015586546,0.010372016,-0.027955487,0.14873748,-0.1191296,-0.094201304,-0.15597352,0.053251408,0.0774528,0.21904914,0.23331481
TCGA-C8-A1HF-01A,0.15587932,0.077240884,0.18786682,0.10045351,-0.123458736,0.1582284,-0.0704263,0.007906136,0.1042224,0.049173497,-0.10008011,-0.013053434,-0.066162646,0.063472494,0.13327108,-0.12750898,0.2295091,0.22305495,-0.102147266,-0.12385673,0.03257353,0.051304,0.13421135,0.3551696,-0.16767032,0.025956096,-0.23671028,-0.09850573,0.05785916,-0.097837314,0.052342676,0.12901546,-0.18826805,-0.23868856,-0.14251944,-0.27453047,-0.1563827,-0.1455272,-0.063868925,0.13271174,-0.102746606,0.050929975,0.13191049,-0.037297495,-0.082352005,-0.09107002,0.019335492,0.13563618,0.19170856,0.22872368
TCGA-BH-A0AW-01A,0.08706331,0.041118816,0.09211398,0.10714594,-0.020388907,0.33232015,0.031132067,-0.040379334,-0.052455686,-0.07523699,0.032508183,0.08472587,-0.04770427,0.11265302,0.13513124,-0.069139145,0.053322345,0.21879603,0.16292123,-0.004637392,-0.07645915,-0.016831841,-0.12197836,0.18454802,-0.10009383,0.18525545,-0.2296624,-0.14828046,0.046561845,-0.19584073,0.14738992,0.13610986,-0.06191364,-0.32678398,-0.014820994,-0.39783344,-0.14426622,0.005733437,-0.037947796,-0.016234761,-0.06843313,0.08924218,-0.012686431,-0.1129604,-0.20883334,-0.055954535,-0.115983084,0.03527008,0.24452335,0.17891397
TCGA-AC-A2FG-01A,-0.04945443,0.15495455,0.23005563,0.26635388,-0.17252457,0.29559565,-0.10002921,0.040080708,-0.0863761,-0.034972746,-0.028983483,-0.09959488,0.13749799,0.21649334,0.033431437,0.059942607,0.10228215,0.22639674,-0.039062828,-0.076105185,0.14988525,0.07749468,0.0464133,0.15876153,-0.018715955,0.2671687,-0.30434147,-0.08252957,-0.13052447,-0.081933334,0.15044367,0.030293299,-0.1443177,-0.15301302,-0.097284086,-0.29864088,-0.13186035,0.049948398,0.012348743,-0.08421814,0.11167322,-0.096193895,0.03172143,-0.052176844,-0.06913627,-0.13147904,-0.000119980294,0.0058529084,0.14309879,0.22273539
TCGA-BH-A0B3-01A,-0.09203275,0.05072395,0.24748887,0.16812071,0.037827738,0.20506608,0.047132764,0.049115792,-0.07638608,-0.175689,-0.09247053,-0.056765385,-0.07877884,0.037200216,0.09722215,-0.014848682,0.07658079,0.25397715,-0.10825674,0.0038558955,0.03038818,0.050229087,-0.10894536,0.107271925,0.046527524,0.11561378,-0.33243552,-0.059989087,0.040066585,-0.09266496,-0.015930125,0.009333997,-0.24683008,-0.32046038,-0.014705789,-0.23391475,-0.16592778,0.064411975,-0.05752167,-0.033397797,-0.24934289,-0.1281588,0.2863095,-0.12288592,-0.10718289,-0.02211016,-0.017365795,0.16402987,0.174415,0.19118574
TCGA-D8-A1XW-01A,0.0099679865,-0.11527228,0.31613246,0.147086,0.03115429,0.18492894,0.004788894,-0.0041034063,0.017212745,0.029570699,-0.0067000515,-0.14742103,-0.0014455507,0.16855057,0.11297993,-0.07801084,0.025493816,0.32213464,-0.038178276,-0.08283178,-0.0034811546,0.008720432,-0.010089098,0.24241443,0.060190808,0.16598885,-0.25360325,-0.17304845,-0.06584305,-0.19009386,0.07829841,0.054640993,-0.10567309,-0.2711011,-0.22919862,-0.25813505,0.043563455,-0.089816876,-0.08471269,-0.037225753,-0.14476953,0.116190135,-0.005429262,-0.020426324,-0.06968531,-0.042260196,-0.076782875,0.10334162,-0.022353485,0.36321622
TCGA-AR-A1AP-01A,-0.04283191,-0.036173977,0.24840564,0.10549561,-0.09129705,0.061230823,-0.029408248,0.03921227,0.017228628,0.09616059,-0.15406254,0.060306445,-0.15889974,0.018176768,0.14105003,-0.058176383,0.15704168,0.37988982,-0.02862981,0.0041171545,0.0016783759,0.03691477,-0.0017739643,0.14401442,0.021092676,0.20998386,-0.28618512,-0.14975666,-0.026771927,-0.1687795,0.036343355,0.100980654,-0.036911238,-0.41720706,-0.15561041,-0.1964747,-0.12854867,-0.02332213,0.011814488,-0.12483819,0.03402819,-0.04266655,0.021909978,-0.06857741,0.010832791,-0.22339644,-0.07313971,-0.10061857,0.24817522,0.18964553
TCGA-BH-A1EN-01A,0.080138974,-0.015998095,0.19572863,0.30031973,-0.19827916,0.12436682,0.03102046,0.0004023409,0.036613934,-0.04277837,-0.11340357,-0.14315963,-0.04704572,0.13029788,-0.015548093,-0.02328065,-0.0087612355,0.16930512,-0.0014331869,-0.076271355,0.12857644,-0.045570012,-0.012439591,0.14147139,0.046375677,-0.05988505,-0.3971297,-0.17049658,-0.0087232,-0.19951716,0.2452491,0.18700089,-0.18801463,-0.21207464,-0.08008107,-0.13972701,-0.15268493,-0.14896443,-0.056062154,-0.014611966,0.028823761,0.0709691,0.038099617,-0.07270581,-0.14104247,-0.15319182,-0.12430166,0.123870164,0.04202044,0.32874432
TCGA-AC-A4ZE-01A,-0.0054597133,0.20231791,0.3105207,0.09843803,-0.09671898,0.13437074,0.03830896,-0.028938899,-0.0034171983,0.083267786,-0.05514041,0.07844222,-0.030898204,0.16161385,0.1744766,-0.20917942,0.06683012,0.22223766,-0.012753425,0.0985416,0.12685226,-0.07298137,0.14794658,0.10321312,-0.031169072,-0.00979921,-0.20075408,-0.086330414,-0.0602639,-0.25158462,0.0482773,0.21368209,-0.15539256,-0.2260923,-0.063675225,-0.31425187,-0.019206684,-0.12679502,-0.100575246,0.033408005,0.045718115,0.063842,0.22593667,-0.07160122,-0.035418544,-0.09233238,-0.038032874,0.0349688,0.18115789,0.333186
TCGA-A1-A0SE-01A,-0.0047610034,-0.0490131,0.3671486,-0.04042543,-0.2840385,0.10384284,0.07865093,-0.1688937,-0.02301027,-0.027857667,-0.027489666,-0.012585188,-0.16250092,0.2204443,0.16121455,-0.12348283,0.13444595,0.087612614,-0.14128035,-0.020196572,0.114545055,-0.097662814,-0.004143313,0.2269504,0.07752841,-0.010251195,-0.34905478,-0.102818325,-0.10257672,-0.13403612,-0.026292082,0.02464532,-0.12471767,-0.25435767,-0.1248565,-0.20926031,-0.15093312,-0.12943228,-0.22761239,-0.085458696,-0.038264874,0.035749294,0.10582579,-0.027955247,0.012255773,-0.060857076,-0.072735555,0.20961598,0.123201184,0.08145913
TCGA-GM-A2DF-01A,-0.035168815,0.078588784,0.14066976,0.26863933,-0.055652197,0.26653007,0.2176153,-0.04648627,0.008578517,-0.007999201,0.022896545,-0.09589276,0.010633338,0.038184453,0.1966399,-0.122701585,0.0057863486,0.24494761,0.009106242,-0.03920863,0.047590796,0.10706787,-0.07215708,-0.08776593,-0.00086035125,0.28951567,-0.25570568,-0.08959987,-0.14521772,-0.0811324,0.057675518,-0.07804374,-0.30663958,-0.29446802,-0.1397698,-0.287376,-0.035785593,-0.06698147,-0.19874628,-0.09763324,0.04711517,0.019864097,0.031140571,-0.0911187,-0.037447657,-0.0809414,-0.08185249,0.023686565,0.12640288,0.22017448
TCGA-D8-A27K-01A,-0.05247241,0.084029555,0.14951321,0.13493268,-0.17568573,0.18159457,0.051295318,-0.078863464,0.01687126,0.1643515,0.08714974,-0.06041099,-0.08386035,0.16711706,0.3028717,-0.067231715,-0.20875825,0.1987684,-0.1337579,-0.24251129,0.08219548,-0.07060817,0.07016424,0.23817328,0.0033008135,0.10149216,-0.17500761,0.016364768,0.027375285,-0.098928005,0.08067802,0.043430164,-0.20181549,-0.32643238,-0.15006559,-0.3317493,-0.019393012,-0.09057425,0.020570962,-0.035370376,-0.06283243,-0.100523666,0.07852596,-0.1061969,-0.08956457,-0.14086302,-0.0049438574,0.09175808,0.19963385,0.1268083
TCGA-AR-A1AY-01A,-0.056752183,-0.014890103,0.12003891,0.10359917,-0.163508,0.22651945,-0.0035517975,0.050035205,0.003095307,0.021751886,-0.03953412,-0.22321379,-0.1277509,0.079148695,0.276965,-0.08083526,0.077989206,0.14852619,-0.04312257,0.048186295,0.033946816,-0.017460177,-0.13677473,0.0775672,0.022047011,0.20239744,-0.32558632,0.020606266,-0.12552446,-0.21811654,0.0011076935,-0.0027386092,-0.14025268,-0.32708758,-0.1161553,-0.32687584,-0.109740414,-0.14124678,0.022487517,-0.045246314,-0.19200572,0.13502437,0.09659545,-0.0072684805,-0.053935345,-0.22069111,0.083747394,0.010329144,0.15867078,0.18300965
TCGA-E9-A1ND-01A,0.14258042,0.037545633,0.36144668,0.0895225,-0.08539135,0.14832596,0.0888262,0.028868146,0.14866711,0.037338834,-0.004856836,-0.12915207,-0.07634461,0.19256355,0.10507531,-0.048701335,0.15898806,0.10765541,-0.091447696,-0.11779074,0.05321153,0.08798944,-0.05081068,0.0490216,0.006942998,0.09985238,-0.14133817,-0.22295403,-0.021518696,-0.20692368,0.13231619,0.10127091,-0.104959734,-0.21974598,-0.06712953,-0.23698168,-0.262898,-0.056859747,-0.20164289,-0.11581539,0.09870435,0.053790107,0.106938876,-0.0889476,0.008412597,-0.04491488,-0.11875448,0.178471,0.08643561,0.38179192
TCGA-BH-A1F0-01A,-0.15170498,0.018477887,0.12758085,0.2710092,0.14171784,0.28105423,0.15193146,-0.018051106,-0.03239845,0.0089884205,-0.15564221,-0.07045809,-0.15713367,0.22191629,0.1177824,0.10944456,0.16201442,0.24728116,0.019918256,0.06313552,0.056628343,0.095870085,-0.0109145,0.20157388,-0.15219985,0.037419133,-0.12726083,-0.083791,-0.025190149,-0.0053536003,0.1561197,-0.06652617,-0.16909733,-0.3602173,-0.21255267,-0.08610465,-0.2451311,-0.07029015,0.0048271813,-0.08810351,-0.0051999236,-0.08478248,0.070565246,-0.16919065,-0.034239285,-0.18096541,-0.056523863,0.015425882,0.043024767,0.21993971
TCGA-E2-A1AZ-01A,0.0056805573,0.01241607,0.2683366,0.15434016,-0.0878281,0.14789708,0.054793715,-0.12217997,-0.04695708,-0.031469136,-0.114909835,-0.002919704,-0.024001444,0.042124376,0.07607698,0.025493113,0.14254417,0.30001727,-0.060200747,-0.035917144,0.11381725,-0.01963645,0.013699721,0.070085116,0.1862093,0.04974139,-0.19133939,0.06601144,-0.14342959,0.059195,0.06317787,0.042438813,-0.05788963,-0.31138653,-0.12817904,-0.4129748,-0.16849123,-0.2737719,-0.056748092,0.0039737904,-0.057651885,0.13220322,0.13890709,-0.11845352,-0.26537216,-0.07491667,0.049364083,0.11312057,0.13988157,0.17543238
TCGA-XX-A899-01A,0.13107632,-0.116465166,0.3043988,0.25515383,-0.17043091,0.074562795,0.18167059,0.10610974,-0.08473427,0.10314296,-0.109702654,-0.07790622,0.036015026,0.23139696,0.14255574,0.057220973,0.1402145,0.23735115,0.07230757,-0.09781302,-0.027612144,-0.04895475,-0.11129934,0.08526686,0.093644895,0.29505518,-0.29831666,-0.02114767,-0.008578799,0.01652057,-0.0042103822,0.055649076,-0.12635043,-0.16261588,-0.15309094,-0.16499451,-0.077190384,-0.019579777,-0.27945662,-0.07016668,0.0071567288,0.047705263,0.12979619,-0.20501937,-0.1908762,-0.005885946,-0.10397416,0.029284192,0.046676137,0.14823727
TCGA-E2-A1B5-01A,-0.083409324,0.09019713,0.24281105,0.20914623,-0.2689952,0.30371827,0.06252557,0.08248428,-0.047918472,0.089000605,-0.124442756,0.035103355,-0.15149306,0.05964421,0.20376408,-0.09225998,0.15184349,0.14925401,-0.0038672516,-0.13470674,-0.018244036,-0.068064824,0.023320666,0.17371358,0.040008735,0.1757103,-0.2891824,-0.057476442,-0.14783546,-0.09868862,-0.026256826,0.20881528,-0.109396674,-0.31620717,-0.04421756,-0.16729383,-0.066119894,-0.12417407,-0.03749865,-0.11102006,-0.012413318,0.06576635,0.20955311,-0.015963225,-0.070913106,-0.09193649,-0.029585022,-0.094564654,0.19913761,0.14806503
TCGA-3C-AALJ-01A,0.05946698,0.05568084,0.28385368,0.15455069,-0.15151799,0.17427953,0.11168823,-0.082070425,-0.14117381,0.12873091,-0.03880837,0.043022014,0.0019674576,0.15766953,0.04197336,-0.092480846,0.115949854,-0.029965466,-0.025163045,0.065223716,0.00014196485,-0.010513312,0.04052267,0.1747403,-0.009053915,0.16657576,-0.31737763,-0.023778377,-0.11849533,-0.29299718,0.06061302,0.036947805,-0.20760375,-0.23842949,-0.2373812,-0.17563044,-0.25689933,-0.2888607,0.13139595,0.04398378,-0.1127697,-0.05389048,0.16453533,-0.0143294195,-0.1421659,-0.07162262,-0.012180548,-0.036444925,0.09545725,0.14543205
TCGA-D8-A1XM-01A,-0.15438908,0.10035214,0.22203405,0.19437906,-0.009593979,0.16960087,0.123662025,0.06586523,-0.07308003,0.061734125,0.012539568,0.0008983352,-0.015768662,0.11857557,0.20369785,0.13575858,-0.016149644,0.20082675,-0.019192707,-0.1218654,-0.028566586,0.0607936,0.20105964,0.13660806,0.06612811,0.23121834,-0.14406595,-0.0012963839,0.11828232,-0.06917304,0.214181,0.17390268,-0.14623046,-0.3212891,0.0018086073,-0.19020844,-0.14697099,-0.11265383,-0.09989636,-0.26261097,0.20772673,-0.031328462,0.040451348,-0.11480501,-0.13911448,0.03980888,-0.19005376,0.15318733,0.17368177,0.10209487
TCGA-E9-A3X8-01A,0.13432465,0.016446097,0.104032926,0.24301362,0.030369643,0.26181343,0.05774795,0.027780842,0.010698157,0.03897455,-0.06715146,-0.10586787,0.031562306,0.32746693,0.13731693,-0.091855936,0.135121,0.27357054,0.021977518,0.0009893182,-0.016399467,-0.021303441,-0.1584221,0.25951174,0.0052793575,0.070253,-0.264771,-0.068433754,0.028030159,-0.20736843,0.010741201,0.07517947,-0.17751831,-0.26680762,-0.07406951,-0.24020064,0.016498739,-0.10282227,-0.0582998,-0.016383706,0.07772358,0.06774597,0.13334437,-0.03628618,-0.24101374,-0.16252805,-0.06446468,-0.10483379,0.14761387,0.19427705
TCGA-C8-A8HQ-01A,-0.0903012,-0.056660373,0.14315452,0.27803257,-0.0014655951,0.09268453,0.0023568152,-0.023412645,-0.058667902,0.03698854,0.0076176175,-0.027767293,-0.07712933,0.09813269,0.23614244,-0.0860067,0.09340273,0.221001,-0.17356782,0.07261494,-0.02660488,0.035188776,-0.010344852,0.05915225,-0.066992775,0.25915512,-0.28782436,-0.049418535,-0.1576014,-0.025271421,0.033925485,0.0530514,-0.28110147,-0.22598737,-0.18884313,-0.38435227,-0.108819894,-0.108472236,-0.04059686,-0.13334104,-0.12420192,0.029517915,0.06622065,-0.21617392,-0.06195463,-0.10169938,-0.04419586,0.08210719,0.22970182,0.11338773
TCGA-AR-A24N-01A,0.014923886,0.170934,0.35767478,0.044037525,-0.03640687,0.07273768,0.20869094,0.06022584,-0.10707111,-0.08954797,-0.00017245158,-0.061632495,-0.038344488,0.03000773,0.08903177,-0.0936565,0.055557553,0.2340279,-0.1001916,-0.09081071,0.14692989,-0.20779094,0.045272343,0.18411629,-0.036277894,0.17616025,-0.24915247,-0.03910448,-0.09198985,-0.0976412,0.17072725,0.10809077,-0.16767128,-0.35686886,-0.1504832,-0.20124592,-0.18227382,-0.14875844,-0.117881835,0.08869858,-0.06755527,-0.12525623,0.11661406,0.0498563,0.0072886134,-0.10147143,-0.16953145,-0.0069128517,0.1382435,0.1502943
TCGA-AQ-A1H3-01A,-0.1373353,0.013033013,0.27017537,0.17559299,-0.05816174,0.1580912,0.09292492,0.12585999,0.0143318195,-0.10748332,0.02886976,0.116296776,0.036179464,0.24525313,0.21738629,-0.07931045,0.042258374,0.07827861,-0.23498666,-0.018407958,0.16134022,-0.030941484,-0.15293343,0.2215122,0.09975231,0.020095093,-0.14764726,-0.010582263,0.019094465,-0.04070745,0.065192185,0.12741497,-0.20045732,-0.17413054,-0.20490927,-0.33236018,-0.15512152,-0.09977414,-0.15916269,-0.16195028,0.08745401,-0.13794507,0.017431632,-0.10561167,-0.080366775,-0.13416801,-0.039770953,0.024828456,0.2655496,0.1470983
TCGA-E9-A1N3-01A,-0.01727768,0.040971264,0.2329509,0.058255985,-0.06879751,0.22692955,0.07634341,-0.0045147394,-0.013549893,-0.103744246,-0.08906959,-0.08058664,-0.005711416,0.14398041,0.07734881,-0.055145238,0.12555963,-0.040267017,-0.18674314,-0.12505978,0.02155613,-0.1191287,0.09615704,0.32632133,0.10447922,0.11952742,-0.36155537,-0.015818466,-0.16130485,-0.09517817,0.12382459,0.16188277,-0.2916885,-0.10919813,-0.17542371,-0.2732008,-0.17163488,-0.0069200923,-0.07450268,-0.10426363,-0.08349319,-0.05763917,0.16105394,-0.07605859,-0.04634967,-0.264848,-0.0681061,0.022778792,0.12057082,0.09845302
TCGA-LL-A5YL-01A,-0.082379855,0.04572238,0.14507014,0.05465009,-0.09837916,0.18068658,0.18810382,0.008386584,-0.032818936,0.07056323,0.067672096,-0.047470532,-0.18339662,0.0890181,0.1728976,-0.1157689,0.06044503,0.32114765,-0.13628866,-0.03415883,0.10852655,0.034093965,-0.090307556,0.23131995,0.04255642,0.09013821,-0.12118402,-0.001327784,-0.078782104,-0.2629483,0.20684427,-0.019964859,-0.1925788,-0.30882007,-0.19526508,-0.17118284,-0.32110125,-0.22488834,0.028626254,0.0015622831,-0.061089188,-0.01436741,0.05889293,-0.10378443,-0.044670265,-0.17650338,-0.15930724,0.020719908,0.093718104,0.0834756
TCGA-D8-A27T-01A,0.042300697,0.18933673,0.24201019,0.24714243,-0.2017406,0.1472571,-0.032392863,0.06335296,0.046173897,0.035181142,-0.027183706,-0.1370743,-0.09035341,0.08891315,0.12856272,-0.0071951463,0.06638339,0.12082032,0.01394022,0.06987285,-0.04295373,-0.122981675,0.103434496,0.12595944,0.09440162,0.098493665,-0.45000613,-0.079068795,0.120119505,-0.18651697,0.08297948,0.10893317,-0.12101315,-0.20632586,-0.09282844,-0.23089245,0.011140034,-0.1400855,-0.08113815,-0.1087537,-0.11313658,0.07002319,0.14360403,0.015342327,-0.11446217,-0.1290427,-0.054871812,0.03540048,0.26952994,0.2328922
TCGA-BH-A1FG-01A,0.09512888,-0.03678032,0.37001157,0.32078427,-0.077355646,0.20254065,0.06168527,0.05291946,-0.048590485,0.013179957,-0.0507499,-0.13398832,-0.026459787,0.100951634,0.15170671,-0.021749483,0.1923613,0.181757,0.039687183,-0.05182635,0.03314103,0.048761435,-0.010174278,0.21078128,-0.06304465,0.10782787,-0.29259965,-0.14399955,-0.009386992,-0.09958991,0.031482894,0.119858615,-0.11563724,-0.1706407,-0.09509458,-0.23786281,-0.22384888,-0.1301009,-0.044968624,0.0035845381,0.1576954,-0.013765501,0.012554609,-0.080561414,-0.112775184,-0.17840068,-0.17867245,0.18735766,0.1002569,0.19646595
TCGA-BH-A0WA-01A,0.041131597,0.08441431,0.23977752,0.1812472,-0.10382341,0.21504076,0.09245295,0.062224682,0.12552874,0.23020934,-0.021598382,-0.10314801,-0.04445347,0.06711154,0.11626835,-0.105536744,0.0926444,0.28313196,0.11323766,-0.13653138,0.15514697,-0.21101604,0.0036364035,0.1011089,0.055540852,0.07879728,-0.18420525,-0.03481861,-0.0023720895,-0.1073365,0.0014361236,0.13155071,-0.15155771,-0.25087002,0.018880552,-0.32339013,0.009593826,-0.03277001,0.03900081,-0.059656642,-0.010975565,-0.004330202,0.22763966,0.033004224,0.07570123,-0.050532263,-0.13887727,0.05125592,0.2959838,0.28309378
TCGA-GM-A2DN-01A,-0.04895536,0.0803552,0.13176125,0.33484185,-0.07265056,0.15642156,0.07154946,0.0043047564,0.13035828,-0.12252163,-0.07147365,-0.13527669,-0.0376655,0.0823399,0.24792443,0.0024163853,-0.013763966,0.20878807,-0.13086261,-0.057011534,0.049770582,0.05267339,-0.03959907,0.11550823,0.032990694,0.1762232,-0.19705108,-0.11655086,-0.23206913,-0.091690384,-0.09562946,-0.008634646,-0.20600067,-0.33872727,-0.10447727,-0.2868627,-0.10461682,-0.12754609,-0.021005094,-0.036886457,-0.08548382,-0.103337444,0.090053074,0.01674117,0.02294045,-0.06830417,-0.100244604,0.2047676,0.31148466,0.037132084
TCGA-A7-A26E-01A,-0.084799364,-0.030207228,0.31383333,0.18010437,-0.12791157,0.15881318,0.20035678,0.043101836,-0.037991866,-0.01985882,-0.10514252,-0.1835633,-0.0910949,0.21750507,0.2155475,0.019430397,0.17419747,0.28499562,-0.012389293,-0.13182315,0.058210116,0.054174617,-0.046900794,0.26802072,0.06665026,0.113695994,-0.25660613,0.10488746,-0.12640005,-0.054671288,0.07067212,-0.039280966,0.0048368103,-0.19361939,-0.03085734,-0.1148558,-0.15701509,-0.22266525,-0.07493452,-0.079637274,0.13059908,0.10719742,0.03606611,-0.08199027,-0.05142854,-0.107814655,0.0841474,-0.045407332,0.1842326,0.2596221
TCGA-A2-A0CT-01A,-0.012572327,0.05246998,0.1809524,0.24041879,-0.07513838,0.1315056,-0.025796726,0.12195494,0.022506721,0.0016700117,-0.099196814,-0.10787252,-0.10263556,0.2761406,0.16008584,-0.1339287,0.08689375,0.11732032,-0.027438115,0.066966094,-0.04260557,-0.050594527,0.056921035,0.11447979,-0.09769896,0.09507567,-0.30417255,-0.100549504,-0.07311862,-0.12185156,0.21925823,0.08600807,-0.2565188,-0.19492075,-0.13996774,-0.27317795,-0.1679686,-0.13808703,0.010521285,0.08542305,-0.007559525,0.089322746,0.040072802,-0.12660827,-0.20214087,-0.14342208,-0.03225632,0.07096649,0.28576893,0.209831
TCGA-BH-A6R8-01A,-0.06318214,0.04232829,0.34174526,0.33746162,-0.17695245,0.12196608,0.09632384,0.095311224,0.0261272,-0.04580282,-0.114816554,-0.16181725,-0.1804954,0.1350337,0.09655742,-0.048567887,-0.0077310493,0.14717457,-0.05163462,-0.0060836994,0.055890474,0.11573959,-0.16190463,0.17732647,-0.04337658,0.15265313,-0.11664707,0.021625368,-0.016096162,-0.020738292,-0.060523372,0.028493386,-0.20258042,-0.24081674,0.046559613,-0.32071158,-0.23359999,-0.21974586,0.09115718,-0.11598021,0.07848387,0.11393471,0.071866006,-0.0929082,-0.02895461,-0.06480859,-0.13259342,0.048929617,0.019881824,0.25359315
TCGA-A1-A0SH-01A,-0.11303681,-0.03773889,0.21380825,0.32054847,-0.036193147,0.110344134,-0.08809875,-0.0016503012,-0.09572228,-0.023076005,0.11259871,0.052928373,0.05086307,0.14328887,0.20485348,-0.17779106,0.032223064,0.096066505,-0.061500072,-0.10298539,0.05687669,0.06685723,-0.049512826,0.16531295,0.12958235,0.07160747,-0.13024294,0.06351851,-0.006109582,-0.14566197,-0.12933733,0.12697701,-0.21253589,-0.40382096,-0.087472714,-0.27849388,-0.17625365,-0.02120164,0.050549872,-0.06997921,-0.02384667,0.008464109,0.09061093,-0.19391432,0.10028034,-0.10080443,-0.08322714,-0.0633537,0.2788795,0.21736145
TCGA-A2-A3Y0-01A,-0.14041229,0.018182576,0.17339344,0.19080603,-0.1306815,0.1313089,0.13663717,-0.10604784,-0.034841307,-0.0040589124,0.05539827,-0.16582951,-0.15288171,0.012468516,0.24421053,0.032401722,0.03308662,0.3234048,0.013938693,-0.0209784,0.1154738,0.0311334,0.018892635,0.1573834,-0.05234353,0.18243551,-0.25712258,-0.14106534,-0.012696988,-0.12631065,0.11031058,0.07640613,-0.22603126,-0.23905204,-0.1897877,-0.31653044,-0.10478796,-0.09614932,-0.10861741,0.009467712,0.027375046,0.04217222,-0.013239018,-0.08898436,-0.15545605,-0.14370637,-0.22358648,0.07766277,0.19925162,0.060016647
TCGA-S3-AA10-01A,0.14866146,-0.009966359,0.22011898,0.18576834,-0.04370295,0.12904875,0.010452347,-0.12438098,0.047780905,0.023128806,-0.034445778,-0.06713609,-0.10787992,0.27255914,0.06738195,-0.2521237,0.14201275,0.24034144,-0.06707241,-0.01210928,-0.021149065,0.049239207,-0.06677301,0.20001204,0.032037668,0.09134284,-0.2879955,-0.0073114606,0.0760925,-0.044883218,0.038373955,0.10573514,-0.20277436,-0.2688259,-0.21538591,-0.19552153,-0.118812464,-0.1349305,-0.06560192,-0.052631926,-0.18248601,0.08325652,0.19675303,-0.1512451,-0.1442194,-0.02345143,-0.08531629,-0.019446284,0.26435032,0.13155958
TCGA-D8-A1XR-01A,-0.10494536,0.05168106,0.30841076,0.18000263,-0.022083838,0.24617101,0.059773013,0.096484855,-0.05404823,0.12217696,0.10830508,-0.06374632,-0.05980311,0.19977959,0.27111322,0.03877004,0.13583837,0.14618759,-0.103464104,-0.15568177,0.16310968,-0.033376664,-0.13569345,0.15219595,0.053595968,0.11181796,-0.12422091,-0.17749888,0.007921133,-0.09213673,0.059604563,0.13150941,-0.17864153,-0.22993146,-0.20476109,-0.17915846,-0.067566015,-0.17834891,-0.012406717,-0.07239473,-0.1371419,-0.026006373,0.077003516,-0.110076636,0.027960507,-0.04860664,0.007669378,0.21952903,0.2381028,0.22522387
TCGA-A2-A3XU-01A,0.05616876,0.023705792,0.27075574,0.10596191,0.0043151984,0.2089195,0.06629295,-0.036231484,0.021549392,0.018404625,-0.10970893,-0.002466386,-0.097457245,0.10949131,0.26354924,-0.055048976,0.15050961,0.24680202,-0.06539578,-0.06890321,-0.045363594,0.07348189,-0.0846849,0.13552973,-0.022834137,0.11131146,-0.17637452,-0.091216385,-0.0104822265,-0.05423352,0.13631363,-0.053395316,-0.036444798,-0.25043985,-0.18482341,-0.3236837,-0.15984568,-0.14350191,-0.14211221,-0.20636967,-0.09438835,0.20547952,0.041672,0.066940576,-0.16442314,-0.2344697,-0.014327175,0.030051839,0.06119974,0.31148544
TCGA-EW-A6SC-01A,0.084371775,-0.01598859,0.33543512,0.12724157,-0.06684325,0.1808358,-0.01581689,0.02393592,0.013368719,-0.1328652,0.10598151,0.052984096,-0.10776621,0.15587671,0.12656388,-0.07620531,0.11161352,0.2777498,-0.14544447,-0.12966874,0.02210467,-0.079536915,0.06798406,0.15807931,0.018277219,0.101721205,-0.28000864,0.03026008,-0.09350953,-0.12998687,0.04967122,-0.026055174,-0.06717127,-0.29020953,-0.2254984,-0.2839489,-0.14884272,-0.10150344,-0.10329864,-0.07544824,-0.15134549,-0.09613136,0.13976702,-0.1129566,-0.118313886,-0.19032459,-0.023989407,0.07296135,0.12450577,0.22009102
TCGA-D8-A1JU-01A,0.020006562,0.030363038,0.16205503,0.091716066,0.08581673,0.15595073,0.017365385,-0.08384378,0.10645448,-0.0029013425,0.050343003,-0.10184851,0.11034755,0.09527017,0.18783176,0.04794729,0.14045607,0.19785805,-0.032497365,-0.05529713,0.020552248,0.25239646,-0.13033451,0.21818851,0.043940514,0.0704099,-0.17557192,-0.21898805,-0.061698418,-0.14371997,0.17432421,-0.02497656,-0.09124417,-0.14014299,-0.11754608,-0.32611486,-0.15638477,-0.04360476,-0.28439003,-0.016106369,-0.07964379,-0.036912605,0.22374818,-0.33752826,0.02277164,-0.12261428,-0.00685325,0.0015338168,0.22149937,0.13063814
TCGA-AC-A7VB-01A,-0.029119162,0.05364841,0.264269,0.25427955,-0.093715355,0.14704613,-0.09295338,0.0039117835,-0.03512284,0.11738853,0.077275984,-0.09330038,0.14581862,0.19645147,0.08131164,0.004872308,0.09005219,0.23253013,-0.09781738,-0.13083321,-0.094017655,0.037640654,0.03207538,0.21465075,0.0710758,0.14869083,-0.24485672,-0.040620465,-0.1284483,-0.05740107,-0.0040288577,0.16939217,-0.23880987,-0.2690265,-0.18484789,-0.30189502,0.07615199,-0.06325592,-0.13871825,-0.07171226,0.070046216,0.12464641,0.11214517,-0.15406705,0.00250982,-0.0016292486,-0.08439419,0.22206847,0.17667553,0.09860912
TCGA-BH-A0H7-01A,-0.071444966,0.023495845,0.2531195,0.17017825,-0.007869591,0.12301397,-0.07562219,-0.03646999,0.24737236,-0.0083268965,0.11369314,-0.114480786,-0.08732843,0.099803075,0.12790458,-0.099059805,0.118764155,0.10165527,-0.037658367,-0.055999655,-4.9982802e-05,-0.020374216,-0.09955355,0.1691311,-0.07296493,0.23454912,-0.32668394,-0.033203132,-0.053205457,-0.23827064,0.20919184,0.1085732,-0.16604203,-0.15323138,-0.16245086,-0.34959024,-0.0054153246,-0.119700134,-0.06014114,0.0963704,-0.13721944,-0.091643885,0.1955261,0.02568416,-0.08644835,-0.084603116,-0.08942968,-0.041079544,0.072450824,0.27235842
TCGA-BH-A28Q-01A,-0.18405838,-0.01385402,0.19934702,0.23643926,0.015376813,0.11692243,0.10379284,-0.083673045,-0.009847417,-0.037700877,-0.05970743,-0.16195625,-0.14336357,0.22103955,0.15652245,-0.18205316,0.005345721,0.3008805,0.11436817,0.02714439,-0.10396632,0.054369833,0.047901504,0.12695703,0.17030743,0.07655018,-0.23388106,-0.15083764,0.015627611,-0.04064092,0.06469955,-0.025727335,-0.24974878,-0.19078046,-0.11947233,-0.28751212,-0.06383102,0.026632473,-0.18653718,-0.13553807,-0.08109843,-0.048938498,0.23967737,-0.043199956,-0.09632814,-0.23662646,-0.10946378,0.08975488,0.057031494,0.11883539
TCGA-AC-A62X-01A,-0.021436805,-0.0050683254,0.27608,0.1405986,0.04220102,0.14187825,0.081882834,-0.07140078,0.08052529,0.03611193,0.040731613,-0.07732159,-0.03795033,0.23449586,0.010314704,-0.11219851,0.0739195,0.1159318,-0.059756983,-0.057531815,-0.1043073,0.10403516,-0.096504934,0.35253212,-0.0250003,0.14013156,-0.30846745,-0.07298688,0.10926026,-0.09254307,0.020409573,0.2000117,-0.21943322,-0.23017764,-0.15470646,-0.31300756,-0.13462062,0.02209657,0.19261564,-0.061597552,-0.122258335,-0.015784154,0.120054364,-0.041678395,-0.19263254,-0.03679943,-0.062616885,-0.014211204,0.15645833,0.20386907
TCGA-BH-A1EY-01A,-0.033504143,-0.062173568,0.14567041,0.14107311,-0.026359452,0.33213335,-0.042788897,0.056398045,-0.06920342,-0.001444125,-0.014919221,-5.092597e-05,0.028306736,0.31431103,0.17972015,-0.14238761,0.19389845,0.30273816,0.05419419,-0.033181936,0.07306905,-0.00042737395,-0.020296885,0.08583653,-0.018509073,0.029965963,-0.25195462,-0.18053739,0.10447561,-0.107330315,-0.033481836,-0.032687668,-0.14260669,-0.21036193,-0.35143498,-0.30136088,-0.12760222,-0.031675786,-0.09361324,-0.06288067,-0.16710503,0.027101591,0.16209966,-0.07680526,0.08199046,-0.16840436,0.019009357,0.02958442,0.047778104,0.06320375
TCGA-AN-A0XU-01A,0.110519394,0.10698528,0.36941552,0.102426864,-0.050840877,0.09787513,0.011213419,0.07321719,0.056213696,0.102220714,-0.17922123,0.0426637,0.10762957,0.17705213,0.15533566,-0.012267089,0.03419357,0.046115387,-0.07876787,-0.05776753,-0.057538565,-0.068066664,0.025694335,0.28172427,0.06782164,0.107884444,-0.261461,-0.11141897,-0.059761114,-0.1727806,0.040975258,0.012256292,-0.20142512,-0.3250779,-0.0198852,-0.17570817,-0.1364606,-0.06641351,0.015765274,0.02897917,0.055022042,0.052320693,0.14078538,-0.087055475,0.013204439,-0.064864434,-0.03429863,0.03699791,0.17825472,0.43633428
TCGA-D8-A27G-01A,0.012429573,0.08888123,0.14825292,0.19957745,0.0017856999,0.2982159,0.046881214,-0.062165786,-0.07991813,0.04779378,-0.045189604,0.029170865,0.0043918164,0.31960785,0.21280949,-0.011357922,0.13131814,0.2686451,-0.033305157,-0.081678346,0.17512019,0.052347668,-0.018823268,0.22155353,-0.14191003,0.089065574,-0.18918484,-0.14802857,-0.17526199,0.023840683,-0.0022183913,-0.003585305,-0.24725518,-0.16155767,-0.18965614,-0.17259318,-0.12184481,-0.20435235,-0.049658988,-0.13001184,0.093168,0.029938195,-0.025774227,-0.112268895,-0.0791834,-0.019356806,-0.10342073,0.18891592,0.19621806,0.18847236
TCGA-A7-A26H-01A,0.11435335,0.0010305276,0.2252847,0.32564858,-0.16606118,0.052328408,0.079734266,0.074248165,0.21143007,-0.03626103,-0.046300694,-0.006883802,-0.14009042,0.2047053,0.17238246,0.04228134,0.21666658,0.10955417,-0.054683357,0.03135828,0.052293282,0.06421539,-0.082951665,0.07184585,0.062180527,0.17993467,-0.17946121,-0.006985685,-0.14634822,0.059229217,0.014163124,0.0952488,-0.26443657,-0.2137072,-0.17491789,-0.27311248,-0.21311341,-0.054307938,-0.0672372,-0.06330121,0.0031586704,-0.09491247,0.15431704,-0.03566244,-0.09425905,-0.07284522,0.037595727,0.21419647,0.16281997,0.2497992
TCGA-E2-A1IL-01A,-0.0029613934,-0.056262165,0.33745944,0.22128107,0.032442234,0.095634505,-0.04674917,0.08132374,0.07399349,0.053632025,0.06846577,-0.17533535,-0.16925654,0.22854128,0.04341426,0.06052043,0.1587479,0.20299473,-0.06639781,-0.08746052,0.018384801,-0.008114348,0.1328747,0.19381233,0.0038789222,0.16774112,-0.3099339,-0.032458358,-0.122764684,-0.06590701,0.12447727,0.0066709225,-0.026503755,-0.31590983,-0.13963388,-0.25666028,-0.19311443,-0.12090883,0.111724846,-0.10785854,-0.17536195,0.04222684,0.11049428,-0.06676274,-0.041663397,-0.13582012,0.042164404,0.092298314,0.06079901,0.2125795
TCGA-GM-A2DA-01A,-0.031913113,0.1783483,0.203844,0.18422644,0.0323497,0.16443446,-0.007438126,-0.031762518,0.013884288,0.100292996,-0.15450455,0.024033936,-0.0952637,0.05970005,0.099785194,-0.104445115,0.063777015,0.15841636,-0.002872255,0.015844934,0.07764174,0.066248275,-0.16623375,0.040061835,-0.015723262,0.24641909,-0.31219164,-0.024313405,-0.013816545,0.07855175,0.13486989,0.0587949,-0.16617343,-0.26950213,-0.06543899,-0.34837255,-0.2287882,0.0030516635,-0.09972711,-0.04306797,-0.13348436,-0.0030042029,0.06686937,-0.19385873,0.091507904,-0.19124208,-0.22580554,0.17051305,0.19840716,0.15464818
TCGA-AO-A1KR-01A,-0.041355614,0.11564671,0.156348,0.16843992,-0.00011333517,0.056476753,0.15081829,-0.1372288,0.05046451,-0.06826701,-0.04488516,-0.12649132,-0.1072013,0.20248735,0.2227888,-0.11007781,0.0292532,0.24239121,-0.030159853,0.03081952,-0.037775215,-0.008395059,-0.06036838,0.07122226,-0.06664195,0.119013764,-0.2835421,-0.15654905,-0.032475427,-0.26617953,0.00400092,0.14318964,0.076617755,-0.30543235,-0.117098205,-0.30307695,-0.100776985,-0.16455787,-0.1668541,-0.24152653,0.030016808,0.12899885,0.20514348,-0.0059786313,-0.10107729,-0.08758975,-0.0138646085,0.06749365,0.15044881,0.16485354
TCGA-E9-A5UO-01A,-0.084750056,0.013188351,0.21042389,0.18382005,-0.10963512,0.25168455,-0.10611771,-0.07501251,-0.04205962,-0.033887982,0.17016974,-0.10004145,-0.12696363,0.19616805,0.097848825,0.0235519,0.15010145,0.3080791,0.08955016,-0.075351186,0.09409625,0.010585675,-0.047062885,0.17074046,-0.041238368,0.12836306,-0.3431062,-0.06552546,-0.09236142,-0.043927323,0.023432128,0.046338044,-0.07856066,-0.30048335,-0.20781244,-0.16984417,-0.07619502,-0.008863323,-0.016440062,-0.09158413,-0.079220876,0.016097793,0.12980488,-0.21525238,-0.08492768,-0.15310133,-0.031191068,0.09323219,0.029414589,0.31136304
TCGA-A7-A0D9-01A,0.044367056,0.01976802,0.33372578,0.12743734,0.008506866,0.12950212,0.03568489,-0.11774236,0.0934887,0.13550001,0.008293304,-0.012868514,0.008934632,0.120450616,0.04089302,-0.08225216,0.028135916,0.18041812,-0.11048628,-0.116313435,0.03941044,-0.18411297,-0.03547484,0.19078295,0.05570407,0.07314342,-0.29226533,-0.14944969,-0.03142496,-0.05975291,0.15518773,0.18989378,-0.12668699,-0.350842,-0.080509916,-0.24963273,-0.049619123,-0.17041822,-0.16504414,-0.11877028,-0.05367369,-0.017845966,0.06625286,-0.013705523,-0.03059287,-0.28850582,-0.086756535,0.10009193,0.26251924,0.12407848
TCGA-A2-A259-01A,-0.03403064,0.03001204,0.11115913,0.20594479,-1.3821001e-05,0.11463377,0.11133349,-0.0630487,-0.16446213,-0.11397785,-0.11237784,-0.17501973,-0.070528574,0.044235934,0.17203604,0.022896416,0.095655754,0.34871352,0.016315358,-0.019602163,0.123889446,-0.03001634,-0.075658634,0.21629454,-0.034057688,0.2156579,-0.24891667,0.08849634,0.07940053,-0.008487378,-0.012063927,0.02398475,-0.28765345,-0.32328224,-0.12880735,-0.22807707,-0.110155284,-0.13415596,-0.19928211,-0.020330396,0.049032703,-0.06640702,0.07732535,0.08265743,-0.20335142,-0.11137593,-0.14141929,0.044898905,0.21676801,0.009110068
TCGA-C8-A26W-01A,0.03375532,-0.018056717,0.3807638,0.15141714,-0.15941982,0.16505814,-0.026291657,0.086568,0.10515513,-0.14371869,-0.00011334073,-0.113757685,-0.10233285,0.14891636,0.30708677,-0.092285395,0.04978861,0.23969415,-0.11899465,-0.049841143,0.03363918,0.013871742,-0.008805009,0.2719274,-0.039266422,0.09301363,-0.19404715,0.017361937,-0.042660814,0.036984142,0.062222585,0.11966857,-0.10258253,-0.10947271,-0.027486825,-0.24681541,-0.13169314,-0.047486216,-0.16887274,-0.103507005,-0.064577766,-0.04236752,0.09297355,-0.16699845,-0.028182926,0.017828599,-0.03184121,0.14388077,0.243083,0.31746668
TCGA-E9-A2JS-01A,-0.055185117,-0.03367001,0.28009498,0.0357482,-0.19016728,0.26829776,0.023532335,-0.11205463,0.052748796,-0.06581783,0.053048108,0.12295936,-0.053976484,0.20939039,0.18005548,-0.15196784,0.021802507,0.17800519,0.13608211,-0.048295014,0.0022388846,0.050337132,0.09334428,0.16648692,-0.062768795,0.14281675,-0.09789032,-0.10219477,0.12607592,-0.2908206,0.1661167,0.07890678,-0.11277723,-0.17779474,-0.1748091,-0.31812096,-0.12199471,-0.023457004,-0.16050242,-0.070172586,-0.029644744,0.18539602,0.14850867,-0.02946682,0.042041566,-0.06271041,-0.14081062,0.18547797,0.17450792,0.16159275
TCGA-E9-A22D-01A,0.00405084,0.15235245,0.10852363,0.25207958,-0.0777918,0.026917597,-0.0055529997,0.046153117,0.16302273,0.14033058,0.092252366,-0.07450597,0.06940755,0.11952019,0.10752591,-0.19854063,0.11155742,0.35952178,0.07465082,0.0582753,-0.055585854,-0.061590884,0.06378401,0.21372525,0.080933556,0.23591144,-0.2788689,-0.14618883,-0.12072046,-0.06543651,0.1856316,0.080259204,-0.25366867,-0.18033499,-0.15234454,-0.15564735,-0.020054422,-0.059641685,-0.095844954,-0.034739293,0.044097923,0.009265369,0.050438166,-0.089225695,-0.0644398,-0.10703825,-0.06995437,-0.17856002,0.2547359,0.21267872
TCGA-A2-A0YH-01A,0.00011448093,0.012590831,0.2520036,0.16810991,-0.1400764,0.22071123,0.14146885,-0.04253155,0.13885227,-0.14372964,0.027098114,-0.13493916,-0.17407951,0.24174136,0.039990973,-0.060085293,0.03666804,0.22386631,-0.09456878,0.14699991,0.022348287,0.026027238,0.04517083,0.22554286,-0.07291324,0.06331344,-0.28218544,-0.13522086,-0.061261244,-0.016135985,0.05296717,0.06598084,-0.19277334,-0.1887331,-0.21441619,-0.13368902,-0.11458366,-0.27007502,-0.21201944,-0.030712593,-0.11952477,0.007835955,-0.008569192,0.024040194,0.013161158,-0.21792163,-0.06157109,0.04949363,0.19001138,0.19228353
TCGA-B6-A0RP-01A,0.07461934,-0.028095089,0.14269023,0.22915953,-0.02196857,0.16719417,0.15602951,-0.20994028,0.048203256,0.09654033,0.043766495,-0.105660416,0.06219301,0.11800806,0.06904392,-0.16523911,0.16041848,0.22368415,0.08746725,0.07715009,0.038633216,0.02148566,-0.00021097237,0.14481731,-0.103192694,0.07641999,-0.26765388,-0.099645615,-0.218184,-0.22059938,0.0600054,0.13018613,-0.20595185,-0.33223346,-0.197303,-0.33997914,-0.027116299,0.09408869,-0.12991396,0.02905035,0.028481785,0.056066602,0.0270605,-0.047066428,-0.024579378,-0.11246549,-0.10991016,0.0585081,0.014286516,0.22731113
TCGA-E9-A228-01A,-0.11607615,0.077031866,0.2385685,0.10709267,-0.074033335,0.17064334,0.012247714,-0.048432276,-0.001710125,0.016375603,0.025075225,-0.038041215,-0.07286679,0.08480018,0.24779807,-0.13766348,0.14836544,0.28856954,0.00953358,-0.1807117,0.12192092,-0.021339156,-0.15726747,0.09471786,0.1074388,0.07831786,-0.14327003,-0.07591053,-0.05641192,-0.27476558,0.04071801,-0.05650749,-0.25719315,-0.29901838,-0.19227627,-0.2557451,-0.12144492,0.020684775,-0.15147875,-0.009469505,-0.03638444,-0.10698976,0.19379224,-0.070289984,-0.10469892,-0.060501207,-0.17048618,-0.0065442924,0.09532026,0.247238
TCGA-EW-A1P1-01A,-0.015010666,0.08570141,0.33443695,0.16567613,-0.013741363,0.13010737,0.061340597,-0.033437297,-0.030082718,-0.03408437,0.06029621,-0.12990394,0.01921426,0.079756595,0.2667745,0.0362502,0.107189186,0.2715554,0.05741592,-0.040300235,0.003304848,0.05705696,0.004612369,0.182366,0.013895819,0.05192022,-0.32991993,0.012971837,-0.22445913,-0.012375054,0.020887325,-0.009166643,-0.12279469,-0.3729056,0.108296685,-0.2890728,0.047074106,-0.12613592,-0.11667339,0.0767336,-0.05457844,-0.18918914,0.16344634,-0.09829358,0.03063049,0.008597224,0.101819865,-0.0014052984,0.20457582,0.15573218
TCGA-W8-A86G-01A,0.123178996,-0.009747128,0.24745804,0.27975917,-0.036963556,0.2154352,-0.07411018,0.020285612,0.1589616,0.19124132,0.046379454,-0.079410136,-0.0635156,0.17741033,-0.021267071,-0.05446741,0.032358907,0.10304703,-0.016323727,0.074503034,-0.06356861,-0.013651139,0.03989625,0.17880388,-0.051209245,0.114145026,-0.33299595,-0.1846517,-0.04410399,-0.13875902,0.017800147,0.06279974,-0.22636442,-0.23414633,-0.12754379,-0.24013118,0.114638165,0.044212922,-0.17776483,-0.07577772,-0.008641944,0.05066842,0.121005364,0.03533742,-0.03650829,-0.3124443,-0.06490626,-0.018341761,0.15814835,0.24793711
TCGA-AC-A2BM-01A,0.029341491,0.1022497,0.20839457,0.34381858,-0.014967913,0.25738302,0.10990502,-0.24193187,0.100806445,0.101827964,-0.21353713,0.017006114,0.025987132,0.10735656,0.061679423,-0.10207242,0.14817779,0.15149757,-0.12868424,0.079283796,-0.06684428,-0.036472335,-0.042786717,0.14845519,0.029465267,0.09103081,-0.23514317,-0.13161334,-0.11493289,-0.17025906,0.16180134,-0.044464283,-0.12997004,-0.15211189,0.017600987,-0.22339147,-0.2547295,-0.122232586,-0.15921934,-0.07559171,-0.19867225,0.0058659823,0.14268672,-0.06650261,-0.05760546,-0.05483608,-0.003658896,0.05675286,0.172906,0.20663221
TCGA-S3-A6ZF-01A,-0.012290103,-0.13627908,0.05081381,0.15561585,0.04247601,0.14703248,0.022299826,0.055065103,0.12325942,0.15492752,0.043220013,-0.20128754,-0.06898603,0.2677282,0.10046961,-0.053235635,0.13974392,0.37755954,-0.05847936,0.10942622,0.080296375,0.019223504,0.11536159,0.21468921,0.023938173,0.063353814,-0.26491252,-0.00623808,-0.057921957,-0.19402531,0.04484266,-0.011472067,-0.08007416,-0.25804386,0.055828188,-0.17685479,-0.204608,-0.08992975,-0.13175163,0.06214899,-0.06331844,0.026286313,0.2172255,-0.1567665,-0.03279325,-0.14328712,-0.13681415,-0.08726589,0.22099304,0.20769297
TCGA-BH-A0BF-01A,-0.04898402,-0.1503031,0.2804579,0.13635048,0.0462595,0.32522514,-0.014352452,0.050662726,-0.006899839,0.019314488,-0.037191343,0.012977644,-0.157878,0.042426873,0.113917425,-0.010463119,0.19789939,0.3716343,0.06777954,-0.18788293,-0.008721845,0.14207907,0.15417232,0.22993094,0.063580416,0.06624727,-0.20585394,-0.114962436,-0.042603094,-0.10743485,-0.046965957,0.005520048,-0.20814706,-0.24596098,-0.08668192,-0.23767732,-0.029556945,-0.11237192,0.041944534,-0.07312912,-0.023898551,-0.044491656,0.06996818,-0.088888645,-0.1510398,-0.25432494,-0.057890985,0.06137789,0.048650563,0.17562571
TCGA-B6-A409-01A,0.041664936,0.039302666,0.25400075,0.1455638,0.010870861,0.21413499,-0.0072598644,0.009348636,0.047495987,0.07655751,-0.027738687,-0.05304522,0.023007447,0.23568738,0.16847473,-0.31627703,0.18589583,0.23804723,0.026506675,0.18115847,0.056102533,0.03444554,0.029079711,0.0732461,0.075461715,0.14550872,-0.24825695,-0.044541247,0.06939451,-0.19394201,-0.0023569462,0.14027163,0.010489772,-0.26646495,-0.15102103,-0.15862632,-0.124967456,-0.09927087,-0.08406125,0.01196589,0.0005667927,0.123660885,0.22910152,-0.11600262,-0.13095267,-0.032294914,-0.11958464,0.19170445,0.17543377,0.21864516
TCGA-D8-A1X7-01A,-0.10410671,-0.020469656,0.25846374,0.088027075,-0.15380505,0.23846793,-0.04656528,-0.039685592,-0.039009377,-0.03660951,-0.006714846,-0.20433399,-0.119830355,0.07976788,0.026377747,-0.1335767,0.044736113,0.16910397,-0.048419785,0.08136423,0.09519838,0.0034684113,0.037521668,0.29518217,0.23068546,0.113815434,-0.0920856,-0.02770009,0.12353227,-0.0702462,0.041764338,0.09036873,-0.17630997,-0.29376075,-0.101528004,-0.2882759,0.060610697,-0.11599607,-0.0966507,-0.19347313,-0.061840743,-0.1369129,0.06165578,-0.023300366,-0.14380388,-0.12226611,-0.17053789,0.21436802,0.123802386,0.27514517
TCGA-AR-A1AQ-01A,-0.027946629,0.16400571,0.22811104,0.16396947,0.041367248,0.16925162,0.060040887,-0.09626601,-0.09280784,0.10401227,0.0575964,-0.022218188,0.027918221,0.08921208,0.08463843,-0.12026008,0.0057451446,0.16379827,-0.005642561,-0.08043774,0.06924434,0.080684915,0.022459442,0.16494612,0.123873636,0.14825456,-0.27082536,-0.15958895,-0.059869442,-0.18837185,0.1910867,-0.06701237,0.012650009,-0.34688628,-0.1800471,-0.27156934,-0.1137363,-0.27047068,-0.10736321,-0.093833,-0.023513854,-0.070273906,0.086820506,-0.07944236,-0.107575655,-0.09483696,-0.2050979,0.014365171,0.2477174,0.17705704
TCGA-AN-A0XP-01A,0.22784123,0.061297644,0.14115387,0.21763556,0.0084082,0.18060477,0.006756236,0.08882439,0.037878588,0.099092916,0.01506125,-0.09904858,-0.01981879,0.09932093,0.16856435,-0.15273939,0.18246673,0.16592276,-0.017969638,0.053266745,0.006854224,-0.09982315,-0.023976928,0.19925253,-0.04424258,0.083141685,-0.17108622,0.10917912,-0.0043000206,-0.24455015,0.19634889,0.28024605,-0.1876821,-0.13523199,-0.09204771,-0.29896617,-0.15252234,-0.10369185,-0.07122158,0.056103546,-0.15048838,-0.15863657,0.08788079,-0.14625011,-0.14366083,-0.10248042,-0.01952507,0.22589256,0.16785082,0.17501079
TCGA-B6-A0RM-01A,-0.059582982,0.13475107,0.27053842,0.17560983,-0.028211592,0.059057496,0.07328587,0.03219474,0.031093102,-0.03332171,0.03069247,-0.11230418,-0.23337087,0.19133726,0.18603638,-0.069932014,0.05258079,0.07676703,0.019385414,-0.15163961,0.20847265,-0.03303173,-0.12260198,0.18945247,-0.14006421,0.11953787,-0.34204742,-0.07569493,0.0762449,-0.09990574,0.09532845,0.10157865,-0.11978715,-0.17193316,-0.13034986,-0.37692046,0.0557724,-0.124738164,-0.17277642,-0.16252464,0.0020425126,0.1657882,0.088276036,-0.08268529,-0.07266485,-0.11768213,-0.107670344,0.2076914,0.032737307,0.055455904
TCGA-EW-A2FS-01A,0.013018316,-0.0066124313,0.1855943,0.19886026,-0.06841562,0.24757677,0.05242555,-0.023430848,-0.07808871,-0.08615629,-0.061631896,-0.11690647,-0.15198983,0.14225498,0.24319051,-0.15140861,0.14589056,0.2519932,-0.1178628,-0.05276344,0.071906194,0.12880927,0.09314812,0.20854388,0.055022385,0.13344988,-0.14979416,-0.008640493,0.055914033,-0.02511963,0.023595052,0.17284524,-0.21849628,-0.22257352,-0.16800183,-0.304219,-0.18350834,-0.023888407,-0.10205811,0.09500953,-0.1756685,-0.17669402,0.0062804385,0.018520627,-0.12137193,0.12759753,0.084018774,0.047443174,0.23157635,0.13802369
TCGA-A7-A13E-01A,-0.0034567723,0.035438582,0.34179825,0.14165233,-0.007979251,0.22513819,-0.021473179,0.047614425,0.0040506884,-0.1255668,-0.05160101,-0.14182413,0.02154205,0.10146205,0.14998211,-0.10922564,0.108821794,0.15330027,-0.025119534,0.033259567,-0.07985776,0.14324273,0.085125566,0.26012817,-0.09297245,-0.0048492523,-0.31093007,-0.03138421,-0.11700557,-0.034815613,0.027932832,-0.02031067,-0.24934596,-0.29032528,-0.084445655,-0.23616345,-0.051737558,-0.007412056,-0.047028083,-0.11358883,-0.17120065,0.056589145,0.17301847,-0.17479225,-0.08692969,-0.13394454,-0.11453149,-0.1211646,0.15022887,0.2592815
TCGA-Z7-A8R5-01A,0.097547434,0.16847292,0.23664965,0.19502375,-0.03376166,0.19788958,-0.08585771,0.011496978,-0.021894833,0.12157959,-0.13604692,-0.106096454,-0.17971283,0.17007576,0.23702744,-0.12287953,-0.00599123,0.2275731,-0.15853672,-0.12251294,-0.10768038,0.053299155,0.06446649,0.27777427,-0.17569573,0.15243438,-0.19752865,-0.050480243,0.083684646,-0.026795141,0.04943241,0.000552551,-0.07609799,-0.27544636,-0.08100615,-0.3601119,0.021577787,0.005469917,-0.07306006,0.056903947,0.051202554,-0.038202398,0.15231445,-0.00041204254,-0.14938758,-0.06392663,-0.054250035,0.10756222,0.16444613,0.16419558
TCGA-A7-A5ZW-01A,0.03613585,0.015228572,0.2708934,0.11511192,-0.12905034,0.35957873,0.05885235,-0.16287002,-0.045425273,0.010127688,-0.09631839,-0.059203766,-0.0041797305,0.11885688,0.04797855,-0.13410655,0.031313505,0.2345976,0.0033867885,-0.09612311,-0.028735064,-0.052195653,-0.0095970435,0.06067915,0.12205025,0.12558906,-0.24780202,0.02770537,-0.062221114,-0.059061877,0.036641978,0.032601632,-0.19453199,-0.18990491,-0.20556083,-0.22456123,-0.35084236,-0.1621141,-0.021688193,-0.15119158,-0.17454056,-0.001950233,-0.05809475,-0.11863309,-0.012493447,-0.16977589,-0.1305218,0.14333427,0.14536047,0.19081677
TCGA-A7-A6VV-01A,-0.115559384,-0.02432506,0.2805634,0.33928883,-0.03049687,0.24905835,-0.032718632,0.030091325,0.1213088,0.051652983,0.093554586,0.051572748,0.05841582,0.19329002,0.08764126,-0.03554455,0.18256351,0.21519727,0.022555754,-0.06880284,0.0014642505,0.10335552,-0.056799095,0.23526365,-0.0350332,0.10323774,-0.10576924,0.03427427,0.068894535,-0.055201054,0.2070064,0.01087188,-0.18656825,-0.40543494,0.072205886,-0.21036124,-0.22754444,-0.14596212,0.012239703,0.04381602,-0.15040916,0.0327365,0.084454864,-0.04625426,0.021160845,-0.08757521,-0.08663103,0.041984644,0.116299905,0.17871834
TCGA-E9-A1R5-01A,0.022025848,-0.013360536,0.08695844,0.28767565,-0.07073129,0.32092622,0.053941455,-0.056398764,0.06320081,-0.0092666885,-0.048802484,-0.010963385,-0.13318196,0.04199662,0.0584685,0.026899833,0.02387679,0.26097998,-0.039633226,-0.06300448,0.04513489,-0.03276994,-0.026607713,0.22822191,-0.1621736,0.06270507,-0.23521325,-0.17559318,0.02269889,-0.05053986,0.125327,0.012949391,-0.24039984,-0.2948952,-0.23033835,-0.22390309,0.020689085,-0.07325674,-0.15453187,-0.14105345,-0.05687899,0.043817565,0.27053818,-0.03569087,-0.013481547,-0.2757597,-0.13091838,0.038347904,0.15109786,0.06667001
TCGA-AR-A1AN-01A,-0.020513251,-0.010367129,0.10294639,0.1468578,-0.15252352,0.33359244,-0.0012493504,0.117302395,0.09507975,-0.15689018,-0.0050347974,-0.08141509,0.069412634,0.003431935,0.14683308,-0.05905671,0.08119223,0.23198563,-0.018931318,-0.033677768,-0.007645747,-0.22528489,0.042689886,0.27436158,-0.0027006129,0.22175708,-0.37273887,-0.07748532,-0.11385212,-0.04157318,0.02115355,0.08689283,-0.14152132,-0.18668501,-0.2237753,-0.23247041,-0.008771221,-0.02264878,-0.033458762,-0.1329444,0.06110257,-0.015098355,0.14058118,-0.13053112,-0.03638094,-0.18024781,-0.10729341,0.115398094,0.17818148,0.18071277
TCGA-A2-A0T1-01A,0.03325193,0.12792473,0.12520282,0.31018165,-0.000726322,0.1696996,0.029565109,-0.06563609,0.0037623267,0.04918846,0.071562454,0.10827667,-0.027876442,0.26376784,0.050003532,-0.06004317,0.14499797,0.17833717,0.028284907,0.033769637,-0.029776428,0.04623663,-0.06734548,0.10084463,0.06228544,0.17183925,-0.2769116,-0.1690255,-0.071134865,-0.13332349,-0.051421247,0.14612599,-0.26733547,-0.25919378,-0.06572966,-0.06307318,-0.047350828,-0.13860925,0.025788987,-0.041783232,-0.016696705,0.017420044,0.17070559,-0.13372119,-0.12912005,-0.104346365,-0.0032696994,0.030516608,0.29984707,0.3822419
TCGA-E2-A1IF-01A,0.02726689,-0.0126864305,0.07885636,0.13543181,-0.2720647,0.07271197,-0.0035266266,0.059302934,0.03209394,0.049691934,-0.035257846,-0.014990312,-0.17728817,0.122938536,0.1417961,-0.044507623,-0.01635474,0.3427707,0.0032052237,-0.17274375,-0.10214258,0.05822316,-0.09217071,0.24078752,-0.04391899,0.22229238,-0.36699516,-0.14203982,-0.0051762317,-0.106510684,0.10632527,0.069582604,-0.18783462,-0.2992859,-0.05972255,-0.20636182,-0.107781224,-0.12190987,-0.11387987,-0.03832884,0.01465259,-0.0280221,0.16248645,-0.062391255,-0.022624975,-0.029786987,0.10541979,0.17167147,0.18963215,0.1879136
TCGA-BH-A1ES-01A,0.16541256,-0.13604414,0.32233208,0.11139162,-0.12750848,0.22069602,-0.031309605,-0.021860734,0.026834125,0.014278874,-0.13815065,0.10090606,-0.2734213,0.08713212,0.05865349,-0.024814919,0.07440919,0.15249853,-0.027833663,-0.10285174,0.06463693,0.13958126,-0.041715305,0.18322615,0.008185041,0.09439567,-0.3338692,-0.0977406,-0.1302364,-0.29396132,0.18371879,0.011992445,-0.3009248,-0.14722319,-0.17672974,-0.22933595,-0.09781639,-0.06377326,-0.03385938,-0.01122594,-0.005376372,0.02748815,0.040424865,-0.037189122,0.06743727,-0.10645187,-0.17282042,-0.0748441,0.11319453,0.097385496
TCGA-BH-A0DK-01A,0.0009881136,-0.13342768,0.2014137,0.24579632,0.08014991,0.22910544,-0.018788883,-0.07183606,-0.08592922,-0.08774108,0.031400815,-0.113388725,0.019888656,0.16195334,0.034099646,-0.073803775,0.011266407,0.28872034,-0.12578446,-0.011225571,0.054260366,0.024123494,0.15401813,0.15171824,0.20593429,0.24135707,-0.14241506,0.047737423,-0.13907842,-0.12839599,0.108522505,0.021933934,-0.15384106,-0.361497,-0.1849696,-0.2901575,-0.09232403,-0.17625514,-0.08912707,-0.07389609,0.006423956,-0.08828007,0.116286226,-0.19562219,0.08718623,-0.0011570386,0.008942148,0.13148068,0.010762793,0.15218253
TCGA-GM-A2DM-01A,-0.053633563,-0.021269606,0.32842624,0.16247988,-0.16614424,0.17490219,0.08066601,-0.016624251,0.073493965,-0.051756628,-0.12151174,0.105713144,-0.07767411,0.14550582,0.031676132,-0.16928217,0.022395814,0.2245744,0.0019978932,-0.026550025,0.123332754,0.023174396,0.11702032,0.12796995,0.08865007,0.113364056,-0.23049046,0.01753081,-0.21487886,-0.0010030495,0.13949789,0.006052941,-0.08340906,-0.22192296,-0.27778122,-0.25707597,-0.22171432,0.0062319026,-0.17506562,-0.05464661,-0.10172388,0.08071672,0.107018106,-0.07638736,-0.024964375,-0.214069,-0.050504398,-0.037144665,0.1194444,0.29695702
TCGA-AO-A0JG-01A,-0.0031181783,0.093683705,0.3875827,0.22815223,0.017490402,0.26215595,0.07292328,-0.20790897,0.09329813,0.040950365,0.013068587,-0.029188603,-0.055043567,0.07855151,0.11863447,-0.054315526,-0.07329153,0.06689636,-0.09615651,-0.08794606,0.0509815,0.0517125,-0.16098607,0.082696,0.022374209,0.16599654,-0.2832562,-0.033927888,-0.0471513,-0.11972394,-0.12639423,-0.034374937,-0.24262318,-0.3955395,-0.0962979,-0.22586526,-0.09284808,-0.07926335,-0.01629151,0.08234346,-0.1170939,-0.0017063856,0.10104226,-0.20849949,0.08178862,-0.17646754,-0.037298925,0.033495832,0.13730647,0.039722916
TCGA-OL-A66L-01A,0.015162458,0.09310224,0.04807521,0.14677319,-0.1159801,0.10436562,0.0614217,0.013778642,-0.15037107,-0.023784626,-0.06960203,0.026432939,-0.17344175,0.26073766,0.21278897,-0.12459252,0.13329287,0.18144985,0.0129491845,-0.10471425,0.1931591,0.000896886,0.02388341,0.14648303,0.17222317,0.20692655,-0.22879408,0.03943342,-0.010767461,-0.2555543,0.015312001,-0.05852033,0.014358061,-0.19484125,-0.17655729,-0.44888616,-0.12018444,-0.11699486,-0.092931286,0.05391823,-0.016378371,-0.0947016,0.0018807115,-0.027468141,0.0128102815,-0.21978961,-0.14859569,0.13746385,0.088146865,0.1303743
TCGA-EW-A1IZ-01A,-0.04967655,-0.0052160807,0.13010316,0.112906754,-0.20399839,0.18378028,-0.058024794,0.1350381,0.079160005,-0.021532971,-0.025536899,-0.03598295,-0.12455217,0.08049425,0.23355772,-0.025075072,0.005684121,0.26731563,-0.023969091,-0.08016582,0.028909875,-0.096000165,0.038157362,0.09498201,-0.0007370323,0.20640516,-0.36924213,-0.10132337,0.13159405,-0.10650774,0.08513333,0.14091858,-0.26882747,-0.21447875,0.03620046,-0.2811741,0.012786027,0.020167978,-0.18098369,-0.023548737,-0.10285327,0.04331444,0.033521805,-0.1243254,-0.120004736,-0.25543103,-0.17038117,0.10652405,0.13570835,0.20248325
TCGA-C8-A1HL-01A,-0.074080184,-0.060123157,0.25967467,0.13594212,0.025418865,0.04785721,0.069882095,0.12204078,0.10326859,0.12823357,-0.02413145,-0.09098632,-0.10423972,0.24720915,0.055353303,-0.11366624,-0.18357645,0.12495946,-0.016879553,0.055093378,0.13904051,-0.11998839,-0.027168285,0.24797966,0.015077723,0.030025743,-0.26974395,-0.076246195,-0.013238251,-0.17370507,0.050565735,0.13562168,-0.068596154,-0.23979543,-0.052686125,-0.40062147,-0.27585757,-0.073791936,-0.13614322,0.007208688,0.031038279,0.12700811,0.12400606,-0.07635061,-0.11661696,-0.16058728,-0.12534344,0.051220145,0.13990599,0.19373554
TCGA-A7-A26J-01A,0.08397012,0.07500983,0.2555166,0.25051188,-0.12631035,0.2854054,0.05674243,-0.14106189,0.009597057,0.032405388,0.015052126,0.057537604,0.07509187,0.07021712,0.14150244,0.06520353,0.23833095,0.23444137,0.019009663,-0.050364215,-0.053982418,0.13957873,-0.07870587,-0.001053462,-0.021123245,0.09464289,-0.33482435,0.084463924,-0.04093109,-0.08031798,0.24683006,-0.0040421784,-0.16673486,-0.2362179,-0.101523384,-0.2643968,-0.09097846,-0.10419645,-0.112127535,-0.039492395,-0.09708895,-0.023573425,0.17120653,-0.09402005,-0.008495032,-0.13249004,0.04075338,-0.074474834,0.13646635,0.2638008
TCGA-AC-A2FF-01A,-0.004843373,-0.11250487,0.2471305,0.23215052,-0.04938002,0.12245454,-0.008358447,-0.06511797,0.021678973,-0.07324237,0.008363255,-0.04950237,-0.12743473,0.11075258,0.124089904,-0.105140075,0.066412516,0.30603,0.0376224,-0.22237608,-0.21569873,0.018700182,0.1403193,0.13822904,0.03130079,0.1732747,-0.19033256,0.058606703,-0.031437427,-0.17689212,0.081414245,0.099284105,-0.20207356,-0.2358592,-0.03545469,-0.2878349,-0.18978322,0.044023342,-0.07435465,-0.028329877,-0.036052536,-0.17618094,-0.1552752,-0.10667056,-0.03548568,-0.10904477,-0.1193295,0.13200542,0.151836,0.2696425
TCGA-PE-A5DE-01A,-0.05289698,0.08668385,0.14668551,0.13708352,-0.020121852,0.21380235,-0.1085312,0.18956298,0.13916652,0.18354726,-0.10336275,-0.044139307,0.022274865,0.10555357,0.14510977,-0.033912156,0.058753382,0.22506551,0.11213073,-0.10608364,0.08232332,0.08404182,0.01732611,0.23081127,-0.106009744,0.047038946,-0.2663404,-0.05466994,-0.04100629,-0.07342778,0.1388006,0.114793524,-0.22932807,-0.19946669,-0.13922504,-0.32440755,-0.15398052,-0.16204593,-0.083839715,-0.059197485,0.006327424,0.0065374854,0.32486093,-0.072058685,0.016392535,-0.002810679,0.09582059,0.12371595,0.16386832,0.20939043
TCGA-E2-A1L7-01A,-0.054498333,-0.16221024,0.24041742,0.116140835,-0.0517895,0.21927653,0.07347293,-0.04461968,0.109824225,-0.06413701,0.17820549,0.04966294,-0.015350049,0.08344502,0.1242731,-0.06988281,0.2446087,0.31515417,0.16293247,-0.029058961,0.0842846,-0.06976869,0.048475083,0.050720133,-0.07685709,0.091488644,-0.16008705,0.022985214,0.020721734,-0.052706722,0.14617597,0.07537231,-0.14639671,-0.2381444,-0.28005332,-0.30011153,-0.179566,-0.032793526,-0.1691706,-0.1534059,-0.14931127,0.111542135,0.20580007,-0.17137761,0.023369975,-0.041940738,-0.028357565,0.02616003,0.1107585,0.18597499
TCGA-BH-A203-01A,0.07343826,0.08080646,0.27585232,0.14483504,-0.14056328,0.06535031,0.08362164,-0.044740967,0.2205604,0.057952445,-0.05553799,-0.05308255,-0.14811876,0.17947052,0.11866601,0.074926935,0.16649847,0.1998725,-0.09366239,-0.057318922,-0.12581478,0.009617182,-0.1047559,0.14208004,-0.013968816,0.2084598,-0.23511705,-0.10357124,-0.019970108,0.055448465,0.061596796,-0.05559594,-0.26216856,-0.19741738,-0.09864717,-0.11537442,-0.105337754,-0.04883805,-0.02710395,-0.04113906,0.049396228,0.18107504,0.24888633,-0.046503995,-0.09107444,-0.07441114,-0.066085294,0.023696452,0.23434778,0.39966488
TCGA-5L-AAT0-01A,-0.04737045,0.04109407,0.24882884,0.25469252,-0.016681157,0.041700542,0.07000144,-0.11628994,0.16385308,8.9232366e-05,0.08830848,0.10480812,-0.0413649,0.15394773,0.12393058,-0.09305881,0.061918605,0.22538505,-0.030506557,-0.16593774,0.052085396,0.1294774,0.0061767693,0.12598905,-0.027689721,0.18083455,-0.1826378,-0.012261436,-0.053077932,0.042190596,0.19608675,0.16678634,-0.13902466,-0.32748616,-0.22172165,-0.31667396,-0.13736431,-0.19616163,-0.06576268,-0.1505941,-0.11825524,-0.017942743,-0.062745474,0.038730826,0.0076884585,-0.15981525,-0.02887993,0.041492842,0.12451361,0.2714458
TCGA-E2-A1LB-01A,-0.059452552,-0.032606408,0.1713082,0.10776976,-0.07663746,0.23067988,-0.06098226,0.033789255,-0.19718154,0.016244367,0.011928356,0.099164635,0.09689447,-0.020505015,0.16027531,-0.13020433,0.2603116,0.3178473,-0.02665361,-0.16691668,-0.091297485,0.030595224,-0.022639362,0.24148871,0.10388596,0.15249614,-0.30027276,0.09102758,-0.10797849,-0.13369672,0.1049155,0.021881346,-0.21804301,-0.2317597,-0.0011113221,-0.22046375,-0.13084485,-0.060657848,-0.013056688,-0.016641494,0.01552722,0.016117645,-0.029951654,-0.058086246,-0.10116465,-0.07611113,-0.0850306,0.1594691,0.19356233,0.29649758
TCGA-UL-AAZ6-01A,0.05273855,0.093580425,0.1323693,0.17830163,-0.035404872,0.17047743,0.034830526,-0.022984289,-0.053804677,0.024508176,-0.094819546,-0.02519387,-0.03302166,0.23646222,-0.03591366,-0.08093624,-0.031150054,0.2742474,-0.07383851,0.08652516,0.21803853,0.08060485,-0.068639554,0.17540011,-0.1605805,-0.019521918,-0.37477076,0.0025042817,-0.15268207,-0.1343654,0.073142216,0.17296343,-0.09660048,-0.2724152,-0.07872678,-0.23623182,-0.086301155,-0.11138767,-0.106066875,0.09833684,-0.034558203,0.0061823386,0.21122488,-0.11900033,-0.07346154,-0.06477659,-0.106085554,-0.017482216,0.08297911,0.36450332
TCGA-BH-A0W4-01A,-0.1086058,0.15367657,0.30356774,0.32445982,-0.21802428,0.18290614,0.08777545,0.16128623,0.114605784,0.031360123,-0.024784759,-0.04799686,0.03448189,0.104394615,0.24391618,-0.024335168,0.029625528,0.21495622,-0.016750844,-0.17195307,0.09403122,0.029729381,0.063966356,0.14770903,-0.04666661,-0.012777984,-0.15198807,-0.0883532,-0.035405517,0.033505246,0.09046269,0.061051257,-0.025375681,-0.41029954,-0.12847754,-0.31883124,0.010745671,-0.17320655,-0.06612092,-0.06669349,-0.108784445,-0.10434916,0.019143105,-0.056446273,-0.07082883,-0.15917258,-0.0646449,0.06116647,0.103572235,0.042191144
TCGA-AQ-A54N-01A,-0.008807419,0.0773635,0.13587807,0.10082668,-0.0779199,0.22793043,-0.041718755,0.0371684,0.13261661,-0.108522534,0.06031864,-0.13715668,-0.060323216,0.10962212,0.09348881,-0.10769836,0.08974837,0.1791633,0.03373887,-0.21693301,0.07331571,0.06358268,-0.11468503,0.020559551,0.0674085,0.19868982,-0.41940308,-0.04733854,0.044862214,-0.24148104,0.08192452,0.13874142,-0.061208803,-0.32544714,-0.2445797,-0.020186163,-0.06845155,-0.09368424,-0.031088019,-0.08050032,0.06129127,0.058499712,0.12954779,-0.039454073,-0.17284724,-0.072532065,0.052457105,0.15006731,0.29076108,0.18786165
TCGA-E9-A22H-01A,0.08254334,0.02604022,0.17989533,0.09349284,-0.18529022,0.13489889,0.07176426,-0.08433689,0.076508045,0.028578466,-0.015012483,0.038859762,-0.081565514,0.16898906,0.14603792,-0.053764045,0.07458979,0.2460479,0.09221938,-0.056445356,0.09336243,0.1393421,-0.087050326,0.18546094,-0.12947485,0.07343102,-0.28662708,0.0070435023,-0.0833866,-0.16871126,-0.10332459,0.17821415,-0.10522716,-0.21155997,-0.18751144,-0.25344846,-0.14844373,-0.048852418,0.073094904,-0.11409323,-0.058112856,0.04672588,0.21378504,-0.178721,0.1146617,-0.115717776,-0.074750565,0.1764966,0.29826316,0.2349741
TCGA-D8-A1X6-01A,-0.063034944,-0.019949693,0.10868105,0.11791387,-0.13916612,0.20336822,0.07106962,-0.12234564,0.057286303,0.04869638,-0.11191545,0.11346729,-0.12756063,0.18645814,0.06677834,0.0030882386,-0.04723108,0.1301926,-0.07045816,-0.06194134,0.030371059,0.010884157,-0.13711955,0.165075,-0.089001425,0.21327357,-0.19558358,-0.1892562,0.037582178,-0.19847994,0.0989266,0.16770467,-0.21183868,-0.44740248,-0.1512708,-0.23336048,-0.24124576,-0.018640488,-0.11299445,0.044775512,-0.007884703,0.044283886,0.02503847,0.008076114,-0.030080909,-0.08666783,-0.118023284,-0.026424034,0.11865001,0.29291055
TCGA-AR-A24V-01A,-0.032632153,0.20816328,0.31712678,0.31107754,-0.08118548,0.21976323,-0.106040545,-0.020392975,-0.06360259,0.050054915,-0.0027860655,-0.0011497344,-0.04718517,0.21648082,0.108514406,0.04001603,0.108763546,0.20318772,-0.105047554,-0.15969579,0.12044828,-0.19874175,-0.06506082,0.035300214,-0.19121374,0.115359604,-0.23736748,-0.063433625,0.020860167,-0.08160142,0.0064120973,0.029307017,-0.14407423,-0.2477643,-0.16257037,-0.23490003,-0.019928694,0.09215268,-0.10337929,0.05201294,-0.043412972,0.017148219,0.06790057,-0.13368079,-0.14131568,-0.0019760642,-0.13358238,-0.12368247,0.016146362,0.30207837
TCGA-EW-A1OX-01A,-0.10398648,-0.084721915,0.29117194,0.19095312,-0.07522832,0.2500131,0.051168866,0.05408762,-0.010327027,0.094057016,-0.16396767,0.08422194,-0.21101001,0.041815355,0.18946181,-0.04564883,0.054850165,0.21780501,-0.10793054,-0.08529632,-0.08381743,0.026455926,0.019977877,0.21399727,0.10465179,0.1431242,-0.15662158,-0.021722768,0.1028107,0.026017757,0.08523037,0.17388794,-0.21323909,-0.22393133,-0.0943011,-0.29449144,-0.06868471,-0.18166192,-0.26179776,0.036072254,0.022836493,0.049745258,0.015442158,-0.043467656,-0.08303504,-0.11287759,-0.046908554,0.09913944,0.059579793,0.30374458
TCGA-AR-A24Q-01A,-0.012245769,-0.047626775,0.29591766,0.17208676,0.013027433,0.21364786,0.050170667,0.08084029,0.10913647,-0.16652204,-0.082754925,-0.07734293,0.11456584,0.14429322,0.06116577,-0.010166593,0.1354326,0.3376659,0.07260873,0.13390751,-0.05049041,-0.03361027,0.050297946,0.08673149,0.038794104,0.01701594,-0.31506965,-0.109005935,-0.057433277,-0.18000473,0.037970524,0.0649934,-0.2198599,-0.25303778,-0.15999568,-0.34139466,-0.010199205,-0.16138372,-0.16023418,-0.046806112,-0.05732089,-0.007830742,0.0012261072,0.022200085,-0.117552646,-0.09958981,-0.05276481,-0.01800584,0.1875337,0.19308122
TCGA-BH-A0DV-01A,-0.008423138,-0.026216617,0.2897248,0.22615641,-0.02661584,0.18745503,0.091744095,-0.015698299,0.1075141,-0.02899432,-0.13224994,-0.13853855,-0.04448246,0.14572695,0.15674712,-0.109022535,0.17201062,0.2436597,-0.096868716,-0.057848517,0.09434589,0.12085563,-0.23709366,0.30036053,0.0759859,0.117797785,-0.18303259,-0.04181186,-0.085182525,-0.039301865,0.121758364,0.020980086,-0.15225662,-0.23639931,-0.19948275,-0.21735589,-0.00979432,-0.18594809,-0.18693666,-0.21160792,-0.08330294,-0.07417609,0.02008301,0.013972941,-0.011764461,-0.12315185,-0.0005569107,0.08431344,0.07938549,0.19504958
TCGA-AR-A0TQ-01A,-0.012338628,0.094896734,0.051737834,0.24914908,0.054293368,0.21385331,0.16817659,-0.119357914,0.19364215,0.0070635974,0.06228712,-0.039200194,-0.03344484,0.1058749,-0.02846184,-0.09347457,0.052604906,0.11031907,0.044441085,-0.060567837,0.077015795,-0.037550397,-0.023797544,0.4392526,-0.107299656,0.14477745,-0.26612216,-0.036933847,-0.17353474,-0.16148292,0.21204752,-0.00888754,-0.11693437,-0.29179773,-0.17383815,-0.23242417,0.024790434,-0.019343814,-0.1299445,-0.033622235,-0.08262654,-0.019972205,0.014390401,-0.062146436,-0.12903039,-0.102827296,-0.019870289,0.059753057,0.2091946,0.23325007
TCGA-AR-A0TT-01A,-0.046257246,-0.12963828,0.09428346,0.2418589,0.013309233,0.18894713,-0.030308167,0.0818459,0.08946519,-0.036910046,-0.058102135,-0.09695903,0.028571777,0.06466647,0.15491661,-0.044209417,0.10432234,0.11439784,0.052464005,-0.12028184,-0.081979536,-0.0893876,0.015341768,0.3446725,0.0046705245,0.19412236,-0.25821498,0.013989883,-0.17519917,-0.113288656,-0.10234224,0.15067287,0.020794896,-0.2752402,-0.3100312,-0.25768223,-0.11007836,-0.20897864,-0.038179107,0.012628039,0.00060863013,-0.039717045,0.10586113,-0.026886437,-0.11774446,-0.20068002,-0.07641955,0.011680607,0.2240179,0.20234212
TCGA-D8-A27N-01A,-0.10109353,0.013465753,0.3785595,0.03950093,-0.09549156,0.048429843,0.11538323,0.056079566,0.00032343116,0.03689941,0.14591837,0.084223725,-0.18510492,0.116466165,0.15857263,-0.15465294,0.09491234,0.15379699,-0.008138447,-0.17459507,-0.080724254,0.035277005,0.09112807,0.1738992,-0.13420087,0.104289696,-0.23859224,-0.12929904,0.0404277,-0.18776584,0.067381255,0.025982907,-0.16518037,-0.271074,-0.12639607,-0.27522856,-0.11562591,-0.20360726,-0.13938114,-0.1352869,-0.026266424,0.014766237,0.065335736,-0.11707757,-0.11240251,-0.1804663,-0.06952267,0.24704485,-0.013434551,0.14435227
TCGA-BH-A1FE-01A,0.070224695,0.024105087,0.18454514,0.1969823,-0.17606504,0.25931233,0.07976352,-0.13219929,0.17821471,0.13901508,-0.04283677,-0.039256047,-0.13871625,0.13258535,0.071085386,-0.091743305,0.10765205,0.2342535,-0.063808925,-0.06659393,0.11992959,-0.06458564,0.07786025,0.19661027,-0.080486484,0.093851976,-0.23165558,-0.096040376,-0.081864625,-0.2972889,0.0066744527,0.09019312,-0.31861225,-0.18460126,-0.14067647,-0.20153375,-0.060901083,0.020987853,-0.09675932,0.052000076,-0.046375502,0.047702618,0.11062829,-0.11938904,-0.0763926,0.043124728,-0.06693735,0.23655094,0.11331272,0.22586013
TCGA-B6-A0RU-01A,-0.00519734,0.04652451,0.3163614,0.14311528,-0.14355597,0.15415984,0.05409025,0.0025474054,0.008651899,0.020491578,0.011210381,-0.14837626,-0.020317135,0.10118136,0.040848646,-0.1344201,0.18447351,0.15071528,0.10311711,-0.1037522,0.0989686,-0.1028732,-0.108527124,0.18676887,0.11437913,0.028422354,-0.30839595,0.010067545,-0.14101054,-0.1479311,0.027500132,0.048416965,-0.12991334,-0.24372725,-0.11094703,-0.36006004,-0.31538475,-0.05829839,-0.07198916,-0.22738864,-0.13873245,-0.083155915,0.076293096,0.027897066,0.045479216,-0.034036472,-0.085291184,0.069598064,0.21872601,0.061876263
TCGA-C8-A275-01A,-0.13147512,0.13881943,0.24666665,0.23119782,0.062042534,0.13872491,-0.0809467,0.061634135,0.0042203018,0.11031581,0.121393405,-0.100576416,-0.10954381,0.13949485,0.11100872,0.018085003,0.15315813,0.29343438,-0.08507255,0.0024654414,-0.09327447,-0.046123214,0.017258016,0.19828172,0.111652166,0.05878357,-0.26708364,-0.026007961,0.010242251,-0.012070781,0.056668118,0.001554689,-0.23519461,-0.29449448,0.012633189,-0.2979492,-0.226199,-0.107874945,-0.11397655,-0.22173542,-0.034953244,0.06386341,0.00760601,-0.056786686,-0.017011216,-0.24292319,-0.08463754,0.03401345,0.01865766,0.2083806
TCGA-BH-A0DP-01A,-0.0044664224,0.0019653798,0.2381402,0.25312027,0.01254186,0.13401331,0.13503696,0.0037418918,-0.04623876,-0.0581189,-0.034033004,-0.047482196,-0.026159214,0.20990779,0.16841422,-0.049888227,0.030463668,0.22104576,0.17406362,0.047389504,-0.07196562,-0.050216056,0.06516967,0.24299571,0.016261393,0.13082302,-0.2797779,-0.21026394,0.07164468,-0.17342518,0.050011966,0.15278378,-0.18674737,-0.27486742,-0.20597431,-0.24569315,-0.021328703,-0.16528066,-0.12118022,-0.031365346,0.09116343,0.015223043,0.17322162,-0.16603146,-0.11917579,0.055954244,-0.040962625,0.18909933,0.11943776,0.11066953
TCGA-A2-A0YM-01A,0.18920796,-0.025168791,0.21683553,0.29955444,-0.027673397,0.24954002,-0.120263636,-0.04651821,0.11636845,0.107852995,-0.030894514,0.009425185,-0.12345572,0.24813168,0.19810468,-0.2124138,0.057902507,0.21554904,0.026615666,-0.12568499,0.054598574,-0.07379581,0.033670403,0.15993546,-0.00076736516,0.12726384,-0.2925714,-0.014848852,-0.0019328514,0.01736599,0.037749033,0.054188844,-0.028657671,-0.28944695,-0.22715047,-0.16501747,-0.0045833443,-0.22326799,-0.07111583,-0.17867735,-0.03938084,-0.05168193,0.05769733,-0.055319656,-0.16463205,-0.076891884,-0.05098234,0.054564547,0.18367864,0.1356314
TCGA-A2-A1G1-01A,-0.060665,0.17450382,0.28107047,0.11726844,0.02252808,0.14084008,0.04768239,0.047825847,0.020224094,-0.12925178,-0.11735451,-0.009966205,-0.04157558,0.13495316,0.04304331,-0.15770394,0.16266201,0.3344236,0.086149834,-0.16658609,-0.029921386,-0.037713733,0.039476372,0.058218863,-0.00080269744,0.14860292,-0.2828821,-0.06538439,-0.1451644,-0.11440261,0.025164705,0.09964012,-0.32044512,-0.13328399,0.050134875,-0.36785978,-0.21957044,-0.07196001,-0.107892804,0.07503992,0.026531322,0.14474827,0.056641374,-0.025770579,0.006286092,-0.16729213,-0.11026009,0.13544166,0.041009597,0.15504266
TCGA-AR-A256-01A,-0.19915584,-0.022136316,0.33862278,0.110928655,-0.07457176,0.32766902,0.15003857,0.0045086173,0.12661925,0.04353665,-0.106938,-0.06269222,0.101585515,0.13917506,0.22103536,-0.11803778,0.105561815,0.18766215,-0.007522187,-0.029151535,-0.0053232173,0.025411416,-0.008455244,0.058906015,0.09872067,0.27007255,-0.23202263,-0.03934095,0.04051708,-0.15328583,0.08116755,0.031992085,-0.052381754,-0.28420952,-0.05417107,-0.27342167,-0.10371464,-0.1160405,-0.10774127,0.08300661,-0.08022491,0.06111215,0.037031677,-0.12173299,-0.04805855,-0.15313503,0.05276523,-0.05137031,0.15390386,0.25333953
TCGA-BH-A0AU-01A,-0.034798164,0.0009713024,0.18071549,0.18766613,-0.0411752,0.08249167,0.0694568,-0.060117483,0.11805642,0.14340152,-0.19256277,-0.111533575,-0.004269083,0.16581501,0.030473094,-0.04540744,0.19125278,0.35516113,0.15544473,-0.01510851,0.075913884,-0.13250601,0.0112446025,0.36792892,-0.13033912,0.20724733,-0.08520675,-0.07132226,-0.022688022,-0.016881062,0.17386612,-0.033423778,-0.19233967,-0.23107697,-0.07706782,-0.28564867,-0.27385175,-0.026637668,0.010115689,0.05960331,0.042185076,0.09876758,0.05071986,-0.18211707,-0.0847981,-0.09575386,0.065074734,0.04642993,0.015282179,0.14678344
TCGA-E9-A1NA-01A,0.053509988,0.05546386,0.15883361,0.069417775,-0.023622708,0.21211398,-0.040068187,0.08135734,0.24610944,0.14557086,-0.08763783,0.068658486,0.09991787,0.20472427,0.019980427,-0.1866339,0.019274775,0.19581361,0.03615406,0.018452985,0.07173106,0.089432165,-0.12261088,0.1365506,0.028043693,0.16577233,-0.20208351,-0.10242168,0.014537086,-0.09358311,0.042725917,-0.07526827,-0.2894683,-0.21285419,-0.20252573,-0.4729878,-0.11661147,-0.01677264,-0.10815207,0.12675896,-0.075183906,-0.108937606,0.14523824,-0.011091349,-0.123863734,-0.048405576,-0.06062996,0.003973232,0.076074935,0.21056518
TCGA-WT-AB44-01A,0.0760339,-0.077321455,0.16843313,0.1706754,-0.065823436,0.26910675,0.129071,-0.016006233,0.13631408,0.01035941,0.15180592,-0.09951834,-0.0723958,0.14694075,0.07886703,-0.21060345,0.12375377,0.32412612,-0.12464503,-0.026310295,-0.056340385,-0.059631776,0.067527756,0.19820546,0.0370659,0.02930002,-0.2755691,-0.15091978,0.026171416,-0.031559058,0.025351627,0.027836876,-0.07690262,-0.35842463,-0.14681229,-0.2497298,-0.09016102,-0.20848428,-0.13333206,0.1611966,0.08737815,0.14808726,0.11310814,-0.0330117,-0.10467539,-0.030249983,-0.02490004,0.05908972,0.042995445,0.20461811
TCGA-AN-A0XV-01A,-0.115457356,0.08648458,0.2633176,0.16352275,-0.00016943306,0.24445416,-0.11932348,-0.1454133,-0.090200186,0.06374412,-0.08733417,-0.002059663,-0.1615206,0.023393787,0.16131553,-0.17651993,0.018928496,0.16997729,-0.030287523,-0.16365524,-0.042848993,-0.026774364,0.026893262,0.21226157,-0.10853873,0.08799378,-0.27114508,-0.1470599,-0.10175691,-0.06252676,0.045149673,0.02639292,-0.14364581,-0.19119659,-0.016224759,-0.4052622,-0.17080572,-0.1751899,-0.29268694,0.04380803,-0.07645594,-0.0015466796,0.07895175,-0.017947461,-0.03528471,-0.13133258,0.07080563,0.03371247,0.18151696,0.09075365
TCGA-OL-A5D6-01A,0.07843875,-0.06730561,0.2557305,0.22416127,-0.047985822,0.110939726,0.077881254,-0.061902493,0.008687126,-0.059567973,-0.12855053,-0.085245304,-0.08356258,0.089374974,0.15736137,-0.035567652,-0.0011140315,0.18602641,-0.048582777,-0.16310331,-0.129743,-0.009833718,-0.05690923,0.18898837,0.028717455,0.048082996,-0.31270498,0.047422167,0.078707285,-0.040758964,-0.031642206,-0.03539587,-0.23440734,-0.2478544,-0.10304086,-0.4131915,-0.16409035,-0.026047368,-0.107561514,-0.11255864,-0.08745597,-0.15458083,0.26252398,-0.008766594,-0.07580238,-0.060276575,-0.089269705,0.028287169,0.25005344,0.1312742
TCGA-BH-A0H6-01A,0.08647439,0.046215218,0.24151106,0.18308581,-0.043990385,0.2444602,0.082698464,0.0065908143,0.1848662,0.09460789,0.019777045,-0.06564403,-0.14472365,0.2849701,0.08085836,0.07955738,0.01788944,0.19892469,-0.009173912,-0.026200118,0.19080086,0.1963191,0.020017875,0.19111265,0.17255658,0.078521,-0.12456269,0.012197659,0.09111387,-0.086288765,0.13611391,0.040196076,-0.14346677,-0.26155433,-0.015584678,-0.22294809,-0.072658144,-0.21473318,-0.1900285,-0.077968836,-0.13017721,-0.038660657,0.28088927,0.025659414,-0.0008294038,-0.07894959,-0.10747005,0.13726066,0.18820214,0.15659094
TCGA-E2-A576-01A,-0.08133757,-0.023503851,0.24988285,0.19094099,0.0024930967,0.20370421,0.02435496,0.057023093,0.00014038348,0.03063931,-0.007638254,0.0059162094,-0.05470819,0.02512975,0.085013114,-0.12517357,0.028873818,0.16345924,-0.1534255,-0.01794977,-0.026855934,0.05097939,-0.06356625,0.20660509,-0.12214205,0.18267174,-0.33186424,0.0052586016,-0.12941189,0.025204016,0.17805196,0.1409476,0.013603203,-0.34629098,-0.15236332,-0.45204934,-0.11990689,-0.014715137,0.07611204,-0.058457028,0.049982447,-0.043031428,0.16600074,-0.06838137,-0.15064052,-0.21475975,-0.06669158,0.031377953,0.024816157,0.096214496
TCGA-C8-A274-01A,-0.011677142,0.07751181,0.28343356,0.08895552,-0.063430324,0.21055996,0.117068335,0.0956546,-0.029251544,0.13099366,0.031131444,-0.16457592,0.020574221,0.13188821,0.12288516,-0.18307063,0.009246563,0.118724816,-0.06980812,-0.12745063,0.01553067,-0.030749263,0.00016805851,0.3505097,-0.11824487,0.11342618,-0.24561942,-0.12402256,-0.14922008,-0.14377943,0.014971796,-0.027608888,-0.16514863,-0.26043785,-0.033435028,-0.36578658,-0.053593643,-0.014481787,-0.16819382,0.031125829,-0.058383152,0.14640458,0.10313316,-0.036172114,-0.033154417,-0.1578726,0.047824457,0.098766685,0.21470311,0.18098715
TCGA-B6-A0RL-01A,0.025049524,-0.13777205,0.26044512,0.043229666,-0.08662549,0.11633763,0.14892621,-0.14254878,0.016415099,0.16075724,-0.25312185,-0.032087337,-0.13306916,0.17802246,0.1940439,-0.16635475,0.0271248,0.27186948,0.084342286,-0.0141893895,-0.051977623,0.020620886,0.07799122,0.15808192,0.09022356,0.07689008,-0.22495975,0.0024567228,-0.07098838,-0.12047554,0.14086963,-0.06696619,-0.15923922,-0.2421632,-0.21922411,-0.22390467,-0.024250668,-0.06512695,0.015103851,-0.09656185,-0.14015491,-0.06561355,0.04936706,-0.20117167,0.033347547,-0.2335827,0.08108796,0.050618645,0.245059,0.16795526
TCGA-A7-A13D-01A,0.1347289,0.037608627,0.17391205,0.22058488,-0.15405388,0.20894378,0.22810853,-0.022217587,0.1453128,0.025356272,0.032393627,-0.058935024,-0.07384716,0.052749634,0.11578337,-0.026392577,-0.02592332,0.28273502,-0.011653174,-0.09667027,0.08433343,-0.10806396,0.008836842,0.18222438,0.04469111,0.09841398,-0.26455942,-0.18148881,-0.06171114,-0.12920222,-0.08135917,0.18728833,-0.0055419765,-0.21053632,-0.022149974,-0.31028214,-0.08942182,-0.079509415,-0.06746136,-0.02190979,-0.045496702,0.017407315,0.11961588,-0.13885547,-0.08603157,-0.09612106,-0.21060076,-0.05211751,0.103986636,0.37823558
TCGA-GM-A2DC-01A,0.007804677,-0.051507745,0.17126274,0.3314108,-0.0698338,0.26580536,0.023025008,-0.011681828,0.14939277,-0.027613929,-0.03308616,-0.0045879,-0.08892513,0.23398888,0.19394073,-0.032170676,0.11049477,0.29056153,-0.020809522,-0.12013175,0.114280865,-0.0011723412,-0.0446572,0.103213936,0.02268312,-0.01981737,-0.30018333,-0.119543344,0.031221114,-0.0149535,-0.025200738,-0.08153196,-0.11818405,-0.2830553,-0.18282858,-0.2898717,-0.0075068963,0.008710304,-0.056440596,0.030036056,-0.11531917,0.0824125,0.009260902,-0.13905205,-0.068026945,-0.05836476,-0.12793122,-0.040396646,0.28229547,0.21078794
TCGA-AC-A8OQ-01A,0.1792046,-0.052881364,0.14328843,0.2968159,0.01954697,0.224514,0.1714537,-0.11041168,0.118012086,0.011395616,0.059010874,0.00056006125,-0.04563871,0.25695637,0.13600801,-0.11064638,0.1274181,0.105406106,0.01911489,-0.14916004,-0.1399463,-0.014795921,-0.045382287,0.06745973,0.1264194,0.12025785,-0.20904668,-0.237495,0.034027725,-0.119842,0.037639633,-0.06256068,-0.18918799,-0.2804391,-0.09551177,-0.2873061,-0.024569036,-0.1547689,-0.01993469,-0.008772119,-0.01584632,-5.3408457e-05,0.10893581,0.018788839,-0.13305862,-0.23737387,-0.16436212,-0.073851414,0.17767452,0.19550867
TCGA-B6-A0RV-01A,0.07506635,0.21411869,0.15574576,0.13518815,-0.12783033,0.13774772,-0.04525231,0.036159232,0.050647236,0.10182718,-0.13659689,0.07888997,-0.051049676,0.14803813,0.28987822,-0.06849896,0.060907032,0.19639713,-0.053758252,0.0076495674,-0.00028271467,-0.0059108343,0.07451438,0.24740411,0.113374054,0.19607529,-0.23517723,-0.11346811,0.011108563,0.0422991,0.07566334,0.080585696,-0.24487756,-0.29432943,-0.25169528,-0.30785394,-0.15205723,-0.06888187,-0.046930145,0.11329689,0.0030230745,0.009609755,0.17248347,-0.1373929,-0.0030447987,-0.13661723,-0.044777744,0.17012483,0.14778355,0.05293377
TCGA-AR-A2LQ-01A,-0.041563295,-0.013562697,0.20549077,0.17286639,-0.06722131,0.13709937,0.0051336526,-0.058138542,-0.0035414337,0.048618346,-0.1800903,-0.07645988,-0.17896442,0.1634717,-0.009418432,-0.033695515,0.094397485,0.3735623,-0.20431437,-0.10881774,-0.11139859,-0.027411455,-0.009398222,0.17794527,-0.01825412,0.08624751,-0.13358843,-0.014344039,-0.04239404,-0.14472164,0.054629344,0.07556448,-0.10125394,-0.1895656,-0.19441983,-0.28130808,-0.089712374,0.078397594,-0.037021257,0.032191172,-0.084206186,0.11198983,0.21650489,-0.07834477,0.058525868,-0.078343794,-0.05907703,0.19280636,0.331704,0.28598446
TCGA-AR-A1AW-01A,0.0386203,-0.044440985,0.2683645,0.24107167,0.017709216,0.14098005,0.20312649,0.06720338,-0.067380086,0.11822711,-0.049148414,-0.061581753,-0.051724732,0.039976295,0.2463728,-0.052457105,0.07760013,0.20930284,-0.09305713,-0.013034633,0.024707064,0.21295446,0.15800193,0.052731156,0.21155716,0.051501032,-0.3070585,-0.005918237,0.012781169,-0.063710146,0.025468165,0.07220511,-0.16496119,-0.25431088,-0.0953667,-0.32653487,-0.1638525,-0.11311706,-0.07669948,-0.15652369,0.018985987,0.047246493,0.19741936,-0.102387056,-0.16372108,0.01300553,-0.17147416,-0.06507475,0.018439597,0.1821293
TCGA-OL-A5RX-01A,-0.080549315,0.06394525,0.265154,0.12931183,-0.09677097,0.07580844,-0.051956855,0.08250489,0.039070692,-0.015237184,0.07708737,0.015114546,-0.076335646,0.18250795,0.1879954,0.088235125,0.25937706,0.2254522,-0.02820626,-0.031237593,-0.018716501,-0.07942916,-0.05224848,0.25094804,-0.06137321,0.10326364,-0.08435733,-0.06302663,-0.18882534,-0.12700509,0.070302196,-0.032682173,-0.22308534,-0.23119752,-0.2425843,-0.4740433,-0.043878783,-0.09350705,-0.06554502,-0.027156873,0.0023887951,0.07127345,0.1215796,-0.0114310905,0.0058933664,0.03094546,-0.17632872,-0.06256904,0.20158255,0.1136196
TCGA-D8-A27W-01A,0.0051814257,0.064866066,0.29404607,0.19029085,0.00655521,0.17204167,0.1774057,-0.08847665,0.051247638,0.1264944,-0.05777168,-0.00069239025,-0.12521656,0.33586764,-0.026230032,-0.19921352,0.12428046,0.21604095,0.11305076,-0.018199677,-0.013998416,0.032883063,-0.037188556,0.1394273,-0.09313399,0.042131864,-0.22939734,-0.09022241,-0.018737596,-0.15367372,0.014263506,0.10677489,-0.03678138,-0.30608866,-0.123840526,-0.16810302,0.028336374,-0.023622015,-0.13669394,-0.09572682,0.007912898,0.05403116,0.026131717,-0.0088755395,-0.043959107,-0.16624123,-0.1254918,0.14450255,0.32784778,0.2528558
TCGA-A2-A0SY-01A,0.005916737,0.025266621,0.34856358,0.31868228,-0.08206176,0.13202031,0.03560694,-0.0306503,0.04887105,-0.034224115,-0.016085727,-0.05339041,-0.09457762,0.2877764,0.20090254,-0.15957676,0.099504985,0.1967486,-0.10607671,-0.08592381,0.00836515,-0.021629116,0.014574734,0.21411934,0.022240434,0.15852909,-0.36371124,-0.13284491,0.0022123968,0.055248126,-0.0053346315,0.055296797,-0.09490132,-0.2038523,-0.06849224,-0.16119817,-0.07517327,0.09880581,-0.034062322,-0.14642677,-0.086404145,-0.05680787,0.02987354,-0.062236458,0.03186577,-0.13174039,0.0014351802,-0.034457806,0.2298122,0.28811967
TCGA-AR-A24W-01A,-0.13551703,0.05920285,0.23097949,0.2674949,-0.1687297,0.26253116,0.12504895,-0.08260303,0.06672439,0.032688692,0.06048224,0.08196773,0.08881377,0.33584696,0.14296988,-0.053824417,-0.02157895,0.13195594,-0.11749721,-0.106954485,-0.071632184,0.06803244,-0.040764645,0.018901315,-0.11013723,0.120214194,-0.24345389,0.041158374,-0.025739674,-0.1059926,0.14939333,0.06751365,-0.04777563,-0.21309765,-0.14620458,-0.29756707,-0.09541136,-0.006380261,-0.20920873,-0.039199337,0.0479057,-0.10865741,0.09998281,-0.064383,-0.10716034,-0.2662413,0.015155954,0.16407594,0.082054265,0.18888499
TCGA-A2-A0EU-01A,-0.03382804,0.039807267,0.22382012,0.21200784,0.041988585,0.31018102,-0.06749998,-0.047773365,-0.011646266,0.11954131,0.0033985672,-0.09464113,-0.057605762,0.2425063,0.0064873374,-0.2017138,-0.02673268,0.178123,0.01668435,0.051793136,-0.047171075,-0.0042588194,0.06143952,0.11228341,-0.1106327,0.11709028,-0.25388965,-0.12923694,0.15354128,-0.11900669,0.14294675,0.20802037,-0.17474665,-0.22918445,-0.010384073,-0.16771542,-0.12288356,-0.10908545,-0.12031042,-0.019136747,-0.021802524,0.07906341,0.15801574,-0.027291246,-0.14226107,-0.12554677,-0.20836806,0.20069277,0.06778833,0.314178
TCGA-D8-A1JF-01A,0.0013837647,-0.049943473,0.37872142,0.07494173,-0.13758294,0.1983603,0.040633332,-0.053767063,0.24385272,-0.044604108,-0.012165314,-0.07933172,-0.035522066,0.24673572,0.20784646,-0.12416555,0.11532476,0.26917616,-0.050218627,-0.18374488,0.12959561,-0.059619576,-0.07877468,0.13451034,-0.11100477,0.1274995,-0.1933965,-0.10748275,-0.00863355,-0.14829552,-0.071451336,0.046378292,-0.19487068,-0.10934527,-0.15451221,-0.044185165,-0.19322933,-0.14774342,-0.12166672,-0.017496662,0.084222205,0.022320824,0.10121319,-0.023725836,-0.12359793,-0.11270868,-0.13666923,0.1314083,0.10023682,0.28467482
TCGA-BH-A0C0-01A,0.1156643,-0.03958143,0.3004492,0.089584224,0.009058686,0.23254417,0.08957006,0.043665525,0.14864969,-0.019735062,-0.07217246,-0.032804094,0.09692269,0.20968619,0.10141359,0.02325434,0.20257868,0.2392436,0.002098435,-0.08656261,-0.050945885,-0.16946281,-0.042343583,0.114671566,0.036248125,0.051922977,-0.28649774,0.01746948,-0.120258406,-0.17201093,0.09703217,-0.007312852,-0.07083683,-0.25620255,-0.083391584,-0.23447007,-0.11035549,-0.16469379,-0.27470675,-0.035066202,-0.013917836,0.035198104,0.13844797,-0.1965829,-0.106102094,-0.019909887,-0.20619445,0.11915831,0.121135205,0.21655907
TCGA-AR-A251-01A,0.11334668,-0.13778476,0.30596787,0.19418353,0.028816964,0.14456555,0.183715,-0.04822975,0.17656758,0.03365335,0.041936584,0.011310215,-0.036515217,0.12804267,0.13397767,-0.092932135,0.13739638,0.17375149,-0.116197325,0.004089276,0.22026843,-0.04561314,0.03736985,0.2791652,0.09088491,0.07271962,-0.247905,-0.10046211,-0.048976947,-0.12149405,-0.038766965,0.15837124,-0.13199218,-0.20254871,-0.09917522,-0.21274453,-0.32961342,-0.120841205,-0.06311987,-0.0064826924,0.062365826,0.10311024,0.04205235,-0.22354649,-0.10023187,-0.06959256,0.025525516,-0.008388859,0.1604463,0.17531869
TCGA-E9-A1RC-01A,0.041503787,0.066204645,0.24938096,0.18600173,-0.03766062,0.28109986,0.06160744,-0.028091311,0.14962114,0.07631748,0.006138116,-0.013957372,-0.10629934,0.12254527,0.14899065,-0.2294364,0.08327966,0.18493979,-0.0072515165,-0.12603398,-0.008920178,-0.09227831,-0.15396616,0.1664194,0.007570984,-0.029912375,-0.2072652,0.19825122,0.05073244,-0.2506604,0.1289335,0.11131124,-0.33718023,-0.17614923,-0.17916745,-0.16824156,-0.10133422,-0.1363877,-0.0058902055,-0.0069302623,-0.02651905,-0.034764968,0.068848714,-0.039653618,0.022173941,-0.15384759,-0.12912641,-0.041813586,0.103940226,0.3034703
TCGA-AO-A1KS-01A,0.161327,-0.017928334,0.15792267,0.34796315,-0.0849855,0.13829145,0.13574407,0.03077275,0.057214532,0.071021035,0.0965857,0.07729064,-0.055856023,0.26776475,-0.038377833,-0.043070186,0.029158523,0.13574454,0.061183237,0.07816623,0.14302768,0.03860058,-0.043427046,0.12325847,-0.012746326,0.095869154,-0.1696431,-0.10041296,-0.0801686,-0.03321128,-0.105561785,0.18153337,-0.121712625,-0.33778477,-0.056226123,-0.2707864,-0.015687916,-0.20151222,-0.19013184,0.059718404,-0.103985295,0.1294865,0.12959225,-0.1447117,0.04666006,-0.16664241,-0.12408954,0.1755186,0.20500498,0.20660758
TCGA-LL-A740-01A,-0.0229576,0.015973471,0.25910252,0.15122274,-0.028976945,0.092899255,0.038999993,-0.08318706,-0.14294691,0.052305717,0.19588867,-0.07875229,-0.10827162,0.18685928,0.11330992,-0.071248025,0.10227329,0.28216848,-0.08765653,-0.08872892,-0.059931487,-0.1694882,0.053500503,0.2236859,0.10894875,0.00176557,-0.2518581,-0.0032627005,-0.10167788,-0.093048975,0.1796274,0.085619435,-0.20883128,-0.30842978,-0.06501658,-0.2335379,-0.28283322,-0.10077513,-0.11784193,-0.070865124,-0.044496108,0.08818011,0.17692757,-0.14323086,-0.07956496,-0.1101794,-0.08966596,0.08030868,0.11175225,0.14372872
TCGA-AR-A24U-01A,0.017862769,0.10173173,0.28560376,0.14422765,-0.08352961,0.053548105,0.002671269,-0.13058423,0.032394223,0.013207202,0.06436179,-0.10207834,-0.21021985,0.07922342,0.21361206,-0.006992754,-0.018287882,0.13451694,0.05063691,0.035275366,0.047672268,0.059987362,-0.19954976,0.16435562,0.0368562,0.18950863,-0.33741516,-0.057093672,-0.19010401,-0.18025185,0.040997166,0.0025899764,-0.065632224,-0.3892078,-0.19883628,-0.3157763,-0.059605718,-0.048148315,0.008999089,0.08068993,0.0077005336,0.049113005,0.12563252,-0.1618173,-0.15507455,-0.18982032,-0.04288205,0.0018771373,0.1107404,0.048508063
TCGA-BH-A1FM-01A,0.11719445,0.13984483,0.20313941,0.13135576,-0.09038561,0.14376721,0.037290398,0.024997035,0.04419872,-0.035798363,-0.14910387,-0.020104503,-0.028060468,0.32174242,0.2023841,-0.031662147,0.17207605,0.16991164,0.05271567,0.117575735,0.17203285,0.03333754,0.08759033,0.17488274,-0.16338456,-0.04218737,-0.26266223,-0.013787872,-0.08293802,-0.0050271936,0.09319998,0.010052675,-0.25463057,-0.31556582,-0.078023925,-0.23214261,-0.09015275,-0.18701522,-0.15077943,-0.09502256,-0.120228,0.06164143,0.023074424,-0.08463955,-0.14180608,-0.09468785,-0.07800235,0.020958865,-0.024430735,0.29393032
TCGA-AR-A2LR-01A,0.015919887,-0.034981426,0.21413563,0.19333369,-0.038014013,0.36611316,0.1080937,-0.04144091,0.110743865,-0.034277767,0.22095191,-0.05329887,-0.029481877,0.1863082,0.13188176,0.06531798,0.20469128,0.15768723,-0.1598127,-0.1783694,0.06780568,-0.017505936,0.0038345153,0.13822016,0.017555162,0.021419803,-0.29625788,-0.049183648,-0.04860647,-0.098640844,0.23715746,0.033116236,-0.13173792,-0.26492688,-0.008810661,-0.23243709,-0.093426056,-0.046931114,-0.02092031,-0.17611107,-0.0003919244,0.018074837,0.16062297,-0.04331549,-0.18798387,-0.019197786,-0.027680485,-0.008132047,0.2689774,0.12089509
TCGA-AR-A1AL-01A,0.0724627,-0.021852404,0.1910748,0.2210031,-0.037661184,0.14143208,-0.050407737,0.07664353,0.05344736,0.11445003,-0.009138749,-0.009060487,-0.10745426,0.16180941,0.04860182,-0.038718514,-0.18965106,0.34111002,-0.06752814,-0.07203621,-0.021092638,0.013246173,0.06452337,0.23055565,-0.08282671,0.11622192,-0.1225376,0.09703387,0.050096948,-0.10672876,-0.041792464,-0.020721579,-0.13236798,-0.24403726,-0.18693286,-0.30348098,-0.091527656,-0.09596101,-0.16935351,-0.09121881,0.0014962555,-0.04340735,0.17357568,-0.23236553,0.18612656,-0.22117057,-0.08176978,0.042040624,0.21975747,0.23550291
TCGA-E9-A22A-01A,-0.028365735,0.13226897,0.27719814,0.15715282,-0.027304579,0.18336858,0.11134855,-0.049453113,-0.022674212,0.008412795,0.025327863,0.043760464,-0.27731225,0.271883,-0.0117024435,-0.22166389,0.044203047,0.2136874,0.07732035,0.036352128,0.19750984,0.01806402,-0.085175455,0.12768547,0.01140214,0.21269628,-0.18379678,0.0052265543,0.019218434,-0.051689595,0.118102096,0.1749244,-0.15630887,-0.24145608,-0.08269861,-0.26914066,-0.15106592,-0.025158854,-0.048309214,-0.2309876,-0.023383666,0.052127697,0.09325019,0.020294875,0.060994457,-0.24242724,-0.13902633,0.06628336,0.18491887,0.09594942
TCGA-E2-A1IJ-01A,-0.0024505064,0.098982014,0.22042234,0.23953876,0.029193364,0.049088124,0.06648523,-0.07728609,-0.0059047523,0.08584982,0.026227135,-0.05227635,-0.09325569,-0.0008339234,0.16321914,-0.07441231,0.23585194,0.1532847,-0.044172384,-0.18284522,0.06852593,-0.017045043,0.13312198,0.13710035,0.19929084,0.08068668,-0.2837507,-0.13421208,0.01676226,-0.19284508,0.10187104,0.0074171256,-0.0029683863,-0.22625554,-0.2633221,-0.14691222,-0.1587062,-0.049604803,-0.20671876,-0.113865875,0.006354262,-0.2270584,-0.06906716,-0.08505201,0.035479706,-0.084018625,-0.15590043,0.119376026,0.1935624,0.31112626
TCGA-BH-A1EU-01A,-0.08315385,0.07235398,0.22019199,0.31815493,-0.12769535,0.227534,0.10603768,0.052689042,0.029944384,-0.043431744,0.09505808,0.06537799,-0.16530879,0.18863104,0.08826145,-0.09402069,-0.03713171,0.16245861,-0.05706904,0.2046565,-0.042302147,-0.03304408,0.17712328,0.3661362,0.17436734,0.14228854,-0.109809,-0.035712894,-0.014440212,-0.028830793,0.24211013,0.08541987,-0.029946564,-0.3123441,-0.24233769,-0.19169986,-0.0999164,-0.112711705,-0.03567875,-0.11456794,-0.06415059,0.0110530155,0.05664924,-0.050274678,-0.118943006,-0.005265588,-0.114311635,0.024055665,0.08370242,0.11151141
TCGA-E2-A1LL-01A,-0.015600494,-0.040219136,0.2815832,0.15381268,-0.04859047,0.21142502,0.1481927,0.061578482,-0.059857268,0.04267858,-0.030245643,-0.037682757,-0.061345067,0.14230861,0.12072091,-0.2320148,0.016447429,0.15025437,-0.008255398,0.04101164,0.014238297,-0.034228407,-0.020549955,0.06861282,0.057053413,0.056000184,-0.29690915,-0.09213258,0.06788575,-0.13211636,0.11688011,0.04105251,-0.20159978,-0.38058293,-0.1458292,-0.3496391,-0.16653223,-0.20833796,-0.02687805,0.14065313,0.19812338,0.05677716,0.17352888,-0.055181347,-0.008482411,-0.089624405,-0.07641609,0.045582037,0.18398634,0.06725917
TCGA-E9-A1R6-01A,-0.046074167,0.09909003,0.17426065,0.21750312,-0.08286876,0.17892559,0.1690746,0.012321753,0.0015571045,0.053754326,-0.037474457,-0.23852281,-0.09924691,0.1806731,0.047630567,-0.18289562,0.120347306,0.16999924,-0.09354964,0.0346224,0.047638014,-0.06917597,0.11797343,0.0948983,-0.077318236,0.037293885,-0.2461479,-0.16249257,0.028701032,-0.015404824,0.09195098,0.05660187,-0.23049599,-0.25673148,-0.13479768,-0.4031185,-0.0122644,-0.118805714,-0.063418955,-0.09198167,-0.019450575,0.051312372,0.18970168,-0.03382221,-0.014768541,-0.047419645,-0.17881459,0.11822613,0.17513134,0.25937572
TCGA-LL-A5YM-01A,-0.12024259,0.08690112,0.17255382,0.17470615,-0.1314907,0.08474749,-0.015957188,-0.022472557,0.18283898,0.06642047,-0.05889764,-0.089724384,-0.019857857,0.06080698,-0.0028404123,-0.17252158,-0.02067462,0.37184113,-0.097317435,-0.016512811,0.16671893,0.11193523,0.0011749199,0.11323412,0.036635738,-0.047888912,-0.42959058,-0.058672078,-0.06416464,-0.09707604,0.14559521,-0.13508976,-0.121426694,-0.17854698,-0.24936107,-0.2458241,-0.1489454,-0.09937575,-0.13872801,-0.14906909,-0.02129206,0.013513365,0.19459254,-0.0875446,0.023238815,-0.09818,-0.11276817,0.056412835,0.11918126,0.18392311
TCGA-D8-A1JB-01A,-0.07040911,0.11148739,0.22586729,0.09826896,-0.16246262,0.12006736,0.14766914,0.14774093,-0.0068431133,0.10021732,0.016589677,-0.10086685,-0.059550453,0.040559568,0.13486011,-0.10525016,0.1270843,0.4054205,0.018691316,-0.12614155,-0.023943018,0.0752181,0.051617667,0.2519986,-0.004471504,0.1926408,-0.22666833,0.052605584,0.09145486,0.036799785,0.21643376,0.029947547,-0.22165224,-0.2109748,-0.023621138,-0.30076012,0.05049866,-0.0033538095,-0.07991042,-0.10464871,0.06402343,0.08125704,0.25089782,-0.034675106,0.14212988,-0.10490203,0.09772267,0.0140588395,0.10678406,0.18118319
TCGA-BH-A0B5-01A,0.08580431,0.1071811,0.3085716,0.18557075,-0.089479655,0.08944005,-0.024037268,-0.040639,0.08285528,0.073568165,-0.049872644,-0.07649074,-0.046912488,0.08581083,0.072971605,-0.090453245,0.03152719,0.21362367,0.14463064,0.13587877,0.0044226833,0.05664034,0.09588308,0.2085371,-0.031521548,0.2895788,-0.32195508,0.04435464,-0.21567738,-0.12996206,0.21918902,0.20502561,-0.10837434,-0.27784693,-0.18874075,-0.30234256,-0.020781446,-0.08843397,-0.0290349,0.0101742465,-0.09740962,0.04570288,0.039938435,-0.114338085,-0.043394808,-0.032426503,-0.13101216,0.019983545,0.07048141,0.16373661
TCGA-OL-A66K-01A,0.0592778,0.04023167,0.22525804,0.16911581,-0.040192366,0.12710153,0.029012838,0.10037804,0.144438,0.023191253,-0.011529056,-0.13467589,-0.08051634,0.0793879,0.10710369,-0.020314176,0.12409301,0.22665943,0.17763434,0.16596103,0.12763079,0.11125789,0.024059199,0.23193663,0.11939924,0.06635771,-0.26660615,0.012547739,-0.07244621,-0.21200421,0.113184646,0.13828889,-0.16858219,-0.3717614,-0.017261196,-0.23242724,-0.063785374,-0.096131556,-0.123400494,0.0131742535,0.008227693,0.082577065,0.19563788,0.11688966,-0.023293918,-0.2177761,-0.06283156,0.10252716,0.14037715,0.22571176
TCGA-AC-A23E-01A,0.004817893,-0.0005348164,0.15101388,0.31262603,-0.044724967,0.30307418,0.06364277,0.09363514,0.02589547,-0.018742956,0.07478644,0.009264352,-0.062279023,0.19095787,0.19779721,-0.038187407,-0.052676525,0.17435984,0.0858893,0.04743115,-0.04512517,0.16287252,-0.06324177,0.28293282,0.067425735,0.21319601,-0.08943921,-0.069707975,-0.07030182,-0.2450429,0.10349884,0.0874861,-0.19775186,-0.27770638,-0.01817126,-0.315956,-0.050900687,0.022677774,-0.047771323,0.05566529,0.0030087044,0.018170275,0.21148671,0.020224525,-0.100596435,-0.14086747,-0.14450537,0.096851826,0.19737323,0.11824375
TCGA-AR-A0TZ-01A,-0.03309211,-0.023585094,0.15953884,0.24082203,-0.11454049,0.21540429,0.15537228,0.033784375,-0.017247522,-0.027041076,-0.04367126,-0.041488573,-0.0760623,0.14084382,0.042217877,-0.082159385,-0.058745295,0.26628712,-0.034129404,-0.02202887,-0.054667637,0.022947874,0.11372607,0.09345824,-0.03994371,0.11830295,-0.34131038,-0.12965433,-0.13336472,-0.00030117828,0.045388713,0.03655377,-0.1628023,-0.30472356,-0.034998156,-0.29172653,-0.049227137,-0.11465609,-0.20838544,-0.20461498,-0.07741642,-0.064065516,0.20681338,-0.27650937,-0.018889803,-0.0757858,-0.08921074,0.10317753,0.19464454,0.14679615
TCGA-AO-A0JM-01A,0.020842545,0.15186116,0.3763585,0.16520026,-0.14152989,0.10278673,0.13267247,-0.1525091,0.12516136,0.10292212,0.07074096,-0.019496923,-0.07031505,0.1003706,0.15757254,-0.21513744,0.10882072,0.2547489,0.026905749,-0.054682426,-0.051154025,0.0052328175,-0.12608387,0.16589783,-0.058635134,0.045402292,-0.1988959,-0.055541392,0.075195014,-0.103253566,0.042345468,0.20365994,-0.1405596,-0.2152116,-0.047004905,-0.26570383,-0.1086959,-0.08278984,-0.1313959,-0.009113838,-0.23849094,0.015826782,0.23814455,-0.09057519,-0.060592692,-0.17108588,-0.13307437,-0.0017165319,0.01986245,0.18999521
TCGA-A2-A1G0-01A,-0.010486045,0.039964672,0.36399534,0.07496211,-0.04215588,0.16864043,0.079692654,-0.12431202,-0.04912722,-0.013395945,-0.06426756,-0.09967881,-0.04668818,0.09630213,0.01986934,0.2728422,0.2434455,0.25645646,-0.085053496,-0.00035340976,0.025559831,-0.059527744,-0.09562368,0.20803162,-0.07864532,0.19544376,-0.23390122,-0.14342658,-0.031762946,-0.054150846,0.14814846,-0.01867893,-0.14940809,-0.19086625,-0.22879457,-0.2823042,-0.12499301,0.020230541,-0.13143876,-0.036781766,-0.0008942473,0.09002203,0.18340129,-0.09559883,-0.12635228,-0.18969825,0.034483977,0.03608865,0.13221985,0.14885655
TCGA-OL-A97C-01A,0.071836255,-0.0051784213,0.22368345,0.24477875,-0.14910649,0.07950423,0.054161992,-0.0720414,-0.081326105,-0.06715442,0.05582,-0.08229126,-0.0053236797,0.09030322,0.102792285,0.032637294,0.22203705,0.3697675,0.19332317,0.0690007,0.011887966,-0.01643263,0.08316661,0.19884147,0.03957956,0.05208112,-0.25811505,-0.11940588,-0.14065814,-0.20025626,0.051136486,0.15667744,-0.24632788,-0.24217479,-0.08285916,-0.20695141,-0.09744049,-0.090638734,-0.024810812,-0.13277575,-0.08647003,0.032664467,0.20047294,-0.012364941,0.078972034,-0.12740046,-0.19982491,-0.039201744,0.10163798,0.17886534
TCGA-AR-A2LO-01A,0.084083304,0.0003010114,0.2514118,0.34388798,-0.061914183,0.22219111,0.04101671,0.21057439,-0.06351769,0.1533723,0.032899704,-0.043595888,-0.042597655,0.10666983,0.07707191,-0.08175032,0.109689265,0.11785806,-0.09701707,-0.042321403,-0.11200029,-0.06921726,-0.07106245,0.21025954,-0.056949604,0.13226144,-0.19289942,0.032242455,-0.033655126,0.12368262,0.13018899,0.11635011,-0.13767374,-0.28718066,-0.21598138,-0.30313852,-0.229563,0.038054846,-0.0017204982,-0.26359865,0.067502916,0.064914584,0.077539645,-0.02242684,0.12788758,-0.07056285,-0.09483775,0.025584666,0.02424099,0.18920562
TCGA-A8-A0A6-01A,-0.03392271,0.016709676,0.18461902,0.2816929,-0.19393086,0.14039767,-0.03311847,-0.05582842,-0.0014276141,0.070214525,0.014412601,-0.035554875,-0.09626538,0.17365085,0.28330666,-0.052698176,0.13578138,0.2065425,-0.06573728,-0.05517721,0.01367571,0.042386796,0.16990937,0.19987816,-0.094124116,0.090873145,-0.08946807,-0.23070836,-0.0062220376,-0.3144951,0.040993348,-0.061857127,-0.10909741,-0.260978,-0.13904537,-0.17387414,-0.097960606,-0.053433146,-0.15753697,-0.053765833,0.044918798,0.15786476,0.11924681,-0.13837636,-0.20563036,-0.06849381,-0.021985224,0.11784837,0.18510902,0.21682122
TCGA-LL-A6FR-01A,0.06324916,-0.029632166,0.09462846,0.045359757,0.052327286,0.17501044,0.049718775,0.028192513,0.14948599,0.061750676,-0.017371286,-0.0618755,0.00040743648,0.20342253,0.041860968,-0.07623104,0.17699017,0.26437882,-0.028619833,-0.056579325,-0.08609117,-0.038023345,-0.07680064,0.30961794,-0.08552549,0.10355777,-0.080806784,-0.20862448,0.0013890133,-0.09520849,0.01337805,0.1323298,-0.18013756,-0.3650628,-0.12798531,-0.35224244,-0.30415642,-0.079899736,-0.1246437,-0.059403192,-0.05467966,0.07530012,0.05654252,-0.19508903,-0.09754693,-0.065179326,-0.1997162,-0.029185114,0.16614905,0.037037108
TCGA-E2-A1L8-01A,0.083553754,-0.12347825,0.3679807,0.11889197,-0.09729471,0.111556195,0.033924833,0.04132615,0.07189552,-0.13589902,-0.03693113,-0.0791618,0.022200642,0.14966443,0.15684001,0.014521284,0.105999045,0.18942347,-0.080137536,-0.108818345,-0.038259596,0.0917424,-0.079167396,0.18019944,0.052535035,0.23465051,-0.07691652,-0.12200149,0.018034691,-0.23912999,0.042495586,0.030082433,-0.2528792,-0.34972483,-0.2485604,-0.16471182,-0.10878577,0.041329697,-0.11693753,-0.012036632,0.15409808,-0.053616658,0.11308907,0.0137703875,-0.1557324,-0.24006537,-0.043984182,0.06911751,0.050935782,0.19577251
TCGA-AN-A0XN-01A,-0.0789378,-0.12250757,0.22699755,0.27070174,-0.033511072,0.20749395,0.096250206,-0.04510404,0.054312576,0.13642989,0.067162305,-0.01711002,-0.07942005,0.14573002,0.19581947,-0.08753676,0.15657786,0.31339478,-0.0691638,-0.055418763,-0.003184655,-0.10668003,0.067068964,0.19666186,-0.065075144,-0.01412121,-0.22345528,-0.011196062,-0.070087925,-0.13373329,0.049863383,0.093575075,-0.052857395,-0.30441603,-0.18920171,-0.21954077,-0.09137128,-0.039854534,-0.079101875,-0.012316538,-0.028360195,0.089797296,0.2871943,0.123227194,-0.18126373,-0.09781336,-0.03581036,-0.0027325104,0.27071226,0.07441877
TCGA-D8-A1JP-01A,-0.013173583,0.041116975,0.2981486,0.21866074,-0.08800696,0.19919609,-0.07762481,-0.018853167,-0.018125255,-0.009179243,-0.19395527,-0.071394764,-0.060350932,0.11131822,0.24722064,-0.13484636,0.039239865,0.2689225,-0.07648922,-0.042655636,0.10339561,-0.022835921,0.11788118,0.14281096,-0.03476242,0.11660571,-0.29351848,-0.020684527,-0.14156738,-0.1261459,-0.005812353,0.12705232,-0.20071052,-0.28865552,-0.14112258,-0.23783621,-0.09064172,-0.033881824,-0.15835416,-0.11226893,-0.0717917,-0.02595621,0.10190492,-0.16922091,-0.00079515885,-0.022871763,-0.005771334,0.12364409,0.23625974,0.15801337
TCGA-E9-A1NG-01A,0.07967716,-0.011188949,0.26933342,0.27350873,0.041270483,0.13370433,0.056213986,0.086255334,0.01465112,0.13301927,0.08020594,-0.14137371,0.0031623614,0.17258652,0.06361578,0.034266837,0.070209906,0.17878182,-0.11174619,-0.22512983,-0.07773956,0.11927612,-0.14685345,0.15687355,-0.027496636,0.11311392,-0.34029967,-0.074417405,-0.15884537,-0.13301301,-0.046792742,0.06344921,-0.11864726,-0.22440062,-0.06475012,-0.22022413,-0.08151151,-0.10209896,-0.23165812,-0.07849687,0.12180598,0.009568879,0.18218513,-0.12897618,0.019408764,-0.16720125,-0.094942205,0.22202131,0.12773694,0.1561441
TCGA-A2-A0T5-01A,-0.05188501,0.15263018,0.21155828,0.3073044,-0.11034582,0.19475809,0.021390053,0.013707318,0.055070695,-0.026158039,0.047781676,-0.04434122,-0.14119524,0.22437295,0.24005228,-0.0002007222,0.058106843,0.12977563,-0.16032495,-0.04389061,0.13058053,-0.054661345,-0.012836539,0.0069269347,0.09397585,0.007096293,-0.35158697,0.028669087,0.017982684,-0.2287465,-0.009333787,0.025079096,-0.23965219,-0.24746463,-0.15726037,-0.31205967,-0.08640368,-0.00046727448,-0.19137369,-0.074139185,0.027459782,0.056569334,-0.06329795,-0.19125934,0.08850326,-0.08204633,-0.021942941,0.033659037,0.13772483,0.15282622
TCGA-E2-A1LK-01A,0.13796486,0.070500776,0.3414385,0.056826904,-0.012535699,0.17101803,0.051131688,0.068055175,0.077835254,0.02878469,0.1407406,-0.061268944,-0.010107168,0.08645732,0.12814058,-0.25668752,0.074456416,0.20234679,-0.069214724,0.16001198,-0.065976046,-0.09527538,-0.124577984,0.25310177,0.0038716262,0.011501952,-0.25796336,-0.08276552,0.10408146,-0.114212334,0.11609802,0.047724593,-0.15818752,-0.2984235,-0.13253842,-0.14981703,-0.16465978,-0.09959632,-0.18676934,-0.014254908,-0.0050845863,-0.053701192,0.1048212,-0.09634232,-0.03953064,-0.12852782,-0.20583022,0.24853416,0.11263157,0.17843828
TCGA-A2-A0YL-01A,-0.1232741,0.03990344,0.26778078,0.07181384,0.020290647,0.28270537,0.085113384,0.0040287175,-0.04153915,-0.08833292,-0.023088444,-0.0066220327,-0.19228077,0.2338226,0.021588877,-0.026880868,0.13490377,0.16478209,0.14276424,-0.07045724,0.08758206,0.05616365,-0.06823567,0.15618536,0.07917139,0.27850574,-0.21252918,-0.12666036,-0.09835166,-0.09728799,-0.113153905,-0.021244677,-0.19648634,-0.3088088,-0.0870297,-0.3374868,-0.12016722,-0.073474795,-0.0031780945,-0.10334476,-0.007586123,0.020542758,0.0588838,-0.18737124,0.023231143,-0.0506265,-0.19743814,0.118047275,0.19064076,0.102050684
TCGA-E9-A229-01A,-0.0088038,0.022607844,0.143521,0.14900307,-0.081778534,0.1127173,0.11027229,0.010490507,0.014221212,-0.042360064,-0.017972255,0.04542253,-0.10569527,0.20793334,-0.024371332,0.044040963,0.02175103,0.3204611,0.051063105,-0.000348286,0.037128817,-0.017349862,0.042047683,0.1646577,0.0696722,0.18852374,-0.3112589,-0.12807472,0.0056869397,0.023870688,0.032169234,0.019857822,-0.23569193,-0.27209878,-0.10989887,-0.3069642,-0.12515073,-0.13416801,-0.032975726,-0.1355113,0.010171427,-0.001981403,0.049189333,-0.3130629,-0.15153332,-0.25945213,0.14292553,0.18022262,0.023260323,0.19572106
TCGA-BH-A0W3-01A,0.11428869,0.008458181,0.17187603,0.28954288,0.02856738,0.2506746,-0.08192814,-0.06648928,0.031788073,0.009252162,-0.10403945,-0.055824604,-0.10693641,0.10874675,0.2323774,-0.04515264,-0.039507836,0.25731495,-0.0008523393,-0.055357814,0.038669772,-0.05882834,-0.022200929,0.25449035,-0.0044692834,0.06588903,-0.2129217,0.12604925,-0.07826869,-0.13519812,-0.058291372,0.23102508,-0.32673624,-0.24803825,-0.09037796,-0.3045311,0.088364676,-0.043861963,0.019573811,-0.017392382,0.13015553,0.10699426,0.038957812,-0.082800135,-0.113562085,-0.07725159,-0.02373629,-0.022437274,0.17748101,0.22081317
TCGA-AO-A0JD-01A,-0.02473292,0.004517938,0.081264935,0.25823876,-0.10181147,0.20487992,0.026274087,-0.1834183,0.09542137,-0.08426746,-0.064064845,0.091273196,-0.015184966,0.061324235,0.18643476,-0.044740852,0.22643454,0.31802288,-0.08534827,0.026653139,-0.027915487,0.16316265,0.040773336,0.2092519,-0.07081698,0.02523073,-0.36737224,-0.02139129,-0.124234915,-0.09838001,0.06605858,0.0975939,-0.1674082,-0.3182775,-0.09487359,-0.33882597,-0.14782007,-0.042663176,-0.011085155,-0.07252193,0.0052219876,0.00546523,0.105693296,-0.037811596,0.15440322,-0.1437567,-0.07232321,0.05894721,-0.048054602,0.0794936
TCGA-AC-A7VC-01A,-0.042970948,0.08322242,0.20471132,0.23205784,-0.025135465,0.20087387,0.028929595,-0.034022424,0.071535386,0.071185686,-0.00930576,-0.07469224,-0.052300006,0.18638258,0.14628999,-0.054197226,0.034350302,0.38136396,-0.06573036,-0.04965753,0.028938806,0.013496063,-0.10507848,0.087707944,0.101856545,0.16576135,-0.042999607,-0.14766933,-0.20739831,-0.039627504,0.0051746224,0.11092362,-0.27575603,-0.2885939,-0.16365635,-0.18383062,-0.17049117,-0.14495733,-0.052411877,-0.13228378,0.087765865,-0.032762717,0.16087657,-0.048598602,0.0021158752,-0.17575216,-0.15969044,0.12953195,0.25027764,0.14208795
TCGA-EW-A1IY-01A,-0.14937769,0.0006251447,0.17880094,0.16819394,-0.039543398,0.022789974,-0.08290375,-0.25998083,-0.026537202,-0.17386608,0.05969454,-0.15622306,-0.06418148,0.16626371,0.19268915,-0.088851035,0.111433715,0.08502505,0.054160893,-0.08949028,-0.02208075,-0.07450906,0.124920994,0.30120423,0.13722685,0.30111346,-0.38691786,-0.10445032,-0.11037131,-0.1365197,0.09730762,0.040289756,-0.03268609,-0.24606828,-0.104695894,-0.100799225,-0.078861445,-0.015480403,-0.10358159,-0.013476664,-0.038990453,0.074637175,0.18391788,-0.033443764,0.08007123,-0.15229416,-0.16209324,0.07239268,0.1625022,0.14330383
