,0,1,2,3,4,5,6,7,8,9,10,11,12,13,14,15,16,17,18,19,20,21,22,23,24,25,26,27,28,29,30,31,32,33,34,35,36,37,38,39,40,41,42,43,44,45,46,47,48,49,50,51,52,53,54,55,56,57,58,59,60,61,62,63,64,65,66,67,68,69,70,71,72,73,74,75,76,77,78,79,80,81,82,83,84,85,86,87,88,89,90,91,92,93,94,95,96,97,98,99
TCGA-OL-A5RZ-01A,-0.06382924,-0.081935704,0.22216383,0.017017582,-0.066860214,-0.0033516942,-0.1052564,-0.08178333,0.013070058,-0.01154537,-0.03293804,0.03144618,-0.047395248,0.22245583,0.07818995,-0.053122647,0.017361248,0.09672604,0.016204258,-0.21353379,-0.026804661,-0.06329961,-0.09523718,0.034887325,-0.12618294,-0.0213094,-0.2861531,-0.04867036,-0.0025362347,-0.012924635,-0.041537806,0.06920459,-0.019918408,-0.1600198,-0.13062328,-0.10078773,-0.03572496,-0.1084177,0.09246229,-0.046014264,0.09485025,0.05014346,0.18761624,-0.1498183,-0.1385169,-0.03786115,0.057047058,-0.08064706,0.0035940586,0.14849529,0.23199037,-0.008785292,0.024992011,0.011301569,0.031575672,0.06330896,0.026851937,0.003840319,-0.05192102,0.06335656,-0.041902885,-0.008272206,0.0045814766,0.12125673,-0.12623979,-0.098942764,0.14151281,0.05781142,-0.041918732,-0.057969097,-0.1807981,0.0008607702,-0.06371902,-0.32241637,0.11172828,0.006978507,-0.060421795,0.18397635,0.14643814,-0.042328496,0.017897818,-0.06023916,-0.026435966,0.08117995,0.096989535,-0.076133415,0.011518918,0.12945692,0.033327077,-0.036479026,0.0493122,-0.026420034,0.2043547,0.078470014,0.12504444,-0.0017676181,-0.06780161,-0.035546172,-0.02921853,-0.08307621
TCGA-AR-A1AR-01A,0.042417936,-0.057056274,0.070005916,0.048049994,-0.06478197,0.09895711,0.1456641,0.0019482585,-0.11128401,0.15802126,0.024942223,0.031658676,-0.048324466,0.28509876,0.12449279,-0.03461724,-0.2301645,0.09251974,0.051988896,-0.093569495,-0.051561564,0.023683717,-0.10082843,0.078761935,-0.0759074,-0.12847069,-0.20611213,0.010749963,0.011234659,-0.05577393,-0.054637764,0.105255045,0.0051245573,-0.1735275,-0.13177273,-0.14174925,-0.07428724,-0.1180664,-0.021393836,-0.07843033,-0.15371607,0.07830107,0.1381559,-0.008528097,-0.030717783,-0.1609017,0.04270465,0.026450815,0.04699696,0.16404548,0.025050255,0.031968545,-0.008736775,0.13658096,-0.023082139,0.1166977,0.030493852,-0.010950647,-0.0692882,-0.00027643333,2.6630545e-05,-0.046671744,-0.030782184,0.08378131,-0.19237317,-0.0070028286,0.21538943,0.034961373,-0.06707447,0.06965437,-0.17760195,0.09078278,-0.022533882,-0.17943466,0.036705393,0.036356885,0.043092247,-0.04038695,0.26015073,-0.073583774,0.039377145,-0.026520226,0.04181071,0.038413223,-0.060522866,-0.0322628,-0.1314586,0.060292576,0.16942808,-0.029732918,0.054847866,-0.09672505,0.09621541,0.088106826,0.121230386,-0.030826144,0.050962776,-0.05968886,0.050464574,-0.16343902
TCGA-BH-A8FZ-01A,0.031751942,-0.16987734,0.18245482,0.0053493814,-0.033814833,0.008464453,-0.11454733,0.034244582,-0.08602139,0.13760729,0.040363498,-0.014517195,-0.050884344,0.29237083,0.23549666,-0.005119553,-0.025975691,-0.04127697,0.09627356,-0.20458558,0.025247823,-0.1398553,-0.16088434,0.16015671,-0.025737988,-0.011144342,-0.05375973,-0.07861266,0.10043857,-0.054506168,-0.055844516,-0.09916378,0.03487555,-0.10590357,0.010742649,-0.21601036,-0.02085448,-0.0034512046,0.012202485,-0.09484393,-0.069492035,0.1461403,0.032775987,-0.0964675,-0.027372235,-0.017927414,0.061901234,0.0905644,0.1581635,0.14093257,0.012835101,0.019438017,0.12589192,0.01795699,-0.02684975,0.046159226,-0.011253494,0.06282187,-0.08165376,0.008987438,0.115288064,0.02473208,-0.09351497,0.19374047,-0.038120463,-0.10554286,0.15065654,0.0036553512,-0.098631814,-0.06816681,-0.22246394,0.01920692,0.121529125,-0.17329386,0.1421342,-0.03704658,-0.07717252,0.0050792107,0.1697812,-0.09545212,0.08710586,-0.02874649,0.00040933967,0.05220891,-0.031766314,-0.09655057,0.04118848,0.08015961,0.12231232,-0.03609753,-0.07784983,-0.0839156,0.0643087,0.031176383,0.090269566,-0.14756759,-0.023563841,-0.10260717,-0.087017804,-0.10991386
TCGA-E2-A1B0-01A,-0.0080695655,0.10276195,0.0016469914,0.14335756,0.04092098,0.2324011,-0.045730602,-0.041901324,0.0037614126,0.11175481,-0.027528508,0.07656382,-0.046785697,0.14615849,0.14961885,-0.039960895,0.0397406,0.16599645,0.036410697,-0.12224443,-0.062900454,-0.022592694,0.016945964,0.038050875,-0.083429895,-0.076832615,-0.309366,-0.11136455,-0.057908546,-0.029520093,0.031601634,0.0021644633,-0.06847076,-0.12771045,-0.14680699,-0.13251512,-0.058712523,0.019644987,-0.092365816,-0.061806306,-0.12649855,0.10376345,0.15878582,-0.09174727,-0.05213568,-0.06864606,0.050151523,0.022784958,0.027364466,0.029115679,-0.028706757,-0.043740522,0.07070745,0.09977912,-0.08136435,-0.11145006,0.096108735,0.113191634,-0.19547182,-0.007693433,0.055506516,-0.07489862,-0.05899721,0.07019122,-0.14969705,0.01979895,0.116870545,-0.0781959,-0.109604,-0.102168895,-0.17309053,0.12118225,0.030070664,-0.15468055,0.19553505,0.04291462,0.008664738,0.08943778,0.11595053,0.01946718,0.070714094,0.029024221,0.07284055,0.069674306,0.0046059075,-0.21468137,-0.006023006,0.012723547,0.17895177,-0.0970422,0.05867635,-0.052690532,0.067006744,0.011632837,0.22153094,-0.0728623,-0.12664059,0.11402461,0.038624518,-0.07701903
TCGA-AN-A0XU-01A,0.10883534,-0.13521981,0.10108061,0.063803546,-0.032332957,-0.030951088,0.019252006,0.10578776,-0.057135433,0.1418299,-0.050082307,0.05489497,0.0952165,0.20523894,0.20542914,-0.029710434,0.04901717,0.055826288,0.020036114,-0.044951268,0.009768066,-0.06558146,-0.010678388,0.028209075,-0.038742054,-0.02099431,-0.1670701,0.01285053,-0.020752918,0.064839885,-0.13433976,0.023817707,-0.12938473,-0.11521945,-0.108205885,0.082164444,-0.028705472,-0.05379348,-0.031786412,-0.18231922,0.0052400394,0.17989373,0.11257096,-0.15518203,-0.13140433,-0.041245904,0.09733214,0.0845507,0.0781148,0.15189025,0.1294609,0.028710337,0.07273548,0.16334681,-0.06679118,-0.012610784,0.1548016,0.040814936,-0.13859802,-0.081729695,0.0910297,-0.07372293,-0.1593817,0.027953172,-0.10362335,-0.09431501,0.10566078,-0.07758884,-0.19738455,-0.07454683,-0.20458838,0.055664875,-0.063749515,-0.094759315,0.017303249,-0.035257675,-0.011991725,0.013146445,0.20707406,0.12748444,0.034427047,-0.020276986,-0.04645541,0.086468756,0.0032986316,-0.098635875,-0.042057384,0.1527809,0.14302498,-0.008869702,0.22017431,-0.08673858,0.12266711,0.025888937,0.115424514,-0.015691118,0.07293549,-0.0066939327,0.1415357,-0.09354251
TCGA-D8-A27G-01A,0.04799597,-0.07746331,0.016082356,-0.034958333,-0.044140626,0.031580023,0.020626869,0.09167649,-0.082826905,-0.045521375,0.039715596,0.05811235,0.092926845,0.10462584,0.13742098,-0.08413992,0.17600301,0.05005906,0.02660357,-0.19208133,-0.06645357,-0.0009914662,-0.055491425,0.092147,-0.04598388,-0.0016859679,-0.028141333,-0.07929016,-0.022178818,-0.11861444,-0.16640863,-0.008381394,-0.09994383,-0.23437838,-0.13519774,-0.11408394,-0.14647236,-0.16679135,0.02393123,-0.009755011,-0.06886941,0.10968879,0.19895604,-0.12890762,0.039602708,-0.036048003,0.13847886,0.1570825,0.04125031,0.077594936,0.039710186,0.07074064,-0.028646454,0.10868983,-0.021888701,-0.012141021,-0.05283423,-0.013980954,-0.12756144,-0.01918666,0.028841935,0.06277915,0.07796746,0.14704633,-0.03375431,-0.13547494,0.20353077,-0.024441529,-0.0211774,0.028928189,-0.19265254,-0.049621373,-0.019117258,-0.3443655,0.08659353,0.021295255,-0.01391496,0.09626712,0.10323831,0.03699621,0.02856178,-0.12633158,0.03601358,0.09425881,0.051324088,0.016774077,0.0071999584,0.090997316,0.2005772,-0.13439165,-0.02397642,-0.011062066,0.1674797,0.1078363,0.086605005,-0.027056903,-0.14414425,-0.004846107,0.09003239,-0.10056626
TCGA-D8-A27L-01A,0.02958989,-0.11385768,0.21071805,0.119224355,-0.084080994,0.090403005,-0.030993572,0.057359926,-0.03829572,0.06604014,-0.13380802,0.0058040307,-0.060010027,0.18516284,0.1330995,-0.034106877,-0.017389018,-0.04199301,-0.045071527,-0.1725755,-0.09830762,-0.03135138,-0.083156444,-0.009201648,0.05146801,-0.009342667,-0.16295995,0.06608699,0.004998417,-0.14789617,-0.06282708,-0.005328148,-0.19403093,-0.12139951,-0.033004183,-0.080536574,-0.06462707,0.006894414,0.0011701579,0.007843257,-0.07685584,0.029961472,0.24019003,-0.18471782,-0.024204703,0.11223926,-0.0035329857,-0.058978744,0.14823881,0.22099888,-0.055930268,0.0793207,0.12723565,0.024752088,-0.044748574,0.076899506,0.053336028,0.055807523,0.0028569459,0.07310327,0.018267453,0.04448418,-0.122046724,0.19315282,-0.03104946,-0.012170233,0.06905433,0.06365248,-0.040162228,0.018918736,-0.22513811,0.07062894,-0.095782,-0.2513006,0.2027689,-0.015024799,0.015228887,-0.03741688,0.161724,-0.0350043,0.1636099,-0.067717075,-0.020990828,0.055931143,0.039484847,-0.16290155,-0.017462937,-0.0021929708,0.09811119,0.050378844,-0.036783345,-0.048156403,0.15801248,0.022824677,0.108327344,-0.06456327,0.08323402,-0.15131858,0.054958895,-0.04980242
TCGA-C8-A26Y-01A,0.035649564,-0.011050877,0.19233575,-0.022437805,-0.039656542,-0.015958244,0.030823234,0.042078424,0.05839525,0.21435176,-0.026102321,-0.066661194,-0.0470715,0.13915071,0.16346085,-0.031300474,-0.0173199,0.055440005,0.027076751,-0.07216142,-0.113821454,-0.16475107,-0.013921697,0.16670907,-0.006044226,-0.016289532,-0.2653413,-0.09226505,0.021149913,-0.09203441,-0.06939811,0.053016227,-0.21286425,-0.19618429,-0.12722683,-0.1399525,0.077203535,-0.06814216,0.016509643,0.077448696,0.0065076137,0.09156691,0.07215928,-0.07539802,-0.0873449,0.081244595,0.039710093,-0.030179221,0.13964462,0.23261559,0.1287432,-0.0027982756,0.08390931,0.12357395,-0.07173602,-0.07310138,0.117280334,-0.015153865,-0.1311882,0.001014043,0.038690235,-0.11840637,-0.007229786,0.08237191,-0.15006258,-0.1273793,0.122428685,0.05872628,-0.06317897,-0.058031775,-0.06350277,0.089644514,0.0026572861,-0.17862345,0.07871216,0.014154334,0.028880144,0.029950587,0.15090157,-0.023536904,0.09852746,-0.098706074,-0.06254946,-0.009308096,-0.004225159,-0.1657898,-0.024669295,0.14270042,0.18023747,-0.022695215,0.090304926,-0.030126642,0.10900724,-0.03248291,0.17949152,0.03435351,-0.1321252,-0.030608764,-0.09540405,-0.053068627
TCGA-3C-AAAU-01A,-2.371621e-05,-0.08560494,0.092189915,-0.046019822,0.051246576,0.076946124,-0.04129358,0.07979055,-0.11696683,0.03253118,-0.025367612,-0.105328485,-0.036679175,0.19676018,-0.011248088,-0.028075656,-0.029772518,0.05611947,-0.026649334,-0.0022991323,-0.08803712,-0.11207555,-0.032761462,0.14795046,-0.042691972,-0.08260624,-0.21368232,-0.10897546,0.007580928,-0.155183,-0.14234543,0.058299668,-0.15225573,-0.2592574,-0.10734769,-0.1454387,-0.0047945315,0.044741724,-0.09198451,0.08469261,0.042816307,0.05808741,0.32294226,-0.09455401,0.07107657,0.108897775,-0.03743716,0.019966647,-0.0018327492,0.1562913,0.14188482,0.0057383375,-0.012715776,0.051139712,0.059226204,0.006083347,0.09589742,-0.09807343,-0.036819346,-0.03662936,0.060102966,0.06142439,-0.081967965,0.12181303,0.056212053,-0.036653697,0.10797747,-0.04621473,-0.10438345,-0.0236439,-0.22539897,0.0797133,-0.054401856,-0.20829734,-0.053785324,-0.016568644,-0.18156153,-0.017182238,0.110051185,-0.004951367,0.02608427,-0.14363514,0.015648201,0.095532775,-0.080941066,-0.041057203,-0.04833371,0.21513562,0.031166516,-0.08278315,0.05458682,-0.081474245,0.14961842,0.10220134,0.06937168,-0.13605319,-0.03261375,-0.06538822,0.07674859,-0.050370336
TCGA-A2-A0CT-01A,-0.09449418,-0.09121856,0.17778322,0.043331802,0.055310648,0.020114293,-0.16151586,0.03340479,-0.05054046,0.16051745,0.06626931,-0.0056731207,0.070658274,0.24902034,0.017823229,-0.11429202,0.010274226,-0.022262074,-0.06715199,-0.2106026,-0.18186909,-0.064987436,-0.1215969,-0.06306021,-0.10709803,0.02251636,-0.16609871,-0.12754175,-0.009379399,-0.12014907,-0.15088019,0.08878245,-0.17672363,-0.14754456,-0.13791525,-0.07459109,-0.043657817,0.062352553,-0.08519439,-0.086862676,0.010543132,0.098849185,0.24804838,-0.14925747,-0.12669326,-0.03803816,0.1267023,0.038308658,0.115250774,0.05472181,0.030930089,0.0115923835,0.041648395,0.032905154,0.017629033,-0.07952479,0.06752555,0.06416104,-0.035289165,0.077935465,0.021034978,0.03287853,0.017115656,0.07346517,-0.005957564,-0.057852175,0.17482695,-0.0052663623,-0.05920296,0.008563555,-0.13063772,0.055081934,-0.05934444,-0.18741287,0.12928456,0.0030737482,-0.021676017,0.07041954,0.15242696,-0.028550183,-0.02234719,-0.06415689,-0.08558877,0.18357505,0.031535488,-0.09729834,-0.02353306,0.09101627,0.16455689,0.022873553,-0.0074891127,-0.07961761,0.13280608,0.036729407,0.11967731,-0.12617707,-0.05201981,-0.040136077,0.044039503,-0.15842265
TCGA-E9-A1RI-01A,0.00057965616,-0.11078169,0.04273357,0.18262471,-0.0006619725,0.029487653,-0.0973403,0.008449573,0.021134643,0.11626465,0.07584473,0.024652166,-0.031212846,0.17443885,0.31718215,-0.11975187,0.01934956,0.12972662,0.06108037,-0.15145622,-0.046059147,-0.05305387,-0.018775033,0.15618435,-0.059396796,-0.010023508,-0.22428338,-0.12395376,-0.0030608678,-0.08244972,-0.09272504,-0.010947719,-0.19401982,-0.18053842,-0.06293514,-0.08255727,-0.075401194,0.014712545,-0.13751683,0.02699997,-0.073938675,-0.009565717,0.08346937,-0.10954,0.08486107,-0.03036887,-0.070116654,-0.0005421636,0.08714593,0.1420208,0.15639201,0.07655913,-0.09538157,0.109944336,0.009733999,0.083104685,0.2071042,0.08674481,0.07051353,0.00944366,0.14183952,0.024629934,-0.093319945,0.0721899,-0.060586985,0.083188765,0.10771992,-0.010621303,-0.14643276,-0.03564329,-0.13025507,0.03566319,-0.06903494,-0.16291629,0.14094839,-0.070374385,0.044042923,0.029533114,0.2137586,0.002587394,-0.06085491,-0.10470068,-0.012158816,0.08638584,-0.01589936,0.01617881,0.03795558,0.104850985,0.123319775,-0.10011289,0.047146067,-0.027178895,0.07775713,-0.1258548,0.114041395,-0.09462363,-0.0007708223,-0.017295571,-0.073106855,-0.12556499
TCGA-E9-A1RG-01A,-0.0970267,-0.048210934,0.11667687,0.047966007,-0.03287306,0.030721031,-0.023296442,-0.045760132,-0.03309611,0.036669586,-0.03710615,-0.12120302,-0.011858422,0.20088743,0.12538482,-0.0485253,-0.016957542,0.093783386,-0.06781845,-0.13067162,-0.12872352,-0.031496245,-0.05922979,0.15412457,0.090952784,-0.146191,-0.28455862,-0.08971049,0.08916177,-0.10065538,-0.022752067,0.038316917,-0.010520397,-0.039019536,-0.06179933,-0.2466121,-0.13520075,0.021175202,-0.046742234,-0.10402818,0.012044904,0.11463281,0.1638101,-0.0638973,0.19088104,0.00271663,0.036768876,-0.023615122,0.029700603,0.035172116,0.167956,0.016867246,0.07127149,0.022535928,-0.029817201,0.012010115,0.11746504,0.036170945,-0.0018023,0.010116232,0.036116138,-0.10587541,-0.08202078,-0.0042775855,-0.031623956,-0.14006203,0.2558137,-0.071280666,-0.14690922,0.034705117,-0.18088365,0.043213096,-0.03746535,-0.20906715,0.14230865,0.05526313,-0.051241767,0.026201403,0.19986613,-0.17375118,-0.03964904,-0.18442316,-0.025060972,-0.019995501,0.0029344873,-0.07731935,-0.058895703,0.0015110653,0.12011178,-0.08030505,0.06894653,-0.13311946,0.15433612,0.0428146,0.05892162,-0.0124574015,0.03502075,-0.059474863,0.091345854,-0.042913556
TCGA-AR-A2LE-01A,-0.018021036,-0.10268084,0.06064772,0.11181177,-0.11598114,0.11846411,0.0077687795,-0.009190891,0.0406977,-0.014629992,0.012053244,0.027714271,-0.055129096,0.18189019,0.12867759,-0.06221147,0.08689506,0.07747187,0.052372474,-0.050254453,-0.01807101,-0.024128512,-0.003731622,0.070593916,-0.036739707,0.012041476,-0.18700477,-0.0842299,0.10675897,0.015016217,-0.07567795,0.073054634,-0.063983575,-0.15426002,-0.117616944,-0.16630521,-0.12821995,-0.062674366,-0.020190954,0.103301466,-0.15261066,0.13864121,0.103662364,-0.13072817,-0.04849959,-0.1375323,0.03616976,0.08686979,0.10942837,0.21189718,0.1652416,0.040051445,0.081593156,0.16530332,0.07648959,-0.011641252,0.12656522,0.050990522,-0.09897769,0.025510542,0.06035864,-0.03167406,-0.16020471,0.2992478,0.08190299,0.08328997,0.019533973,-0.054192286,-0.16035156,-0.013736018,-0.1371198,-0.011245569,-0.031512927,-0.20250203,0.14843272,0.11697177,-0.04631259,0.058258858,0.121627145,-0.0447296,-0.0095933275,-0.07016985,0.016245404,0.04443455,-0.055779383,-0.12871444,0.0342992,0.0836957,0.19487815,-0.07627937,0.032585274,-0.20985764,0.03177955,-0.10647594,0.09885972,-0.034519408,-0.035512023,0.028760437,0.08152852,-0.033673473
TCGA-E9-A22G-01A,0.008202997,-0.09325957,0.20555668,0.03705293,-0.11640596,0.06662531,-0.05434586,-0.018691825,-0.069726974,0.12122702,-0.08702235,0.07630821,0.056840938,0.2748224,0.115536496,0.031291757,-0.006134056,0.084433354,0.099186234,-0.23383124,-0.06685154,-0.09761385,-0.16922775,-0.0062411213,-0.075086005,-0.041282978,-0.10625069,-0.03984888,-0.13861102,-0.06093694,-0.044041675,0.018529806,-0.07615578,-0.27059472,-0.061064526,-0.117507525,0.014445602,-0.01949551,0.048150107,0.027553719,0.07648426,0.023245998,0.07755686,-0.024837987,-0.07789161,0.069607854,0.09314235,-0.03085281,0.047561098,0.1568545,0.037232805,0.09086635,0.0678547,0.10448739,0.031030614,-0.024102304,-0.10261541,0.05157574,-0.03079837,-0.07172432,0.1181503,0.014780614,-0.034609493,0.17037983,0.024437184,-0.012881142,0.17084698,-0.07050623,-0.10142827,0.01641459,-0.3065324,0.107115194,-0.0037993174,-0.13454752,0.09769983,0.007877124,0.092084795,0.07399472,0.12494045,0.037294086,-0.008818921,-0.12170749,0.075651355,-0.028988449,0.059529997,-0.15580821,0.026991807,0.15328707,0.20031402,0.031010227,0.10594024,-0.12289401,0.033504255,0.034029003,0.056204326,-0.111244515,-0.10715664,0.07732307,0.05924865,0.012154697
TCGA-BH-A0GY-01A,-0.19445449,-0.050181482,0.08361835,-0.069416046,0.037230372,0.07529295,-0.10732782,0.01587931,0.059558682,0.08836089,-0.05205123,-0.0051535023,-0.005945984,0.29402834,0.026389904,-0.012203585,0.006706191,-0.024926132,-0.07568111,-0.20882194,-0.07199378,-0.018413149,-0.1664587,-0.0572294,0.125391,-0.029017866,-0.17912734,-0.07001209,0.03197367,-0.049404155,-0.11330442,-0.009668447,-0.05617573,-0.16779663,-0.1462799,-0.08006081,-0.023719912,-0.098657146,-0.001159768,-0.03114472,-0.020812253,0.089355156,0.15903708,-0.11830668,-0.101258285,-0.010608648,0.039111633,-0.042110138,-0.033821832,0.14379272,0.046969168,0.0227208,0.062330604,0.04955924,-0.07007238,0.011968616,0.03719844,-0.10873917,-0.09905311,0.039580077,0.104305655,0.0015231796,-0.1090564,0.018423928,-0.08946323,-0.06159837,0.18485321,0.12025052,-0.11312236,0.043651808,-0.17328255,0.0016444636,-0.09025734,-0.201671,0.12671867,0.14641063,-0.08387345,-0.005153386,0.24371314,0.032548327,0.051564112,-0.058462467,-0.010751037,0.13147505,-0.119656645,-0.039279062,0.026922433,0.12612887,0.19380684,-0.0291475,0.082387425,-0.082547925,0.0726376,0.14592107,0.08376448,-0.13770778,-0.15045191,-0.026130926,0.06698668,-0.09179416
TCGA-AR-A24L-01A,0.09838889,-0.034772556,0.07540872,0.08909623,0.017113788,-0.042629622,0.072557256,-0.025933484,-0.036316223,0.07609069,-0.07058729,0.054756682,-0.04432052,0.24519487,0.012810806,-0.028121099,0.05337156,0.08451659,0.11962528,-0.12761153,-0.03962305,-0.04621495,-0.112567246,0.07691753,0.0040857764,0.019066278,-0.22997595,-0.06340379,0.046386622,-0.12262562,-0.05306328,-0.07602882,-0.13010691,-0.24335748,-0.08620436,-0.13122602,-0.14525089,-0.06738893,0.055501062,-0.006890015,-0.022661114,0.07677865,0.15045163,-0.095393896,0.053312257,-0.08546229,0.06486425,0.039972775,0.106460385,0.050348315,0.14949891,0.010576339,-0.07525056,0.075342454,0.073250346,0.103095986,-0.024294727,0.009694874,-0.048425794,0.043290984,-0.009987894,-0.10282904,-0.14297181,0.05784746,-0.014999485,-0.033428084,0.29620138,0.101176344,-0.13291994,-0.034286037,-0.03398406,-0.024291081,-0.09285531,-0.2671674,0.058851954,0.053227913,-0.053035233,-0.028463831,0.1301695,-0.019546947,0.025197813,-0.110331096,0.14653315,-0.021226127,-0.10284089,-0.09748041,0.0075664725,0.19031446,0.12565179,-0.17383987,0.061064567,-0.06497112,0.048006948,0.028252633,0.059334632,-0.14691576,-0.0988274,-0.17586908,-0.015719865,-0.12376291
TCGA-AC-A2FO-01A,-0.09574859,-0.10902532,0.033709068,0.16337982,0.007786568,0.039821398,0.08244531,0.010034658,-0.10519949,0.073207,-0.050706647,-0.043801073,0.10335031,0.050890792,0.122894794,-0.04874001,0.004282855,-0.0055519426,0.052677408,-0.18465872,0.08235145,0.025824644,-0.014881114,0.04233557,0.01110799,-0.11493153,-0.25645962,0.023559963,-0.034616295,-0.07190088,-0.18386786,0.18141037,-0.14512625,-0.104006395,-0.24867222,-0.11937241,-0.092346,-0.008375179,-0.08733803,0.029846387,0.0073719025,0.10003495,0.25662044,-0.024193427,-0.13692695,-0.080584735,0.0026863858,0.11462827,0.07445252,0.011829242,0.13069105,0.010127701,0.011955566,-0.01145125,0.10745618,0.10804837,0.03503069,0.10100633,-0.015536958,-0.028302856,0.011412991,0.054221127,-0.09532463,0.19304718,0.023066489,0.009569666,0.120341375,0.004330104,-0.14363699,-0.00406547,-0.20852049,0.070029646,0.0017944563,-0.18318795,0.17381817,0.10574257,0.036235873,-0.06097495,0.16847126,0.10383459,0.15369084,-0.11003501,0.04319137,0.07130995,-0.030315429,-0.07187028,-0.009620825,0.05094423,0.21839678,-0.07216846,0.020069517,0.0038738789,0.0766508,0.018710122,0.06798008,-0.09608339,-0.057337917,-0.10862843,-0.0073549137,-0.0155651895
TCGA-A7-A4SF-01A,-0.028005227,-0.065354615,0.14027439,-0.024214977,0.0035226373,0.0968764,0.022172105,0.04265273,-0.074467935,0.08633492,0.029634723,0.08833046,0.037952572,0.13329874,0.05447198,-0.05933216,0.060425658,0.072216734,-0.018726338,-0.010839645,-0.107472666,0.053499434,-0.16549166,0.081442736,-0.09780236,-0.12115527,-0.28403926,0.09736695,0.017657697,-0.03298408,0.00637735,-0.04775976,-0.11098137,-0.084997244,-0.022517934,-0.054217186,-0.06436983,-0.011802626,0.015858062,-0.025637474,0.010314698,0.109114505,0.20005748,-0.12670867,0.03497127,0.016244315,0.16178411,0.059137285,0.05089939,0.19817574,0.1343784,0.051127765,0.10208272,0.16617256,-0.0031662253,0.079601765,0.08934679,-0.01324396,-0.06695217,0.14626172,-0.04025058,0.019271906,-0.054343738,0.26011506,0.004003687,-0.07255877,0.24176899,0.0021630344,-0.12978126,-0.13997222,-0.048691064,0.08637005,-0.036668528,-0.17527053,0.24187884,0.0182419,0.0124025075,0.048457835,0.22030814,0.015604619,0.003911968,-0.13263343,0.044076335,0.107725926,-0.098972626,0.036232695,-0.025895434,0.063028365,0.17525275,0.0011807819,0.07031793,-0.105873935,0.16633216,0.07392823,0.003845085,0.055788357,0.011322119,-0.036238145,0.114857785,-0.04321482
TCGA-D8-A27P-01A,0.064258754,-0.16108583,0.1405649,-0.009516857,-0.05344646,-0.004117129,0.045759395,-0.067187496,-0.017481219,0.15790772,0.020836992,-0.09711091,0.05594279,0.1669508,0.12972139,-0.040503927,0.119297884,0.18050638,-0.07748318,-0.20010337,-0.03629553,-0.09598527,-0.14930297,0.15120386,-0.03389494,-0.119691074,-0.19201507,0.0616907,-0.0050936504,-0.024894409,-0.13784762,-0.008808472,-0.0014737475,-0.05859605,-0.19401537,-0.061325975,0.016922783,0.007354538,0.0012043453,0.011492805,0.08162889,0.030590858,0.19808082,-0.10180727,0.0827549,-0.033600688,0.11913049,-0.055017345,0.01872177,0.14597258,0.04081064,0.0099014575,0.104497,0.16679986,-0.018939262,0.07151429,0.06200544,0.1791155,0.08968352,-0.010638211,-0.0023712416,-0.016035505,-0.048533596,0.062098205,0.0057606115,-0.09325988,0.07697486,0.00676437,-0.16077147,-0.09674505,-0.28360263,-0.018599708,0.06467752,-0.2589903,0.055106282,-0.06540926,-0.09094153,0.017026922,0.17579202,-0.04608705,0.0072470414,-0.14275461,0.0020540848,0.023273202,0.10248086,0.00040942233,0.065753,0.08264905,0.20651457,-0.048781965,0.0049452456,-0.0121292705,0.070842,0.1294927,-0.011962456,-0.09626607,-0.068557136,-0.0813187,-0.026813278,-0.06151603
TCGA-BH-A0DG-01A,0.024737071,-0.05313185,0.06474049,0.17953601,0.09668104,0.11325488,0.020308489,0.1375546,-0.033737365,0.05265302,-0.00044481104,-0.02118387,0.033900473,0.20430647,0.13914935,0.10089991,-0.0133559825,0.16830894,-0.010949348,-0.050818294,-0.1895652,-0.058844384,-0.071741015,0.19216962,-0.092792,-0.00272477,-0.21585363,-0.121106796,0.037072275,-0.010912632,-0.11239246,0.09790655,-0.034079246,-0.19349115,-0.10583684,-0.16421133,-0.0636309,-0.017286237,0.005155729,-0.042282566,-0.12447491,0.19530445,0.078024924,0.020517698,0.060541138,-0.06745929,0.059506647,-0.013817953,0.1346719,0.09771999,0.025507122,0.026764095,-0.046577275,0.054468777,-0.037293635,0.1119668,0.18426898,-0.112995215,-0.08433164,0.10283967,-0.012126911,-0.058158167,0.069856726,-0.031156046,0.045566596,-0.05602431,0.23223238,-0.06425361,-0.07105165,-0.040751606,-0.1758257,0.13496022,0.038945112,-0.18914703,0.13966921,-0.06353322,0.018402383,0.059333116,0.112331204,0.011518048,0.034399837,-0.06721945,-0.035001416,0.05741401,0.10909956,-0.05897694,0.06169118,0.19630603,0.16210349,-0.023098132,-0.08016755,-0.015115082,0.18756175,0.1488935,-0.011173115,-0.01561865,-0.010694476,0.044470444,-0.019195603,0.02206041
TCGA-A2-A1FX-01A,-0.005496522,-0.21486244,0.14924388,0.02599857,0.08768487,-0.14770764,0.008422118,0.10880802,-0.091118135,0.18089034,0.04175548,-0.077000424,-0.06934667,0.17676643,0.06904677,0.0886875,0.006049683,0.055358063,0.0026506525,-0.12096177,0.027801666,-0.026092332,0.008189024,0.09339686,-0.03051705,-0.08685664,-0.10146956,-0.024794457,-0.0050626006,-0.102505244,-0.10043192,0.017963797,-0.07599841,-0.31424966,-0.025192218,-0.12144174,-0.11875423,-0.025971757,-0.013675702,-0.016761955,-0.06707679,0.04378781,0.00077325746,-0.038097776,0.076336056,-0.1793606,0.050246567,0.03801874,0.041652825,0.094617404,0.17373346,0.03474787,0.14199828,0.037298594,-0.09727354,0.071348794,0.2237801,-0.06275836,-0.025230618,0.016247189,-0.046055835,-0.18566975,-0.100987874,0.16439772,-0.07176294,-0.01670972,0.07239707,-0.066364065,-0.012069516,-0.0854315,-0.182936,-0.014846493,0.06930799,-0.28640094,0.15655538,-0.044771314,-0.028802438,0.04042289,0.24760675,-0.006555243,0.013953658,0.037260827,0.055649363,0.059012882,-0.06319963,-0.08214959,0.092700765,0.12854217,0.060654636,-0.038428172,0.038976036,-0.06738371,0.025873125,0.13660975,-0.01712131,-0.04703391,0.014301234,-0.066393115,0.018231919,-0.12823413
TCGA-OL-A97C-01A,0.03651144,-0.0050703944,0.050055817,0.1220173,0.0752889,0.23709695,-0.04357003,0.101280436,-0.09054965,-0.02042375,0.08655456,0.08482153,0.07238833,0.1746431,0.08525922,-0.015187153,-0.15259531,-0.030406963,0.1035856,-0.066480696,-0.03589944,-0.04866928,0.005370465,0.07738295,0.020551942,-0.07565802,-0.12961258,-0.066271015,-0.012002503,-0.05563435,-0.026439507,-0.008263398,-0.03034589,-0.16949484,-0.02538269,-0.09551773,-0.105028264,-0.062297925,-0.022133503,0.03170317,0.11203151,0.12366429,0.17845322,-0.10088742,-0.035056423,-0.02771229,0.019798517,0.15613972,0.043589905,0.09811313,0.1098436,0.010793727,0.044733837,0.12275165,0.067782134,-0.090380594,0.1732026,-0.05078581,0.056952417,-0.02285144,0.023548925,0.06400808,-0.21270424,0.19069369,0.07118206,0.051351093,0.16933897,0.013337879,-0.15827371,-0.060428925,-0.17034481,0.045235034,-0.12454791,-0.20651951,0.1263282,0.06961,-0.029083036,0.114578836,0.20606714,0.031275626,-0.11351918,-0.20631047,0.06131851,0.023366766,0.054392684,-0.036171045,-0.03082179,0.11284859,0.12996806,-0.09372814,0.08324078,-0.050249435,0.13864951,0.06316183,0.21833676,-0.037806932,-0.04170252,-0.026028223,0.06226683,-0.08677945
TCGA-D8-A1JT-01A,0.09160992,-0.13311473,0.1881166,-0.039477695,0.0015246131,0.0028993268,-0.019209562,0.073486,-0.0601446,0.049838576,-0.045500875,0.06912642,0.020676384,0.15317969,0.1429382,-0.059207335,-0.0021675108,0.037980426,0.06938948,-0.23324518,0.010390842,0.06380326,-0.04356557,0.07868091,0.0106031895,-0.2509639,-0.19384125,-0.11789525,-0.00431579,-0.05400754,0.048096605,0.14263563,-0.20836543,-0.27745453,-0.17531885,-0.055964105,-0.062044475,-0.1061338,-0.058468807,-0.11557861,-0.009013669,0.06677786,0.039789982,-0.08192905,-0.030729575,-0.03429994,0.013844618,-0.033650067,-0.015258284,0.12151666,0.065595165,-0.030465255,-0.005301423,0.011010846,-0.07116792,0.035548,0.13008374,0.038595002,-0.0051697604,0.06102154,0.16413936,0.014728698,-0.066740096,0.087305136,0.010624349,0.08373468,0.16926086,0.0692088,-0.19549054,0.047012623,-0.18854873,0.03775513,0.026780369,-0.27124387,0.18767856,0.017390521,-0.01423621,-0.05707286,0.1493537,0.045232814,0.056715574,-0.047178295,-0.057882816,0.14259,0.093124524,-0.11138382,-0.05436581,0.09897813,0.09082597,-0.025364233,-0.03730153,-0.05141994,0.11813885,-0.07068967,0.042688802,-0.032522578,0.035876755,-0.04980076,0.09712003,0.015280049
TCGA-AO-A03L-01A,-0.03970353,-0.021488667,0.2493528,0.1293356,-0.04713589,0.094833426,-0.05431281,0.06545161,-0.07502355,0.123801276,-0.00068158377,0.013218997,-0.009271752,0.16443235,0.06947057,-0.09470131,0.006765834,0.024077138,0.09359126,-0.050938226,-0.10385941,-0.13749471,-0.088550575,0.039898667,-0.11011799,-0.060916074,-0.2250421,-0.07463506,0.090081364,-0.03429249,-0.15686424,0.10800176,-0.0977831,-0.2344089,-0.14444663,-0.14313331,0.09736305,-0.11336266,-0.04664914,-0.11384429,0.041223623,0.07758658,0.1272332,-0.06397376,-0.042912107,-0.055489752,0.11576011,0.080995314,0.050989598,0.09083124,0.091211885,0.062473483,-0.04212761,0.05761914,-0.0030889844,0.054684248,0.036194462,0.04111662,-0.1144509,0.061487034,0.044282336,-0.06221821,-0.02901983,0.06529432,-6.6418026e-05,-0.055834588,0.2339597,0.020440111,-0.09271874,-0.021696035,-0.20611414,0.08797727,-0.17147574,-0.24466805,0.1495039,-0.10612423,0.0041180695,-0.009604244,0.16098882,-0.03643238,0.10165188,-0.04043214,-0.049032178,0.0057468354,-0.061632536,-0.12517795,0.0756303,0.13134415,0.09247475,-0.15300336,-0.09640913,-0.10383331,0.0803103,-0.026491728,0.072747365,-0.09370495,-0.092549115,-0.0059232567,0.067240894,-0.024953734
TCGA-AR-A24V-01A,0.037982605,-0.03479573,0.120468065,0.052949112,-0.010864445,0.06739317,0.013644766,0.016094463,-0.062174488,0.06379943,-0.024323456,-0.026099855,0.032913964,0.16257904,0.11522236,-0.11257468,0.15664184,0.044254724,-0.014260746,-0.08880957,-0.06517828,-0.19718459,0.00091579056,0.064405955,-0.10731326,-0.026986293,-0.2587361,-0.11622009,-0.00829225,-0.042621236,-0.057185188,-0.004793493,-0.030419212,-0.15023343,-0.095590495,-0.14588343,-0.10855894,0.025717271,-0.06781309,-0.18604551,-0.14444332,-0.00017318799,0.22768913,-0.101763666,-0.07361821,-0.1236109,-0.16498633,0.037264965,0.05220265,0.106800884,0.16219264,0.050991796,0.10790717,0.05631077,-0.09639935,-0.060461964,0.058996692,0.08470041,0.12806192,0.009564032,-0.1504701,-0.0030886277,-0.03760271,0.041654233,-0.030354038,0.0219635,0.07648488,0.003724944,-0.19685343,0.014108405,-0.22314623,0.10876372,-0.0012160375,-0.1700647,0.033060357,-0.015362352,0.07722188,-0.002368355,0.27157998,0.00439147,0.029744893,-0.1275049,-0.06689951,0.10935784,-0.046538815,-0.007961027,0.014251225,-0.013288887,0.123033255,-0.102729835,0.107586585,-0.06809391,0.16264065,0.020983648,-0.0029226625,-0.06691513,-0.11803871,0.014016681,0.12889372,-0.113023825
TCGA-BH-A0HA-01A,-0.028822483,-0.090568975,-0.00013257627,0.07715806,-0.042635404,-0.017109387,0.02864273,0.039886814,-0.15056242,0.04414437,-0.010326376,-0.0667278,0.022912085,0.28093413,0.099057496,-0.016531361,-0.0072935694,0.14341092,0.093695514,-0.14296882,0.014490369,0.063473955,-0.106757835,0.1266989,-0.025361674,-0.11920368,-0.1802374,-0.16889563,0.005903615,0.047757283,-0.09844616,0.015730945,-0.06088854,-0.26835537,-0.15399574,-0.087640904,-0.09035143,-0.09253018,-0.019137627,0.028638467,-0.17764704,0.083031714,0.099005416,-0.11566042,0.009319673,-0.10542562,0.07297072,-0.046790425,0.090865016,0.052355785,0.043765232,0.092585914,0.015285574,-0.0015034192,-0.0771408,-0.14550693,0.07358227,0.063155234,0.03394633,0.044432458,0.025412237,0.06353034,-0.04879152,0.08706911,-0.0009787669,-0.031013364,0.20576508,-0.0818616,-0.076291606,0.016003946,-0.23477805,0.1783572,-0.01015743,-0.25589594,0.14518389,-0.049628943,0.11944594,-0.12703298,0.10849233,-0.047082115,0.0032559668,-0.0997065,0.006585227,0.1008309,-0.06424994,0.027862363,-0.010590997,0.17930113,0.10729764,-0.17871772,-0.023198964,-0.10007494,0.039150205,-0.04015256,0.08635993,-0.06077625,-0.059966918,-0.059818648,-0.011833381,-0.03554524
TCGA-E9-A1RF-01A,-0.06125971,-0.07566471,0.03893688,0.056257997,-0.021872444,0.049479153,0.020389125,0.13050748,-0.056281257,0.12170119,-0.015072987,-0.15457647,-0.050783355,0.36882776,0.07300848,0.11457727,0.029626206,0.06637026,0.045257892,-0.06609722,-0.0763371,-0.10315408,-0.09146362,0.02824865,-0.12929481,-0.006873941,-0.23680778,0.03885723,0.03172543,0.009512365,-0.13125086,-0.06648291,-0.04728168,-0.105465,-0.12199213,-0.16741547,0.09527162,-0.009531152,0.11512924,-0.07658427,-0.090785734,0.049593,0.23463811,-0.17196243,0.029367203,-0.063909054,0.08614949,0.027830953,0.0359415,0.041342724,0.11243683,-0.050366726,-0.028749546,0.14055233,0.0950869,0.13302928,0.10481595,0.03158925,-0.058969364,0.093801856,0.029887032,-0.023001544,-0.12740947,0.11541237,-0.0961913,0.00095438125,0.017102169,-0.03484434,-0.031625364,0.11162151,-0.1343484,0.016249785,-0.01624147,-0.17467913,0.1401044,-0.040200338,0.017861301,0.10554993,0.1122415,0.076679274,0.0068031186,-0.21097057,-0.054362413,0.13029663,-0.035565156,-0.07859645,0.109926365,0.13255069,0.107374966,-0.04341055,0.07392275,-0.056622744,0.16555284,0.067825146,0.11631119,-0.012946928,0.023280373,0.019942326,0.076480776,-0.13210809
TCGA-B6-A1KC-01B,0.061944116,0.025264345,0.11290831,0.12838733,-0.07897998,0.010627185,-0.020053701,-0.07173242,-0.048349764,0.13576403,-0.075485215,-0.08226395,-0.026365811,0.27070105,0.12615895,-0.08753711,0.09929626,0.027067173,0.04535202,-0.19088306,-0.0009759847,-0.13234805,-0.07547777,-0.028364794,-0.04870513,-0.056343,-0.18531545,-0.07758678,-0.024872813,0.043900426,-0.047538854,-0.09270739,-0.07815651,-0.1254711,-0.21315485,-0.08182409,0.046577185,0.064998165,-0.12249167,-0.19476071,0.028811945,0.01941025,0.12009461,-0.0826938,-0.116360374,-0.01293559,0.026323235,-0.0352772,0.056851946,0.030762715,0.055008233,-0.026890574,-0.042170096,0.13880631,-0.060531497,-0.09449216,0.1353801,0.04448258,-0.13117331,0.041760236,-0.023787916,-0.017046405,-0.016785406,0.09131706,-0.23593499,-0.066883065,0.15800098,0.049179398,-0.085717805,-0.018847479,-0.15844442,0.017847463,-0.064182766,-0.15533204,0.16937578,0.041421227,0.046337686,0.07269106,0.14005485,-0.04086376,0.0073202644,-0.113886565,0.08409169,0.04714689,-0.006328236,-0.006134161,0.12174257,0.17829768,0.15492515,-0.056797206,0.08901327,-0.0832315,0.19322206,0.11904341,0.13112573,-0.09890734,-0.0395761,-0.035878886,-0.0058067553,-0.17029229
TCGA-D8-A1JF-01A,0.088537,-0.050327998,0.1819679,0.09864907,-0.0039528287,0.11242755,-0.11679583,-0.012535976,-0.12252061,0.026954828,-0.040535748,0.054050557,0.022075597,0.12999107,0.037420012,0.046987258,-0.05083614,0.0060394104,-0.045546677,-0.15207379,-0.16874039,0.022586254,-0.09076788,-0.0056455564,-0.012020128,-0.10354165,-0.14023311,0.057290178,0.09250743,-0.19685633,-0.0076660607,0.03084484,-0.10882739,-0.11089594,-0.11339496,-0.07355072,-0.051705956,-0.1678452,0.020253632,0.024606088,0.031755053,-0.011136627,0.14814755,-0.063040935,-0.04173335,0.053797428,-0.031245032,-0.08301789,0.0938882,0.12244338,0.15105538,0.16041742,0.06703396,0.1806195,0.04966762,-0.08043145,0.15944806,0.10539596,-0.016851895,0.055158284,-0.004638115,-0.05422609,0.0026011355,0.1953951,-0.0713857,-0.081789084,0.13602166,0.03440881,-0.13481137,-0.13307607,-0.23287608,0.008844994,-0.06851552,-0.13554494,0.08507738,-0.01035364,-0.12067602,0.10301301,0.17166927,-0.020879744,0.1097475,-0.12936117,-0.019269422,-0.004528191,-0.0022860845,0.019314151,-0.0032593831,0.1750721,0.11693727,-0.04987027,0.06552559,-0.17025694,0.18191317,0.12235414,0.06394319,-0.09727629,-0.1406466,-0.13668606,0.0081662955,0.040298793
TCGA-A7-A26F-01A,-0.11120166,-0.13846293,0.19525109,0.060090233,0.035363574,0.0016869123,-0.08683288,0.114382274,-0.08215786,0.031038072,-0.066620804,0.037158046,0.12067554,0.25698826,0.22184093,-0.05672362,-0.024908064,0.19093211,0.050055385,-0.18586975,-0.02027844,-0.040589295,-0.042656057,0.07064688,-0.022585975,-0.057332188,-0.12837332,-0.1087986,0.03423734,-0.07502398,-0.06159893,0.07906756,-0.02163846,-0.076081514,-0.1556833,-0.13057934,-0.010977167,0.018469544,-0.052543234,-0.12179552,-0.010746399,-0.009193213,0.18604393,-0.10589424,-0.009556708,0.099198945,-0.0075160977,0.06577053,0.041494165,0.08394918,0.13721734,-0.06984481,0.11406444,0.14059664,0.0059747756,-0.08284988,0.058771417,0.027892016,-0.0921411,0.028806617,-0.038715813,-0.14709044,-0.06599336,0.15393513,0.018629083,0.0045834766,0.21136524,-0.055007346,-0.12615278,0.002315876,-0.13380256,0.11172139,0.047081754,-0.22743262,0.10886449,0.14160836,-0.14227404,-0.07160344,0.20502017,-0.07466472,-0.0011501135,-0.10304822,-0.0059767985,-0.0025352952,-0.053975776,-0.032711577,-0.022839662,0.07361006,0.1294195,-0.12180621,-0.008434516,-0.06714222,0.1920106,0.015815262,0.10074891,-0.00020968445,-0.033190735,-0.033548396,0.047887202,-0.041874986
TCGA-BH-A0WA-01A,0.12959436,-0.029649477,0.18385763,0.07837427,0.014827539,0.09939412,-0.07306823,-0.041549373,-0.04643309,0.14995748,-0.13086618,0.079445355,-0.024530882,0.06951618,0.13006632,-0.0597923,-0.049817152,0.13258895,-0.0116069615,-0.14416744,-0.13689956,-0.09113983,-0.12636249,0.057159245,-0.08331373,0.042681083,-0.15616028,-0.17401333,-0.10765439,-0.16328569,-0.054573204,-0.04230081,-0.06586877,-0.09882504,-0.06486208,-0.13686788,-0.01671774,0.055866193,0.05302948,0.059998542,0.038746666,0.10530047,0.15236315,-0.097613156,-0.09325131,-0.016773969,0.10663412,0.051277447,0.06110263,0.08283955,0.13474937,0.092172414,-0.009090057,-0.044151336,-0.09179082,-0.016696498,0.116637096,0.024166908,-0.061186884,-0.005317123,0.084051676,0.06875311,-0.10266685,0.17127672,-0.12143078,-0.07477933,0.17335509,0.0005215309,-0.05477304,-0.09037701,-0.20381947,0.11808526,-0.029860986,-0.23890296,0.25331712,-0.034139734,0.020140147,0.037910797,0.18473959,-0.037989136,-0.0031941151,-0.18287492,0.020992275,0.11391249,-0.045208544,-0.010445993,0.02631534,0.05308175,0.1656928,-0.12074262,0.065786846,-0.021533012,0.0494272,0.12738454,0.13941124,-0.033278596,-0.058988936,0.05207215,-0.04069074,-0.02318709
TCGA-A2-A259-01A,-0.14807422,0.035339426,0.13751945,0.06323334,0.022114953,0.139372,0.03333033,-0.075365126,-0.0621529,0.019633071,-0.0759142,0.020990524,0.039337836,0.14091575,0.20364083,-0.039849628,0.010866319,0.013695431,-0.0038487928,-0.04836395,-0.090488665,0.0065729157,-0.07688632,0.030367512,0.014653344,-0.028648688,-0.19761334,-0.11907448,0.030745363,-0.082561955,0.08726482,-0.110999085,-0.05925998,-0.22963989,0.02156295,-0.08933277,-0.1451126,-0.06451803,0.046739373,0.06559507,-0.041920464,0.101843975,0.10472775,-0.033664793,0.01734561,-0.007677701,0.11991025,0.08751515,0.022356078,0.0149520375,0.017386053,0.06454792,-0.042950913,0.08489651,-0.1019748,0.10532769,0.04785969,0.15955831,-0.06314621,0.051575117,0.15390244,-0.013230713,-0.14080329,0.13697113,0.04377369,0.0030744874,0.22931893,-0.03548223,-0.195588,-0.050612982,-0.22080792,0.11283226,0.028058378,-0.20986289,0.20256492,0.091617405,-0.048739217,0.016782075,0.20653582,0.12534265,0.057534896,-0.050030507,0.0072391913,0.09299088,-0.09817555,0.04008184,-0.086726174,0.06929387,0.16306488,0.012657665,-0.006262667,-0.17024267,0.102472246,0.035470255,0.09656297,-0.041251224,-0.1873754,-0.012121013,0.10542587,-0.02519697
TCGA-B6-A0WW-01A,0.006563705,-0.1831174,0.13897252,0.045646146,-0.030849619,0.13104402,0.03673102,0.07778678,-0.074619405,0.13031814,-0.010010577,0.019816838,-0.0025161244,0.25878724,0.14764163,-0.063375875,0.019675586,0.14357704,-0.0068145134,-0.1834985,-0.12782775,0.16361882,-0.07563969,0.08505066,-0.12818177,-0.007199424,-0.22284096,-0.08483827,-0.027035894,0.067497894,0.03594061,0.030724524,-0.14858454,-0.10355638,-0.11633928,-0.1121366,0.025142685,0.0008141363,-0.16829409,-0.050072353,-0.14163384,0.006388457,0.13270794,-0.12291066,-0.0036939464,0.04546929,0.0015840811,0.044166703,0.11033178,-0.02103239,0.1504157,0.018952023,0.087519884,0.035346933,0.056768112,-0.028796438,0.15533045,0.030351138,-0.090073146,-0.0106492415,-0.052107424,0.024918543,-0.121932104,0.05335852,-0.09777178,-0.06851228,0.24316497,0.05572407,-0.065064915,-0.140111,-0.17999505,-0.0127093475,-3.0820018e-05,-0.24890807,0.17582092,0.088504985,-0.073177464,-0.054242846,0.10173944,-0.037004787,0.033122834,-0.05528261,0.042305898,-0.030360688,0.0114243915,-0.14001893,-0.060285427,0.041947063,0.11437818,-0.13371508,0.012431377,-0.18147418,-0.012599929,0.09048795,0.04570024,-0.024721883,0.0041137487,-0.015350597,0.030354215,-0.0035550222
TCGA-OL-A5RU-01A,-0.04668379,-0.007890395,0.03521497,0.13999276,0.065034606,0.045615107,-0.061829686,-0.08521968,-0.03610449,0.045794807,-0.001561015,-0.0077116685,0.02938373,0.24305937,0.21138199,-0.07783985,0.025787247,0.08029693,-0.045505956,-0.13893664,-0.12227353,-0.0701152,-0.13410419,0.10067014,-0.039156366,-0.11645491,-0.26529595,0.021101793,0.0055171284,-0.14033616,-0.08996067,0.004257471,-0.20776649,-0.1902745,-0.17688686,-0.025805406,0.012587086,-0.058261104,-0.010507444,0.05100258,-0.091737136,0.086084865,0.087376416,-0.090949915,-0.0342485,-0.11729772,0.0053791353,-0.041760065,0.011083154,0.13800722,-0.045388144,0.0060242517,0.05221595,0.05572614,0.020556195,0.06318093,0.11938334,0.03266713,-0.085649416,-0.0042907395,0.10288192,0.0060947216,-0.10197604,0.039311867,-0.013380928,-0.14019236,0.041173942,-0.077865966,0.018008236,0.007978548,-0.011015178,0.040680084,-0.0019624135,-0.41669613,0.12793817,-0.07018575,0.031793367,-0.07417138,0.26889855,-0.05437939,0.05715823,-0.076198794,0.055682473,0.025430223,0.036410432,0.03615178,-0.011234226,0.08435581,0.16039579,-0.033678707,-0.03785856,-0.17210378,0.0012095298,-0.07462377,0.010611751,-0.07437604,-0.07246127,0.065145254,-0.030304916,0.060563795
TCGA-BH-A1EY-01A,0.012999974,-0.07075081,0.07565801,0.06834485,-0.063954934,0.08702634,-0.022095012,0.05374818,-0.024301657,0.12581466,-0.024039742,0.028515203,0.014153734,0.2695277,0.13494541,-0.002389427,-0.044464782,-0.019075843,-0.042143155,-0.11042517,-0.014408881,-0.12487001,-0.107650615,0.14256683,-0.049959112,-0.004252189,-0.16088152,-0.12716271,-0.0074237906,-0.12233476,-0.021741547,0.06775188,-0.145656,-0.1749162,-0.1696353,-0.10154544,0.006636257,0.03252308,-0.0015789946,-0.23269391,0.05499493,0.02554118,0.090730265,-0.12089363,-0.03920471,0.0052733365,0.08575755,0.12578027,0.13377042,0.1928514,-0.0414674,-0.041992232,0.15574427,0.07232241,-0.017926954,-0.024580251,0.094282016,-0.04786785,-0.041377608,-0.007431582,0.09206614,0.13175887,-0.03710699,0.17302817,0.036232457,-0.026760133,0.14402337,0.0676883,-0.019222515,-0.083058506,-0.1651856,-0.055125415,-0.039466757,-0.22896162,0.25495723,-0.07412273,-0.012816262,-0.022576604,0.19223037,-0.11320856,0.058674455,-0.10266151,-0.06487764,0.14224744,0.0067497394,-0.017542217,-0.024023393,0.19955069,0.035524193,-0.02573714,0.0075388844,-0.10130551,-0.007038738,0.04409995,0.14243752,-0.08112219,0.036349077,-0.058034055,-0.0046842624,-0.102386594
TCGA-D8-A1X9-01A,0.12336602,-0.0933691,0.19162667,0.039981354,-0.017359402,0.19528905,-0.11439078,-0.020395953,-0.104934245,-0.023468997,0.026782064,-0.059095643,0.07470291,0.12854959,0.2364067,0.0022646138,0.01731112,4.7762802e-05,0.073635004,-0.14061777,-0.048337877,-0.021826686,-0.1044968,0.06973764,-0.11735293,-0.1257568,-0.23082346,0.09413507,0.056854244,-0.030245595,-0.06364573,0.14482078,-0.14809273,-0.24495867,-0.03456596,-0.09030824,-0.071781635,0.09789356,0.02755874,-0.08053353,-0.08256596,0.09615549,0.07092945,-0.110691845,-0.035266865,-0.022123761,0.091103174,0.04959457,0.032639716,0.0944408,-0.043595303,-0.103883795,0.0081755845,0.11857722,-0.02933102,0.026196523,0.14950198,-0.014290864,-0.08771184,0.100315236,0.17076689,-0.09333325,-0.13153549,0.009894514,-0.0190247,-0.033355992,0.069499746,0.10985797,-0.025928732,-0.09689866,-0.22414562,0.06192732,0.028501485,-0.24859212,0.17664298,0.088350825,-0.06989313,0.06073743,0.11031275,-0.035304468,0.017436564,-0.05131482,0.013112491,0.0456564,0.062439617,-0.03696967,0.09537386,0.104067795,0.15666153,-0.12057447,-0.0031750742,-0.035794225,0.18373029,0.10327563,0.06629349,-0.023487689,0.012803883,-0.06870304,0.046562128,0.026527924
TCGA-OL-A5S0-01A,-0.06546301,-0.13928552,0.15725218,0.09517744,-0.013094025,0.05138166,0.062019013,0.042221922,0.08673003,0.06818741,-0.010834326,0.07304411,0.052506395,0.2869188,0.11280758,0.011684336,-0.0030977156,0.060409058,0.033735357,-0.06630286,-0.022487216,-0.07554024,-0.1486788,0.118551075,-0.11901007,-0.08916604,-0.1780538,-0.06453142,0.0006838352,-0.27994543,-0.107950464,-0.13653809,-0.08843166,-0.15395007,-0.12637603,-0.16160591,-0.05500542,-0.07166164,-0.02981505,-0.036098372,-0.052543607,0.04994443,0.17398122,-0.042323887,0.03773623,-0.062582105,0.14448886,0.028306743,-0.0024143127,0.13801798,0.13919069,0.040568434,0.11539616,0.07535417,0.063615665,-0.068179235,0.15471087,-0.06434568,0.089649476,0.08552731,0.054869395,-0.037259914,-0.014700644,0.106335424,-0.058711503,-0.04358591,0.1496112,-0.10639602,-0.02757815,-0.039106242,-0.22489196,0.1502699,-0.03325579,-0.22805507,0.08208875,-0.013203263,-0.05092124,0.0019307263,0.1305176,-0.042472318,0.0020083801,-0.007311971,-0.013730864,0.13420457,-0.041556966,-0.011439841,-0.08126942,0.06711251,0.08545366,-0.018384645,0.088344336,-0.13401306,0.033062007,0.093025535,0.06526151,-0.005560625,-0.15864253,0.055113636,0.14057423,0.048019372
TCGA-AQ-A04H-01B,0.088278584,-0.15930404,0.14302678,0.043275222,0.05911644,0.22534347,0.05218449,0.07185539,0.023124708,0.040268157,-0.006680445,0.013444171,0.11735644,0.1382427,0.11764842,0.06532424,-0.038957935,0.064650536,-0.029424964,-0.062465653,-0.17285843,-0.103589065,-0.021118287,-0.0064103175,-0.07934521,-0.09441267,-0.07569323,-0.12717795,-0.0052243965,0.02373566,-0.031516947,0.025105152,-0.1576922,-0.15560098,-0.029866552,-0.06049832,-0.112819254,-0.1428357,-0.11833066,-0.06745926,-0.03549596,0.14179677,0.21557666,-0.0070727463,0.055936076,-0.07427481,0.04298368,0.027120061,0.01447267,0.07315329,0.0935449,0.08769225,-0.032860104,0.049317773,0.045139246,-0.0082659125,0.13439852,-0.06117844,-0.0213217,0.002118802,0.03359249,-0.09366506,-0.16101141,0.07324443,-0.0141946925,-0.068185486,0.2795313,0.034582812,0.012663224,-0.046083514,-0.18715063,0.07280162,0.0020328944,-0.15551344,0.2151105,0.06333867,-0.12001291,-0.0430139,0.2391344,0.056669787,0.02535755,-0.15775387,0.00381124,0.1077775,-0.062515885,-0.17714812,0.0946412,0.1667486,0.075745456,-0.031688098,-0.0080528855,-0.18640809,0.090459235,0.060181826,0.07466956,-0.08296452,0.02021314,0.0049017225,0.020784844,-0.0935786
TCGA-AR-A2LK-01A,-0.048118345,-0.23553124,0.05993985,0.09546211,-0.10833877,-0.0017324336,-0.07986271,0.05819946,0.066168584,0.0037113056,0.12915485,-0.10924429,-0.03076235,0.17540824,0.101799555,-0.024964327,-0.065456875,-0.04324079,0.013538838,-0.06757287,-0.1786769,-0.06296903,-0.13505301,0.13486551,-0.06279732,-0.078200184,-0.20266902,-0.027731514,0.026829505,0.038052697,-0.16055201,-0.010333838,-0.21723317,-0.080037504,-0.12258259,-0.10520997,-0.09673957,-0.006723017,-0.11727317,0.05755812,-0.018069888,-0.039337356,0.1432025,-0.10219348,-0.009498185,-0.04694875,-0.024409022,0.0034504517,0.04554772,0.21058416,0.050162245,0.051268548,0.013316533,0.05435955,-0.0988808,-0.016675789,0.1877452,0.069263145,-0.051178943,0.07127133,0.0981308,-0.048456553,0.011432574,0.15960464,0.067054294,-0.010937192,0.09804706,0.0014305238,-0.099885546,-0.101000816,-0.18393695,0.08699152,-0.06490726,-0.22429864,0.089076504,-0.017514288,0.04600324,-0.022303894,0.17573452,0.08867119,0.12087164,-0.06396662,0.10945156,-0.0056545627,0.08717925,-0.08245599,-0.054541882,0.08225198,0.08595105,-0.2115735,-0.0068983505,-0.21505742,0.16265646,0.03449479,0.038121622,-0.07300638,-0.019205246,-0.056888815,0.00877352,-0.076159246
TCGA-BH-A1FJ-01A,0.0061734556,-0.026813848,0.06813657,0.07856927,0.032496266,-0.04761667,0.0128410915,0.10982855,-0.08596787,0.08351148,-0.008671304,-0.01810392,-0.006402735,0.18230747,0.082585834,0.0023151452,-0.0077987853,-0.025604798,0.060509164,-0.19728959,-0.13744134,-0.04730257,-0.003337764,0.15380943,-0.05733076,-0.06115288,-0.32849094,-0.05441746,-0.026215024,-0.058306064,-0.19411334,0.098604515,-0.23509622,-0.11861991,-0.15364361,-0.07625662,0.035209462,-0.12763691,0.026705185,-0.07565829,-0.009566782,0.11756135,0.07006798,-0.17282869,-0.025676774,0.039042853,0.009005122,0.18878908,0.028768,0.15017588,0.070661694,-0.041510183,0.04811761,0.060256146,-0.021285733,-0.10541584,0.01304383,-0.11026322,-0.009191742,-0.030312512,0.14898899,0.012586994,-0.06148209,0.05796129,0.088105716,0.08214074,0.23739482,0.058183905,0.008046684,0.0392565,-0.14770284,0.08101748,-0.07413086,-0.27555162,0.11127571,0.09950952,-0.08374245,-0.021701261,0.15426025,-0.10715082,0.0011388444,-0.046804383,-0.085265175,0.12519622,-0.055217586,-0.11977491,-0.03131743,0.15310404,0.12203262,-0.046160936,-0.009797045,-0.062138718,0.047744848,-0.09706855,0.046442553,-0.021640738,-0.049181234,-0.0068173613,-0.060834754,-0.040359728
TCGA-B6-A1KF-01A,-0.035866823,-0.058070455,0.13371335,0.07934474,-0.033767447,-0.023423849,-0.06319114,0.05091441,-0.05146394,0.070920765,-0.09096994,0.087264955,-0.029123511,0.23703729,0.09846165,0.031974103,0.041547567,0.07733316,-0.017226877,-0.17589968,-0.20830457,-0.09018375,-0.10918802,-0.018093238,-0.077426046,-0.09427163,-0.26799166,-0.050061207,-0.024562787,-0.13539477,-0.007915155,0.0716883,-0.06961526,-0.15521596,-0.13927078,-0.06762044,-0.07724941,-0.033130754,-0.03406805,-0.055696897,0.026191149,0.043481518,0.17338029,-0.17937103,-0.102222696,-0.032705955,0.11736439,-0.103595935,0.048531804,0.15438439,0.124200664,0.021417517,-0.04740487,0.17812143,-0.06865209,-0.03387003,0.01659748,-0.022943392,0.016836071,-0.0075699715,-0.07750793,0.08753338,-0.10903215,0.14492099,-0.062039126,0.02611922,0.1727398,-0.085620284,-0.054774716,0.060654406,-0.10813976,-0.13456543,-0.0006491258,-0.15690863,0.1511734,0.02834748,-0.052276175,0.033755336,0.16638885,0.09240599,0.07795646,0.029234927,-0.070037425,0.049245108,0.09335408,-0.15765418,-0.14669514,0.16660254,0.15484713,-0.09273854,-0.00072052225,-0.15993506,0.11898093,0.03214062,0.14212501,-0.026931848,-0.025737284,-0.014838213,-0.02133331,-0.039394587
TCGA-BH-A1F6-01A,0.0027961587,-0.11619479,0.11338427,0.12635691,0.041178387,0.12980698,0.1167784,0.002777454,-0.075019024,-0.009013101,-0.015962644,-0.011333674,0.04295368,0.20652083,0.058930337,-0.0059879767,-0.114147395,0.036838707,-0.06622393,-0.10647816,-0.08176348,-0.19585633,-0.019218907,-0.095105335,-0.028618915,-0.06405098,-0.24944107,0.04356759,-0.045329224,-0.028302647,-0.10446059,0.11918579,-0.021736098,-0.12801754,-0.0028565219,-0.15908334,0.12429286,-0.08708051,-0.044104993,-0.18256113,-0.05445483,0.21412365,0.17065348,-0.077187225,-0.16584231,-0.06524426,-0.020922344,0.018496495,0.066770084,0.14575459,0.11934116,0.09959283,-0.059234712,0.17661132,-0.076616794,0.09178934,0.043553744,-0.058183756,-0.13328099,0.060379434,0.076449834,-0.09026659,-0.15189359,0.054966334,-0.16882859,-0.022316346,0.09801921,-0.026456509,0.014037272,-0.13394743,-0.12240668,0.045717597,0.050904583,-0.18724121,0.18243678,-0.04814983,-0.047991846,-0.010081481,0.119791575,-0.057776175,-0.009910004,-0.12309168,0.019401547,0.08971688,-0.12358961,-0.046225972,-0.056777105,0.005001933,0.12674938,-0.098879024,0.06935638,-0.13396227,0.08809519,0.06421645,0.09479563,0.03460646,-0.07959696,-0.09748836,0.012405261,-0.09155669
TCGA-PE-A5DD-01A,0.121772535,-0.07505158,0.08018306,0.0020825493,0.092528224,0.1000494,0.033461258,-0.015997654,-0.19039524,0.12128124,-0.009174068,0.079104856,0.03529297,0.096421994,0.17625795,-0.0058588716,-0.0018356759,0.09811873,-0.017047007,-0.20089,-0.09050831,-0.1066773,-0.062405568,0.13851053,-0.08658634,-0.16853507,-0.13198854,-0.059584256,0.0027827823,-0.033031873,-0.14079358,-0.020797938,-0.03455473,-0.20893821,-0.19830717,-0.12048397,-0.022108736,0.08533049,-0.0111131985,-0.02624398,-0.07601107,0.05185069,0.1637925,-0.19238937,-0.057521716,-0.11523432,0.08409698,0.018749734,0.058324948,0.013149774,0.11333491,0.15758489,0.086796,0.12629263,-0.0086605055,0.08877972,0.057494264,0.123184785,-0.06752287,0.13636294,-0.02043604,-0.07819458,-0.099418156,0.03260471,0.038518265,0.024479449,0.23081206,-0.029312175,-0.11859665,0.024100263,-0.19838357,-0.01344479,-0.054908242,-0.25074726,0.09293872,-0.018726338,0.07568072,0.02281676,0.15530501,-0.10541127,0.088079154,-0.09515034,-0.0034404825,0.12355428,0.0040943567,-0.1058137,-0.050312713,0.12154541,0.09076882,-0.0015317097,-0.032451097,-0.032439373,0.031815752,-0.061333925,0.06886563,-0.017793376,-0.09579897,-0.17384739,0.022779213,0.013983196
TCGA-D8-A73W-01A,0.02631195,-0.11847862,0.12796515,0.09857309,0.11661393,0.12817428,-0.03947938,0.046359695,-0.11728366,0.021067156,0.059173714,-0.01393426,0.055342592,0.17291655,0.1343761,0.033975746,0.058513895,0.11566757,-0.012806747,-0.2605612,-0.006373486,-0.06629423,-0.1759023,0.019134859,-0.051827993,-0.0059946356,-0.12860683,-0.023033116,0.04848213,0.04821796,-0.09521407,0.003214944,-0.14354585,-0.21066487,-0.08929551,-0.074485645,0.05103263,0.013881557,0.11049274,0.051264886,-0.10786133,0.057572912,0.18706788,-0.10955131,-0.11862429,-0.104500845,0.062077153,0.03503893,0.04085524,0.17772165,0.12337892,0.1336243,0.09388549,0.001283702,-0.020949142,-0.058334135,0.10998399,-0.11030059,-0.061149642,0.2012894,0.018208753,0.046156663,-0.06449322,0.17464828,0.086292855,0.03340238,0.10826778,-0.014515569,-0.07881884,-0.029835282,-0.17406894,0.17147925,-0.030130144,-0.2629111,0.15606816,-0.019812845,-0.058544494,-0.019801807,0.0025167412,-0.039306674,-0.0010355763,-0.22071551,0.047165412,0.02357931,0.11240516,0.018461216,-0.05248163,0.034724116,0.08858883,0.027852494,-0.024310146,-0.095600694,0.08162001,0.024547769,0.20096843,-0.0017730944,-0.043311205,-0.06092298,0.012212346,-0.028352384
TCGA-AR-A0TV-01A,0.10511331,-0.13318762,0.20616427,0.08203616,0.043417484,-0.007586266,-0.04730265,0.07460618,-0.09856454,0.11161564,-0.081138544,0.094726086,0.005134203,0.19478089,0.13175024,0.03754746,-0.055376336,0.1026097,-0.064859755,0.011424459,-0.051577747,-0.0932911,-0.11871481,0.016626274,-0.055477858,-0.10189056,-0.22169305,0.089680664,-0.012016615,-0.054843064,-0.19378854,0.046751704,-0.0428062,-0.10774363,-0.0072334036,-0.12838922,-0.08395798,0.018512143,-0.047402315,-0.0711541,0.010225983,-0.017703747,0.14069629,-0.071558386,-0.06621126,-0.017888932,-0.007918416,-0.0036171717,0.0024719955,0.1409505,0.19196227,-0.025413413,0.089502744,0.15698674,-0.010158253,-0.07015945,0.04669409,0.10561351,-0.03896717,0.052111097,0.1382048,0.02450891,-0.015822949,0.014694801,-0.08529184,-0.028626788,0.22032093,-0.080830626,-0.13477096,-0.007856445,-0.22378267,0.06677345,-0.123307355,-0.20058472,0.097352594,0.028791707,0.023475457,0.07195099,0.20755489,-0.035707448,-0.014569317,-0.111833535,0.036957636,0.11898602,0.11905128,-0.15366577,-0.08403882,0.11278497,0.05055946,-0.035537083,0.054079283,-0.048442964,0.10622951,-0.024826739,0.26791602,-0.08611651,-0.028449131,0.089826725,0.0781681,-0.015407358
TCGA-BH-A1F5-01A,-0.045246683,-0.12355057,0.09372765,0.065320745,0.07211116,-0.021462018,-0.015588493,-0.016768591,-0.06994045,0.16538084,-0.08756381,0.00026630503,-0.071144514,0.23744105,0.13113253,-0.07330808,-0.030829927,0.09273246,-0.050247204,-0.17448576,-0.016301956,0.049164,-0.10016935,0.065627344,0.0008508298,-0.11061272,-0.13826127,-0.11068777,-0.0053351275,-0.03690435,-0.08268178,0.05964029,-0.11974693,-0.23783515,-0.020735977,-0.06657078,-0.05203797,-0.06532515,-0.12734395,-0.013653164,-0.042865373,-0.057998326,0.22246806,-0.082498245,-0.0832392,0.05236018,-0.015798496,0.0881304,0.1275651,0.06814373,0.07697374,-0.08960738,-0.021124631,0.033830833,0.09735029,-0.03281175,0.11680041,-0.088165246,0.0021667397,0.012152164,0.1417728,-0.06068843,-0.021633672,0.10829372,-0.11314097,0.0548745,0.23640922,0.032186143,-0.16747816,-0.0011314859,-0.19350956,0.049092818,-0.04913716,-0.23008038,0.076134436,0.030162157,0.05929984,0.0263902,0.048236232,0.09750184,0.022276241,0.013820493,0.030522747,0.047338776,0.008644027,-0.22105455,-0.020700045,0.09306743,0.16079853,-0.1800681,0.049504638,-0.14990507,-0.0639716,0.116409324,0.11549298,-0.07401591,-0.09438611,-0.13306853,0.068684675,0.1003708
TCGA-E9-A1ND-01A,0.09067853,-0.0768013,0.04490592,0.10935486,-0.07562713,-0.035367902,-0.14679492,0.06059209,-0.18115823,0.17950125,0.025543574,0.032871205,0.10022057,0.15646069,0.18020377,-0.012244895,0.06699838,-0.084337965,0.09618938,0.019966777,-0.03560371,-0.07466403,-0.053009626,0.080465436,0.02730639,0.022861924,-0.15854308,-0.01718586,-0.050097574,-0.024386682,-0.18530454,0.036222495,0.05739853,-0.08434821,-0.16257092,-0.09014934,-0.033936135,-0.09485409,-0.03150948,-0.0038091347,-0.04330203,0.116281725,0.14781407,-0.12512366,-0.061125886,0.036310125,-0.018030496,-0.0039437194,-0.0052341926,0.24018009,0.13029349,0.11245223,0.018440535,0.20172693,-0.035062555,-0.053045873,0.108394444,0.06449058,-0.057111934,0.054784264,0.0045441817,-0.021304077,-0.09450674,0.14332967,0.041252382,-0.011010752,0.16590247,-0.032827806,-0.14919923,0.079573445,-0.16804884,-0.019409666,-0.02366089,-0.18122843,0.17621766,-0.003994142,-0.059925742,0.019674523,0.2329995,-0.051074285,-0.021263687,-0.018065076,-0.11032887,-0.04059378,-0.04832554,-0.16087954,-0.009933865,0.020051401,0.13192531,-0.11037923,-0.011866682,-0.15911904,0.17015387,-0.026498817,0.11674043,-0.12377582,-0.1285507,-0.1226859,-0.020086365,0.045584008
TCGA-AR-A1AP-01A,0.075574234,-0.06814646,0.18512116,0.12057077,-0.042493004,0.08600167,0.040368423,0.09322505,-0.020109832,0.062557444,-0.022769457,0.046661064,0.0072934134,0.22323664,0.17283502,0.06646392,0.03510057,0.042115543,-0.0062195575,-0.24270897,-0.1353751,-0.04245344,0.026834317,0.20105898,0.06784571,0.046918403,-0.20398434,-0.06777873,0.014536298,0.016678067,-0.20560221,0.03202959,0.04698976,-0.10721015,-0.035833642,-0.17917696,-0.0021313152,-0.08214905,-0.048719566,-0.063563615,-0.056347698,0.11715107,0.015713563,-0.06238207,-0.005425874,0.04188677,0.03319295,0.096032776,0.11773935,0.063820824,0.076887704,0.0488251,0.06000208,0.004078952,-0.035680044,0.07409698,0.15742618,0.031290807,-0.053095635,0.087780856,0.06107536,0.06942544,-0.1206036,0.11161832,-0.115052454,-0.08713004,0.18320264,0.025038108,-0.0645707,-0.04654336,-0.13779604,-0.051806644,0.041369066,-0.08692672,0.16535018,0.0027032618,-0.02851072,-0.023100406,0.17814995,-0.21400838,0.056873802,-0.1233697,0.060761947,-0.07709807,0.098969795,-0.09514412,0.06552951,0.05524718,0.18327582,-0.19945298,0.038719922,-0.100475945,0.12010518,0.14708342,0.080636755,-0.024362221,0.013407922,-0.09726028,0.12899832,-0.032200854
TCGA-AC-A6IX-01A,-0.014117394,-0.082781196,0.14684348,0.12794101,0.010741683,-0.0007169045,-0.0320479,0.0024871037,0.08560804,0.10193245,-0.16923432,-0.0018948668,0.031190004,0.23776753,0.07237278,-0.032067917,-0.12289332,-0.006942219,-0.082714766,-0.12398064,-0.062424053,-0.20846751,-0.01571264,0.024150867,0.038789097,-0.10122686,-0.09843122,-0.082800806,-0.020089889,-0.18682534,-0.014489051,-0.021613222,-0.1031079,-0.11071001,-0.124236375,-0.10167928,-0.11466906,0.02469796,-0.164978,-0.047988206,-0.050537013,0.008683411,0.15516095,-0.13766275,0.06817595,0.0853714,0.07704992,0.10939603,0.03581986,0.023277123,0.0031576927,-0.039825603,0.057846185,0.08613299,-0.046886526,0.048290063,0.08595697,0.11348139,-0.02506484,0.047349624,0.038512673,-0.028573316,-0.0666092,0.09987528,0.09430955,-0.04587886,0.15170217,-0.03481933,-0.07336615,0.05518909,-0.25866613,0.012906903,0.00036186137,-0.21797685,0.27559078,-0.048229687,-0.08244291,-0.009805993,0.0640647,-0.015370102,0.20613006,0.0031320914,0.008809808,0.19671473,0.029445246,-0.069887385,-0.027188737,0.15956081,0.25467458,-0.022961034,0.092558,-0.0036222285,0.079021305,0.095562845,0.06868023,0.03195335,0.0071219592,-0.07870446,0.07202828,0.020250123
TCGA-AR-A1AY-01A,-0.09158819,-0.19504757,0.051322784,-0.07224181,0.06592482,0.12042615,-0.08555542,0.03350936,-0.027616866,0.053895667,0.0038384954,0.013148085,-0.020602437,0.22231394,0.105153486,0.064514704,0.1278869,0.08987537,0.014098005,-0.10232968,-0.07704774,0.002157244,-0.1866948,0.03259911,-0.029526532,-0.0426128,-0.184424,-0.12949935,0.0739345,-0.007058498,-0.010629295,0.050825093,-0.09186817,-0.15722467,-0.11472071,-0.014440576,-0.051720023,-0.042250205,-0.08190181,0.053513885,-0.045300897,0.061445154,0.028391797,-0.14391968,-0.028908672,-0.021239148,0.066049,0.08730563,0.028463889,0.07399533,0.16829222,0.07071938,-0.02709743,0.10271725,-0.15315135,0.062276307,0.123811215,0.09209198,-0.05786112,-0.00641435,-0.027948271,0.102209836,-0.21187426,0.080337815,-0.037664108,-0.083250135,0.15704304,-0.03580919,-0.10842117,-0.07058724,-0.1669909,0.16276656,-0.0064097587,-0.23083268,0.15854047,0.004058913,-0.038751468,-0.04322419,0.20280086,-0.06332527,0.027930096,-0.06283923,-0.007888092,0.17667592,-0.008760918,-0.01758725,-0.07395828,0.11598255,0.1840359,-0.087031655,0.04849507,-0.06515067,0.036777206,0.16616666,0.12926641,-0.112711206,-0.13931042,-0.13074563,-0.031808797,-0.10019799
TCGA-EW-A1P6-01A,-0.045497295,-0.088351026,0.08790746,0.004054741,-0.1031814,0.13598001,-0.0007695709,-0.006695291,-0.005399942,-0.08665991,-0.05385925,0.0069226213,-0.1529751,0.2600639,0.16355759,-0.08390598,0.04192429,0.15365602,0.052869774,-0.14683346,-0.13378824,-0.066197276,-0.023063846,0.22617249,-0.10130989,0.012577176,-0.20395586,-0.04698984,-0.052872527,-0.05324101,-0.10251406,-0.033420987,-0.24356613,-0.08468786,-0.0024159658,-0.08387029,-0.06161418,0.059505843,-0.11390891,0.034831,-0.082664095,-0.0058916155,0.15902875,-0.08186716,0.0090101035,0.04064933,-0.091553085,0.012705206,0.07843802,0.102209724,0.06649974,-0.06557075,0.11360529,0.020202467,-0.079830885,-0.051816244,0.0077951015,0.03777722,-0.042659424,0.12249283,-0.0071116867,0.010306339,-0.044179827,0.22835149,-0.033417586,0.021595307,0.06349656,-0.08870989,-0.06740173,-0.019409169,-0.15249036,0.13181537,-0.06292115,-0.26292124,-0.011875189,-0.08655544,-0.008622125,0.060214505,0.18141307,-0.030944465,-0.0281483,-0.21918002,0.032852564,0.011051829,0.07849324,-0.04140778,-0.0014737028,0.11432972,0.20416632,0.034141,0.054155838,-0.05696553,0.0135009615,0.028917361,0.15356107,0.016881097,0.006769585,-0.16484953,-0.043169156,-0.08337242
TCGA-E2-A576-01A,0.11175368,-0.08656696,0.22188586,0.12443186,0.1275244,0.037492428,0.045436475,-0.011885395,0.06695136,0.10213681,0.071523786,-0.03732837,-0.053537898,0.24680898,0.22271079,-0.112844996,0.06362023,0.12188351,-0.050503097,-0.048562475,0.0014616597,0.043559935,-0.056339785,0.1481959,-0.0063865557,-0.05514749,-0.25118285,-0.109248705,-0.055607982,-0.057138715,-0.08942898,0.067540504,-0.10693177,-0.10361667,-0.20240113,-0.07485206,-0.023276009,0.08168851,-0.02455958,0.0007797018,-0.04910591,0.13640894,0.075554766,-0.09381056,0.046324585,-0.042230684,0.01524504,0.013219777,0.12511696,0.11985255,0.09825197,-0.020785365,0.031687878,0.054454245,-0.013827493,-0.09671305,0.20340131,-0.0586771,-0.023519311,-0.024815278,-0.015509312,-0.10725715,-0.09672793,0.063531704,0.03551213,0.044450603,0.12294019,0.1086197,-0.041366946,-0.039683867,-0.082901634,-0.041795265,0.036259126,-0.22710319,0.079196006,0.007762225,-0.058299262,-0.024851352,0.29056096,0.021776082,0.010914695,-0.129769,-0.047706738,0.006916044,-0.07811584,-0.18669261,-0.024820002,0.114502475,0.19969504,-0.006255035,0.07908167,-0.053011287,0.08180245,0.041184887,0.1412743,0.058872614,-0.029953446,0.06443034,0.026647486,-0.09021848
TCGA-BH-A0H6-01A,0.061387926,-0.08772465,0.14209129,0.12637366,-0.038081124,0.055718683,-0.04656267,0.03554964,-0.07728791,0.17420754,0.014945387,0.13709554,-0.04311709,0.1957078,0.120507546,-0.14743127,-0.05700052,0.12566096,-0.04171175,-0.0023867697,-0.021623528,-0.18114121,-0.09307481,0.043616567,-0.09374653,-0.061749533,-0.22013597,-0.008672051,-0.047297057,-0.062331475,-0.04422575,0.049889132,-0.08316796,-0.15667854,-0.117183074,-0.16246963,0.0020852874,-0.10172647,-0.17205553,0.027736498,-0.03236839,0.019062834,0.12797505,-0.067403555,0.02854232,-0.18355723,-0.056912236,-0.041487306,0.023460755,-0.007479326,0.042584214,0.051849186,0.08184176,0.1266049,0.052168947,0.005953934,0.080256805,0.04290756,-0.04744637,0.066398785,0.014135906,0.017379154,-0.005665812,0.029543566,-0.07640733,-0.13504939,0.106556326,0.09452076,-0.18242064,0.080034845,-0.15279998,-0.015179769,-0.090465635,-0.19164175,0.0188507,-0.022368094,-0.113854505,-0.08367874,0.16638184,-0.0075217225,0.11000536,-0.09504855,0.087795936,0.12481536,-0.033844203,-0.098835364,0.11240463,0.12930755,0.08489635,-0.09665986,0.10000076,-0.255106,0.08159906,0.05717087,0.073770456,-0.054606896,0.08215091,-0.072707176,0.1962622,-0.09441435
TCGA-AR-A1AW-01A,-0.042967316,-0.014031548,0.084085286,-0.02971532,0.039048232,-0.029882537,-0.019689362,0.008224829,0.040179554,0.08269528,0.004560919,0.008896768,0.026889626,0.21961822,0.1586768,-0.041999996,0.02528065,0.057719268,0.038059834,-0.124165006,0.07285573,0.02872284,-0.031523068,0.018862458,-0.039495382,-0.12301372,-0.13546096,-0.037210654,-0.0123542,0.007034525,-0.087449245,-0.008065163,-0.16085947,-0.26832366,-0.14376608,-0.058571517,-0.056898013,0.017613677,-0.060437378,0.023435839,-0.050979905,0.100375965,0.2446357,-0.16857201,-0.032547705,0.0017578438,0.07926088,0.019212017,0.15480097,0.10464309,0.010660062,0.046081807,0.05946174,0.023931997,0.02645114,0.04214974,0.05121739,-0.02659726,-0.06038578,0.11504881,0.04339633,0.14674191,-0.14720725,0.17793351,-0.10940671,0.10099131,0.15425716,0.036490742,-0.10671714,-0.09467577,-0.14958046,0.12452914,-0.076597035,-0.190333,0.16707781,-0.05076131,-0.071699366,-0.089248486,0.09400221,-0.1728424,0.12024864,-0.13539952,-0.066690534,0.117543325,0.010684822,0.06328971,0.002481116,0.096214965,0.19120659,-0.111721046,0.023888983,-0.11202986,0.115007594,0.19503993,0.06533465,-0.14926323,0.04864851,0.051788818,0.051930808,-0.09410273
TCGA-B6-A0WZ-01A,0.01206327,-0.11495451,0.13704056,0.057425354,0.04497285,0.08557921,-0.07010787,-0.0474829,-0.063775845,0.09481764,0.038803086,0.09924454,-0.11363439,0.13435227,0.069516376,0.054790504,0.019619547,0.08138135,0.10735781,-0.11476607,-0.030678237,-0.024442995,-0.17825526,0.14486542,-0.11546299,0.026233735,-0.3197502,-0.11912724,-0.0032259107,-0.03752099,-0.101683185,0.06067495,-0.08561422,-0.17128044,-0.12738602,-0.15235366,-0.07712629,0.017885238,-0.16019383,-0.10706968,-0.045046415,0.106280595,0.122207366,-0.033248466,-0.039999142,-0.009013371,-0.016464839,0.18556586,0.14349262,0.030276638,0.15212707,-0.0740892,0.026258813,0.008005942,-0.06705032,-0.0591387,0.10259512,0.11721511,-0.034642115,-0.032027237,0.11975532,-0.049506735,-0.0399267,0.06753044,0.09321305,0.07983045,0.19712,0.03301938,-0.029050307,0.060844894,-0.1466027,0.074100904,-0.022726431,-0.048874177,0.060276378,-0.026828188,-0.03429561,0.08130636,0.26723048,-0.025226925,0.042095955,-0.1702157,0.011793546,-0.053628918,0.010434712,-0.1717146,-0.09959317,0.016759982,0.13307633,-0.023697533,0.039639827,-0.10338103,0.18404874,0.0034189946,0.1219735,-0.018204426,-0.073129885,-0.09634779,-0.061745904,0.11879259
TCGA-5T-A9QA-01A,-0.054483153,-0.04644364,0.21648648,-0.01583802,-0.036750216,0.10055935,0.07537469,-0.034052566,-0.08280845,0.043998584,0.11676888,0.052449342,-0.013173359,0.23655264,0.17145722,0.06914443,-0.12069125,0.04640201,-0.09440005,-0.07067114,-0.12067968,0.023517909,-0.14919987,0.1303902,-0.09493908,-0.018988695,-0.15582263,-0.14953125,-0.08455225,-0.120904714,-0.11389977,0.049643613,-0.06645442,-0.22346999,-0.19439656,-0.1775726,0.008981725,0.032255445,-0.12932733,-0.06261172,-0.08689555,0.06520336,0.113735706,-0.08013473,-0.07121952,-0.064981535,0.053436235,0.00283393,-0.06757905,0.12232544,0.08055169,-0.013458016,0.061417393,0.19488621,-0.0030278154,0.006451105,0.09130346,-0.0078091137,-0.08585422,0.015503944,0.03296784,-0.07021846,-0.051831264,0.13734098,-0.025068665,0.056450088,0.09759931,0.035262562,-0.04454551,-0.03421702,-0.20219806,-0.015989488,0.008745044,-0.15961824,0.18997636,-0.08266618,-0.07110297,0.05570637,0.10013686,-0.04153183,0.12247721,-0.16071291,-0.038422063,0.06673756,-0.07322349,-0.000842514,0.016004298,0.15896869,0.18392356,-0.0059164814,0.06380985,-0.118038505,0.09234998,0.05814479,0.13619499,-0.028613627,-0.08634782,-0.034855135,0.042853802,-0.12973486
TCGA-BH-A1ET-01A,0.011013444,-0.037142638,0.10608659,0.0721007,-0.06266575,0.03851548,0.07209882,0.0060193148,-0.0027984632,0.11407382,-0.08720326,0.054419752,0.09624502,0.19476174,0.02073327,-0.016853297,0.030065538,0.028941859,-0.029462876,-0.19245861,-0.13683179,0.010933602,-0.010087575,0.13451326,0.020191494,-0.13760176,-0.21059136,-0.007568872,-0.027511017,-0.046310615,0.05958699,0.03304172,-0.21050556,-0.18698537,-0.20472246,-0.17777064,-0.07052,0.1557586,0.035561334,0.0005057148,-0.03335357,0.15122437,0.18679132,-0.110441625,0.12184396,0.016519176,-0.005369728,-0.049084507,0.04815194,0.06434651,0.19009598,0.05180533,-0.0059923553,0.13144906,0.06258983,0.0004121481,0.01783534,-0.016132861,0.0038272606,0.017307196,-0.05028525,-0.024717096,-0.08032559,0.1190726,-0.01318894,-0.04094549,0.16081083,-0.052016847,-0.019748831,0.031121962,-0.21418618,-0.07113269,-0.07058696,-0.28300932,-0.001205331,0.023213003,-0.09722231,0.030541105,0.053392615,-0.06117877,-0.02194007,-0.038429614,-0.030016223,0.030714095,-0.025134576,0.024623003,0.14080462,0.16527154,0.22894932,-0.14517531,0.11529921,-0.09767346,0.03571404,-0.022071898,0.066643156,-0.061806455,-0.15978624,-0.115900345,0.029627953,-0.07179749
TCGA-BH-A0BM-01A,0.060852293,-0.1991728,0.2030009,0.14360945,-0.094814174,0.22464435,0.060218737,0.0023864547,-0.03754556,0.16200456,0.014102914,-0.095404245,0.020530993,0.18433082,0.1538914,0.043793768,-0.024923136,0.13411297,0.09698908,-0.13401769,-0.05600645,-0.07150074,0.057946313,-0.0041428474,-0.005683937,-0.045670867,-0.23964883,-0.07760473,0.010922715,-0.048353445,-0.009042504,-0.054095536,-0.11442211,-0.02629962,-0.12686807,-0.06295492,-0.0238367,-0.032243773,-0.089315526,0.0030841343,-0.055662468,0.04719954,0.14307506,-0.17184731,0.059919618,-0.031379092,0.04645383,0.047518205,0.054852452,0.041112185,0.13641416,0.12220718,0.19587515,0.095545016,-0.0065662744,0.11349028,0.13137242,0.033293206,-0.031325653,-0.037149735,0.03250283,0.060212202,-0.0829845,0.0363643,-0.061324187,0.10040923,0.15077172,0.039970323,-0.0375201,0.04889642,-0.10777126,0.017884947,-0.11868431,-0.14388768,0.15426065,-0.020750457,0.01672912,0.111568205,0.05339861,0.061169174,0.02104921,-0.11357082,0.025951924,0.13811484,0.10000295,-0.007550535,-0.099075004,0.23445486,0.18899855,-0.02052517,0.109377176,-0.120126486,0.17851089,0.14568624,0.08714813,0.00994614,-0.025415776,-0.03401882,-0.006844997,0.02705336
TCGA-AC-A8OQ-01A,-0.021775166,-0.00894584,0.087544546,0.0542964,0.014137185,0.12499851,0.0330212,0.072436295,-0.087962046,0.062342707,-0.17985477,0.075734906,0.012446498,0.1917827,0.12416546,-0.070594266,0.034988135,0.20623969,0.032503597,-0.011132185,-0.10805937,-0.14228866,-0.10406103,0.002169522,-0.13174419,0.005684611,-0.17674485,-0.04489156,-0.010242099,-0.08852889,-0.09525821,0.048659537,-0.08111206,-0.2328351,-0.17593428,-0.037305202,-0.017215792,-0.026694957,-0.015054352,-0.044800468,0.05690637,0.015252795,0.093735896,-0.13294986,-0.012670144,0.0037913898,0.11416458,0.0022594037,-0.061804447,0.09594487,0.18387146,0.057756845,0.050226383,0.043998964,-0.13998216,-0.00796878,0.14411469,0.07622674,-0.020688744,-0.0037365523,-0.016618801,0.0271053,0.093642876,0.14704467,-0.0056489995,0.018532967,0.16418134,0.022476198,-0.04300258,0.059675884,-0.18576968,0.0056944047,-0.010854832,-0.17218465,0.21510431,-0.088517204,-0.033468727,0.08232958,0.11526747,-0.012022361,0.038072508,-0.119074285,-0.06179302,0.12421853,-0.123052575,0.0015184788,-0.11922694,0.26016217,0.1664769,-0.069499195,0.04630129,-0.111725725,0.12882848,0.124493934,0.1032928,-0.12345359,-0.035492476,0.061858274,0.04251504,-0.112647854
TCGA-AQ-A1H3-01A,0.069253884,-0.11743644,0.073887885,0.08477956,-0.003315155,0.05578681,0.009397669,-0.0071517685,-0.039782237,0.12337658,0.042753045,-0.039404076,-0.03943655,0.19740218,0.19061643,-0.022363195,-0.021005526,0.1537837,0.033379834,-0.12820561,0.0361864,0.02544119,0.054782543,0.052135356,0.03162831,-0.095150314,-0.17060867,0.011012895,0.006847619,0.13293901,-0.105119966,0.115437925,-0.14068532,-0.14690523,-0.077094726,-0.1402266,-0.14855023,-0.050471,0.044480097,0.010347281,0.010727337,0.1578867,0.159267,-0.17168787,-0.013933369,-0.036141485,0.1025429,0.020386837,0.08130139,0.12513085,0.080601476,0.05916627,-0.06279386,0.019841282,0.024975156,-0.072780095,0.068994835,0.10481734,0.038738087,0.046438135,0.06207428,0.09526328,-0.045006216,0.19447157,-0.11052175,-0.073527366,0.30266908,0.100117534,-0.06317064,-0.039679535,-0.1010604,0.01972093,0.06329364,-0.13513999,0.12513939,0.053080834,0.012600852,-0.035127927,0.13309152,-0.15844353,-0.10043157,-0.10423147,-0.073507495,0.19476046,-0.013331034,-0.07168964,-0.01490189,0.14685337,0.17330793,-0.1000404,0.013769061,-0.13414638,0.10185819,-0.028967384,-0.010092267,-0.14052168,-0.13935977,-0.11609196,0.024434961,-0.044866454
TCGA-B6-A0RO-01A,0.024470817,-0.03675798,0.14003602,-0.04018004,-0.1454171,0.030420452,-0.009997214,0.036911413,0.1148491,0.21550895,0.033142943,0.003389856,0.012983179,0.20040989,0.1171554,-0.030194279,0.04784297,-0.021061817,-0.015456435,0.046963695,-0.060590547,-0.047808856,-0.09602765,0.03867973,0.026233055,0.044116907,-0.20899959,-0.17782302,0.01075555,-0.17397758,-0.04271857,-0.028752968,-0.10662702,-0.13873471,-0.0838359,-0.19195548,-0.10173054,-0.07253024,-0.09386023,-0.01942843,-0.09621388,0.024306454,0.13581744,-0.05755325,-0.08262787,-0.0079928,-0.05312071,0.0032045974,0.13511454,0.17043875,0.1214612,0.05012982,0.058575794,-0.008049837,-0.11181348,-0.0027662257,0.003906258,-0.008840954,-0.14846934,0.006229953,0.06342002,0.012964277,-0.030704116,0.17974058,0.033636425,-0.027484003,0.28862247,0.009488427,-0.044796523,0.017782772,-0.1630889,0.03996974,-0.025732767,-0.2883062,0.05446284,-0.0070025823,0.013279547,0.022634016,0.06888088,-0.081649154,0.01347837,-0.062390495,-0.07448969,0.16637145,0.07775226,-0.012911541,-0.049515676,0.09871438,0.20036347,-0.05729577,0.068510525,-0.23595338,0.015581412,-0.044508323,0.16730338,-0.0934977,-0.021171236,-0.0011844055,0.093960635,-0.038812723
TCGA-AR-A24O-01A,0.058912065,-0.09920036,0.0051394147,-0.02533381,0.07007578,0.10732049,-0.0041078725,0.08731559,-0.04505997,0.09982887,0.014465576,0.026553757,-0.0035001012,0.08648407,0.07575911,0.08057685,0.049449984,0.06622163,-0.03533687,-0.15719154,0.08768132,-0.08850038,0.0051588244,0.08049866,0.060534716,-0.065635875,-0.19032444,-0.14179935,0.0045332955,-0.11795926,-0.07706476,0.08775614,-0.19059797,-0.1601756,-0.10777842,0.009063128,-0.15025921,0.017032813,-0.050144136,-0.063885935,-0.05751354,0.04562745,0.20919451,-0.19110174,0.06411873,-0.08817868,-0.038602147,0.05391094,-0.035392582,-0.0069434876,0.11517665,0.1401683,-0.0009528836,0.11094813,0.050147526,0.045952428,0.029557243,0.032863975,0.018976685,-0.008296342,0.10702185,-0.064747296,-0.1364049,0.14896041,-0.028824456,0.0048713973,0.24390712,0.047879767,-0.18212141,-0.046506945,-0.13491051,0.1027051,0.060372863,-0.3106825,0.1906033,0.018758692,-0.042609487,0.09732314,0.13666755,-0.16865546,0.0607461,-0.02317465,-0.02331022,0.069267794,0.01766963,-0.08412473,-0.0658389,0.123441756,0.20012212,0.08630626,0.03891127,-0.15394527,0.0820822,-0.07027602,0.08336111,-0.10702,0.05315698,0.039373484,-0.042974662,-0.005228637
TCGA-BH-A0DQ-01A,0.03626361,-0.08879451,0.17718242,0.13446681,0.073593296,-0.005302194,0.05109153,-0.04024198,0.08836972,0.1486371,0.027420549,0.0076274714,-0.03760094,0.19487378,0.17364223,-0.01647291,-0.1096897,0.12595448,-0.0756426,-0.19508272,-0.060985744,-0.052561812,-0.044330202,0.0710753,-0.08633581,0.07727535,-0.03871631,-0.0021055436,0.06341084,-0.033886373,-0.022778956,0.03798908,-0.013384037,-0.21772577,-0.08074087,-0.13205747,-0.1120814,-0.027037224,0.028049268,-0.0030836333,-0.011968736,0.06539211,0.06314273,-0.17678748,0.0034224773,-0.046403706,-0.017808711,0.095463775,0.08462674,0.17550533,0.20043036,0.121377796,0.12296368,0.06664186,-0.099132255,-0.020559184,0.026896298,-0.006023923,-0.12718543,0.061420977,0.009575953,-0.008885338,-0.030310346,0.07782292,-0.028878793,-0.03502644,0.038913283,0.12238081,-0.10932024,-0.021440318,-0.22978239,0.02908567,-0.031303506,-0.3349925,0.1474854,-0.06472551,0.06364029,-0.021112518,0.1932795,-0.0150604565,0.057401862,-0.06866576,-0.0011788146,0.13534708,-0.007095126,-0.06267149,-0.095830046,0.0022450741,0.21296959,0.005936328,-0.05001374,-0.12055647,0.101954296,0.14475657,0.08605505,-0.07884985,0.03952413,-0.110635065,-0.09771197,-0.01992159
TCGA-A7-A5ZW-01A,0.026451828,-0.07529689,0.14791214,0.08354722,0.041900933,0.021603325,0.10865928,0.08326772,-0.017261494,0.028753936,-0.016900508,0.030107768,-0.05737652,0.2138048,0.25573945,-0.04021989,0.020601101,0.15336663,-0.03448384,-0.09454084,-0.02631486,-0.09534132,0.060520284,0.114984885,-0.08785151,-0.013159371,-0.18093629,0.003042044,-0.03619618,-0.16800195,-0.0417686,0.025239037,-0.19435616,-0.25012192,-0.054178137,-0.17723593,-0.21575117,-0.09705458,-0.028606886,-0.0024179271,0.06864455,-0.036160007,0.12771313,-0.14496423,0.05363132,-0.02342586,-0.052588865,0.041341905,0.070384435,0.02381697,0.1206081,0.00067357626,-0.051004075,0.10164655,-0.043386843,0.002041432,0.13067512,-0.03196557,-0.03379491,0.047723703,0.10995838,-0.0051568085,0.0076728645,0.039736196,-0.0587206,0.03264707,0.21073869,-0.054349016,-0.048491135,0.0136164315,-0.1578949,0.04554209,0.11428475,-0.2359602,0.15179853,0.09613433,0.08272952,-0.035855744,0.046910446,0.15269186,0.01721057,0.039947376,-0.06611884,0.0893549,0.04086177,-0.05987804,0.014314313,-0.038665544,0.17887263,-0.10720063,0.023708321,-0.23929013,0.14194001,-0.022152148,0.08397965,0.034893893,-0.03221844,-0.04062788,0.083309464,-0.046426844
TCGA-A2-A0T0-01A,-0.038508255,-0.036949582,0.10136541,0.09672282,0.15150015,0.02865774,-0.07493198,-0.0239576,-0.07591658,0.08454419,-0.015582522,0.019690074,0.0768469,0.36890873,0.1684924,0.07462158,0.09394042,0.041053135,-0.005311359,0.03707576,-0.02560728,-0.068569794,-0.08001648,0.046685778,0.019678907,-0.08859333,-0.099974535,-0.072719656,-0.051421084,-0.11985118,-0.1495561,0.008275196,0.010733496,-0.09001828,-0.10476746,-0.095586725,0.06099463,-0.0068139816,-0.059106786,0.046712674,-0.039632358,0.042772632,-0.039472673,-0.14855449,0.036113802,-0.10124676,0.06378438,0.022506535,0.058477793,0.121704414,0.07252336,-0.017634403,0.043536652,-0.048261553,-0.035992406,0.042276163,0.026792942,0.02336421,-0.040030997,-0.05011203,-0.049310107,0.03521641,-0.13235636,0.06726012,-0.084325016,-0.056398645,0.25148612,-0.08585183,-0.1965047,-0.07647843,-0.24634041,0.055879492,0.035913084,-0.19079833,0.17216752,-0.09735559,0.008691245,0.05176153,0.13794115,-0.03210839,-0.06606727,0.03135464,-0.12406119,0.07048652,-0.012999386,-0.22467239,0.066089734,0.2931821,0.084013246,-0.09043385,-0.0052816235,-0.036070768,0.046617404,0.13287838,0.09103337,0.034743894,-0.028039483,-0.10726125,0.061234254,-0.09328152
TCGA-D8-A1XV-01A,-0.015501383,-0.18981749,0.1302348,0.10140562,0.049982604,0.11563082,0.015422858,0.05168396,-0.010653263,0.10605668,0.0018776617,0.09560768,0.068879865,0.3052647,0.107938334,-0.082307406,0.11818013,0.05807069,0.033066794,-0.22801875,-0.07836588,0.037151676,-0.063296475,0.08038806,0.07829368,-0.056712598,-0.2475455,0.03885719,-0.056804277,-0.033106793,0.022373611,0.032898657,-0.120903656,-0.13191688,-0.036077216,-0.052183636,-0.08602454,-0.01672144,0.04266556,-0.020878578,-0.013743914,0.098160006,0.20542172,-0.13202502,-0.039754037,0.02092741,0.0703339,0.04345624,0.15450275,0.11024551,0.0937535,0.00924708,-0.018929146,0.08860892,-0.069074035,0.0013457944,0.19142008,-0.12354879,-0.16017202,0.040462896,0.06303687,0.099552535,-0.044277426,0.10298901,-0.047854036,0.039662056,0.17233054,0.020044224,-0.09887757,0.028853973,-0.15500188,0.07814145,0.03186776,-0.1815228,0.17477646,0.026079511,-0.012393244,0.025886651,0.07234567,-0.03295346,0.12176421,-0.15972158,0.072950184,0.009332021,0.03973962,0.0021174639,0.044511065,0.11822443,0.111769475,-0.062617436,0.007520104,-0.06785438,0.15648738,0.1052855,0.15138145,-0.1410262,-0.021724474,0.05642413,-0.060487494,-0.09733529
TCGA-E2-A1AZ-01A,0.0053810044,0.0018996912,0.071579,0.017906353,-0.10450416,0.06237504,0.013327981,0.016236274,0.031437375,0.119154975,-0.024630817,0.0145043405,-0.07186877,0.16760115,0.091323584,0.073901266,0.10407668,0.11666515,-0.04398999,-0.08319649,-0.058770966,-0.13612051,-0.03962043,0.03372078,-0.027115943,0.031816337,-0.23395488,-0.2313839,-0.12083353,-0.15394017,-0.09396811,0.016362203,-0.01607987,-0.05883495,-0.08404276,-0.21682794,-0.08503629,0.09685224,0.063830025,0.012407116,0.010211593,0.06775596,0.07348964,0.010534215,0.06967242,0.04161867,0.044708215,-0.011308328,0.0772316,0.17501211,0.09817965,-0.042017963,0.13349716,0.020795902,0.13053444,-0.02735046,0.11909281,-0.050598305,-0.10681789,0.13720168,0.068327434,-0.058230247,-0.13753939,0.12924962,0.0018729301,-0.1468119,0.18679465,0.020887882,-0.08312545,0.022352226,-0.16741851,-0.043853104,-0.0133559415,-0.18428043,0.20146048,0.062430367,-0.097045496,0.011864826,0.19081101,-0.039127413,-0.04977629,-0.08855888,0.07653702,0.17815204,-0.014812546,0.017422944,-0.09965057,-0.03184155,0.20047885,-0.091760226,0.090151034,-0.19367856,-0.008626026,0.07723684,0.059168577,-0.15075617,0.013942483,-0.11130063,0.09706323,-0.016566923
TCGA-A2-A0SY-01A,0.063531995,-0.08847084,0.24098745,-0.07335138,-0.028752474,0.061910562,-0.039969265,0.07482191,-0.111436054,0.111249395,0.07150288,-0.096636884,-0.05409248,0.18083437,0.081919365,0.02875736,0.008437161,0.02216227,0.111121655,-0.18454792,-0.047512308,-0.052548878,0.05342342,0.12058865,-0.10694678,-0.037659317,-0.26789638,0.05068598,-0.031478286,-0.06035997,0.006133087,0.025307946,-0.101983845,-0.1441966,-0.010286836,-0.096919194,-0.003211053,0.012646401,0.05054515,-0.10143813,-0.126394,0.08168114,0.026415654,-0.08798774,-0.041305225,0.02170331,0.04822613,0.021420354,0.14773662,0.101436265,0.026326314,-0.09611666,0.118280105,0.023659592,-0.03343355,0.038003813,0.15670368,0.010606248,-0.06915808,0.06770663,0.107486226,0.0063072415,-0.04844201,0.115284994,-0.030569384,-0.039644957,0.17612042,-0.047037397,-0.08662297,-0.004061014,-0.2148389,0.09127811,-0.031052709,-0.2655606,0.26971585,0.026264932,0.060749616,-0.063025445,0.10602875,-0.10197351,0.14690578,-0.18917999,0.15936574,0.02765276,0.020180669,0.015646763,0.021838788,-0.047958806,0.21187583,-0.14997292,0.05495142,-0.045659922,0.119576365,-0.03307686,0.011488425,0.053903636,0.001765983,-0.021677954,-0.049922742,-0.074363105
TCGA-B6-A0IK-01A,0.025313616,-0.071993835,0.12227379,0.107117645,0.05931288,-0.07210157,-0.025316164,0.026650112,-0.054441053,-0.016661923,0.014428558,-0.110424966,-0.07737927,0.16569482,0.13681383,0.07596388,0.0024592846,-0.00014104162,0.08277089,-0.14407736,-0.060323093,-0.13090067,-0.06037979,0.1198101,-0.120371304,-0.036577083,-0.19589232,-0.19118057,-0.1388192,-0.09599554,0.0020941375,0.054823525,-0.014426637,-0.11697609,-0.101903625,-0.09878217,-0.09126128,-0.08353685,0.005027762,-0.054502588,0.0019717005,0.034234326,0.07587718,0.0076076537,0.1365691,-0.12898856,0.016344381,0.08298406,0.021717694,0.09999514,0.11093851,-0.07375686,0.08983527,0.06616703,-0.00020723465,-0.09732547,0.082407266,0.01338366,-0.12519892,0.015314105,0.08424065,0.032632247,-0.048564352,0.10809044,0.10713988,-0.06536059,0.1725029,0.14053997,-0.13502465,-0.064547606,-0.20109129,0.07097842,-0.036486354,-0.27171665,0.16324666,0.07844357,0.053747833,-0.06718313,0.1927215,0.020028334,0.060940918,-0.14195246,-0.045851205,0.06788944,0.123041384,-0.0335413,0.042029835,0.064109914,0.11577596,-0.041497093,0.104157254,-0.15273812,0.16729349,0.11861185,0.045806285,-0.16776942,-0.14277412,-0.029725429,0.046118427,-0.121336095
TCGA-AC-A23H-01A,0.07972196,-0.06032442,0.026330976,0.022970166,-0.08333401,0.094627775,-0.015647143,0.020537239,-0.06483179,0.052778956,-0.081296414,-0.041423973,0.008074373,0.20955913,0.061886538,0.03404369,0.042831324,0.10220394,0.007971929,-0.0733471,-0.10131132,0.014905828,-0.18190949,-0.013047725,-0.062036403,0.08579424,-0.21180251,0.00650408,-0.014139368,-0.07394952,-0.02841863,0.027339084,-0.0186374,-0.09008817,-0.19525607,-0.17350025,-0.060781702,-0.028008988,-0.015767517,-0.07913848,-0.037061967,0.16403191,0.019712033,-0.1823317,-0.0091732405,-0.08209062,0.026316192,0.113532804,0.109365135,0.12104566,0.17909402,-0.0004153997,-0.0104724495,0.101531744,-0.11081686,-0.04156423,0.0065197037,0.11412661,-0.06592143,0.018367246,0.093471065,-0.13278486,-0.16885036,0.16689393,-0.13324608,-0.05973426,0.2112994,-0.0068109296,-0.08416021,0.124422096,-0.17324562,0.037519883,-0.1546476,-0.28595567,0.057068024,0.10120825,-0.11143632,0.12051491,0.15992771,-0.048432264,0.13300323,-0.033915754,-0.036769368,0.04420731,-0.028167529,-0.039056525,-0.009250504,0.12200418,0.04497872,-0.07382724,0.120808005,-0.12501802,0.16066793,0.09010479,0.005602359,-0.09054321,0.010392599,-0.001483828,0.12595986,0.01442193
TCGA-AR-A24U-01A,-0.027970808,-0.09477413,0.04875927,0.06603724,-0.051870584,0.04672329,-0.057828285,-0.041981902,-0.07931483,0.021455925,-0.045452654,-0.040393785,-0.0026131636,0.3524396,0.075574845,0.13728802,-0.05531825,0.027562795,0.061367717,-0.10617461,-0.019249909,-0.008815746,-0.06007743,0.22035514,-0.037988372,-0.08365958,-0.14436229,-0.013572754,-0.018064698,-0.16723463,-0.20819342,-0.05448778,-0.178111,-0.20963086,-0.03719617,-0.105904885,-0.068866685,-0.01970065,-0.11646431,-0.0651045,-0.058752473,0.17981303,0.10306391,-0.14251152,-0.00017167492,-0.00017997103,0.02592945,-0.03873869,0.2070999,0.038294144,0.13831364,0.0012960687,0.03148764,0.054263446,0.01747195,0.029845407,0.14672269,0.0283296,-0.09031479,0.09391218,0.124283604,0.048779145,-0.0709385,0.05385134,-0.12563895,0.013672534,0.21681847,0.024343593,-0.0076968237,-0.05459792,-0.1074309,0.08828253,-0.0066680214,-0.2097927,0.098516904,0.08098804,-0.055968143,0.16165017,0.17645833,0.07473998,0.050573636,-0.017116595,-0.018127564,0.04214312,-0.05353766,-0.10819951,0.07682073,-0.0019706758,0.16546994,-0.015248493,0.113364026,-0.092703976,0.074493825,0.022195341,0.12592088,-0.058045883,-0.09512419,0.008404651,-0.051954377,-0.033582147
TCGA-D8-A27R-01A,-0.052659295,-0.013429255,0.20208423,-0.041387867,-0.022135407,0.06984533,-0.011774931,-0.12175883,-0.036470935,0.08495628,0.0664132,0.019872043,0.072715566,0.27286193,-0.02675121,-0.06758299,-0.10848666,-0.011223915,0.079900615,-0.13897876,-0.022282226,0.033192836,-0.100620046,0.03831821,-0.023257378,0.008083902,-0.18081202,-0.017294133,-0.03536971,-0.112972915,-0.07281337,0.24390385,-0.06324116,-0.090230726,-0.10973166,-0.09345401,0.10592524,0.053092003,-0.012122115,-0.050752483,-0.050710157,0.14369,0.11916424,-0.104731955,-0.15812528,-0.028357552,-0.10790631,0.031931072,0.06772255,0.15817861,0.12493192,0.08363029,0.081157036,0.18260324,-0.029183295,-0.061889764,-0.01928359,-0.012608762,-0.08934068,0.065070406,0.14018369,-0.08477702,-0.15591551,0.07421638,0.028184582,-0.02979037,0.19246267,-0.024499739,-0.05642958,-0.0003791011,-0.17252007,0.091076456,0.11064372,-0.23005937,0.024019394,-0.05509317,-0.19383697,-0.05649151,0.15306163,-0.079928845,0.02994647,-0.069217816,0.046082065,0.07527405,-0.0017362094,-0.0811658,-0.02221179,0.10798257,0.11135952,0.012909824,0.1225706,-0.05545349,0.12148531,0.09446451,0.14221998,-0.15340018,0.0051235743,0.13867801,-0.0005540596,-0.017937155
TCGA-A2-A0YM-01A,-0.028054519,-0.069118306,0.088084735,-0.03796772,-0.06204375,0.08385511,-0.05013321,0.07118746,-0.013376951,0.06465271,-0.046142127,-0.007061038,-0.009302593,0.30585936,0.17241642,-0.06385638,-0.080038816,0.14002764,-0.070910096,-0.13912463,-0.13020055,-0.08391949,-0.008319611,0.0054049925,-0.030612024,-0.069438994,-0.20786956,0.08560876,-0.14037779,-0.050612837,-0.1381846,0.05569227,-0.017727321,-0.111910306,-0.14984448,-0.14847462,-0.10197684,-0.047443125,-0.11357716,-0.016421638,0.10725481,0.13449092,0.06700847,-0.045019574,-0.07807177,-0.14104939,0.14975029,-0.035464525,-0.031374913,0.11948044,0.09486899,0.006203993,-0.06392138,-0.061008953,-0.05623216,-0.03919802,0.01305764,0.07944315,-0.021908969,0.004983861,0.08818898,0.047474988,-0.08118839,0.11873234,-0.09229462,-0.035020806,0.24507244,0.062948324,-0.09923679,-0.15866995,-0.23991832,0.08460083,-0.01011957,-0.15721671,0.09699847,-0.011969178,0.006048069,-0.052990943,0.25607407,0.010103691,0.09195831,0.0044159936,-0.089535326,0.12257999,0.06648911,-0.012970443,0.12180516,0.041978445,0.0818806,0.028617026,0.1264609,-0.07489358,0.090182334,0.072035044,0.12687683,-0.068312034,0.1290529,-0.015937122,0.06973353,0.001309488
TCGA-E9-A1R4-01A,0.024427693,-0.01128948,0.14139268,0.024879506,-0.05431468,0.047762547,0.01740417,0.036207218,-0.08500553,0.10130248,-0.045620985,-0.039740264,0.08333031,0.25349802,0.17630956,0.045223508,-0.022526613,0.14158092,-0.03763418,-0.06868382,-0.030539025,-0.012809647,-0.08543372,0.032360375,-0.075514495,0.062419992,-0.23225638,-0.17432658,-0.0055307355,-0.0028707099,-0.014430535,0.02705193,-0.17773308,-0.10319138,-0.14310473,-0.10901275,0.0928076,-0.04541688,-0.02632367,-0.07723153,-0.0016757154,0.048548944,0.08758333,-0.10630482,-0.06392522,-0.0061335023,0.052105386,0.07065031,0.016347345,0.0712749,0.030653432,0.020059953,0.11692377,0.11573184,0.02451462,0.043627873,0.16691396,0.045431517,-0.0005302334,0.11844047,0.035871632,-0.008383754,-0.08762129,0.06078101,0.00020244526,0.041305836,0.21035266,0.034725253,0.056692787,0.015998742,-0.12203484,0.07427224,-0.08376476,-0.17507257,0.15728995,0.040769156,-0.18806061,0.001384982,0.27549312,0.025864631,0.03542631,-0.13219635,-0.0947785,-0.002664157,0.08468771,-0.04486312,0.062441505,0.088869266,0.19812329,-0.0614178,0.10259748,-0.13133083,0.2068475,0.16412428,0.18832554,-0.04813714,-0.13153476,-0.053834837,0.054590315,-0.005482741
TCGA-E9-A1RH-01A,0.049874883,-0.01843548,0.16899234,0.0012433624,0.104740284,0.026157575,-0.044373676,0.15336493,-0.12300239,0.097806945,-0.115137726,0.03520324,0.10618656,0.14203653,0.111956574,-0.038718943,-0.0075334366,0.08255835,-0.0070408336,-0.07269714,-0.14057344,-0.12864532,-0.12092474,0.038141463,-0.08536934,0.06619987,-0.31309903,-0.030258663,-0.0557784,-0.052006576,0.019909497,0.069292404,-0.046701793,-0.053215,-0.14938565,-0.11929037,-0.04878599,-0.012194629,-0.09666895,-0.074505374,-0.027644573,-0.021714797,0.09500992,-0.0030141657,-0.16046935,-0.0731269,0.057768427,0.10618625,0.08710201,-0.039715152,-0.005311964,0.057355963,0.033396605,0.07110082,0.0015616308,0.024222976,-0.036198903,-0.007456453,-0.092035845,-0.04183627,0.07905926,-0.061434563,-0.1354141,0.16483991,-0.0012172579,0.041178517,0.14659573,0.03657162,-0.21579553,-0.045977466,-0.27981594,0.09533838,-0.09945252,-0.28309566,0.117502876,0.054476034,-0.1097189,0.046872042,0.22704956,0.022768857,-0.016439594,0.0010628816,-0.022333045,0.04129333,0.0011673102,-0.071222425,0.045172006,0.094411045,0.029654512,-0.044571564,0.14104605,-0.12491696,0.1343208,0.12219105,0.06470296,0.0020520461,-0.03493121,-0.1719525,0.025396466,0.008241231
TCGA-E2-A1BD-01A,0.050548162,0.051299028,-0.06680785,0.11140019,-0.028457245,0.050643183,-0.08390371,0.0696974,-0.011663458,0.034352373,-0.0271384,-0.017819908,0.00385559,0.22381963,0.14714177,-0.06449615,0.010163041,0.037671592,-0.007445449,-0.17004943,-0.06396018,-0.0027513425,-0.08684977,-0.06804972,-0.009493694,-0.07760802,-0.2837867,-0.09910638,-0.014561547,-0.06658034,-0.0990691,0.05979157,-0.12764014,-0.1201444,-0.03345707,-0.10421231,0.03070446,0.14083678,-0.08405573,-0.020607824,0.10919268,0.027187508,0.17393635,-0.113440044,-0.02691372,-0.07583641,0.06416467,-0.028652057,-0.0073265885,0.039181788,0.19542187,0.040859807,0.19919705,0.10112307,-0.04861748,0.012874231,0.04288594,0.04726823,-0.12391177,0.20274426,-0.10179648,-0.012033474,-0.11595042,0.09085554,0.061206575,0.009302654,0.1032581,-0.016446458,-0.039112877,-0.10607366,-0.12679718,0.030618526,0.0057825097,-0.23911926,0.15037546,-0.13617334,0.03687431,0.057345167,0.20410049,0.062755376,0.0698159,-0.0008094588,-0.038743563,0.06901986,-0.09573981,-0.14936773,-0.009753211,0.19770801,0.16984735,-0.09603001,0.06061162,-0.14681911,0.11887321,-0.043722346,0.07875441,0.016656006,-0.13782346,-0.03328691,0.08374012,-0.10198392
TCGA-EW-A1J2-01A,-0.0865229,-0.22612002,0.2248929,0.043085806,0.013145304,0.09605744,-0.023688048,0.044265706,-0.0396548,-0.030376084,-0.109957136,0.073733106,0.0832716,0.13985592,0.15356098,0.01830844,0.034133054,0.017947031,-0.057622038,-0.23829234,-0.051786155,-0.056974065,-0.10529453,0.083586656,-0.029294215,-0.02768807,-0.18181492,-0.08651648,0.034856454,-0.07340951,-0.11883629,0.041440595,-0.08756434,-0.09677752,-0.15189049,-0.060608722,-0.010089661,-0.087930486,-0.07653793,-0.19753598,-0.09814737,0.09781586,0.03685751,-0.05969737,0.097893976,-0.11053204,0.031170817,0.09140973,0.013365765,0.08373743,0.112508565,0.09302228,-0.030438744,0.019548088,-0.16916479,0.19270755,0.013694626,0.09336028,-0.07709906,0.07120195,0.13484569,0.03068103,-0.13116144,0.12335556,-0.08149079,-0.107710645,0.06378599,0.047715303,-0.17468531,0.053167056,-0.054465342,0.092676185,-0.07323053,-0.21017823,0.11882871,-0.006856936,-0.05933325,-0.04845346,0.07146842,-0.055069678,0.14874656,0.016758086,0.10698735,0.0462045,-0.01086104,-0.11550365,0.00311345,0.12587678,0.18315852,-0.082394004,-0.0059027397,-0.13332036,0.09858888,0.066965945,0.19568437,-0.020747088,0.08371009,-0.026263557,0.058415357,-0.05429654
TCGA-AR-A2LO-01A,0.14681056,-0.026717203,-0.016046949,0.06629435,-0.024667943,0.06302374,-0.031123543,0.060993787,-0.12450644,0.0309315,-0.02206707,0.03780572,0.056644484,0.100611694,0.063427456,0.026138587,-0.056310933,0.111071564,0.009428489,-0.12783,-0.019935165,-0.037697047,-0.078673,0.22185309,-0.14431171,-0.0037409887,-0.1773182,-0.072265506,0.011486407,-0.057470944,-0.17580923,-0.004468114,-0.062482283,-0.01672547,-0.014009384,-0.14953111,-0.14494523,-0.0041215066,-0.03950058,-0.034569167,-0.1277482,0.066646725,0.25461143,-0.121139824,-0.015434765,0.026481546,0.057637908,-0.057604555,0.08517524,0.12023888,0.099383004,0.075389765,-0.026415743,0.18960491,-0.11114307,-0.04718516,0.062061086,0.04264722,-0.032471564,-0.030664535,0.038207244,0.047143206,-0.23926389,0.03959676,0.11918003,0.06018733,0.2673744,-0.0017979034,-0.17078958,-0.0050418735,-0.15592758,-0.03673117,0.015922341,-0.20769216,0.03669876,0.104976505,-0.056928195,0.06038304,0.12584949,-0.0076394496,0.09873665,-0.08270388,0.054343462,0.08016486,0.024762837,-0.005518572,-0.040324565,0.07289851,0.28531596,-0.0439303,-0.011982211,-0.1238201,0.14865215,0.1141687,0.06255382,-0.010541351,-0.1332535,-0.09864228,0.034026504,-0.08038664
TCGA-AN-A0XN-01A,-0.03967288,-0.0729225,0.2226093,0.023749618,0.026297534,0.0053781183,-0.084050134,-0.00878654,-0.0024191001,0.0676303,-0.16727202,-0.007177868,0.030188903,0.1637845,0.17153043,0.09758091,-0.019927097,0.036694147,-0.07016636,-0.095702365,-0.014897172,-0.016617507,-0.10666377,-0.045898438,0.04625507,0.10429633,-0.23883857,-0.054039873,0.13453239,-0.051337186,-0.17517258,0.079911985,-0.05100525,-0.19477172,-0.14568749,-0.13528518,0.04125169,0.051899437,-0.03443069,-0.07510004,0.0009916743,0.047483806,0.14505385,-0.04981924,0.0033957832,-0.09601983,-0.04516425,0.032683834,0.024768269,0.12744528,0.096514575,-0.010395109,0.076303214,0.037568573,-0.056997508,0.011489159,0.07906919,0.015269003,0.017117951,0.11219214,0.14275149,-0.1235238,-0.09122,0.085711166,-0.054075956,-0.042315364,0.32545382,0.0093140565,-0.061868876,-0.15515544,-0.23051704,0.08440761,0.036347087,-0.24926464,0.10319168,0.03396328,0.06683615,0.051481012,0.043460365,-0.009284548,0.040216036,-0.06710689,-0.013718004,0.059734132,-0.10115229,-0.11963663,0.048039418,0.05784791,0.18716545,0.0025877482,0.118061826,-0.10639582,0.099474795,0.0487502,0.08144515,0.023907611,0.022934996,0.06419579,-0.029718954,-0.1722259
TCGA-B6-A1KI-01A,0.029299226,-0.06301202,0.06202883,0.05244165,-0.03324495,-0.00307689,-0.0229956,0.0037526328,-0.0052544815,0.043898705,0.041958287,-0.10763865,0.07771224,0.30292454,0.12969683,0.023647819,-0.022600347,0.124701954,-0.0028577445,-0.04422038,0.04016306,-0.17468159,-0.1103502,0.054674212,-0.05988721,-0.071943484,-0.16740285,-0.11261943,-0.041195635,-0.06773389,-0.14356823,-0.017167717,-0.06320523,-0.21891718,-0.06732946,-0.14904702,0.021981241,0.033851035,-0.07867042,-0.13294904,-0.05512139,0.03315744,0.12848166,-0.111358084,-0.15859209,-0.07905296,0.11723377,0.0376503,-0.0205477,0.057946652,0.08207866,0.08272825,-0.030012922,0.011980393,-0.029322721,-0.1004478,0.057350237,0.06610391,-0.02369626,0.054409582,0.101950645,-0.056349378,-0.15415916,0.066711746,-0.071477085,-0.15017667,0.17048217,0.0042185034,-0.094669364,0.0111727435,-0.22655383,0.04193358,-0.04064845,-0.17691113,0.05930795,0.024581276,0.001643853,0.17013459,0.24490097,0.021964425,0.037823193,-0.11749101,-0.060383856,0.03957527,-0.008427057,-0.12803546,0.03241489,0.0628553,0.21793675,-0.13553017,0.07930117,-0.14969774,0.08168504,0.032474462,0.13289532,-0.03988637,-0.056711674,-0.03739938,0.05250793,-0.17927969
TCGA-LL-A6FP-01A,0.07532943,-0.072020456,0.118897125,-0.04511756,-0.059656803,-0.014968571,-0.039044667,0.0042624567,-0.05639593,0.06706888,-0.025137385,-0.06002098,-0.10243878,0.2860473,0.19951704,-0.015642516,-0.028739592,0.01178791,-0.02639753,-0.055635445,-0.09736469,-0.024664745,-0.02282053,0.035077337,0.026061226,-0.02025439,-0.17842324,-0.12899384,-0.02153663,-0.058876563,0.032627247,0.026293948,-0.18504909,-0.08349346,-0.12994653,-0.10509731,0.00027378395,-0.007639307,-0.0675617,-0.047257874,0.00028026375,0.05817185,0.16643833,-0.048378814,-0.028295789,-0.021539968,0.049749836,0.059507914,-0.034955386,0.12800689,0.13232554,0.039941836,0.080795035,0.12647901,-0.10983088,0.034296848,0.14954112,-0.029417293,-0.07586391,-0.07658008,-0.049506146,-0.090838596,-0.074096054,0.21934807,-0.013755807,-0.05948637,0.2542122,0.059473403,-0.086445294,-0.037502367,-0.1821432,0.032515388,0.076729655,-0.25368565,0.21268043,-0.018679708,-0.03001654,-0.05526063,0.2278513,-0.02849632,0.094927,-0.2021757,0.018378107,0.15268655,0.025063466,-0.15362023,0.046686467,0.09240473,0.11983659,-0.114263,0.004826672,-0.01719626,0.0052596265,0.106502995,-0.0008536253,-0.04681635,-0.091563985,0.016292362,0.12411694,-0.04273557
TCGA-AR-A0TT-01A,0.12783131,-0.07423408,0.15732184,0.059906676,-0.09390716,0.08521495,0.0100541385,0.017058985,-0.03098239,0.08149681,0.039034832,0.02059736,-0.053735394,0.26311356,0.17965618,0.03909317,-0.012192966,0.085854575,-0.16720632,-0.044052824,-0.018764174,0.11618102,-0.01693374,0.16672775,-0.06555264,-0.050159562,-0.23176697,-0.05418107,0.023380248,-0.046354424,-0.057814915,0.010151175,-0.07043737,-0.11527725,-0.19404803,-0.15269594,-0.11953789,0.021690756,-0.052180573,0.09216923,-0.03206966,-0.014577009,0.14539658,-0.06842728,-0.028205764,-0.060895566,0.06635812,-0.038197026,0.020929538,0.19283491,0.099997126,-0.023805222,-0.077331945,0.08779026,-0.081743866,0.10698245,0.063129894,0.087629795,-0.18656622,0.07807128,0.053141005,0.07058668,-0.18153444,0.06924413,-0.01439478,0.02928827,0.1856694,0.0054580327,-0.023944356,-0.09286192,-0.103984565,0.056784347,0.037496902,-0.20213032,0.018395297,0.15363282,-0.14129663,-0.008741815,0.21821581,-0.060829286,0.11478123,-0.07460597,0.027713036,0.052077275,-0.04813052,-0.07847958,-0.0032972083,0.11019444,0.13830006,-0.03267669,-0.014372636,-0.13831173,0.17105353,-0.005078645,0.15791664,-0.072055906,-0.027417323,0.011753045,0.07720831,-0.056036595
TCGA-BH-A0H9-01A,0.0098826,-0.0849936,0.0019151801,-0.0026440558,0.09854117,0.018504815,0.06584376,-0.027315304,-0.10373199,0.015923163,0.08662416,0.06266384,0.03653101,0.24817853,0.23259328,-0.0111878505,0.0043278206,0.0406581,-0.022075685,-0.19900572,-0.042111475,-0.11745005,-0.025366414,0.076302625,-0.0720655,0.033730708,-0.1175564,-0.08486693,-0.058330093,0.02300686,-0.035859846,0.07098586,-0.0631826,-0.004480262,-0.12037772,-0.11297317,-0.09459188,-0.1034835,0.07648602,-0.1096185,-0.097672306,0.092678264,0.07677497,-0.1352605,-0.101121895,-0.08706254,0.0604751,0.051199898,0.044124786,0.15721257,0.17883116,-0.07425205,0.04234347,0.030508703,-0.13998024,0.011761096,0.09563158,0.12968409,-0.09257401,-0.05195003,-5.936386e-05,0.06151063,-0.04233993,0.020488815,0.02830819,-0.042913552,0.18155605,-0.012690406,-0.18308993,-0.011033062,-0.25401133,0.039798558,-0.02259054,-0.14764388,0.16527052,0.034093864,0.1352991,-0.008491331,0.18439041,-0.06717552,0.14694083,-0.07998015,-0.08416303,0.1558892,-0.06647049,-0.15066503,-0.083455846,0.079067186,0.20117126,-0.006509756,0.045814022,-0.07956108,0.19171856,0.10155137,0.064529695,-0.08724725,0.026702706,-0.051821906,0.12315696,-0.04739281
TCGA-E9-A1QZ-01A,-0.058186144,-0.08133037,0.12529579,0.07689658,0.043270666,0.015305391,0.011170531,0.06041773,-0.1357615,0.0909318,0.014731259,-0.03585945,-0.011384225,0.17233336,0.095321745,-0.1171699,0.042636707,0.119989194,-0.051592357,-0.047776595,-0.19630086,-0.044753913,-0.06673363,0.17346424,0.0532664,-0.045792174,-0.15477537,-0.12023886,-0.039353468,-0.030735789,0.114519954,0.06747817,0.0010344959,-0.23300874,-0.11333622,-0.14560857,-0.131757,-0.004958306,-0.047996227,-0.083778374,-0.05983141,0.10050466,-0.037892748,-0.06763239,0.014135734,-0.11137295,-0.028769441,0.04820619,0.11657932,0.0764979,0.07790007,0.0037093482,0.09661302,0.11699751,0.041666556,-0.028766142,0.06616613,-0.0121506555,-0.020074889,0.11001857,0.09964154,0.061561715,0.0015742537,0.08935163,-0.093346864,-0.016633784,0.03187774,0.00717317,-0.12025166,-0.08234848,-0.1746165,0.2606071,0.051835738,-0.27282584,0.18733945,-0.04739806,-0.10093317,0.04462827,0.1913253,-0.10736775,-0.015073592,-0.13533427,-0.009574468,0.11768575,0.015302311,-0.06868854,0.012800076,0.12462276,0.2010536,-0.097868785,-0.050792284,-0.1351956,0.12836242,-0.045932416,0.120503664,0.026390007,-0.080385916,-0.06751149,-0.01341675,-0.0899596
TCGA-E9-A226-01A,-0.015673093,-0.0229964,0.0941926,0.011009147,-0.06685926,0.03283917,-0.07119486,-0.03808127,-0.072322585,0.054526486,0.009624567,0.09097679,0.069982946,0.112525426,0.07041267,-0.06903527,-0.025256215,-0.0037420678,0.0894323,-0.20332044,-0.06630752,-0.09388658,-0.089001425,0.17413712,-0.034778114,0.073174,-0.12580188,-0.024767263,-0.043500304,-0.033591267,-0.041891694,0.035791527,-0.0035088186,-0.20569195,-0.15220849,-0.112182565,-0.16753913,-0.07878845,-0.0043673227,-0.054964583,-0.15252756,-0.0027254203,0.2152812,-0.119732454,0.004327882,-0.007285018,0.03322554,-0.005842066,-0.010092738,0.11243531,-0.0033237457,0.00996638,0.039667483,0.123070225,0.05774258,0.08578217,0.05389729,0.090585224,-0.04724659,0.06350386,0.018846253,-0.033592492,-0.06013191,0.16225982,-0.024857245,-0.1269313,0.19979408,-0.0040588435,-0.19032487,-0.11834901,-0.23270908,0.094157554,0.0100177545,-0.27576458,0.20019232,0.03885075,-0.07763211,0.003022297,0.15088713,0.1767876,-0.06534821,-0.20278504,-0.09841492,0.11053294,0.04182148,-0.1305547,0.122280434,0.07769897,0.15240107,-0.021171667,0.047568463,-0.056479447,0.079623476,0.08533833,0.05475274,-0.06760492,-0.032809272,0.014743104,0.07812901,-0.041003786
TCGA-A2-A1FV-01A,-0.040170718,-0.081636764,0.1648467,0.10322734,-0.0021000663,0.112019554,-0.0036032898,0.10357696,-0.12769595,0.09412074,0.04135752,-0.15355186,-0.030649344,0.22079636,0.14122094,-0.08366618,-0.006042708,0.025443165,0.009146878,-0.20837188,-0.02693751,0.017167926,-0.067177765,0.05005529,-0.08300385,-0.058395166,-0.12506923,0.028518477,-0.0701917,-0.08920538,-0.08242124,0.10962713,-0.20161398,-0.14142907,-0.16169482,-0.09817502,-0.016596593,-0.076800816,0.0571382,0.0018067049,-0.01900744,-0.021009225,0.1474988,-0.015233059,-0.03689666,-0.072113074,0.017884893,0.0023300108,0.004615893,0.09071792,0.0763842,0.14002357,-0.0032780203,0.072031535,-0.06715328,0.097275876,0.046403773,-0.023459276,0.007983326,0.017321745,0.025759146,0.08967379,-0.0297241,0.019846221,-0.027678339,-0.04099066,0.12913781,-0.03657912,-0.16503954,-0.097564936,-0.1627372,0.0048002303,-0.13198465,-0.22250338,0.27802792,0.03801774,-0.08545984,-0.045630705,0.23499848,-0.030177161,0.001963336,-0.17348348,-0.08406387,0.00040488274,0.068764314,-0.104203545,0.032372497,0.12461306,0.20060383,-0.057205133,-0.029567882,-0.12966035,0.091755345,0.017123573,0.068874694,0.012322832,-0.120881975,-0.14770243,0.09095117,-0.08723634
TCGA-A1-A0SG-01A,-0.06470517,-0.047561284,0.2536056,0.07248102,0.04788395,0.09162717,0.023907462,-0.005551183,-0.04841054,0.13395225,0.0076934583,-0.0022303695,0.09458689,0.107957944,0.03799245,-0.03185972,-0.025282029,0.12013038,-0.027941778,-0.13036504,0.04368054,-0.021676747,-0.050621305,0.055507805,-0.12304787,2.6675194e-05,-0.0838888,-0.0242226,-0.13785282,-0.038340997,-0.13862938,0.024257613,-0.2139824,-0.179607,-0.05971486,-0.04121527,0.015882012,-0.08558857,-0.16421238,0.025308128,-0.033773635,-0.013494069,0.11824818,-0.12183932,-0.088514335,-0.02568108,0.07774831,0.1363004,0.16764788,0.042456686,-0.021260334,-0.008969909,0.21489367,0.16054848,0.017061358,0.014106661,0.10603108,0.034719974,-0.08967416,0.015256558,0.047947224,0.051390827,-0.13885167,0.15523958,-0.15485205,0.051478606,0.17368168,-0.10788288,-0.009329993,0.032440517,-0.20354407,0.030784138,0.01371508,-0.29706064,0.090733305,0.08926969,-0.04883526,-0.014526664,0.13416219,0.052237615,0.052333247,-0.124240205,-0.0068828426,0.15951739,0.0013239303,-0.05446379,-0.09104767,-0.031988423,0.16022226,-0.121351026,0.11041944,-0.0084761735,0.12323822,0.036218945,0.09781318,-0.05179619,-0.010578276,-0.037916437,0.1786863,-0.030491697
TCGA-D8-A1JP-01A,0.015952801,-0.056267437,0.12709543,-0.0067462903,-0.07897171,0.07408754,-0.12068387,0.11451499,-0.08270176,-0.04627654,-0.09994311,0.047056247,0.11370574,0.10614021,0.01779936,-0.08271898,-0.025735557,0.042866122,-0.03862761,-0.20630705,-0.14903022,-0.11475362,-0.042713135,0.18018758,-0.12877283,-0.09248327,-0.17195264,-0.07620051,-0.0052726693,-0.05403765,-0.10862998,-0.07904878,-0.014119673,-0.21716663,-0.1211672,-0.13244653,-0.06541272,0.05477893,0.0665024,-0.0653317,-0.0026802195,0.10966469,0.105465434,0.003910991,-0.108419895,-0.022422181,0.04167627,0.13564855,0.15411982,-0.018264046,0.14417414,-0.06345122,0.024547467,0.18019086,-0.05172426,-0.065173954,-0.0065049115,-0.023609558,-0.15779634,0.0032684444,0.05319938,0.0039330698,-0.077416666,0.10505466,0.036035467,0.07604424,0.14663327,0.008796136,-0.12334244,-0.051174574,-0.15303148,-0.11136621,-0.07426996,-0.22102658,0.13263988,-0.069036625,-0.092921555,0.05645425,0.22361687,-0.042250942,0.09001988,-0.18191256,-0.13775282,0.10721777,0.015095405,-0.1078929,0.020593101,0.026374586,0.09463271,-0.0077264463,0.06904046,-0.10113243,0.012416764,-0.009308906,0.16788045,-0.18478048,0.04286455,0.039253745,0.075375535,-0.04859216
TCGA-EW-A2FV-01A,0.0036664489,-0.092506334,0.06991859,-0.03183251,0.0108392425,-0.0024178056,-0.0037376473,0.0075432165,-0.10009171,0.012896329,-0.026615934,-0.040092126,-0.030097637,0.19910638,0.023225792,-0.05818296,-0.0446743,-0.033534914,0.0009226953,-0.08711279,-0.082800485,-0.044429336,-0.09845311,-0.026291251,0.003456463,0.017681764,-0.24484868,-0.08697705,-0.038499545,-0.14707172,-0.1198332,-0.11676776,-0.20618767,-0.12952931,-0.18518911,-0.2153368,-0.084745236,0.13062069,-0.052761838,-0.09677443,-0.035517428,0.13139066,0.10484072,-0.039976403,-0.08039902,0.083633885,-0.050660938,-0.037560433,0.03163224,0.0443028,0.036599148,0.00036369634,0.03925142,0.112787545,-0.11345529,-0.015377693,0.086135566,-0.009073699,0.024650997,0.014962821,0.12572606,-0.08616306,-0.055318415,0.014537177,-0.15370902,-0.075749665,0.2183321,-0.0006745935,-0.018758018,-0.03594118,-0.22772767,0.0504314,-0.07932032,-0.32021838,0.14996815,0.056535754,-0.13035175,0.055097863,0.20214964,0.13173343,-0.05844519,-0.09195014,0.022705631,0.040229622,-0.14676966,-0.17202869,0.06066677,-0.033014484,0.050798375,-0.05762432,-0.010547306,-0.024550281,0.08756938,0.11589785,0.12838721,-0.10224652,-0.017567325,-0.10565608,0.0018624397,-0.07871041
TCGA-D8-A1JN-01A,0.16286857,-0.0034609963,0.16804124,0.13456869,-0.11446545,0.0831474,0.110202424,-0.0050897407,-0.06482893,0.09638314,0.024913019,-0.052754786,0.03963899,0.05328817,0.17718714,-0.053304814,0.087827474,0.08483567,0.032826155,-0.11891034,-0.013255011,-0.065683,-0.073776096,0.09526884,-0.06223978,-0.08317761,-0.17852055,-0.15082197,0.05252556,-0.048323732,-0.14273831,-0.003350642,-0.124763444,-0.09899395,-0.05008791,-0.104741335,-0.10493823,0.0309265,-0.078860335,-0.06229258,-0.0071061673,0.049678903,0.10370726,-0.041126944,0.012250552,-0.020013295,0.08143228,0.050974086,0.08780444,0.08388298,0.019649357,0.043383628,0.05045027,0.06414023,-0.043483622,-0.047375824,-0.06847532,0.0787117,0.01545042,-0.038355183,0.1668552,0.042053334,-0.16002601,0.076869495,-0.07121726,0.08266961,0.25775662,0.015620822,-0.059599373,-0.08204852,-0.14176291,0.07205976,0.08192694,-0.26509178,0.1562614,-0.020574098,-0.11844187,-0.016104808,0.24501953,0.0015260504,0.011714385,-0.095066816,-0.061783392,0.1401418,-0.06075033,-0.08143181,-0.0075262995,0.18538854,0.16765985,-0.053969044,-0.10843848,-0.14937578,0.11827437,0.0167388,0.07342241,-0.013689937,-0.097458355,-0.19336744,0.1123693,0.0046286746
TCGA-AC-A7VB-01A,-0.051447712,-0.04532626,0.19673969,0.020981524,0.034839522,-0.019803407,-0.014880493,0.06583731,-0.01448259,-0.03761961,-0.036186997,-0.03737812,-0.07051162,0.21859172,0.060528312,0.053681225,-0.06672417,-0.048001427,0.091237724,-0.11126651,-0.06718752,0.05929731,-0.077546574,0.054391764,-0.07261133,-0.037117388,-0.0642711,-0.07498868,-0.033616953,-0.03547751,0.013645834,0.09865283,-0.15856433,-0.101826735,-0.16948567,-0.115606196,-0.069412574,0.017571457,-0.013316158,0.0004532753,-0.077459425,0.115761824,0.13774775,-0.25733986,0.03971204,-0.043950554,0.094537474,-0.062209796,0.13594557,0.11534065,0.12613425,0.039180964,-0.08325812,0.008487345,-0.07321966,0.047195595,0.12742358,0.035511106,-0.06395229,0.11334628,0.026825195,0.090378866,0.002752869,0.21578175,-0.08669325,-0.027661229,0.17675607,-0.015143807,-0.18681106,0.053338934,-0.12900537,0.14909332,-0.006507523,-0.17743833,0.15060839,0.019321391,-0.02008086,-0.06503399,0.25724486,-0.05055509,0.10244669,-0.1607902,-0.092637256,-0.01931329,-0.013453052,-0.07522218,-0.124370635,0.08210094,0.1936438,-0.12966217,-0.01083554,-0.08075693,0.08599557,-0.09493805,0.1311848,-0.14903821,-0.04753181,-0.07752252,0.09472903,-0.06293724
TCGA-E2-A1II-01A,-0.029992945,-0.08686178,0.027535822,0.087939605,0.021373874,-0.048074823,0.0067469077,-0.038939618,-0.05173941,0.15219088,-0.12259899,0.10160638,-0.063849896,0.24265838,0.056950994,-0.08932837,-0.024426976,0.084638536,0.02524215,-0.17445453,-0.032088816,-0.033658434,0.012667453,0.13761823,-0.0993404,-0.14180638,-0.2516737,-0.023022072,0.020481266,-0.12720667,-0.09347925,-0.014267316,-0.0060712965,-0.15547724,-0.12026888,-0.15764022,0.052020695,-0.0498486,-0.052448023,0.06325361,0.011662077,0.21828178,0.13456823,-0.18782103,-0.08552259,0.0052233892,-0.03794231,0.048310027,0.049199887,0.17877248,0.041903887,0.031057354,0.09171982,-0.022650134,0.015608132,-0.10478315,0.060316365,-0.015159776,0.016208706,0.08087597,-0.067947716,0.08993654,-0.09736791,0.009990886,0.06602574,-0.17203812,0.17931621,0.087725475,-0.06868772,-0.019227995,-0.121439375,0.010989436,0.06536009,-0.233442,0.17700374,0.03463469,-0.06590075,0.027267369,0.2119557,-0.06763491,0.10809979,-0.13750051,0.0036208834,0.084382266,-0.09473866,-0.060970142,0.10261637,0.14066248,0.2166316,-0.04649047,0.04235718,-0.07730488,0.03541147,-0.015705714,0.08309576,0.0070212297,0.012091075,-0.058246836,0.058310196,-0.057284206
TCGA-AC-A2FF-01A,-0.05235826,-0.016118553,0.15904157,0.11191616,0.05701669,0.00025162977,-0.06639286,0.09760548,-0.08254775,0.0745523,-0.029887913,0.013851245,0.094326034,0.3069016,0.010671639,-0.14556761,-0.03247913,0.10687928,-0.03657554,-0.06335228,-0.064176984,-0.05533646,-0.041010145,0.12453964,0.023389142,-0.09987407,-0.09766679,-0.036512714,-0.091660194,-0.1232885,-0.049558945,0.070357256,-0.19813024,-0.18720397,-0.06390839,-0.08961353,-0.06916935,-0.055594098,-0.0316703,-0.030442338,-0.14576104,0.04364676,0.037450187,-0.08956941,0.0029536525,-0.10661624,0.05051379,0.15363608,0.058738854,0.10741828,0.1551505,0.0813656,-0.044702917,0.12982121,0.050076354,0.0068776957,0.009868441,0.09502121,-0.08718122,0.003918421,0.047641814,-0.023083247,-0.07498035,0.2250858,0.037626665,-0.08350345,0.2397194,0.014360906,-0.14687888,-0.24293095,-0.08978653,0.0800572,-0.029856792,-0.22697915,0.18040882,-0.023864193,-0.02130338,-0.07583501,0.14993687,-0.06411045,-0.1098455,-0.063096985,0.05802023,-0.022353016,-0.06025146,-0.045843225,-0.123949856,0.039473858,0.12529822,0.10988007,0.0406859,0.00603493,0.11891589,-0.029798055,0.046668608,0.07166458,-0.04324086,-0.106424354,-0.04291035,-0.10695844
TCGA-B6-A0RL-01A,0.09939428,-0.063151255,0.15492122,0.09600828,-0.012289357,0.09170394,-0.015006845,0.13717954,-0.110013925,-0.008918472,-0.013585243,0.011507398,-0.07292141,0.18073234,0.07328631,-0.044618,0.070915535,0.1886989,0.040227268,-0.14256491,-0.15366335,-0.004567637,-0.046695776,0.18013495,-0.06385808,-0.026101913,-0.073401146,-0.016789565,-0.05355852,-0.07157418,-0.067704976,0.09221976,-0.20386079,-0.11011384,-0.11316962,-0.0874329,-0.0076896963,0.005964872,0.043555297,-0.027141947,-0.072703846,0.06580347,0.22686437,-0.2435248,0.037662227,0.012683075,0.021609813,-0.02563243,0.10189358,0.061932214,0.16916262,-0.034889944,-0.04609936,0.039279744,-0.01072465,0.0076648053,0.10603763,0.034668688,-0.09982999,-0.025082013,-0.04595451,0.07708937,-0.15251642,0.018489152,-0.03155448,0.0414517,0.13315384,-0.07270483,-0.160945,-0.07210233,-0.18605867,0.022595717,-0.04416344,-0.19003865,0.25947815,-0.007530906,-0.068528004,0.087731585,0.15024154,-0.05749812,0.061764803,-0.22336467,0.09343873,0.12312457,0.051217828,-0.08531504,-0.022097245,-0.03781484,0.078553714,0.042203065,0.005498754,-0.08701546,0.08119388,0.13344273,-0.0038750097,-0.14765999,-0.042156335,-0.15335982,0.008115887,-0.018341051
TCGA-D8-A27V-01A,-0.07151059,0.0059825513,0.02354135,0.026340835,-0.070823394,0.046837185,0.08570176,0.10528565,-0.08719162,0.009213828,0.14164971,-0.07053083,-0.08423184,0.2683162,0.15205398,-0.003262285,-0.05362724,0.2188355,-0.0002146952,-0.0591635,-0.07461993,-0.050452,-0.026704803,0.21436344,-0.067757316,-0.08786779,-0.19345719,-0.09850919,0.043662287,-0.21990152,-0.054829646,0.06660912,-0.057454266,-0.13301355,-0.20125605,0.006699642,0.018542284,0.012287871,-0.015643794,-0.005601858,0.029480804,-0.018609459,0.14762832,-0.08891959,-0.049464438,-0.0037070108,0.097347915,-0.01594895,0.114563145,0.08543298,0.122431524,0.07441272,0.054699067,0.09854497,0.051459614,-0.013937568,0.073628336,-0.031176582,-0.027968759,0.06969675,0.13205163,0.0011182099,-0.009751575,0.13646597,-0.03668416,-0.069119886,0.13419938,0.036770698,-0.064978786,-0.018602507,-0.23604271,0.005022335,-0.046356056,-0.24531078,0.19727062,-0.022297272,-0.032251645,-0.08889183,0.14909488,-0.058960937,-0.11649323,-0.07333145,0.07481182,-0.032215204,0.060853332,-0.087277055,0.05788191,0.03971061,0.20614484,0.038889155,-0.02009504,-0.14546816,0.17264429,0.07477876,0.084537484,0.111343294,0.0684749,-0.08425181,0.019719368,-0.0040346417
TCGA-E9-A1RD-01A,0.03482547,-0.05864586,0.17686222,0.08123246,0.010633037,0.103666715,0.008539454,0.06638423,-0.11502626,0.08747199,0.013837009,-0.07092759,-0.031552706,0.10425421,0.11943575,0.057302147,-0.0100255795,0.07351151,-0.03315816,-0.016077006,-0.102537744,-0.022191895,-0.10440573,0.17537981,-0.10277609,-0.019222615,-0.074147105,-0.08549444,0.017944409,0.097360365,0.012544086,0.03386377,-0.1113455,-0.19646429,-0.16817097,-0.111848325,-0.0043350724,-0.070210904,-0.09901011,-0.17487122,-0.026970915,0.13788983,0.11115636,-0.13569616,-0.075568885,-0.06289082,0.11841758,0.08575344,0.03616174,0.13177362,-0.049106266,0.020197028,-0.046081,0.039678585,-0.054472327,-0.079368964,0.12338857,0.0107464455,-0.11971946,0.20485026,0.012249727,-0.086034566,-0.1573632,0.1610608,-0.020119179,-0.1078951,0.23102519,0.050163556,-0.2014879,-0.08963993,-0.08448401,0.13028035,-0.035778042,-0.19873686,0.12033529,0.061031885,-0.018256156,0.14346725,0.06733332,-0.07309389,0.115725584,-0.04164701,-0.079326734,0.02494441,-0.037333842,-0.12698494,0.07812397,0.060221616,0.19201818,-0.026832273,-0.009374673,-0.09266375,0.124639645,0.08155723,0.11876396,-0.10830301,-0.1328794,-0.07932195,-0.054288547,-0.091069974
TCGA-BH-A201-01A,-0.13078435,-0.08352289,0.012045572,0.07670785,-0.0848186,-0.012392967,-0.09160711,-0.020366816,-0.04482132,0.122044586,0.03296764,0.049877245,0.06933433,0.2997063,0.052822936,-0.09931798,0.04918011,0.10643175,-0.095543824,-0.08156322,-0.026802761,-0.004608769,-0.04002394,0.13883471,-0.096646816,0.0069309175,-0.16440424,-0.108339675,-0.04119825,-0.12928382,0.017205713,-0.023931846,-0.12245135,-0.100473516,-0.16903786,-0.029630013,-0.12633479,-0.03511529,-0.09167931,0.017402671,-0.06580963,0.078303665,0.019271618,-0.1261054,-0.030878725,-0.0550346,0.18720318,0.08557992,0.20305382,0.025743179,0.048394635,-0.091385975,0.113426745,0.07021706,-0.062396348,0.026511678,0.14506535,-0.04723328,0.0022433058,0.080786295,0.07583127,0.044164263,-0.20515458,0.06298529,0.10292265,-0.024745815,0.1535562,0.022156056,-0.08481573,-0.087388895,-0.07961246,0.11702574,-0.01989829,-0.27710807,0.11954125,-0.031222662,0.048253294,0.050122626,0.18904307,-0.045429453,0.10134096,-0.17777278,0.14707962,0.05600488,-0.082319744,-0.00078519114,-0.05830431,0.050348416,0.16111733,-0.017774994,0.020388825,-0.0785176,0.0999121,-0.0084703015,0.09923509,-0.12039641,-0.026904944,-0.14836346,0.09826939,-0.10531101
TCGA-B6-A0WT-01A,-0.017267482,0.103783876,0.098137274,0.1044081,-0.014242657,0.119318046,0.12328677,0.057633244,0.04163764,0.0421433,0.027724052,0.05866285,-0.07002292,0.18439986,0.1272156,-0.08599663,0.004538633,0.0050870627,-0.017443761,-0.20784843,-0.0069832015,-0.09409726,-0.15758705,0.094513394,-0.063156314,0.0885821,-0.18055604,0.007562395,0.006007692,-0.06654211,-0.16246168,0.00865814,-0.060194813,-0.1150767,-0.14023127,-0.14222825,-0.037301097,0.009302637,-0.091080956,-0.07494734,-0.1322176,0.060450066,0.19971249,-0.0030213434,0.028845588,0.00988823,-0.03537852,0.09313519,0.17666985,0.14416745,0.050536968,-0.054940037,0.06718667,0.16384009,-0.028245421,-0.08698239,0.08435298,-0.038890675,-0.06082066,-0.013286419,0.052864976,0.0592512,-0.12435101,0.052460432,0.010405776,0.04306103,0.11888414,0.029706111,-0.086430386,-0.07966309,-0.14923446,-0.031221492,0.010322593,-0.37577912,0.0965844,0.004827229,-0.10808968,0.033938948,0.11193195,-0.0014547749,0.13052343,-0.1890061,0.0073557235,0.015319806,0.0588494,-0.0066385693,-0.08473769,-0.018621396,0.22403352,0.019689666,-0.15723477,-0.056774203,0.0536269,0.010338899,0.14276507,-0.009372856,-0.10443046,-0.09602087,0.08530883,-0.04118347
TCGA-E9-A1NG-01A,-0.011987804,-0.04353903,0.11553345,0.022787012,-0.049613964,0.16654286,0.01285353,0.06995336,0.090495,-0.039257634,0.013615086,0.0119890645,0.08692453,0.1412327,0.17171896,-0.1197494,-0.014869758,0.112366095,0.06105363,-0.044140898,0.053983077,-0.012407971,-0.0787402,0.15936719,-0.035130426,-0.051557437,-0.100324556,0.05443862,-0.02923134,-0.05817174,-0.075721785,0.08827591,-0.09263627,-0.20589562,-0.31930313,0.028680863,-0.07950029,0.0064709065,-0.034236733,0.011959439,-0.02601931,0.0030852007,0.022973645,-0.08753153,-0.019594619,-0.048372436,0.059633564,0.011479093,0.14433089,0.1472015,0.112211466,0.0942104,0.12562491,0.03279439,-0.019197913,0.086097024,0.09977772,-0.1115525,-0.07751198,-0.13045003,-0.02410976,-0.015357586,-0.09862786,0.15335302,0.015054321,-0.069606155,0.17295927,-0.008852301,-0.11607717,0.14252834,-0.14989507,0.0269573,-0.08415617,-0.29254895,0.19011977,-0.058069002,-0.06882785,0.022060458,0.18775958,0.057466235,-0.0086112125,-0.08432844,-0.070379496,-0.02421113,-0.06475565,-0.045748793,0.09415463,-0.00500962,0.16081882,-0.022611123,-0.012015328,-0.043086458,0.21112244,0.0120641,0.24029426,0.002407807,-0.025038086,-0.05508702,0.06202113,0.022388319
TCGA-OL-A5D7-01A,-0.06130258,-0.089788884,0.06956233,0.09828849,0.038019583,-0.03326093,0.10601154,0.07860491,0.033387545,0.111681834,-0.014939346,-0.0048058555,0.1219684,0.1386859,0.08348941,-0.008416595,0.042206164,0.058374282,0.026891192,-0.18481581,-0.11834059,-0.0820657,0.022608032,0.20649499,0.023322944,-0.17503224,-0.1892742,-0.093853496,0.068501756,-0.16696556,-0.05147424,0.090610236,-0.011712496,-0.16591468,-0.053143676,-0.14022392,0.035426382,0.019881794,-0.009991961,-0.022262663,0.068208694,0.070013024,0.09725425,-0.11152505,0.05720932,-0.10108579,0.081969604,0.025490671,0.0051692678,0.19725496,0.14087692,-0.00914778,-0.032484576,0.097883865,0.003236492,0.07180492,0.11807211,0.084262,-0.12357946,-0.071632355,-0.028646817,-0.014422228,-0.13674395,0.19207357,-0.051537592,0.081069306,0.16587909,-0.0011831484,-0.10027375,-0.011200301,-0.08023005,0.05165741,-0.058357347,-0.19893755,0.21302679,0.09189922,-0.041702863,0.02539809,0.24589694,-0.031109072,0.021811794,-0.017743062,-0.13432121,0.04908651,0.06712778,-0.040028922,0.012077551,0.0671523,0.116655484,-0.07478087,0.10108991,-0.17875138,0.049825393,0.18422753,0.13310754,-0.071340494,-0.06312238,0.04973584,-0.097584695,-0.11330408
TCGA-BH-A1F2-01A,0.023678603,-0.028520871,0.18042006,0.036791503,0.04297354,0.087601766,-0.094049886,-0.05032855,-0.05371601,0.06078037,-0.012272455,-0.109382786,0.02584908,0.2312692,0.06558533,-0.066726446,0.018940693,0.035027564,-0.036612205,-0.1629193,-0.076379225,-0.034954116,-0.114085376,0.09775351,-0.027576337,-0.032679144,-0.13076812,-0.08709572,-0.015131832,-0.10147483,-0.11662181,0.029780524,-0.12790287,-0.19954006,-0.16363098,-0.12090663,-0.0623343,-0.006922884,-0.12461171,-0.03751866,-0.1183544,-0.013996148,0.092483,-0.18770854,-0.10272315,-0.07475145,0.043262754,-0.04816652,0.09616083,0.13300006,0.17327523,0.009011157,0.0942187,-0.047409654,-0.04118279,-0.016690679,0.108171895,0.04404908,-0.12231258,-0.011934325,0.030991124,-0.115590654,0.029466169,0.11928465,0.008860322,-0.016528836,0.028190913,-0.05445396,-0.04685966,-0.07326072,-0.17954996,0.06209673,-0.08793819,-0.1588621,0.12192415,0.06449133,-0.07220426,0.05533588,0.19022864,0.0563942,0.092760116,-0.19283912,0.05134929,0.14839256,0.0013254029,-0.12963331,-0.08717067,0.1530782,0.2022477,-0.11948535,0.011328701,-0.066894546,0.21965188,0.020108905,0.04167073,-0.16732392,-0.11772573,-0.041234974,0.009901096,0.0837312
TCGA-BH-A0B9-01A,0.076480135,-0.109667785,0.20474301,0.079324506,0.0011197947,-0.03387638,0.039024193,-0.075130716,0.013073708,-0.012172395,0.0036200064,0.09549067,0.059701547,0.16477512,0.26612762,-0.04370104,0.016444333,0.058622427,-0.028447712,-0.1652215,-0.056311198,0.017936915,-0.08393643,0.10659853,0.083736494,0.026986089,-0.20854253,-0.08013436,0.0051018572,-0.15250689,0.020745931,-0.024014493,-0.18383516,-0.10295784,-0.13289687,-0.14758214,0.04445691,0.0071543898,0.05291081,-0.024175242,0.006663102,0.09369089,0.09394545,-0.09775266,-0.020595003,-0.07902057,0.13237262,0.11654956,0.07910709,0.14813095,0.06110737,0.0132427,0.013308298,0.13551818,0.035173275,-0.03384842,0.17177022,0.03504046,-0.10349559,-0.023737054,0.115215614,0.13642173,-0.017749785,0.074125886,0.019813327,-0.08660977,0.15773422,-0.03019157,-0.038597394,-0.06662159,-0.07705671,-0.02306831,0.064348936,-0.21318312,0.085443385,0.03125105,-0.17987652,0.072228186,0.16135617,0.058581024,0.07029431,-0.15630056,0.0076784627,0.10291153,-0.10358458,-0.15601137,-0.1262414,0.0114554055,0.1491598,-0.046853576,0.13070937,-0.038189124,0.1104553,0.14747587,0.0910287,-0.107018985,-0.15185513,-0.059246458,0.00014427981,-0.068397045
TCGA-OL-A5D6-01A,-0.010298578,-0.11169656,0.10991892,0.104413465,0.02770786,0.10366067,-0.028592445,0.02598933,-0.08773986,0.03664194,-0.036482845,0.038695652,-0.09284028,0.2294345,0.2285513,-0.042108476,0.06990957,0.15954891,0.072765306,-0.1744792,-0.02416789,-0.021953056,-0.059392706,0.041275226,-0.13468659,-0.0956942,-0.093715675,-0.0661633,0.014252819,-0.09647651,-0.093388334,0.041411724,-0.19353454,-0.16871442,-0.103529625,-0.11550459,-0.039611593,-0.0014901165,-0.061177786,0.047830578,0.08489336,0.044587377,0.10703588,-0.108423226,0.09832623,-0.048538752,0.008023246,-0.06538866,0.22195879,0.08230241,0.061145876,-0.04163895,0.017667653,0.0044192895,0.06661819,0.01633623,0.06432028,-0.06442631,-0.092523806,0.04072873,0.1271708,-0.010609438,-0.093196586,-0.0077490844,-0.057943486,0.06013609,0.1781159,0.030648794,-0.08475467,0.053211298,-0.08677271,0.088957,0.008621663,-0.27551666,0.18018167,0.028239071,0.071174316,0.08092516,0.083939806,-0.051001914,0.07947462,0.027060237,0.03826964,0.060799647,-0.07633159,-0.067899756,0.007134244,0.14639574,0.13653654,-0.07625943,0.09961888,-0.028254852,0.24916516,0.0730804,-0.036124643,-0.24920218,0.043581553,0.06304313,0.029667389,-0.15022837
TCGA-EW-A6SD-01A,-0.020377997,-0.15062842,0.14097463,0.073602855,0.013006062,0.066326186,0.008742817,0.04796309,-0.0531026,-0.060745995,-0.115289345,0.10023086,-0.050979055,0.1287041,0.27806357,-0.025639046,-0.019009529,-0.006161657,-0.06733886,-0.01725112,-0.007561679,-0.1286451,-0.12110766,0.06522415,-0.08585624,-0.12400106,-0.24808197,-0.045152377,0.08785457,-0.062321544,-0.08757888,0.06262021,-0.102535635,-0.13579929,-0.06097728,-0.132724,-0.013507461,-0.033899277,0.043151103,0.006495496,0.0008337663,0.0498317,0.024021514,-0.053477693,-0.0954553,-0.12003757,0.03273255,-0.023801157,0.006020175,0.061086174,0.14011845,-0.0033836907,-0.0026873187,0.061394736,-0.050066285,-0.10204355,0.115309894,0.012509574,-0.078599155,0.13076933,0.05952492,0.01624548,-0.10422157,0.20986319,-0.08554001,-0.101907596,0.17168805,-0.0858517,0.0009193683,-0.03634029,-0.13863249,-0.022863451,-0.058268934,-0.15243326,0.13298059,-0.08592806,-0.09034879,0.051289894,0.25541756,-0.046600558,-0.08710593,-0.08584271,-0.01695824,0.047478795,0.037863556,-0.04933622,-0.05791553,0.12542361,0.22500426,-0.10143109,0.050689265,-0.16127527,0.24275462,0.053023633,0.109584585,-0.17274365,0.0059003187,-0.06392181,0.058685396,0.024817774
TCGA-A1-A0SK-01A,-0.06642238,-0.078248516,0.17361972,0.02600558,-0.031293157,0.13201264,-0.029245451,0.022317447,-0.07744623,0.21364617,-0.023938881,0.009255656,-0.009063547,0.3106754,0.12249588,-0.07802037,0.0152326785,0.056873444,-0.0017002216,-0.09572483,-0.108182445,0.052124668,-0.05165023,0.035231747,-0.16954239,-0.00701551,-0.22061607,-0.013838421,0.012016118,-0.11670513,-0.036349118,0.080210336,-0.0880152,-0.12545665,-0.058050714,-0.12918204,0.017764721,-0.011563482,0.059110463,-0.022583785,0.022234114,0.00020752636,0.07520812,-0.107295126,-0.043122385,0.009623013,0.0979949,-0.031727467,-0.08828451,0.0802127,0.19821092,-0.004505472,0.013620436,0.12609841,0.017750634,-0.015739383,0.11196106,0.07152798,-0.016848844,0.10397252,0.10290131,-0.007566207,-0.18426201,0.10968804,-0.07060686,-0.036057282,0.2161106,0.037349407,0.027643897,0.08290836,-0.19668028,0.20077117,-0.020026302,-0.20076095,0.1700751,-0.028429631,-0.006739794,0.0290919,0.11015011,0.072550185,-0.030260513,-0.09885301,-0.022921344,0.10303652,-0.06580631,-0.054472122,-0.027789894,0.022202438,0.10453388,-0.15548827,0.15029843,-0.10861583,0.15383637,0.10984005,0.11031451,0.03142763,-0.0600294,-0.07146082,0.12716685,-0.03967356
TCGA-E9-A5UO-01A,0.011453293,-0.073617816,0.03288488,0.09203719,-0.05961649,0.06471179,0.0047564143,0.0126371775,0.027838135,0.21960181,-0.15369517,-0.0852024,-0.08581083,0.21754652,0.11377855,-0.016575864,0.13177043,0.0035853775,-0.05108007,-0.103770666,-0.10536373,-0.04082512,-0.08839674,0.0766151,-0.10994919,-0.08595343,0.015766295,-0.045727264,-0.04257671,0.06807179,-0.10177868,0.059178405,-0.15744215,-0.096316636,-0.10506881,-0.025988247,-0.050914623,0.0034777145,-0.01574722,-0.012788133,0.023299564,0.14702089,0.15621975,-0.10469029,0.036204223,-0.06563264,-0.015137115,0.11381061,-0.009247833,0.1589081,0.1822538,0.14296208,0.08380474,0.05260405,0.0073797246,0.0488621,0.12877789,-0.017865028,-0.011438744,0.054626103,0.09341359,-0.14858861,-0.112747714,0.20857331,0.0745016,-0.0062729716,0.1779205,0.08678954,-0.11324483,0.03570111,-0.15080471,-0.0051558665,-0.07598887,-0.31991312,0.22153339,-0.01950223,-0.08111703,0.067045726,0.084859386,0.01853405,0.032714617,-0.15362944,-0.07890947,0.06884656,-0.017776854,-0.09346637,-0.039635725,0.049300265,0.16378473,-0.061721552,0.12206441,-0.05781188,0.12599047,0.04291635,0.08918181,-0.04071713,0.05086659,-0.008941847,0.10718514,-0.097865716
TCGA-E2-A1L8-01A,0.10692794,-0.09565097,0.18149593,0.09131762,0.048641276,0.05427857,-0.015110834,0.072077066,-0.20608313,0.14278176,0.011236078,-0.058996554,0.06051592,0.13198155,0.14467612,-0.068054646,0.041720536,-0.038180314,-0.017474722,-0.16032262,0.07959048,-0.12716271,-0.0332729,0.16990975,-0.055033583,-0.16360195,-0.16439779,-0.018154547,0.0037641907,-0.012609297,-0.0533426,-0.024549976,-0.14579459,-0.15630482,-0.06001652,-0.031282023,-0.0951022,-0.07771556,0.019762741,0.025561437,-0.052640166,0.08947401,0.111803934,-0.08125809,-0.0004516123,-0.01998898,0.13497053,-0.07310412,-0.007686616,0.14498977,0.055134192,-0.04513688,-0.0074315094,0.039239258,-0.036548566,0.027433379,0.075294405,-0.010030775,-0.19108194,-0.081944846,0.12630191,-0.07031208,-0.072964,0.18294857,-0.074730776,-0.08093188,0.26267564,0.027119,-0.005305098,-0.0020020169,-0.24858293,0.07476017,-0.030651059,-0.19486463,0.11527296,0.007492548,-0.035248827,0.06307999,0.166443,-0.061852045,-0.105164655,-0.019989273,-0.02930788,0.21773487,0.11197783,-0.050327417,-0.057897635,-0.012772655,0.2051801,-0.101626664,0.030921243,-0.022689208,0.06652256,0.023683578,0.12770836,-0.104819946,0.06771317,-0.030733665,0.046008572,0.05136914
TCGA-S3-AA0Z-01A,-0.05220511,-0.05861714,0.082202286,-0.027157605,0.04932106,0.031225068,-0.025212588,0.074999884,-0.04141261,0.18141863,-0.02930211,0.06389385,-0.07234035,0.23978105,0.053928893,0.026234366,-0.017048748,-0.030844593,0.09786094,-0.059097048,-0.08848744,-0.06827889,-0.0024852585,0.010915953,0.031009117,-0.005549753,-0.20046756,-0.027379729,0.06070472,-0.051817615,-0.14716156,0.0062438864,-0.030474927,-0.1544683,-0.1342837,-0.07476,-0.14166065,0.044863753,0.059227448,-0.07442879,0.015957372,-0.042260427,0.025479857,0.063969806,-0.06331274,0.059685007,0.12417106,-0.06969302,-0.008007623,0.017663276,0.14264403,0.08342407,0.058692653,-0.038388498,0.09382828,-0.041452784,0.0023695652,0.058751445,-0.061394457,0.12054202,0.017952466,-0.011110979,-0.00473672,0.1326316,-0.069452986,-0.03533748,0.17399785,-0.032146867,-0.056424968,-0.0032846425,-0.2430708,0.099847004,0.011668362,-0.32733423,-0.028279927,0.0014524314,-0.16799292,-0.11114479,0.22483417,-0.035098314,0.021477064,-0.116898365,-0.096115604,0.06655327,0.008489474,-0.17002225,0.02080771,0.10524979,0.35824016,-0.016655022,0.011490037,-0.110598415,0.16054732,0.10973731,0.118889906,0.0019572084,-0.014303006,-0.003064586,0.05356333,0.048783813
TCGA-BH-A1FC-01A,0.082767025,-0.08019851,0.17158802,0.053997103,0.061272528,-0.02699047,-0.016963486,0.033722848,-0.050293196,0.13496187,-0.09723145,-0.012320004,0.04950617,0.2787634,0.12507688,0.010189267,-0.018360736,-0.025688095,-0.012899559,-0.114419594,-0.05608835,-0.048578393,0.0020452128,-0.05940404,0.09767806,-0.016492555,-0.22642379,-0.019581255,-0.029778363,-0.09876692,0.018442197,0.007054752,-0.16774447,-0.14647245,-0.11118477,-0.0442465,-0.038903307,-0.009703935,0.029921945,-0.10113376,-0.0058365315,0.04786171,0.17941682,-0.019268397,-0.13944218,0.07703976,0.17988536,0.007637552,-0.009194569,0.17909802,0.121259205,-0.0066706534,0.19644284,0.114252605,-0.0015715655,0.02714046,0.107405,-0.005186947,-0.124840334,0.081877396,0.0071960296,0.06422207,-0.15984617,0.15572566,-0.012962805,0.021348745,0.26881352,0.038522087,-0.058228336,-0.056738123,-0.17159237,0.020137945,0.008187634,-0.1238531,0.18047278,-0.029748674,-0.0430719,0.07162813,0.16904397,0.0805003,0.02999015,-0.12499235,-0.02447558,0.039865393,-0.052482847,-0.07331305,0.031677503,0.15555246,0.1662415,-0.12850854,0.05677276,-0.15030152,0.10258641,-0.009250792,0.06035245,-0.025801513,-0.049648076,-0.13972476,0.052495256,-0.08099431
TCGA-C8-A1HI-01A,0.11428534,-0.024011927,0.1414277,0.13036142,0.013948273,0.057315674,0.010040188,0.009446945,-0.1010932,0.04122725,-0.009745008,0.06720979,0.10178945,0.1611318,0.06232987,-0.12215432,-0.13262756,0.042701792,-0.05951825,-0.09902487,-0.064702526,-0.008013036,-0.055102423,-0.11581979,-0.022552881,-0.07339032,-0.1905387,-0.017872423,0.014177256,-0.14108838,0.04251451,0.112323456,-0.10620607,-0.06921911,-0.12658444,-0.20693006,-0.017843626,0.036440875,-0.034422662,-0.07031258,-0.048181288,0.011120572,0.18741779,-0.14401199,-0.042782765,-0.05132512,0.067248315,0.07404821,0.16845919,0.19608046,0.07511304,0.1442607,0.046704214,0.0725708,-0.1534173,-0.0018626453,0.016495785,-0.03880856,-0.023444632,0.09796365,-0.021864755,-0.0077547757,0.0396286,0.1625448,-0.077610575,-0.13605936,0.11503054,-0.020718783,-0.19095716,-0.06341194,-0.16348255,-0.032299258,0.00075998815,-0.30206022,0.11270323,0.06067401,0.046967447,-0.03374856,0.18106695,0.000101941354,0.05105968,-0.23513141,0.009933147,-0.011108001,0.08749749,-0.06777343,-0.012136386,0.14276184,0.16599555,-0.11604863,0.09784304,-0.009257174,0.03842756,0.090353064,0.109697595,-0.03222396,-0.0064765797,-0.052978564,0.022757242,-0.07395766
TCGA-E2-A1IK-01A,0.013163231,-0.047622398,0.15436335,0.08802558,0.04262833,0.09828724,-0.026586944,0.004063964,-0.12924546,-0.016275026,-0.105714746,-0.039658226,-0.07229061,0.20790026,0.14066195,-0.0023576813,0.061608557,0.116331875,0.002724755,-0.086412,-0.07522679,-0.0058414736,-0.03129451,0.1586262,-0.07761332,-0.111792654,-0.29479003,-0.13710031,-0.049473174,0.044763103,0.044647697,-0.0215424,-0.06553168,-0.23344234,-0.16260497,-0.0454594,-0.07725748,-0.013541331,0.010621688,-0.05410224,0.047001366,0.10797394,0.16140093,-0.13424543,-0.01755511,0.023371652,0.053995974,-0.008329019,0.17326693,0.119638614,0.1428151,0.098592035,0.063255414,0.1317919,-0.12767056,-0.10639189,0.036454547,0.06965037,0.008374974,-0.036995277,-0.03215116,0.15632172,-0.04304239,0.160498,-0.020398183,-0.025348539,0.1831267,0.011692817,-0.059399415,0.036110867,-0.17771386,0.09780642,0.0015534576,-0.22909471,0.08599177,-0.116882145,0.02375583,-0.045891654,0.20035669,-0.0055725346,-0.043287743,-0.0045555746,0.04805583,0.018722506,-0.14455354,-0.07969312,-0.17334251,0.09913508,0.1112569,0.022508772,0.11056079,0.015370119,0.12123189,0.036407135,0.0035396302,-0.024178708,-0.021859683,-0.055190444,0.081566475,0.06879043
TCGA-GM-A2DO-01A,-0.017382508,-0.100375876,0.12021789,0.11847888,0.09074672,-0.055204008,-0.030338027,0.076087005,-0.11296835,0.09992526,0.056836274,0.089734495,-0.003239197,0.26643685,0.14659667,0.10611302,0.05410846,0.005775135,-0.03303567,-0.036384948,-0.004851204,0.033128902,-0.054777354,0.17316283,0.005922704,-0.09640384,-0.27923468,-0.047982674,-0.011144784,-0.060270656,-0.084266156,-0.08553201,-0.074945636,-0.07975969,-0.09816508,-0.13633397,0.012319353,-0.0015451337,-0.00611998,-0.02513874,-0.113554165,0.1649247,0.084550716,0.031984564,-0.004003843,-0.01428117,0.03354805,0.043166354,0.07969737,0.032346155,0.20498677,0.0799015,0.11821593,0.16193925,-0.08970291,0.13118301,0.046377014,-0.081330955,-0.03395209,0.0137772905,0.13677062,0.12178552,-0.09336382,0.10505243,-0.09128112,-0.09702397,0.19864625,0.07107135,-0.005189985,-0.014636939,-0.25956205,-0.02025613,0.016081097,-0.23786311,0.1803829,-0.059202872,0.048182394,0.028754551,0.15838592,-0.13755171,0.0010962988,-0.07291698,-0.031312693,-0.014599045,0.06977601,-0.1361141,-0.03390035,0.13660708,0.152528,-0.07245638,0.05261126,-0.078977376,0.06516125,0.026170103,0.07525569,-0.0035535877,0.045376137,-0.0037347209,0.08302874,-0.06178343
TCGA-E2-A1L7-01A,0.013970093,-0.15136088,0.08046876,0.17753145,-0.0299664,0.059983794,0.07145623,0.06526477,-0.114925854,0.07154706,-0.07825562,0.06992115,0.014815529,0.32710788,0.13183248,0.06743049,-0.024706673,0.063094266,-0.0035057974,-0.15599468,-0.09457506,-0.08466376,-0.034427978,0.04202854,-0.0074414816,0.003820711,-0.20761879,-0.15380825,0.06228447,-0.16868089,-0.15324315,0.052341618,-0.13104934,-0.10139544,-0.027243452,-0.09554175,-0.14073741,-0.0567101,0.045401905,-0.15601367,-0.12725483,-0.004703389,0.041044947,-0.09446098,-0.05551959,-0.051379297,0.09725659,0.10675602,0.018279616,0.18554474,0.06850622,0.053476155,0.07856332,0.10491444,-0.01845453,-0.056231618,0.1623875,-0.0042897756,-0.07631135,0.021930953,0.13555938,-0.051891092,-0.0800063,0.06466755,-0.14105418,0.025310941,0.10684089,-0.07247215,-0.0741948,-0.017835336,-0.0038859113,0.030995142,0.043212287,-0.23092534,0.13283361,-0.0262192,0.03668856,0.025483834,0.042913347,-0.101018175,0.05771648,-0.057621017,-0.002262488,0.10744098,-0.09478226,-0.12905918,-0.0612329,0.104624644,0.15353382,0.043099005,-0.093259975,-0.10820203,0.01271294,0.14704774,0.1459918,-0.15924609,-0.058482066,-0.06620629,0.090229206,-0.07300115
TCGA-E9-A1N5-01A,0.009359291,-0.0960659,0.14426708,0.0026034957,0.10545882,-0.00067187345,0.14517277,-0.04207126,0.032008648,0.11510989,-0.04079404,-0.012309038,0.019859154,0.2035575,0.10474214,0.009020856,-0.018026907,0.104388736,0.039352458,-0.14916769,-0.06478327,-0.10653635,0.049972218,0.08250123,-0.055779517,0.029003697,-0.24652354,-0.0791155,-0.01385248,0.10275383,-0.18756132,-0.013320753,-0.16322114,-0.15285397,-0.16376445,-0.15988012,-0.03576541,-0.06449697,0.09212743,-0.04770399,-0.095138535,0.08038184,0.16256598,-0.03177238,0.057516318,0.014826352,0.0171609,0.102155365,0.031939086,0.0005915208,0.08006113,-0.020596603,0.04764151,0.0231385,0.0029081823,-0.064570844,0.13314518,0.03823867,-0.18842171,-0.10372939,0.044151414,0.100990824,0.10380787,0.07175738,-0.073614016,-0.043975107,0.16574311,0.0077022663,-0.113548085,-0.09214938,-0.1316295,-0.031622276,0.005216742,-0.17991175,0.07673675,0.027860537,0.0068858904,0.03617655,0.11329887,-0.03897306,0.0027379543,-0.022930942,0.07197745,0.22750607,0.07651976,-0.023875745,0.14199631,0.08577835,0.20244223,0.002751255,0.12618226,-0.1834862,0.106176846,0.015774079,0.14439173,-0.12804967,-0.14718202,-0.11256786,0.10300436,-0.02689041
TCGA-AN-A0XT-01A,-0.0068495832,-0.033098333,0.11831687,-0.0062047914,0.017665584,0.0847976,0.07042209,0.06400095,0.020697743,0.11023442,-0.05741482,-0.006888363,0.1604895,0.31389573,0.13253537,-0.08439208,0.055115663,0.0531911,-0.06460772,-0.043450028,-0.020682473,-0.06487021,0.03211974,0.087744586,-0.053334355,-0.045539673,-0.12199894,-0.14078604,0.028794246,-0.01839841,-0.079254724,0.02178068,-0.124899134,-0.37190467,-0.11450324,-0.15543237,0.016655171,-0.0662043,-0.07337044,-0.0028750927,-0.012320576,-0.06881925,0.07714956,-0.14076753,-0.0069920337,-0.059891026,-0.0055586644,0.07052083,0.20792854,0.08927105,0.06396535,0.046546537,0.0732961,0.06348144,0.030706085,0.078506805,0.050860472,0.061355483,0.016033674,0.010210213,0.092491634,-0.04780868,-0.03763806,0.13084134,-0.052310895,0.02309276,0.13238874,-0.057627354,-0.047228478,-0.032727577,-0.18050884,0.09660392,0.0049933693,-0.17856044,0.09773581,0.03364249,0.0228492,0.038765483,0.24613202,0.034403395,0.047450293,-0.14881586,-0.11141724,0.1389949,0.019266896,-0.11025271,0.020520026,0.17044792,0.13227992,-0.10007315,0.01170676,-0.15483716,0.0011565747,0.010674324,0.090048,0.0060779694,-0.022291716,-0.11758761,0.14150354,-0.1088624
TCGA-AO-A1KT-01A,-0.013316364,-0.12291665,0.012561383,0.05487311,0.06548258,0.113133125,-0.10553774,-0.10366793,-0.057693187,0.014683632,-0.065623164,0.03545609,0.13321532,0.12372909,0.060495123,-0.033107888,0.055173025,0.04852977,-0.018080274,-0.1249889,0.07887898,0.040682994,-0.07319501,0.24440897,0.01916419,-0.10453815,-0.13738391,0.063644044,-0.036420584,0.002079819,-0.09872198,-0.018020755,-0.08090026,-0.12580395,-0.055550538,-0.027731141,0.016708227,-0.09680384,-0.12397041,-0.16627619,0.043337606,0.06185638,0.16024444,-0.036173332,-0.044748344,0.04212573,0.067218676,-0.13982119,0.0597824,0.12812956,0.12067808,0.022999264,0.118018016,0.13019364,0.010504478,0.005132067,0.055593234,0.083229885,-0.04965204,0.008269631,0.0138285635,-0.06451441,-0.13524924,0.18140325,0.019867081,-0.048462298,0.14379036,-0.015781373,-0.091399,-0.01714063,-0.18216404,0.20196451,0.010917092,-0.33617374,0.16406581,-0.031121703,-0.14650933,0.09442422,0.17552851,-0.091824666,0.084563285,-0.09785321,-0.020663423,0.0013788883,-0.027706174,-0.020111369,-0.085555755,0.116275676,0.19226162,0.016490942,-0.012431817,-0.106838115,0.042993844,-0.023001723,0.25222814,0.050025284,-0.057463206,-0.05229002,0.020320429,-0.047231033
TCGA-EW-A1PG-01A,0.012384351,-0.08913563,0.126894,0.024959242,-0.01574614,0.06210489,0.019169917,-0.026537878,-0.035597093,0.103315875,-0.040727906,0.002537429,0.010525099,0.17679472,0.2604106,-0.043708097,0.07782255,-0.033991847,0.013967566,-0.17118467,-0.043439925,-0.050239686,0.015768459,0.059877347,-0.09047911,-0.16158746,-0.16648507,-0.0023352832,-0.15116754,-0.072713144,-0.059412498,-0.07556221,-0.16475981,-0.13754013,-0.20645446,-0.0013526536,-0.20133294,0.057669923,-0.026693787,-0.053588133,-0.16102988,-0.01747893,0.03726083,-0.0891552,0.021188175,-0.02938783,0.105625026,0.0894719,0.06598267,0.112339914,0.10168929,0.041618038,0.020365808,0.08648564,0.052056532,0.08617084,0.103797644,-0.025555449,0.06383523,0.0674917,0.009532646,-0.09681192,-0.20784156,0.11536232,-0.06842131,0.019623717,0.13845752,0.02040348,-0.05157363,-0.014411632,-0.11872557,0.15352033,-0.1234626,-0.19210906,0.2164826,0.043707535,-0.072291836,0.009949582,0.095293954,-0.007095682,0.08612118,0.032781452,-0.032349806,0.08769649,0.056746222,-0.11566094,-0.0019820414,0.18902312,0.18231525,-0.12399137,-0.017483268,-0.15385853,0.08761587,0.071569204,0.11860432,-0.15485443,0.07775136,-0.04306544,0.033756237,-0.0553349
TCGA-E9-A5FL-01A,0.0023554412,-0.0683715,0.21075001,0.14413372,-0.023096764,0.103216805,0.034466136,0.026253432,-0.023913546,0.05548348,0.079175256,-0.0022541159,0.07359893,0.36555183,0.03912503,-0.060818836,0.146823,0.03901725,-0.12011416,-0.05247787,-0.009318783,-0.055030037,-0.11035541,0.0427731,0.023791667,-0.030473715,-0.25215733,-0.02073686,-0.14503032,-0.07599992,-0.13742249,0.033068128,-0.10984832,-0.124485575,-0.16041712,-0.1564173,-0.013749848,-0.04658529,-0.006372472,-0.094514236,0.04659209,0.09249725,0.05983651,-0.11501096,-0.10467081,0.03426945,0.053622708,0.06304191,0.08180197,0.010674408,0.10634078,0.08777656,-0.054233145,-0.012473574,0.0011524574,-0.046350095,0.17118582,-0.020895885,0.045299873,0.019462591,0.036563735,-0.04805039,-0.01813197,0.11234587,-0.1984941,0.009297606,0.09060283,-0.015222388,-0.030737856,-0.036061775,-0.14799546,0.046561394,-0.06442518,-0.31469217,0.14888771,0.08236516,0.0056733973,-0.017912777,0.08607428,0.1401661,-0.06487284,-0.0556901,0.019023424,0.028441608,-0.023056159,-0.03640013,0.04883465,-0.015646745,0.13325672,-0.06583211,0.090999596,-0.10240669,0.14857738,0.14635208,0.14131235,-0.07757982,-0.05431098,-0.047842283,0.07867996,-0.09602536
TCGA-BH-A0DV-01A,0.09427843,-0.0105012115,0.1625016,0.03777493,-0.03208621,0.12025075,0.050809596,-0.101386696,-0.11760321,0.039211325,0.0049878755,0.11717925,-0.06472568,0.37491593,0.09947303,-0.041480433,0.112109385,0.030571206,-0.019581985,-0.08227806,0.014204951,0.040682778,0.059380185,0.084148444,-0.007188111,-0.025667587,-0.12179945,-0.02046414,-0.008241629,0.02908929,-0.099035285,0.001137979,-0.10429211,-0.24969174,-0.05560132,-0.20353892,-0.04335467,0.038158108,0.066653885,-0.08313147,-0.01788676,-0.033738457,0.12830804,-0.28864303,-0.08356338,-0.11692338,0.019548368,-0.002851612,0.033309985,0.07755789,0.14919075,0.0046718866,0.05706883,0.12593387,-0.120955706,-0.032370165,0.08826617,-0.0030495913,0.060117643,0.041570544,0.041935313,-0.12352229,-0.11172746,0.1764063,-0.020399421,-0.17625338,0.144011,-0.011163755,-0.17422514,0.0622831,-0.18507236,0.037489377,-0.06355023,-0.1720784,0.0010177883,4.589204e-05,0.07590738,-0.021244159,0.053107064,-0.026824882,0.027150193,0.008324503,0.013663468,-0.042048387,-0.09779122,-0.09354349,0.0319225,0.012076582,0.16597396,0.003951325,-0.012153262,-0.14490302,0.07658055,0.08736177,0.08440975,-0.010540992,-0.1535837,-0.046348136,-0.051973358,-0.10530748
TCGA-EW-A1IX-01A,0.09541098,-0.102593966,-0.00012187778,0.071630046,-0.05992384,0.017724317,0.07146092,-0.05358395,-0.09877565,0.059867557,-0.06608374,-0.023637015,-0.036459915,0.22696567,0.16197923,-0.076233156,-0.09248084,0.14177178,-0.037028335,-0.19989541,-0.12561934,-0.103997685,0.03001015,0.101129085,0.07177996,0.007938849,-0.13236524,-0.017136246,0.008289356,-0.029782202,-0.15011562,0.039672103,-0.11433712,-0.16439447,-0.12133012,-0.13945608,-0.07502894,0.008602315,0.010536697,-0.004779458,0.12538312,0.04701343,0.19270693,-0.04781174,0.07984953,-0.087204985,0.024034102,0.05029794,0.22660115,0.12109454,0.113132596,0.1691953,0.10448635,0.062081862,-0.07187239,0.025357183,0.044046406,-0.0041500474,-0.02259466,0.013365515,0.15148233,-0.08133337,-0.005109877,0.114798546,0.07112223,-0.15934251,0.16456492,0.06934723,-0.13696925,0.07810431,-0.18012124,-0.022212548,0.01464212,-0.21127488,0.1024594,-0.13341057,-0.037760176,0.14074133,0.045204096,0.01610669,0.058986817,-0.097996525,0.016607763,0.11058592,-0.06741029,-0.07319147,0.057150103,0.10878579,0.071316004,-0.10601933,-0.04813766,-0.08543712,0.10797348,0.087479904,0.20345125,-0.015582073,-0.10270903,-0.075760536,-0.003605234,-0.07629901
TCGA-AR-A24H-01A,0.01732345,-0.066584386,0.069978155,0.005699183,-0.116201,-0.03238241,0.0033727626,0.04799902,-0.047366172,0.041946728,0.06546223,-0.043188687,0.0490736,0.092005186,0.2387754,-0.08710186,-0.038800683,-0.02983695,-0.051646736,-0.11970599,-0.027784992,0.035846237,-0.09445712,0.062330462,0.05857619,0.01145471,-0.3234324,-0.05449908,-0.012850342,-0.10895614,-0.19189696,0.08629429,0.022894438,-0.1536692,-0.13366075,-0.13752262,-0.0064647594,-0.075379215,-0.110544346,-0.09612679,-0.029641297,0.14208513,0.16813639,-0.14633292,0.025807578,0.022763118,0.09232493,0.08706367,0.1297209,0.11702929,0.11810697,0.08639216,0.08968917,0.059122182,0.0025665655,-0.07758368,0.05948666,-0.09805463,-0.1302687,0.07060641,0.14848892,-0.074087255,-0.0677358,0.020453498,-0.1506003,-0.06400278,0.16408107,0.011392046,-0.10006681,-0.18024306,-0.118223615,0.08656731,-0.011741597,-0.19783701,0.16724879,-0.03557417,-0.15674438,0.003852242,0.17238215,-0.0026868752,0.113763936,-0.088967666,0.035782423,0.039318483,-0.010877412,-0.016948001,0.036436737,0.13309477,0.14925851,0.041768458,0.056710914,-0.041390616,0.036853332,0.068568796,0.091016725,-0.019380122,-0.0983296,-0.013428976,0.09808366,-0.1610904
TCGA-E2-A570-01A,-0.1339305,-0.19255452,0.24973164,0.03826165,-0.005885164,-0.1065309,-0.024973271,-0.047758456,-0.02529275,0.0018667167,0.050398063,-0.06585719,0.00035734635,0.19662584,0.0958486,-0.07260385,-0.07883059,0.016089413,0.07347406,-0.15277778,-0.03528981,0.043632876,-0.06796456,0.140126,0.015300688,-0.05868312,-0.14927356,-0.10848059,0.060422618,-0.08674735,-0.063469686,0.0059814663,-0.08003908,-0.1394057,-0.11565589,-0.16271706,-0.038940515,-0.111635,-0.046287324,-0.09491583,-0.06667722,0.11277632,0.026056143,-0.07438529,0.11130815,0.10839156,-0.028259445,0.04107514,0.13882165,-0.002554302,0.09344928,0.033865802,0.025854578,0.23831938,-0.024584126,0.04511779,0.07406573,-0.008111181,-0.16599944,0.068219356,0.2413665,0.012298747,-0.046300747,0.035512254,-0.05133611,-0.07575591,0.13884602,-0.08079957,0.015857179,-0.01015964,-0.037912466,0.09126689,-0.07496036,-0.2867623,0.2698837,0.011308467,-0.024534851,0.03886374,0.1347012,-0.058172546,0.095958866,-0.12387563,-0.09233659,0.103709884,0.049661428,-0.06046677,0.0321817,0.040138017,0.18687636,0.014439978,0.07092876,-0.11699678,0.007078333,0.0068665417,0.101953834,0.08001939,-0.055233188,0.008138555,-0.03140964,-0.06904481
TCGA-EW-A1P7-01A,0.025769157,-0.14688829,0.25242165,0.15421903,-0.11658042,-0.030691741,-0.057419963,0.015283986,0.031223504,0.07609793,0.021595592,0.07559982,0.08256859,0.2486745,0.13083969,-0.18665001,0.027267007,-0.01112994,0.008154392,-0.059266362,-0.03442708,-0.11858966,0.004236314,0.14047246,0.07999202,-0.11665643,-0.24953787,0.06245439,-0.0049745976,-0.017249746,-0.11764729,0.103974715,0.044331815,-0.20829283,-0.12040321,-0.11478356,-0.074971616,-0.08289027,0.0050548017,-0.0380653,-0.031272624,0.052192338,0.23489748,-0.07701438,-0.076401204,-0.04178317,0.024197122,0.054425962,0.0057188827,0.13770935,0.20472793,0.06935513,0.032714386,0.12673178,0.027133493,0.060692154,0.10078598,0.009010663,-0.0774254,0.0103457,-0.021754652,0.093452744,-0.024795609,0.113142185,-0.08789024,-0.05523131,0.12946959,-0.08161398,-0.0061125355,0.012137445,-0.21134815,0.04883308,0.11698996,-0.18483454,0.21135338,-0.031402048,-0.03226733,-0.12046087,0.06705201,-0.016301112,-0.028450428,-0.08019867,0.020235661,0.11357988,-0.07269874,0.0034370006,-0.046669945,0.017926322,0.12718277,-0.01703541,0.03482863,-0.12483224,0.11593696,-0.07060077,0.051383466,-0.033038545,-0.06665809,-0.11335115,-0.024492783,-0.04425422
TCGA-EW-A1J6-01A,-0.07502958,-0.10276297,0.22971496,0.09495165,-0.07634121,0.1323172,0.07185418,-0.0088311285,-0.025394367,0.07085308,-0.036715675,-0.0076158983,-0.07266747,0.051936682,0.13926971,-0.07218809,0.018537348,0.053344823,-0.061352815,-0.18354829,-0.03646368,-0.0139219975,-0.045474976,0.15511632,-0.02137311,-0.13406663,-0.25142696,-0.008193765,-0.032654826,-0.12770633,0.14473867,0.021718428,0.039419368,-0.046954438,-0.19181044,-0.14581767,-0.015006067,-0.0745486,-0.076816574,-0.014423408,-0.03654531,0.048908304,0.09426188,-0.1089234,-0.05405531,0.061750688,0.1479888,-0.0006482163,0.14706202,0.056619883,0.15884835,0.04612005,-0.030227615,0.14653932,0.0049776775,-0.049642865,0.06804396,-0.017258396,-0.11702241,0.055193987,0.054477975,0.05800635,-0.048842836,0.21883416,0.039291464,-0.028180499,0.12041644,0.038958352,-0.006470747,-0.057663474,-0.13015811,0.071492404,-0.13474461,-0.1876658,0.1867487,0.021523446,0.02396535,-0.029930692,0.12414344,-0.019712795,0.140478,-0.06988102,-0.027313277,-0.005954406,0.14497563,-0.20063716,-0.022103691,0.2175952,0.18145803,-0.031850956,0.08161581,-0.078719385,0.02406472,0.017123666,0.121864386,-0.11146745,0.0860267,-0.12520187,0.020350514,-0.010964539
TCGA-A2-A0YG-01A,-0.042198695,0.013886927,0.15239911,0.08278452,-0.047365703,0.06939471,-0.058643077,0.04375571,-0.111146614,0.15641567,0.016233051,0.014121635,0.03907139,0.29187307,0.10120493,-0.08117575,0.05698261,0.09115653,-0.02177014,-0.061626233,0.027986161,-0.12833397,-0.107937045,0.0156228,-0.10758168,0.08646478,-0.2120493,-0.034462046,-0.006974749,-0.19005412,-0.08149838,0.030044349,-0.09002794,-0.11816764,-0.07811033,-0.14935097,-0.06035384,-0.021958746,-0.012569292,-0.1366387,-0.09272436,-0.008764497,0.011008301,-0.08063254,-0.030666668,-0.014766468,0.05646342,0.017169045,0.00674429,0.1269282,0.0039458335,0.03786962,0.117003314,0.113341644,0.05190876,-0.0059327004,0.03844298,0.033795938,-0.13565992,0.055251423,-0.030197639,-0.043537226,-0.19692355,0.13978226,-0.093125954,-0.019981718,0.14072454,-0.11648554,0.030218512,0.11236264,-0.17764926,0.115626484,-0.06902525,-0.1269874,0.04951429,0.058179934,-0.027983624,0.051654924,0.2710165,-0.11035352,-0.026050234,-0.11735838,-0.03229377,0.021448294,0.03256294,-0.17292035,0.08052147,0.13543357,0.24792191,-0.13649538,0.0070733456,-0.027965404,0.21602969,-0.06133475,0.08842512,-0.049738627,-0.055781476,-0.040240806,0.015457402,-0.01703021
TCGA-AR-A24R-01A,-0.06141319,-0.055504724,0.15519114,0.081567295,0.00253581,0.012164586,0.012275646,-0.056828044,-0.08600454,0.17313227,0.05898617,0.00096328236,-0.0027212177,0.19961669,0.0836126,-0.12189315,0.09344434,0.25434467,-0.05598314,-0.12850393,-0.061691016,-0.10448576,-0.20312247,0.04804488,-0.04995226,-0.11766921,-0.21806654,0.01668483,0.08919093,-0.047624093,-0.16937475,0.05488257,-0.033055365,-0.16834228,-0.12936287,-0.13281773,-0.07976463,-0.09645149,-0.078623,-0.07416558,0.012729365,0.06337121,0.17282644,-0.055279184,-0.07029743,0.03357755,0.056010116,0.12295972,0.032983385,0.1575724,0.084461115,-0.07241776,0.018460318,0.045360394,0.0034612354,-0.007744261,0.05488998,0.024447948,-0.050334364,0.085078366,-0.045777112,-0.06347443,-0.060576938,0.08225452,-0.10926271,-0.0016030488,0.1442264,-0.028534459,-0.03609903,0.037714094,-0.06907639,-0.0092465775,-0.0026135773,-0.18292744,0.13158013,0.023157509,-0.12601423,0.061367117,0.109050356,0.012162752,0.06353286,-0.08188035,0.0008328671,0.09292619,-0.043151636,-0.075816154,0.06744301,0.109252945,0.25733733,0.12135276,0.19009762,-0.17720881,-0.016012983,-0.00793424,0.12091985,-0.16619757,-0.06547047,0.0024382886,0.10888577,0.027549123
TCGA-E9-A245-01A,0.00024816312,-0.030930575,0.09112697,0.008710608,0.010468986,0.08087674,0.0223759,0.04656523,-0.04318828,0.14061202,-0.05871597,0.0056883832,0.03719344,0.31326273,0.10773234,0.019459119,0.056191366,0.043171477,0.046761412,-0.20828958,-0.06908996,-0.028378036,-0.04310739,0.14987364,-0.0015143558,-0.030511618,-0.23741892,0.017169198,0.0040531205,-0.0689749,-0.019129146,0.06576475,-0.01676009,-0.115391724,-0.11205439,-0.17031816,0.011508367,0.027465064,-0.103587314,-0.023207035,0.0755979,0.08417999,0.23072809,-0.17951965,0.008342376,-0.09299805,0.0894316,0.07429599,-0.013344907,0.1528816,0.048007295,0.00783253,0.058681555,0.16090232,-0.009083646,0.056068726,0.13361554,0.09583969,-0.029877415,0.06483056,0.09222037,-0.013263887,-0.11342188,0.13629414,0.053196695,-0.08658473,0.12521756,-0.05636486,-0.13436815,-0.03576484,-0.18951277,4.0315837e-05,-0.01919953,-0.3151489,0.0659806,0.027914407,-0.05549452,-0.03316315,0.22693758,-0.028717186,0.017349377,-0.059544258,-0.0109995445,0.013746135,0.02368344,-0.111547194,0.0068436256,0.058299687,0.030264154,-0.07629786,-0.06499543,-0.051286675,0.19145758,0.085285895,0.055516403,-0.11498432,0.12384481,-0.13401683,0.029799271,-0.065196805
TCGA-WT-AB44-01A,-0.089783244,-0.1026343,0.13147826,0.10848592,0.046419606,-0.063086934,-0.07978992,0.05685996,-0.0047719376,0.16012762,-0.014387713,0.046910897,0.05429387,0.13182577,0.1888969,-0.047519423,-0.08309792,0.037085243,-0.087319076,-0.0940023,0.0399714,0.014121408,-0.07208444,0.09374131,-0.07631453,-0.0049836333,-0.19666736,-0.0044586,-0.0058972887,-0.13020417,-0.03819554,0.035918135,-0.059002813,-0.14338832,-0.07804198,-0.15273333,0.021957159,0.02669846,-0.0014457082,-0.14208318,0.0058705295,-0.010028541,0.20877042,-0.009744495,0.023202742,-0.11614555,0.1835306,-0.008224557,-0.006634758,0.060857397,0.2547343,0.06314778,-0.011370405,-0.025305886,-0.046347253,0.026562158,0.17605396,-0.08280301,0.018897329,0.13250495,0.07561564,-0.053576853,-0.07190681,0.07725234,-0.1438972,-0.1737062,0.18280998,-0.09155792,-0.20092265,0.041102488,-0.107197165,0.06817731,-0.041434944,-0.12113702,0.17661431,0.056671765,-0.019767694,0.09870097,0.045425966,0.12962252,0.12905061,-0.0809095,0.036771618,0.10129259,0.055022784,-0.045182116,-0.011498658,0.10743024,0.17622456,-0.10969537,0.07038188,-0.0568417,0.17989983,0.16235164,0.08268783,-0.030981552,-0.112340145,-0.0005868862,0.11782944,-0.027679965
TCGA-AC-A2FB-01A,-0.051334698,-0.076821126,0.19696401,0.05169343,0.06022544,-0.032002848,-0.10417288,0.04840952,0.021083275,0.09492264,-0.06847133,0.22421004,-0.0100824535,0.09620958,0.22046588,0.0135091655,-0.062443778,0.048287474,-0.001673357,-0.1787029,-0.077343866,-0.0069930963,-0.04067268,0.094614014,0.065794684,-0.16475902,-0.23601995,0.07457133,-0.09277033,0.06005974,-0.054157153,-0.06679126,-0.07726396,-0.18829668,-0.2186211,-0.07500492,-0.05232274,-0.030354675,-0.011357184,-0.018936232,-0.08989414,0.062017113,0.00026045647,-0.10121956,-0.014699561,-0.06166294,-0.020985419,0.05023999,0.021405848,-0.0043303957,0.07458472,0.053056892,-0.091776274,0.0980019,0.049296,-0.076552674,0.07980305,-0.09961301,-0.115818344,0.069691695,0.0019861874,-0.024177,-0.20577481,0.0071322443,-0.071129225,-0.074676566,0.15030402,0.076790124,-0.02095191,-0.015799593,-0.24457076,-0.011233172,-0.04148934,-0.22537276,0.1580891,0.002074384,-0.07131731,-0.0822669,0.18391217,-0.054813728,-0.03889663,-0.11032889,0.017091902,-0.024881711,0.012027958,0.017725969,-0.019391455,0.07719961,0.21990651,-0.012244208,0.029705264,-0.051922824,0.27327025,0.027000248,0.05553843,-0.060244508,-0.021341117,-0.121016175,0.069968276,0.0055329856
TCGA-AC-A62X-01A,-0.081997395,-0.031074502,0.040454227,0.07346091,-0.0126762055,-0.02641133,-0.062005315,-0.041056417,-0.10192359,-0.010820121,0.034798767,0.0223951,-0.100093156,0.20541017,0.055382654,-0.0010206996,-0.002611959,0.16213158,-0.07392604,-0.19198924,-0.07925956,-0.035068594,-0.15560295,0.10660014,-0.0939137,-0.04696904,-0.24610545,-0.12478856,0.041016616,-0.06938882,-0.11296787,0.06545212,-0.15716746,-0.16593838,-0.03372511,-0.028932748,-0.015023146,0.009839097,-0.04922882,-0.10616418,-0.017981239,0.049909562,0.16524075,0.013459435,-0.21472616,0.11689791,0.045707557,0.020983705,-0.019733505,0.21911472,0.1802983,-0.06117426,-0.028363971,0.0022707498,-0.023172082,0.0046343002,0.034880877,-0.05081203,-0.07322894,-0.11966174,-0.0073418776,-0.02483513,-0.07142029,0.15062758,-0.056539003,-0.18811595,0.15942979,0.020965923,-0.12583125,0.016650626,-0.15515418,0.121616624,0.07133319,-0.1330098,0.10187777,-0.042926062,0.0055560973,-0.018009817,0.26373672,0.048345137,0.0013094739,-0.09766776,0.022567065,0.13527925,0.047825553,-0.1359906,-0.08431435,0.07019766,0.12368561,-0.082899794,-0.025478423,-0.11543915,0.053572353,0.18174563,0.1132569,-0.001224097,0.052867167,-0.11832136,-0.024525037,-0.008927553
TCGA-E9-A1R6-01A,-0.07106945,-0.03848347,0.12560432,0.06933618,-0.09617217,0.011240263,-0.097728424,0.12047008,-0.08091644,0.11218111,0.002596335,-0.07127941,0.054913323,0.20053142,0.2110746,-0.037304282,-0.035597853,0.066203065,0.008523527,-0.23527545,0.027813978,0.01408209,-0.050525963,-0.06824975,-0.047353934,-0.008040267,-0.21028018,-0.02198948,-0.018550772,0.018829856,-0.06711502,0.05110832,-0.09674845,-0.11281847,-0.06390472,-0.22414425,-0.1287718,-0.09551147,0.016398525,-0.061791558,0.09006065,0.07579966,0.2363929,-0.013066692,0.03402808,-0.023132615,0.11804353,-0.036457047,-0.011048883,0.09470168,0.04852504,0.17986128,-0.14495054,0.19650754,-0.009304921,-0.004913008,0.12827015,-0.037967265,-0.07708314,0.022990702,-0.056466624,0.057449903,-0.010856605,0.06324549,-0.06963726,-0.03684085,0.17309688,0.04964476,-0.11736074,-0.03562862,-0.16283187,-0.04231202,-0.06723041,-0.23670402,0.07427039,-0.06737634,-0.1061299,0.06991923,0.21560006,-0.030189307,-0.06354504,-0.12474044,-0.090213194,0.04666955,-0.08390804,-0.0406121,0.13666147,0.017613446,0.234146,0.07046327,0.08590627,-0.08371361,0.006765774,0.016185379,0.112293296,-0.0065455213,-0.06602552,-0.013070836,0.03941753,0.058740847
TCGA-AR-A0U3-01A,0.012986964,-0.09925197,0.07690988,0.12452312,0.01687204,0.044831045,0.09971827,0.06597512,-0.058752015,0.13515437,0.022342743,0.037989255,0.053544454,0.1603582,0.10199825,-0.021199455,0.04829486,-0.04243717,-0.09908677,-0.065530375,-0.12362133,-0.020100528,-0.029706614,0.13139938,0.03312979,-0.05351208,-0.21507052,-0.13384756,0.115044825,-0.16444547,-0.11820132,0.0077012465,-0.08334687,-0.16710526,-0.22211136,-0.24126738,0.015095876,-0.092634924,-0.060612317,-0.038804945,-0.03483928,0.20001997,0.0704799,-0.17997913,-0.06377982,-0.074190885,0.105406694,0.16305839,0.1072473,0.046822213,0.2551912,0.021441964,-0.008991272,0.1325306,-0.05070422,0.051377814,0.055847805,0.0038977535,0.074089795,-0.00065557845,0.12739028,0.0009054765,-0.047389086,0.14844052,0.017525617,0.05731838,0.1432221,0.05276717,-0.031223897,-0.063226715,-0.11649091,0.16102268,0.03858063,-0.16683254,0.14834218,0.12788577,0.102910906,-0.025891373,0.114148326,-0.04371028,0.011302072,-0.06116332,-0.009336143,0.10259117,0.00057897717,-0.049016763,0.15458089,0.1650166,0.056535553,0.04592723,0.038943354,-0.106725015,0.1061466,0.0001890621,0.021229498,-0.07380591,-0.08613837,-0.047228947,0.0093936445,-0.04961542
TCGA-D8-A1XK-01A,-0.01969405,-0.1450928,0.0907547,0.076446906,0.0047748187,0.060355477,-0.07823716,0.03528135,-0.033471324,0.09214921,0.028676057,0.022183888,0.014165134,0.22430785,-0.028488223,-0.011569894,0.1425808,0.09569749,0.07197274,-0.063495815,-0.055785414,-0.107987255,-0.13700846,0.0659337,0.18678215,-0.01424366,-0.2096805,-0.0046061715,-0.05327296,-0.15229614,-0.10993147,-0.014486041,-0.062195215,-0.18031977,-0.22217698,-0.07865239,0.04246239,-0.017421177,0.0074347113,-0.039714307,-0.04401512,0.095024005,0.23715432,0.054842636,-0.047073897,0.02059679,0.011804366,0.0753879,-0.06791076,0.09980431,0.15930802,0.015620176,-0.010281374,0.09162067,0.004874336,-0.081348225,-0.009406429,0.061476666,0.041457344,0.06135434,0.012074763,0.036891133,-0.12629423,0.078694984,0.095345184,0.03176811,0.16209239,-0.0058584926,-0.22494182,-0.055513166,-0.12098337,0.11026201,-0.007972667,-0.20741874,0.13351215,0.09665695,-0.05338483,0.0068705087,0.18801479,0.08852212,0.0042158687,-0.039784137,0.016011126,0.04738121,-0.06291403,-0.09785624,0.061229013,0.1982258,0.20438918,-0.009369734,0.04508407,-0.20601854,0.04796984,0.13791473,0.13042481,-0.0114151575,-0.048963092,-0.022477675,0.10806548,-0.033114165
TCGA-AR-A2LQ-01A,-0.09383595,-0.010269337,0.1960779,0.06893229,0.14392634,0.048444945,0.016589174,-0.0037302545,-0.039195176,0.011400743,-0.07262705,-0.0009277777,-0.040249813,0.31230602,0.10651359,0.10637971,-0.038248736,0.07922805,-0.092153884,-0.14130563,0.08794231,-0.080513656,-0.06680402,0.09452478,0.103213824,-0.15413587,-0.17684448,-0.06402917,-0.081195034,-0.16197644,-0.097872235,0.054887373,-0.04875705,-0.16099623,-0.12048966,0.03204176,-0.11141259,-0.11450971,-0.037866812,0.08224595,0.014169589,-0.032600876,0.16486986,-0.1469533,1.6305716e-05,-0.012803192,0.088632375,-0.039832484,0.12488579,0.14468388,-0.021688865,-0.008345474,-0.05959147,0.20822176,-0.051753398,0.080738135,0.05780376,0.09699841,-0.038389076,0.034613967,0.10381061,-0.052322943,-0.11850361,0.09500369,-0.008107407,-0.1436456,0.05266299,-0.09868447,-0.11123448,0.03759773,-0.13841045,0.13848165,0.04950894,-0.19535564,0.2083526,0.016572788,-0.021409877,0.021243254,0.09449433,-0.0014434145,-0.06170336,-0.06654394,-0.037801847,0.050657667,0.027905507,-0.027559979,-0.14218776,0.12732066,0.19355232,-0.09398166,0.030021122,-0.069111176,0.13863333,-0.028668288,0.11892557,-0.0583794,-0.005488335,-0.06400261,0.017120155,-0.10351436
TCGA-EW-A1P5-01A,0.084039725,-0.038593553,0.22178829,0.053253613,0.056531075,-0.0075809574,-0.12181286,0.05909319,-0.06884195,0.17919677,-0.031055374,-0.051912766,0.057013195,0.15042838,0.112722196,0.082992576,0.0180292,0.030010948,-0.03119422,-0.10198466,0.08406395,-0.06498457,-0.2339432,0.08744476,-0.12651937,0.06794654,-0.26203504,-0.08712587,0.06858931,-0.085104,-0.18904017,-0.03007111,-0.08019035,-0.1375081,-0.054372054,-0.20888588,0.0147175,-0.06994719,-0.07869258,-0.00619472,0.07281053,0.053314477,0.22010782,-0.050349217,-0.06715591,-0.09242591,0.016170772,0.002017258,0.09207579,0.10767637,0.10919818,-0.008847153,-0.0036440082,0.09634887,-0.016934808,0.026416184,0.14494374,-0.030632822,0.026199903,-0.0531051,-0.10078438,0.0027371193,-0.08550032,0.10160016,-0.0017849877,0.01080929,0.31164938,-0.07650106,-0.050235186,-0.07031988,-0.115122944,-0.016512372,-0.0070808097,-0.0910458,0.12438759,-0.004850392,0.00096286205,0.070838526,0.13070855,0.043083098,-0.05298501,-0.100824155,0.03962553,0.12017246,-0.04956965,-0.09631893,0.030669807,0.11580126,0.22677259,-0.06285923,0.117897615,-0.04779566,0.061851665,0.08459511,0.1563921,-0.0119790835,0.071057625,-0.03265652,0.088185765,-0.028455874
TCGA-C8-A1HL-01A,0.05659729,-0.13281336,0.11642631,0.048757277,0.08627392,0.047832336,-0.013816893,0.15034585,-0.0731133,-0.05912112,-0.054474633,-0.005470189,0.00059666316,0.21254286,0.2090293,-0.05287992,-0.04664065,0.10646388,-0.01266735,-0.025130637,-0.1191963,0.05910514,-0.08063113,0.06345573,0.055999383,-0.044691525,-0.22639771,-0.15990129,-0.078703284,-0.14391504,-0.009366383,0.08728109,-0.013703366,-0.21551552,-0.13481809,-0.13662985,0.016801761,0.024740195,2.997899e-05,-0.0033809317,0.04091093,0.114542626,0.13859099,-0.13058941,-0.13130857,0.004288047,0.024308404,0.09303091,0.04697045,0.1245857,0.15487373,0.027203402,0.026261518,0.04654159,-0.059458762,0.006487493,0.05943474,0.04578533,-0.05720368,-0.030941721,-0.0052566202,0.04696123,-0.052536227,0.11429697,-0.18464899,-0.054566894,0.16449887,-0.05720798,-0.12266816,-0.05086488,-0.08062644,-0.007078976,-0.07451901,-0.20870434,0.13737619,0.10896643,-0.045989294,0.15403555,0.16322637,0.043834493,0.010110689,-0.09107586,-0.15939029,0.13097362,-0.082138434,-0.08101208,-0.013894119,0.12130203,0.22741868,-0.1391213,0.012714642,-0.04313497,0.033574246,0.12682918,-0.07567039,0.0053715543,-0.02066756,-0.017271621,0.12498615,-0.10913873
TCGA-A1-A0SQ-01A,0.050850302,-0.0057619503,0.14906257,0.124724165,0.13165464,-0.042700797,-0.03581329,0.11208018,-0.10567039,0.095947154,0.003634216,0.0063610114,-0.03339803,0.19175947,0.14217846,0.023839349,-0.040559236,0.045570094,-0.0070560914,-0.168998,0.015991991,-0.09053709,-0.09145934,0.09935845,0.031260137,-0.02740217,-0.04888556,0.008958176,-0.03131136,-0.009251399,-0.1269898,0.08526396,-0.12687448,-0.08588215,-0.10098448,-0.04939189,-0.12628993,0.03913712,-0.061185718,0.047660377,-0.04183161,0.07712369,0.14012572,-0.059922125,-0.03980847,-0.10038576,-0.032011062,-0.10379458,0.06914665,0.07552485,0.14928323,0.12897164,0.060394317,0.084298804,-0.07802434,0.0009777581,0.13368408,-0.027419824,0.0387411,-0.10933724,0.13294925,-0.0001544143,-0.13799314,0.12167713,-0.09759585,-0.0005327846,0.21647722,0.106894635,0.0030857355,0.08694616,-0.17816418,0.020506235,0.00029980272,-0.28392348,0.20028965,0.080556005,-0.056813817,0.16103868,0.13591352,0.0073519708,0.09102325,-0.14691733,-0.07874107,-0.105732,0.01096729,-0.036359653,0.024878846,0.17192805,0.14574279,-0.0020603589,-0.0038288303,-0.062456716,0.06577282,0.10024889,0.04991463,-0.20781365,0.01735091,-0.089001715,0.063537225,-0.19285293
TCGA-PL-A8LX-01A,0.01236408,0.033812333,0.001990377,0.13051592,-0.07473842,0.13674483,-0.0039067776,0.04840906,-0.10732851,0.0800941,-0.06410948,0.011324798,-0.07204208,0.24473742,0.15100391,-0.04043587,0.04644465,0.02561004,0.09834014,-0.010336734,-0.14499281,-0.12625529,-0.14669774,-0.1543757,0.0023644243,-0.072671965,-0.22774151,-0.124886796,0.046814043,-0.04102128,-0.009969985,-0.003781826,-0.19735654,-0.15715036,-0.1772349,-0.14506137,-0.14233312,-0.045138907,-0.027233547,-0.059395526,-0.0955024,0.024361221,0.067788914,-0.028664624,-0.042804454,0.021507572,0.016154736,0.02798147,0.033992253,0.00808924,0.24518286,-0.00987695,0.12852904,0.071404435,0.040775105,-0.013631572,0.09982087,0.026748888,-0.048546206,0.13100897,0.07743409,-0.0011561118,-0.13462777,-0.06911081,0.025141867,-0.15961725,0.14675176,0.033652037,-0.11693598,-0.05134087,-0.12845042,0.04190826,-0.025847312,-0.21894117,0.106125936,0.07213256,-0.057764318,0.12871198,0.16323623,-0.02151051,0.045574255,-0.08542968,-0.109872445,0.022255313,-0.011215593,-0.13422121,-0.0129438145,0.07775037,0.16046071,-0.12752838,0.048398554,-0.058627497,0.14387327,0.026601013,0.21024825,0.06465034,0.015726099,0.0030619889,0.04293535,-0.07171737
TCGA-A2-A4RW-01A,0.06547344,-0.04939158,0.124573305,0.088546984,0.107801005,-0.06963927,0.0012486336,-0.05011394,-0.12197108,0.0956256,0.05914792,0.06545759,-0.008837358,0.18952216,0.10897302,-0.063802026,-0.03283631,0.088731185,0.095538795,-0.1327756,-0.0029085986,-0.042906128,-0.042698402,0.01717336,-0.12863605,-0.14932191,-0.15856475,-0.0899235,0.11398492,-0.011141796,-0.14021727,0.16143623,-0.11013074,-0.18538627,-0.1812494,-0.08563881,-0.11825178,0.13017188,-0.06605151,-0.12820794,-0.0049873185,-0.036612336,0.09353797,-0.12454183,0.03309626,0.07312813,0.11527423,0.073896825,0.20555247,-0.014236077,0.10920169,0.1144904,0.010556184,0.15103719,0.042096235,0.0037564584,0.07203959,0.05887241,-0.016852528,0.017405612,0.020819917,-0.044723596,0.05625521,0.10118855,0.14343187,0.00729114,0.13017975,-0.0056339903,-0.10509953,-0.019981528,-0.18775366,0.08515116,-0.059714764,-0.2960284,0.1064141,0.011718146,0.012657233,0.015314598,0.090731606,-0.07998492,0.06843471,-0.099115044,0.013260244,0.027438156,-0.039030954,-0.055900782,-0.006213326,0.1617525,0.1041054,-0.064065434,0.102417886,-0.119157776,0.014422992,0.07469724,0.13023436,-0.014708555,-0.02002511,-0.15681693,0.13257773,-0.17147207
TCGA-A2-A25A-01A,0.084695995,-0.067087606,0.1300952,0.05244791,-0.031822592,0.11027407,-0.04964375,0.10312769,-0.07149507,0.073285565,-0.011326106,-0.13898297,-0.07835081,0.23715504,0.09347486,-0.08610538,0.02368219,0.060946576,-0.01108117,-0.07040941,0.00012607472,-0.005148821,-0.02210075,0.1368676,-0.021106575,-0.03849667,-0.17189908,-0.16747518,-0.039331768,-0.048772156,-0.041470427,0.09891446,-0.06760129,-0.19825341,-0.063268736,-0.2014093,-0.06708948,0.09766661,0.04063026,0.045594104,-0.116369456,0.11872928,0.11507224,-0.09892665,-0.029166443,0.0030351505,-0.03539303,-0.016871711,0.13098297,0.05690838,0.081052355,0.02419825,0.10524076,0.18298122,0.012527196,-0.009827014,0.036597326,0.08014997,0.019379027,-0.13129158,0.083712764,0.09954224,-0.19148296,0.017481912,-0.016403254,-0.12631832,0.18035936,-0.08040875,-0.11708792,-0.021459188,-0.13332891,-0.13143201,0.040636167,-0.17636035,0.22532348,0.028553853,-0.08853265,-0.069102116,0.08866664,0.047032766,-0.0726935,-0.014493993,0.044205014,0.22793627,-0.027015366,-0.15505458,-0.15381326,-0.046557352,0.24292828,-0.028886372,0.049169794,0.01015116,0.070697226,-0.00050186977,0.11400861,-0.033028223,-0.04569631,-0.054974683,0.051830757,0.09346037
TCGA-EW-A1OV-01A,0.069197476,0.00033802207,0.07567873,0.012881843,-0.13293485,0.025747024,0.017013926,0.13777682,-0.07210166,0.12510678,-0.010779525,0.004699479,0.019978005,0.24768235,0.05136182,-0.074485764,-0.11841138,0.068762094,-0.10185392,-0.13992259,-0.093422,-0.12542467,-0.11989525,-0.023707405,-0.038409773,0.018264826,-0.15122059,-0.05307191,-0.09323349,-0.07893271,-0.11192581,0.19272298,-0.0850837,-0.2280777,-0.085200444,-0.08102636,0.08315708,0.048392553,-0.0145003125,-0.02728661,0.034407143,0.08624361,0.12734176,-0.08067182,0.04146993,0.021429611,0.08757296,0.03446177,-0.028129915,0.08438409,0.10288469,-0.10390009,0.02755839,-0.00022892373,-0.1330193,0.002712196,0.11190014,-0.005063375,0.061968762,0.030704848,0.021091342,-0.1118048,-0.009668024,0.20451882,0.008752263,-0.13096955,0.24649851,-0.12711662,0.011378949,0.0022937332,-0.28039414,-0.043846652,-0.010268443,-0.18597393,0.0746455,0.046780724,-0.012605746,0.023906346,0.20679134,0.04479922,-0.027989525,-0.08261332,-0.040128026,0.06975035,-0.049044978,-0.037555926,-0.039730813,0.1324394,0.112766355,-0.15511623,0.09567524,-0.14344648,0.11993671,-0.0070741554,0.1485973,-0.04028238,-0.08281781,0.013865489,0.05055088,-0.14467221
TCGA-B6-A401-01A,-0.04704977,-0.06824485,0.13337474,0.1601793,0.09597902,-0.04442442,-0.013403376,-0.042328075,-0.0548743,0.27357817,0.08842826,0.08495179,-0.041172396,0.3131624,0.076258525,-0.05386697,-0.048082836,-0.015886756,-0.057845272,-0.12915836,0.04334693,-0.13053113,-0.044525925,0.096214816,-0.06624636,0.061226875,-0.28630507,0.004304323,0.100602955,-0.11306172,0.042862475,0.14821623,-0.06552939,-0.19127157,-0.051716346,-0.18347587,0.045036763,-0.021326987,-0.09955563,-0.19536076,0.01789769,-0.0013869294,0.22904238,-0.06869896,0.00598074,-0.022874253,0.13211782,-0.061933223,0.055797596,0.10603119,-0.0008702675,-0.05303894,0.057314824,0.045427367,-0.041979358,-0.04687311,0.12268234,0.03882367,-0.13492107,0.049623203,0.07197628,-0.0072758496,-0.1729082,0.124590695,-0.052794944,-0.0066079907,0.09620031,-0.1417037,-0.012967058,-0.040516317,-0.1400629,0.034633085,-0.026266502,-0.039158422,0.18493266,0.08354114,-0.018502763,0.044535622,0.08432803,-0.06520665,-0.016635118,-0.030448725,0.051338818,0.044681557,-0.03623324,-0.07449008,-0.04310182,0.122257434,0.15524633,-0.040105302,0.04008193,-0.06325254,0.16658555,0.057152145,0.04714393,-0.026891697,0.019450756,-0.12769365,0.01924458,-0.018970212
TCGA-OL-A66L-01A,0.009531713,0.006582759,0.14700119,-0.026528008,0.044030823,0.04473833,-0.09412791,0.07685591,-0.1339158,0.13491654,-0.16238429,0.050466046,0.017371375,0.2402634,0.14088166,0.064562134,-0.06034052,0.07738206,-0.113442704,-0.22577266,-0.050496448,-0.04925651,-0.01725654,0.15296166,-0.032009188,0.06718137,-0.10298146,-0.101456776,0.010692545,-0.06942323,-0.1440646,0.03531709,-0.19461086,-0.20855953,-0.13280614,-0.068107754,-0.09125641,0.102671705,-0.15029868,-0.04683694,-0.055827823,0.045383226,0.09665159,0.001087082,0.066267274,-0.0053117243,0.058337305,0.04114127,-0.013797372,0.19588056,0.07734836,0.12830883,-0.028031155,0.19830307,-0.0014968754,0.03162321,0.11205613,0.057648085,-0.08005576,0.057486337,-0.06373829,0.016912464,-0.052915312,0.107121296,-0.104372285,-0.090572506,0.1933509,0.032412615,-0.14632067,-0.06301433,-0.09750407,0.025333263,0.0035403583,-0.30328166,0.13449168,-0.009097561,0.032707393,-0.035520915,0.008503202,-0.013998854,0.112304546,-0.06318425,0.033706155,-0.015353353,-0.02973998,0.12096395,-0.0525919,0.04341361,0.049582887,0.028470961,0.11121727,-0.12678823,0.10808961,-0.030743564,0.16456665,-0.07314984,-0.12313173,-0.037525352,-0.011063892,-0.03363483
TCGA-AO-A0JF-01A,0.0037444928,-0.10135461,0.07398132,0.07764881,0.0031649033,0.16687398,-0.0089040715,-0.03750163,0.04934804,0.14762762,-0.09857323,-0.07350407,0.14818825,0.14552757,0.132431,0.05160472,0.0841605,0.058851343,0.0200902,-0.02651239,-0.05642328,-0.08662365,-0.0027659258,0.0126618855,-0.16481838,-0.05370405,-0.251992,-0.033799503,0.068268254,-0.096138984,-0.18443911,0.050243195,-0.113844074,-0.14250705,-0.092233315,-0.009828132,-0.02934164,0.08396097,-0.03812653,-0.013839295,-0.056629978,0.06402426,0.16797891,-0.14696868,0.0652381,-0.17685474,0.07019945,0.054764196,0.10835093,0.16171952,0.10308424,-0.018490238,0.13377024,0.034876682,0.02462729,-0.07393677,0.059861455,0.026243627,-0.017218418,-0.08472113,0.08126291,-0.007404477,-0.10544224,0.06766383,-0.031860813,-0.09969094,0.1289313,-0.103428796,-0.08919529,-0.024914252,-0.23817578,-0.029054856,0.005128029,-0.18735251,0.12229219,-0.017589943,-0.10615011,-0.01473639,0.15959425,-0.037820317,-0.011859325,-0.17947991,-0.033499643,0.09423705,-0.004931371,0.15016544,-0.013293839,0.2309256,0.16450225,0.0058552613,0.07484387,-0.12370861,0.09780454,-0.0557331,0.14300117,-0.11178696,-0.017494995,0.1052639,0.030069424,-0.028878706
TCGA-C8-A1HM-01A,0.0015468784,-0.104894176,0.13588914,0.011826741,0.11688143,0.098602295,-0.06903173,0.08106554,-0.117776155,0.089428425,0.05933001,-0.07407703,-0.041873973,0.19727679,0.05787396,-0.025492217,-0.08918717,0.03059032,0.014673559,-0.18098906,-0.04093793,-0.043150347,-0.034572642,0.0026722662,-0.15590772,0.116394095,-0.22106577,-0.007691766,-0.080678664,-0.07311972,-0.034221932,-0.08715561,-0.19594558,-0.16411409,0.027627869,-0.04039282,-0.02355276,-0.07884255,-0.047709532,-0.04841891,-0.068612166,0.12161914,0.21576981,-0.06400429,-0.08012364,-0.03853345,0.01904572,-0.13930053,0.016357725,0.13094014,0.15427864,0.0023963898,0.022186596,0.10848704,-0.018563215,-0.01943209,-0.02731075,0.06263913,-0.02969875,0.10929904,0.031952266,-0.10145172,-0.022203816,0.1347252,-0.12300817,0.028674103,0.27434683,0.0028312777,-0.14579979,0.021775281,-0.11708877,-0.012817389,-0.016542343,-0.20432949,0.16037275,-0.0009648542,0.018653499,-0.009640839,0.20617577,-0.029807588,-0.010989783,-0.013715164,0.018964268,0.057121485,0.035769895,-0.09465974,0.0043165763,0.21719116,0.13646254,-0.09037405,0.0032579107,-0.0870223,0.115424685,0.13888754,0.11238632,-0.11634355,-0.072744764,-0.10253673,0.12503563,-0.056077622
TCGA-E2-A1IF-01A,-0.015728947,-0.15067588,0.112104625,0.12547602,-0.062744804,0.0669294,-0.04683487,-0.07201715,-0.080380425,0.11526504,0.1201095,-0.030107722,-0.049487364,0.18670458,0.064054295,-0.042238254,-0.05655685,0.15099947,-0.063577875,-0.047619864,0.037132755,-0.090657525,0.023987409,0.07016234,0.014912475,-0.08682998,-0.16276163,-0.12903686,0.03817495,-0.008948165,0.019331943,-0.020735087,-0.17129667,-0.2126681,-0.09163432,-0.16320993,-0.050475426,0.085383646,-0.006684986,-0.01937074,-0.13928987,0.02351245,0.16126084,-0.12403707,0.0031546843,-0.03226329,0.11043776,0.030090192,0.14160082,0.20184627,0.08240342,0.020143094,0.05339143,0.10349321,-0.002055889,-0.052655317,0.1082369,0.01596241,-0.07195916,0.109459236,0.04386234,-0.07873377,-0.06335867,0.23306526,-0.043141123,-0.022295475,0.14916983,0.014576042,-0.10123832,0.052816473,-0.20202516,-0.021510322,0.07247438,-0.2651818,0.053955954,-0.043574356,-0.05148648,0.00025378435,0.14802162,-0.040015105,0.101248495,-0.20840685,-0.08683729,0.046267234,-0.099430285,-0.15836196,0.022514189,0.035342496,0.17872457,-0.14440204,0.04299809,0.021844033,0.14536734,0.048130833,0.018198717,-0.07160603,-0.07135192,-0.05006919,0.017982947,-0.0319922
TCGA-D8-A1JU-01A,-0.032414384,-0.06205231,0.011231639,0.084364645,-0.047128387,0.22323339,0.057475686,-0.07626717,-0.090443134,0.054762065,0.07646581,0.01934727,0.027875824,0.18553579,0.19381584,-0.020136923,0.038681034,0.13277338,-0.0077256993,-0.20586357,0.0090637645,-0.047363177,-0.11840733,0.16646206,-0.06626553,-0.04547807,-0.1652205,0.14263122,0.044656623,-0.10734756,0.018951217,0.14896475,-0.08603718,-0.0635534,-0.24933897,-0.24929705,0.07805033,-0.060328584,0.022282155,-0.04442703,0.013057289,0.094447896,0.15744056,-0.15948303,-0.14252876,-0.011186018,0.016311396,-0.011741177,0.10122721,0.18187448,0.039396543,0.0277221,-0.025726693,0.09115575,-0.017190248,-0.0213486,0.008908242,0.00638656,0.0030254144,0.11684326,0.0632418,-0.052585546,-0.14219655,0.026599804,0.04433123,-0.051777847,0.15236549,-0.013505316,-0.1397538,-0.06976756,-0.11200052,0.03989622,0.018282311,-0.2802371,0.09953306,0.023039402,-0.0007205532,-0.054456513,0.037024844,0.01427826,0.01962759,0.043483473,0.0855012,0.044967692,-0.05300005,-0.05522167,-0.013715323,0.09818462,0.20110442,-0.22847843,0.05864717,-0.061552722,0.028948734,0.006862653,0.0796583,-0.04399024,-0.030114608,-0.046121527,-0.122646466,-0.022941194
TCGA-E9-A1NH-01A,0.032880373,-0.063551806,0.067412615,0.054840416,-0.092185766,0.01825519,-0.00944732,0.044894204,0.07307812,0.079933584,0.025602562,0.0412823,-0.011803113,0.21137166,0.3358462,0.032975927,-0.022750394,0.019872228,0.061362468,-0.07000335,-0.15237626,-0.195508,-0.05272419,0.052595098,-0.012517338,0.031699,-0.17911652,-0.053674996,0.06734626,-0.00041735047,-0.19302468,0.06333106,-0.15575452,-0.18143132,-0.042552043,-0.13062392,0.1310426,0.009757428,-0.03412823,-0.08191452,-0.024571918,-0.01634616,0.17783085,-0.048212186,-0.090410456,-0.052236926,0.020765183,0.011457096,0.075480044,0.09646221,0.07003297,0.22526257,-0.026418857,0.07132527,-0.031592794,-0.07594985,0.006819736,-0.041166827,-0.008080859,0.06867074,0.06490746,0.04701335,-0.07254143,0.065812,-0.0015835938,0.0076903077,0.26466438,0.06595361,-0.02913674,0.025739223,-0.22985311,0.014184554,0.08448265,-0.19247064,0.15156664,-0.031852555,-0.033771083,0.14781068,0.097020015,-0.0380288,0.012995633,-0.12154891,0.057519626,-0.022423027,-0.0068467823,-0.0864588,0.0264386,7.833388e-05,0.18998358,-0.12944774,0.06963791,-0.12005723,0.13715914,-0.065024324,0.06591849,-0.1568223,-0.023183797,-0.020525403,-0.08292163,-0.044354867
TCGA-A1-A0SI-01A,-0.03539655,0.02398754,0.040979225,0.038994066,-0.10715714,0.14725871,0.07923704,0.07922446,-0.08588536,0.07145037,0.0575487,0.07317943,0.012533369,0.2824277,0.12312175,-0.029182557,-0.05842281,0.068101026,0.076957315,-0.09987311,-0.04594888,-0.043642547,-0.0038274068,0.09540999,-0.08710798,-0.016717201,-0.14851551,0.06535927,-0.15047204,0.024595091,0.007002225,-0.09238921,-0.19890907,-0.22296919,-0.050853748,-0.13423613,-0.08393186,0.07773738,-0.09336386,0.015132702,-0.0613909,0.10862633,0.17251714,-0.18043885,-0.07854426,-0.111276776,-0.0059139314,0.12890172,0.08210613,0.11150354,0.08408704,0.109456696,0.03131959,0.064232774,-0.010291442,0.06570107,0.04524328,0.12049851,-0.018626176,0.07251445,-0.05707112,-0.011072721,-0.092142925,-0.01861063,0.0024540313,0.016332082,0.212639,-0.05357866,-0.09150825,-0.01052965,-0.20650756,0.09288768,-0.115879476,-0.1997421,0.21203853,-0.16709203,-0.07286733,0.0032339178,0.09672168,0.00095125125,0.05398828,-0.04212041,-0.0048683253,0.13150114,-0.022447644,-0.19410555,0.056138888,0.02695064,0.14089093,-0.08525652,0.12677945,0.04313752,0.11713936,0.040779337,0.09488101,-0.025958996,-0.047710035,-0.10695176,0.0062726834,0.070530035
TCGA-AR-A24P-01A,-0.0017179782,-0.004715692,0.13838762,0.11612204,0.010133409,0.05311295,-0.02159739,-0.05552209,-0.095756635,0.108409844,0.0048680003,0.052535452,-0.03107735,0.1432866,0.16684371,-0.034831356,0.09140474,0.07967733,-0.029205527,-0.22690342,0.13176124,-0.009061948,-0.033014476,0.097780034,-0.08874278,-0.051574484,-0.20409495,-0.104729936,-0.058533892,-0.16836986,-0.015136837,-0.052293885,-0.08572661,-0.1992787,-0.10532723,-0.18228018,-0.11042043,0.06998358,-0.07387962,0.022592599,-0.12691517,0.049853373,0.21886389,-0.17071252,0.021467388,0.06841158,0.08682345,0.053734645,0.06493954,0.0038720209,-0.008079679,0.0677622,0.059326157,0.10534702,-0.023332007,-0.01811017,0.027008468,0.10747287,0.0505201,-0.026860626,0.14024425,-0.024784055,-0.11369104,0.09867908,-0.07507307,-0.07992718,0.29948735,0.04821897,-0.21623218,-0.07203976,-0.042969566,0.14395007,0.14440724,-0.10774597,0.09485758,0.04005467,-0.08536618,0.018341403,0.18358013,0.019652091,-0.043217145,-0.066290945,0.010138809,0.039223626,-0.009753225,-0.0112273395,-0.04870682,0.048756637,0.22281443,0.033473697,0.07908831,-0.03626305,0.12632582,0.096764736,0.07706452,0.010336897,-0.03675287,-0.051060818,-0.123172864,-0.0043400996
TCGA-A2-A4S3-01A,-0.002384292,-0.106715016,0.060406882,-0.030050311,-0.033144955,0.07713459,-0.012006244,0.041648228,-0.07589682,-0.001945926,0.04757017,-0.07373955,-0.089681014,0.2881206,0.078815676,-0.06015418,0.052334707,-0.052017324,-0.071011595,-0.09283522,-0.012935189,-0.060639367,0.026027912,0.08535604,-0.06359979,-0.0890892,-0.18155496,-0.0152671095,-0.06081695,-0.13255063,-0.18263744,0.10341711,-0.078129165,-0.15873003,-0.114441745,0.05527782,-0.011099637,0.013029094,-0.025279546,-0.027988857,-0.013296945,0.07388728,0.15872945,-0.077292375,-0.036690656,-0.02975704,0.11627925,0.12100807,0.049361292,0.14441155,0.08935686,0.05098508,-0.014051104,0.047975656,-0.08798142,0.008739095,0.11186102,0.0043223575,-0.06397877,0.06951577,0.107462056,-0.007289385,-0.09293205,0.1755224,-0.05468862,0.059910227,0.0707037,0.11831765,-0.08846251,0.030838776,-0.1914023,0.020050043,-0.06398683,-0.339869,0.28056556,0.04043018,-0.010276316,-0.0068600923,0.14949453,-0.104235485,-0.07788317,0.09223193,0.03302554,0.067342155,0.0612367,-0.13890645,-0.014155831,0.16842467,0.16928339,-0.08010489,0.047680214,-0.028376702,0.14078735,-0.03373912,0.002844325,-0.04777317,-0.1528167,-0.121384345,0.056285482,-0.08438314
TCGA-AR-A5QP-01A,0.036796357,-0.02303727,0.24601464,0.07493434,-0.03133572,0.06648794,0.0049774335,0.11774018,-0.1317333,0.067643754,-0.043840252,0.07130791,-0.049442533,0.15192226,-0.012585273,-0.16356757,-0.14324105,0.015445765,-0.04141468,-0.036543258,-0.02416701,-0.13058253,0.065141596,0.19565356,-0.16547343,-0.01431631,-0.20355739,-0.027432112,0.08229068,-0.08019996,-0.074465506,0.012955323,0.030787768,-0.23218845,-0.09125846,-0.11199351,-0.102557264,-0.091861665,-0.016068745,0.023383437,0.04111966,0.07956323,0.15319037,-0.08769242,-0.017241845,-0.031305946,0.029443849,0.109182194,0.17230417,0.14026539,0.07640404,0.07900021,0.19938588,0.17242253,-0.012720913,-0.03154606,0.06623689,0.0065360507,-0.023778893,0.093690306,0.02662276,0.04097598,-0.086625084,0.08170156,0.0016577004,-0.0784646,0.09818371,0.19284241,-0.1325317,0.07364164,-0.23993237,0.07659784,0.02267139,-0.11727153,0.05401405,-0.022278523,-0.04363713,0.037333187,0.16626258,-0.112101264,-0.037935697,-0.056906037,0.051452138,0.005887975,-0.031917024,-0.013014692,-0.008565592,0.103338815,0.25792927,-0.03829782,0.06648865,-0.072279744,0.07560414,0.040016834,0.09849761,-0.05538374,-0.07061477,-0.11866954,-0.008273962,-0.10361216
TCGA-E9-A1RB-01A,0.09029364,-0.09617586,0.10739401,-0.0548728,0.034550846,0.10645718,0.027146444,0.08804975,-0.13759637,0.19910997,-0.01820715,0.09817513,0.0082173105,0.20303626,-0.011619334,-0.10139109,-0.009800941,0.08832903,0.030088613,-0.031083278,-0.040164955,0.09007846,-0.20858659,-0.09884987,0.044000663,0.017076427,-0.20898354,0.035518114,0.080296405,-0.0845169,-0.13249694,0.034206122,0.008801834,-0.15007582,-0.093193755,-0.09303434,0.019273683,-0.06033998,0.017541807,0.064603075,-0.06347118,0.08476215,0.0063913735,-0.053333323,0.0039730114,-0.13527223,-0.03225093,0.025661997,0.020530108,0.07204236,0.062184427,-0.019526754,0.039358184,0.11390738,-0.0061443727,-0.14472662,0.034499682,-0.015792415,-0.05896617,0.013824973,0.050051432,-0.0439456,-0.008389028,0.13772124,-0.04504398,-0.1517961,0.12105721,-0.03535571,-0.12134728,-0.023385352,-0.13567135,-0.028082063,0.06189749,-0.38631666,0.0644528,-0.02663909,-0.15396133,0.09123771,0.17404518,-0.06083462,0.03961162,-0.059802413,0.0022783624,0.1312033,0.08507404,-0.14700212,0.0022687428,0.16514,0.09469261,-0.14514682,0.049917996,-0.23146746,0.15690994,0.07464695,0.09574387,-0.05454348,-0.053896997,-0.06281448,0.011882428,-0.06865454
TCGA-AN-A0XW-01A,0.01208185,-0.14588107,0.14662303,0.12734105,0.0735243,0.09257018,0.006672529,0.053527664,0.0396777,0.13069199,-0.13793737,-0.021978093,0.036367536,0.1596751,0.2300589,-0.024282755,-0.029872453,0.09782573,-0.030712526,-0.07200422,-0.1709684,-0.13863924,0.05239086,0.16715169,0.012814702,-0.07244648,-0.20571682,-0.08139156,0.06407308,0.028859036,-0.074532986,-0.093675464,-0.30367553,-0.1263415,-0.02683901,-0.06918437,0.016462546,-0.045361485,0.034356393,-0.009602675,0.11238104,0.13082075,0.06656123,-0.016067522,-0.038342923,0.019726124,0.15885948,-0.0018557783,0.01658365,0.06821871,0.052226096,-0.03373071,0.03129057,0.10027431,-0.00017640398,0.11225881,0.0037905485,-0.058885343,-0.06552114,-0.050451826,0.047693707,0.039108556,-0.13653113,0.06584493,0.0632307,-0.067845754,0.17860998,-0.023380049,-0.1348875,-0.063791916,-0.3077381,0.14917436,-0.032957908,-0.24499078,0.15347098,-0.04278443,-0.010841222,-0.008299375,0.066567264,0.05293128,0.108096056,-0.04015106,-0.0087101655,0.00078727526,-0.15848671,-0.081960976,-0.027402988,0.023797637,0.04694641,-0.016454346,0.027793845,-0.099712886,0.044297166,0.040591247,0.09705384,-0.09030272,-0.1032587,-0.09982941,-0.03956558,-0.10246567
TCGA-AR-A5QM-01A,0.08076847,-0.1153742,0.15839183,-0.12006759,0.05191651,0.018645482,0.021151856,-0.09823189,-0.06786575,0.07771565,-0.043609206,-0.062413078,0.015925758,0.14099646,0.17837766,-0.05873491,0.01668498,0.08761187,0.04775172,-0.108253285,-0.06042523,0.064373896,-0.11258907,0.055359587,0.015075391,-0.021111581,-0.244206,-0.025211586,-0.0136450995,-0.012924723,0.048652567,0.11944605,-0.13583003,0.018122576,-0.15093744,-0.15171298,-0.11113487,0.0722102,-0.043118615,-0.06869688,0.08448119,0.031367388,-0.020307938,-0.015622228,-0.00042514512,-0.17995805,0.17083852,0.15650956,0.1140691,0.13238922,0.03957575,0.12835735,0.0027000033,0.08316274,0.050041728,-0.007946813,0.122829,0.019458681,-0.0820787,-0.0002416077,0.00844657,0.0498438,-0.13844955,0.15621427,-0.07339778,-0.072441,0.2379232,-0.03395077,-0.026402026,-0.10343495,-0.16191266,0.039676223,0.016506271,-0.2689171,0.105189145,-0.06960234,-0.025333377,-0.0056924163,0.11620199,-0.044244483,0.030376077,-0.13543507,-0.005616872,0.04830349,-0.08043977,-0.04070124,-0.015751863,0.132503,0.20273864,-0.12494898,0.031129334,-0.10116591,0.18747285,-0.08549644,0.17287892,-0.04574184,-0.109176256,0.06566264,0.053539686,0.032582585
TCGA-GM-A2DF-01A,-0.061491717,-0.054817952,0.07381619,0.12224254,-0.033946544,0.111916706,-0.009649462,0.016901603,-0.09931142,0.087169826,-0.18885641,-0.038890943,0.12900776,0.12282859,0.09875578,-0.043116957,0.10994552,0.107903555,0.037826803,-0.103661,-0.11762362,-0.128185,-0.0021561417,0.12979494,-0.06466864,0.023732945,-0.20303816,0.09451492,-0.034260854,-0.032091036,-0.12008354,0.058991935,0.0032763048,-0.1731952,-0.15345657,-0.1357282,-0.015995633,-0.048293192,0.04386062,-0.06128415,-0.060666136,0.14117639,-0.0062588714,-0.021338936,0.011979951,-0.046559595,0.07032015,-0.049258456,0.15813479,0.10027935,0.15472028,0.09776385,0.14433564,0.033623017,-0.01774235,0.036230523,0.051560353,-0.040311087,-0.054066908,0.03535702,0.086808175,0.021306733,0.05126857,0.07629566,0.02083784,-0.07103552,0.09763515,-0.18929142,-0.049510058,-0.042153403,-0.19781347,0.18718407,-0.033643596,-0.18545482,0.1423614,0.11574788,-0.02684773,0.0792967,0.15288498,0.036429074,-0.009550274,-0.13082351,-0.0032597603,0.030317506,-0.08973607,-0.19443019,-0.06841495,0.17681979,0.27130845,-0.008293907,0.03707154,-0.10670387,0.10446184,-0.006073968,0.062265806,-0.17428786,0.020638967,-0.067344025,0.05810847,-0.040209282
TCGA-WT-AB41-01A,0.011760118,-0.10716595,0.065887965,0.06475696,-0.026237566,0.10149662,0.010964394,-0.033906084,0.08812419,0.110497504,-0.04594801,-0.027075997,-0.024258869,0.34195367,0.17462052,0.03835415,0.09757103,0.10677786,0.04945063,-0.22137667,-0.046333242,-0.054449625,-0.025659489,0.0725036,0.00893235,-0.033025984,-0.15574317,0.00220747,-0.05182886,-0.064525194,-0.062381353,0.055276796,-0.09498535,-0.015605351,-0.056460816,-0.121554,-0.09688969,-0.15558073,-0.08777251,-0.0079640215,-0.046808887,0.10416544,0.07814244,-0.04645772,-0.001028441,0.024095044,-0.049436275,0.0037593227,-0.025890002,0.1373452,0.15190923,-0.06715824,-0.0041898424,0.101345465,-0.045594405,-0.012557473,0.12862982,0.17275958,-0.049527314,0.026089711,-0.005731077,0.07373,-0.08974246,0.1832415,-0.14597692,-0.0063925046,0.12901917,0.032839123,-0.08146172,0.015879033,-0.16394466,0.12615088,0.113195725,-0.20784795,0.16532607,0.10018863,0.018526582,-0.044957243,0.03745545,0.038965113,0.110364005,-0.07026119,-0.06339789,0.031213704,-0.096510045,-0.13363913,0.012414302,0.038049795,0.30251363,0.081147194,0.016919753,-0.12116692,0.0898001,0.08787765,0.13762282,-0.062796354,-0.05198799,-0.005069113,0.14311588,-0.10092058
TCGA-B6-A0RE-01A,0.073003724,-0.10267025,0.25472566,0.021020103,-0.064990014,0.046877604,0.058754653,0.06380287,-0.072092764,0.12023354,-0.0459478,0.0054689953,0.045706697,0.18864861,0.141535,-0.05908608,0.055158257,0.12007027,-0.019949095,-0.15872075,-0.063361876,-0.11713373,-0.17919227,0.07086168,-0.10406559,-0.098160185,-0.08614975,-0.024638379,0.04018198,-0.14940849,-0.08054454,0.12441723,-0.1114158,-0.07464904,-0.037886348,-0.022833968,-0.013832876,-0.066629075,0.005381273,-0.14241806,-0.08462965,0.08637929,0.12630077,-0.1415941,-0.05797476,0.044194564,-0.019997438,-0.046857666,0.044325266,0.19937207,0.076691575,-0.016084246,0.07365111,0.0078059286,-0.039404936,-0.025101645,0.049512397,0.1006801,-0.08145996,0.0068731713,0.014700933,-0.14278808,-0.11979949,0.06212364,-0.06523053,-0.077465035,0.15320288,0.09859266,-0.1850868,0.0073965876,-0.17480315,0.0140270535,0.028065525,-0.1542491,0.17317258,0.01681801,0.07721347,0.0046690344,0.14524949,-0.0015929625,-0.028285597,-0.087909296,-0.079829715,0.07734512,-0.04743811,-0.021300389,-0.013117637,0.14670847,0.21747737,-0.17112243,0.14599122,-0.10508465,0.1169844,0.027670367,0.16686757,-0.13150163,-0.035910588,-0.05321792,-0.030240359,-0.152411
TCGA-BH-A0HB-01A,0.112551294,-0.20133361,0.13455354,0.053456195,0.030118616,0.14383845,-0.06486981,0.03683311,-0.046042208,-0.01890262,-0.052723236,-0.018829554,-0.039896138,0.24914521,0.1319932,-0.048443314,-0.0082300855,0.20070933,0.03155674,-0.04362158,0.05166159,-0.08117914,-0.01782876,0.095684074,0.04434106,-0.134988,-0.32304037,-0.007417336,-0.013937103,-0.07889633,-0.15480193,0.10737478,-0.07028771,-0.24830215,-0.06797362,-0.11296371,0.009928865,-0.06898402,-0.05120527,-0.11041511,-0.074233584,0.037865337,0.031278893,-0.11929748,0.04534527,0.12193577,0.11709462,-0.016248861,0.15079959,0.054448444,0.030502466,-0.104543805,-0.07904914,0.11008999,0.0430443,0.059376784,0.076338604,-0.017583886,-0.021959784,0.020559855,-0.027877135,0.008120185,-0.06683999,0.051702455,0.009089332,-0.052674644,0.2544289,0.096346885,-0.096525565,-0.025888566,-0.060452573,0.047164515,-0.029667089,-0.20282856,0.2123489,-0.038382743,-0.12264162,-0.024777355,0.107619286,-0.14675756,0.07599078,-0.21444666,-0.061851412,0.017000327,-0.08750607,0.005311722,0.047992013,-0.0077849533,0.123373486,-0.01570212,0.015966497,-0.07638745,0.09460102,-0.0062370007,0.061333705,-0.036025602,0.08808839,-0.04345184,0.004924644,-0.08242356
TCGA-AO-A0JB-01A,0.037132796,-0.08457321,0.08068389,0.0035755073,-0.026178185,-0.004841128,0.04055951,0.016592998,-0.05556963,-0.00800635,-0.040530644,0.03561202,0.070695095,0.2839953,0.07858085,-0.07266108,0.048279025,0.04755918,-0.040469144,-0.057828814,-0.0052764216,-0.037214853,-0.052895375,0.13879052,-0.08774392,-0.080745704,-0.09346241,-0.084464416,0.077351965,-0.09210735,-0.15576372,-0.043082103,-0.013857367,-0.022057462,-0.14293957,-0.19037896,-0.0476541,0.089390814,0.08374301,0.023635207,-0.061237235,0.21254489,0.069324054,-0.0552162,-0.05555543,-0.0052423207,0.09440197,0.21585062,0.023745677,0.25093275,0.12254271,-0.07604368,0.061017264,0.017481059,-0.03532352,0.096528165,0.15586548,-0.028328342,-0.08512536,-0.004538015,0.023372672,0.035840783,-0.08273696,0.09866615,0.021445582,0.014724847,0.20575875,-0.068685524,-0.10842655,-0.093596205,-0.23599868,0.07877091,-0.014119191,-0.23335601,0.14928336,0.013505198,-0.046600126,0.09971186,0.22072694,-0.046917718,0.055557378,-0.068244204,-0.0047239875,0.089300364,0.06011843,-0.12504652,0.116298735,0.06851038,0.12456013,0.12302564,-0.013738596,-0.107049145,0.15541074,0.033471774,0.12119652,-0.05614724,-0.0076718624,-0.029464472,0.15901287,-0.0007828744
TCGA-BH-A0E2-01A,0.030728612,0.11446922,0.114575736,0.06301054,-0.036699735,0.13074124,0.035037603,0.071141586,-0.0006253208,0.046759218,-0.0126479,0.003443075,-0.09460226,0.2832757,0.10750823,-0.009416599,-0.1633683,0.037212845,-0.019397898,-0.120721065,-0.113742426,0.09948747,-0.015122541,0.07805992,-0.09785315,-0.1147639,-0.108955726,0.10080417,0.016259378,-0.17879559,-0.010138496,-0.09634992,-0.14137614,-0.23995124,-0.16672435,-0.08380977,-0.049243893,-0.08343991,-0.020310776,0.0056753093,0.042139143,0.12578523,0.17411664,-0.07931288,-0.0769673,-0.0116421385,0.021935394,0.024901832,0.09044651,0.112505645,0.10577672,-0.027276328,0.01367467,0.072602466,0.056977503,0.008269238,0.10620708,0.020271812,-0.076634414,-0.007940835,0.0072403494,-0.027139366,-0.09137533,0.07561355,-0.0007587734,-0.039261114,0.122288644,0.028175121,-0.14849697,0.017455071,-0.21075967,-0.070967086,0.13409702,-0.2664368,0.035408214,0.019855728,-0.09343449,-0.070819564,0.17230147,-0.12553014,0.0046805753,-0.13503264,0.062299877,0.021110917,0.08240158,-0.090092964,-0.011523841,0.14283298,0.20334911,-0.078960225,0.006724364,-0.16230749,0.06071166,0.033523064,0.048116136,-0.121022806,-0.09865406,-0.034572303,0.08547195,-0.11757646
TCGA-A2-A1G0-01A,-0.06758408,-0.12521107,0.091752544,0.052218225,-0.02992151,0.013062728,0.02775584,0.056541357,-0.063351005,-0.02734433,-0.08371252,-0.13229477,-0.10965044,0.22009534,0.120240875,-0.008125294,0.10045585,0.15836236,0.04472917,-0.089575894,-0.07451854,0.018492583,-0.06352929,0.066770285,-0.023073222,-0.016165795,-0.1266446,-0.057684094,-0.06588445,-0.055080004,-0.033106618,0.091999725,-0.02307902,-0.100137554,-0.22647241,-0.12648208,0.010598898,0.04902965,-0.2051345,0.02306798,0.050982818,0.13877554,0.13688679,-0.22132285,0.05064495,-0.028812611,0.19288485,0.070383504,0.1873288,0.05484841,0.05314883,0.07373174,0.058747556,0.027459351,0.029566627,-0.030495623,0.13167733,0.19243613,0.007994434,0.050582115,0.054591127,-0.06627884,-0.03902249,0.08581298,-0.09109568,-0.033792034,0.1112223,0.009868097,-0.0657027,-0.011468848,-0.21845166,0.076679945,0.00234871,-0.18635817,0.18458205,0.05966821,0.11447877,0.0044046645,0.19480178,0.025820158,0.017224448,-0.14221582,0.14941655,0.138247,0.00054282,-0.077350885,-0.09122107,0.011730541,0.14405409,0.00054466375,-0.020320224,-0.12767965,0.14943615,0.043400683,0.075932816,0.010828503,-0.08351388,-0.10091536,0.009230259,-0.11675653
TCGA-A7-A26E-01A,-0.013787895,-0.09790745,0.103297874,0.079016745,-0.02491858,-0.020609137,-0.016646313,0.06660963,-0.06352714,-0.0036392799,-0.018487664,0.03327353,-0.048212912,0.22111243,0.17134763,0.052173782,0.003031289,0.048902776,-0.0012226983,-0.08015976,-0.092916295,-0.034786746,-0.03273312,-0.011749424,0.031038268,-0.14818424,-0.18537849,-0.00046599848,-0.043186776,-0.07623304,-0.044983238,-0.0053568953,-0.13284138,-0.10958284,-0.19534315,-0.0052853017,0.0052237003,-0.078330696,-0.063628696,0.021069862,0.063603446,0.0068203085,0.19136563,-0.22422127,0.0923347,-0.094179556,0.015319086,0.052698538,0.27729386,0.20296226,-0.0131697375,-0.019512,0.078119166,0.18860844,-0.067526005,-0.07152958,0.034819197,-0.09058065,0.077809215,-0.03860103,0.08082198,0.0019769631,-0.1395012,-0.048935656,-0.02178055,-0.03986171,0.23914732,0.13392355,-0.10483568,0.04441506,-0.10353136,0.0020177257,-0.01202513,-0.17155452,0.20354564,-0.010234713,-0.096345335,-0.05338364,0.086312085,-0.023075791,-0.007698432,-0.12700963,0.045447838,0.061216466,-0.036769114,-0.17273416,0.027593242,0.07749056,0.1761554,-0.032709338,0.036254108,-0.26261958,0.08775849,0.015852686,0.11686781,-0.01560177,-0.092259735,-0.014082594,-0.015025935,-0.037222184
TCGA-GM-A2DL-01A,0.015565628,-0.110707834,0.1430398,0.12498023,-0.00629653,0.04810913,-0.072553135,0.09036759,-0.101721786,0.07668971,-0.07362554,0.108677074,-0.13586731,0.23876096,0.008466725,-0.0030315944,-0.021357113,0.06219804,-0.026069604,-0.24088965,0.056186758,-0.019516267,-0.05905243,0.14397529,-0.05793987,-0.076923825,-0.14092529,0.01365003,-0.022458259,-0.16762914,-0.071876705,-0.012247561,-0.10062686,-0.13439405,-0.101969406,-0.18549843,-0.030186776,0.08159961,-0.012862035,-0.021816531,-0.14797361,0.029823776,0.11033937,-0.16466254,0.01901742,0.045158837,0.08580835,0.09640178,0.14747411,0.015069041,0.18645729,0.16133006,0.066185996,-0.062545575,0.03026261,0.00095533754,0.1641655,0.14558096,-0.08808903,0.010957022,0.060239036,-0.05714976,-0.011031704,0.123374216,-0.0018525743,0.0550724,0.21812248,-0.10210645,-0.13372049,0.02420353,-0.14377522,-0.003876773,0.04237003,-0.17185715,0.16122206,0.095925964,0.013842065,-0.083227046,0.013382057,0.03977368,0.043257505,-0.061118156,-0.00029335218,0.07150965,-0.08178433,-0.066025764,-0.0780066,0.052552752,0.16625749,-0.06762969,-0.0145299155,-0.13639441,0.18740395,-0.05996895,0.16819538,-0.04071543,0.027763354,-0.02201526,0.1083732,-0.033439644
TCGA-BH-A1EU-01A,-0.009922378,-0.07564589,0.06309465,0.10789017,-0.014718199,-0.010213232,-0.0689354,0.030371986,-0.09728541,0.10094082,0.049274087,-0.06275648,0.023366533,0.2020782,0.22003876,-0.13050343,0.041732255,-0.089425966,-0.0034712118,-0.15466477,-0.1544946,-0.20823126,-0.06993135,0.09794561,0.0040280474,0.0036471372,-0.23213856,-0.050006233,0.038853034,-0.13256104,-0.039349537,0.021959724,-0.037863884,-0.17760755,-0.045799337,-0.14720161,-0.056789342,-0.082925566,-0.05538853,0.02511247,-0.114768356,0.0349161,0.11651077,-0.11686921,0.0655062,0.01319273,0.16454512,0.08337721,0.062644355,0.1333291,0.08435702,-0.020535076,0.06722257,0.09540567,-0.048160467,0.018850293,0.030008359,0.043833006,0.005446596,0.09844626,0.08183598,0.04754858,-0.08391747,0.017943317,0.008433187,-0.03674657,0.043848578,0.11264458,-0.23112202,-0.08388255,-0.16999158,-0.075631954,-0.04750777,-0.19006237,0.10672487,0.043246858,-0.024074478,-0.04820066,0.048845775,0.06562672,0.06313073,-0.13708788,0.05647799,0.2581536,-0.03240117,-0.12809297,-0.016832849,0.14136596,0.12301613,0.049923304,0.09342837,-0.079784654,0.25415948,0.09845304,0.04960266,-0.05480324,0.019923596,-0.03171037,0.07144869,0.008868133
TCGA-GM-A2DC-01A,0.02100609,-0.053744026,0.11463658,-0.02361958,-0.06833996,-0.005438418,0.0066868216,-0.0050038365,-0.1018524,-0.000561802,-0.06717345,-4.1790136e-05,0.041791905,0.2974916,0.13753203,-0.09513792,0.009448279,0.09256094,-0.0837112,-0.1686747,-0.10588507,0.0064210473,0.008166122,0.053073987,-0.06908782,-0.050953515,-0.23421068,-0.106079675,-0.07931355,-0.08496529,-0.11147404,-0.0627361,-0.13234329,-0.35333306,-0.0035771825,-0.20507921,-0.037986755,-0.018452981,0.062166393,-0.036909517,-0.030935118,0.07960074,0.12183471,-0.082375534,-0.031683434,-0.03132724,0.06849657,0.07531242,0.13393317,0.08500784,0.12002366,-0.04432083,0.09563843,0.01591967,0.008425182,0.004599279,0.123538345,-0.010408901,-0.08699327,-0.057123624,0.060426764,-0.01829392,-0.011034884,0.15804219,-0.06886631,-0.11466578,0.11948191,0.0850171,-0.012757926,0.023854546,-0.08358887,0.017136978,0.011290121,-0.23788987,0.16468008,0.011969685,-0.12403099,0.01656513,0.12288426,-0.009785019,0.15726942,-0.13304242,-0.06756775,-0.0030540035,0.09613246,-0.10283191,0.022824185,0.13850607,0.1927864,-0.0707864,0.033771094,-0.010747159,0.16751656,0.06220938,0.047767106,-0.06861167,0.0020907733,-0.09616444,0.016307656,0.061887752
TCGA-GM-A2DB-01A,-0.02112209,-0.012721894,0.143535,-0.031877205,-0.07452887,0.024923563,-0.124984026,0.015007122,-0.03780814,0.10331895,-0.059394836,0.022039345,0.0625907,0.16860998,0.23119308,-0.044574875,0.08428274,0.0634458,-0.11456284,-0.19365849,-0.063942336,-0.12932135,-0.13554269,0.03763514,-0.035418577,-0.03240885,-0.187671,-0.033104274,-0.02957012,-0.09271035,-0.09353924,-0.024391983,0.024721395,-0.14174663,-0.1466066,-0.07341504,0.055744246,-0.11032709,-0.054770913,-0.021293743,-0.11727297,0.08434278,0.12678926,-0.14506799,-0.053386427,0.003064798,-0.0074089835,-0.020536235,0.07601193,0.13986915,0.118265785,-0.04197048,0.089713365,0.20495774,0.0064528184,-0.012167279,0.07986638,0.06434762,-0.14918251,-0.0487861,0.11997605,-0.054432217,0.10805171,0.15780085,-0.025211444,-0.03561255,0.15505467,0.043296307,-0.03908883,0.044269647,0.054826435,0.03179839,0.0948195,-0.17807321,-0.0025276435,0.04924229,-0.025040817,0.033316623,0.11323784,-0.024078496,-0.02403161,-0.07598767,0.009140917,0.08503709,0.0023644497,-0.08469441,-0.12570636,0.22454089,0.27181494,-0.09644226,0.008940818,-0.04699269,0.15791506,0.13392586,0.14601357,0.040975895,-0.07800338,-0.112764634,0.0944053,-0.15578856
TCGA-D8-A1JH-01A,-0.13032249,-0.021765202,0.18612444,0.08366666,-0.10781701,0.10699215,0.08289486,0.12092934,-0.09555405,0.0071170283,-0.092600346,-0.05239978,0.0028948542,0.26939026,0.16407447,-0.0168207,-0.033688787,0.14623904,0.012383557,-0.18423015,-0.17338572,-0.05042073,-0.056806352,0.118563615,0.076785594,-0.14044444,-0.13056634,-0.044781838,-0.033672173,0.057559934,-0.036664795,0.022196524,-0.082731724,-0.14472568,-0.14016739,-0.2071753,-0.001738195,-0.03814158,-0.048134662,-0.04786859,0.09342841,0.04828673,0.12627539,-0.16061321,-0.020756101,-0.12905547,0.08076364,-0.027638188,0.022534862,0.15557128,0.086439036,-0.03839754,0.019107047,0.025225528,0.027851168,0.013711549,0.1458186,0.072080836,0.01655485,-0.019205581,-0.036168765,0.042266466,-0.13184221,-0.022900455,0.09805307,-0.12796803,0.21257268,0.061082605,0.01881646,-0.00064398535,-0.16985664,0.03504379,0.06430789,-0.17285195,0.21282837,-0.008605827,-0.03540559,-0.084145874,0.15700282,-0.048065312,0.1054124,-0.073045425,-0.08570275,-0.023989778,0.08500579,-0.016609155,0.06886766,0.14499418,0.20781212,0.0101877935,-0.019834323,-0.09444793,0.038892455,0.0051447297,0.01049198,0.015708286,0.012599759,-0.03333513,0.071622446,-0.15068817
TCGA-BH-A1FM-01A,0.06659022,-0.044681408,0.14296381,0.0865903,-0.104938306,0.017481506,-0.1335173,0.05301319,-0.068568215,0.03093894,-0.03698428,-0.028424809,0.006461388,0.26557976,0.13468243,0.044139232,-0.056472942,0.0024844285,-0.0012259282,-0.17494833,-0.021566037,0.018294789,-0.059414126,0.1373218,0.037177365,-0.04747169,-0.2902599,0.0066730725,-0.08286471,-0.14204007,0.024142167,0.04115916,-0.09548805,-0.15859237,-0.18394038,-0.17008302,-0.0066539827,-0.014848525,0.06081617,-0.11651087,0.12204252,0.07354354,0.16901866,-0.100674696,-0.09031875,-0.14655627,0.05789525,-0.0025557608,0.047936346,0.06949014,0.15829715,0.1340523,0.15000978,0.0374201,-0.035488375,0.002398704,0.101121314,-0.07654615,-0.11818155,0.06978289,0.00782385,-0.06772134,-0.084655136,0.0875527,-0.07088971,-0.03181909,0.23089817,-0.06776772,-0.0077121435,-0.055976856,-0.06820381,0.028573105,-0.057400305,-0.20729533,0.07760489,-0.107975006,0.025399918,0.030569827,0.08920786,-0.05853138,0.044619944,-0.05566744,0.07842274,0.0911538,0.10735187,-0.12473326,0.01386512,0.11809176,0.006385345,-0.02137538,0.0493457,-0.18828037,0.22129796,0.028001446,0.06645494,-0.122067295,0.073459186,0.011046879,0.032458004,-0.018245108
TCGA-AC-A23G-01A,-0.0014015748,-0.047682043,0.12571096,0.11059814,-0.0206286,0.04109831,-0.021328757,0.11172251,0.052564934,0.15121609,-0.026020337,-0.110267915,0.042891383,0.14192384,0.20945054,0.0698487,-0.042706735,0.10569472,-0.03957809,-0.11859906,-0.040536273,-0.038062952,-0.034307383,0.05661932,-0.011370149,-0.0036466655,-0.2762331,-0.14450537,-0.028030034,-0.058898382,-0.013573925,0.029055657,-0.014607949,-0.2314738,-0.21101864,-0.0601058,-0.008337318,-0.05518103,0.037028473,-0.043292932,0.010593035,0.2066924,0.17787515,-0.014355936,-0.033905722,-0.08514843,0.045138456,0.05007696,-0.01161759,0.08550533,0.053573582,0.009788804,0.12728652,0.07533453,0.09193237,-0.11038828,0.081069626,0.10891092,0.014302915,0.08417715,0.11139265,0.038637374,0.0032823456,0.20843706,0.030053496,0.01574703,0.21527287,-0.015658185,-0.15115845,0.0026584216,-0.16343383,-0.0013936708,-0.054226846,-0.23756817,0.004121787,0.014640495,-0.056890033,0.06559054,0.033199508,-0.04265067,0.0042276545,-0.023684777,0.03745644,0.052329782,-0.09312428,0.0026499606,0.055439863,0.11481885,0.32777327,-0.103036776,0.046429414,-0.046610855,0.09803266,-0.009154639,0.08889716,0.046524066,-0.13330515,-0.029223781,-0.038408,-0.12459719
TCGA-BH-A202-01A,-0.062100954,-0.20032428,0.15092458,0.054553196,0.08372903,-0.011350089,0.04829877,-0.007954291,-0.020863447,0.14302294,-0.095210336,-0.20688574,-0.038200982,0.25153762,0.24807788,-0.07774029,0.0030693486,-0.019894646,-0.0009839401,-0.12208707,-0.0720998,-0.09697756,-0.11754144,-0.010118724,-0.017543398,-0.042636435,-0.10733114,-0.1235197,0.017558472,-0.026780156,-0.10630447,0.0018306843,-0.10496923,-0.16222468,-0.0752376,-0.13126688,-0.031097675,-0.032382876,0.039622106,-0.05976689,0.06690858,0.15648678,0.29241854,0.012003965,-0.07502698,0.027484713,0.014265698,-0.0071314154,0.1279391,0.083318785,0.0155229885,-0.024235802,0.08945405,-0.061731394,-0.0030699314,0.0087699285,0.064004794,0.024715636,0.0010011533,0.0050605843,0.119906716,-0.018928869,-0.14222112,0.10200602,-0.02701974,-0.06305011,0.1258195,-0.055817313,-0.11867729,0.054850675,-0.18630251,0.025092905,-0.08706536,-0.14607479,0.0061563463,-0.0074475617,0.016411643,0.045183185,0.27938735,-0.07192845,0.022825394,-0.05844209,0.055285227,-0.006096458,-0.036183216,-0.07866052,0.017876474,0.22665471,0.11484952,0.06704638,0.093315765,-0.09875096,0.12660742,0.051954057,0.13184777,-0.086273946,0.009871302,-0.015222286,0.13032031,-0.04399019
TCGA-D8-A1JS-01A,-0.14192854,-0.1150503,0.058522362,0.012925715,-0.08912877,0.004501982,-0.056757044,0.0034442588,-0.0634576,0.18743275,0.11807335,-0.0047342046,0.12239752,0.25918043,0.12818292,-0.037053112,-0.04527049,0.1602068,0.03382987,-0.1842439,-0.13647981,-0.10359179,-0.1336682,0.22211525,-0.030807622,-0.000829184,-0.09314369,-0.018170245,0.017116472,-0.018036274,-0.010277647,0.020324407,-0.10483766,-0.12213206,-0.07772917,-0.101857975,-0.03389954,0.074571535,-0.019451678,-0.11254094,0.022546422,-0.021569839,0.14463876,-0.12933335,-0.030452989,0.070239626,0.05414492,0.10320087,0.074274234,0.09976287,0.090675,0.083801374,0.08718239,0.12312055,0.041288607,0.017445227,0.123882286,-0.0105688,-0.07646512,-0.031951196,0.11320525,-0.038138147,-0.10262182,0.089254245,-0.03448299,-0.07977554,0.110612884,0.07796871,-0.092673734,-0.12728867,-0.16963094,0.05479491,-0.09226515,-0.30854258,0.031678285,-0.00974712,-0.10806363,-0.0025480653,0.15407054,-0.045780875,0.04475054,0.007686004,0.06711002,8.51805e-05,0.029122083,-0.11221567,-0.04696658,-0.056677733,0.15426569,-0.075723276,-0.14140856,-0.0952221,0.06199966,0.07050594,0.13015355,-0.19564396,-0.10564838,-0.017555304,0.10635664,-0.044450905
TCGA-A1-A0SN-01A,0.1401393,-0.027274676,0.029547065,0.09413946,-0.018708872,0.13561212,-0.057277218,-0.050575797,-0.12927365,0.07730543,0.008792838,-0.021546267,0.05066934,0.21245323,0.123083234,0.01901099,0.049102176,0.13031068,0.04448068,-0.085745335,-0.09282869,-0.018958276,-0.03786361,0.020597521,0.06236673,-0.106145464,-0.110153064,-0.17577982,0.004079064,-0.13765235,-0.2055937,-0.008365898,-0.21036087,-0.0860208,-0.040144794,-0.12576257,-0.022112599,0.02069517,-0.113540016,-0.09797033,-0.09091395,0.0025010363,0.18874077,-0.07164446,0.009102231,0.033746623,-0.014252805,-0.032610342,0.06352112,0.1350425,0.11519166,0.028958272,0.12192462,0.16269201,-0.08619917,0.024482464,0.05892099,0.0021772294,-0.00462825,0.10370734,0.030091567,0.061851684,-0.17771795,0.073421076,-0.0050692684,-0.10390452,0.22917172,-0.04294917,-0.066035725,0.061143808,-0.16955397,0.03376343,-0.09452449,-0.16806711,0.068660595,0.0690873,-0.0170654,0.016025515,0.10092,0.06635864,0.0018550525,-0.13018934,0.022124479,0.22979857,0.022809567,-0.048204567,-0.056140956,0.03394215,0.1688907,0.07063583,0.055557575,-0.01633869,0.11212803,0.14005329,0.0949506,-0.10012607,-0.069671996,-0.22557813,0.11300553,-0.122978605
TCGA-OL-A66J-01A,0.0057003163,-0.03377492,0.06821601,0.13419215,-0.088959955,0.16580158,0.1514909,0.05506326,-0.1329227,0.022727368,-0.03903623,0.0036875608,0.0034875267,0.21474585,0.18410502,-0.022280656,0.038817972,0.08696094,0.0649202,-0.08561123,0.026769139,-0.0028390998,-0.0955402,0.08891592,-0.12748955,-0.112017855,-0.188673,0.06667438,-0.10416741,-0.0851654,-0.11764736,0.021706445,-0.12537925,-0.24132882,-0.14768262,-0.05408286,-0.09338041,0.08551753,-0.011661719,-0.029813195,-0.14461945,0.13849548,0.0317655,-0.16421425,0.048569933,-0.015719118,-0.02055627,-0.042863555,0.08651887,0.08846777,0.15788844,-0.028368823,0.08233449,0.13898408,-0.094225265,0.056513753,0.06250888,-0.097223155,-0.0984004,0.01371759,0.10512687,-0.04343598,-0.05463087,0.113585226,-0.022183172,-0.017610377,0.19122867,0.046665404,-0.14677656,-0.11523782,-0.15974316,0.058064416,-0.010038047,-0.25196388,0.067449965,0.013344954,0.11134203,0.14447185,0.11046628,-0.040360607,0.03279757,-0.023573285,0.06263809,0.083956465,0.0047106356,-0.06578459,0.09766288,0.09383373,0.058430433,-0.12380283,-0.06655629,-0.17094214,0.14329848,0.018942332,0.09349054,-0.08982026,-0.013701992,-0.05780436,-0.038325712,0.07671333
TCGA-A2-A1G4-01A,0.09209623,-0.07560519,0.18905202,0.11440175,-0.020522373,0.119521864,0.11882704,0.0034066725,-0.044939395,0.05600938,-0.008569713,0.06973451,0.014157669,0.1435597,0.19017728,-0.122741394,-0.028323436,0.085733294,0.078100175,-0.18068562,0.020261887,0.014705866,-0.038609624,0.028704546,-0.10763727,-0.08310496,-0.20970123,-0.058030482,0.058071733,-0.091587484,-0.010915224,-0.09982675,-0.0876213,-0.19774601,-0.055148337,-0.09478819,-0.10120648,0.013369088,-0.028696066,-0.05483418,-0.046939816,0.0021550073,0.14808343,-0.06636233,0.0840664,-0.0688682,0.002427871,0.05538577,-0.013717722,0.00029264283,0.03851236,-0.016778141,0.13272628,0.043701578,0.038421072,-0.03533537,0.16610761,-0.018486433,-0.018228974,0.040220384,0.059109524,0.045089796,-0.1009758,0.17726812,-0.11837921,0.046943817,0.25757793,0.048696697,-0.14218429,-0.056264307,-0.229147,0.009693666,0.031332746,-0.26491013,0.08946937,0.036522593,0.020401765,-0.016946735,0.24156632,0.012589006,-0.06138234,-0.10116824,0.10136019,-0.11020246,0.04926109,0.0063276635,0.015460749,0.15519442,0.05597273,-0.07930246,0.026087977,-0.20602457,0.07011369,0.10651386,0.12873742,0.059378717,-0.056653738,0.030784853,0.05446133,-0.1043281
TCGA-EW-A1J1-01A,-0.0013264727,0.046033394,0.09348196,0.057924338,0.03776826,0.022882968,-0.12672473,-0.016324135,-0.1362439,0.01987522,0.07820997,-0.0596302,0.058140684,0.23741663,0.22335288,-0.045797784,0.06883767,0.06459243,-0.029608898,-0.15431347,-0.08865066,-0.06184229,-0.11690641,0.06685719,-0.014710236,0.04914703,-0.1590743,-0.10680719,-0.025955806,-0.10079314,-0.11327102,0.07749437,-0.12824364,-0.16454646,-0.24412851,0.04616654,-0.0010951079,0.04759341,0.06755718,0.046739902,0.020370165,0.09799619,0.08686812,-0.11015928,-0.024349835,-0.10340397,-0.042737763,-0.0524754,0.04304152,-0.013808642,0.044858783,0.042303804,0.04799137,0.13045554,0.020116847,-0.071046785,-0.069075175,-0.037677955,-0.06386192,-0.084946625,0.084810294,0.0017482772,-0.114586934,0.17052019,-0.12337492,0.06983173,0.18510748,0.08097972,-0.11144824,-0.013593422,-0.14258838,0.14104332,-0.12698194,-0.24575137,0.07778484,-0.02904185,-0.05294708,0.034270875,0.11391495,-0.07213939,0.063550115,-0.12686522,0.045050673,0.07885674,0.06130115,-0.13305864,0.055645783,0.09391019,0.05725013,-0.093882844,0.080842786,-0.1825553,0.21312498,0.14792877,0.1416368,-0.053247895,0.081899524,-0.05380774,0.059776217,-0.031047802
TCGA-A2-A3XU-01A,-0.040449705,0.029719012,0.04804573,0.049815606,-0.02633706,-0.047532905,-0.012145615,-0.013349,-0.054966204,0.108244844,-0.024664924,-0.023933511,-0.049522124,0.2542017,0.080426626,-0.11746667,0.014021743,0.028947,-0.00018916336,-0.19332501,-0.13758816,-0.02290768,-0.08896639,0.10923155,-0.10456878,-0.12905103,-0.1104342,-0.045023844,-0.030203976,-0.16947922,-0.026343025,0.0202678,-0.120695926,-0.16108188,-0.041159216,-0.11544756,-0.019880168,0.09378991,-0.024106292,-0.07965596,-0.10419941,0.0861013,0.17182204,-0.08597677,-0.0244808,0.041995008,-0.033804484,0.006264047,0.0738717,0.25520563,0.20218591,0.15997343,-0.013729891,-0.011370867,0.0029016032,0.028458923,0.089463316,0.032837216,-0.082684845,-0.0024259852,-0.008290293,-0.074868664,-0.050642032,0.057081785,-0.08149835,-0.11439968,0.14617588,-0.03531042,-0.18584597,-0.00816846,-0.25109088,0.1198839,0.015662253,-0.19273593,0.21904084,0.13225365,-0.03410925,0.0009057168,0.28210545,0.010325699,0.030030454,-0.018544456,-0.031597044,-0.018244566,0.09802585,0.006735166,0.030097852,0.11990539,0.11462769,-0.04697394,0.13814108,-0.0888835,0.086233206,0.037626274,-0.043770574,-0.014881232,-0.0033981854,-0.12346232,0.07539869,0.005823574
TCGA-C8-A1HE-01A,0.08522218,-0.15098266,0.05489194,0.030357942,0.085508555,0.0022705547,0.09247769,-0.012949193,-0.04306306,-0.0054158107,0.06547596,-0.016707849,-0.1069875,0.20711708,0.07677755,-0.055266928,0.03416139,0.13763046,0.03675103,-0.09832776,-0.08022793,-0.07949657,-0.059349217,0.21641256,-0.053732827,-0.1325153,-0.16517605,-0.05118104,-0.028700354,-0.00699065,-0.065363325,0.022898547,-0.054011494,-0.16267589,-0.1667356,-0.09474387,-0.11198503,0.02935495,0.03240645,-0.09325919,0.001642164,0.002493595,0.17996147,-0.06743205,0.053700194,0.006848738,0.08199986,0.04620809,-0.02583478,0.10826513,0.054593224,-0.017121036,0.075802594,0.19927569,0.047813665,0.00039481607,0.11226248,-0.0017933181,0.073659666,-0.02865122,0.17031257,0.0031430514,-0.19426504,0.20548011,-0.009351485,0.01653795,0.054108422,-3.0090448e-05,-0.1363207,0.009461996,-0.06073234,0.015867943,0.018133448,-0.27254522,0.09801451,-0.04793866,-0.074104674,0.067728825,0.2006997,0.025806807,0.17339852,-0.029357444,-0.024758045,0.033228043,-0.013661713,-0.1061114,-0.11965665,0.06625913,0.2384444,-0.12454972,0.039643534,-0.18770614,0.14385182,0.107999034,0.103544176,-0.07776006,-0.002833589,-0.032595936,0.122726254,-0.004342537
TCGA-A1-A0SP-01A,-0.10709712,-0.07766387,0.039160516,0.17167847,0.061819084,8.4262254e-05,-0.053468563,-0.014762508,-0.17664796,0.10048928,-0.01072937,0.13837124,0.034601994,0.2912285,0.09629125,-0.042626742,-0.016880905,-0.041280508,0.1183941,-0.08839564,-0.027024126,-0.021581467,-0.10925244,0.037583638,-0.015814725,-0.067541115,-0.19647641,-0.057189777,-0.08886668,0.02150511,-0.03328314,0.18373246,-0.09259037,-0.115554154,-0.12828887,-0.031892072,-0.03927857,0.08757101,-0.010013424,0.045148876,-0.00073225866,0.10264746,0.13893361,-0.06797516,0.040090837,0.035235576,0.08148543,-0.014705643,0.110293895,0.13230963,0.077694274,0.044726484,0.0913499,0.084220186,0.025372181,-0.027785119,0.10672432,0.037644442,-0.0531931,0.12844172,0.07813046,-0.005861658,-0.034170434,0.016708305,-0.030528607,-0.040432975,0.21280774,0.03855558,-0.12777054,-0.07216336,-0.17760378,0.0934051,0.081856176,-0.12626103,0.1103174,0.119866274,0.028067967,0.012381505,0.3587811,-0.021980433,0.026395563,-0.16956882,-0.034807295,-0.0074969037,0.031195763,0.03468705,-0.12541811,0.035264406,0.19655246,0.02049181,0.14362864,-0.102525316,0.08061896,0.013758471,0.1145475,-0.1828857,-0.03567877,-0.025276512,0.034820884,0.050442856
TCGA-D8-A4Z1-01A,0.028348578,0.029487396,0.16416214,0.069204174,-0.023886165,-0.056605805,0.04159735,-0.0073561715,-0.08827741,0.072206214,-0.05542394,-0.0025194185,-0.012284115,0.15152332,0.19855897,-0.0111458665,-0.028145676,0.11290787,-0.041194417,-0.15964757,0.1205952,-0.04100184,0.03567067,0.0927293,-0.017687535,-0.11364372,-0.22642481,-0.037521254,0.017456453,-0.05637202,-0.053755376,0.12706941,-0.16068774,-0.14227074,-0.067457736,-0.11018521,-0.033013247,0.027711978,0.04151306,0.0060024,-0.07045277,0.07915717,0.05279021,-0.22999182,-0.06515947,-0.099417105,0.055467837,0.1026916,0.0578077,0.1586327,0.09039437,0.11712902,0.011449861,0.17763628,0.009519553,-0.0067905337,0.036450803,0.183232,-0.0279746,-0.18468367,0.07458537,0.020172434,-0.098116145,0.10644356,0.005984734,-0.011143173,0.08092461,0.11441476,-0.16599177,-0.015621664,-0.11385875,0.013965016,-0.12076369,-0.19898134,0.18988569,0.032267515,0.0046042115,-0.08070807,0.2385602,-0.06474386,-0.07175833,-0.04441799,0.0103993025,-0.07394843,-0.0350391,-0.1045378,-0.08915631,0.08050984,0.09731845,-0.1434783,-0.060664847,-0.06917489,0.119602256,0.10745784,0.1756095,-0.023322808,-0.15560097,-0.08595164,0.017658347,-0.021123698
TCGA-AO-A128-01A,0.0050345995,-0.072017446,0.18669361,0.11196252,-0.03863909,0.02123317,-0.15673162,0.054263573,-0.05690082,0.064668044,-0.033628892,0.034019925,0.08868685,0.25081715,0.18665214,0.0064173774,0.09165332,0.11697648,-0.08100493,-0.16642292,-0.07200699,-0.04016194,-0.060065914,0.062433444,0.03456482,-0.0130832,-0.2243545,-0.07870058,0.01940869,0.0029257175,-0.011276336,0.023155864,-0.12143396,-0.19829857,-0.23045257,-0.0675758,-0.0015514292,-0.09830608,-0.10482641,0.035391234,-0.09099565,-0.068099275,0.0539565,-0.013533483,-0.1255351,-0.10169218,0.025083546,-0.10496945,0.1069014,0.17850246,0.11853465,-0.0022588102,-0.029022599,0.030652774,0.019400707,0.029693188,0.026227782,0.09903412,-0.08908126,0.020975396,0.0030956476,-0.10173966,-0.0729846,0.06100856,0.020712098,-0.060139418,0.063100636,-0.01460458,-0.19577423,-0.078379996,-0.19457372,-0.0014128027,-0.024268745,-0.23095532,0.16353686,-0.007059993,0.045192618,0.01355151,0.1447126,0.028192133,-0.0058013075,-0.1918398,-0.05829577,0.06506995,0.0062635597,-0.10642877,-0.0745506,0.09935428,0.06247046,-0.2005941,0.07414983,-0.097883485,0.12672104,0.021253612,0.04892744,-0.02804807,-0.0481905,0.043642543,0.1814105,-0.065913685
TCGA-AO-A1KP-01A,0.017090302,-0.108681664,0.06023362,0.077511996,0.07585368,-0.010160581,-0.066328235,0.14841579,-0.122438125,0.14299268,-0.050967902,-0.021419566,-0.09951561,0.14214653,0.0843793,-0.11443982,0.1319407,0.03247824,-0.060324147,-0.12509045,-0.14162114,-0.014655,-0.10673835,0.17848979,-0.10484501,0.05063171,-0.29362017,7.0467235e-05,-0.14363636,0.010746251,0.009570242,0.0656895,0.017836526,-0.16821161,-0.14042751,-0.122756794,-0.014186812,-0.08207088,-0.1000293,0.003587445,-0.16558768,0.056232624,0.13388646,-0.030203713,-0.05565491,-0.086127594,0.008786672,0.08201094,0.15454753,0.17490654,0.08937285,0.06316011,0.08835762,0.088300444,-0.01008621,-0.010118065,0.059477933,0.041306626,-0.05037526,-0.0196073,-0.011170338,0.0284344,-0.13400576,0.12639123,-0.17163986,-0.12691864,0.08889888,-0.004922098,-0.10316056,0.06265927,-0.20862237,-0.025332198,0.005686517,-0.25830755,-0.015096845,0.022811184,-0.049556326,-0.037595864,0.09486579,-0.06597124,0.008441513,-0.12809314,0.003744312,0.053631194,0.059436675,0.010981382,-0.0054562963,0.008625055,0.12756951,0.04966718,-0.012252581,-0.18727693,0.21934713,0.0418119,0.12174798,-0.071535885,0.034026,-0.093941994,-0.06847808,0.0073882937
TCGA-D8-A1XO-01A,-0.024688428,-0.09542415,0.15725294,0.18121597,0.08516371,0.090265416,-0.08329698,0.013274818,-0.038531333,-0.02791755,-0.05956538,-0.010475346,0.0732066,0.2809377,0.114486195,0.012885125,0.18459514,0.17489985,0.026649933,-0.15409558,-0.15005471,-0.009864249,-0.055356044,0.13508706,-0.0023838899,-0.011131743,-0.16140872,-0.06660101,0.060521763,-0.06349487,-0.05293026,0.04901093,-0.0861231,-0.16430683,-0.038323577,-0.05484147,0.021928526,0.008229259,-0.1004127,-0.026361518,-0.048596617,0.070147626,-0.051129572,-0.08444307,-0.015025226,-0.008294358,-0.000101843165,0.01934243,-0.007190329,0.04077358,-0.014282568,0.08458907,0.08271397,0.15158965,-0.17122091,0.050242547,0.04799121,0.062890984,-0.03530644,0.071366906,0.116335064,0.070034154,-0.19783881,0.10923812,-0.054272447,-0.01157734,0.055478264,-0.013516488,-0.15657781,0.04859039,-0.046668243,0.05823094,0.005294834,-0.19203599,0.13668141,-0.0830185,0.02099074,-0.036426507,0.21970792,-0.037529748,0.06117871,-0.0058849566,-0.046523597,0.13264659,0.01536647,-0.13369632,0.054496955,0.03157045,0.30434278,0.05433941,0.03754345,-0.13206157,0.16347656,0.03656612,0.12709267,-0.096896194,-0.05019439,-0.08696473,0.08519329,-0.16031648
TCGA-AO-A0JD-01A,-0.025172187,-0.12259613,0.11095346,0.013544354,0.009369637,0.047276106,0.12696385,0.022542939,0.0277657,0.10145859,0.011419035,0.07942013,0.13232143,0.27164233,0.117099956,0.057046857,0.05844048,0.05655339,0.025747908,-0.17845471,0.043873563,-0.0917265,-0.044696532,0.17648529,-0.0494012,-0.064642034,-0.1979447,0.02425966,-0.056511737,-0.055296443,-0.09551249,0.2186129,-0.1557515,-0.20647362,-0.17703374,-0.092097454,-0.00913209,-0.043321602,-0.034304302,0.024979,-0.018377025,0.026834968,0.20677283,-0.098929025,-0.059251707,-0.016807506,0.11931297,0.09399417,0.003428123,0.03147801,0.17594914,0.112504564,-0.020270884,0.08594613,-0.011224021,0.0023029954,0.10633297,0.058412276,-0.119298056,0.057172045,0.06495299,-0.016080163,-0.051653802,0.1281863,-0.043164257,-0.02639669,0.13174602,-0.036110062,-0.0973842,-0.14767711,-0.17939135,-0.073224686,0.034964066,-0.2181181,0.08843167,0.07256303,-0.051810086,0.0062280595,0.06251178,-0.010103763,0.1447079,-0.09479531,0.03722316,-0.0650942,-0.045178264,-0.04875218,-0.010322194,0.08372106,0.16265704,-0.09520593,-0.045151386,-0.09344833,0.19996172,-0.03708821,0.08394162,-0.08547522,0.05378399,-0.09542823,0.11484167,-0.052276935
TCGA-BH-A1ES-01A,-0.10362901,-0.02577072,0.065495096,-0.02930892,-0.07374939,0.13952172,0.0109302625,-0.07091484,0.0018854624,0.04173325,-0.06904365,0.016364934,0.03204714,0.22837473,0.05471386,-0.10387275,-0.09070361,0.023594221,0.011305213,-0.20617877,-0.032884404,-0.029648,-0.075058915,0.16102953,-0.04326141,-0.12090926,-0.28033012,-0.024934176,0.020331727,0.015139866,-0.10619941,-0.054771397,-0.19236052,-0.12798993,-0.05872565,-0.17621574,-0.029176096,0.058218885,-0.055818573,-0.00040225094,-0.10741643,0.08604897,0.12657799,-0.18098664,-0.05668686,-0.0701145,0.11828261,0.027048426,0.13459995,0.057892047,0.09499417,0.004147632,0.0183032,0.037631117,-0.08765852,0.040711038,0.12112219,-0.09136711,0.038650695,0.08984997,-0.008973167,0.06695025,0.027144747,0.09175393,-0.16857812,0.035737865,0.1682335,0.018957159,-0.025208736,-0.024544373,-0.038062356,0.0331258,0.056828085,-0.3732369,0.07746152,0.07761953,-0.041839797,-0.030700067,0.10566691,0.1401632,0.04717643,-0.13356842,-0.048644774,0.036071133,0.12807548,-0.13282837,0.04731298,0.011341471,0.049758125,-0.07370186,0.08253528,-0.12290101,0.08824965,-0.06692124,0.0038700334,-0.081512645,-0.060445078,-0.13678588,-0.13513274,-0.10313284
TCGA-E9-A1NI-01A,0.10547074,-0.051687423,0.13207531,0.12686266,0.019995684,0.045387432,0.00826964,0.049823754,-0.07904997,0.16374256,-0.073038355,0.02186298,0.0098899435,0.15272672,0.17839722,-0.18700735,0.0056199213,-0.011500707,-0.13736008,-0.11175797,-0.1095404,0.07810051,-0.15357606,0.034481373,-0.044120684,-0.056115933,-0.1673614,-0.029177915,-0.027663955,-0.1106145,-0.044488844,-0.105704926,-0.1662861,-0.23316573,-0.24221517,-0.026135061,-0.109237194,0.08215109,-0.053140722,-0.0019378992,-0.12365288,0.043435995,0.1570359,-0.08990584,-0.17012717,-0.061736748,-0.07311487,0.040765103,0.075861804,0.13371006,0.14432877,-0.09630472,0.0014947028,0.05391952,-0.011538819,0.023758715,0.12699051,0.0029072221,0.035325512,0.06682575,0.073707126,0.018013848,-0.084548965,0.14173365,-0.031975765,-0.013589898,0.112797275,0.035115644,0.044369433,-0.098241195,-0.05317077,0.04671098,-0.08701515,-0.13461053,0.115829594,0.062268406,-0.073451616,0.11084555,0.17833745,-0.01760261,0.22387007,-0.13153858,-0.049722005,0.09276926,0.040855095,-0.036118593,0.09036229,0.07819928,0.14350282,-0.117197655,0.14128089,-0.07227661,0.05577736,0.07594335,0.056781013,-0.032655705,-0.1256566,-0.0077183614,0.08031008,-0.063249946
TCGA-E9-A228-01A,0.00558032,-0.07717652,0.22220808,0.0708414,-0.059962705,-0.024121094,0.005867597,0.031917874,-0.03737426,0.02628577,-0.08127195,-0.0049836477,0.089304626,0.21398231,0.16738035,-0.031213798,0.10182989,-0.047979303,0.0148148155,-0.06311811,-0.024203932,-0.037757523,-0.15802121,0.05115999,-0.0838469,-0.12260782,-0.07948024,-0.052109078,0.09626947,0.0047406578,-0.07166506,0.056410417,-0.17273952,-0.12746447,0.034456335,-0.0041987216,-0.026691232,0.013257225,-0.2215265,-0.050236624,0.03822577,0.064923994,0.116707236,-0.23318669,0.10906751,-0.036348592,-0.010360921,0.11149185,0.15063809,0.081428215,0.04737809,0.0040248786,0.027299307,0.0012715495,0.04910229,-0.099138305,0.15190321,0.049286228,-0.057103664,0.069403164,0.049545724,-0.038888797,-0.10735724,-0.001280977,-0.045647226,-0.14759992,0.17595547,-0.015820729,-0.11442898,-0.02027235,-0.13285184,0.046622656,-0.017703243,-0.35895044,0.13637,0.021337489,-0.007104991,-0.014674599,0.158469,-0.13819578,0.06615066,-0.073285125,-0.11275607,0.10725759,-0.052461218,-0.09897188,0.12274347,0.06564662,0.16694815,-0.108168796,0.030305091,-0.060740896,0.19553529,0.069161266,0.078109406,-0.058696266,-0.011480981,-0.09625371,0.035159897,0.02297033
TCGA-A1-A0SE-01A,0.06392186,-0.06966671,0.1363771,0.07710893,-0.023201529,0.083931014,0.039037913,0.038372573,0.062102128,-0.031462327,0.006404067,-0.0013740561,0.04025364,0.14462878,0.14017408,-0.11372692,-0.058286417,0.07353226,0.026080023,-0.2001938,-0.09071689,-0.026090492,-0.12937231,0.15821558,-0.038262818,-0.06349176,-0.18847764,-0.116067715,0.04441907,-0.021933582,-0.11339128,0.09633779,-0.0500045,-0.13928202,-0.12601276,-0.050731104,-0.12080272,-0.050644662,-0.06569076,0.014307998,-0.1292607,0.18144123,0.033490423,-0.14547643,-0.009123369,-0.019131275,-0.04531177,0.015973888,-0.027970485,0.0011037244,0.02505726,0.09209176,-0.007871876,0.108283676,-0.06744013,-0.022949869,0.00412923,-0.121888176,-0.07606703,-0.037190374,0.055814337,0.12856781,-0.13891512,0.17960358,0.02533289,-0.035049543,0.18435375,0.043089993,-0.089345016,-0.09871662,-0.22373787,0.027884258,0.14330432,-0.28718868,0.16926004,-0.051852603,-0.06272195,0.0051611043,0.23728216,0.05555791,0.027744118,-0.12902434,-0.027110247,-0.0049206675,0.0075903716,0.04287821,0.015969677,0.14955695,0.07415038,0.018442553,-0.025191696,-0.09162942,0.16444662,0.02140455,0.027574686,-0.2560266,-0.0435806,0.024104396,0.029289357,-0.03479764
TCGA-E2-A1IE-01A,0.004616913,-0.0088072065,0.08207983,-0.009295759,-0.06004337,0.14075053,0.008414693,0.025298022,-0.08447385,0.042581018,0.03238186,0.014639187,0.009125051,0.07957294,0.1783712,-0.014283242,-0.058568843,0.06795494,0.04470386,-0.23719381,-0.13547806,-0.08684002,0.008713124,0.08436015,0.094525084,-0.016253883,-0.096140005,-0.021994447,0.0125930505,0.021093167,-0.07631125,-0.12384547,-0.031930745,-0.08392042,-0.045651678,-0.036053404,-0.13962603,-0.0061807167,0.06335575,0.0023467354,-0.05311427,0.11284294,0.016015569,-0.20620394,-0.03239714,-0.016926995,0.06722743,0.01899987,0.058941457,0.17733848,0.16979942,-0.0010003714,0.053870298,0.11490831,-0.07190103,0.023328437,0.084588654,0.10508496,-0.039760333,0.13827664,0.1676906,-0.10393647,-0.07342482,0.07028779,-0.061306413,0.00686085,0.19575766,0.03340287,-0.10528017,-0.07174046,-0.27256542,-0.00012868945,0.12505692,-0.1916298,0.14390254,0.092015795,0.05685633,-0.05818032,0.23412971,-0.034284405,-0.0015635603,-0.119053505,0.07305335,0.009122554,0.09751094,0.02368164,-0.07606808,0.20902322,0.15212116,-0.013280093,-0.05600525,0.030481003,0.09909331,0.108204484,0.22596042,-0.11239101,-0.13405545,-0.078594066,0.096200645,-0.062326636
TCGA-EW-A1IW-01A,-0.059107065,-0.07878019,0.0009583282,0.009913064,0.027148515,0.09262291,0.123107664,0.015763637,-0.11551934,0.1060034,0.02164356,0.05001065,0.10748934,0.17539063,0.22054872,-0.12132301,-0.06609489,0.018149016,-0.08599683,-0.06820865,0.020986266,0.030666785,-0.106216535,0.22864407,-0.024069147,-0.044588856,-0.14495355,0.01598686,-0.018640261,-0.17196064,-0.012882757,0.09742973,-0.10927259,-0.17842118,-0.071317494,-0.19214961,-0.06798338,-0.06565193,-0.088249736,-0.09200506,-0.014655016,0.06574675,0.2111394,-0.05683258,0.025368856,-0.056123566,0.04047773,0.0035982025,0.05735397,0.066247866,0.16800283,0.08043586,0.043639887,0.10823285,-0.18040045,-0.018504173,0.1186432,0.09495388,-0.003024123,0.08230338,0.14736354,0.06533076,0.010736082,0.10791336,-0.054560274,0.034446727,0.17619723,-0.009972568,0.0076610986,0.012095686,-0.1762808,0.118463434,-0.15434816,-0.29277033,0.22845393,-0.0037760562,-0.07226558,0.040550847,0.051700555,0.012964919,0.034848474,-0.06540608,0.026333453,-0.06426972,0.09645407,-0.06620582,-0.06916121,0.062444948,0.22981669,0.020688774,0.020231504,0.009212968,0.07971272,0.03923109,0.0797408,0.027498435,-0.08680851,0.011799285,-0.026658965,-0.002708514
TCGA-D8-A1X6-01A,-0.02973104,0.022238776,0.15367712,0.053231154,-0.039184578,0.06469744,-0.03224651,0.103521764,-0.024466278,0.12819238,-0.068971194,-0.094897516,0.059784994,0.2010158,0.05894319,0.02138734,0.023739813,0.112762064,0.022566244,-0.062199276,-0.12237081,-0.077758625,-0.01965308,0.13439663,0.013309297,-0.094724216,-0.22050293,-0.0012269504,0.051801987,-0.16510597,-0.089678854,0.02797071,-0.17758165,-0.14261967,-0.11964072,-0.05568985,0.081486456,-0.06124071,-0.016258998,-0.11959508,-0.110599436,0.06666378,0.14909783,-0.22995566,-0.0650854,-0.17014675,-0.034464896,0.035108782,-0.043382388,0.10822967,0.017438432,0.05105117,0.075758405,0.12282638,-0.028346673,0.015283667,0.05218066,0.08946563,-0.05414882,0.019171342,0.0004977834,0.030526841,-0.024620812,0.14860256,-0.037197568,-0.13177669,0.23255382,0.006908591,-0.07155574,-0.04950391,-0.13764969,0.060392372,-0.015549018,-0.23152523,0.04855693,-0.040749844,-0.065873474,0.11632042,0.1882905,0.005127955,0.08122136,-0.11027795,0.016465282,-0.035167307,-0.070434496,-0.052251182,0.024063654,0.11591231,0.116267,-0.07470608,0.0685586,-0.22309479,0.15972885,0.07398511,0.13993934,-0.14395171,-0.12211524,-0.05072389,0.07797707,-0.0019543474
TCGA-XX-A899-01A,-0.0374095,-0.1752316,0.14881632,0.058673378,-0.015325072,0.12500077,0.103336744,0.10946111,-0.090294965,-0.03916338,0.051760055,0.055046264,0.027090212,0.15795453,0.034350846,-0.0451787,-0.08456852,0.11769947,-0.011237908,-0.19039173,-0.16133898,-0.1705539,-0.07021316,0.04881032,0.040638614,-0.0073400144,-0.15199712,-0.0734432,0.027504448,-0.1716846,-0.07576737,-0.068047315,-0.091819525,-0.21612254,-0.051623065,-0.075681575,0.09609359,-0.15626639,-0.02879147,-0.07511332,-0.0044965376,0.107140265,0.11036264,-0.17654023,0.086070344,-0.032573566,0.056696147,-0.0141250435,0.050911803,0.06512094,0.094574355,-0.024949644,0.068620406,0.09005194,-0.13784057,-0.011655914,0.12813461,-0.02517605,-0.038495664,0.032281857,0.12383967,-0.07911477,-0.069615,0.13384831,0.033556566,0.014225594,0.17042355,0.13859333,-0.046634566,-0.04302931,-0.14115152,0.012221602,0.04384862,-0.10056407,0.22581103,0.018285327,0.057531666,-0.08808496,0.19818322,-0.06143753,-0.06481594,-0.034800023,0.10188302,0.036599614,-0.14860378,-0.062211446,-0.070485555,0.08088793,0.24760313,-0.15399124,-0.0048943427,-0.12909195,0.011610939,0.0030750665,-0.018216513,-0.11537683,-0.11754362,-0.03427306,-0.033712972,-0.09387759
TCGA-D8-A1JG-01B,-0.031198315,-0.061343588,0.11501004,0.16633782,0.05485478,0.033555064,-0.0845427,0.12798747,-0.013808987,0.013580517,-0.11330518,-0.0029702925,0.0020385596,0.23432818,0.18643175,-0.13516594,-0.15859862,0.059705205,-0.028532706,-0.10745609,-0.004505669,-0.061262615,-0.14226186,0.08955982,0.032321665,0.039535005,-0.22956757,-0.1888059,-0.04609329,-0.058851626,-0.03370189,0.022667468,-0.018293222,-0.15583163,-0.06131806,-0.20303184,-0.022394963,0.058026716,-0.084558465,0.06565383,-0.0010045811,0.051342595,0.21811885,-0.08505948,-0.039762035,-0.14773083,0.035536427,0.045055624,0.07875186,0.11792998,0.050891165,0.007012765,0.0813025,0.10915288,-0.051518712,0.058919117,0.05808295,0.06374994,-0.1367296,0.030402446,0.055799145,-0.0061539123,-0.03377426,0.17432842,-0.010809676,-0.075468056,0.2019084,0.054492157,-0.067821465,-0.14088732,-0.31897664,0.018233117,0.025415981,-0.12687145,-0.022196366,-0.116879016,-0.07419954,-0.035161577,0.048936706,0.07169487,0.045037802,-0.012238629,-0.012303143,0.08813901,0.10128002,-0.136217,-0.021698114,0.08466191,0.15205573,-0.025743404,0.14215949,-0.108908266,0.06509803,-0.0011199956,0.079586774,-0.116035,-0.0036533603,0.078696094,-0.041291475,-0.020541541
TCGA-A2-A0SU-01A,0.06290943,-0.13179289,0.104106136,0.10724247,-0.04470174,-0.0069683036,0.016726518,-0.037775557,-0.06811999,-0.050529473,-0.036558293,-0.025897846,0.01961999,0.28787026,0.08377252,-0.014719194,0.038014505,0.026178122,0.056986418,-0.037016474,-0.10628228,-0.06855768,-0.08358176,0.10438972,-0.12281417,-0.08977794,-0.14476885,-0.02165713,-0.0035431087,-0.09030604,0.14322774,-0.06463116,-0.06416965,-0.24848184,-0.013612178,-0.07949975,-0.066210315,0.017589303,0.009346058,-0.0076425495,-0.017647061,0.055874966,0.11019146,0.02804659,-0.006186575,-0.064168625,0.005877922,-0.072549626,0.17146745,0.1248123,-0.022960635,0.08846447,0.14310507,0.06676473,-0.048714913,0.15443482,0.15922588,-0.014696161,0.011495014,-0.02145838,0.048967864,-0.016335066,-0.027369075,0.11097865,-0.058228813,-0.08087495,0.18141071,-0.09124669,-0.20389064,-0.1051032,-0.16661009,0.057813223,0.036778692,-0.30552933,0.15755281,0.05315938,-0.14957209,-0.035484277,0.069215655,-0.031068487,-0.026701229,-0.09533314,-0.037611395,0.17621878,-0.07075991,-0.11774313,0.033096354,0.14955877,0.11595483,0.10161903,0.08322849,-0.011554808,0.16377707,-0.043330766,0.09330192,-0.15318981,-0.035169296,-0.11855023,0.06578121,-0.053662024
TCGA-D8-A1Y1-01A,-0.035944626,-0.091982156,0.20077316,0.09068857,0.07843979,0.04355847,-0.22548619,0.028975392,-0.22601195,0.1549931,0.0073268358,-0.03261569,0.007595388,0.18317494,0.05814702,-0.08446518,0.08788384,0.092996016,-0.018892126,-0.12119056,0.025231201,-0.10338129,-0.10823777,0.016532345,0.0045941733,-0.031975586,-0.121824324,-0.13043231,-0.029810097,-0.018252816,-0.012078228,0.023308206,-0.17375946,-0.11541004,-0.078264974,-0.19832547,0.019824645,-0.08694562,-0.0010035111,-0.07134702,0.06759553,0.058377475,0.21366495,-0.13836731,0.016959982,0.0065085203,0.051249135,0.014540772,-0.046326987,0.025218353,0.0720237,0.10341432,0.08648561,0.07597519,-0.15169677,0.023389341,0.14789172,0.17022906,-0.04492549,-0.032980673,0.014131828,-0.07745464,-0.045831818,0.12485853,0.03945626,0.09599352,0.1994841,0.050089072,0.04541447,0.07483734,-0.110427804,0.07432552,-0.01994528,-0.20177875,0.111046776,-0.044178754,-0.032187957,0.042815175,0.19206542,-0.0050749877,0.05090112,-0.091461204,0.049116313,0.089340076,0.15167677,-0.019086488,-0.04915973,0.16544725,0.18919007,0.062399082,0.044823036,-0.06689315,0.074598245,0.04129787,0.17356734,-0.08223422,-0.13631287,-0.013869352,0.031108638,-0.05099969
TCGA-E2-A574-01A,0.122750096,-0.11752838,0.18216851,0.017412359,-0.027016964,-0.031090878,-0.02040077,0.0024768368,-0.110314496,0.04320867,0.027260518,-0.022733964,0.06334185,0.27731314,0.08463445,0.017657146,0.029274056,0.03894839,-0.07100793,-0.108930774,-0.09237691,-0.11554379,-0.11408877,-0.01835589,-0.048143566,0.016589781,-0.26978993,-0.09556464,0.020548299,0.02256849,0.029407343,-0.035958353,-0.12255773,-0.13956697,-0.17410313,-0.070255056,-0.046065748,0.028421216,-0.046112098,-0.06873349,0.033822455,-0.00024084517,0.17471303,-0.122562505,-0.13535632,0.0034637721,-0.10536011,-0.068997994,0.009447094,0.27532062,0.061429486,0.019274993,0.072330885,0.04628758,-0.089244016,0.003817884,0.09278419,0.013528705,-0.05996553,0.0068202377,0.09561084,-0.03883833,-0.07865509,0.16247821,-0.107517794,-0.109879166,0.27856714,-0.07940125,0.057360146,-0.014205133,-0.17467445,0.021402827,-0.08121619,-0.1483302,0.13794687,0.08909931,-0.06277304,0.10060978,0.23393635,-0.08117636,-0.008889362,-0.11767089,-0.077060215,0.0033726245,-0.064636655,-0.13346836,-0.048981838,0.11329273,0.119055025,-0.02806372,0.076337695,0.0041211704,0.09263624,0.0374435,0.046718147,-0.026983941,-0.052992158,0.0012352401,0.070906244,-0.08155685
TCGA-A7-A26H-01A,-0.0015654064,-0.089774355,0.099155724,0.05690826,0.00784346,0.02802564,-0.10503734,-0.08371134,-0.0672961,0.015702765,-0.1377143,-0.026036942,-0.01995521,0.30463454,0.14577024,-0.024514908,0.15109502,-0.099120505,0.06045347,-0.16922222,-0.089752406,-0.07182986,-0.03695725,0.18312104,-0.015216537,0.040203214,-0.14583205,-0.043611508,0.0238487,-0.060998436,-0.11708291,0.10388647,-0.11886811,-0.14128362,-0.08736747,-0.16106875,-0.025983458,-0.05858886,-0.017510327,0.029975774,0.09773408,0.14053056,0.06004858,-0.086213894,0.05233638,-0.15421124,-0.08518396,-0.035949457,0.096113846,0.019674197,0.09205606,0.047329836,-0.016801968,0.06970205,0.012949549,-0.00991082,-0.016210832,0.024532814,0.076322205,0.034634613,0.07280032,-0.07907308,-0.031856768,0.108830705,0.05405832,-0.07709918,0.0853089,-0.06708895,-0.07563807,0.0379244,-0.27926338,0.08077578,0.024903547,-0.11327517,0.19110961,-0.043707866,-0.04853335,-0.12818763,0.10306462,-0.0240875,-0.015824128,-0.19184968,-0.0039740973,0.15313686,-0.1243232,-0.028892025,-0.009530685,0.014702274,0.20974,-0.12991317,-0.009489872,-0.17680888,0.0863639,0.082312755,0.17288007,-0.15147246,-0.0042040204,-0.10615194,0.027622253,-0.06754458
TCGA-D8-A1X8-01A,0.07454822,-0.12562071,0.05554186,0.060853023,-0.0036850064,0.018119026,0.08359331,0.09105742,-0.17437735,3.4479755e-05,-0.02832754,-0.012728409,-0.051562063,0.17098136,0.12053589,-0.089108594,0.024500616,0.1043959,0.028579585,-0.26990628,-0.027251797,0.038760625,-0.08895191,0.17578913,0.091301806,-0.11818744,-0.28265303,-0.009233295,-0.0069633727,-0.07878401,-0.06979824,0.015892247,-0.15780728,-0.21910381,-0.14851627,-0.070607685,-0.048114795,-0.022342755,-0.034264036,-0.16263591,0.07981383,0.046257805,0.10306392,-0.124849886,-0.042832587,-0.09411317,0.0052984646,0.018818649,0.079225875,0.12328164,0.014385241,0.07422127,0.051407956,0.06623679,-0.02378969,0.10524874,0.13879216,0.16757767,0.038451307,-0.097539864,0.06045249,-0.001235424,-0.115896545,0.07047302,0.05059239,-0.034445707,0.13985655,-0.04503811,-0.14550562,0.017588379,-0.20214799,0.19676085,0.09418005,-0.21214446,0.046557643,-0.017167617,0.028919013,-0.034795336,0.06167727,0.010281604,0.026400797,-0.018208066,0.044407587,0.088941336,0.081940144,-0.041736353,0.023120906,0.13366109,0.22690578,-0.024863416,0.08310794,-0.11631889,-0.03160168,0.06507246,0.052686576,-0.110836804,-0.064819455,-0.04034145,-0.052632365,0.01733922
TCGA-A2-A25E-01A,0.13535753,-0.075575635,0.066803984,0.12483587,-0.042788804,0.0871679,0.017895091,0.03271517,-0.046934314,-0.09648834,-0.048559774,-0.088542886,0.06839787,0.15786922,0.100839,-0.020822383,-0.005460389,0.14084142,-0.084080726,-0.07220655,-0.11586732,0.06740757,-0.013402381,0.034421425,-0.003283852,-0.06715607,-0.23525043,-0.050332457,-0.033940688,0.046910796,-0.047811132,0.025149642,-0.14798997,-0.1795406,-0.111426406,-0.17842697,-0.041618787,0.09214017,-0.047445826,-0.093032524,-0.08330111,0.18525961,0.09769047,-0.082232974,-0.006323801,-0.054336276,0.15088812,0.16346093,0.03309268,0.12473322,0.06459374,0.0079250615,-0.032845806,0.083627775,-0.12151013,0.055878032,0.040124007,0.10019781,-0.08324107,0.02012229,0.01867064,-0.05434252,-0.12075183,0.2006332,-0.013901281,0.028695432,0.14633423,0.0144981,-0.1960411,-0.015138602,-0.28208792,0.019643508,0.04261508,-0.19483261,0.06238666,0.0071951235,0.068989076,-0.08957166,0.029237721,-0.07530019,0.08292524,-0.07383286,0.0047148596,0.022128493,-0.037124246,-0.04734093,0.027303275,0.09373276,0.16420437,-0.03848957,0.061911084,-0.18112634,0.06317728,0.08431169,0.09856048,-0.18147509,0.059095863,-0.08586577,0.20239146,-0.09256598
TCGA-AC-A6IV-01A,-0.04564599,0.011839952,0.078961655,0.08816721,0.08801909,-0.10434614,0.15590188,0.016045539,0.047073886,0.0033368727,-0.06695087,0.106476404,0.098163575,0.123912424,0.072446175,-0.051930755,0.044426978,0.09330378,0.00017254897,-0.17833221,-0.04725179,-0.023626966,-0.05220216,0.14731087,-0.096701175,-0.022649182,-0.20934843,-0.08159457,0.02386572,-0.09625276,-0.048352867,0.11897231,-0.08259094,-0.13131632,-0.087580495,-0.1649001,0.046658166,0.053171236,-0.018290812,-0.08641192,0.10591656,0.14198501,0.032386728,-0.11173468,-0.09284952,0.054795645,0.10168708,-0.05823823,0.032901622,-0.0026265273,0.07711989,0.042185333,0.13392818,0.18566407,-0.027353516,0.032113764,0.057353903,0.04076603,-0.104244076,0.070206404,0.16831651,0.024822626,-0.09271135,0.16912822,0.06238394,0.015438688,0.16017991,-0.046924703,-0.21667802,-0.10520414,-0.15735386,0.14884494,0.10050721,-0.13593188,0.15884987,-0.18757974,-0.0478577,0.030821582,0.20004772,-0.10041069,-0.06488985,-0.123740315,0.031447846,0.08473214,0.015222359,-0.045298986,0.064563334,0.13745946,0.120436646,-0.21285218,-0.005576252,-0.13797367,-0.055965472,0.04443215,-0.028964268,-0.14629772,-0.03330068,-0.026385892,-0.010521013,0.029536903
TCGA-D8-A1Y3-01A,0.1206615,-0.00558689,0.07555653,0.040424593,-0.05170901,-0.043809168,-0.0074797887,-0.0066425516,-0.068988904,0.1636171,-0.014091301,-0.012850687,0.088566355,0.3532817,0.1674121,-0.123522185,-0.022270203,0.09755505,-0.027407914,-0.067374565,0.011964266,-0.011311179,-0.12092294,0.15981404,-0.018083643,0.010475456,-0.19828522,-0.077638574,0.015027677,-0.04929832,-0.1550175,0.07896612,-0.1345795,-0.13557659,-0.07539378,-0.15758075,0.07036693,-0.0045117624,-0.084051795,-0.10341925,0.055039547,0.08479385,0.08646883,-0.046482593,0.026850713,-0.114899725,0.11277269,-0.009992984,-0.068726785,0.08246134,0.06675268,-0.0014111754,0.13019775,0.17476611,-0.010949134,-0.13435265,0.004856762,-0.03436585,-0.1471617,0.052158896,0.006421276,-0.039254602,-0.077000216,0.110280894,0.005807191,-0.015104507,0.17410034,0.098285794,-0.018223641,0.08284455,-0.14219251,0.1265453,0.004512776,-0.21261126,0.13929734,-0.014855564,-0.08360797,0.034541864,0.16891485,0.055571906,0.006631628,-0.25000826,-0.08423234,0.099933505,-0.015895138,-0.10849687,-0.05150846,0.044911727,0.16464555,-0.03763476,0.04633313,-0.1101042,0.15089954,-0.014905824,0.035131596,-0.071355775,-0.032242123,-0.07283637,0.06551927,-0.021806141
TCGA-AQ-A7U7-01A,-0.06524101,-0.060363922,0.124743156,0.09247093,0.044005245,-0.022821289,0.01144916,-0.03556429,-0.08090205,0.051806528,-0.061886795,-0.03725373,0.06562597,0.16301905,0.14558148,-0.08763334,0.01688836,-0.027183378,0.075905025,-0.12687789,-0.062836826,-0.04946803,-0.09541279,0.09611014,0.06324034,-0.0053740204,-0.22375548,0.04179632,0.07359677,0.031356502,-0.13259725,0.023279527,-0.05817585,-0.19466,-0.19252379,-0.10189166,-0.023532348,-0.050045803,-0.015773015,-0.10516701,-0.040662285,0.022510879,0.018193096,-0.12712194,0.08054835,-0.001922587,0.15431383,0.06908557,0.1526031,0.12597889,-0.014953128,0.121954106,0.004305911,0.12001741,0.026621368,-0.01642514,0.1349361,-0.045945454,0.017876018,0.049261205,0.13393214,0.035624977,-0.1187838,-0.030025866,0.007512738,0.024533752,0.10886717,0.02948243,-0.10217734,-0.07148983,-0.16708414,0.24156193,-0.039353292,-0.30510163,0.18497398,0.10534801,-0.031475022,0.07383648,0.12030297,-0.04511793,-0.03179326,-0.021906868,0.0014317462,0.16246401,0.03343747,-0.058445334,0.046603993,0.122458816,0.12024909,-0.121186994,0.039418083,-0.22669151,0.15741916,0.11915647,0.054376256,-0.08977241,-0.105198115,-0.06554867,-0.0548354,0.0066799647
TCGA-BH-A0H3-01A,-0.09447401,-0.019745445,0.10461766,0.097026095,0.044706713,-0.026545318,-0.117337696,-0.058907017,-0.022810051,0.13072854,-0.06448605,0.09870665,-0.01763272,0.24106322,0.094258785,-0.10194916,0.083834775,0.14533615,0.06784883,-0.2008078,-0.034784976,-0.13692898,-0.052885573,0.17218514,0.05445786,0.043686237,-0.11403364,-0.117238246,0.0052461745,-0.15129934,-0.02608327,0.030866748,-0.14028744,-0.21483748,-0.058952738,-0.06694,0.028460665,0.035310425,-0.013625889,0.0051559415,-0.075401135,0.07120601,0.07664177,-0.2039026,-0.055677358,-0.12188816,0.043838806,0.094062775,0.089217156,0.21922316,0.13421424,0.050611597,-0.06711137,0.14352196,-0.11050105,0.09824919,0.05459713,0.011174691,-0.092871785,0.05671209,0.002292293,0.09149007,-0.030902488,0.15641671,-0.010736636,0.107881635,0.21003076,0.09755275,-0.10299256,-0.08303365,-0.13849476,0.08939071,-0.026955292,-0.17292786,0.0883544,-0.015615534,-0.05108195,-0.10374023,-0.05242676,0.0008615497,0.06826198,-0.10291502,0.009064471,0.019108491,0.052996546,0.12207201,0.015021179,0.04485365,0.24631323,-0.09926412,-0.06059564,-0.062751696,0.09278437,0.07997017,0.033768363,-0.093325056,-0.04058591,-0.031221805,0.06970932,-0.11508673
TCGA-D8-A1J8-01A,-0.02839509,0.0043655243,0.13189875,0.017186416,-0.111376844,0.01334999,-0.05426764,0.0093840165,-0.040392403,0.0447531,-0.106564984,0.004512709,0.035830807,0.16695942,0.12865734,-0.007664169,-0.015786055,0.14369711,0.028688455,-0.0612094,-0.029003827,-0.11488169,-0.12199353,0.21857028,0.025337724,-0.039799087,-0.12965249,-0.04122591,0.004839902,-0.059315305,-0.04339127,-0.004871518,-0.07965533,-0.13156192,-0.20450884,-0.052086227,-0.034561116,0.023536116,-0.05673439,-0.08857864,0.05018379,0.07987015,0.06561524,-0.14475851,-0.027705584,-0.03107812,0.019517828,0.1019369,0.050589766,0.09653661,0.16805916,0.12933615,-0.11081397,0.05249406,-0.07617577,-0.027978117,0.09514543,0.043862313,0.037549127,0.034636345,-0.03785443,-0.02896414,-0.17342575,0.17428906,-0.057671815,-0.023369018,0.18256533,0.0334876,-0.12937948,-0.03537225,-0.1678941,0.015793448,0.18389095,-0.26208,0.23138706,-0.034202304,-0.083531365,0.013920249,0.23721115,-0.109542914,0.1401058,-0.06260291,0.007347341,0.09673552,-0.066195644,-0.09032423,0.012487118,0.13555937,0.23909579,0.0070310305,-0.00082911155,-0.04057774,0.071397796,0.11507562,0.13937612,0.0090901675,-0.028336944,-0.05086152,0.072033204,-0.08695928
TCGA-AR-A2LR-01A,0.0071391338,-0.08268346,0.22327884,-0.08720216,0.03835394,-0.0437494,0.018546844,-0.0111885145,-0.11410477,0.06341989,-0.036052607,0.007240411,-0.028149733,0.18233001,0.08074735,0.035603043,0.043772873,0.008669547,-0.011254084,-0.15507731,-0.10318509,-0.0705314,-0.12361433,0.16979247,-0.00863914,-0.09152024,-0.22751589,-0.020298066,-0.09162009,-0.059578516,-0.002378324,0.06949595,-0.115360826,-0.04681305,-0.13742432,-0.04163153,-0.052534822,-0.030961748,-0.102446824,0.03330911,-0.028470188,0.087519616,0.15859404,-0.18647444,-0.0157336,-0.1455982,-0.11753375,0.04565915,0.06365838,0.14027852,0.1160727,0.029368354,0.05407561,0.10502805,0.0031171162,0.12474502,-0.035203822,0.048178885,-0.10277654,0.059164796,0.09624887,-0.0010242929,-0.052173175,0.058081552,-0.11553111,0.050590325,0.2604909,-0.03031348,-0.1842922,-0.094561204,-0.16174468,0.08922892,-0.0057993974,-0.18370067,0.15999644,-0.10076962,-0.058314122,-0.07503075,0.03872348,0.06586951,0.067873575,-0.04324374,0.0016136904,0.08701418,-0.07708396,-0.12490088,-0.040442802,0.17311439,0.14792232,-0.05924323,0.15694384,-0.02002908,0.07598951,0.07444543,0.119724125,-0.113970324,-0.14170288,-0.08736437,-0.00969756,-0.14262639
TCGA-AO-A0JE-01A,-0.021984901,-0.08654751,0.053042624,-0.00057099573,0.11153364,0.039264914,-0.06650967,0.034699757,0.0031023687,0.17267488,0.09100707,-0.07239362,0.015967844,0.16151977,0.14730433,0.04562781,-0.09671602,0.051828466,0.011531317,-0.17589936,-0.11592937,-0.064572215,-0.09288784,0.084120415,-0.09772671,0.03322752,-0.184801,-0.10353166,-0.085847706,-0.08435903,-0.048971146,-0.031696342,-0.19202426,-0.14525798,-0.08689559,-0.15748885,0.007599462,-0.1080538,-0.0038407422,-0.074370116,0.035170242,0.049291212,0.20169759,0.03306533,0.010805072,0.1281892,-0.08132879,0.03215005,0.093185045,0.08013202,0.014938859,-0.06619381,0.018595612,0.13811022,-0.14413501,0.06727452,0.19570799,0.042464625,-0.027651498,-0.07110897,0.03547044,0.109689,-0.16996543,0.04656533,-0.03203624,-0.064867765,0.1419827,-0.08120144,-0.1634847,-0.03408307,-0.19063726,0.058441807,-0.042497624,-0.16976528,0.08132056,0.099501155,0.042240895,0.09674683,0.11603873,-0.16846718,-0.050018758,-0.07747656,0.02901859,0.025324823,-0.002143654,-0.087423265,-0.0058478955,0.19464998,0.22776161,-0.07122379,3.7949478e-05,-0.09465863,0.11397739,-0.08490266,0.05943604,-0.10171287,-0.11010476,-0.12707362,0.096478276,-0.03813135
TCGA-AC-A5XS-01A,0.027008463,-0.11398966,0.122817986,0.1646722,-0.10392597,0.012247139,-0.10488,0.055976633,-0.09052654,0.16105603,0.09802558,0.07706256,-0.019199625,0.29640436,0.18028487,-0.071867876,0.012156964,0.11353215,-0.11464245,-0.19577311,-0.0009661022,-0.022668365,-0.046061236,0.13700476,0.02060913,-0.1449298,-0.17973056,0.04746894,0.06977426,-0.029584652,-0.1307942,0.092012644,-0.09722671,-0.031204868,-0.14248212,-0.084834404,-0.10052464,-0.09004165,0.044065643,0.020882228,0.074742995,0.084133655,0.13325422,-0.13661219,-0.020207245,-0.031518526,0.037059035,0.053258605,0.007818158,0.03659165,0.10279253,0.027628705,0.042434543,0.14305586,-0.024310324,-0.038210824,0.101173125,-0.024855297,0.0792028,0.0024678307,0.03274268,-0.025994387,-0.035992216,0.08091534,-0.08733349,-0.11130208,0.047707077,-0.067070924,-0.09249642,-0.08504952,-0.2567684,-0.109499626,-0.08961363,-0.22048001,0.20288369,-0.019359972,0.02698424,0.08183468,0.11535575,-0.006775768,0.19034912,-0.13978326,-0.039597407,0.12797287,0.09362932,0.0929631,0.082182914,-0.012097534,0.12046667,-0.09885881,-0.041357156,-0.08272438,0.005496696,0.022245398,-0.00033907738,0.014937086,-0.12505026,-0.043669213,0.051749423,0.043913234
TCGA-A7-A4SE-01A,-0.028460978,-0.008596931,0.14212649,-0.0047585955,0.013028967,0.09657173,0.052307423,0.024505312,-0.012437408,0.15867336,-0.106540576,-0.040508915,-0.09016963,0.20642549,0.2166979,-0.095094286,0.10535807,0.13061196,0.058539346,-0.07821635,-0.06506082,-0.098875254,-0.0373506,0.08047466,-0.08801675,-0.013816106,-0.22613087,-0.03835363,-0.0628592,-0.1547831,-0.03072056,0.023401948,-0.121294536,-0.18200198,-0.15371777,-0.053585943,0.13789102,0.008462249,0.017036421,-0.068857886,0.010662546,0.058415264,0.16482297,-0.03247739,-0.051986642,0.031863887,0.049376745,0.050210137,0.059181806,0.18659338,0.19681446,0.058193266,0.003940348,0.11706113,-0.03918998,-0.05204918,0.14974907,-0.007137626,-0.14329249,0.05635715,0.07313445,-0.02377107,-0.12632854,0.03561073,-0.026151733,-0.115586914,0.29548988,-0.021132503,0.004800277,0.041193914,-0.09275745,0.20966943,-0.06980154,-0.05885373,0.09189722,-0.025573088,-0.06576235,-0.06381533,0.018467402,-0.11718583,-0.0109501295,-0.10922142,-0.12674645,0.04932066,-0.079236016,-0.14470069,0.03195964,0.10980497,0.14167026,-0.12706861,0.0028985527,-0.12540339,0.10417856,0.06320012,0.050534576,-0.012567952,-0.12155408,0.009224667,0.11028815,-0.038503796
TCGA-S3-A6ZG-01A,0.0034465634,-0.0704303,-0.000750954,-0.004918344,0.09775141,-0.016473342,-0.08582853,-0.01377007,-0.08521476,0.06623839,-0.0833053,-0.12247823,-0.021856667,0.22280328,0.13336721,0.017462771,-0.03463612,0.09375698,-0.053143095,-0.07549362,0.06652082,-0.023191616,0.026708068,0.064816356,-0.03446042,-0.07984772,-0.1859497,0.0026864917,0.10630527,-0.13441218,-0.058307756,0.08824327,-0.06456961,-0.11591063,-0.0888864,-0.042694464,-0.11812552,-0.10354027,-0.046991087,-0.07258514,0.013129326,0.09099586,0.17085423,-0.083569676,-0.07081371,-0.058162294,0.098556355,0.015072714,0.044459343,0.05348404,0.08467364,0.018629797,0.106297575,0.0611664,-0.04460402,-0.042776205,0.060897946,0.056983553,-0.14564349,0.10142564,0.04797707,-0.11323887,-0.14646064,0.21309988,-0.0102715865,-0.054990876,0.22979909,0.06733986,-0.062119313,0.15223393,-0.18236345,0.040684316,0.016252102,-0.23172982,0.046075605,-0.11230776,-0.09682168,0.058377527,0.26666787,0.033052295,-0.053058807,-0.13733189,0.029938571,0.06237266,-0.08530368,-0.09223792,-0.07112216,0.17416725,0.098881714,-0.016077979,0.05605548,-0.012265432,0.25092214,0.032000948,0.039534193,0.036090475,-0.012544091,0.06195252,0.05690037,-0.22242115
TCGA-BH-A0DS-01A,0.026741324,-0.14224823,0.13892737,0.02983202,0.05123805,0.04720301,-0.017027939,0.04465797,-0.06699179,0.030342018,0.08030557,-0.080519386,0.13287152,0.102615885,0.13017039,0.033692423,-0.093882374,0.15973006,-0.09083702,-0.18088022,0.112034835,-0.11160604,-0.06538678,0.049679145,0.05778955,-0.06291236,-0.124261476,-0.004322738,-0.041044045,0.0379131,-0.015108282,-0.011634281,-0.12052313,-0.1992037,-0.038662005,-0.11622529,0.07783787,-0.0023733408,-0.13251723,0.0033709495,-0.0701572,0.124926925,0.10763482,-0.15257686,-0.13942684,-0.047926664,0.11685091,0.09078085,0.024159001,0.03354895,0.20378049,0.11956008,0.013135078,0.11058865,-0.090267465,0.0055363723,-0.016805654,0.10287242,-0.07648943,0.10334718,0.016015962,0.04907404,-0.2116755,0.086056,-0.18573818,-0.09666746,0.12782145,0.055659506,-0.16728058,0.01690577,-0.10933974,-0.06357759,-0.0207889,-0.21565352,0.18257035,0.032829266,-0.20023738,-0.07207409,0.16387558,-0.06896345,0.12491107,-0.07708183,0.05903088,-0.0278183,0.020210415,-0.080858916,-0.05970169,0.098120406,0.20336102,-0.06186837,0.058705166,-0.05855464,0.1426001,0.046784207,0.008172097,-0.09732297,-0.031324573,-0.0045320117,0.043243997,-0.053285666
TCGA-A7-A13D-01A,-0.06934164,0.035597436,0.14762226,0.029572649,0.05157918,0.052003786,0.007003091,0.022654522,-0.13824177,0.23385277,0.013931706,0.004868634,0.03380645,0.24071579,0.071956225,0.033581447,-0.109051466,0.0098185735,-0.01253523,-0.19014035,-0.042772308,-0.0027027258,-0.03874598,-0.0400355,-0.053046886,-0.07808055,-0.22632743,-0.06892661,-0.10663871,-0.1908295,-0.0897422,0.056979917,-0.10735338,-0.16921762,-0.21695797,-0.038476583,-0.005771346,0.017387759,-0.05001472,0.0680222,-0.093245156,0.15684605,0.062393814,-0.078638636,-0.08272827,-0.061063536,0.059982758,-0.024173617,0.056395758,0.14070912,0.09859379,0.055503175,0.0093000885,0.06578658,-0.014196492,0.0025236057,0.16632377,-0.03142354,0.015898395,0.08047484,-0.0040656156,-0.038941402,-0.10969006,0.12311046,-0.071074836,-0.05661103,0.27940845,-0.06640052,-0.095073245,-0.03217249,-0.06735674,0.020302124,0.020909255,-0.17142977,0.15605253,0.00991104,-0.029322669,-0.07961689,0.153328,0.024762304,0.12499768,-0.023125231,0.0058708107,0.18229648,0.0033203284,-0.1911364,-0.024500927,0.04096897,0.13133004,-0.053009972,0.13196954,-0.13121808,0.099873595,0.04910938,0.12770544,-0.021815885,-0.02726288,-0.10970543,0.03394383,-0.11182851
TCGA-AO-A0JI-01A,0.02544577,-0.16469032,0.123871826,-0.004467144,-0.03981773,0.06254993,-0.058095735,0.06308258,-0.06831895,0.105780266,-0.11413821,0.06734139,-0.04328351,0.20352007,0.1277248,-0.033398006,0.11520631,0.06880601,0.009746408,-0.15816003,-0.07254844,0.055643976,-0.053619444,0.103673026,-0.056404985,0.049582582,-0.180327,-0.034003776,-0.0309485,-0.031434212,-0.053473372,-0.057074707,-0.040210467,-0.14247519,-0.11795748,-0.13105753,-0.07630043,0.022979112,-0.12396771,-0.03700588,0.00078693073,0.0857911,0.13360554,-0.11268699,-0.072630286,-0.027622644,0.16026248,0.08198035,0.13916662,0.07181893,-0.007064378,0.101300456,0.028176432,0.08729098,0.11397468,-0.0011124766,0.13105547,0.089381024,-0.026241014,0.0438413,0.035211552,-0.022537965,-0.05345318,0.05022775,0.08288452,-0.030351209,0.22217366,0.037004646,-0.15835664,-0.013791937,-0.2626673,0.051065914,0.08663687,-0.28495723,0.096671976,-0.021517716,-0.10046408,-0.10429813,0.23281884,-0.0026617849,0.06205376,-0.088675775,-0.01957556,0.0664254,-0.048968103,-0.061929,-0.028136991,0.11770366,0.20959479,-0.035834268,-0.07745525,-0.084600575,0.05987742,0.017082332,0.15340897,-0.045953162,-0.033145063,0.0025998545,0.0027480498,-0.19575624
TCGA-BH-A5J0-01A,0.041925866,-0.18702424,0.07974969,0.034037896,0.022460442,-0.008711351,-0.073517956,0.026907163,-0.009742846,0.04857562,-0.01922383,-0.041562025,0.051422276,0.19866936,0.14411849,-0.046878077,0.0027818922,0.1421392,-0.0614961,-0.12975879,-0.04886106,-0.047664497,-0.014644924,0.055763803,0.034553517,-0.0036011408,-0.20999844,-0.053202976,0.020985134,-0.071429074,-0.08750404,0.0492029,-0.092496686,-0.21840261,-0.058524378,-0.12101793,-0.0839516,-0.007227215,0.0027762824,-0.17633928,-0.014999719,0.15510488,0.1276045,-0.039621674,-0.08311987,0.0060681584,0.071699746,0.050764497,0.034373567,0.1441202,0.074666314,0.015625764,0.080891095,0.1182999,-0.010315501,-0.0055821575,-0.08448603,-0.01970039,0.10179942,0.082917295,0.02928662,-0.050351545,-0.002662434,0.21245028,-0.14784697,-0.10251335,0.15973683,0.11780751,-0.06808343,-0.08052925,-0.1108315,0.06531019,0.04899801,-0.23032527,0.11458506,-0.0704482,-0.0006210773,0.010134906,0.09972464,-0.03245256,-0.02557465,-0.14564212,-0.06400845,0.17757389,0.1129947,-0.15368062,0.09173833,0.07381633,0.18134534,-0.02479139,-0.030022042,-0.21742547,0.091653645,0.067409456,0.09156175,0.0029710503,-0.09649884,-0.061013427,0.22575878,-0.1300835
TCGA-A2-A4S2-01A,0.06997683,-0.10445811,0.030248636,0.080453984,-0.057639398,0.117285684,-0.018590644,0.01126043,-0.025061592,0.073187694,-0.03003027,0.076183215,0.0047228243,0.16173847,0.10081907,0.02773974,-0.024434414,-0.021923788,0.034600172,-0.04976879,-0.11952864,-0.14953318,0.0061397157,0.07812065,-0.015898185,-0.11027879,-0.14957014,0.09227277,0.12318801,-0.11438003,-0.17057411,0.02145243,-0.120312646,-0.23429193,-0.13271011,-0.15418363,0.027151262,0.021333164,-0.09233668,-0.16246803,-0.017280167,0.06266663,0.054128204,-0.085329436,0.06969419,0.0024533782,0.14591415,-0.09642301,0.043889366,0.12701719,0.11601993,0.0017050256,-0.0028638102,0.12746738,0.0035320383,-0.017104637,0.0063096657,-0.063017905,-0.039649907,0.0979062,0.04828653,-0.01815997,-0.17179726,0.1271474,0.071176924,-0.061770074,0.07006796,-0.023727864,-0.14143938,-0.0042559444,-0.1275098,0.1301155,0.009316603,-0.3334026,0.14838971,0.051907994,0.085942686,-0.088735595,0.3092565,0.02808719,-0.07862396,-0.10421269,-0.018211748,0.051786106,-0.09042029,-0.090544015,0.0034787182,0.07699966,0.2483657,-0.0029487319,-0.050260697,-0.072032936,-0.032706782,0.096238926,-0.0073544206,-0.030846918,0.021132307,0.0931285,-0.0056516808,-0.07044796
TCGA-EW-A1PA-01A,-0.15579304,-0.091358416,0.0847669,-0.026186256,0.05914214,0.15926667,-0.036004566,-0.04214573,-0.10415909,-0.0021453027,-0.04911873,-0.08419795,-0.09247262,0.27761003,0.114110865,0.020083535,-0.1170839,0.13858743,-0.039850548,-0.051813375,-0.0039789537,-0.036737908,-0.04884889,0.13060145,0.06457625,-0.052764297,-0.1061388,-0.050891314,-0.044814866,-0.06135015,0.04474403,0.10437142,-0.14967552,-0.08816957,-0.08160342,-0.07411361,-0.18123792,-0.07157866,0.045387108,-0.022386882,-0.0067399596,0.10981551,0.16731477,-0.14356907,-0.021788828,0.05062697,0.0076267957,0.078671955,0.071510136,0.095038936,0.064143516,0.09590208,0.07161544,0.21040128,0.06503994,-0.037758872,0.13594945,-0.04248748,0.025791682,-0.04446375,0.0024019007,-0.088207036,-0.119093105,0.14758705,-0.0039247232,0.10722992,0.06422025,-0.006665956,-0.101470344,-0.115189895,-0.22179678,0.11262268,-0.0038960683,-0.1448825,0.20606397,-0.047049318,-0.019209092,0.052249145,0.1729547,-0.22403142,0.10633153,-0.14270645,0.041714173,0.038956568,-0.049281023,-0.007863545,-0.10683335,0.10294443,0.16471227,-0.057364862,0.05417279,-0.019755073,0.17383415,0.042761803,0.16288608,-0.03808528,-0.019528808,-0.048529886,0.02625558,-0.044860326
TCGA-AC-A62Y-01A,0.065830305,-0.08930069,-0.0922419,0.15149318,0.016090246,-0.01816931,0.029516296,-0.008593853,-0.104271725,0.06921109,-0.0020349147,0.115722716,-0.0772407,0.21389517,0.023725975,-0.12796482,-0.03333872,0.007080719,-0.028142823,-0.10660709,-0.108292826,-0.0118853515,-0.13057396,0.072348095,0.03275155,-0.055402625,-0.13936912,0.0028373818,-0.03386002,-0.09746631,-0.026911763,0.050747845,-0.102812104,-0.19516747,-0.06359926,-0.09451223,-0.022872923,0.041613165,0.049093235,-0.116066866,-0.044653792,-0.041472778,0.218725,-0.1494876,0.028736535,-0.093956664,-0.054071717,0.07068496,-0.05029688,0.14809366,0.057370353,0.03896151,0.098255605,0.04694315,-0.08151086,-0.08534896,0.12171262,0.072022535,-0.086783044,0.20379117,0.13021213,-0.072550625,-0.17517897,0.11755795,-0.02927098,-0.17626001,0.1942266,-0.014780594,-0.026007725,-0.07078149,-0.2269634,-0.03406882,0.018965099,-0.24648513,0.09919253,0.020255292,-0.018088069,0.118682615,0.042275473,0.018926427,-0.068897404,-0.12977463,-0.025384555,0.021695716,-0.0061667506,-0.030476877,-0.034093477,-0.0119597465,0.10913607,-0.021445,-0.0024929154,-0.24662307,0.13438822,-0.026515422,0.10015268,-0.15012795,-0.13020447,0.061713487,0.15162563,-0.022132974
TCGA-BH-A208-01A,0.019460192,-0.021933734,0.0664266,0.0774617,-0.017238734,-0.044547223,-0.013474703,0.020498145,-0.06918966,0.11684551,-0.11430613,-0.04295879,0.0950063,0.15778999,0.052679617,0.090038665,0.017508918,0.18706541,0.059712514,-0.08506994,-0.012730957,-0.16968003,-0.07613919,0.11967467,-0.19069277,-0.09787203,-0.1895388,-0.16424404,-0.06926226,-0.09511107,0.07843065,0.09326357,-0.073874965,-0.22199616,-0.06628336,-0.16664994,-0.0789158,-0.11347614,-0.04618656,0.008246077,-0.005219873,0.10573854,0.19865204,-0.05820536,-0.032853566,0.011900035,0.034364454,-0.056958027,0.08998318,0.19294958,0.07392151,-0.041720584,0.21422248,0.05925123,-0.01773811,-0.16664898,0.21238081,0.027363887,-0.07869649,0.028169742,0.061392676,0.01569727,-0.08358913,0.10175816,-0.0012711048,-0.085183464,0.1401692,0.029457247,-0.06023132,-0.09616166,-0.16750994,-0.07125432,-0.07281865,-0.21643125,0.104560874,0.05296883,0.018110804,0.0408855,0.20519581,-0.029586919,-0.057632178,-0.16443491,0.039640147,0.09878659,-0.025553692,-0.14654315,0.009788267,0.08879471,0.05000826,-0.12003937,0.03707773,-0.06817486,0.1380973,0.026790613,-0.005609022,-0.02213697,0.040009048,-0.0038301658,0.018671853,-0.034449197
TCGA-C8-A1HK-01A,0.10826522,-0.10027434,0.10775757,0.02050658,-0.03279419,0.0883342,-0.051369265,0.009963803,0.028691303,0.13057864,-0.044783078,-0.025688324,0.032465115,0.31781766,0.27256212,-0.034889203,0.081647135,-0.01086626,-0.045641027,0.03107654,-0.008655646,-0.035927203,-0.016129749,0.08020225,-0.023715807,-0.1560262,-0.10744119,0.0046479604,-0.03356312,-0.08975339,-0.030757537,0.07155377,-0.09241498,-0.17422636,-0.09073451,-0.15569317,-0.048490103,-0.058627345,-0.0308037,-0.10791433,-0.036945086,0.15036155,0.09253046,-0.038389243,-0.10263877,-0.014141627,-0.11619826,0.028858505,0.027553463,0.06648537,0.11553359,-0.0424528,0.021268466,0.1538595,-0.13176586,-0.01902796,-0.005866806,0.06308865,-0.12992552,0.06384028,-0.025592173,-0.044922158,-0.10909826,0.1647711,-0.09050933,-0.07073103,0.2523256,0.02598126,-0.0753216,-0.10001867,-0.094377674,0.17432357,-0.01567722,-0.27396688,0.09608927,0.051356804,-0.026985165,0.04754553,0.11716756,0.029660292,-0.04126082,-0.14034231,-0.03974978,0.100973584,-0.033073734,-0.12143908,0.0019208966,0.1035261,0.17201225,0.0070033986,0.09204457,0.035232794,0.078330204,0.10026185,-0.044269867,-0.12127845,0.099314064,-0.09760975,0.11495839,-0.08554391
TCGA-A2-A0T6-01A,0.038015712,0.012563349,0.11649593,-0.07836953,-0.060713712,0.061180532,0.05743653,0.09310091,-0.035136666,0.17373666,-0.06068153,0.03909395,0.053079043,0.14458756,0.10429232,-0.06813841,0.009290065,0.06885392,0.06660792,-0.11676064,-0.03550237,-0.009871494,-0.0601603,0.021046903,-0.061162334,-0.15761751,-0.20784947,-0.097281486,0.05686008,-0.10765904,-0.12430498,0.13848472,0.0065390896,-0.33248922,-0.1718796,-0.10250717,-0.13733502,0.04701183,-0.032455385,-0.13868234,-0.113947116,0.07675204,0.0989548,-0.117952354,0.025427602,0.021169089,0.051232643,-0.080562904,0.0922264,0.08635408,0.11382923,-0.05917353,-0.014855095,0.08390073,-0.12705563,0.14401512,-0.027187284,-0.18933775,-0.027813954,0.020054618,-0.008024772,0.013602277,-0.063533895,0.21048573,0.07854897,-0.018244585,0.10666714,-0.14898013,-0.041611414,-0.085946456,-0.13393229,0.011510277,0.04667815,-0.15114465,0.2147646,0.14439492,0.05007721,-0.060152072,0.14656486,0.09902947,0.010136715,-0.10323964,0.021880396,0.09530222,0.10436004,-0.07916038,-0.042150844,-0.047569472,0.15091181,-0.10954069,-0.005892891,-0.06680031,0.026725175,-0.011909685,0.12823512,0.002157662,-0.11771185,-0.077776,-0.009780433,0.043783795
TCGA-AR-A1AK-01A,0.00015800766,-0.033087473,0.15692276,0.17316118,-0.026163543,0.02799545,-0.044158105,0.038177267,-0.043634787,0.021160211,0.12410897,0.015405862,-0.03661782,0.23154163,0.11738143,-0.04065312,0.1353671,0.13752806,0.089488305,-0.17838714,-0.01838628,-0.08959738,-0.057901368,0.078936376,0.15876454,0.0066490616,-0.31226897,0.04802118,-0.043133676,-0.00422819,-0.06894473,-0.010562587,-0.22617024,-0.07020715,-0.0668724,-0.12243389,-0.07946572,-0.04740549,0.069682576,-0.0057355138,0.006829032,0.1480437,0.07336333,-0.06543659,-0.06984434,0.10369478,0.04718345,-0.012360422,0.05789375,0.15292877,0.047445387,0.18725549,0.06909409,0.012026556,-0.057897568,0.0012237102,0.017893955,0.011053761,0.02624081,-0.056863014,0.0833723,-0.12854926,-0.03823704,0.024670612,0.125949,-0.10024773,0.18460566,0.17801896,-0.059555307,-0.10582575,-0.20610645,-0.018186077,-0.07859215,-0.19858839,0.14993398,0.022895105,-0.082910754,0.049673036,0.08996113,0.036503527,-0.03248409,-0.03844696,0.103564925,0.0977323,0.037856974,-0.01964659,-0.024011446,0.07544683,0.18693437,-0.15598933,0.018938702,-0.16280955,0.07717715,0.01777552,0.055637762,-0.08205887,-0.047875937,-0.033500068,0.0653884,-0.076729566
TCGA-E2-A1IH-01A,-0.0517727,-0.05728454,0.16527005,0.084287785,0.018141367,0.0745568,-0.069966406,-0.023134483,-0.14182866,0.15986058,-0.016121946,0.049245298,0.06995688,0.17260128,0.15221478,0.13757168,0.004866913,0.0030467194,-0.05361576,-0.09195463,0.0072100135,-0.10580091,-0.02369565,0.050853275,-0.00517592,0.09922788,-0.21903598,-0.09949613,0.019849934,-0.060200516,-0.016479308,0.04119428,-0.11487256,-0.23908143,-0.11865135,-0.03337043,-0.042385716,-0.025416985,0.024131121,-0.038676832,-0.0799495,0.1865993,0.120588385,-0.06900627,-0.082591414,0.053895675,0.085693814,-0.017779691,-0.03007206,0.21990548,0.21046703,0.045559432,0.05275728,0.10919831,0.07715168,-0.04349793,0.16684297,-0.083621986,-0.021038111,0.097195856,0.10830288,-0.12692441,-0.20265451,0.10010669,-0.06923209,-0.0029534008,0.1745758,0.0544419,-0.11270407,0.04946307,-0.26581037,0.073476955,-0.06498266,-0.19434166,0.04603939,0.008758335,-0.02098174,0.052729595,0.11033073,0.005392615,0.1037664,-0.08669682,0.033222668,0.08450319,0.04811368,0.004253398,-0.030490663,0.12209697,0.058962278,-0.042224713,-0.03108487,-0.077701055,0.05606702,0.09862066,0.12621525,-0.078092195,-0.13770564,-0.10829348,-0.012119023,-0.04599707
TCGA-AR-A0U2-01A,0.08040359,-0.09706795,0.18447629,0.112792194,-0.010927838,0.14286979,-0.019138219,-0.10448205,-0.11196688,0.090750515,-0.013365642,-0.018936358,-0.05614088,0.18043384,0.12393512,0.010904627,0.019910468,0.043450095,0.04539603,-0.1254514,-0.037715945,-0.039962407,-0.13838449,0.059147194,-0.065460466,0.012793346,-0.030933885,-0.04817147,-0.014350728,-0.038088445,-0.119161814,0.037174672,-0.03867831,-0.20807555,-0.055351585,-0.117303826,-0.1066216,-0.059102062,-0.036044702,-0.13800661,-0.0027389477,0.010680682,0.055744845,-0.13367383,-0.069543146,-0.1627419,0.1136882,-0.0053662374,-0.0008416818,0.15134437,0.12002372,0.088406034,-0.002626792,0.14201567,-0.0014070971,-0.023688538,0.13758436,0.06572535,-0.020720428,0.037434243,0.047392778,0.05292255,0.011035617,0.03330014,-0.012769884,-0.14718415,0.22091861,0.0071878866,-0.04881073,-0.11654522,-0.19347572,0.05420026,-0.084340125,-0.3188325,0.07490271,-0.0040744394,0.06714468,0.020480342,0.09932316,-0.09445788,-0.022131246,-0.181966,-0.07246549,0.16021073,0.013316303,-0.11355824,-0.042476054,0.09772244,0.2556058,0.010715204,0.20596276,-0.15075812,0.031528234,0.04362586,0.035001665,-0.00489585,-0.05859238,0.014498064,-0.032384872,-0.09697632
TCGA-D8-A1XG-01A,-0.02750952,-0.14464192,0.105613045,0.09644577,0.039492384,0.05156701,0.0060322015,0.06852214,-0.03198648,-0.0534714,0.037257265,0.079643115,0.051390808,0.15790403,0.1840336,0.0052306163,0.069413126,0.0622492,0.047232483,-0.2459802,0.03753493,-0.11880607,-0.0763673,-0.0037045267,-0.15750924,0.03140314,-0.14936467,0.026687182,0.107224405,-0.0052370355,-0.15587984,-0.06963287,-0.1954687,-0.14951868,-0.14953834,-0.112287946,-0.10026611,-0.061417855,-0.034871683,0.0330759,0.0525943,0.083286785,0.14686649,-0.1524099,-0.13997194,-0.10102062,-0.083840914,-0.0087834215,0.039775733,0.12959051,0.15661168,0.024565615,0.10829928,0.21178564,-0.012200233,0.045977954,0.014410277,0.009360232,0.06431828,0.07859265,0.12732142,-0.10467567,-0.18058893,0.092481844,-0.019187527,0.039607167,0.1461648,-0.057515606,-0.0156171415,-0.06479079,-0.090941034,0.05457317,0.05885437,-0.19451119,0.21397567,0.05746502,0.0198638,-0.038881186,0.12056965,-0.030951813,0.03275294,-0.020248314,0.022144875,-0.07624199,-0.06760851,-0.19990185,-0.045904744,0.15366338,0.19159842,0.045651123,0.056426782,-0.04358524,0.10592343,0.08115735,-0.016516406,-0.08733905,0.051774308,-0.09297561,-0.010733279,0.0050636083
TCGA-AR-A0TX-01A,-0.13099304,-0.08977153,0.04836599,0.16495994,-0.028445696,-0.00015538133,-0.15906744,0.005056554,0.08443803,-0.0029524353,0.09742432,0.014036434,0.0022700178,0.15101276,0.20286937,0.033382427,0.07283987,0.11321677,-0.10347589,-0.17146719,-0.08817834,-0.12166151,0.015783848,0.13410524,-0.014352503,-0.046835054,-0.14057052,-0.050530877,-0.049603794,-0.14546269,-0.18702897,0.020578703,-0.021181868,-0.19473952,-0.106771946,-0.019379573,-0.07307248,0.030830111,-0.012451651,-0.06063434,-0.10002331,0.13510467,0.10926315,-0.0673418,0.1066009,-0.028216695,0.07472303,0.047688626,0.12919065,-0.0011220957,0.22185096,-0.006194779,0.091098785,-0.038662557,0.037295092,0.052605767,0.056232654,0.16021368,0.017354656,0.121247806,-0.006832284,0.105462454,-0.08407483,0.025030887,-0.045425553,-0.0013534484,0.2656652,-0.010058634,-0.028752176,0.03140063,-0.21173483,0.16482514,-0.019631898,-0.17080902,0.1392826,-0.07571217,-0.09459474,0.07973379,0.19694148,-0.07554203,0.0022852963,-0.16526505,0.01115532,0.08414329,0.08794656,-0.079372644,-0.014629247,0.054834608,0.10119699,-0.08257958,0.020345034,0.040196326,0.15375808,0.05894251,0.025182957,-0.13593027,0.005666176,-0.040516306,-0.035004247,-0.075839214
TCGA-D8-A1X5-01A,0.042126145,-0.01388732,0.11635124,0.04930061,0.06773226,0.046654325,-0.052970883,-0.01676634,-0.14378397,0.11127147,0.063761644,0.02086029,0.030202108,0.2553731,0.18447615,0.032053877,0.044257898,-0.0017402602,0.013957671,-0.13633147,-0.11739727,-0.090260305,0.05160974,0.07436462,-0.022228122,-0.07998831,-0.2641016,-0.09109918,0.12910008,-0.073350824,-0.07233965,0.030527037,-0.061434355,-0.13074884,-0.21803625,-0.17868118,0.014875806,0.066451356,-0.06759457,-0.01116243,-0.048192866,0.072594196,0.172927,-0.12783304,-0.06530458,0.07196429,0.0134312725,-0.12665862,-0.023079162,0.16535021,0.07896296,-0.07337422,0.05065436,0.00981477,-0.015195572,0.019046525,0.021243604,0.0757423,0.11197169,-0.020161122,0.033250872,-0.1197473,-0.17021725,0.16535825,-0.033634,-0.058074053,0.14722668,-0.1364365,-0.16055277,-0.030436065,-0.16385087,-0.04538819,-0.00039824666,-0.23491335,0.10574024,0.08952895,-0.0755604,0.0032772967,0.08726917,0.06507423,0.12226535,0.0006331952,-0.05354403,-0.028279053,0.044423822,-0.07991885,0.0642862,0.1444553,0.08189334,-0.02752149,0.15088049,-0.03691913,0.20126766,0.09687257,0.033085473,-0.09034239,-0.07092847,-0.006394826,0.0749641,-0.029546015
TCGA-BH-A1FN-01A,-0.08919238,0.06902031,0.16981351,0.039687626,-0.024381632,0.026392683,-0.036591455,0.009404624,-0.23131187,0.10674729,-0.09490514,-0.040781878,0.089062974,0.24394107,0.0701738,-0.023451952,-0.0034219262,0.058930848,-0.010254985,-0.068468474,-0.05906934,-0.07610294,-0.10903436,0.051134754,-0.0055458234,0.0417084,-0.29571745,-0.035135917,0.0678972,-0.12653303,-0.094874695,0.14649302,-0.07518004,-0.09946045,-0.10548774,-0.10235021,-0.08247722,-0.02157393,0.0063508824,-0.13183826,-0.11414696,0.10956597,0.13025384,-0.121163696,-0.10313576,-0.0055149063,-0.019143589,-0.041522812,-0.11199217,0.044322774,0.054564197,0.014790179,0.013331525,0.066401795,-0.03997902,-0.054339595,0.19180223,0.013275966,-0.048553284,0.036323532,0.042458445,0.04216677,-0.18245097,0.04069616,-0.0716073,-0.015628824,0.27118486,0.08126488,-0.11727973,-0.08939233,-0.09960521,0.0066106003,0.010548421,-0.19434477,0.19645289,0.01954883,0.0131194275,0.064855926,0.1110411,0.016816495,-0.020362968,-0.1533401,-0.049012892,0.04524314,0.079527244,-0.16498993,-0.06176635,0.06084098,0.17370258,-0.009028811,0.17130823,-0.087229185,0.043008596,-0.014906649,0.06990228,-0.078456394,-0.07544975,0.11517574,0.10584209,-0.06152941
TCGA-D8-A1JB-01A,0.04766945,-0.032794062,0.29800707,0.042262692,-0.026076399,0.03953806,0.057902098,-0.08236162,-0.031435844,0.00889919,-0.009814149,0.010852919,-0.06863812,0.21097232,0.15274328,-0.01928726,0.035236955,-0.050733943,0.011980291,-0.16639619,-0.032961097,0.046287037,-0.0016794731,-0.022290464,-0.10454108,-0.081632406,-0.15383974,-0.0901683,-0.111761205,0.024877476,-0.04324671,0.067394614,-0.11065443,-0.19627473,-0.14316097,-0.13785848,0.06738452,-0.12786461,-0.025668472,-0.05163563,0.015920684,0.06377536,0.18442133,-0.031408288,0.10313435,-0.051394433,-0.012140884,0.27213913,-0.009791273,-0.05601483,0.0851785,-0.0014443457,0.115299165,0.06080922,-0.022294823,-0.05487573,0.04402443,-0.0048857587,-0.09032446,0.12330621,0.076187365,0.08409613,-0.13750611,0.04780116,-0.047975026,-0.018470917,0.13191868,0.026795521,-0.1191076,-0.07302057,-0.09727824,-0.032553542,0.003379246,-0.27720222,0.16973524,0.004309387,-0.040288214,0.08457775,0.12809417,-0.052628722,0.07040157,-0.023039548,0.14846532,-0.048655305,0.00012181658,0.0123082595,-0.0805237,0.10510824,0.18556902,0.056175847,0.03979312,-0.1485523,0.1472018,-0.014188652,0.18045157,-0.15927047,0.012033264,-0.06540655,0.016389221,0.07589901
TCGA-5L-AAT0-01A,0.10643636,-0.059655856,0.24281994,0.060295075,-0.05718029,0.034111403,-0.1042965,-0.0046112216,-0.09707249,0.01633637,-0.13403383,-0.046663787,0.09895115,0.19802287,0.0246384,-0.022153188,-0.021119703,0.06528379,0.005675136,-0.13905218,-0.0057970816,0.020019865,-0.045752227,0.055432692,-0.056754094,-0.05942295,-0.22128509,-0.073376656,-0.004813841,-0.024652863,-0.13524316,0.10875043,-0.0081440145,-0.076578066,-0.12148821,-0.11574962,-0.21998222,0.025169978,-0.0589303,0.053230196,-0.01834866,0.100526,0.23995607,-0.055898055,0.097101726,-0.05024644,-0.025771065,0.11235194,-0.032830894,0.023549084,0.13158733,0.015155941,0.0008774188,-0.014911334,0.026469372,0.031502955,0.18636055,0.13012809,-0.052526027,-0.082060315,0.06367779,-0.0076112626,-0.12774418,0.060988452,0.026236376,-0.04980744,0.14091492,-0.09790707,0.010059423,-0.16599213,-0.09840507,0.015044106,1.874647e-05,-0.31995416,0.23942728,-0.09080366,0.033684492,0.01602338,0.13101013,0.067425735,0.034371216,-0.091278635,-0.11030786,-0.0115005225,-0.20522429,-0.023955062,-0.07249006,0.060366504,0.15414394,-0.044384126,0.041705795,-0.09082636,0.06817823,-0.02538519,0.10279795,-0.11306736,-0.043485343,0.044063352,-0.06806361,-0.077864654
TCGA-D8-A1XU-01A,0.07741467,-0.15175563,-0.017914245,0.067484304,-0.03983732,-0.048301272,0.04094967,-0.014588133,-0.07201459,0.11318733,-0.05819924,-0.014821747,-0.04504156,0.17092621,0.13871667,0.032373752,0.05539935,0.10851187,-0.027733404,-0.29439008,0.031100655,-0.08261493,-0.053058878,0.16238984,0.022794496,-0.18941063,-0.24795657,-0.10579779,0.037737638,-0.1861307,-0.0597147,-0.06737084,-0.112908006,-0.040716004,-0.12872094,-0.14279823,-0.13620108,0.08965236,-0.08848403,-0.07270471,-0.048125178,0.10747971,0.1381638,-0.049617212,-0.114409715,-0.05449739,-0.016477043,0.05145244,0.051535547,0.09414388,0.09779099,0.13548528,-0.030201307,0.04290231,-0.014518837,0.021658596,-0.07709041,-0.12256614,-0.07210783,-0.058237366,0.07641774,-0.06373529,-0.06562701,0.0400041,-0.15087974,-0.05160238,0.11630468,-0.07232449,-0.0035683296,-0.0018912802,-0.1395488,0.15637535,-0.015187488,-0.25669402,0.15928106,0.07415849,0.012929755,-0.01572269,0.12872684,0.020371685,0.024628686,0.0337509,0.12302391,0.0022380159,-0.056878727,-0.0058175446,0.056625888,0.17626783,0.04166752,-0.022238053,0.015890764,-0.10390172,0.16891572,0.095581464,0.11338664,-0.08010576,-0.14215665,-0.10682491,0.009107195,0.04551148
TCGA-A1-A0SH-01A,0.012432113,-0.13579644,0.19064273,0.06098147,0.004219,0.1258679,-0.031544253,-0.015286278,-0.08553578,-0.005642199,-0.006669675,0.060243864,-0.074814856,0.07673996,0.142286,-0.0014489887,0.02549265,0.08223758,-0.09197135,-0.21072195,-0.039130837,-0.018250303,-0.055337712,0.14655143,-0.023351854,0.03004079,-0.24817158,0.02339868,0.01990322,-0.11099123,0.045926254,0.147029,-0.15889671,-0.18732104,-0.28841597,-0.1451209,-0.027442243,-0.12977442,-0.027110323,0.03992339,-0.055152733,0.11140164,-0.027602186,-0.05942759,-0.080806725,-0.18005554,0.119785026,-0.016605921,0.10550299,-0.01903624,0.07498675,0.05734102,0.016096402,0.037230108,0.061569363,0.022257335,0.10832118,-0.09527293,-0.15060031,-0.07273261,0.14038214,-0.0100261625,-0.06866276,0.091316,-0.04317141,-0.04949393,0.19144398,0.012661126,-0.14879471,0.07313127,-0.1471733,0.025455467,0.038884655,-0.18909715,0.046056688,0.09299963,0.038072173,-0.02125915,0.18569784,-0.058343686,0.02933567,-0.03642747,-0.08503497,-0.022983097,-0.11055873,0.058372643,0.078414,0.018072274,0.19193962,-0.15906374,0.10623493,-0.046533503,0.0792813,0.03558666,0.0016508154,-0.1373969,-0.050750107,-0.03258002,0.111901134,-0.0015167797
TCGA-BH-A204-01A,-0.054107223,-0.0954011,0.10421344,0.03178243,-0.040889245,0.06655574,0.24088301,-0.06589962,-0.08465639,0.14761852,-0.050602857,0.06011794,0.09745424,0.24676006,0.14955774,0.0069643245,0.05398092,0.07213813,-0.037113257,-0.19822134,0.039648425,-0.06081559,-0.07520612,0.114233844,0.00933519,-0.0676639,-0.25501913,-0.1055405,-0.042874932,0.011372579,-0.042591296,0.06297636,-0.13721742,-0.13294332,-0.09891251,-0.118427955,-0.00027887465,-0.05265902,-0.024207054,-0.04573646,0.0054203286,0.0029850153,0.21307844,-0.087491125,-0.07751458,-0.09639176,0.14200954,-0.07385166,0.047992725,0.13548873,0.08772357,-0.016302548,0.13313706,0.08875226,0.002516507,0.05240353,0.08562219,0.014360294,0.061598968,0.15540273,0.045263626,-0.0577512,-0.08227909,0.11549483,-0.014546929,0.09768781,0.105758265,0.048881292,-0.06350918,-0.047690816,-0.21313672,0.11976572,-0.044209115,-0.1904778,0.15358765,0.059089344,-0.06461734,-0.065559566,0.19917578,-0.019276233,0.016060296,-0.08057536,0.08145609,-0.0002969338,0.1509795,-0.042307843,0.00074248057,0.038466424,0.11581279,-0.13118315,-0.025791746,-0.02119441,0.15821147,0.06615179,0.10869784,-0.019065008,-0.029792748,0.040573794,-0.027833303,-0.145926
TCGA-B6-A0WV-01A,0.026618036,-0.11677956,0.07332764,-0.095082104,-0.054589737,0.06478315,-0.023893615,-0.08631885,-0.033554856,0.14306474,0.011551264,-0.051025465,0.11470202,0.13860404,0.15921082,-0.0481938,-0.0017120691,0.10391913,-0.07779051,-0.09183538,-0.18564571,-0.07289529,-0.04711658,0.01869744,-0.007090676,0.016028201,-0.14277007,-0.09728083,-0.017329926,-0.025632815,-0.06011056,0.016136594,0.0114018675,-0.18811454,-0.07835723,-0.13889632,0.08240216,-0.019488199,-0.12274633,-0.11507554,0.14551334,0.032039847,0.266696,-0.06825392,-0.06978123,-0.08282211,0.08404843,0.051767137,0.0527834,0.06240577,0.12543873,0.04717459,0.029103808,0.008369007,0.029413864,-0.0182613,0.13113229,0.006108002,-0.035410244,-0.09423979,0.06358195,-0.0460093,-0.026780177,0.2583138,-0.0025663027,-0.13259743,0.30697432,-0.066593416,-0.074592225,-0.08569526,-0.11347814,0.007498376,-0.10659565,-0.11856866,0.17059982,-0.053281218,-0.035403654,0.06156282,0.2389977,-0.005022113,0.050272938,-0.038397692,-0.0070734755,-0.020436492,0.0057104435,-0.071985535,0.032436416,0.13580662,0.15540993,0.008299393,0.11292314,-0.099803194,0.03730752,0.06503394,0.15873598,-0.13160887,-0.08182075,-0.08026907,0.15963085,-0.03020058
TCGA-E2-A573-01A,0.0048221103,-0.1190246,0.11944059,0.08157806,-0.092759624,-0.0565291,0.020239739,0.05769557,-0.04752712,0.092221744,-0.0956513,-0.030962521,0.049497794,0.20708229,0.07114533,0.13356502,0.021789601,0.1112565,0.089482,-0.1943781,-0.01123619,0.040878035,-0.14116222,0.08983874,0.047601186,-0.0383173,-0.21999632,0.018853718,-0.03543278,-0.18443264,-0.0630526,-0.09868306,-0.061712325,-0.16401705,-0.023093648,-0.09841703,-0.012077773,0.012286365,0.1141507,-0.013120235,0.01826881,0.07513362,0.21555305,-0.19549134,0.061495088,-0.0028240625,0.012044362,0.049969558,0.045268238,0.0507224,0.2564846,0.0047920155,0.038765606,0.09231683,-0.04037467,0.027850403,0.019810233,0.03821558,-0.01708916,0.05171942,0.06882337,0.06353264,-0.09978423,0.14647084,-0.036397755,-0.022610333,0.16432528,-0.01128965,-0.068560794,0.06272232,-0.20660411,0.05089654,-0.038900614,-0.19812281,0.15034108,0.10886878,-0.14753221,-0.10909712,0.18154427,0.043396186,-0.026061183,-0.034189776,-0.054643825,0.12117762,-0.093469605,-0.071459964,-0.08757723,0.085137725,0.15335992,-0.08348651,-0.04900836,-0.11765396,0.16669248,0.05233296,0.01345218,-0.0397003,-0.015681628,0.0312776,0.042412706,-0.18446249
TCGA-BH-A8G0-01A,0.0136752585,-0.18833867,0.084498785,-0.007919493,-0.041452646,0.06956196,-0.06498475,0.018980023,-0.04686895,0.059009757,0.040512875,-0.050608374,-0.014930035,0.2083827,0.15472712,-0.029863838,-0.019121965,0.055396218,-0.056258176,-0.048464794,0.0138027165,-0.05790946,-0.023024462,0.08468752,-0.08652199,-0.010016847,-0.16522819,0.022012822,0.07724677,-0.03146714,-0.14123246,-0.0993098,-0.21649246,-0.071609706,-0.18067494,-0.08083199,0.032387353,-0.11840507,-0.016049959,-0.08673948,-0.008529129,0.044590928,0.12916209,-0.04035883,0.00044454035,-0.064658016,0.121905334,-0.0039259153,0.067541316,0.023152,0.13088553,-0.017900327,0.08404215,0.079528205,0.037006322,-0.03529102,0.16814028,0.04865963,-0.0030037318,-0.025297437,0.118388765,-0.06047625,-0.0093787,0.030414842,0.06748765,-0.08475481,0.123810485,0.07584038,-0.14229418,0.059927028,-0.19122069,0.029852897,0.08747923,-0.36559364,0.10622629,-0.15029913,0.061002634,0.0036092722,0.12227839,-0.13309656,0.04830049,-0.15982148,0.04677086,0.03441129,0.09104647,-0.05731863,0.10719917,-0.021187663,0.21145743,0.033391513,0.0058427127,-0.11684374,0.16635512,0.086614214,0.059092242,-0.09834789,-0.21526402,-0.0641674,0.11271033,0.042974986
TCGA-E2-A1LK-01A,-0.08176526,-0.022626305,0.18766667,0.05638422,0.0029556593,0.11059491,-0.042604674,-0.004958615,-0.07751928,0.08844724,0.01005708,-0.097406864,-0.083732456,0.21863812,0.08268506,-0.017689109,0.033856284,-0.012600082,0.005333315,-0.12887646,-0.111253895,-0.12528136,-0.08543371,-0.034476977,-0.0444538,0.011807059,-0.25976107,0.00091344555,-0.010792545,0.0025402238,-0.073931776,0.0053370697,-0.085426845,-0.11877506,-0.17086811,-0.14247465,0.068364814,0.10514504,-0.09181299,-0.023524003,0.031040108,0.037384752,0.049116228,-0.032531727,-0.14632373,-0.018999856,0.070324264,-0.05456771,0.078920916,0.07750193,0.088437356,0.11534051,0.004813365,0.13491893,-0.06134898,-0.122144915,0.23227295,-0.045679837,0.008151933,0.13713014,-0.04330454,-0.059497777,-0.092698604,0.16662362,-0.022577107,0.011764906,0.17713624,-0.056678466,-0.16227451,0.03959508,-0.27257046,0.08631657,-0.088948525,-0.13169211,0.14580874,-0.006421911,-0.018712142,0.13150486,0.1467921,-0.0076079173,0.03289838,-0.06211747,-0.005964687,0.14067324,0.005824622,-0.13836144,-0.024228102,0.08637114,0.12877041,-0.06924384,0.06398223,-0.18508403,0.11425762,0.068173945,0.08939924,-0.08688772,0.026804756,-0.121467985,0.053476956,-0.114700206
TCGA-D8-A1JK-01A,0.040844902,-0.049345046,0.0049449173,0.06753753,-0.056397967,0.11312815,-0.057750545,0.1252169,-0.084308475,0.17668132,-0.021321634,-0.032133155,0.082689345,0.29776648,0.13123219,-0.14313436,0.03355083,0.06611195,-0.07215425,-0.010145492,-0.12325081,-0.15475498,-0.19722106,-0.031182623,0.0060342927,-0.059538744,-0.15915675,-0.056311227,0.014529893,0.03502499,-0.03902986,0.16184708,-0.06813989,-0.18753436,-0.18041861,-0.06776497,0.0020887395,0.013673217,-0.08853032,-0.10299735,-0.015319081,0.16847718,0.17740734,-0.052662272,0.016605426,0.083633795,0.06439815,0.010053409,0.041525226,0.07451732,0.0454827,-0.10498048,-0.000809946,0.078715615,-0.035127025,-0.02162096,0.09914689,0.003846072,-0.14673474,-0.014028393,-0.018706338,-0.022301232,0.025492119,0.09107761,-0.075932406,0.007098307,0.23113379,-0.08355345,-0.12642042,-0.028642096,-0.17194267,0.017558206,-0.05112409,-0.0978272,0.23796946,0.0007798282,0.018034223,0.12600589,0.20347309,-0.020097412,0.09471499,-0.1056208,0.042467237,0.050897527,-0.043869816,-0.036175743,0.041676857,0.11992281,0.15455511,-0.116426,0.03793863,-0.12261859,0.1762996,0.021287713,0.03200027,-0.0927115,0.042724904,-0.032600563,0.0857514,0.061099503
TCGA-EW-A1OX-01A,-0.031329595,-0.019638382,0.12448363,0.11088318,0.025390627,0.05041636,-0.05663511,0.0014930937,-0.22516671,0.06818926,0.07977604,0.059707955,0.008470673,0.16500436,0.12272456,-0.14694844,-0.03065785,0.04946626,0.012779277,-0.12924519,-0.08083352,-0.010506241,-0.014188126,-0.113747105,0.04246049,-0.07097848,-0.052226003,-0.14703032,0.02946239,-0.09582497,-0.0543334,0.039478723,-0.06576857,-0.10057142,-0.112259,-0.21607195,0.009702149,-0.07535613,0.019771025,0.040872198,-0.079229124,0.079745635,0.07738756,-0.057464175,0.051466104,-0.0642805,0.086822644,0.17039144,0.036862433,0.17847458,0.067254215,0.013776314,0.019192504,0.0041445754,-0.06705478,-0.10259136,0.084832765,-0.03926572,-0.0062273005,0.02990691,0.0223588,0.072384685,-0.15583804,0.14756396,-0.047645245,-0.072026424,0.07403732,0.021440681,-0.12496593,-0.10055282,-0.21898656,0.059991527,0.018246094,-0.2205085,0.12107877,0.011997899,-0.072372325,0.011246041,0.30641982,-0.09620298,0.15323061,-0.03537638,-0.046962902,0.08828122,0.041723207,-0.06749172,0.11042402,0.09212236,0.18080935,-0.19783768,0.029621108,-0.08011472,0.17279857,0.08536679,0.006625093,-0.031278364,0.12554969,0.017828405,0.08407137,-0.1505825
TCGA-PE-A5DE-01A,0.019579414,-0.14883901,0.12665655,0.12445296,0.032513753,0.037368957,-0.06264478,0.02305987,-0.00095487654,0.08672703,0.0017654396,-0.040767074,-0.108368,0.15050386,0.18176131,0.01411849,0.04527254,0.019320855,-0.038355086,-0.21705191,-0.20933221,-0.0121418545,-0.19082214,-0.006257263,-0.04896521,-0.06698123,-0.19611268,0.004690254,-0.03040646,-0.11974805,-0.046463016,0.029029539,-0.15107529,-0.10021953,-0.004831303,-0.17180827,-0.037090387,-0.039659835,-0.031167129,-0.044213757,-0.07176124,0.052736133,0.22412947,-0.1337146,-0.11214528,0.0068991277,-0.035530087,0.12246348,-0.039062526,0.028555686,0.011076211,0.027206149,0.09872144,0.09645493,0.13324933,0.016253503,-0.034684286,-0.015853189,-0.032851733,0.09737476,0.0046920176,0.030999877,-0.059427008,0.17800006,-0.09918763,-0.0447029,0.21568845,0.07466788,-0.06768987,0.022748446,-0.24310459,-0.04811352,0.055900466,-0.23071042,0.13956775,-0.01809169,0.01754677,0.044533484,0.05912664,-0.07317321,0.0013163849,0.020604229,0.07601903,0.016059171,0.01395304,0.08687726,-0.043710947,0.1516061,0.2370498,-0.060345262,-0.010590112,-0.024654593,0.2084368,-0.049800545,0.13532989,-0.05784789,-0.0651231,-0.017935164,0.06799246,-0.10617661
TCGA-AR-A5QN-01A,0.012861364,-0.03973231,0.17180464,0.15918365,-0.054987952,0.023137616,-0.11456602,-0.022900594,-0.032634802,-0.005865107,-0.15248102,0.041028753,-0.04099287,0.13573101,0.15337615,-0.044238728,-0.11319542,0.13006675,0.12658975,-0.03764016,-0.009894412,-0.12549965,-0.1252582,0.09410155,0.03262054,-0.025810469,-0.20276195,-0.082540415,-0.061206844,-0.03306153,-0.10295799,0.10618788,-0.02574849,-0.2801207,-0.047200844,-0.1407321,0.09797823,0.066152886,-0.069075406,-0.05738928,-0.15738806,0.09790644,0.083642095,-0.09318211,0.10518738,-0.040304925,0.037609417,0.08323191,0.072636425,0.090764545,0.08286201,0.13543159,0.16825327,0.051298697,-0.023775367,0.07831403,0.12729138,0.07018683,0.0017039789,-0.0073575163,0.054696012,0.020374428,-0.15793923,0.17143221,-0.12530234,-0.0012077736,0.18880384,-0.006338096,-0.1644732,-0.058139477,-0.08597189,0.0952635,-0.051081218,-0.22135371,0.19029824,0.0562481,0.026334062,-0.05918322,0.12140961,-0.063669235,8.812954e-05,-0.08315529,0.07044833,-0.037088763,-0.08604037,-0.17569827,-0.06395427,0.08225168,0.10479725,-0.0021560483,-0.05028618,-0.027638163,0.14181006,-0.017532581,0.11704722,0.05366156,-0.051783804,-0.0924323,0.049616095,0.03834554
TCGA-AC-A3YI-01A,0.019112214,-0.011835534,0.0051979795,0.165322,0.042633805,0.06315308,-0.034210745,-0.019136135,-0.037771113,0.09380053,-0.07182708,0.02624108,0.020544827,0.30841908,0.106731124,0.04308097,0.12873156,0.09650779,-0.05001523,-0.24071167,-0.088749796,0.02071326,-0.10062926,0.14523421,-0.044885825,-0.18082687,-0.21188217,-0.040663976,0.078035004,-0.16000824,-0.09207998,0.005587835,-0.08402148,-0.13764092,-0.18102936,-0.10234171,-0.057828855,-0.1034732,0.010035565,-0.14773516,-0.103811726,0.078268446,0.063537404,-0.0113057615,0.015992308,0.062227078,0.032204434,0.09756415,0.034759812,0.07210482,0.07092449,-0.030363195,0.13416807,0.15564154,0.0060285595,0.059113577,-0.004278681,0.055638406,0.005437962,-0.017831698,0.12439049,0.031045167,-0.14046794,0.086149715,-0.11243449,-0.059440315,0.09103696,0.10934806,0.024141302,-0.060007136,-0.15622236,-0.057378236,0.0037252023,-0.2557782,0.14904037,0.027490266,-0.074125186,-0.010920768,0.1878522,-0.036065333,0.010514721,-0.12944613,-0.0866166,-0.0150576215,-0.021509362,-0.1830601,-0.036799494,0.06510682,0.16437668,-0.054326575,-0.04224926,-0.04154128,0.12364477,0.027892662,0.07048867,-0.11930539,-0.0229361,0.0017958162,0.010869327,-0.11830898
TCGA-A2-A0YI-01A,0.0612449,-0.055852216,0.082167424,0.10610432,-0.080649905,0.02161922,-0.03098681,-0.0036857415,-0.07064517,0.14227012,-0.03308795,0.0060185865,0.0003717034,0.3176788,0.13365088,-0.081261195,0.062184274,0.054196093,0.04282087,-0.20392561,-0.15283619,-0.05964794,-0.02628102,0.061584998,-0.12029107,-0.10203089,-0.17362617,-0.2027158,0.14454682,-0.007026538,-0.08920317,-0.019443111,-0.09089736,-0.1531757,-0.17011783,-0.12873104,-0.11927347,0.015448358,-0.08050811,0.04174456,-0.044183515,0.029201714,0.099119894,-0.13912205,-0.024477972,-0.011123477,0.023149002,0.11051564,0.06582633,0.10746889,0.05333712,0.032698154,-0.04117955,0.20708202,0.015322808,0.038791217,0.11282387,0.059927426,-0.0388574,-0.01864145,0.018174054,-0.038504872,-0.026694678,0.11924957,0.049302746,0.121658325,0.15869826,0.06785439,-0.09511378,0.07913182,-0.1263973,-0.022084363,-0.14043815,-0.27520996,0.11585105,-0.01725958,-0.01618782,0.0034815136,0.21902037,-0.04205957,0.051435005,-0.055570044,0.005902216,0.12770042,0.046094146,-0.13583028,-0.08325502,0.12192661,0.18563013,-0.07297906,0.04614867,0.012845467,0.027063897,0.032849308,0.098038204,-0.009842781,-0.027382461,-0.057072416,0.04300516,-0.0094633065
TCGA-A7-A26I-01A,-0.045156267,0.033623215,0.18761513,0.08049941,0.020847043,0.06847641,0.05893614,0.07027914,-0.08928876,0.06257697,-0.02451232,0.036118932,0.021311896,0.18127327,0.06448912,-0.03126819,0.03705342,0.076005146,0.069426514,-0.23942748,0.0018751036,-0.12142708,-0.12209457,-0.0004982705,-0.036915302,-0.09868326,-0.1628212,-0.048316717,-0.029767036,-0.064652674,-0.14078787,-0.019882848,0.030199252,-0.18707667,-0.07447163,-0.18121034,-0.032857876,0.10943378,-0.08315874,-0.029281888,0.026136464,0.019788656,0.10202766,-0.19285639,-0.03282324,0.048683126,0.09240159,0.031715773,0.070017286,0.12463421,0.21918583,0.019101022,0.023707867,0.11172238,-0.06694689,-0.056021426,0.11905742,0.0040898193,-0.054420013,-0.042509682,-0.019480811,0.087976485,-0.055920254,-0.0044002165,-0.061616655,0.0688895,0.18981531,0.059903637,-0.16165209,-0.08364729,-0.14176697,-0.03391367,-0.06912292,-0.25222158,0.04991587,-0.04605941,0.028487122,-0.03906728,0.22440779,-0.014227149,0.08003941,-0.101059414,-0.13818711,-0.010678019,0.042293254,-0.15704034,-0.038880087,0.081757225,0.13393094,-0.09542455,0.10288517,-0.13321377,0.16945018,0.18011525,0.09886312,-0.054160014,0.03769887,-0.042773154,0.09001866,-0.09569653
TCGA-B6-A40C-01A,-0.060916126,-0.04215448,0.1400124,0.070751965,0.059382122,0.12230321,-0.07291203,0.11187313,-0.09315144,0.01513109,-0.032528866,0.02606607,-0.067065895,0.14738935,0.098937355,-0.24965651,-0.08588977,0.075108975,-0.010597456,-0.039566398,-0.089001626,-0.06338791,0.0026031642,0.027663784,0.056359716,-0.059829585,-0.1417059,-0.03303541,0.032638792,0.023507668,0.010349438,0.013318976,-0.15177685,-0.21296965,-0.04077131,-0.099791735,-0.020323098,-0.0153700765,0.101417705,-0.084990114,-0.07905734,0.078905955,0.13527331,-0.1129197,0.02591605,-0.18208185,0.102485895,0.06443491,0.14691134,0.08037816,0.031726345,-0.03844165,0.07555713,0.05309574,-0.05582163,0.08566357,0.2740449,-0.04534659,0.047586046,-0.08587808,0.07349175,-0.06901303,-0.0074379765,0.21742193,-0.03674645,0.04606201,0.13446075,0.072234325,-0.07899527,-0.075581364,-0.20223337,0.11171665,0.05994978,-0.27946332,0.06485336,0.010699903,-0.035223804,-0.041691203,0.106153645,-0.05514837,-0.031543713,0.006598755,-0.036614943,-0.12497041,0.057681594,-0.062215596,0.0067664697,0.19287635,0.18487039,-0.07503873,-0.0071535823,-0.15185209,0.07322982,0.039926782,-0.0551919,-0.1605787,-0.05529885,0.030403832,0.1502885,-0.016411576
TCGA-AC-A7VC-01A,-0.09128689,-0.111800104,0.09716007,0.108655885,0.0340099,0.059160247,0.009950063,0.04417968,-0.06594668,0.09596311,0.049821943,-0.01643499,0.007119334,0.16738132,0.17847797,-0.04082828,-0.0006261249,0.16601409,-0.06046692,-0.14676413,-0.06954247,-0.018617965,0.05233217,0.10913642,0.0015507092,-0.019461636,-0.18533587,0.087663755,0.034710947,-0.09729738,-0.16341951,-0.12047441,-0.08745611,-0.110561065,-0.092785105,-0.061910525,-0.10817718,0.03061641,-0.02448308,0.041915312,-0.07948478,0.09908134,0.17959797,-0.0033080548,0.05525118,-0.0027185923,0.12152343,-0.016559705,0.04400566,0.15093713,0.10840332,0.0545734,0.09198704,0.14998397,0.0030095677,0.034944654,0.054895133,0.016955733,-0.08435779,-0.028269345,0.036563978,0.035210323,-0.049161013,-0.0050507314,-0.057605162,-0.08009191,0.21192735,0.09169064,-0.16395628,-0.002213757,-0.18143247,0.0978975,-0.03844569,-0.21587116,0.23252998,0.059657525,-0.23351668,-0.07677318,0.16439381,0.01692658,-0.067638285,-0.048389245,-0.0041316147,0.13982378,0.027070165,-0.06755482,-0.030994313,0.0524141,0.21190304,-0.035004992,0.054753367,-0.15244997,0.18498386,0.04735247,0.1138238,-0.07829247,-0.09026367,-0.06531357,0.05507081,-0.0005781507
TCGA-D8-A1Y2-01A,0.010700471,-0.053691067,0.09309702,-0.0055936472,-0.020047814,-0.049914706,0.09926183,0.065375574,-0.07001522,0.13146405,-0.094102785,0.023916107,-0.094285905,0.09076118,0.17162208,-0.02239404,0.09468025,0.058018997,0.044035617,-0.038153764,-0.024552848,-0.11925601,-0.10266907,0.12841971,-0.030423747,-0.057342213,-0.16218518,0.10250919,0.034848187,-0.0046906713,-0.0948912,0.06741337,-0.07341957,-0.074555926,-0.1676549,-0.2294453,-0.15535304,-0.08624398,-0.07284959,0.09582228,-0.04808507,0.030063454,0.15633975,-0.0789371,-0.06473816,0.14088263,0.082782894,-0.015874537,0.04884786,0.057497215,0.101794675,0.024323829,-0.010770859,0.07370283,-0.024509663,-0.015732773,0.08926492,-0.0783522,-0.08928007,0.0072390656,-0.0026153445,0.028086348,-0.14814837,0.040218048,-0.03682247,-0.10407358,0.18926542,0.09820195,-0.18146834,0.019355115,-0.039775092,0.14660023,0.018317234,-0.20612615,0.22085352,-0.013619778,0.08761893,0.069284365,0.27729353,-0.043689746,0.0236702,0.025356488,0.0052584317,-0.017174786,-0.049082603,-0.07546265,0.11145008,-0.022027737,0.24842963,-0.032344237,0.11425559,-0.2271355,0.1127642,0.16220433,0.098318204,-0.026617464,-0.06986378,-0.060397487,0.04310553,-0.0061048605
TCGA-AC-A3OD-01A,-0.025516426,-0.1287399,0.13070184,0.031102689,-0.005761861,0.07366403,-0.022859864,0.065023445,-0.09581615,0.12536332,-0.0006494354,-0.12618306,0.07124188,0.32499337,0.13169314,0.02885119,0.048766054,-0.0014045095,0.13657011,-0.13000238,-0.059124485,-0.04154539,0.009199238,0.07072657,0.059566848,-0.03118574,-0.1890234,-0.0044332244,-0.040117856,-0.078917675,-0.11986338,0.08493242,-0.033354357,-0.19730501,-0.07831059,-0.14864396,-0.028429484,-0.13531895,-0.05843051,0.03967917,-0.00934173,0.08931932,0.122354954,-0.1264823,0.06885219,0.04979606,0.13512494,0.0496112,0.06648588,0.117046684,0.047231667,-0.016359478,0.024668297,0.105931744,-0.00054327416,-0.016281975,0.0992506,0.033175416,-0.011123376,-0.033444837,0.012026255,-0.046520755,-0.05774872,0.17268118,-0.022115283,0.05061613,0.2472997,-0.07883509,-0.01250747,-0.115339115,-0.16419372,0.064576454,-0.03625393,-0.21040647,0.07964923,0.043961734,-0.06751885,-0.0047251545,0.0895307,-0.037529234,0.0043164217,-0.102182515,0.07737658,0.060481075,-0.10516425,-0.08206323,-0.008239665,0.101323895,0.09295788,-0.075197294,0.035963472,-0.17235588,0.20561664,0.065113865,0.16300651,-0.13470647,-0.04069501,-0.09044643,0.19866715,-0.10111254
TCGA-GM-A2DA-01A,0.045398757,-0.03843728,0.075935684,0.021151632,-0.039518405,0.07356636,0.045254912,-0.005771326,-0.10500548,0.0910127,-0.034914233,-0.009598848,-0.07596743,0.29269162,0.059551515,-0.0135448435,-0.046663646,0.077303775,0.0066013457,-0.1401731,0.196246,-0.10528306,-0.08938712,0.123231,-0.10224777,-0.078821555,-0.25024733,-0.037288584,-0.025400426,0.04912866,-0.15358779,0.11350303,-0.090295464,-0.1435745,-0.20976737,-0.1353352,0.005240879,0.012876095,-0.09691772,-0.0723936,0.033877276,-0.00921421,0.1911648,-0.13330296,0.0040644165,-0.029364996,-0.047386102,0.12392091,0.056627844,0.061258383,0.08467872,0.09221107,0.045375403,0.08061893,-0.07205009,0.04460197,-0.0070574307,-0.040231846,0.007383468,-0.009411009,-0.04496058,0.05398527,-0.055681568,0.010313989,-0.044889692,-0.009550371,0.15541877,0.03485423,-0.08801196,-0.014812951,-0.1456591,0.108185746,-0.046794057,-0.23424141,0.15916486,0.07080403,-0.08004948,0.025653394,0.24388374,-0.09197296,0.065637454,-0.11503367,-0.011437486,0.020674583,-0.13363168,-0.0965051,-0.04229805,0.09086838,0.19363739,0.09598159,-0.039241392,-0.09494802,0.23274986,-0.0019684979,0.079088055,-0.0488706,0.009186766,0.026087577,-0.091198,0.032477356
TCGA-AC-A2BM-01A,0.01143777,-0.09475422,0.14716573,0.0926763,-0.09804292,-0.031031907,-0.003408425,-0.06749994,-0.023950232,0.10000623,0.02927725,-0.097829156,-0.15830404,0.236381,0.22011377,-0.07737895,0.062321763,0.07566872,-0.042591278,-0.06544235,-0.07819838,-0.042768672,-0.15392412,0.12476966,-0.033721644,0.10174973,-0.13003248,0.023276132,0.059575558,-0.050282575,0.061375204,0.09950602,-0.15471981,-0.12640283,-0.11930964,-0.17706567,-0.115192726,-0.103207774,-0.037375648,-0.06100084,-0.007760964,-0.011969365,0.10075444,-0.20259823,-0.14616452,0.023190256,0.0019763256,-0.027565362,0.009079158,0.07571835,0.038760792,0.068976164,0.066986196,-0.014828656,-0.10628545,-0.0569353,-0.09433415,-0.028786711,-0.088866346,0.091156326,0.17504033,-0.025882784,-0.06227073,0.0596552,-0.07931292,0.012799554,0.2944957,-0.075314224,-0.09036985,-0.081387326,-0.17400393,0.021374399,-0.0072663175,-0.14363627,0.055728305,-0.089726634,-0.060501166,0.022260355,0.12859525,0.0040511633,-0.013311805,-0.14890362,0.039105,0.010234253,-0.0527553,-0.05808446,0.06093648,0.096878216,0.1635734,-0.029071353,5.093406e-05,-0.07712464,0.16935068,0.14504796,0.0047319303,-0.14971098,-0.052067176,0.027097134,0.18105987,-0.10401107
TCGA-GI-A2C8-01A,0.03214683,-0.019523583,0.16214241,0.05910149,-0.06333329,0.057463396,0.03529212,0.05004393,-0.11482313,0.09587784,0.04590961,-0.033356372,-0.011140329,0.1596775,0.017855223,0.11807275,-0.09789667,0.08955313,0.0035486142,-0.13308552,-0.11326129,-0.1384389,0.08050173,0.00580594,0.000717632,0.011525106,-0.21929987,0.003487837,-0.02639108,-0.06350125,-0.09744487,0.055924524,-0.08098473,-0.17082943,-0.15460673,-0.10802512,0.11282694,0.16484325,-0.0009818514,-0.06351996,0.05352086,0.053860825,0.15834765,-0.07686117,-0.09115142,0.018384878,0.07574566,-0.11660545,0.050125483,0.1716831,0.14879714,0.10784297,0.123923145,0.09721961,-0.06186975,-0.018839877,0.0005529343,-0.025474442,-0.12553051,-0.025990894,0.10520726,-0.031392463,-0.106439486,0.17097917,-0.03352607,0.0057673464,0.11987361,-0.004100719,-0.21984367,-0.12042203,-0.12850395,-0.037386965,-0.028284593,-0.14483328,0.1574336,0.10325303,-0.050148234,-0.026484976,0.2104337,-0.008717914,-0.0551753,-0.04035279,0.16780844,0.078713775,-0.018906318,-0.03703107,0.16487528,0.11748096,0.17396569,-0.038764294,0.09299971,-0.10235452,0.17669632,0.078199856,0.08913834,-0.03531368,0.06306571,-0.029329497,0.01359822,-0.15209539
TCGA-D8-A1XL-01A,0.0016312792,-0.08797959,0.10071026,0.03172125,-0.079159684,0.06466065,0.0691958,0.13977002,-0.06936847,-0.02551274,-0.055213246,-0.077244,0.04805237,0.24826713,0.2677641,-0.013350477,0.13078725,0.029159458,-0.045548465,-0.1415809,-0.006380218,-0.12515494,-0.14266792,-0.06693045,-0.09812258,0.029277321,-0.14491986,-0.054689623,0.048875123,0.057933424,-0.11347108,0.13216503,-0.17039748,-0.23603651,-0.112907276,-0.1224878,-0.08616762,-0.04503149,-0.06637979,0.0018692282,-0.092703685,-0.080825895,0.1052983,-0.00617499,-0.017055053,0.0013180472,0.16126332,-0.13694282,0.117106706,0.094839364,0.120625414,-0.035036117,0.016545732,0.13623036,0.025063023,0.04700146,0.032374706,-0.040404465,-0.1125912,0.05157454,0.019661637,-0.08486376,-0.06503852,0.06435151,0.008244665,-0.085741155,0.18910931,0.0064158253,-0.022319127,-0.07291545,-0.16299434,0.04736258,0.018512696,-0.15902977,0.07301394,-0.0550271,-0.103012115,0.10527432,0.14987256,0.06819621,-0.047839977,-0.09281923,-0.03896012,0.11161275,1.0782798e-06,-0.06709396,0.014803119,0.095381156,0.04883528,-0.10808033,0.06444328,-0.19444105,0.107420385,0.06254467,0.15814097,-0.07713988,0.07949856,-0.12284718,0.034177784,-0.1694018
TCGA-LL-A6FR-01A,-0.075160705,-0.061787512,0.06122778,-0.09329119,0.006239482,0.07133641,0.0066779256,0.08709132,-0.010870527,0.05516567,0.01655113,-0.048398633,0.089050256,0.20998952,0.1579507,-0.036765918,0.056919944,0.06283156,0.06382515,-0.1709452,-0.1355426,-0.10126372,0.02693088,0.06052112,-0.043335896,-0.04542321,-0.27865618,-0.06061525,0.07165819,-0.12513362,-0.07612325,-0.026187323,-0.037371248,-0.15004443,-0.1627415,-0.1055363,-0.0612558,-0.08194965,-0.056387763,-0.0141925905,0.05265144,0.055170517,0.10318158,-0.095739275,0.027450077,0.07384563,-0.028066525,-0.011872341,0.09005439,0.13946806,0.19058278,0.11107103,0.1466606,0.062016264,-0.08205661,-0.08632494,0.05394234,0.012611929,0.012014482,-0.030054666,0.031968333,-0.060529742,-0.0040310207,0.08146059,0.04213394,-0.069220595,0.21082468,-0.040549807,-0.0066131023,-0.03474396,-0.18879047,0.09935453,-0.07222635,-0.21726759,0.07875697,-0.024044424,0.022319108,0.0078193,0.18906125,0.07763379,0.02327915,-0.26230326,-0.028585818,0.04353661,-0.05836028,-0.054485355,-0.045821458,0.1307434,0.04197751,-0.11014642,0.10443174,-0.14764851,0.11782713,0.15087828,0.14488336,-0.16330504,0.0029357946,-0.022635614,0.026966931,-0.15838873
TCGA-GM-A2DK-01A,-0.015162124,-0.103374325,0.26004237,-0.018666899,-0.1133112,-0.0550206,0.04574866,-0.035828654,-0.055776037,0.052357204,-0.072742306,0.046445083,0.021139763,0.23141639,0.104055464,-0.07008839,-0.03798725,0.090351105,-0.009735887,-0.098329425,0.052424468,-0.085397795,-0.15500124,0.1012816,-0.09651983,-0.018145828,-0.087403946,-0.05435708,-0.120890684,-0.011298707,-0.16899173,0.015867531,-0.19616479,-0.026021969,-0.1323743,-0.099588566,-0.06325295,-0.10527293,-0.05412784,-0.12457066,-0.05948648,0.102228105,0.10826533,0.0071733636,0.00050528103,-0.009843565,0.032326333,0.13116276,0.036299054,0.12527944,0.0686112,0.039027963,0.08218657,0.047897615,0.018197676,0.09414718,0.06598442,0.035478923,-0.03430333,0.029180573,0.080257796,0.094848886,-0.057408847,0.19142498,-0.16777164,0.02110521,0.067283444,-0.010035397,-0.20941556,0.063990496,-0.18900292,0.035659157,0.05069742,-0.28208506,0.13621183,0.032884266,-0.037566654,0.04055006,0.13035916,-0.045734916,-0.067744575,-0.16411377,-0.04807642,0.2149309,-0.045594502,-0.0841094,0.13803948,0.12468843,0.16360489,-0.12430616,0.0070486558,-0.11847718,0.11270647,0.010347996,0.016903874,-0.05313828,-0.015768,-0.034121424,-0.041882467,0.0366425
TCGA-A2-A0CR-01A,0.029181222,-0.06167916,0.105212666,-0.008451246,-0.029617487,-0.07998413,0.031142624,0.0032392296,-0.03560262,0.019014679,-0.015149501,0.056886494,-0.07654626,0.31950682,0.1758197,0.056415502,0.069291174,0.041865118,-0.1175162,-0.14358851,0.05263728,-0.050523162,0.021552147,0.09331438,0.0016177727,-0.16162208,-0.131073,-0.08961171,0.13269217,-0.11710116,-0.089009635,-0.0598474,0.06126749,-0.20618863,-0.13486812,-0.10515732,-0.02613507,0.09040676,-0.078227825,-0.0586609,-0.11319091,0.09302378,0.08313555,-0.057472724,0.024781918,0.059743673,0.06637705,0.058670193,0.032590136,0.18997721,0.04957587,-0.029637815,0.06562272,0.064985745,0.03671641,-0.09185692,0.09685739,0.023622409,-0.09946311,0.055658158,0.021178016,0.020056928,0.04873612,0.03869359,-0.18453391,-0.03427072,0.09210901,-0.04537093,-0.30724898,-0.054268755,-0.16025847,0.0020943722,-0.04794313,-0.24132381,0.21902788,0.11021396,0.017004935,0.039418697,0.1155903,-0.043501552,-0.090515345,-0.046269957,0.11772244,-0.10245645,-0.012261924,0.019257203,0.031392127,0.010856686,0.24904168,-0.15982348,0.0897418,-0.03442969,0.05867947,0.046531986,0.04222978,-0.044606276,-0.008992283,-0.037302133,-0.029014682,0.06086923
TCGA-AR-A1AJ-01A,0.09348271,0.030392803,0.10336212,-0.04728309,-0.02744117,0.032882705,-0.014581764,0.04625276,-0.043930233,0.03340264,-0.051666867,0.1065652,-0.032299265,0.13662966,0.117740355,0.0011693087,-0.07799367,0.092516445,-0.077307306,-0.09514913,0.046721313,-0.03610201,-0.14920993,0.03998215,-0.047302444,-0.1831069,-0.12887569,0.015250824,0.025695441,0.00059394725,-0.060815103,0.09231547,-0.2188347,-0.18696167,-0.28447196,7.941247e-05,0.013850705,-0.060739435,0.042957623,0.0024085788,-0.039575413,0.16535296,0.14520879,-0.09215619,-0.110307716,-0.06131516,0.048012216,0.14643757,-0.067461915,0.07515284,0.12869777,-0.007761237,0.15261061,0.029672524,0.032083154,0.022518018,0.046245173,0.01983173,-0.054953504,0.021645263,0.09936736,0.008928604,-0.05919167,0.12495643,-0.09797128,-0.083296746,0.18097176,0.019846516,-0.018341511,-0.11415225,-0.09076539,-0.013516422,-0.00090246025,-0.2870366,0.17461626,0.047178745,0.06842799,0.06850816,0.093926035,0.006456459,-0.031253036,-0.087725416,0.008786104,0.13600264,0.039421365,-0.18886551,0.09099903,0.117866285,0.18754771,-0.05746778,0.15794168,-0.16954133,0.098395996,-0.025059033,0.06532943,-0.055112958,0.0013468654,-0.15708439,0.03942853,-0.1316019
TCGA-B6-A0WY-01A,-0.036084224,-0.098472,0.18064512,0.018936066,-0.11070769,0.024261246,-0.019454496,-0.018312018,-0.04579349,0.0726153,0.06173063,-0.061050206,-0.05177591,0.031138707,0.126433,-0.0919566,0.071666576,0.037381638,0.049204,-0.19029395,-0.12503646,-0.031093357,0.044806775,0.035983607,0.03414558,-0.07006044,-0.23806821,-0.07346791,0.016531162,-0.058135793,0.02525265,-0.022420106,-0.099815786,-0.1164658,-0.084573135,-0.2384124,-0.06629887,-0.04556279,-0.020427505,-0.06166912,-0.022233749,0.15645589,0.15560415,-0.19033962,-0.028925544,-0.11369979,0.066301964,0.034253806,0.033303,0.18308212,0.10393707,0.09952607,0.06016441,0.039227977,0.003730981,-0.021081202,0.14901286,0.08157135,-0.068433054,0.021401053,0.12303123,0.044722885,-0.08939259,0.10857914,-0.051217776,-0.14431974,0.13359146,-0.010245269,-0.08161692,0.07009498,-0.26659977,0.13845071,-0.063156165,-0.24120617,0.0057049445,0.072227724,-0.05102934,0.102739945,0.26202312,0.026186345,0.072240934,-0.1367244,0.001585012,0.1021486,0.037456945,-0.07401433,0.06233139,0.101484865,0.13965619,0.029742157,0.064179905,-0.07072006,0.14503637,0.0599783,0.12511492,-0.02282447,0.06505024,-0.054575633,0.02176829,0.0072396602
TCGA-A7-A26J-01A,-0.0069056894,0.05317484,0.08207731,-0.0361833,-0.033681553,0.102920376,0.03237523,0.000472038,-0.09559056,0.17968503,-0.1073382,-0.11600835,-0.07609364,0.26565096,0.18394558,0.05194424,-0.03528722,-0.0079555875,-0.033593398,-0.1553146,0.011538097,0.040637046,-0.14762987,0.12613417,0.015985586,-0.015637036,-0.10323873,-0.1787869,0.00059076305,-0.13656503,-0.043367285,0.10130666,-0.024144892,-0.13148363,-0.28783712,-0.07233478,-0.11577283,-0.07649509,-0.007581407,-0.085120976,-0.028234662,0.049958594,0.06826946,-0.14203382,-0.036425058,-0.0039591836,0.13866234,0.0621639,0.14504376,0.10941708,0.11949817,0.15795569,0.08583029,0.14401303,-0.06721108,-0.038821127,0.07813621,0.008451296,-0.05324508,-0.10328318,0.028946552,0.06908886,-0.08881215,0.049741376,-0.031478487,0.0640254,0.17070515,0.020461608,0.006384967,-0.0052680466,-0.24442682,0.088605404,0.028231384,-0.18534909,0.15664425,-0.0063460167,-0.055156086,-0.016065694,0.1596982,0.009228297,0.081634745,-0.07014648,0.02109422,0.04064699,0.044337858,-0.0964369,0.062008984,-0.0735692,0.119253434,-0.024987271,0.08433361,-0.033792365,0.0907767,0.047629282,-0.032809347,-0.19815618,0.0056677237,-0.076601245,0.0063420096,-0.15784816
TCGA-AR-A0TP-01A,0.01456139,-0.15017052,0.21454471,0.07017861,-0.030001987,-0.0013721206,-0.06945087,0.06508381,0.07791846,0.12800051,0.0073777055,-0.025255715,0.019362228,0.15469424,0.09871155,-0.16286194,0.025746258,-0.02824272,0.047725506,-0.07130079,-0.044135347,-0.122987375,-0.09426483,0.11902758,-0.016165012,-0.021360915,-0.22009054,-0.02078543,-0.0068630395,0.072173044,-0.11735503,0.04607046,-0.022307852,-0.09583882,-0.13074371,-0.11084971,-0.08545738,-0.08505803,-0.037433866,-0.14778279,-0.07677141,0.10393615,0.115583055,-0.08571157,0.007697214,0.075483456,0.14663775,-0.013880033,0.15849937,0.12454481,0.1376018,0.028956685,0.03804386,0.016135296,-0.08014065,0.0866295,0.22464381,-0.03679677,0.07797436,-0.020506723,0.08948546,-0.003828142,-0.1246957,0.014863597,-0.0068152165,-0.0017935724,0.14030945,-0.073350824,-0.0954097,0.047321696,-0.19456005,0.093013994,-0.09544905,-0.22953577,0.13267757,0.060577683,-0.15812252,0.040418606,0.18474534,-0.06128932,-0.0067132753,-0.05693484,0.019996887,0.074029975,-0.058135763,-0.097690105,0.010027038,0.11546401,0.16991338,-0.15370516,0.14018889,-0.029751588,0.082760386,0.034582764,0.07918771,-0.18741222,-0.08406727,-0.12561013,0.030131992,0.027439363
TCGA-C8-A27A-01A,-0.08023847,-0.022632038,0.05750347,0.18118083,0.0004962749,0.05596885,-0.0823737,0.12794504,0.007860995,0.048955467,-0.026844138,0.007609691,-0.021543758,0.094633475,0.167932,-0.1322454,-0.0031235754,0.059015088,0.00967309,0.0013936125,0.026596954,-0.1631531,-0.04846859,-0.06659906,-0.0303375,0.028106617,-0.3462092,0.025815593,-0.0553862,-0.06766321,-0.049643748,0.05416284,-0.17444943,-0.15945794,-0.14253421,-0.075557835,-0.023170294,-0.046039533,0.057077616,-0.12009869,-0.027816834,0.076079905,0.024770834,-0.054637216,-0.14073493,0.046790827,0.07949922,0.025707325,0.037082393,0.13638179,-0.0048354245,-0.0065008434,0.119366065,0.00284851,-0.16559973,0.0035759197,0.120601535,0.00759341,-0.08104768,0.042413455,0.0064679845,-0.056880053,-0.0037265907,0.06950071,0.009088063,0.017667333,0.23380122,0.00801008,0.026245797,0.0038285537,-0.12794784,0.075681254,0.046803944,-0.3174929,0.066385254,0.13707079,0.032017194,0.11296172,0.15172257,0.018709268,0.06695274,-0.07506251,-0.065878786,0.11711755,-0.030434608,-0.029127765,-0.04920148,0.1588425,0.18000858,-0.04432898,0.03800741,-0.14300592,0.16921623,0.058664907,0.21206509,-0.0866361,-0.07297809,-0.090339586,6.4409345e-05,-0.10929872
TCGA-D8-A27F-01A,-0.07346554,-0.07398769,0.11599359,0.12790127,0.023354126,0.09469681,-0.0005437947,0.012556402,-0.1388397,0.14849356,-0.086370066,-0.08043646,-0.031924665,0.22868687,0.18993662,-0.015690897,0.07343662,0.034936283,0.056345385,-0.14438377,0.030069029,-0.015957782,-0.14108634,0.10250468,-0.06717886,-0.10691947,-0.13600451,-0.007690241,-0.023414953,-0.00969297,-0.18159948,0.06090424,-0.11058552,-0.17193048,-0.15542339,-0.15556541,-0.12521441,0.04054244,-0.11464107,0.024819523,-0.10644871,0.008476221,0.21560274,-0.12688857,0.03488608,0.03975577,0.076321304,0.06725501,0.00045265967,0.11119056,0.058611378,0.019842034,0.079050094,0.11756695,-0.08206322,0.03943932,-0.059420157,0.032456186,0.010194612,0.040361885,0.026900835,-0.041667756,-0.11089438,0.056721095,0.015946496,-0.11771889,0.22308569,-0.0877596,-0.06973622,-0.114704154,-0.10895713,-0.008988782,0.016842553,-0.29359344,0.021288546,0.056475926,-0.07493651,0.07270697,0.08127692,0.053962085,-0.039555635,-0.03787882,-0.020056901,-0.04907488,0.005281385,-0.16138594,-0.02068741,0.12623458,0.087365404,-0.12002403,0.09986798,-0.22563341,0.0834028,0.1228767,0.011913317,-0.1393103,0.07348168,0.034036495,-0.039731182,-0.022327447
TCGA-D8-A1XW-01A,0.028708637,-0.0759291,0.25369677,0.050301913,0.15837087,0.010307181,0.018296134,-0.08731865,-0.18125059,-0.005535142,0.013152952,0.04694223,-0.03433708,0.23659103,0.102904975,-0.049041525,0.034318224,0.023323024,-0.04320494,-0.084746286,-0.10931932,-0.09945636,-0.039465856,0.064791076,-0.05918247,-0.09590511,-0.22961178,0.01925678,-0.016466,-0.07791341,-0.006935049,-0.034881555,-0.11616743,-0.22257076,-0.16075562,0.0034514496,0.019582892,0.043106504,-0.11560593,-0.05076193,-0.015590678,0.04354469,0.16794397,-0.095965095,-0.15790279,-0.055755317,0.0023126118,0.03912959,0.12110845,0.11382041,0.15994133,0.035687998,0.08438314,0.0018505912,-0.10209105,-0.11446055,-0.024585335,0.0138580045,-0.0076269284,0.08321523,-0.05348949,-0.03318849,-0.06511179,0.14753883,-0.04022576,0.030419243,0.11532986,-0.02659975,-0.10558701,0.043853354,-0.22109482,0.06934168,-0.028989928,-0.21145563,0.23196368,0.07905457,0.011891505,0.121276595,0.13641042,-0.030637704,0.048805557,-0.03271107,0.069249116,0.06768728,0.025063803,-0.09394085,-0.000627041,0.067175135,0.21864128,-0.0013464403,0.034014463,-0.08670134,0.12810253,-0.043254476,0.20059805,-0.06456186,0.016760582,-0.079075724,0.023703413,-0.027179293
TCGA-OL-A5D8-01A,-0.07278717,-0.025279632,0.13530685,0.05468462,-0.054080144,0.024642467,-0.024627624,0.121895134,-0.066849306,-0.0011413286,-0.11986249,-0.0048361975,-0.06034527,0.21629378,0.1724455,-0.14707282,-0.007270685,0.12450413,-0.008540433,-0.13913713,-0.08269427,-0.03838939,-0.14004715,0.18070379,0.016985875,-0.05271271,-0.23944157,-0.033602387,-0.029366026,0.037322544,-0.0939007,0.06009643,-0.17257702,-0.22011052,-0.15775123,-0.13679838,-0.0061938264,-0.14034636,-0.12554047,-0.13844536,-0.087040715,0.033601176,0.07793796,-0.03558621,0.010501193,-0.0828777,0.20588063,0.16690037,0.15014653,0.10736739,0.09967964,-0.055123676,0.011230909,0.08410335,0.039056867,0.15080719,0.08735238,-0.015264022,-0.072913654,0.07268708,0.069133624,-0.04259547,-0.021229716,0.099367954,-0.08974812,0.045913685,0.15748404,0.046068903,-0.08646959,-0.07425231,-0.20183791,0.08799417,0.03950024,-0.067990966,0.10598293,-0.060994405,0.029746817,0.04448748,0.12452888,-0.03539064,0.033357102,-0.1248806,-0.09230535,-0.01681968,-0.036949918,-0.06978125,-0.03986592,0.08967411,0.16383715,-0.1509209,-0.05152306,-0.13056855,0.030827701,-0.02654162,-0.0128015885,-0.032501075,0.027471425,-0.15456916,0.007346609,0.009347538
TCGA-LL-A8F5-01A,-0.021850742,-0.06795833,0.16110301,0.021047708,0.08393043,0.102815695,-0.030458616,-0.023076445,0.033942685,0.031824034,0.062779866,0.0221085,-0.003644144,0.23837292,0.057825018,-0.030761957,-0.018045824,0.11841935,0.16671157,-0.111744165,-0.11525409,-0.027023077,-0.15162481,-0.0073989704,-0.028518293,0.012502369,-0.25569594,-0.016191758,0.034335215,-0.09878277,-0.11057943,0.04400312,-0.04906658,-0.092710875,-0.10712519,-0.002792292,-0.03289363,-0.059680186,0.050643332,-0.13156737,-0.06272097,0.0062783123,0.10477677,-0.056387976,-0.12243339,-0.058538117,-0.006218986,0.19985357,0.051027354,0.10420902,0.041734405,-0.10989932,0.08742342,0.0892929,-0.08558674,-0.08362886,-0.00036502266,0.08998139,-0.10300984,0.036928054,0.04734373,0.11886065,-0.046645932,0.086429626,-0.08192858,-0.04019835,0.120047644,0.04678682,-0.14102621,-0.02175629,-0.1506831,-0.050805848,0.006739426,-0.105891265,0.16823733,0.029263644,-0.031980302,0.087951444,0.2395412,0.058595046,0.13114186,-0.062385842,0.071811765,0.0453192,0.07153136,-0.17877232,-0.05894655,0.094804525,0.15129742,-0.13268587,0.20371778,-0.20910956,0.034646466,0.09058684,0.23198411,-0.018916361,0.0405413,0.02132047,0.11869732,-0.08703332
TCGA-E9-A243-01A,-0.0691464,-0.09598451,0.12783623,0.034659963,-0.029168664,0.08199031,-0.011269518,-0.051361796,-0.042326745,0.07760251,-0.047777776,-0.049061146,0.045347814,0.14889108,0.1172226,-0.02671002,0.02901625,-2.004432e-05,0.025468096,-0.16688468,-0.13959199,-0.10405323,-0.1284413,0.14144607,0.04577658,-0.20536335,-0.15695162,0.042349044,0.10170654,-0.06961487,-0.06682434,-0.0064049447,-0.033926137,-0.16584022,-0.1274735,-0.15601823,-0.03377492,-0.046499237,0.018676497,-0.047749236,-0.0053140116,0.12394072,0.19759217,-0.12876402,-0.006087252,0.08363299,0.09597406,0.012653423,0.061829574,0.07855171,0.044021443,-0.027870052,0.11672245,0.14739384,-0.12912077,0.008224304,0.0415196,0.13797632,0.029446347,0.05965983,0.09032502,-0.1300541,-0.1294537,0.1758816,-0.1950086,-0.028681176,0.27150244,-0.0049657477,-0.061886013,0.025874306,-0.20827259,0.022924988,0.0023812088,-0.24241616,0.025052788,-0.0114667,-0.0077873007,0.01296421,0.031199198,0.038819563,0.04962252,-0.03616634,0.11026294,-0.015282944,-0.051745016,-0.109311275,-0.035089217,0.01625743,0.040592734,-0.20180582,0.1563981,-0.029074471,0.12141109,0.009415159,0.111532085,-0.061440755,-0.09759037,0.04871498,0.121975824,-0.11846761
TCGA-AR-A5QQ-01A,-0.05135955,-0.0665613,0.12172682,0.12736975,0.06965554,-0.0058390824,-0.1275837,0.087458804,-0.05237796,0.09756869,-0.09079847,0.05644879,0.09652009,0.26060253,0.089394964,-0.1396807,0.086753555,0.062582925,0.021747427,-0.319412,-0.0077315667,0.03668886,0.060382232,0.10005819,0.076685295,-0.020634813,-0.13761963,-0.08914026,-0.08531924,0.041675515,-0.14618666,-0.04228661,0.049947504,-0.17724289,-0.12195176,0.020487072,0.020974835,0.054037444,-0.033152696,-0.058528088,-0.06733164,0.14169735,0.08712284,-0.1631328,0.14732186,0.0870254,0.16215749,-0.043132693,-0.10344682,0.172385,0.058301292,0.018790614,0.0011439918,0.10269019,0.084737256,-0.066634394,0.13641389,-0.0206199,-0.029163962,0.07310785,0.096037954,0.050869454,-0.029792309,0.12029163,-0.046027873,-0.040648535,0.17030261,-0.061617725,-0.11638227,-0.036316182,-0.19345163,0.09792466,-0.039671417,-0.14191212,0.22375236,-0.06792709,0.02101099,0.039243165,0.10573056,0.051713765,0.045815285,-0.07937136,-0.017417615,0.096098445,-0.057144847,-0.009353945,0.03142394,0.088010795,0.2387886,-0.116771795,0.072223775,-0.0013577011,0.094945796,-0.03186365,0.07843953,0.007612848,-0.0053047733,-0.06960797,-0.022828383,-0.00286209
TCGA-EW-A1IZ-01A,-0.06574757,-0.07609779,0.038762707,0.016632441,0.11178639,-0.041736197,-0.121865295,-0.08091815,-0.006475411,0.13549642,-0.03644372,0.097050585,0.009697768,0.24015605,0.17871875,-0.10294159,0.06641853,0.028115923,-0.03863279,-0.12565862,-0.02463367,-0.058110148,-0.016399495,0.065046735,0.03870019,-0.045778196,-0.127662,-0.12910903,-0.07008783,-0.083883755,-0.114080295,-0.057931356,-0.090396404,-0.2594339,-0.18678477,-0.19583717,-0.048865117,0.031637836,-0.11929797,-0.108678825,-0.05560617,0.10844449,0.058213107,-0.14809406,-0.086753,0.033087205,0.059511166,0.0055506746,0.18225694,0.0015081363,0.21175542,-0.041107997,0.012907172,0.028498193,-0.02185253,-0.1316368,0.10784559,0.10316914,-0.10854237,0.025940578,0.034221347,-0.0545073,-0.038370643,0.047900815,-0.009320292,0.057627443,0.17305371,-0.064951405,-0.02725064,-0.120793104,-0.23629448,0.033835717,0.01984661,-0.27004614,0.13249007,-0.01517924,0.055531263,-0.06495679,0.040396232,-0.050442405,-0.008246848,0.00755861,-0.02430468,0.14294389,-0.08192321,-0.10877528,-0.0362094,0.08207326,0.08555484,0.022467216,0.048716377,-0.14019856,0.17617339,-0.02709278,0.08659985,-0.04907686,-0.07216666,-0.09945874,0.08755743,-0.031170795
TCGA-E2-A15J-01A,-0.013589765,-0.09050374,0.14383294,0.011425248,-0.043969106,0.12612945,0.053026665,-0.028071124,-0.14429615,0.1329058,-0.036779556,-0.0084659485,0.017646896,0.19381595,0.15003483,-0.013588265,-0.09751818,-0.005372732,-0.046931714,-0.23896998,-0.084083095,0.04025657,-0.10837169,0.07663816,0.00046412362,-0.09030539,-0.23677382,-0.035281528,-0.03686958,0.043240327,-0.0030067498,0.16327214,-0.20791517,-0.19783899,-0.19050533,-0.016366579,-0.058527224,0.059447266,0.04598034,-0.05667152,0.07545868,0.07844654,0.08238928,0.020920018,-0.0075247725,-0.015400304,-0.047684554,0.022589844,0.12343094,0.059858076,0.07808876,0.013939148,0.07244134,0.07659069,-0.11866343,0.02906893,0.120250456,0.044071328,-0.0005110775,0.08876468,0.055771966,0.0005215025,-0.0071823513,0.050753478,0.03427792,0.05223105,0.19275446,0.12948416,-0.12884192,-0.05491248,-0.21389794,0.15679277,0.0051346775,-0.15780142,0.02555767,0.059933662,-0.07190073,-0.009115411,0.058887072,-0.09052904,0.019837763,-0.16056047,0.06798926,0.02991052,0.0036811153,-0.08568125,0.09009952,0.12735073,0.22253521,0.06914749,-0.069336616,-0.037607927,0.00043533626,-0.053545784,0.23110649,-0.121481165,-0.04665586,-0.058329247,0.16722786,-0.038505517
TCGA-BH-A0DK-01A,-0.017911403,-0.060988214,0.17809577,0.0563461,-0.0063452306,0.04826705,-0.042309493,0.030371984,-0.013269007,0.17053226,-0.11242986,-0.0010348001,0.091860004,0.23494752,0.06080886,0.014295562,-0.08519362,0.15044849,-0.03966027,-0.13394998,-0.02138565,-0.029540993,-0.09783198,0.2561417,-0.047890633,-0.032598928,-0.13157651,-0.052226294,0.10840505,-0.003666297,-0.11672384,0.10456119,-0.06521876,-0.21386741,-0.070439264,-0.05610094,-0.10484964,-0.08351522,-0.1281369,-0.09467358,-0.03477061,0.12654361,0.06953404,-0.07986816,0.12780465,0.008517607,0.10565771,0.06910271,0.12190478,0.094524056,-0.031333487,0.05249327,0.065094076,-0.011744388,-0.053031266,-0.008334736,0.0780537,0.098192155,-0.05685474,0.038100157,-0.02256075,0.011485383,-0.14637154,0.12848376,-0.14196137,-0.01869303,0.20180248,0.019399501,-0.07489488,-0.038603343,-0.18083014,0.058309507,-0.11772798,-0.23229235,0.09912386,0.19493337,-0.0893267,0.10444574,0.13573734,-0.123885185,0.045481633,-0.14183675,-0.03775171,-0.065904535,0.014270518,-0.20542619,-0.006674318,0.07146089,0.043166194,-0.124402896,0.0752574,-0.029686047,0.027174735,0.12835553,0.08331034,0.0068413164,-0.03871041,-0.026710775,-0.006562183,-0.0770453
TCGA-B6-A409-01A,0.09789461,-0.08020842,0.1381237,0.09400209,0.06483309,0.09027904,-0.08672475,-0.024956413,0.0006823586,0.11116186,0.108578615,0.0011832595,0.030709418,0.21413966,0.10977368,-0.023793003,-0.025587577,0.04610049,0.0067233653,-0.12850966,-0.046140026,-0.0729979,-0.122036725,0.0066638095,0.05718484,-0.08884159,-0.31246817,-0.107565634,0.03388322,-0.10631742,-0.041194126,0.010338693,-0.044695202,-0.09921016,-0.143082,-0.007393361,-0.010864922,-0.022117002,-0.024291418,-0.115302816,-0.034972746,-0.0717487,0.023367569,-0.13647644,-0.08300691,-0.028300118,0.05599263,0.04162232,0.08370223,0.16941822,0.059085287,0.005900913,-0.00062261865,0.09164075,0.012280434,-0.11054741,0.016079003,0.07214463,-0.024107635,0.015957544,0.006643486,0.0028197125,-0.1363247,0.09711392,-0.19601914,-0.06336109,0.12937027,-0.13216266,-0.10192058,0.02676515,-0.10214508,0.101515174,-0.09719799,-0.2633439,0.06367016,0.00032454843,-0.12429505,0.12068706,0.23088959,-0.03806834,0.015765315,-0.09867596,0.04659002,0.059478234,0.008959637,-0.13780478,0.09228394,0.25479233,0.069469295,-0.08962733,0.07425078,-0.18578818,0.11250045,0.13343874,0.10227132,-0.07668188,-0.041548453,-0.06983792,0.07284076,0.020129407
TCGA-D8-A27N-01A,0.057656117,0.06427277,0.23667626,0.103105836,0.071037,0.12469928,0.008241099,0.10178561,-0.034060236,0.112144716,-0.031635072,0.06427524,-0.0924655,0.23107468,0.14491881,-0.05634496,-0.018528568,0.20001982,-0.047858693,-0.13281654,-0.039423823,-0.034166384,-0.0817391,0.07441358,-0.0370486,-0.10508321,-0.1397073,-0.005398939,0.10642182,-0.15126316,-0.012239027,0.18214509,-0.08178397,-0.07632704,-0.15951216,-0.08618828,0.0017183089,-0.07598245,-0.02054803,-0.058509637,0.005220345,0.013063994,0.17677161,-0.041493963,0.14354786,0.017852334,0.04099355,-0.004256718,0.07058276,0.2343988,0.115343265,0.14341459,0.14926112,-0.042604502,-0.08503919,0.04164916,0.07762516,0.13759726,-0.04626013,-0.058161177,0.0044129663,-0.06795707,-0.15857679,0.11311751,0.038732976,0.004528463,0.1473894,0.08481837,-0.055018947,0.004937858,-0.107035495,-0.054324597,0.0846859,-0.19568452,0.073961854,0.059668195,0.004479889,0.03022735,0.17263606,-0.11564473,-0.00081477343,-0.056386814,-0.005233591,0.087169796,0.051005464,-0.039344534,-0.019028269,0.063135825,0.16461767,0.028121432,0.08979696,-0.14468417,0.062436856,0.22418873,0.055616874,-0.076703876,-0.023939276,-0.12758718,0.038958047,-0.015795257
TCGA-LL-A5YM-01A,-0.04443705,0.022171613,0.14521505,0.10109391,-0.102881335,0.084077395,0.073557205,-0.01561585,-0.014168247,0.098976046,-0.054357115,0.08956253,-0.14242049,0.18367232,0.15480967,-0.12807523,-0.017291417,0.09736736,-0.016391419,0.0071023973,-0.07797341,0.06144092,0.023341738,0.15236998,0.044471383,-0.088358514,-0.13162012,0.019908892,0.071042806,-0.085639045,-0.12028043,0.10786677,-0.09230951,-0.15921436,-0.100389406,-0.0729014,0.022993255,0.027383434,0.004804017,-0.10466272,-0.15754186,-0.014018366,0.17533149,-0.14188899,-0.031060396,-0.007608892,0.099485435,0.04722154,0.025568165,0.124191694,0.093625285,-0.028500427,0.13113128,0.08074838,-0.13981916,-0.10671516,0.08282922,-0.07213212,-0.0859583,-0.05150485,0.04267401,-0.0010594961,-0.14371699,0.14457664,0.057552166,-0.10506807,0.1083708,-0.024584683,0.023006493,-0.11201647,-0.25735483,-0.030000154,0.06913949,-0.2710207,0.1489717,-0.06200533,-0.016941428,-0.14988838,0.22760412,-0.016654879,0.022324942,-0.05759883,-0.02875202,0.16004996,-0.008550967,-0.028599923,0.05932308,0.09863664,0.10135869,-0.06804364,-0.033288963,-0.16728063,0.15015161,-0.03319654,0.10090517,0.0062389574,0.018238796,-0.039077446,-0.008787926,-0.10625874
TCGA-EW-A1P1-01A,-0.017544296,-0.13848898,0.03967148,0.19609304,0.04053727,0.0021251198,0.062882274,-0.020936236,-0.0006352033,0.11634886,-0.052083712,0.009332449,-0.03990179,0.14968593,0.2447478,-0.11201911,0.123017855,0.058863193,-0.08028381,-0.18226114,-0.014921028,-0.22319889,-0.12882617,0.15689157,0.053743243,0.017021535,-0.1971016,-0.073922515,-0.15205926,-0.110475965,-0.1061589,0.10881108,-0.08439916,-0.14883916,-0.15521759,-0.15813349,0.013519899,0.08588686,-0.028911795,-0.020661127,-0.088128254,0.028951524,0.018748298,-0.13632715,0.0107689025,-0.03341657,-0.0057215528,-0.03939044,0.060688883,0.16444026,0.037544176,0.018189477,0.22123823,-0.031043438,-0.06587945,-0.07235464,0.06132805,0.020811167,-0.047521707,-0.013640777,0.09662071,-0.11485675,-0.06168713,0.11862592,-0.04734351,0.034614854,0.1115435,-0.050980207,-0.008994752,-0.037834972,-0.13356453,0.05544338,0.024914933,-0.3079268,0.09241256,-0.04632794,-0.032229275,0.13281675,0.17299703,-0.08682735,-0.005525154,-0.018702742,0.052421916,0.07079789,0.054334898,-0.053998,-0.012298404,0.060909446,0.18638292,-0.08393423,0.03989622,-0.018014126,0.030101484,-0.06873612,0.1138336,-0.12600988,0.039746583,-0.08741803,0.0060217986,-0.03459204
TCGA-BH-A1FU-01A,0.050898436,-0.117792934,0.16076064,0.1491199,0.00031249362,-0.10318105,-0.04536446,0.06781303,-0.20171133,-0.012773551,-0.018307826,0.046294924,0.0032180531,0.2122367,0.080929816,0.01884799,0.03630696,0.14144732,-0.027591066,-0.012634058,-0.052394647,-0.19689885,-0.097285666,0.07738449,-0.0901803,0.008538648,-0.2431489,-0.023155738,0.073825516,0.013755717,-0.12750778,0.08548337,-0.015713787,-0.17199792,-0.14763145,-0.06891273,0.0566463,0.116702214,-0.17423429,-0.0496153,-0.10553094,0.0035022397,0.13340253,-0.1574885,-0.072392724,-0.029293785,0.12657234,0.124062136,0.027380697,0.062401965,0.054183546,-0.07212691,-0.05470887,0.058099367,0.112250336,-0.026402155,0.13974282,-0.01430123,0.04365117,0.05844784,-0.034967706,0.063091345,-0.058615573,0.19285452,-0.026649488,-0.06288022,0.23512511,0.116487205,-0.11591869,-0.04707561,-0.21727154,0.030799957,0.090744056,-0.21516095,0.038758136,0.031543907,-0.055677257,0.0056041153,0.12025761,-0.018897168,0.0990815,-0.043540303,0.07407058,0.06400404,-0.015313879,-0.068122685,0.09032217,0.06255973,0.13969137,-0.151559,0.05463534,-0.13875791,0.052650176,0.09557398,0.07652229,-0.06547711,-0.034411248,-0.08431321,0.008056797,0.01706114
TCGA-BH-A8FY-01A,-0.1206007,-0.1287237,0.056458294,0.04512315,-0.014382768,0.038685594,0.105569154,0.07565557,-0.124262966,0.012401938,-0.02115203,0.090885706,-0.0026010703,0.20815855,0.11604073,0.07372573,0.10015921,0.07636529,-0.053118113,-0.06326062,-0.010915789,-0.12373043,-0.08995002,0.1149395,0.050972737,-0.10223008,-0.13127474,-0.045207623,-0.02064457,-0.0053333435,-0.08902,0.019655457,-0.18103838,-0.092531346,-0.07553767,-0.21820934,-0.034816135,0.044798817,-0.15868062,-0.0029100848,-0.01886531,0.08142263,0.11469443,-0.224749,0.016692262,-0.121859714,-0.023296319,0.12100627,0.079504624,0.08277074,0.20835662,0.10551736,0.18601121,0.11540905,-0.11763918,-0.00884832,0.010459466,0.08416935,-0.10582236,0.0058890297,0.06842133,-0.12654872,-0.06738903,0.12222395,-0.076149546,-0.04376326,0.18892412,-0.180871,-0.08184982,-0.055990487,-0.10121273,-0.04537096,-0.091010176,-0.17670111,0.16667134,0.0026629707,-0.08518237,0.069046125,0.107168436,0.043113824,0.12823913,-0.06879505,-0.05480554,0.09135065,0.04940502,0.06848684,0.048817642,0.16428457,0.1665039,-0.122213624,-0.013619925,-0.0042620967,-0.037932336,-0.0016876023,0.18811007,0.0118821,0.00962495,-0.036417704,0.06755362,-0.009444877
TCGA-B6-A0RU-01A,0.002754122,-0.1342631,0.12981643,0.08135401,0.025687233,0.09864699,0.020946044,0.033483215,-0.1664882,0.08325195,-0.054251213,-0.07202832,-0.09254125,0.09518788,0.13109362,-0.06430943,0.022444237,0.03963279,0.07534295,-0.2583457,-0.054609496,0.0117690405,-0.08519817,0.10938777,-0.014653179,-0.103807546,-0.2180736,0.08991527,0.02196979,-0.15355228,-0.085488245,-0.09970464,-0.12039826,-0.093019076,-0.090087734,-0.14021413,0.032330472,0.017864196,-0.058736302,0.00889837,-0.03505054,0.16721246,0.098030604,-0.24531966,0.009391878,-0.0042789327,0.06970744,0.021843867,0.0160389,0.12588072,0.1148279,0.17206696,0.002418756,0.096123785,-0.027997185,0.0026260538,0.058373462,-0.027503371,-0.13348883,0.0067445505,0.01882045,-0.107228324,-0.14860502,0.027806135,-0.030883642,-0.03942832,0.14469683,0.04828268,-0.12483123,0.028791685,-0.23330341,0.1414813,-0.023324648,-0.23356372,0.13315499,-0.011791321,-0.05663591,0.045980185,0.1436456,-0.13996515,-0.0523595,-0.014310725,-0.07232068,0.04194771,0.025015565,-0.08159724,-0.021169066,0.020361677,0.13962908,-0.13369367,0.13716815,-0.12618788,-0.01766635,0.045982786,0.042971227,0.021578103,-0.097604565,-0.073686965,0.035105035,-0.16691479
TCGA-A7-A6VW-01A,-0.005425711,0.082260974,0.029679373,0.10152312,0.062342916,0.008164602,-0.07793525,0.1045099,-0.05991413,0.1136149,-0.07416995,-0.08104191,-0.058838923,0.21348484,0.07993405,-0.06414145,0.030911755,0.12129904,0.096484266,-0.114319526,0.06167078,0.035164338,-0.05452462,0.08816214,-0.11796067,-0.24817218,-0.25826612,-0.04847602,-0.00321221,-0.016132314,-0.0898947,0.008457561,-0.08396833,-0.18341655,-0.06513355,-0.12180228,-0.05289685,-0.05176115,-0.05629329,-0.11486846,-0.11555512,0.06568316,0.14583996,-0.10795407,-0.052120518,-0.026570017,0.013926835,-0.030447358,-0.0017908261,0.06566457,0.0868273,0.023122499,0.06473268,0.17097126,0.05554849,0.08304617,0.102822706,-0.014591129,-0.023562046,-0.0105951615,0.16379441,0.0018974505,0.10688431,0.14038762,-0.008069168,0.037010152,0.15060212,-0.042124033,0.031710617,-0.014721139,-0.06770045,0.036312737,0.03686384,-0.20249458,0.07599396,-0.036866423,-0.016983341,0.037455894,0.18931696,-0.11451484,0.028611349,-0.022298254,-0.063404314,-0.07016184,-0.012557629,-0.11791593,-0.11523883,0.114651345,0.20237069,-0.12527192,0.110084035,-0.11336187,0.14351353,0.07449926,0.20405632,-0.22420008,-0.06066036,-0.11150048,0.060562886,0.028991079
TCGA-BH-A209-01A,-0.12004691,-0.08073569,0.015586939,0.18233536,0.0023551006,-0.036038425,-0.044135343,-0.03379545,0.009627753,0.1883359,-0.099769145,-0.08210653,-0.12377172,0.29205066,0.032526676,-0.08141112,-0.05351159,0.046023555,-0.04997265,-0.04087825,0.06266519,-0.18474251,-0.13493907,-0.021749048,-0.041828908,-0.04769575,-0.19247943,-0.04581623,0.0729344,-0.10194099,-0.029996525,0.049004182,-0.1327176,-0.1764606,-0.121916234,-0.13286676,0.038275693,-0.08161485,-0.085320376,-0.0734931,0.022093978,0.10020214,0.05884314,-0.17159453,-0.026665423,-0.13652724,-0.0012970514,-0.019986894,-0.07393543,0.15813255,0.13164969,-0.052250404,0.12172493,0.07565055,-0.10993854,-0.034653652,0.03569539,0.004903608,-0.064841785,0.08649789,0.052249324,-0.023131732,-0.13695586,0.15289478,-0.08835588,0.00042459735,0.20600893,0.07101797,-0.108429395,-0.05364316,-0.23013003,-0.018617865,-0.07724892,-0.30796227,0.09045999,0.027721064,0.020353777,0.10989199,0.058930833,-0.014642729,-0.05880342,-0.084676154,0.016627096,0.04797301,-0.054996345,-0.044615302,-0.028297732,0.06831558,0.05339314,0.023883503,0.10357145,-0.0657405,0.009650109,0.048346844,0.1237622,-0.06436746,0.06423503,-0.14270702,0.08075273,0.01781937
TCGA-OL-A6VQ-01A,0.15290299,0.0026207212,0.07073585,-0.08168865,-0.04003283,0.055654943,-0.021453187,0.036765885,-0.07988999,0.0702594,0.052725967,-0.007961337,0.0066164765,0.197546,-0.048207395,-0.032886237,0.031846926,0.026722755,-0.16033103,-0.089843825,0.003500651,-0.052059516,-0.07899613,0.009293837,-0.055790573,-0.05122625,-0.25916702,-0.08720306,-0.066381946,-0.060817022,-0.22754772,-0.017155986,-0.025296452,-0.3263636,-0.09064629,-0.10952564,-0.015108961,-0.05694265,-0.12807085,-0.038042754,0.039084684,0.09967462,0.06144125,-0.045314077,0.03486816,-0.14227748,-0.10010109,-0.02358726,-0.03861422,0.19803248,0.12529495,0.031392973,0.08316329,-0.0023622045,0.006241181,0.0041262936,0.08616884,-0.021321243,-0.11220426,0.0038541276,0.014107951,-0.03276051,-0.07465579,0.09923425,-0.0070524174,-0.09578799,0.15014023,-0.023001648,-0.040695023,-0.03681291,-0.19811462,-0.016976545,0.08091505,-0.20280233,0.12450946,-0.010560281,-0.034245964,0.06132105,0.15586346,-0.06470172,0.09728854,-0.12591806,0.0012012128,0.13982296,-0.104390524,-0.09630404,0.009156985,0.15632822,0.08661899,-0.12079117,0.06845826,-0.06834435,0.12687609,0.18126911,0.16235167,-0.13633892,0.049585372,-0.06678582,0.14753388,-0.042832866
TCGA-BH-A0GZ-01A,-0.050263297,-0.16866311,0.06946191,0.028156467,-0.07900947,0.12925012,0.0033348934,-0.00411745,-0.03952249,0.108106524,-0.046362046,0.16349933,0.08095343,0.23106916,0.16163714,-0.15781847,-0.07082411,0.058650106,-0.0027772677,-0.11787892,-0.015846504,-0.13290776,-0.1007387,-0.09007033,-0.11048435,-0.056602996,-0.26923725,0.012378257,-0.007584347,-0.08167006,-0.029755907,0.05245207,-0.09953154,-0.10654936,-0.20786461,-0.03583803,0.013642513,0.06015869,-0.07515012,-0.010788044,-0.21382399,0.023922376,0.08389573,-0.10164135,-0.018796176,0.016822599,0.07053525,0.081828736,0.14048412,0.046315905,0.1876785,0.00807461,-0.001930586,0.090238966,-0.021746507,0.028016843,0.13170479,-0.022118019,-0.023874225,0.03351524,0.0045458646,-0.075320706,-0.06014384,0.1296786,-0.042765457,-0.041838575,0.1404219,0.10195387,-0.066948645,-0.09195294,-0.18120803,-0.01124676,0.08559796,-0.27090973,0.1879698,-0.091143444,0.05059457,-0.08129835,0.16147897,-0.15043244,-0.015690396,-0.048130706,0.07135195,0.051658217,0.09555979,0.008316565,0.03567175,0.024084311,0.00046546682,-0.022140851,0.11432575,-0.04814228,0.09644403,0.0751036,0.13676354,-0.11698111,0.028725462,-0.09115937,0.10508155,-0.016155511
TCGA-A2-A1G1-01A,-0.1305682,-0.11650994,0.10610311,0.11319231,0.08192824,0.11420411,-0.00951236,0.0030488663,-0.061873317,0.12950777,-0.085602984,-0.053180877,-0.03196588,0.22729398,0.113743514,-0.15499908,-0.010052325,0.12549876,0.0012680466,-0.16999575,-0.099333785,-0.008402207,-0.016835252,0.03733401,-0.031239824,-0.03477028,-0.26607496,-0.06322666,0.012061682,-0.06992638,-0.12168827,-0.007475774,-0.019885253,-0.34330565,-0.14222634,-0.03342814,-0.08756918,-0.0094952155,0.08974308,-0.04072907,0.0075203944,0.1524519,0.11640535,-0.12798586,-0.08624252,0.12717278,0.09466347,0.059074264,0.168996,0.017190358,0.11075208,0.06598772,0.06361115,0.091969766,0.029186826,0.055245623,0.01437992,0.08493926,-0.16668802,-0.029136354,0.06935575,0.05401455,-0.1426931,-0.002537052,-0.03659092,-0.1564607,0.09108396,-0.026766866,-0.012336586,-0.011342042,-0.091867775,0.023013504,-0.0015737268,-0.09065865,0.09381619,0.027553342,0.04393881,-0.0021729583,0.041860193,-0.046209585,-0.016812624,-0.16418152,0.0041986736,0.008651657,-0.008846516,-0.12373293,-0.027044777,0.11502264,0.1656816,-0.09274914,0.163034,-0.14381534,0.0982744,0.076253705,0.09115139,-0.11307389,-0.067126624,-0.043523964,0.1225627,-0.11720518
TCGA-B6-A0RI-01A,-0.02122866,0.014726185,0.06480654,0.08854138,-0.12850055,0.21672021,0.02377246,0.09081344,-0.16714041,0.02500475,-0.058000065,0.050001923,-0.10442326,0.27487075,0.14873818,-0.01923679,0.062620476,-0.02837845,0.10013233,-0.23610522,0.07560595,-0.022740811,-0.0738572,0.06850168,-0.10536232,-0.15891333,-0.15052271,-0.024396589,0.04544854,-0.07271306,-0.05999582,-0.06358154,-0.13914627,-0.14349025,-0.21015556,-0.12151977,-0.050794102,-0.012329754,-0.029651904,-0.054984156,0.01272837,0.06502923,0.22957554,-0.038821083,0.018662797,-0.011846144,0.07190251,-0.04409599,0.15661268,0.21228616,0.13238163,-0.004549792,-0.017602094,0.07532799,0.035134178,-0.060421076,-0.004092772,0.027515724,-0.07259331,0.1129979,0.05629808,0.029948188,-0.060653564,0.057112467,-0.04851917,-0.058523957,0.1333804,0.11019206,-0.12395872,0.040163115,-0.26016146,0.038921982,0.06977014,-0.20395729,0.0058992617,0.06682263,0.012528279,-0.038169924,0.1553588,0.022767073,0.13717714,0.015864138,-0.063419536,-0.052354388,0.018366275,0.02143747,0.06884287,0.05976044,0.0146070365,-0.07755421,0.027616804,-0.05932285,0.19947226,0.027631419,0.12713844,-0.07487824,-0.017870333,-0.04964964,0.019195577,-0.023255624
TCGA-E2-A1IO-01A,-0.044925865,-0.18405369,0.11153266,0.15600939,-0.0021649043,0.14856268,0.017182477,0.013312636,-0.14787643,0.13745765,0.03569967,0.026701868,-0.06879156,0.16017619,0.15583505,-0.08303403,0.040570058,0.07471945,-0.046754353,-0.08842554,-0.09801308,-0.09269149,-0.05143133,0.08589998,-0.008118704,-0.116869874,-0.19611889,-0.00575756,-0.0024111606,-0.10835019,-0.00522731,-0.0420007,-0.024227528,-0.1730491,-0.08317903,-0.12189531,-0.03362161,0.10439696,-0.13251111,-0.024076253,-0.05629663,0.010622478,0.24139796,-0.020769598,-0.047771007,-0.011859132,0.1726893,0.07580006,0.10455309,0.07823809,0.05364538,-0.10980781,0.07017072,0.046271145,-0.02278382,0.067132846,0.011286936,0.064447075,0.016644629,0.050513998,0.08264838,0.07820988,-0.015021755,-0.0027383438,-0.049324695,-0.022114469,0.026364949,0.06393385,-0.11147575,-0.00015482091,-0.13397446,0.17546478,0.04087269,-0.2623675,0.2684366,-0.026163958,-0.060474657,0.015956227,0.13333511,-0.03937549,0.005246304,-0.20662321,-0.07352785,0.01888841,-0.016759122,-0.025081966,0.0010112275,0.1575901,0.091986775,-0.11985445,0.042958423,-0.13669285,0.15706703,0.04974521,0.21151161,-0.042264204,0.02270829,0.013363974,-0.067813076,-0.102558985
TCGA-LL-A73Y-01A,-0.026124781,0.023746649,0.12724383,0.021032726,0.08488677,0.08383321,0.039552078,-0.01992296,-0.13840434,0.12879626,0.014139904,0.009512776,0.01632134,0.34921563,-0.004842249,-0.0047313664,0.17985512,-0.0044596433,0.02720717,-0.15376768,-0.06134692,-0.038161043,0.00062916544,0.01366715,0.020263186,-0.029205699,-0.24477504,0.02044616,0.0005171591,-0.025838006,-0.025078593,-0.016318118,-0.09351524,-0.18095689,-0.15566546,-0.17345953,0.026268981,0.08402755,0.039232813,-0.02575964,-0.060334537,-0.0029170876,-0.03253262,-0.11856942,-0.013441882,-0.009105352,-0.0412506,-0.03300179,0.10846158,0.08492171,0.11404503,0.032841086,0.05135913,0.17045556,0.0027827523,0.06322434,0.07262903,0.04734249,0.02654944,0.20013344,0.071958825,0.02025477,-0.046223734,0.031577807,0.029918397,-0.074445814,0.3109725,0.031861484,-0.15182775,-0.1261545,-0.23028745,0.12535429,-0.07059071,-0.16279787,0.039328862,-0.057302035,-0.034370735,0.16308454,0.16527852,0.048103433,0.10249955,-0.14469384,-0.049393408,0.1222721,0.010000214,-0.022445805,-0.007665286,0.03856367,0.16498019,-0.008444715,-0.073806845,-0.01194646,0.11547255,0.048966803,0.010108575,-0.08416717,-0.025479352,0.06892876,0.011218168,-0.10520465
TCGA-S3-AA10-01A,0.010278852,-0.088107236,0.1678194,0.005719765,-0.10029452,0.101246215,-0.035990767,0.071102485,-0.08344343,-0.017598975,-0.09559626,0.045698337,0.02388592,0.19727883,0.00011527577,-0.013835072,0.08165275,0.099022835,0.0040760646,-0.056015,0.04166829,-0.058031373,-0.0812718,0.05928315,-0.0121916,-0.07905171,-0.25747895,-0.10673984,-0.11146835,-0.008297205,-0.05251191,0.033357717,-0.09054006,-0.18468718,-0.101572834,-0.13070853,0.017619967,0.046138067,0.021132655,0.06125401,-0.031489573,0.05738726,0.087184116,-0.08089352,-0.07464459,0.042930614,-0.005866456,-0.0970205,-0.010640395,0.21108782,0.16808891,-0.1588311,0.11205557,0.060807075,0.027920358,-0.13884632,0.06986262,0.088343285,-0.048830833,0.085379474,0.11385194,0.10074013,-0.09239128,0.084417805,-0.09035251,-0.11874943,0.13607763,0.060070723,-0.1479846,-0.036147762,-0.12689535,0.10157864,0.028559914,-0.21868436,0.1567299,0.06369699,0.022870794,0.08932062,0.17699842,0.094003364,0.15340625,-0.0035926122,-0.022355232,0.0998761,0.04287,-0.059936237,0.1079944,0.06668844,0.19597112,-0.0685358,0.13548994,-0.038164947,0.13508636,0.03399217,-0.00925149,-0.055026002,-0.04642494,-0.20727706,0.034596447,-0.17118068
TCGA-BH-A0HI-01A,0.06825749,-0.17691725,0.050617993,-0.057532754,-0.17730045,-0.058805875,0.039936032,0.04578566,-0.0802024,0.100445196,0.032529388,0.08212122,-0.0069049955,0.23465365,0.1163751,-0.11451408,-0.02814494,0.059577625,-0.07411861,-0.13765772,-0.009484944,0.072130896,0.0066462387,0.23415278,0.15203968,-0.08963148,-0.14079088,-0.037433237,-0.028674513,-0.03944509,-0.0008764579,0.036803026,-0.041093215,-0.15796083,-0.25598824,-0.07795056,-0.10945306,0.052797325,-0.005613445,0.017814003,-0.15231861,0.12447268,0.16177191,-0.14180066,-0.053986806,0.0022995658,-0.011451178,0.013293878,-0.047285236,0.119827054,0.010088884,-0.023039173,0.11545979,-0.036152035,-0.017679855,0.09840933,-0.016651895,-0.012230549,-0.1394495,-0.043014932,-0.04314056,-0.08960343,-0.06554582,-0.03978919,-0.04042573,-0.041550413,0.12081563,-0.06682436,-0.04500076,0.014763582,-0.22354777,0.050588552,-0.008095894,-0.24236694,0.12615623,-0.051396586,0.020711616,0.009834841,0.13877663,-0.07970486,-0.014099365,-0.03158416,0.07995295,0.005419771,0.023908073,-0.14200164,-0.04447471,0.16405533,0.20482358,-0.030640287,0.029375473,-0.118113436,0.018698126,0.046839867,0.22403586,-0.097687505,-0.09834313,-0.13752432,-0.003409733,-0.03153544
TCGA-LL-A7T0-01A,-0.02862953,-0.0003561453,0.1493964,0.0942287,-0.028518392,0.16819708,-0.05236327,0.076906405,0.04595405,0.14454328,0.020762779,-0.0068922252,0.086294994,0.24421237,0.080350205,0.0269698,-0.11739533,0.10159239,0.012446118,-0.07325548,-0.04580118,-0.06820976,-0.030908171,0.029107383,-0.08603393,-0.1510097,-0.115344964,0.05818426,-0.11921901,0.10692015,-0.13459414,-0.060633488,-0.13983792,-0.11913184,-0.126481,-0.09691825,-0.051464558,-0.03408659,-0.017409243,-0.22764046,-0.073192514,0.14564826,0.13112554,-0.11913244,-0.05819333,-0.0024161604,-0.03816041,-0.0012980987,0.06323728,0.054787196,0.26680687,0.013426712,0.13375215,0.0381583,-0.06205479,-0.0064621214,0.08337945,0.12757523,0.01913987,-0.0048454884,0.06618366,-0.021240942,0.011825442,0.10856746,0.037618633,0.014275019,0.24186035,0.062060352,-0.067421526,-0.08331281,-0.20709226,0.09167534,0.011114624,-0.03461678,0.08878607,-0.020025428,0.01647683,0.16034482,0.19131275,-0.007350799,0.028617771,-0.15272763,0.02998263,0.14157698,0.024536785,-0.01959045,0.03780884,0.081238076,0.13409102,-0.08143244,-0.031885035,-0.08325285,0.099525504,0.07108436,0.041970275,-0.085800186,-0.17174478,-0.12618493,0.024318049,-0.15607277
TCGA-E2-A1LB-01A,0.10061158,-0.054281853,0.18066253,-0.05041561,0.023762215,0.16129819,0.11525691,-0.000115919334,-0.07561486,0.05128877,0.06374483,0.030970026,-0.06346824,0.25331295,0.102732405,0.0064424905,0.0046661696,0.001574049,0.0783615,-0.18326987,-0.00787027,-0.19973326,-0.104914986,0.16262145,0.06453852,-0.024337033,-0.17212376,-0.035644103,0.11107141,-0.04358907,-0.05974156,-0.0086533865,-0.12965462,-0.19497497,-0.09675216,-0.1268939,-0.05350027,-0.03020659,-0.0732008,-0.16473408,-0.028899705,0.10253717,0.072375715,-0.02386573,0.021772793,-0.04868563,0.07240643,0.058208473,0.19454895,0.06570521,0.14995646,-0.049691904,0.10473262,0.1016627,0.04738836,-0.00600222,-0.0009814122,-0.0041532996,-0.093884416,-0.0062961504,0.063300565,-0.039795037,-0.15937638,0.19119878,0.013997335,-0.0014492195,0.13319232,0.048493076,-0.065314636,0.07250005,-0.20058927,0.11748321,0.09793887,-0.23019186,0.058464732,-0.025801018,-0.07549729,-0.095290616,0.052637186,0.02901857,0.097259544,-0.091940396,-0.103411086,0.08264065,0.10579629,-0.08621563,0.043228664,0.064393535,0.17348872,-0.06874343,0.030136075,-0.05553776,0.18113376,0.080253474,0.08025327,-0.062139962,0.04110333,-0.12439515,0.0068743164,0.0462815
TCGA-A2-A0SW-01A,-0.044509854,-0.115386866,0.07494543,0.14644925,-0.051599693,0.036477644,-0.13142549,-0.039813925,-0.036422182,0.06586622,-0.057145417,-0.042189557,0.070732474,0.20650375,0.10601508,0.056762543,0.034076188,0.012854308,-0.045288682,-0.19868322,-0.010210823,-0.1465129,-0.24635169,-0.03405201,-0.07165759,-0.1130533,-0.13121629,-0.0775779,-0.044128656,-0.054220024,-0.0063593066,0.10608251,0.02203567,-0.14888161,0.00258226,-0.1327715,-0.087772734,0.031379748,-0.021856919,-0.004920304,0.063552335,0.027112218,0.16163929,-0.1014036,-0.022445964,0.014227938,0.10986809,-0.08040877,0.083237335,0.096697465,0.15628394,0.14044447,0.18021934,0.07176244,0.029898262,0.07275185,0.15794393,0.10073225,0.016799193,-0.048515916,0.05559328,0.025224743,0.0018137846,0.123440504,-0.14567588,0.07104764,0.19360204,-0.058729626,-0.1392976,0.040589646,-0.092044644,0.052091278,0.0012473289,-0.22111796,0.1290753,0.07176279,-0.11744844,-0.098440886,0.13340127,0.02474064,0.14070898,-0.1178749,0.012510086,0.08883642,-0.02672592,-0.06823349,-0.0008776358,0.0693574,0.19340506,-0.057044897,0.07302048,-0.2512479,0.06550623,-0.010214798,0.12222183,-0.07932191,-0.027304908,-0.014809395,0.01774384,-0.086841136
TCGA-Z7-A8R5-01A,-0.01501715,-0.18576568,0.09074169,0.050967135,-0.05409115,0.07673448,-0.07721152,-0.06280332,-0.011425098,0.1265872,-0.08226814,0.033365034,-0.019796327,0.19005941,0.05764929,0.100739814,0.014973406,0.11647242,-0.014176666,-0.065420866,-0.06864104,-0.036714815,-0.107088655,0.018239047,-0.08364089,-0.12819189,-0.2595707,0.016457576,0.04426703,-0.053523827,0.024300778,-0.043971326,-0.008061953,-0.08427873,-0.0012446647,-0.12131096,-0.10339255,0.089489125,-0.08362644,-0.1917532,0.11755771,0.052816305,0.031425826,-0.09822076,0.040099766,-0.06600833,0.10872248,0.0079551395,0.10784647,0.05540063,0.13407636,0.03815663,-0.013959398,0.096124955,0.066651136,-0.13614783,-0.052866366,-0.011679555,-0.025419725,-0.0038164342,-0.007150488,-0.017582754,-0.17757449,0.21641497,-0.015701521,0.0050323694,0.2367381,-0.026620984,-0.08459926,-0.080861874,-0.27597213,0.043160833,0.0130206235,-0.138411,0.11772776,0.02198553,0.025096951,0.054322295,0.11862753,0.07883445,0.08647982,-0.07148376,-0.0320909,-0.017477656,0.023731163,0.05113827,-0.010486997,0.03053998,0.19714431,-0.12041706,-0.0065030283,-0.06268067,0.26329848,0.059468195,0.123538665,-0.021452138,-0.031060435,-0.06294067,0.26551613,0.055261675
TCGA-AC-A2BK-01A,-0.073569864,0.025594745,0.034704715,0.03295737,0.023331143,-0.026005251,0.042836245,0.06817916,-0.022822866,0.06901651,-0.059775066,-0.1239035,0.031960417,0.23967528,0.11892604,0.049484786,-0.0049512037,-0.015992025,-0.015470434,-0.17681843,-0.21177036,0.012074238,-0.08907591,0.097982086,-0.091196015,-0.12327269,-0.24760547,0.016026843,0.025612371,-0.042033635,-0.03797455,0.057487544,-0.0896295,-0.1842515,-0.00014613809,-0.11686146,-0.014142704,0.08242102,0.026427459,0.0034606021,-0.13844162,0.09994108,0.008933455,-0.11566326,-0.099962436,-0.06845123,0.11833802,-0.08150433,0.0946287,0.13650407,0.16812071,0.037916336,0.105725564,0.14463407,-0.0690221,-0.106060326,0.07425453,-0.061290085,0.022636835,-0.08521218,-0.0039300346,-0.000593908,-0.03227145,0.068755195,-0.014414791,-0.035305962,0.2056234,-0.104509555,-0.10071231,-0.12420105,-0.11302647,0.04773887,-0.14588493,-0.13471209,0.11817432,0.04775566,-0.08582864,0.11367459,0.14274234,0.062607214,0.011140076,-0.06830134,-0.092959754,0.102646105,0.017529482,-0.003644871,0.0447728,0.09162237,0.2825247,-0.10472141,0.0715947,-0.1389502,0.09866555,0.05587314,0.14511363,-0.05190551,-0.0640655,-0.09209725,0.13951376,-0.120409295
TCGA-AC-A4ZE-01A,7.7390665e-05,0.0985234,0.11572568,-0.023569964,-0.016883597,-0.034934964,-0.03894074,-0.0004628064,-0.14469019,-0.01700013,0.028954385,-0.16809566,-0.004316965,0.24711111,0.17524654,-0.0063410713,-0.003637045,-0.049715634,-0.09516646,-0.16212152,-0.10365523,-0.013799229,-0.07641613,0.09812112,-0.0023941605,-0.05707114,-0.18437372,-0.035101485,0.055964507,-0.104783185,-0.009730649,0.07433557,-0.08875895,-0.22608176,-0.12656868,-0.081666194,-0.022231523,-0.021758283,-0.12345545,-0.20064679,-0.026857015,0.047246538,0.09591244,-0.12204301,-0.095197335,0.020370381,0.028098272,-0.094401725,-0.037681792,0.10210907,0.089350335,0.017643845,0.11762405,-0.047451746,-0.02202593,-0.011921278,0.033276793,-0.013381526,0.030844957,0.09989135,0.037903935,0.040268477,-0.20300399,0.09453203,-0.14337769,-0.06893746,0.16625556,0.025543906,-0.084953174,-0.0017171944,-0.17816907,0.030915251,-0.1149708,-0.25144446,0.21640192,0.08176806,-0.17581905,0.11504728,0.17735001,0.04605047,0.0032381348,-0.112733185,0.05034955,0.0029428764,-0.059757236,-0.07359069,0.10033317,0.08895605,0.046258133,-0.1273103,-0.070244454,-0.13228554,0.11457336,0.019395674,0.077542014,-0.08288729,-0.09996357,-0.008495828,-0.0028123944,-0.037401307
TCGA-E9-A1RC-01A,-0.005985654,-0.044765852,0.14370817,0.18150681,0.0037713493,0.1054343,0.0048509086,0.028598052,-0.15454596,0.08699175,-0.085288644,-0.0074031465,0.014355224,0.14855735,0.1643695,-0.13903254,-0.03243256,-0.007977091,-0.033348467,0.0025144352,-0.033155046,-0.046131108,-0.012918561,0.1395824,-0.1073987,0.10424034,-0.24662042,-0.00095767505,0.097582564,-0.09402323,0.056689177,0.0059473338,-0.087093465,-0.08836182,-0.09795358,-0.060331248,-0.0141236195,-0.09661817,-0.011110245,-0.16531539,-0.04256196,0.06746903,0.12665649,-0.09222504,-0.11296892,-0.072593436,-0.0042839404,-0.035663117,-0.0075878184,0.12104443,0.10658083,0.07674842,0.06424351,0.10708964,0.062018268,0.019860864,0.014760993,0.047985755,-0.06561103,0.034745906,0.06360539,-0.030037137,-0.111874044,0.034791056,-0.0859043,0.01619757,0.19230536,0.06792593,-0.10442786,-0.079009905,-0.21088754,0.16354442,-0.03067328,-0.20535527,0.11410114,0.16634431,0.018347535,0.12366321,0.29027823,0.06079445,0.09164594,-0.123363614,-0.064861506,0.1283817,-0.11843703,-0.13243136,0.088283844,-0.013620931,0.11504157,-0.14574271,0.12176096,-0.114275806,0.07191976,-0.0048290514,0.04852801,-0.0018984636,0.10361266,-0.026910616,-0.02120494,-0.10011574
TCGA-BH-A0BT-01A,0.023570126,-0.108936146,0.13408545,0.029966135,-0.02091066,0.15609998,-0.120010704,0.07204607,0.019594993,0.09403545,0.013345933,-0.03988101,0.04094621,0.22264937,0.13916267,-0.015088452,0.021547731,-0.04781508,-0.04242699,-0.06061842,-0.0089105,-0.102289975,-0.11094466,0.067794174,0.0010468661,-0.0681504,-0.2727658,0.011025283,-0.0075762914,-0.028729344,-0.040983442,0.020148523,0.1403079,-0.17022036,-0.10796253,-0.07267777,0.05305474,0.008020535,0.029301817,-0.16824867,-0.051027305,0.1717474,0.14962251,-0.18175232,-0.087713644,0.09943545,-0.036237907,-0.11877615,0.18810774,0.15049344,0.10950595,-0.022907382,-0.005586685,0.0028004588,-0.09245629,0.08733212,0.15510793,0.04979985,0.0017100023,0.023965918,0.036259323,-0.09160896,-0.08588295,-0.03654483,-0.06413418,-0.014180623,0.196267,0.08615649,-0.10042473,-0.10950347,-0.13382182,0.15617187,-0.010013176,-0.23150623,0.08263567,0.0294236,0.013074761,0.043624766,0.12593332,0.027185643,-0.033217218,-0.09830441,-0.0005204279,0.12725559,0.030568443,-0.11137218,-0.116577685,0.07850113,0.21894656,-0.11732801,0.065764196,-0.08219633,-0.089036405,0.05619027,0.03243072,-0.05838432,0.04184757,-0.06733646,0.15755706,0.0018171271
TCGA-EW-A6S9-01A,-0.07487758,-0.08311953,-0.009475684,0.01795719,0.008008184,-0.025082821,0.014041034,-0.02844752,0.050394792,0.11981565,-0.05338584,0.10314011,-0.011560863,0.2916096,0.107556246,-0.11075558,-0.096002266,0.16378419,0.07176139,-0.10174168,-0.035245527,-0.069842935,-0.1512214,0.22901587,-0.10716546,-0.10600281,-0.23978332,-0.02797923,-0.03539668,-0.045208022,-0.060062855,0.016807398,-0.10373614,-0.15832976,-0.14394361,-0.19225866,-0.024151294,-0.057090323,-0.09972512,0.043060604,0.023094604,0.02496906,0.10797082,-0.045636218,-0.10624467,0.04976622,-0.04353668,0.11405445,0.0030344191,0.10633732,0.069035016,0.036223706,0.14230472,-0.03693525,-0.039033007,0.015397955,0.12345398,-0.0409591,-0.06432066,-0.011277392,0.007931666,0.06153543,-0.16611607,0.026620327,0.00040869473,-0.022141473,0.13192363,0.04034395,-0.06267078,-0.0018364807,-0.1668439,0.068968385,-0.17355083,-0.2963392,0.15139547,-0.035740286,0.13144809,0.018923959,0.089630224,0.0032464103,-0.009510213,-0.057474405,-0.007736693,0.1836967,-0.024650056,0.022303319,-0.093473695,0.058062714,0.017883657,-0.1222308,-0.009365765,-0.19291267,0.101095885,0.0044681486,0.13048245,-0.038967382,-0.13521941,0.0017199625,0.0073247883,0.063482486
TCGA-EW-A1IY-01A,0.0049842256,-0.059693586,0.20109008,0.1060133,-0.017175453,0.041535243,0.04828315,0.113476016,-0.10259965,0.07921356,-0.015381516,0.07851965,-0.09020988,0.26659307,0.12539282,-0.022450298,0.050140396,0.04935483,-0.11682637,-0.029136105,-0.014815698,0.018970713,-0.09315205,0.048446648,-0.08126989,-0.018331017,-0.14180638,-0.07360876,0.024202416,-0.14333178,-0.09804452,0.050858267,-0.12301882,-0.040572822,-0.1668412,-0.09361771,-0.0136543,0.079121195,-0.013848432,0.029115096,0.00881824,0.2958369,0.21026117,-0.10042727,-0.031687297,-0.026839787,0.035966314,0.079427,0.1046031,-0.012692508,0.037289888,-0.018462269,0.016147893,0.0700901,-0.06995646,-0.05298775,0.09667063,0.1492803,-0.044748407,0.08069655,0.07471703,0.03817117,-0.13291635,-0.020518972,-0.065927505,-0.07425959,0.10862047,0.08195181,-0.2129469,-0.07380615,-0.2650133,-0.0016315518,-0.059326585,-0.2159626,0.07589018,0.0077058873,0.05792246,0.010637835,0.053088576,-0.04255443,0.03914709,-0.22085592,-0.040324066,0.117396,-0.0634538,-0.14143422,0.025107695,0.20422398,0.09196666,-0.11869475,-0.07095457,-0.033784032,0.033740476,0.099625885,0.041615173,-0.06421314,0.013204275,-0.04060988,-0.12571216,0.010921579
TCGA-E2-A1IN-01A,-0.00030405933,-0.039759565,0.11166953,0.0637451,-0.036606766,0.08539786,0.05493068,0.07657137,-0.04123143,0.13297376,-0.07153316,-0.063427515,0.0796285,0.10772899,0.11100774,-0.030134253,0.047148015,0.13081743,-0.082267836,-0.08578366,0.006701733,-0.06307666,-0.20521577,0.0376826,0.1140268,-0.017185612,-0.18494312,0.08273563,0.04034281,-0.08970221,-0.15559858,0.021839831,-0.2378299,-0.12181661,-0.0797753,0.020848084,-0.024197409,0.015491674,-0.08106314,-0.034728438,-0.048733696,0.01959519,0.111765735,-0.09674814,-0.099964194,-0.053083863,-0.012733917,-0.034536976,0.044057965,0.05471333,0.10304116,-0.008141026,0.10275921,0.0113010155,0.05558451,-0.1280979,0.14854631,0.17574595,-0.092404194,0.077751204,0.00013560127,0.044920653,-0.19717255,0.13393138,-0.11481057,0.045921203,0.2569732,-0.051673166,-0.15354598,-0.04502525,-0.20605303,0.060366683,-0.059348084,-0.2218498,0.054907933,-0.08216096,-0.05498527,0.022168223,0.13308802,-0.009215123,-0.106428236,-0.0721443,0.04606108,0.10310107,0.037840012,-0.11837591,0.039761398,0.14597236,0.21728007,-0.009916809,0.04218121,-0.049906075,0.10862483,0.0056567607,0.10268133,-0.09538724,-0.008908421,0.03683738,0.17795175,-0.11789922
TCGA-C8-A8HQ-01A,0.08481824,-0.17199302,0.033137415,0.05144498,0.017632341,0.120020755,-0.04489013,0.0013535097,-0.13715212,0.022939038,0.0089140255,-0.040829822,-0.052064884,0.13483834,-0.018986573,0.056607805,-0.0009634832,0.034666486,0.04358347,-0.09483997,-0.17733201,-0.14968917,-0.121049166,0.08568886,-0.1165686,0.07751848,-0.22603822,-0.008008786,0.015754236,0.02552747,-0.107727185,0.12706606,-0.056314606,-0.1971528,-0.1846575,-0.07451068,0.004857551,-0.028926378,-0.023843592,-0.044863712,-0.18959968,0.13292703,0.13372613,-0.182061,-0.02325262,-0.12565918,0.085104965,0.047241874,0.12913732,0.0779222,0.089858934,-0.13428518,0.07340249,0.02192468,-0.03540913,-0.027688023,0.046923246,0.09397944,-0.094485655,-0.022129469,0.027344529,0.06727857,-0.029970417,0.14478515,0.025500886,-0.056953214,0.1119926,0.046902705,-0.09351281,0.056609068,-0.20122102,0.08711669,0.050785586,-0.29346094,0.11297416,-0.016493252,-0.040313,0.000780182,0.13120027,0.13088432,0.026306907,-0.0061690556,0.04835749,0.06363148,0.08445851,-0.08369639,0.11695858,-0.0062062177,0.19811253,-0.08362884,-5.3472984e-05,-0.10987539,0.10906082,0.057922818,0.19223976,-0.05445561,-0.056833584,-0.12644824,0.013253225,0.07561123
TCGA-BH-A0C3-01A,-0.0915835,-0.18969807,0.12174515,0.08053843,-0.0012831314,0.03474964,-0.0108057475,-0.013022225,0.029155403,0.19874425,-0.07205493,-0.04384566,-0.088903345,0.10696562,0.13142909,0.10851967,0.11259128,0.07975506,0.0918364,-0.23343435,-0.103981145,-0.051690422,0.033009946,0.06081208,-0.0021331403,-0.09505314,-0.20159888,-0.03840308,-0.040510405,-0.08288768,-0.061976917,0.050901737,-0.042740393,-0.21851031,-0.06652335,-0.06591436,-0.08665254,-0.029683514,-0.006020944,-0.13702351,-0.17153999,0.15685828,0.16682398,-0.08634444,-0.030590115,-0.06796766,0.042080045,0.0045080646,0.017460572,0.123916976,0.112684175,0.15776229,-0.013142202,0.037447594,0.032364856,0.117157966,0.07843962,-0.021341965,-0.14893028,0.027101688,0.03132509,-0.037362345,-0.051667795,0.0045639435,-0.06845302,0.041746262,0.13856187,0.054101136,-0.10465265,-0.13570058,-0.1936794,0.09959092,-0.030223202,-0.23018156,0.022083363,-0.062046878,0.009754926,-0.07695864,0.21518855,0.013112396,0.06732261,-0.042451724,-0.11318535,0.14804395,0.012288713,-0.11074665,0.10373852,0.14735459,0.13126609,-0.050146222,0.12125366,0.0040346533,0.06484455,0.0015932425,0.12206005,0.033989612,0.030890081,-0.0639109,0.08996894,0.119755216
TCGA-E9-A1R5-01A,-0.033238586,-0.13272639,0.16623174,0.12717538,0.098319165,0.0720705,-0.021004086,0.08401695,0.036515646,0.06149001,-0.010064261,0.014155739,0.051203612,0.25468102,0.20294152,-0.057738766,0.032953694,-0.0040832083,-0.009174749,-0.015784442,-0.039922062,-0.060338832,0.0071547637,0.105577625,0.0088987015,-0.079150476,-0.20588984,-0.005765804,-0.06233688,0.039176248,-0.0049544657,0.04052934,-0.10781226,-0.04713292,-0.12619402,-0.20365104,-0.1801906,0.098326296,-0.046722997,0.093501486,-0.1442362,0.12548295,0.020531975,-0.13430129,-0.10535888,-0.005947674,0.058280047,0.06970086,0.0694122,0.08339144,0.11039964,0.06138752,0.06047876,0.11081812,0.022179168,0.050858192,0.11440137,0.013613044,0.0042557805,0.055928882,0.0899343,-0.023301542,-0.09002208,0.09603022,-0.010887245,0.02973514,0.23745917,0.032033585,0.03901677,-0.048714004,-0.06505747,-0.07309466,0.045342833,-0.25914857,0.098012954,0.032384075,0.040700402,0.058992893,0.13374823,0.070934705,0.10529497,-0.09352187,0.044376295,0.118342936,-0.0030913164,-0.07103083,0.0007142117,0.14241593,0.23627008,-0.11638967,0.0006663277,-0.15738025,0.14751643,-0.006296493,0.11733666,0.021765849,-0.11303375,-0.21090545,-0.0015432743,-0.08798764
TCGA-EW-A1P8-01A,-0.084732346,-0.083126016,0.07354809,0.012590571,0.0451093,0.02956672,0.05912354,0.032402754,-0.041353013,0.055944655,0.02624036,0.1630564,0.0033713304,0.2793337,0.22628848,0.079980634,0.13618876,0.14119661,0.07641612,0.024587525,-0.2077604,-0.064124525,-0.085539944,0.028001785,0.022947527,-0.08600785,-0.21412538,-0.12498364,0.0012598797,-0.0066977693,-0.16620986,0.07131686,-0.13378085,-0.15592927,-0.026683059,-0.14996812,-0.0068269027,-0.05805612,-0.041573662,-0.0141886035,-0.08082083,0.04190812,0.11318244,-0.04328632,-0.09057728,-0.04280055,0.036229584,-0.01855163,0.077162065,0.009121907,0.16725723,0.101031534,0.044417504,0.04106425,0.039768722,0.07555024,0.0731893,0.088338144,-0.06865015,0.07597137,-0.050807834,-0.036945563,-0.0336071,0.093959,-0.10578792,-0.033895668,0.19756277,-0.024797203,-0.08287642,-0.03344218,-0.22158138,-0.0044343984,0.007819313,-0.16002642,0.2751137,0.11549009,0.06583014,0.012040085,0.16297188,-0.0871312,0.064498425,-0.102479905,-0.04726572,0.052843336,-0.050203763,0.060765736,0.06487864,0.16738252,0.15188703,-0.030579265,0.02791474,-0.13619636,0.14775379,0.047720857,0.0917555,-0.006789898,-0.06400008,-0.017943166,0.058232643,-0.016410457
TCGA-E2-A15K-01A,-0.005781817,-0.06144799,0.13177152,0.16342758,-0.06910082,-0.02712853,0.038473587,0.15616818,-0.030988192,0.13858029,0.066236675,0.0160698,-0.069271326,0.3000788,0.11526186,-0.05014305,-0.004145724,0.060756844,-0.03391881,-0.07784187,-0.07767788,-0.12036189,-0.0462078,0.10127106,-0.059831303,-0.0619518,-0.17281447,-0.09080717,0.09846823,-0.03457402,-0.021103395,0.053536627,-0.11361967,-0.11219357,-0.10743791,-0.09549026,-0.12736061,0.057124358,-0.05457876,-0.028678674,-0.12103157,-0.016271183,0.17882341,-0.106102586,0.076921776,-0.065142,0.051628638,-0.0036555128,0.043639243,0.02915969,0.10540643,0.034861553,0.15781972,0.2024723,-0.06342858,0.08931411,0.085245155,0.18524855,-0.10376871,-0.028429883,-0.050497543,0.0012007431,-0.040746856,0.07454164,0.038038477,0.0035035007,0.08050522,0.0028167423,-0.054126855,-0.019798137,-0.14135416,0.07802981,0.076388456,-0.30178687,0.21480028,0.050804693,-0.018408528,0.10749275,0.10738631,0.039765902,-0.02542426,-0.101561986,0.14965333,0.06446304,0.006452185,-0.14188944,0.055903938,0.12564626,0.14423327,-0.034283143,-0.00031705108,-0.17617743,0.09943181,-0.015917553,0.053026427,-0.06482727,-0.07117745,-0.017857827,-0.031763747,-0.15568103
TCGA-GM-A2DI-01A,-0.049172573,-0.12850109,0.0061496515,0.033952404,0.020456452,0.02195299,0.048864625,-0.02000057,-0.034049783,0.14369015,-0.016187504,-0.046253845,-0.03431417,0.2685603,0.13443315,0.044378232,-0.02531793,0.086984545,-0.020983996,-0.22700188,-0.07581502,-0.041456215,0.030994942,0.14386171,-0.066479005,0.033075303,-0.13420893,-0.0252289,-0.12632558,0.007975661,-0.053447388,0.119426474,-0.104031526,-0.09400702,-0.20262432,-0.157894,-0.079383224,-0.03531501,-0.04624072,-0.0020164188,0.012220032,0.094192915,0.0017785687,-0.045424834,0.121136785,0.028652037,0.063137054,-0.011342151,0.015154601,0.13762954,0.23770523,-0.04444297,-0.031838648,0.0843048,0.015718324,-0.15427355,-0.03663742,0.12857823,-0.024143798,0.11763364,0.027044952,0.0074103023,-0.18014826,0.2588854,-0.07801873,0.04910086,0.14027575,0.023695605,-0.18497126,-0.013854887,-0.13300982,0.1543266,0.07778617,-0.24110916,0.004795247,-0.0030416327,-0.08744666,-0.0060967505,0.09340574,0.030459423,0.077408604,0.030485597,0.036011025,0.14119257,0.12259605,0.021087365,-0.057095107,0.09651971,0.10348472,-0.04392783,0.03730415,-0.20526324,0.11237482,0.049259298,0.094775096,-0.0004516566,0.046652853,-0.061327938,0.029684985,-0.11914672
TCGA-EW-A6SC-01A,0.059232995,-0.056642834,0.13413537,0.039208986,-0.03611481,-0.06663332,0.0054280646,0.024542391,-0.09048552,0.115339056,-0.040942337,0.12951928,0.06682292,0.2426541,0.19251862,-0.09561837,-0.033578355,0.2062837,0.07893393,-0.108826146,-0.08239892,-0.06407468,-0.08114003,0.14628062,-0.19639383,-0.17246231,-0.21038738,-0.028456556,0.008430469,-0.07059216,-0.05723742,-0.03534742,-0.121422425,-0.14203139,-0.16659245,-0.039134644,-0.007760998,0.010065276,-0.017061785,-0.03038047,0.058965273,0.02238591,0.10443159,-0.12749562,0.059254244,0.03833069,0.06449404,0.12924647,0.0831224,-0.0148588,0.10423293,-0.0018924427,-0.013774184,0.08853576,0.030216774,0.04178962,0.22553295,0.1188945,-0.060860805,0.022411505,0.06321806,-0.027684683,0.0022467251,0.08528236,-0.0051820786,-0.1608151,0.07062108,-0.021981502,-0.08536285,-0.1770206,-0.13704951,0.08133027,0.041586775,-0.25609532,0.1716043,-0.044178456,0.0595102,0.14169979,0.17595546,-0.035845492,0.0223263,-0.026943948,0.01756196,0.11917653,0.059093762,-0.0985965,0.076577276,0.06599321,0.13610643,0.023202201,-0.03405669,-0.04541354,0.0729851,0.13005446,0.08315891,-0.1446191,-0.004868325,0.011445524,-0.009819846,-0.007464353
TCGA-E2-A1BC-01A,-0.11400994,-0.08402419,0.087568805,0.09906224,-0.03584045,0.21013726,0.010792129,0.09048893,-0.092539266,0.021016752,-0.053479835,0.037180528,0.08807916,0.34416014,0.124656014,0.047030877,-0.07033731,0.10787576,-0.04679978,-0.29839775,0.086896345,-0.056966167,-0.0938126,0.057791084,0.02286908,-0.05750705,-0.20387389,-0.10475653,-0.027244162,-0.06791866,-0.044202704,-0.051032502,-0.14207235,-0.14272787,-0.09942897,0.04583707,-0.046923213,-0.043147173,0.038484234,-0.15302184,0.023566196,0.15594624,0.13992682,-0.04669283,-0.009101747,-0.15913765,-8.878934e-05,0.0701731,0.079963304,0.1602366,0.13113362,0.034006346,-0.058318876,0.13948157,-0.0690421,0.09035892,-0.064938836,-0.014013856,-0.016563091,0.03800192,0.009333295,0.09588214,-0.057917297,-0.03573974,-0.000770542,-0.06059263,0.08280535,-0.045186896,-0.059059534,-0.015704416,-0.21514982,0.032196295,0.0062619275,-0.15313943,0.15860827,0.02956335,0.035511658,0.048314173,0.12675211,0.09521455,0.007977784,-0.052406795,-0.045847237,0.034356337,-0.003520568,-0.043315116,0.017289303,0.18512863,0.17643006,-0.04084043,0.058185834,-0.16134228,0.07921166,0.047541723,0.04479161,-0.086096734,-0.09029525,-0.069037,-0.10129186,-0.04442834
TCGA-A7-A26G-01A,-0.08336164,-0.09071892,0.21839336,0.072941124,0.07521161,-0.030782543,0.0603355,0.015983919,0.042202353,0.15186694,-0.044203583,0.1280308,-0.04607555,0.27451912,0.15165591,0.020810802,-0.035479683,0.13731225,0.05302486,-0.13803087,-0.15083656,-0.057503592,-0.024120862,0.051248267,0.084118254,-0.11746357,-0.13541824,-0.0591116,0.00024261876,0.048455432,-0.011083525,0.121293746,-0.020029942,-0.091278315,-0.13487245,-0.06760964,-0.0076031513,-0.0029973653,0.045526348,-0.018060062,-0.032936353,0.08738452,0.08710669,-0.13458237,-0.06368677,-0.09848738,-0.05612137,0.04288619,0.11415059,0.12460458,0.12756272,0.031182839,0.1506206,0.08215316,0.05981001,-0.041982245,0.10682669,-0.04718869,0.006408394,-0.048842147,0.12689012,0.0724873,0.00082049996,0.049244538,-0.09423583,-0.047711823,0.16047728,0.08963403,-0.06277811,-0.09011184,-0.2719648,0.11938823,0.0022522528,-0.16272615,0.08589967,0.030271862,0.017314855,-0.014308119,0.1719479,-0.056295905,-0.026171103,-0.081058204,-0.049892742,0.026866477,0.0033467943,-0.13080378,0.05562426,0.1519715,0.22582424,-0.04201163,0.08588066,-0.15954915,0.16023134,-0.11162806,0.06834157,-0.13506493,-0.12967545,-0.052176807,0.07039212,-0.01901577
TCGA-AO-A1KS-01A,0.0038430735,-0.0689963,0.10981687,-0.024688482,-0.005622161,-0.028654862,-0.010864163,0.0034984457,-0.030221377,-0.02799026,0.02459565,-0.060028534,-0.0062244628,0.25709137,0.13850334,-0.026418842,-0.029919399,0.07256067,-0.04740707,-0.06786535,-0.11003899,0.004329771,-0.07297412,-0.11820207,-0.19244976,0.07891025,-0.28063264,-0.011185481,0.010827627,-0.02985376,-0.028483693,0.015227492,-0.03502629,-0.07970169,-0.20424229,-0.13236925,-0.057923272,0.00705566,-0.021661604,0.020343397,-0.07211156,0.0856485,0.18852253,-0.08057031,-0.015485324,-0.0744367,0.097665586,-0.05812243,0.07449535,0.19846103,0.22268522,0.16439453,0.053453296,-0.008991824,0.10788114,0.026813742,0.049765244,0.015367132,-0.058677685,0.11890021,0.0303276,0.07255814,-0.11577608,0.15154387,-0.0022368457,-0.041856673,0.15968278,0.022044644,0.041211028,-0.09164691,-0.3121636,7.266881e-05,-0.093065925,-0.20085397,0.01649506,-0.06427589,-0.021794995,-0.009739715,0.06690514,0.01260144,0.061303247,-0.12349809,-0.016301781,-0.04471516,-0.06923224,-0.17933778,-0.09103994,0.16022803,0.16297221,-0.0109175565,0.07848091,0.059857838,0.05286574,0.11835802,0.14837985,-0.09002574,-0.03599503,0.012458431,0.073441796,0.026020812
TCGA-4H-AAAK-01A,0.029935488,-0.0236109,0.16666771,0.054220267,0.010304211,0.041215595,-0.039703645,0.084005736,0.030357044,-0.016316084,-0.064557545,-0.017937893,0.039675657,0.2003968,0.13931149,-0.047274288,0.016171265,0.024122667,-0.1086021,-0.1353649,0.03660288,-0.10915535,-0.050056305,0.05442745,-0.009863308,0.040936235,-0.19485757,-0.07601543,-0.0027178952,0.0002647513,-0.14200373,0.008168802,-0.10681691,-0.1884419,-0.07708921,-0.06840394,-0.17994313,-0.09263863,-0.08723789,0.08253854,-0.109349266,-0.027355267,0.17886783,-0.10329704,-0.03613003,-0.051978413,0.060112946,-0.0743308,0.020900376,0.15289141,0.16222899,-0.08277642,0.08434627,-0.025983645,-0.026761936,-0.084552534,0.2146094,-0.056568053,-0.13857168,0.07016986,0.1160847,-0.0076511833,-0.070225075,0.031189306,-0.037276976,-0.08702512,0.2081043,0.020954123,-0.046123296,0.064606726,-0.22275704,0.12513736,-0.0542636,-0.2034888,0.0865614,-0.0035205984,0.065084636,0.1311289,0.15823571,0.0013973152,0.103083566,-0.05244896,0.037355196,-0.033174835,0.042010058,0.01312195,-0.14568174,0.08755159,0.06075789,-0.005192837,0.11301372,-0.15693375,0.03820962,-0.0023859106,0.18883286,-0.108337335,-0.040080983,0.08781031,0.18812224,-0.14828154
TCGA-BH-A0AZ-01A,0.023549428,-0.056008916,0.12703171,-0.003542495,-0.037930563,0.09642659,0.053193778,0.022389065,-0.04013165,0.036788076,-0.027944159,-0.017899966,0.034373086,0.08454398,0.0833984,0.010427036,0.02892659,0.077657804,-0.0877551,-0.14761768,0.033640012,-0.18426797,-0.1649719,0.20721985,-0.011468948,-0.06433968,-0.17462324,-0.070541546,0.016546352,-0.029540632,-0.011356401,-0.030756831,0.045682754,-0.13451464,-0.12497444,-0.23452412,-0.058969032,-0.14260991,-0.037139032,-0.032058027,-0.100094005,0.067024484,0.11017389,-0.23266429,0.040595263,-0.010460382,0.18883795,0.012134267,0.14851065,0.16687807,0.06977993,-0.000104803585,0.08542564,0.18353038,-0.0060192705,-0.05716872,0.03717996,0.047469646,-0.13241957,0.009254096,0.10723761,-0.00970996,0.041992437,-0.009970769,-0.12739338,-0.18733054,0.15884914,0.037851125,-0.1683282,-0.060674638,-0.18005782,-0.0015744312,-0.119349375,-0.17417598,0.22154844,-0.036319036,-0.044125777,0.06161777,0.19358858,-0.07075134,0.056672238,0.055794828,-0.005087383,0.11495106,-0.08596666,-0.08707168,-0.01023664,0.04090523,0.053271607,0.018819183,-0.034458216,-0.020214614,0.14765039,-0.014651964,0.15593421,-0.113011755,-0.06338479,-0.0028440247,-0.00780695,-0.06324183
TCGA-E9-A2JS-01A,-0.00630114,-0.10378835,0.22824705,0.04473129,-0.04443053,0.062637776,0.05360179,0.007971671,0.052574214,0.14763601,-0.04545766,-0.052431207,0.093436435,0.23749337,0.0049550994,-0.01648297,-0.09557669,0.0096675735,0.061752845,-0.075369984,-0.09945304,-0.090004936,-0.10584585,0.08025068,0.023415033,-0.06459266,-0.17340514,-0.091285825,-0.007529275,-0.020342452,-0.024605593,-0.03558867,0.04041699,-0.1771912,-0.19774753,-0.07016901,-0.064064346,-0.07655111,0.013952325,-0.18256712,0.0044265725,0.12162213,0.15068008,-0.16668338,-0.053252835,-0.08554373,0.19626944,-0.0097928755,-0.0024723148,0.2919405,0.20133135,0.07215419,0.1469578,0.05126283,-0.06848566,0.008601755,0.10439985,0.0046283836,-0.033933096,0.038390454,0.0825195,-0.057388354,-0.051284462,0.10783265,-0.01267332,0.030607173,0.19689311,0.117413424,-0.0632944,0.08191503,-0.06796194,-0.024353279,-0.0026332901,-0.1853803,0.1243532,-0.03504124,0.0892352,-0.103231765,0.09729319,-0.012192879,0.08525017,-0.15531543,0.031669848,0.09394351,0.008257441,-0.14786811,0.043356124,0.047771785,0.05771376,-0.02194401,0.1384493,-0.05079654,0.094716735,0.048121184,0.10425625,-0.14803287,0.042100977,-0.09130665,0.05351141,-0.01851874
TCGA-D8-A73X-01A,0.08350941,-0.018466026,0.095484406,-0.03938026,-0.020439386,0.10847248,0.09103354,0.03245076,-0.014311154,0.106327794,0.011238873,-0.09106649,-0.041450754,0.20132747,0.10140018,-0.10893993,0.05088817,0.06773073,-0.101852946,-0.18604982,0.032095,-0.005365671,-0.0028719413,0.18417314,0.052426852,-0.073247835,-0.2035975,-0.0010312147,-0.0010290426,-0.073448844,0.013214387,0.06251328,-0.15815459,-0.22416036,-0.12562135,-0.030974915,-0.068602405,-0.07612086,-0.08101124,-0.071893156,-0.011425147,0.1114556,0.11002558,-0.13774294,-0.058104374,0.049883038,-0.06059447,0.12112704,0.058388874,0.12449412,0.082255445,-0.04315103,0.08851597,0.10317132,0.08976628,0.0073004267,0.0074128956,0.06942538,-0.00570231,0.06434053,0.06875992,-0.016288415,0.035728995,0.23173395,-0.1463107,-0.1083225,0.21535799,-0.008818277,-0.026571043,-0.03540986,-0.21396427,0.1780288,-0.07347666,-0.14999901,0.13285339,-0.066120274,0.06259187,-0.054888465,0.24131265,-0.14343931,0.008502148,-0.015678298,-0.039289784,-0.026962621,-0.086435564,-0.11550261,0.012837196,-0.033408232,0.21562359,-0.013957778,0.04450113,-0.12172541,0.07256168,0.07956186,0.11719706,0.05424754,-0.09724761,-0.018921396,0.054784223,0.028299881
TCGA-OL-A66K-01A,0.037457395,-0.123324804,0.17079489,0.055647645,-0.034585875,0.002296205,0.004022513,0.055699024,-0.058583725,-0.015870115,0.03762151,-0.021497542,0.082515,0.26350924,0.15638499,0.08687622,-0.042735536,-0.01917358,-0.045021538,-0.11939875,-0.02730086,-0.049622793,-0.09690267,0.05392344,-0.03695173,-0.10977507,-0.19615103,-0.015203376,-0.0599232,-0.056078497,-0.1849719,0.12798332,-0.030252684,-0.14736965,-0.054638844,-0.14269523,-0.07772526,-0.057604264,0.10831935,-0.05125365,-0.04451325,0.062389024,0.1172895,-0.024789976,-0.1007114,0.005949881,-0.051812574,0.040163655,-0.03297975,0.14490533,0.06518936,0.06495788,0.043193884,0.06946374,-0.022752313,-0.013151156,0.082286105,0.08304443,-0.19329871,0.070936,-0.0038876901,0.08739796,-0.13667664,0.063203625,0.0012699345,0.01859973,0.2074955,0.022146985,0.00011137968,-0.09879092,-0.12719734,0.11391542,-0.19163254,-0.23694368,0.08182629,-0.026023908,-0.0135226585,0.050182775,0.13963392,-0.025456548,0.023074195,-0.26130158,-0.0058697355,0.11585823,-0.013166684,-0.19439316,0.05889018,0.07805955,0.058393206,-0.023535771,0.11621847,-0.11661681,0.115796484,0.010179787,0.12565422,-0.17951356,-0.039350484,-0.046543922,0.14317723,-0.0911554
TCGA-A2-A25D-01A,0.01665924,-0.118652925,0.118496425,0.110172726,-0.0038538028,-0.094223134,-0.039703727,0.054822084,-0.08842219,0.12799627,-0.024373602,8.02802e-05,-0.014951017,0.17879237,0.20939241,-0.087647215,-0.07842796,0.07239707,0.0524177,-0.12285787,-0.0019709454,0.0007249165,0.0073909634,0.089187264,-0.07575205,-0.08659498,-0.2194782,-0.031351253,0.027588803,-0.106385514,0.07844901,-0.10602974,0.01381547,-0.14230679,-0.15011209,-0.19877125,-0.028138189,-0.1021418,-0.10163124,-0.08901265,0.04411061,0.11130188,0.09306305,-0.15353434,-0.09154535,-0.034793224,0.08279458,0.036315545,-0.0021793607,0.19023508,0.13218887,0.07745862,0.07036465,0.048058037,-0.022905698,-0.102280974,0.073145255,0.16944878,-0.06019721,0.039165776,0.074628085,0.048023105,-0.12949759,0.22797799,0.0049153008,0.00593052,0.07352631,0.013484609,-0.09096238,-0.04988847,-0.18623126,-0.007327502,-0.010289268,-0.25040844,0.2345893,0.09975052,0.023220325,-0.09984069,0.092861116,0.009615377,0.10016331,-0.06062802,-0.012197659,0.081467554,0.022841446,-0.03936052,0.014297347,-0.00076285,0.12666935,-0.01990303,-0.08021207,-0.11396604,0.09649061,0.1614326,0.16043693,0.0024396528,-0.086467214,-0.10257241,-0.023653558,-0.042946495
TCGA-E9-A22D-01A,0.074769974,-0.05046493,0.20994319,-0.08556712,-0.044899773,0.05249403,0.06101599,0.07954962,-0.036108464,-0.006502401,0.023027187,0.054841615,0.033775296,0.118037805,0.060239136,0.0023745259,-0.05960807,0.09911075,-0.0484283,-0.07752626,-0.14869262,0.043332703,-0.09423645,0.08212134,-0.03852165,-0.08440882,-0.33327675,-0.031404115,0.11875132,-0.08611056,-0.07474322,0.010941063,-0.042600773,-0.15223266,0.09027609,-0.059840664,-0.06285285,7.4368277e-06,-0.1160632,-0.051559493,-0.054150324,0.0005160704,0.16517012,-0.1505403,0.0031512687,-0.072108604,0.019834742,0.04694321,0.049961008,0.107944034,0.1645941,0.092072286,-0.010717877,0.018657714,0.072407156,0.022471813,0.08292845,0.054041825,0.07722054,0.11480383,0.12725803,0.061357763,-0.10089556,0.14751679,-0.072562926,-0.05726636,0.23643613,0.052276753,-0.032758065,-0.09383034,-0.25111258,-0.10315144,-0.15446901,-0.08676678,0.06563731,-0.017365407,-0.03273621,0.04160098,0.11618657,-0.05125418,-0.014132489,-0.21354134,-0.054565955,0.088953845,0.037311394,-0.09872044,0.07202125,0.035143845,0.18199079,-0.11138618,0.091135055,-0.15890257,0.06811208,0.051220007,0.17608571,-0.03414198,-0.0152594205,-0.14399475,0.038071103,-0.1330323
TCGA-E9-A1N8-01A,-0.049903516,0.014930392,0.19427459,-0.03551281,0.05669882,0.14922072,0.09617161,-0.08395156,-0.04832725,0.09404268,0.024472304,0.06724636,-0.00068417966,0.27545434,0.08005194,-0.018533947,-0.077497035,0.0037558232,-0.028427059,-0.11953867,-0.12572698,-0.026799886,0.03497959,0.08236838,0.007617099,0.026608247,-0.19116338,0.035324186,-0.017477043,0.014983769,-0.1419374,0.08286477,-0.1560805,-0.103035726,-0.14563161,-0.116306566,-0.18393856,0.004944424,0.042736273,0.0098612225,-0.03049097,0.14396244,0.16578066,-0.08846528,-0.11117345,-0.124442644,0.023196068,0.036382508,0.2849009,0.05867989,0.24209614,0.016228076,0.032171812,0.13303883,-0.10337091,0.001488618,0.13292469,0.12735358,-0.0015158773,0.0928566,0.047229934,-0.016000653,-0.124102265,0.1189348,-0.10712494,-0.06636737,0.14790598,0.021209938,-0.12893054,-0.054828376,-0.1112373,0.013134212,-0.10726236,-0.13553652,0.16744623,-0.034059525,-0.049462248,-0.0024293596,0.17155069,0.03553567,0.023340194,-0.16711904,-0.02404947,0.0068055172,0.042342346,-0.04261414,-0.08726479,0.071955554,0.16143578,-0.046564005,0.021376027,-0.04954717,0.052802373,0.0537397,-0.0028664498,-0.09182595,-0.08957751,-0.055829726,0.034677543,0.022443624
TCGA-A2-A1FW-01A,0.0056386073,-0.092770234,0.19632676,0.029494317,0.0572739,-0.014460975,-0.033680376,0.11293654,-0.017510194,0.08795129,-0.11225567,-0.011669749,-0.006348578,0.27858174,0.13225466,-0.028302569,0.05440846,0.12723126,0.029934451,-0.12137122,0.030076748,-0.06169673,-0.13246,0.0037885879,-0.0074775154,-0.014758699,-0.2509092,-0.039785188,-0.10317414,0.011923616,-0.0787657,0.10371329,-0.030453429,-0.17341816,-0.14829163,-0.21631964,-0.071377486,-0.030861873,-0.122952834,0.0849993,-0.09507589,0.21247327,0.099531144,-0.14762023,-0.06152622,-0.012019629,0.046132784,0.058978777,-0.16154195,0.15499781,0.009040017,0.13353978,0.0614509,0.110279426,-0.07381324,-0.020906774,0.021350533,0.03673505,-0.10029494,0.073862374,-0.009728123,-0.031185076,-0.015516221,0.16321291,-0.10374016,-0.02006795,0.19481736,0.039850157,-0.06692971,0.05600388,-0.1270505,0.017791968,-0.019403584,-0.19020894,0.09545319,0.026883999,-0.049569894,0.12974072,0.14425783,-0.02490479,0.08210564,-0.12090494,0.042090464,0.11548303,0.07157451,-0.059862167,-0.02035785,0.080391064,0.1268014,-0.06261108,0.060038522,-0.060736105,0.12019083,0.071537994,0.12835339,0.03266736,-0.07221944,0.036526762,0.14971194,-0.047132697
TCGA-E9-A295-01A,-0.13996711,-0.069866806,0.12407715,0.084333405,-0.017482053,-0.031090615,-0.11114555,0.037565447,-0.03652541,0.07128766,0.0064406632,-0.07047906,0.012097026,0.15308133,0.098084494,-0.01544863,-0.09865951,-0.031109544,0.023743775,-0.08587057,-0.013414836,-0.07522107,-0.090980455,0.13495526,0.09853355,-0.09838927,-0.32224584,-0.059827,0.040368956,-0.029853271,-0.1653513,0.1426706,-0.091363825,-0.116173714,-0.1700346,-0.0555307,-0.013943483,-0.11455425,0.02765969,-0.05746381,-0.13237256,0.0054164124,0.103917256,-0.18265568,-0.018547263,-0.011533087,-0.032684684,0.055710696,0.07642527,0.11176529,0.022200303,-0.07720893,-0.02747997,0.08090874,-0.095820844,0.018062374,0.09507605,0.093026586,-0.065950006,-0.008528204,0.16127944,-0.054159176,-0.026014803,0.1035599,-0.048166372,-0.008590934,0.2665345,0.00743894,-0.16231646,0.021434098,-0.104112685,-0.058471594,-0.1941653,-0.048048206,0.1498627,-0.12390581,0.049694438,-0.009112892,0.14751045,0.05849724,0.06400275,-0.14591129,0.004749667,0.0067416676,0.07343572,-0.13627796,-0.020538528,0.14292152,0.24730058,-0.068486795,-0.02409276,-0.115880236,0.13999635,0.036458347,0.004613261,0.018586738,-0.026924912,-0.053805325,0.12101918,-0.11699715
TCGA-LL-A73Z-01A,0.06629289,-0.027571585,0.22683825,0.04154453,-0.092637196,-0.041361544,0.16768347,0.12280071,-0.13639921,0.06710848,0.10618331,0.024463229,-0.015439191,0.25778338,0.077312164,-0.08273875,0.08605076,0.14985333,0.14157659,-0.11565726,-0.007534676,-0.04163322,-0.026410153,0.05905441,-0.025908247,0.09134613,-0.13288213,-0.07060811,-0.12546082,-0.076898165,-0.11995376,0.119086124,0.042911157,-0.10507872,-0.13267124,-0.15506513,-0.11874752,0.053669672,-0.07147282,-0.0110261515,-0.030450352,0.032031484,0.014735912,-0.06610977,0.0085780835,-0.004632513,0.058656245,-0.028227815,0.17129119,0.19932486,0.1790432,0.021580769,0.062464885,-0.017989747,-0.0039853896,0.050600644,0.15179896,0.0068237367,-0.09803917,-0.001124782,-0.010378661,0.04316969,-0.16378449,0.041603837,-0.013750847,-0.0976052,0.18533525,-0.1079355,-0.09356273,-0.044557087,-0.15108383,0.13825294,-0.013570991,-0.19910017,0.11213935,0.06583313,0.010072563,0.094743684,0.13102064,0.05041425,0.03326596,-0.07374293,0.15898897,-0.00830416,-0.024440495,-0.09543375,-0.025717774,0.19081941,0.12245675,-0.10009372,-0.038997784,-0.1451202,0.15561916,0.0030223974,0.04691434,0.02780614,-0.122286245,-0.0015071621,0.019721484,0.023972102
TCGA-E2-A15I-01A,-0.008559009,-0.043360893,0.10888857,0.11440113,0.0030879814,0.13453926,-0.11442513,0.024426037,-0.09756937,0.0723295,-0.19430023,-0.034203704,-0.1186763,0.114602685,0.10018548,0.046040583,0.05241039,0.22074701,-0.063361086,-0.062419314,0.015550272,-0.08072433,-0.056900665,0.042347994,-0.046974886,-0.19125926,-0.15931031,-0.0063923188,0.011267449,-0.076314814,-0.10884641,0.05603805,-0.07254621,-0.21373844,-0.16543414,-0.14629455,-0.08102981,-0.16160554,-0.03043131,-0.06517675,-0.06211838,0.028848296,0.13119231,-0.09578701,-0.08377991,-0.016768105,-0.023742668,0.07921913,0.14672846,0.088645,0.02810065,-0.02681612,0.019085446,0.13208358,0.05534595,-0.031431917,0.10188856,0.023692831,-0.017727632,-0.016405556,-0.0003346134,0.14858708,-0.090187855,0.055554792,-0.10174205,-0.06140568,0.24150875,0.022635348,-0.06336784,-0.022384863,-0.22784622,0.08568929,0.036377426,-0.25042406,0.109507576,-0.05674922,-0.037246857,-0.01670531,0.07446099,0.045834463,0.020297715,-0.04032115,0.005986519,-0.039735384,0.04799707,-0.075972304,-0.07842048,0.048703153,0.07250854,-0.06277067,-0.16132888,-0.13494825,0.012990975,-0.060441744,0.18434085,-0.10508821,0.06555482,-0.056816805,0.08446587,-0.22152266
TCGA-A2-A0T1-01A,-0.030445766,-0.015992666,0.11470819,0.120399326,0.015694834,0.04591901,-0.07090349,0.05809239,0.08106,0.11457608,-0.061138712,-0.11897593,0.034940116,0.24953586,0.081326865,-0.067084916,-0.07359929,0.074125476,0.038299263,0.017975729,-0.10137239,-0.1376983,-0.16491732,0.050422143,-0.045529358,0.051996022,-0.2224229,-0.12578979,0.0677786,-0.14589502,0.014548565,0.004563832,-0.094995774,-0.15398149,-0.18346202,-0.023570454,-0.10945534,-0.04516448,0.055214047,-0.061118193,0.008970774,-0.015839577,0.061470322,-0.14946866,0.002242793,-0.045993254,0.08864451,0.054363396,-0.036606707,0.10801655,0.19462375,0.023382865,-0.0500315,0.2157042,-0.028181575,0.06181959,0.00040712667,0.05339448,-0.07343127,-0.020929016,0.020564668,0.1061371,-0.09512175,0.1314666,0.022433672,-0.0270817,0.25363657,0.02844788,-0.12648344,-0.10161852,-0.2183519,0.0801514,-0.048104268,-0.22885202,0.1860208,0.08635465,-0.0024133525,0.08137504,0.16331002,0.012110341,0.037740976,-0.08430578,-0.0075757685,0.05829056,-0.06423029,-0.1087347,0.025813837,0.091660395,0.19110411,-0.021055283,0.09091078,-0.07756439,0.055032164,0.0978104,-0.004109258,-0.048104722,-0.10076704,0.03756368,0.063375,0.07535423
TCGA-AN-A0XS-01A,0.032302584,-0.07877018,0.19959794,0.095120475,-0.041323893,0.11218558,-0.041026223,-0.010617274,-0.078676306,0.16300923,-0.03514936,-0.17194669,0.035770915,0.19401255,0.07841883,-0.06609941,0.008030701,-0.06898383,-0.041194733,-0.2022815,-0.105102636,-0.1372551,-0.03897948,0.047414858,-0.05162425,-0.012046056,-0.07975226,0.10242621,0.05388876,0.01439464,-0.098687924,-0.013486908,-0.035142377,-0.2895225,-0.13145266,-0.12855545,0.021986032,0.016389493,-0.22221504,0.059663344,0.00845204,0.044443987,0.17918253,-0.08846971,-0.09698209,0.043357927,0.104144484,-0.05976744,0.0041065537,-0.036816135,0.11776227,-0.010005527,0.033750176,0.03782458,0.00062969036,-0.029470365,0.08841728,-0.038734734,-0.060985383,-0.03942507,0.025460783,0.00216106,-0.08182923,0.17882122,-0.05225208,-0.17691027,0.17105378,0.14833637,-0.13966995,-0.050962564,-0.09896282,0.059033826,0.02914379,-0.19995667,0.058459055,-0.098346874,0.09369773,-0.02158536,0.24335061,0.0075666667,0.07247923,-0.11449587,-0.030546205,0.08400689,-0.07258208,-0.06839325,-0.017006733,0.011226545,0.17019886,0.0043124603,0.109580226,-0.14360794,0.115640536,0.022215778,0.028462997,-0.10295131,-0.018661028,-0.09037674,0.11272632,0.010218065
TCGA-E2-A1L6-01A,0.0747486,-0.082370356,0.034228507,0.16321102,-0.04193775,0.14776164,-0.079947636,-0.052917503,-0.039396327,0.16976693,0.012075835,-0.0031288147,0.018277662,0.19846858,0.07238928,-0.04101203,-0.06126699,-0.01188645,0.03498111,-0.18975551,-0.05530715,-0.06953547,-0.16892329,0.12804052,-0.031578153,0.014484115,-0.16094556,-0.114764646,-0.10692578,0.119739816,-0.059448548,0.03208072,-0.13998306,-0.16436832,-0.09492848,-0.023770945,-0.031430177,0.075087324,-0.03439706,-0.040077962,0.049660783,0.14842583,0.15781976,-0.06492197,0.07637757,0.076663375,0.023929428,-0.045733556,0.23366384,0.09135816,-0.06306565,0.035146963,0.060122017,0.06960965,0.088375546,0.012124349,0.07986909,0.07642587,-0.022247521,0.016417641,0.004661131,-0.052546747,-0.04570298,0.044363517,-0.08484212,-0.08814434,0.2592078,0.13906196,-0.21083717,-0.019915357,-0.10630914,0.0035651054,0.020664753,-0.102913335,0.19044395,0.019592706,-0.10478493,0.03960768,0.21859838,-0.031124523,-0.0024672747,-0.068084635,0.11005863,0.111014865,-0.13085859,-0.055252574,0.02592241,0.049591437,0.13288662,-0.08324822,0.045699496,-0.09905474,0.16180326,0.080346584,0.18870215,-0.1344918,-0.053518713,0.047784645,0.017608166,0.0006089432
TCGA-AR-A1AX-01A,-0.0013331118,-0.05318483,0.07753534,0.08906335,-0.12161759,0.022849543,0.01154211,0.075802,-0.088799104,0.03169326,0.015474639,-0.058285836,0.100631684,0.258106,0.20730157,0.072559796,-0.0450693,0.08853673,0.02102735,-0.09444465,0.004793723,-0.040514763,0.05345955,0.064496115,0.0543457,0.051071327,-0.15726863,-0.037454326,-0.03539771,0.040191926,-0.024119018,-0.0014002043,-0.13071354,-0.0951358,-0.11801842,-0.043177392,0.06924961,0.0818598,-0.117594756,-0.022836989,-0.036415875,0.07789489,0.12534034,-0.13225073,-0.015606006,0.010401862,0.024476165,-0.12193595,0.19552729,0.06948708,0.0063935765,0.07902751,0.03294269,0.17734776,-0.10404937,0.137563,0.09055236,0.033087447,-0.090227865,0.005775119,-0.008826948,0.043649796,-0.048707243,0.32563093,-0.012023763,-0.09717468,0.104659274,0.039606858,-0.11654735,-0.10112182,-0.21982105,0.16037163,-0.041676648,-0.187813,0.117012806,0.004542175,-0.038070112,-0.015811773,0.1196219,0.052482966,-0.10945678,-0.07983835,0.11606092,-0.016494282,-0.036154605,0.05169624,-0.020460842,0.03643696,0.21322134,-0.1878666,0.07622681,-0.19337113,0.12253372,-0.02402622,0.12555835,0.011423496,0.012540786,-0.029048733,0.11494148,-0.029114485
TCGA-A7-A56D-01A,0.065115556,-0.06259957,0.100528255,0.15715449,0.01936113,-0.055692483,0.122786075,0.15926306,-0.042231668,0.07218755,-0.034852725,-0.036771454,0.06661005,0.17025806,0.08985989,-0.055139296,-0.019872488,0.038199555,0.04957005,-0.10381063,-0.10969419,-0.027440676,-0.11961395,0.14634004,-0.017516062,-0.10841523,-0.13348463,-0.18054967,-0.022269376,0.02997981,-0.18940814,-0.053452745,-0.0146853775,-0.08627025,-0.2543104,-0.13735169,0.017169995,-0.013921695,-0.072250344,-0.07135285,-0.02479224,0.031133298,0.08788086,-0.0875466,-0.048134457,0.028093426,0.007905805,-0.039469212,0.1276287,0.10443144,0.0905831,0.07294311,0.10267911,0.089805745,0.03775882,0.04620265,0.109553695,0.0634903,-0.111562274,0.07134128,0.08277423,0.041379195,-0.11905343,0.11579947,-0.032603115,0.019533867,0.1858308,-0.04398055,-0.1332194,-0.06215779,-0.24064055,0.07269573,0.042586844,-0.23563257,0.093175456,-0.03417286,-0.0018028492,0.0043688477,-0.02870465,-0.04050311,0.13878465,-0.15101145,-0.06267394,0.017777989,-0.086821325,0.020718863,-0.019343168,-0.0065724934,0.23944254,-0.070873834,-0.0009219528,-0.056154225,0.12395973,0.1826211,0.18455909,0.06528265,0.010904202,0.028058497,0.1868626,-0.03257128
TCGA-E2-A14N-01A,0.005273592,-0.13773584,0.05687779,0.12572196,-0.01950279,-0.032853786,0.035870764,0.012905184,-0.01858463,0.109784834,-0.07708661,-0.09467715,-0.06848489,0.18483953,0.15250045,0.05224203,0.021344006,0.1216274,0.035451215,-0.047501322,-0.037149068,-0.06583524,-0.16271852,-0.008089874,-0.024441356,-0.044275846,-0.12936243,-0.0527241,-0.04779084,-0.06639174,-0.12005412,0.09398026,-0.004332267,-0.24017596,-0.14837979,-0.07090394,-0.046404205,0.08833031,-0.006304797,-0.019606713,0.0068587996,-0.05098938,0.040691946,-0.14572185,0.05356678,0.064863086,0.055079784,0.05731601,0.06859788,0.16780385,0.13686807,0.020223577,0.05504001,0.043239474,-0.0873674,-0.09697875,0.0726137,0.017651346,-0.09757551,0.034252662,0.09151259,0.13256489,-0.12689605,0.1725273,-0.03911414,-0.18152626,0.13031171,0.023348004,-0.112343386,-0.073863834,-0.1757001,0.15739262,-0.14466429,-0.16126117,0.23026755,-0.008885618,0.0052420115,-0.13298579,0.06241771,-0.066816136,0.04111985,-0.015990177,0.031379644,-0.0061766147,-0.03863025,-0.08060709,-0.071492374,0.15092993,0.16619772,-0.1733739,0.16987917,-0.10554241,0.070789136,0.00046424003,0.09616807,-0.23313133,0.046817686,0.0724174,0.051583335,-0.026536414
TCGA-D8-A27T-01A,-0.025144566,-0.07645207,0.11210091,0.10674754,-0.014770902,0.073136196,0.13927414,0.13562486,-0.024520606,0.08433106,-0.028015101,-0.054360095,-0.061969575,0.21210465,0.14659016,-0.037657183,-0.049242415,0.17962982,-0.103474826,-0.10412351,-0.18064384,-0.10984727,-0.04506731,0.035232596,0.052851867,0.023984443,-0.22302851,-0.03223361,0.059101887,-0.04226672,-0.18648176,0.07060676,-0.13329442,-0.15117253,-0.097246885,-0.014338475,-0.10900328,0.03219308,-0.030037405,0.01701431,-0.015903842,0.0040001203,0.051252387,-0.11627279,-0.06752332,0.0090280175,0.10883613,0.009181704,0.052749194,0.13157086,0.10352191,0.017618349,0.11395975,0.020654343,-0.0029687437,0.075168245,0.20414422,0.06887069,-0.089062944,0.018871024,0.17115638,-0.100529924,-0.13697742,0.19880262,-0.06949332,0.01945821,0.1972554,0.007118286,-0.06465113,0.015847338,-0.08573064,0.10656414,-0.03662103,-0.22124562,0.110400185,0.064908914,-0.030187331,0.17849736,0.22218165,-0.021430437,0.062569104,-0.05212998,-0.0030799785,0.12643804,-0.12159952,0.069788545,0.09073158,0.09112721,0.06857997,0.0024571633,-0.009142545,-0.016872874,0.07918651,0.04415474,0.08744535,-0.0886814,-0.10387524,-0.00454889,0.1536313,-0.031812865
TCGA-BH-A28Q-01A,-0.001541938,-0.0519172,0.018355321,0.10535541,-2.0373729e-05,0.0804481,-0.072185025,-0.05153862,-0.010727073,0.21354303,0.090653226,0.015587518,0.08493084,0.13206576,0.02470316,-0.16098437,-0.05565895,0.27454397,-0.044750374,-0.14968033,-0.044962812,-0.039889123,-0.0023018736,0.101353295,-0.070420474,-0.061099935,-0.20439385,0.00023678466,-0.07939493,-0.096292935,-0.06000357,-0.0043386742,-0.02114945,-0.11395528,-0.07168212,-0.12205684,-0.16171563,-0.07259927,-0.026307527,-0.058472972,-0.034320835,0.08652243,0.08496212,-0.06408041,-0.04677643,0.051863864,0.078187846,0.14216551,0.07349972,0.09545339,0.04497739,0.07640606,-0.008856409,-0.042041074,-0.10525572,0.055135112,0.04091361,0.021135539,-0.13729614,-0.024072867,0.089723974,-0.02491204,-0.13838485,0.1491203,-0.026712459,0.0118030645,0.076161616,0.099928245,-0.17069238,-0.034087744,-0.20709868,0.049039893,-0.11272993,-0.3059406,0.11818804,-0.01264285,0.016045637,-0.0008032705,0.11863213,-0.16145347,0.060827848,-0.067594536,0.0348901,0.06701475,-0.016297445,-0.20817849,-0.05895714,-0.009790006,0.1146948,-0.095162146,0.061630804,-0.27844313,0.020973507,0.034394808,-0.049693447,-0.022088086,-0.090279795,-0.048149183,0.08200604,-0.100300536
TCGA-BH-A1EW-01A,-0.02381875,-0.0618344,0.27360395,0.05233452,0.008723796,0.09232231,0.015659474,0.016711826,-0.0404579,-0.0009726713,0.06640163,-0.06578735,-0.052221753,0.21137531,0.14315237,-0.08470854,-0.0038460724,0.021945588,0.05145223,-0.14779046,0.04655392,-0.08281543,0.032117985,0.034407705,-0.11283289,-0.022443186,-0.14231518,-0.12002443,0.032392632,-0.06412764,-0.07887964,0.041393247,-0.14855297,-0.103876285,-0.112540185,-0.15118726,-0.020695828,-0.035885848,0.031489298,-0.08677696,-0.07111554,0.113620214,0.07107599,0.034503516,-0.15412056,-0.074582286,0.070874915,-0.030209715,0.012420401,0.0882643,0.1969578,0.0136384815,0.08077981,0.014503462,0.016232084,-0.14380184,0.1605308,0.05690077,-0.02395519,-0.026700972,0.0770915,-0.027378762,-0.042006776,0.1639762,-0.12526464,-0.11650643,0.16555086,-0.13360658,-0.11322481,0.020172266,-0.047702804,-0.042838305,0.06530013,-0.25101632,0.044624954,-0.0074417065,-0.024513328,0.049722485,0.1700849,-0.0348999,0.05738213,-0.20291956,0.18553773,0.058571063,-0.07456606,-0.055694234,0.07611981,0.15562752,0.21065402,-0.11403827,0.03768684,-0.110580705,0.18211885,-0.0038778328,0.026232071,-0.0822371,-0.08871048,0.030887924,-0.025208283,-0.106661715
TCGA-AO-A124-01A,0.06685972,-0.039525058,0.09614445,0.08505927,0.013979385,0.1208751,-0.015052133,0.031170469,-0.084926255,0.048691098,0.08607524,-0.028252376,0.04819813,0.21918778,0.065791704,0.07331198,-0.010409619,0.012818315,-0.009210391,-0.17234252,-0.14523114,0.048305288,-0.113537446,0.06364285,0.012786286,-0.12320431,-0.27860278,-0.11873702,0.03381184,-0.03690222,-0.019054469,0.045614623,-0.041900713,-0.17367256,-0.053647406,-0.02214877,-0.042295862,0.07927143,-0.11875185,-0.043261174,0.030422851,-0.0011180716,0.08909831,-0.03554178,-0.14594477,0.0016304658,-0.016207296,0.03898426,0.024503306,0.11302962,0.17903161,-0.0013100127,0.16607378,0.13809255,0.0056064436,-0.05836569,0.24357992,-0.05636911,-0.04442824,0.05240821,-0.006921437,-0.034144774,-0.022354353,0.15938914,-0.020975623,-0.048838317,0.2585416,0.009863149,-0.19154677,-0.05378536,-0.23689677,-0.005393504,-0.08957385,-0.21431893,0.19535051,0.00435416,-0.06580122,0.06695111,0.12549351,0.049998734,0.010344473,-0.09565795,0.016321864,0.03235518,-0.050401587,-0.05677097,-0.026998423,0.043980785,0.1789891,-0.101211645,0.03353929,-0.08057604,0.16784504,0.16517271,0.0029676524,-0.08335217,-0.025066469,0.016667616,0.04136963,-0.012537252
TCGA-B6-A0RS-01A,0.023959566,-0.07825574,0.024521487,0.10778497,-0.04701684,0.10250004,-0.11818451,-0.07248299,-0.00281943,0.12342289,-0.0126951095,0.11882785,0.06262356,0.15242365,0.24922454,-0.014230371,-0.097411625,0.04800727,0.06225819,-0.15779541,-0.02150164,-0.12797628,-0.08090553,0.0941349,-0.07849344,-0.01580383,-0.19206993,-0.014261638,-0.0592258,-0.14921805,-0.046787668,0.12223921,-0.15850978,-0.0925308,-0.15058765,-0.23319778,-0.019184558,0.07628644,-0.1811375,-0.08858979,-0.060251944,0.13318451,0.055496953,-0.11009169,-0.051628783,-0.08176894,-0.013493779,-0.0036142773,0.030777115,0.08679603,0.08959785,0.058309898,0.021858983,0.004876407,0.054178286,0.027697695,0.13831371,-0.077477306,0.008436514,-0.072019115,0.18513633,-0.09473675,0.008588191,0.12320529,2.4319119e-05,-0.117788196,0.25575134,-0.09216412,-0.09611332,0.034325525,-0.15257722,-0.026078636,-0.08455599,-0.17747249,0.079187594,-0.060192242,-0.084900126,0.03246881,0.19418086,-0.01550287,0.08840077,-0.087862045,-0.07160341,0.12907888,-0.08135473,-0.10216799,0.0008628334,0.07086139,0.0766527,-0.06826935,0.0134165855,-0.10963476,0.08635792,0.011972976,0.07388809,-0.077932924,-0.0702686,-0.053398084,0.040464494,-0.16312693
TCGA-C8-A1HG-01A,0.07847279,-0.16097058,0.15386233,0.20208739,0.008129639,-0.03053114,-0.08769185,0.07936826,0.032728516,0.1383345,0.012171924,0.059228543,0.071384184,0.23549668,0.114587605,-0.031018239,-0.11934017,0.079215884,0.033212658,-0.06411804,-0.040187493,-0.12740442,-0.1385247,0.078431785,0.057040833,-0.033568565,-0.17663613,0.0057121245,-0.04605615,-0.0574324,-0.11159633,0.05793894,-0.04921694,-0.19020756,-0.14874507,0.02450414,-0.083162576,0.07756489,-0.06215359,-0.08742467,-0.011368992,0.08933695,0.19399907,-0.119007565,-0.050873168,-0.016749682,0.13096754,0.08764941,0.0983663,0.19953632,0.05643174,0.11330203,0.16778676,0.07980207,-0.0036334335,0.11554708,0.03926817,0.049131747,-0.09113774,0.051571324,-0.04405974,0.05801516,-0.049273424,0.162783,-0.0844181,-0.22466229,0.21058078,-0.042028915,0.031560663,-0.019254683,-0.117574245,-0.042512424,-0.0933706,-0.12545483,0.12165839,0.023387015,-0.064330384,-0.037213925,0.10874755,-0.052582875,-0.05172474,-0.02184055,0.01540592,0.0003824674,0.03571108,-0.010820109,0.052505076,0.21803412,0.11601122,-0.07120234,-0.037648726,-0.12559083,0.11869105,-0.0019412368,0.047795247,-0.056884184,-0.12228364,-0.04298993,0.0005126743,-0.1427922
TCGA-AC-A2FG-01A,-0.01969205,-0.07587124,0.15185606,0.04995591,-0.1287029,0.018480351,0.036651853,-0.026204085,-0.15440506,0.053177882,-0.030745437,-0.0013880362,0.00088735926,0.20014808,0.29814583,0.012587494,-0.07900815,0.1386082,0.07037083,-0.09700221,-0.087119296,0.009675236,-0.105628364,0.03530599,-0.007604592,-0.10603037,-0.0047494676,-0.070777394,-0.028444141,-0.048969444,-0.004083835,-0.056259565,-0.12913628,-0.11110273,-0.25164166,-0.12053699,-0.10239273,-0.050130982,0.088826366,-0.1452058,-0.091074854,-0.011928455,0.07855038,-0.13255465,0.066791795,-0.023744946,-0.08953232,-0.0007457927,0.0071532256,0.074456796,0.16159984,-0.025889015,0.05353942,0.015829006,-0.056825567,0.13140534,0.08969792,0.014757603,-0.037620775,0.086743504,0.0083921645,0.036311116,-0.062023766,0.18233545,-0.031974755,-0.010342108,0.21917209,0.08301205,-0.15243603,-0.05337135,-0.09313277,0.11015252,-0.09995246,-0.0499623,0.09241315,0.029519204,-0.061943647,-0.05899324,0.32251835,0.011985037,0.035698485,-0.0614525,-0.06453232,0.055383194,-0.033921868,-0.0629482,0.011387195,-0.005581542,0.28331682,-0.14262867,0.020111438,-0.034286544,0.103440054,-0.017699862,0.069882,-0.12387546,0.014391121,0.01877791,-0.0969982,0.08358605
TCGA-HN-A2OB-01A,0.048858877,0.0031451534,0.08476051,0.14089853,0.04002023,-0.031375207,-0.023977872,0.09992402,0.063544355,0.099402696,-0.14994383,0.04325844,0.06577999,0.13463953,0.119215555,-0.018527318,0.09869553,0.15277778,6.119808e-05,-0.17565289,-0.1266787,-0.14477453,0.059250943,0.01864414,-0.01144312,-0.13387357,-0.074435145,0.014879716,0.007794267,-0.113242514,-0.023433656,0.053189076,-0.18026148,-0.28038228,-0.13418403,-0.1463174,-0.10936237,-0.055617064,0.0064040693,0.017454932,-0.062221233,0.0381736,0.0911938,-0.02071569,0.055996325,-0.06331149,0.117917925,0.08335287,0.11890861,0.18040226,-0.012056487,-0.00018820172,-0.0026533043,0.031951036,-0.0015241278,-0.10278739,0.13552351,0.03493548,-0.07033622,0.003998805,0.1251679,0.029115256,-0.05986902,0.1959859,-0.06093946,0.018515231,0.089779705,-0.047461424,-0.10411663,-0.050293528,-0.09018952,0.09880506,0.02005878,-0.17099546,0.12494007,0.06262744,-0.036783583,0.06197222,0.11010401,-0.0056470023,0.027366526,-0.18862328,0.10124633,0.05319204,0.13492012,-0.036935363,-0.034165837,0.0852066,0.15285371,-0.06469766,0.09730346,-0.27751973,0.016556878,0.07043002,-0.010607088,0.01460449,-0.14761254,-0.22344604,0.06509275,-0.051665444
TCGA-PL-A8LY-01A,-0.0024225893,-0.06160144,0.26691848,0.09925127,0.04668057,0.07577545,0.0015479067,0.14453109,-0.11724335,-0.06217867,-0.18713996,0.038471185,-0.037142087,0.11100755,0.10611722,-0.045881428,0.08860359,0.07513185,-0.09590176,-0.17963798,-0.033802856,-0.09154313,-0.17469572,0.03126801,0.1033334,-0.06461683,-0.2088305,-0.05644699,0.059405845,0.00073535455,-0.07180872,0.08203102,-0.057704493,-0.09028964,-0.123896636,-0.04823776,-0.068192266,0.027312193,-0.043828916,-0.050425015,-0.09241376,0.1512026,0.24439847,-0.111932285,0.0039902204,-0.12597714,-0.008318623,0.025712578,0.08915157,0.09118821,0.17837268,0.05972252,0.054437574,0.01600363,-0.041353803,-0.064305015,0.09872239,0.070135884,-0.1424191,-0.0063786535,0.13818637,0.09972777,-0.11306178,0.06113983,-0.008593886,-0.04935569,0.14172627,-0.040832683,-0.09967477,-0.06711803,-0.13960576,0.1825635,0.0324109,-0.14245777,0.14714698,-0.015328694,-0.08007965,-0.045908112,0.09702617,-0.028515892,-0.08318113,-0.070725955,0.14284039,0.17797485,-0.07809266,-0.09192858,-0.0380063,0.061158355,0.08851466,-0.085926674,-0.093739495,-0.108028464,0.13170017,0.061363634,0.08580833,-0.10699431,0.007107778,-0.01694091,-0.025674738,-0.13293916
TCGA-EW-A1PE-01A,0.048591316,-0.09572959,0.1384502,-0.01123372,0.0724018,0.019416725,0.0031619752,0.09623073,-0.041365888,0.09203409,0.04556246,0.03930028,-0.032645345,0.07837989,0.24821031,-0.15574905,-0.039220423,0.11516111,-0.022553932,-0.12420106,-0.029330553,-0.04996723,0.10572132,0.05252781,0.08744809,-0.017034173,-0.27188602,-0.09007662,0.06943776,-0.10629039,-0.14810608,-0.032174867,-0.05204448,-0.16130786,-0.057045333,-0.24238393,0.0040387474,0.03130427,-0.048928425,-0.010095489,-0.04650418,-0.017086454,0.10603614,-0.15143988,-0.03445165,-0.108216844,0.09685399,0.06070354,0.14945488,0.13975734,0.13906226,-0.052943863,0.08506658,0.1355807,0.014325339,-0.028767627,-0.055711187,0.029136658,-0.033207614,-0.0022158718,0.110365234,0.017221043,-0.13919123,0.05555266,0.014423344,-0.11155035,0.053802475,0.0959426,-0.090899,-0.09691611,-0.17694369,0.09651672,0.037913084,-0.119839266,0.15084271,-0.037666425,-0.028388185,0.08853846,0.14322342,-0.063435346,0.0074236654,-0.22365306,-0.011020493,-0.012060007,0.0016699824,-0.084157586,0.045473903,0.055047628,0.23789257,-0.044455443,-0.09082505,-0.122500956,0.12590905,0.16093086,0.086812824,-0.152508,0.008775565,-0.052535392,0.013889882,-0.08203873
TCGA-D8-A1JL-01A,0.007127977,-0.08875984,0.0076885223,0.017833523,-0.020523496,0.13254225,0.11852027,-0.04313597,-0.03712115,0.17724514,0.059836145,-0.030903596,0.0824014,0.12113292,0.17454574,0.04799162,0.0054493053,0.06263541,-0.053746827,-0.09772282,0.04790858,-0.0874939,-0.10275511,0.11204273,0.044918694,-0.07019422,-0.22630523,0.14025703,0.047551844,-0.06498687,-0.075513825,-0.08899639,0.06777651,-0.12882832,-0.14070775,-0.14993095,-0.07556406,-0.045012932,-0.07109057,0.039346967,-0.17905736,0.16518226,0.15129198,-0.02671231,-0.039404973,-0.071318515,-0.0069784625,-0.01584381,0.14388041,0.12962769,0.05707526,-0.03165391,-0.010003024,-0.03759767,-0.046960678,-0.068066254,0.21190014,0.06670512,-0.017964238,0.22614825,0.030337904,0.07161602,0.013520377,0.11341603,-0.035411734,0.058238056,0.15913352,-0.039985854,-0.20826007,0.03403524,-0.18371704,0.011055088,0.093790844,-0.16603309,0.18614411,0.020298772,-0.034853432,0.03991045,0.16544864,-0.12304041,-0.04196515,-0.11418608,0.024959303,0.09813476,-0.02379153,-0.032954685,-0.05538664,0.08294219,0.09483623,-0.05209706,0.1016949,-0.17858742,0.19748053,0.07825836,-0.033999767,-0.035583697,0.04393606,0.044797122,0.041186426,-0.10309135
TCGA-A7-A5ZX-01A,-0.027564697,-0.21101028,0.18274179,0.1348048,0.0054976135,0.10629159,-0.014833337,-0.009597752,0.0063551175,0.1969136,-0.13365944,-0.08889507,-0.099671364,0.2053703,0.17116787,-0.10072724,0.011614133,0.20075917,0.015292571,-0.15577704,-0.051455595,-0.07617579,-0.038044114,0.032986812,-0.069936566,0.0025388247,-0.17567047,-0.06262198,-0.040596467,-0.10576533,-0.068689205,0.063403815,-0.046902724,-0.10634773,-0.06432775,-0.13275729,-0.010075423,0.014820365,0.07161647,-0.068973355,-0.19346328,0.13743506,0.12437059,-0.049143028,-0.060980514,0.053432867,-0.04392607,0.020816194,0.014018902,0.052770022,0.07253766,-0.037408028,0.09576965,0.14662646,0.020012233,0.06688572,0.04718614,0.014213471,0.012154909,0.06813273,0.05459133,-0.020176513,-0.13321409,0.036603015,0.0028826585,0.08717005,0.17868154,-0.015844747,-0.06188465,-0.058392253,-0.112722695,-0.027131025,0.052510116,-0.25638932,0.2627125,0.03853063,-0.03737357,0.0891834,0.23833466,-0.027621025,0.1440034,-0.06333747,0.016696043,0.063106544,0.043511387,-0.09862334,-0.048170373,0.046758983,0.06620111,-0.009443301,0.05282548,-0.14338681,0.1884734,-0.01993481,0.036813002,0.015710272,-0.109193474,0.0741719,0.020048182,0.0034142612
TCGA-A1-A0SF-01A,0.0040080813,0.03346804,0.25811297,0.07776138,-0.02874736,0.05697007,0.061990768,0.0007451283,-0.02125527,0.04069811,-0.049497575,-0.00924946,-0.0053252154,0.16428052,0.097454466,0.024864025,-0.048146844,0.056970283,0.12555383,-0.036006555,-0.003949953,-0.024040516,-0.09315445,0.016682027,0.05534255,-0.004196767,-0.26307532,-0.06426591,-0.051380802,-0.101902805,0.066055134,0.023278475,-0.05811227,-0.07758083,-0.072476886,-0.068460576,-0.14119883,-0.0153374355,0.028574178,0.038888037,-0.055661056,0.087134235,0.2607221,-0.030422857,-0.080461755,-0.07516065,0.023267046,0.0060180672,0.08083557,0.1192447,0.03418988,0.12164878,-0.08008945,-0.0037002321,0.09836194,-0.0010744501,0.06553781,-0.030723227,-0.106568664,0.12045296,0.074687764,-0.06582181,-0.15200615,-0.0002517031,-0.03619731,0.028072624,0.17812124,0.013121919,-0.030283721,0.024907015,-0.17039636,0.096879825,0.065739505,-0.13679828,0.18139578,-0.08554382,-0.03803906,0.1093398,0.23212337,-0.0038115229,0.020477327,-0.0045446972,-0.096343525,0.010307699,0.07381481,-0.12336134,0.045245007,0.16180417,0.1751645,-0.082610555,0.16879521,-0.102049425,0.24367522,0.16566716,0.005236377,0.030992476,0.023984836,-0.011137269,0.19369896,-0.1822863
TCGA-D8-A1XY-01A,0.04465013,-0.11029308,0.12450398,0.115148045,0.12404162,0.017300008,0.09053163,0.037253805,-0.032113902,0.20561759,-0.032203045,-0.099234626,-0.000319934,0.21020411,0.16987416,-0.15936527,0.0037210104,0.054504175,-0.05651805,-0.16408995,-0.062690794,-0.015945204,0.00598283,0.10149875,-0.04872979,0.062931925,-0.20672919,-0.0801866,0.006073833,-0.011138859,-0.020830227,-0.007857095,-0.1492323,-0.16082522,-0.060314078,0.027795192,0.030586395,-0.08679198,-0.027002307,-0.042673405,-0.016193364,0.03998897,0.086287744,-0.08893149,-0.02027351,-0.027454851,0.071186125,-0.0012753139,-0.076620154,0.16853286,0.020631358,0.043081418,0.10603471,0.05453048,-0.0320196,-0.050715484,0.12715936,0.062898375,-0.13944945,0.05305342,-0.016299088,0.036838356,-0.1375884,0.09600977,-0.0032890062,-0.102854975,0.10320326,-0.010192703,-0.12170462,-0.07227273,-0.23410021,0.009779028,0.053196125,-0.19928128,0.07773353,0.065084815,-0.047763236,0.08200241,0.21805456,0.03957275,0.116751425,-0.09893664,0.023545392,0.10350057,0.024085876,-0.23224953,0.078494325,0.1925855,-0.0015904866,-0.13301705,0.018240953,-0.18979952,0.07384146,0.036160767,0.13382535,-0.03152247,-0.13471706,-0.091311656,0.11661571,0.048719868
TCGA-GM-A2DH-01A,0.015368771,-0.037039295,0.057918165,0.02448084,-0.042665336,0.048586767,-0.08529735,-0.0010449683,-0.13700327,0.13568647,-0.024208637,-0.060134307,-0.023465611,0.1424913,0.16469549,-0.07254972,-0.033207174,-0.0057684495,0.033258416,-0.094373085,-0.046438858,-0.08999902,-0.057493117,0.017469414,-0.058748487,-0.01217175,-0.13637659,0.02215544,0.02782468,-0.16722967,-0.12841654,0.046229992,-0.15599935,-0.13345529,-0.2045656,0.035154473,-0.0063813752,-0.10924078,-0.14040776,0.023747236,-0.00012987493,0.021409018,0.019840054,-0.06632222,-0.07648796,-0.12766531,0.06832708,0.032785684,0.14538664,0.08460782,0.17516601,0.03592962,0.15266089,0.00023877114,-0.11171248,0.0015082593,0.030912103,-0.008188736,-0.052417204,0.12193434,0.049527846,0.08676848,-0.1429976,0.14375438,-0.060909152,-0.089019135,0.24767181,-0.126466,-0.1990427,-0.014756377,-0.27360278,-0.06760817,-0.0014576635,-0.23109888,0.15012018,0.09336673,-0.015602586,0.0040451502,0.25612882,0.12195264,-0.0671614,-0.021317678,0.05079683,0.07047832,0.012312358,-0.05084538,0.124136426,0.06274571,0.1322496,0.02436801,0.09562125,-0.07642093,0.03811473,0.021326624,0.039831694,-0.11097469,-0.054791577,0.030107545,0.057880558,-0.11182394
TCGA-AR-A24M-01A,0.026409868,-0.10991401,0.15529653,-0.013254474,0.01932223,0.025398392,-0.049960397,0.08636136,-0.10742883,0.060501568,-0.07807729,0.05259147,-0.0035559752,0.23784396,0.115596,0.031016406,-0.05929516,0.042923912,-0.0798707,-0.20407291,0.086474165,-0.11356221,-0.06056095,0.13525757,-0.08180533,-0.025026307,-0.22664003,0.08135372,-0.050655514,-0.005657021,-0.058351904,0.095340684,-0.16053574,-0.15141553,-0.11845749,-0.06213286,-0.024042428,-0.04611324,0.049886167,-0.18126306,0.038895514,-0.021962052,0.11758302,-0.17018794,-0.041764714,0.043583613,0.0745963,-0.029931132,0.0007727278,0.2622097,0.021033013,0.10101533,-0.019654509,0.113675326,-0.089588866,-0.04800374,0.08103544,0.013282515,0.040408697,0.067888565,0.11060352,-0.019741638,-0.07779304,0.09452809,-0.05550106,-0.060026392,0.25545454,-0.07826762,-0.057087068,-0.062472448,-0.08116976,0.064316295,0.011387891,-0.24130623,0.06746967,0.20262238,0.024037745,0.020418996,0.14292893,-0.076114215,0.060118716,-0.033677217,-0.11353228,0.048622,-0.09264177,0.0054216706,0.12857544,0.08605764,0.13965115,-0.09740017,-0.027039835,-0.15277089,0.04866117,0.021917816,0.16338697,-0.016554752,-0.025086936,-0.012899643,-0.040622994,-0.112672806
TCGA-E2-A1LA-01A,-0.031918436,-0.018569723,0.11414911,0.04324725,-0.17575495,0.101692215,-0.04516077,0.09150274,-0.00026082993,0.016248684,-0.046151385,0.003587439,0.0002540596,0.17139389,0.31779987,0.00068243546,0.06409328,0.11132121,0.022722496,-0.123599745,-0.10894929,0.023951026,-0.0941444,0.24776466,-0.101659164,-0.117709994,-0.19827665,0.011567869,0.020354446,-0.13544294,-0.038303766,-0.012509414,-0.13462375,-0.06292683,-0.11453541,-0.09659837,-0.051930692,-0.0563768,0.020858292,-0.060870174,-0.034336515,-0.018818794,0.18565683,-0.09756046,-0.091199294,0.051835816,0.08555034,0.06390789,0.077678,0.15729727,0.049204748,0.015212016,0.08197713,0.011425334,-0.04091201,-0.018478947,0.090601474,0.053020325,-0.11711521,0.031461425,0.021728782,-0.016780015,-0.03772285,0.16063577,-0.060031317,-0.0059983,0.18981129,-0.014502272,-0.09170802,-0.12968273,-0.14136003,0.021612307,0.016735451,-0.21535937,0.16585529,-0.02648615,0.0050315293,-0.11211425,0.14469525,-0.07292155,-0.11531714,0.00450664,-0.01140645,0.19488612,0.020709172,-0.0907891,-0.017984658,0.06860266,0.1130762,-0.012131502,0.06410835,-0.17427364,0.0010676556,-0.0055173547,0.21093506,0.06631312,0.009137085,-0.06054758,0.03411972,-0.12717086
TCGA-D8-A1XF-01A,0.06012439,-0.06485374,0.017612047,0.0536859,0.07594202,0.12244471,0.028642796,0.07489948,-0.034067854,0.16194737,0.010800972,0.050476547,0.07124601,0.2766707,0.13392183,-0.18072286,-0.03495065,0.04070827,-0.013800198,-0.086157,-0.07087401,-0.053620577,-0.09134714,0.109401934,-0.016500304,-0.07150596,-0.28281772,-0.10327911,0.000856001,-0.13269748,-0.03007829,-0.07251069,0.019043492,-0.14444673,-0.057342764,-0.004699917,-0.1842724,-0.035210982,-0.054041743,-0.13618892,0.04853525,0.112586096,0.06683066,-0.10258999,0.05408989,-0.008666003,-0.024294345,0.01309072,-0.00850312,-0.016388735,0.050313137,0.11587519,0.065532565,0.024453206,-0.07834053,0.029806899,0.11193095,-0.03139177,0.0072443956,0.058148872,0.029710041,0.020220142,-0.1759683,0.07151368,-0.0876098,-0.023702532,0.27001464,-0.111360334,-0.08109125,0.050530728,-0.08041297,0.09674924,-0.062352598,-0.26549092,0.099402025,0.058298383,-0.027656164,0.038293596,0.108176135,-0.0011898984,0.22629572,-0.08875861,-0.054800265,0.023993239,0.10075612,-0.079643205,-0.0066138133,0.056839343,0.17389832,-0.11027922,0.10664319,-0.092868425,0.13533539,0.058418345,0.12112901,-0.07543275,-0.08699487,-0.06948744,-0.026628852,-0.15286885
TCGA-OL-A5RV-01A,-0.02719851,-0.051648065,0.110961325,0.13515674,-0.0053404653,-0.052865624,0.03626122,-0.071824305,-0.021055292,0.15259795,-0.0337264,-0.033592027,-0.08368004,0.24056862,0.059430934,-0.1617899,-0.0723656,0.1737371,-0.062240377,-0.14440525,-0.04104975,-0.09736237,-0.065289795,0.17104833,-0.0031646586,-0.10067482,-0.17289011,-0.095128454,0.04202642,0.030506773,0.023650227,0.05633057,-0.15413016,-0.17261931,-0.078546785,-0.0702565,-0.001419685,-0.045326274,0.073898405,-0.0757374,-0.11345457,0.10523963,0.13593571,-0.095408574,0.01890912,-0.067249075,0.082297966,0.07700355,0.19772246,0.037862856,0.0588369,0.085652746,0.03763642,0.056079395,-0.08743976,-0.00073896634,0.0071976962,-0.017374245,-0.015601227,0.07137346,0.07908422,0.09570534,0.021952981,0.0013839892,0.09597686,0.0035950243,0.23073636,-0.02836362,-0.06153352,0.046691842,-0.18334982,0.034369517,-0.010089531,-0.21168368,0.08148563,-0.17352277,-0.0793663,-0.0046656113,0.14523578,-0.07598671,-0.023106711,-0.055692296,-0.041010596,0.07248409,0.0045606024,-0.17856319,0.07901239,0.06138299,0.21227357,0.086479574,0.013463293,0.09374745,0.20158063,0.14349423,0.0946638,-0.08823122,0.09129434,-0.12461871,0.0030227806,-0.094435506
TCGA-E9-A1R0-01A,0.031370614,-0.15410043,0.19880973,0.05101428,0.00595982,0.121606015,0.07280236,0.0029686221,-0.060101002,-0.038757347,-0.08474512,0.0016402275,0.0053700223,0.105201125,0.20266707,0.04461611,-0.060575847,0.11874089,0.0558318,-0.13519552,-0.09015232,-0.12488662,-0.055471383,0.12626092,-0.09280287,0.030465083,-0.077712245,0.047227014,-0.24107815,-0.18513083,-0.11356169,-0.12288358,-0.035290163,-0.20395625,-0.06894452,-0.12215859,0.018227728,-0.008678487,0.050686896,-0.1194878,-0.08289054,0.03518792,0.17440036,-0.07585125,0.0658623,0.029863078,0.07417084,0.007348777,0.114483945,0.029051475,0.04531613,0.048364036,-0.061225407,-0.15923156,-0.00837722,-0.014186502,0.059555355,-0.05788611,0.042672552,0.016323274,-0.06589787,-0.065866336,-0.0854941,0.1448545,-0.049895618,-0.042651903,0.18946293,-0.027442662,-0.136681,-0.029034827,-0.15541166,0.08254493,-0.006772144,-0.3304307,0.089126155,0.0072587174,-0.050353937,0.048974276,0.1051627,-0.068471305,0.08877047,-0.070546255,-0.022102272,0.14743382,0.03154814,-0.045756374,-0.036848094,0.06296207,0.12054337,-0.06953939,0.091299236,-0.08556939,0.08311327,-0.056622893,0.21160519,-0.051276553,-0.07556798,-0.11116298,0.08099411,-0.08893245
TCGA-BH-A0DH-01A,-0.0526555,-0.19404694,0.12641177,0.025621552,-0.044424664,-0.08069749,-0.049417723,0.041580867,-0.044045262,-0.013167639,0.034443047,-0.06510193,-0.01339704,0.20771083,0.1491531,-0.07167222,0.0149160335,0.05365933,0.0424501,-0.14180084,-0.1054715,-0.15417519,-0.053550232,0.21346578,0.08156988,-0.050745692,-0.17926486,-0.09660838,-0.03740588,-0.11102325,-0.065550186,-0.040106844,-0.17454903,-0.25765958,-0.12910505,-0.04941536,-0.10290959,-0.09665876,0.10134638,-0.09591356,-0.025276948,0.022552153,0.13795479,0.09823523,-0.055116918,-0.01287449,0.046757277,0.05273187,0.098689,0.0998243,0.22652382,0.058026854,-0.020150796,0.12739515,0.032929998,0.036992945,0.050448682,0.07288875,-0.17273395,0.064512946,0.02399693,-0.09901878,-0.054710023,0.09645679,-0.032060407,-0.05075656,0.041566055,0.07219724,-0.11784724,-0.100644335,-0.14886174,0.024380656,-0.113743916,-0.2039642,0.049648546,-0.091323644,-0.13943906,0.021440921,0.11300248,-0.047221627,0.10906413,-0.061809044,-0.06255499,0.04711102,-0.097701065,-0.18936796,-0.083336376,0.10502705,0.15965849,0.040751506,-0.027568147,-0.108495235,0.17664929,-0.0009715233,-0.033123806,-0.04269052,0.0032743565,-0.041983034,0.05041556,0.0327744
TCGA-B6-A1KN-01A,-0.03751819,-0.09264675,0.12892291,0.034828417,0.08228233,0.11584453,0.041781936,0.06222976,-0.10674814,0.16856079,0.012128928,0.028071728,-0.12133113,0.20604783,0.056076076,-0.075151995,-0.124012545,0.046465743,0.0409573,-0.12539166,-0.024160812,-0.005937912,-0.09595326,0.13061672,0.023314197,-0.03865108,-0.1030394,-0.055219293,-0.017804002,-0.087227374,-0.091291614,0.14358072,-0.06532739,-0.109774396,-0.17654818,-0.08898256,-0.10332039,0.1547215,-0.17646965,-0.030951109,-0.022162028,0.07033941,0.11486977,-0.018775867,-0.08659339,-0.023582669,0.09632652,-0.0006573488,0.039913457,0.1072636,0.1020242,0.11517704,0.07132706,-0.0095059145,-0.06553037,-0.04360705,0.07171771,-0.083201885,-0.078842685,-0.026524888,0.14534341,0.0008525296,-0.048251674,0.16371489,-0.019663546,-0.1421724,0.13378732,-0.029479291,-0.18831556,-0.08249197,-0.085884206,0.08116474,-0.13103613,-0.16485254,0.0011448623,0.07418738,-0.013355956,0.16910581,0.064993285,0.014641355,0.029467296,-0.21983853,-0.13073182,0.057496108,-0.024959307,-0.007945531,-0.004436575,0.19123146,0.23440531,-0.10301421,0.1618741,-0.117584325,0.14199497,0.059759934,0.063688025,-0.0072025973,-0.052833553,-0.051705744,0.10371299,-0.11932218
TCGA-LL-A6FQ-01A,-0.022309663,-0.040793598,0.12022722,0.29396757,0.061762642,0.10769846,0.060064152,0.027282108,-0.09280103,0.06657458,0.08119453,-0.08819897,-0.048770238,0.20231748,0.15062827,0.0330566,-0.01717308,0.080943674,-0.005004085,-0.08711815,-0.042268872,-0.041580312,-0.13763687,0.029902186,-0.04092838,-0.012236836,-0.15762267,-0.13288932,-0.031588912,-0.039214566,0.055199243,0.046488013,-0.2053284,-0.06251295,-0.15001029,-0.19564681,0.021286055,0.008395591,-0.11089051,-0.04032499,-0.009290333,0.09980329,0.04669963,-0.084685326,-0.019328775,0.013788668,0.07634319,-0.02229315,-0.060726743,0.07438713,0.105065905,0.032900065,0.23733875,0.18570139,-0.038676776,-0.04581032,0.049817257,0.045782,-0.06899683,0.0984207,-0.0020009656,0.013266103,-0.14385146,0.21154068,0.067681745,-0.11364447,0.14236043,0.07519232,-0.05135442,-0.09593243,-0.15566127,-0.034033004,-0.07851812,-0.26577127,0.11826115,0.010568775,0.06962905,0.05073465,0.21401598,-0.028139474,0.03618803,-0.12601967,-0.09756948,-0.05907929,0.0017273101,-0.027274113,0.05973626,-0.02933043,0.1574426,-0.057304654,-0.009736119,-0.053468674,0.16520071,-0.09622842,0.042650525,-0.07857581,-0.04144007,-0.024640342,0.07591114,-0.0151577005
TCGA-AC-A2B8-01A,0.09139241,-0.056776654,0.07971381,0.08906389,0.097731486,0.056612242,0.11320942,-0.04442743,-0.06424971,0.09239017,0.016176399,0.07757166,0.021278577,0.20647937,0.12599362,-0.09927708,0.019222124,0.028802523,0.047005206,0.00814422,0.04213649,-0.070616856,-0.048405707,0.1403483,-0.11767548,-0.07366006,-0.124943554,-0.025236327,-0.06967358,-0.046810217,-0.05621751,0.09634918,-0.13394533,-0.04069305,-0.12311654,-0.06896512,0.065188214,-0.15721521,0.0005300215,-0.045372903,-0.04594594,-0.053789802,0.16836229,-0.18092433,-0.008003779,0.01434686,0.10051342,0.032835253,0.17374633,0.1583458,0.10876377,0.080129944,0.036448687,0.06818263,0.035544924,0.014774639,0.043671496,0.017204143,-0.10990834,0.08555903,0.2563725,-0.06996111,-0.083360545,0.19937159,-0.05269337,-0.07886187,0.21808647,0.04520759,-0.21300106,0.026661035,-0.24614961,-0.02734073,-0.010866765,-0.2540477,0.1745621,0.0031771366,0.002046517,0.11300542,0.120402634,0.0011131364,0.085525535,-0.045076437,-0.119276576,0.09235525,0.048892967,-0.013103221,0.042644512,-0.009790413,0.14691377,0.031823605,0.04461869,-0.1464839,0.035116877,-0.047589444,0.066885844,-0.034301545,-0.009129762,-0.06253211,0.11382968,-0.08014525
TCGA-E2-A1IL-01A,0.015909787,-0.040543802,-0.030802492,0.10048146,0.024394806,0.072213046,-0.035189126,0.04769942,-0.06012629,0.17531821,0.11469064,-0.06335008,0.045625385,0.2284408,0.165057,0.0684511,-0.014874503,0.13674593,-0.011905714,-0.11366034,-0.024871945,-0.04625379,-0.025116125,0.13996644,-0.045689832,-0.0028791572,-0.18934034,-0.03862559,-0.08363553,0.062202472,-0.10376215,0.010889019,-0.04693806,-0.13515061,-0.19514772,-0.17581102,-0.032013293,0.0014085335,0.030934244,-0.04191057,-0.028044526,0.025875071,0.20650706,-0.21727349,0.02754474,0.07244069,0.055909663,0.07667995,0.14359705,-0.04918743,0.1442109,0.041167695,0.10881084,0.083815135,-0.02719633,0.16784579,0.02406422,-0.06921684,-0.006119996,0.042154144,-0.09233112,-0.026265997,-0.16181815,0.10718165,-0.027870588,-0.004370393,0.033620875,0.056002147,-0.07872268,-0.031039951,-0.0584787,0.1446434,0.02958131,-0.26430842,0.18299644,-0.005490287,0.029410748,0.055035874,0.14408259,-0.095865145,-0.0067767827,-0.11311182,0.12931496,0.03557176,0.030622382,-0.21797478,-0.014513312,0.13989346,0.09255227,-0.101864025,0.099131525,0.039460495,0.07874522,0.058546305,0.14161228,-0.04194596,-0.0484035,0.04889932,0.083403595,-0.17260125
TCGA-A2-A0EU-01A,-0.036386795,-0.08831127,0.124608174,0.11443128,0.026398793,0.13796929,0.018655397,0.062120426,-0.060844503,0.038335804,0.011952212,-0.067443766,0.028936455,0.12525828,0.07872701,0.015225036,0.15852131,0.011241267,0.06967121,-0.10513282,-0.091491826,0.106236815,-0.095992796,-0.0514163,-0.026927818,0.02573072,-0.17606291,-0.17874758,-0.06813974,-0.056228016,-0.09480151,0.0056292336,-0.08990404,-0.20645696,-0.0851986,-0.09886153,-0.062873915,-0.015202083,-0.037583552,-0.11154694,0.05787155,-0.012877746,0.10818822,-0.068096384,-0.024225881,-0.025314713,0.048111074,0.005388109,0.004194248,0.14126465,0.12553953,0.025085848,0.046556074,0.030085236,-0.00037772226,-0.1003238,0.1371176,-0.07631834,-0.044524115,0.11196392,0.106849,-0.0464481,0.041653577,0.14103101,-0.21250355,-0.16483411,0.28048396,0.132552,-0.04369497,-0.022232538,-0.17289914,0.056031164,-0.03574546,-0.18827192,0.0811928,-0.0061935177,-0.068844795,0.084333725,0.17718527,0.028063994,0.007384373,-0.10980208,-0.0027922757,0.12906493,0.05886492,-0.121771455,0.051071618,0.18246275,0.12182561,0.04163823,0.0549812,-0.14558455,0.118804164,0.07212529,0.0715038,-0.17103256,-0.13752165,-0.067398734,0.056437917,-0.15207863
TCGA-BH-A0AU-01A,0.022844553,-0.10104879,0.19246832,0.038525723,0.04082714,0.07949037,0.065894134,0.016096931,-0.11133466,0.043249525,-0.03199968,-0.015724694,0.1238803,0.091963746,0.10615666,0.13736682,0.021280525,0.061469648,-0.06478058,-0.14339682,-0.040252596,0.02498273,-0.12670785,0.03773197,0.041784294,0.04255834,-0.21106023,-0.117986135,-0.055133168,0.0045642518,-0.08016851,-0.041128892,-0.18151596,-0.029631611,-0.16490382,-0.11532263,0.001397839,-0.03439978,0.04291247,-0.08140177,-0.12415565,0.013025846,0.03721359,-0.041548226,0.025757948,0.16436219,-0.0037921611,0.12957208,0.14843413,0.052782577,0.12146596,0.009111842,0.1490263,0.005978457,0.055454668,-0.0003362031,-0.082897685,0.1416971,-0.12014842,0.08567639,-0.05831844,-0.025848484,-0.051079646,0.08627648,-0.14304115,-0.027413495,0.14216848,0.03134106,-0.12950158,-0.023427721,-0.08317527,0.0290312,-0.10782146,-0.26171187,0.19209786,-0.077897176,0.06672946,-0.062889926,0.24167891,0.076754585,-0.048929688,-0.13796712,0.011954093,0.11067898,-0.055339806,0.05556846,0.030470822,0.20821707,0.24060842,-0.09649514,0.111103445,-0.08913016,0.0981613,0.028427662,0.014862811,-0.06146207,-0.066007435,0.03650065,0.014936973,-0.12805724
TCGA-C8-A26X-01A,0.066890754,-0.15462126,0.14317884,0.10528881,0.056373082,0.08034395,0.017648816,0.121359296,-0.11792157,0.027996054,-0.041087277,0.0061444063,0.030304065,0.10094143,0.016298166,-0.07245447,0.02268577,0.0037719023,-0.034512755,-0.12954313,0.007138422,-0.12548777,-0.010155316,0.043727413,-0.13679996,-0.042550247,-0.24848936,-0.1615774,0.17058852,-0.08650167,-0.032776996,0.063612424,0.10182144,-0.110574596,-0.1975175,-0.053290755,0.016392913,0.039036952,-0.060366638,-0.023764757,-0.020131923,0.08707519,0.06863427,-0.14811836,0.04946249,-0.11659458,0.024971448,-0.002698649,0.17413716,0.09535743,0.042522613,0.04176093,0.036935084,0.106063105,-0.09042631,-0.033106428,0.19182111,0.031498715,-0.12331424,-0.010889358,0.08629568,-0.061867464,-0.06344091,0.21240462,-0.099134974,-0.015794694,0.14194159,0.07415036,-0.113402486,0.018759253,-0.15777457,0.023600917,-0.060270485,-0.21548806,0.22026801,-0.01923841,0.03233412,0.039887823,0.19909884,0.087737486,-0.0962243,-0.112151906,-0.004933759,0.12394736,0.016781358,-0.034766313,-0.0023117624,0.029501192,0.06145824,-0.0780666,0.047187455,-0.19238137,0.06992997,0.046978936,0.12059218,-0.17650653,-0.0073329713,0.082360014,0.114325956,-0.10519977
TCGA-AR-A1AO-01A,0.093619645,-0.111081585,0.21934329,0.016942237,-0.02528582,0.028751748,0.03410109,-0.10531106,-0.028739162,0.15174642,-0.09709349,0.08329205,-0.02201285,0.22867829,0.042000238,-0.082241654,0.12602441,0.010187671,0.09261551,-0.15233095,-0.11539402,-0.052566182,-0.18149999,0.10966652,0.012794276,-0.04687929,-0.05557857,-0.1290197,0.01643618,-0.13679355,-0.10713511,-0.04796304,-0.11446356,-0.23770723,-0.2217622,-0.007809524,0.019919388,0.15163063,0.0050124014,-0.06066971,-0.051148195,0.12476754,0.18505459,-0.017532483,-0.004962518,0.038128972,0.026418034,0.068046235,0.11221069,0.244294,0.16534999,0.06959768,-0.04341046,0.15172328,-0.0028867333,0.0817743,0.07459263,0.035662275,-0.08214677,0.07106699,-0.021341566,-0.03400171,-0.12977934,0.07224368,0.018251307,0.04047609,0.12345167,0.08525707,-0.035723064,0.004268807,-0.15521209,-0.012386806,0.11106835,-0.12404224,0.098744,-0.06034692,0.06591845,0.0039299745,0.08633322,-0.0029024763,-0.030261766,-0.13949874,0.0034023293,0.0672043,-0.06431598,0.09563141,-0.0025354635,0.07041748,0.04925157,-0.18341242,0.05194442,-0.100706324,0.1139157,0.010155636,0.10726377,-0.13411787,-0.08667254,-0.075462125,0.016867282,-0.1290656
TCGA-XX-A89A-01A,0.0113999825,-0.038548447,0.1388894,-0.019508846,0.018218664,0.14647815,-0.08084385,-0.09562441,0.024196906,0.020128973,0.07795308,0.0047434955,0.0038541947,0.21671191,0.10209791,-0.08502557,0.016233802,0.06024336,-0.10489798,-0.13056532,-0.037275206,-0.12747182,-0.039900504,0.050368715,-0.028814172,-0.02963888,-0.16777246,-0.035650015,-0.041971777,0.009849429,-0.077327065,0.09727364,-0.11561946,-0.09701243,-0.056143526,-0.12478511,-0.15460241,-0.043352082,-0.030959016,-0.13119905,-0.058135096,0.02527501,0.10992103,-0.12277867,-0.081270374,-0.033838812,0.06942503,0.09359024,0.16465744,0.16788217,0.1429061,0.013861076,0.023105968,0.10786651,-0.05647757,-0.0375967,0.041887045,0.0060358457,-0.10359657,0.05053168,0.15208809,0.03573556,-0.00760901,0.109167665,-0.009192563,0.0076019745,0.20608386,-0.19208361,-0.2197137,-0.06156318,-0.08850806,0.1315987,-0.10392959,-0.13684615,0.16135986,-0.054106418,-0.054587644,0.06577639,0.2446822,-0.05856791,0.059684858,-0.0732639,-0.07546904,0.09462717,-0.043453738,-0.115237966,-0.046924513,0.05367617,-0.036101557,-0.20153634,-0.035566453,-0.09383764,0.11874093,0.061311312,0.24599464,-0.05604185,-0.12614813,-0.06433675,0.02189931,-0.03989563
TCGA-D8-A1JJ-01A,-0.07617457,-0.089202836,0.19455987,0.00791073,-0.06260576,0.082276896,-0.055135094,0.0313071,-0.13669573,0.12539123,-0.0539264,-0.06046421,-0.09312093,0.19443232,0.12010547,-0.075146705,-0.035486683,0.082209885,-0.031844556,-0.13125782,-0.037362874,-0.0676864,-0.07306935,-0.040774833,-0.029120924,-0.049919266,-0.20274487,-0.1268548,0.028726049,-0.16314022,-0.07779119,0.032168582,-0.10709994,-0.18275957,-0.0520427,-0.04982261,0.009310616,0.0804138,0.031438656,-0.08702425,-0.11316049,0.16614984,0.16539407,-0.009394615,-0.11855509,0.05429485,-0.015697965,0.12727381,0.02160241,0.0575356,0.113453895,0.006791181,0.10855996,0.014545432,-0.08841826,0.08000437,0.12898807,0.06830948,-0.05800154,-0.004758518,0.15089661,-0.061984986,0.005688395,0.1267632,-0.09946435,-0.027858786,0.16604666,0.07870136,-0.018860364,-0.00781524,-0.28876272,0.13061,-0.072227016,0.0054560783,0.08297982,-0.014422411,0.03283188,0.1421705,0.13008517,0.09964055,0.12320818,-0.1607824,0.025075164,0.047947053,-0.03815586,-0.072938904,0.057339907,0.10406404,0.13058427,-0.04650307,0.09829163,-0.0631684,0.19740216,0.06604801,0.17443632,-0.08355079,-0.107681446,-0.12223436,0.017074654,-0.06274444
TCGA-BH-AB28-01A,-0.027378958,-0.14949895,0.15957335,-0.011989898,-0.07891239,0.06453776,0.03459433,0.04071802,-0.17908062,0.09856481,-0.002323239,0.021942856,0.0913522,0.22219421,0.037818946,-0.060404964,0.010348847,-0.027250377,0.044223804,-0.15625207,-0.03647134,0.032719497,0.10445616,0.038631074,-0.068704434,-0.06820951,-0.1898488,0.029837316,0.034128845,0.0140494,-0.077994086,-0.0694775,-0.068429805,-0.09044567,-0.12570374,-0.13227297,-0.057325583,-0.06658859,-0.09564194,0.02535872,-0.02957559,0.10762292,0.16309327,-0.14677455,0.029239073,0.0038295703,0.021735266,0.08389458,0.13642277,0.21396917,0.15799557,-0.031218695,-0.0036297482,0.15035976,0.09056596,-0.035329394,0.0681287,0.080530815,0.017134575,0.096600965,0.044606876,-0.10061348,-0.11613324,0.08628924,0.09610623,-0.025355287,0.13800682,-0.084892325,-0.17434701,-0.08866588,-0.12794107,0.0023400227,0.120036006,-0.24988241,0.17343022,0.03648987,-0.07778157,0.007780025,0.09651165,-0.10295489,0.031983897,-0.13274148,0.049161166,0.020724127,0.006366923,-0.10151022,0.016618835,0.11688107,0.2271647,-0.15346625,0.016958967,-0.0742395,0.05621385,-0.011512619,0.072118126,-0.09583518,-0.076479994,-0.036956124,0.011930463,-0.21613595
TCGA-D8-A1JD-01A,0.050846882,-0.19022143,0.07819842,0.003959241,0.08040628,-0.0378287,-0.11253055,0.08533185,0.077711865,0.034867175,-0.07573159,-0.0014541277,-0.10802815,0.15356684,0.075517684,-0.021044021,-0.00683699,0.025100522,-0.07940942,-0.11615274,-0.13451633,-0.027721368,0.00043274707,0.12096822,0.08151684,-0.07544009,-0.27860615,-0.005553738,0.1253161,-0.029891789,-0.049672905,0.10117781,-0.11813257,-0.1432341,-0.19207534,-0.11676967,-0.023995213,0.0062982203,-0.08624422,-0.1831669,-0.022135103,-0.027230658,0.16626802,-0.09293182,-0.1012335,0.0017088348,-0.033790443,0.032438956,-0.055864353,0.11514971,0.09683499,0.052186485,-0.013925116,0.08767696,-0.027537957,0.056853563,-0.017145239,-0.008220993,-0.18771464,0.05355209,0.023647495,-0.06338863,0.009885145,0.1102969,-0.12452776,-0.09437019,0.15431704,-0.09670318,-0.033063848,0.09151851,-0.20652246,-0.018417839,-0.018321551,-0.15564112,0.04832219,-0.013850568,0.08095667,0.14218125,0.23773322,-0.0008830592,0.06672081,-0.1346585,0.061437275,0.18691474,0.06512467,-0.16010265,-0.036493916,-0.04512702,0.118997715,-0.08635503,0.1407409,0.007996339,0.11620112,0.10051293,0.042253744,-0.04897539,-0.10450714,-0.05876001,0.05367745,-0.16093874
TCGA-PL-A8LV-01A,-0.011400849,-0.04473514,0.041199263,-0.005000377,-0.050671782,-0.01632403,0.094648816,-0.027624782,-0.043973256,0.07217887,-0.032677237,0.003416264,-0.009145207,0.15768972,0.08829347,-0.10442603,-0.027282367,0.02820068,-0.03158988,-0.071419574,-0.034179363,-0.109106675,-0.06834033,0.0027632944,-0.00081908295,0.041614763,-0.12737294,0.061459042,0.045215484,-0.06701426,-0.14867483,0.08371683,-0.11971129,-0.15779145,-0.24083193,-0.1572376,-0.11189237,0.029329631,-0.04697404,-0.052949287,0.008862424,0.038826212,0.11408731,-0.1702919,-0.13959184,0.04366232,0.07116232,-0.016711844,-0.036984973,0.17099983,0.058528278,-0.004070337,0.1772238,0.15752968,0.04224754,0.046117056,0.12852271,0.024844574,-0.0930974,-0.0075785117,0.047257103,0.109454215,-0.18425857,0.18535377,-0.012637361,-0.114520386,0.22392225,0.031300023,-0.13877581,-0.05448219,-0.1962324,0.043118857,-0.07723319,-0.12756863,0.07502069,0.0046612844,0.016659552,-0.055223946,0.17649071,-0.04807095,0.056832,-0.03505868,0.046701018,0.047557916,-0.06502973,-0.08080569,-0.01717799,0.21088277,0.19628118,-0.19698775,-0.00088375947,-0.15898564,0.11245024,0.097425774,0.030326478,-0.12097488,0.010600349,-0.057214543,0.18841502,-0.020585196
TCGA-A2-A0T5-01A,0.038090583,-0.059178244,0.08045758,-0.028130678,-0.013627582,0.15554102,0.03290024,0.017479403,-0.06537286,0.12501201,0.06941066,-0.112741455,0.013195658,0.19160956,0.124017425,0.070337586,-0.018124886,0.12802134,0.114017986,-0.13991548,-0.06583618,-0.042701814,-0.06594412,0.12110829,0.050784416,-0.109190255,-0.19800372,-0.057228934,-0.0033549217,-0.056097664,0.007318298,-0.002591443,-0.07618151,-0.12186888,-0.043490864,-0.060433187,-0.022034273,0.10541929,0.12253403,0.06655442,0.00050767395,0.1769379,0.12468495,-0.052342586,-0.11765612,-0.03553225,0.025593812,-0.03363528,0.09553362,0.04844076,0.12934722,-0.054114677,0.0903481,0.19658996,0.015430273,0.032723866,0.066163264,-0.0002462451,-0.027549155,-0.008024791,0.089129284,0.07871256,0.015135867,0.20377441,0.018526949,0.07470809,0.15519083,-0.11542278,-0.18544197,0.1336669,-0.25500202,0.06060794,0.023159776,-0.3150739,0.028911188,-0.03742676,-0.037231464,0.017524153,-0.027528599,0.006554577,0.18606779,-0.1222913,-0.028967334,0.1443113,-0.046590485,-0.053595092,0.107261784,0.07441661,0.21792029,-0.0889082,-0.014680411,-0.14259672,0.069707185,-0.09530481,0.0698611,-0.063442156,-0.08058863,0.00014859004,-0.025855409,-0.022848045
TCGA-EW-A1J3-01A,0.012541706,-0.17066516,0.14638112,0.03574549,-0.07673824,0.09791539,-0.018955149,0.021369146,-0.027799362,-0.102469586,-0.12817584,-0.116137736,-0.21146384,0.17733715,0.05608057,-0.057395197,-0.009204869,-0.0066021816,0.1251026,-0.21747383,-0.012004761,-0.033171546,0.14298728,0.17790684,-0.021172136,0.008132199,-0.1640003,-0.13231838,0.11129964,-0.066424884,-5.4718563e-05,0.13319045,-0.06853078,-0.16197973,-0.06864159,-0.06768284,0.014544938,0.0028532478,0.114666805,-0.14882608,0.07526997,0.016658543,0.13560703,-0.022475975,-0.0415512,0.012524383,0.03648933,-0.029554326,0.057699792,0.114871874,0.1254828,-0.020148028,0.073972374,0.10627398,-0.034578994,0.06540592,0.05146585,0.0963221,-0.0074003716,0.006140209,0.062261976,-0.068048336,-0.08484998,0.068263896,-0.0025477186,0.04631304,0.20985878,-0.049504038,-0.02606735,-0.040410098,-0.16103674,0.03028179,-0.0009770844,-0.26381633,0.14791173,0.070398994,0.04783512,-0.04541993,0.15788825,-0.07686618,-0.09829567,-0.16024132,-0.12598819,0.12459773,0.17427678,-0.08045583,0.017227972,0.15789199,0.07258115,-0.040370263,0.027810955,-0.149225,0.14867805,0.0012180706,0.10066776,-0.0026707684,-0.028054973,0.019226253,0.1150921,-0.07248
TCGA-AR-A2LH-01A,-0.08015685,0.013744827,0.06116874,0.10976422,-0.09307551,-0.008174779,0.10283515,-0.036495347,-0.14278856,0.050924838,0.032121446,0.05700278,-0.06489083,0.2044587,0.09408703,-0.075686134,-0.021314487,0.020710865,0.102431774,-0.14277007,-0.1375349,-0.14382114,-0.09291534,0.22409762,-0.015214075,-0.012999178,-0.08530296,-0.047244586,-0.050092485,-0.06411474,0.011569811,-0.023445077,-0.09659551,-0.1295787,-0.11944891,-0.09018399,-0.07024469,-0.065684974,0.013070744,-0.07859347,-0.011904118,0.15096238,0.18623056,-0.13683897,-0.12351728,-0.029887015,-0.10075345,0.051742483,0.044486303,0.08499321,0.1449569,0.058873247,-0.015143077,0.13696249,-0.00355012,-0.06898825,0.08085824,0.15745613,0.018613962,0.005165263,0.07185893,-0.013006274,-0.046902418,0.09813854,0.027444985,-0.16305634,0.0720588,-0.118464515,-0.20641312,0.01242433,-0.113321945,-0.02772022,-0.04673825,-0.19440986,0.21367365,0.0163058,-0.021540152,-0.09575503,0.14423643,0.044220757,0.060085077,-0.2187368,0.024881491,0.023812179,0.0041360883,-0.16465966,0.07169595,-0.028493593,0.120696776,0.0720289,0.038546152,-0.048623905,0.109021455,0.049868178,0.25840092,-0.09141265,-0.12800471,0.042417597,-0.03863012,-0.078694575
TCGA-GM-A5PX-01A,-0.045394856,-0.14715563,0.14531423,0.16402563,0.010952686,0.043142326,-0.10028759,-0.00072153774,-0.026123269,0.16791944,-0.09923924,-0.039358556,-0.024510663,0.27653548,0.10614487,0.0778009,0.06562196,0.02209735,-0.18415238,-0.05461418,-0.080108605,0.041021604,-0.086418286,0.20521294,-0.1041198,-0.11019643,-0.12813058,-0.044890247,-0.018341288,-0.08883844,-0.10025971,0.0510551,-0.051689304,-0.23766351,-0.11848825,-0.16041018,-0.04800493,0.017335266,0.02765149,0.038983993,-0.059769273,0.1369167,0.11720552,-0.043639876,0.13673748,0.033395905,0.06296656,0.070854425,-0.0020862916,0.11598621,0.067298755,0.14252229,-0.005028739,0.13238631,0.053888015,-0.08071496,0.1709093,0.12340662,-0.03396838,-0.100615196,0.03338801,0.050058577,-0.0199502,0.13036332,-0.08151988,-0.18597072,0.10011018,-0.09152277,-0.1374423,-0.024507843,-0.0683606,0.093090266,0.013809029,-0.18419762,0.041967224,-0.024469582,0.06897187,0.07619278,0.13059539,0.01930576,0.0327756,-0.17061651,0.09477086,-0.08063745,0.06846154,-0.017561581,-0.0150527,0.13857305,0.13164423,-0.10367016,-0.010720533,-0.11355978,0.037294187,0.00055553636,0.073262036,-0.077205636,0.00024915772,-0.10207018,0.06387268,-0.10946053
TCGA-AC-A23E-01A,-0.054542784,-0.15975317,0.19340725,-0.0012798229,0.05810396,0.02436699,0.05270419,-0.004595457,-0.13177028,0.094082214,0.07382024,0.07710253,0.09135387,0.10063654,0.1404845,-0.045541126,0.11316357,-0.104425564,0.029825348,-0.14549692,-0.06738008,-0.029855154,-0.07605059,-0.0020595975,-0.02413167,-0.034167483,-0.25065878,-0.0033776492,0.13024774,-0.07938198,-0.1423113,0.020250514,-0.1356618,-0.07054623,-0.03537676,-0.105809934,-0.1101427,-0.16674747,-0.024391161,-0.028224159,-0.11373484,0.061421532,0.18518001,-0.111798756,-0.047268588,0.021213053,0.10679928,0.018837387,0.04972007,0.090831645,0.19433686,0.0042118146,0.032876007,-0.00847739,0.0055564153,-0.007098544,0.011813653,0.045437727,-0.10220694,0.032009713,0.06673638,-0.102736436,-0.002109381,0.053174444,-0.10664227,-0.07452281,0.17602117,0.05888527,-0.074869886,-0.00016763051,-0.13537547,0.12661694,-0.04611757,-0.28062055,0.12095788,-0.100426026,0.037413556,0.17267248,0.08291898,-0.047457047,0.05019972,-0.11572422,-0.036007695,0.05403688,-0.087479606,-0.06276126,-0.04934132,-0.006659969,0.11969491,-0.13832648,0.0027240552,-0.2310864,0.19462246,0.08037971,0.03490121,0.012835364,0.0845453,-0.034732804,-0.07973205,-0.16968532
TCGA-HN-A2NL-01A,0.019458132,0.004137347,0.17903592,0.14003885,-0.14569929,-0.047049057,0.13326366,-0.028108522,-0.04683733,0.023943443,-0.032494288,0.018884582,0.051277533,0.19156796,0.032840524,0.017273488,0.18161234,-0.022312554,0.029664153,-0.1449861,-0.1282911,-0.019372666,-0.053963624,0.020696634,0.067312315,-0.02602312,-0.29125622,0.024025047,-0.2105028,-0.15855682,-0.0871143,0.06419564,-0.13136779,-0.15945868,-0.08218383,-0.082592696,-0.063259885,-0.0696439,-0.054983735,0.019968815,-0.14424106,0.06590557,0.11173228,-0.111869976,0.048642356,-0.07715308,0.16011627,-0.01878,0.13468224,-0.027254537,0.09684584,0.0058798576,0.080726594,0.12739116,-0.043801155,-0.012602227,0.14270303,0.05719286,-0.0024790354,-0.008087867,0.08750761,0.03261674,-0.15479527,0.17814116,-0.018969351,-0.05864069,0.18356545,-0.06328171,-0.029460687,0.028610045,-0.1875814,0.055560235,-0.008227825,-0.2063226,0.037068106,-0.10424298,-0.09406676,0.045387443,0.27074048,-0.01728764,0.030349523,-0.06686973,-0.08101558,0.007492682,-0.011230691,-0.09386591,0.00756898,0.098173045,0.14290765,-0.065721,-0.01773253,-0.052600954,0.009000258,-0.07410041,0.08952708,-0.019006805,0.0011227357,-0.13282537,-0.015247678,-0.09143519
TCGA-EW-A1P4-01A,-0.059443116,-0.14375748,0.21163313,0.0818099,0.04933012,-0.037862163,-0.045982406,0.06154685,-0.18041748,0.075875655,-0.071272545,-0.04227292,-0.00800038,0.22708341,0.14649571,-0.06071023,-0.068352945,-0.018921738,0.03996203,-0.05390481,-0.0015572429,0.13071123,-0.069021136,0.08841393,-0.020216918,-0.10396499,-0.30689827,-0.06837424,0.028359085,-0.00714899,0.008281198,-0.02137815,-0.09295065,-0.18212995,-0.08048795,-0.024931917,0.04567445,-0.08911297,-0.06832555,0.075184576,0.0014459002,0.038421836,0.105187945,-0.23188548,-0.08583395,-0.03276458,0.020301167,0.035281193,0.03670172,0.22527924,0.1335577,0.008538391,0.07457427,0.05524341,-0.04710608,-0.008109527,0.056093927,0.023080116,0.08397797,0.056253955,-0.04675014,-0.018793838,-0.06855479,0.10783067,-0.11643898,-0.044636574,0.1814371,-0.023745574,-0.06401459,-0.03814309,-0.03554373,0.014118109,-0.01532814,-0.21633226,0.1557186,-0.07815512,0.021329267,0.03677197,0.18280005,0.009560126,0.1274807,-0.11399322,0.00038672402,0.032163348,-0.048728447,0.0006988452,-0.08382301,0.15126675,0.11607119,-0.13184218,0.1303285,-0.10147483,0.1261055,0.08959233,0.2157455,-0.113628104,-0.018844228,-0.010277372,-0.0014264521,-0.096393235
TCGA-B6-A0RN-01A,-0.010687501,-0.037549917,0.09279316,-0.0056072474,-0.05264619,0.014010408,0.051803168,0.026013006,0.09140277,-0.033124007,-0.089541964,0.008538842,-0.06980265,0.21179104,0.11266967,-0.036032688,0.029879702,0.046290126,-0.055670217,-0.1937944,-0.052885946,0.009889444,-0.08746486,0.03706355,-0.13334374,-0.023508342,-0.073632084,-0.059175547,-0.049176883,-0.017673336,0.026412658,0.15636022,-0.07187332,-0.19644168,-0.22746907,-0.1702785,-0.06107229,-0.048423413,0.036528736,0.0052640145,-0.082186356,0.046238076,0.029012958,-0.14400283,-0.061041035,0.09514359,0.018777313,0.11374369,0.072878644,0.14104328,0.027797922,0.042290833,0.09477378,0.21850213,0.07286972,0.03838012,0.09892111,0.0003587441,-0.047270965,0.0066273822,0.0078385845,-0.021238051,-0.20500937,0.024919536,-0.0005767216,0.07249671,0.16701789,-0.04841363,-0.13493842,0.025374467,-0.298473,0.06790948,-0.091328986,-0.17543335,0.1476434,-0.024025949,-0.016430734,0.050648116,0.17283566,0.07351716,0.07993901,-0.09824109,0.07676942,0.0363911,0.021867305,-0.080765665,0.03846051,0.00597511,0.27321392,-0.02885289,-0.057942647,-0.16264208,-0.018982695,0.057181016,0.07879733,-0.16831806,-0.1336048,-0.005377773,-0.0266235,-0.122711696
TCGA-E9-A22A-01A,-0.08918758,-0.0031033417,0.13208994,0.08984774,-0.019500835,0.03742457,0.005401186,-0.046325043,-0.059666134,0.04246395,0.03765105,0.03980298,0.07668542,0.31921408,0.17810838,0.013732454,0.0861521,0.061167542,-0.07419765,-0.092622876,-0.10153901,-0.033865403,-0.056798924,0.08301357,-0.08393661,0.010550471,-0.31371737,-0.07531602,-0.050181232,-0.03403795,-0.033641905,0.095643096,-0.019353291,-0.1448458,-0.00485944,-0.058894437,-0.07218429,0.0729566,-0.00839911,-0.06260833,-0.09373596,0.027208526,0.13609084,-0.0122345155,-0.023442954,-0.007220213,0.11120265,0.18645373,0.011860202,0.15297252,0.11939672,-0.02372474,0.08251034,0.016777026,0.055792343,0.067135304,-0.040322006,0.05427731,-0.07313972,-0.002298115,0.094968304,-0.08848254,-0.06357996,-0.038753472,0.057649694,-0.04163107,0.17491844,0.12733285,-0.11246519,-0.00096187927,-0.1003807,-0.062334996,0.009648863,-0.3117016,0.2417111,-0.031906348,-0.03017969,0.0016531722,0.10189333,-0.0056224256,-0.018130448,-0.10243579,-0.10627573,0.05532058,0.072323754,0.020725494,-0.13933307,0.18226528,0.16261743,-0.113896385,0.1418625,-0.18297283,0.08311247,0.09923666,-0.014173674,-0.021991396,-0.006735108,-0.0089002,0.025462423,0.024215288
TCGA-E9-A22B-01A,0.07108708,-0.1245791,0.18573117,0.04414678,-0.043319456,0.06031373,0.031012354,-0.07139217,-0.0062078945,0.07528411,0.0048208185,-0.08478955,0.0031708146,0.18591988,0.18994227,-0.09941948,-0.08054608,-0.011317073,0.0049083,-0.1499879,-0.09603211,-0.028052488,-0.20323391,0.02058874,-0.016302563,0.031578794,-0.13327146,-0.075819775,-0.014985917,-0.13417186,-0.05870598,0.07614695,-0.14413954,-0.12809883,-0.12575032,-0.0978868,-0.06467044,-0.089541465,-0.096809626,-0.08233943,-0.10343173,0.066213325,0.15652376,-0.22001673,-0.09316655,-0.029517507,0.03836616,0.039285153,0.14064631,0.15646042,0.17897366,0.0006850377,0.13858655,0.103005014,-0.002536063,-0.018619131,0.043292154,0.05791867,-0.121417254,0.039082605,0.031172762,-0.00034667065,-0.100865714,0.15241714,0.039321426,-0.00031096404,0.18436463,-0.0034046709,-0.049822055,-0.00456069,-0.059639152,-0.057886656,-0.012950107,-0.1289008,0.05095633,0.06786827,-0.002521792,0.15061693,0.1432532,0.04453131,0.058877725,-0.029354496,-0.020832352,0.040738642,-0.14862098,0.09304049,0.094280876,0.23581101,0.11418042,-0.050592665,0.09904936,-0.13203457,0.19167317,0.02270931,0.06681449,-0.103164434,-0.14147013,-0.025728822,0.08717113,-0.10829532
TCGA-D8-A27E-01A,-0.017039156,-0.06395384,0.1513714,0.011508937,0.019313699,0.21930018,0.021902334,-0.007429601,-0.1482657,0.067414664,-0.0005173865,0.031871304,0.08229163,0.08498295,0.13380298,0.022731949,0.0009454874,0.15649271,-0.019623542,-0.052995544,-0.029379435,0.0135930255,-0.019720903,0.10430662,0.037100773,-0.10559658,-0.09906738,-0.05021317,0.027871164,-0.13132207,0.0047957227,0.13674039,-0.123669855,-0.060543686,-0.09864309,-0.23614283,0.01229018,-0.18441041,0.018546076,-0.042601813,-0.0144065255,0.07274856,0.091178305,0.08009159,-0.0047521903,0.016814323,0.11619935,0.17117034,0.021973187,0.11739052,0.095510595,0.022688016,-0.015559012,0.18818557,-0.075429596,0.11729477,0.09937551,0.025379272,-0.039451484,0.019168256,-0.055637773,0.070046216,-0.087548755,0.11942233,-0.088330954,-0.08440574,0.23907861,-0.00025957715,-0.125512,-0.0066585043,-0.23191223,0.100320436,0.046068273,-0.24453954,0.15660003,-0.0743049,-0.1131992,-0.013167063,0.111986436,0.14214897,0.0785984,-0.06302017,-0.006991796,0.050758097,0.05245638,-0.1137469,-0.019572103,0.09010505,0.10896468,-0.14507319,-0.027848106,-0.22169219,0.07599459,-0.0016330116,0.14147195,-0.062107332,-0.0844985,-0.03285246,0.0014801723,-0.09703201
TCGA-BH-A1EV-01A,-0.029609887,-0.06745535,0.15050647,-0.031681497,0.02386543,0.08462368,-0.11256074,0.014061247,-0.10801736,0.14355718,-0.021695059,-0.048461266,-0.033712383,0.13155672,0.17243484,0.0008526308,0.09779481,0.03366442,0.081340745,-0.11885393,-0.114102095,-0.06726987,-0.19946457,0.031458035,0.08155132,-0.001651114,-0.14818549,-0.1379827,0.0006671526,-0.0856982,-0.03185179,-0.030239034,-0.07322073,-0.1169485,-0.16020316,-0.1287915,0.008971729,0.010028783,-0.09141257,-0.106886305,-0.12073112,0.11027346,0.12948923,-0.11946027,-0.079591185,0.03221243,0.0379285,0.023273949,0.16257268,0.17736167,0.18952519,-0.010426946,-0.07226951,0.08810383,0.052919455,0.0018214317,0.078745596,0.12338982,-0.05244667,-0.13529485,0.07074458,-0.05703913,0.009579698,0.172499,-0.016198704,-0.071966596,0.10984925,-0.073992856,-0.13659646,-0.039536115,-0.12257584,0.039831396,-0.16294314,-0.23141986,0.10316214,0.03100776,0.10024237,0.07489641,0.15938212,-0.009486336,0.020729234,-0.07009167,-0.05634193,0.10273421,-0.008074367,-0.07175535,0.10306365,0.1876365,0.16757345,0.013930968,0.10896154,-0.14372912,0.13466376,0.05201124,0.06476544,-0.16506687,-0.03529138,0.025345659,0.04295045,-0.04558132
TCGA-BH-A0BZ-01A,0.10748593,-0.09630342,0.21590522,0.1026295,-0.013501156,-0.031836454,0.031804666,0.061452817,-0.00024462774,0.17393039,0.054354653,-0.12192699,0.042696144,0.2703376,0.08343294,-0.058412395,-0.10583317,0.063215435,0.019367028,-0.13026717,-0.1400323,-0.06903617,-0.0713251,-0.027150404,-0.014380588,0.0067869676,-0.21357508,-0.082649484,0.07408459,0.0134537015,0.0014387345,-0.00676325,-0.10607557,-0.107391864,-0.07766866,-0.21416269,-0.082900606,-0.03757639,-0.11026774,-0.100243606,0.015167981,0.0035705424,0.105732925,-0.19917308,-0.043899197,-0.033965807,-0.016085053,0.03884999,-0.03478166,0.16177374,0.11506194,-0.058935445,-0.023473185,0.16960523,0.02798517,-0.046884302,0.05757741,0.0033100417,-0.08284722,0.09500192,-0.10069617,0.0067862174,-0.07235089,0.07180636,-0.04764242,0.08259167,0.21482112,-0.010964276,-0.06860412,-0.10621295,-0.16113472,0.1264675,0.031370465,-0.16547775,0.27391878,-0.093256555,-0.065937005,0.047829106,0.06744584,-0.046542175,-0.091499634,0.00061392755,0.043040536,0.005753537,0.06026794,-0.07795469,-0.0059566665,0.07651674,0.24392657,-0.04196322,0.036947466,-0.08454001,0.14003006,-0.101578526,-0.012418054,-0.059183083,-0.024427548,-0.055836547,0.06248685,-0.093000785
TCGA-A2-A0YC-01A,0.0054251915,-0.23699221,0.04274567,0.06218502,0.021719214,-0.025032895,-0.023832684,0.079489,-0.07400551,0.12133475,-0.041452594,-0.02393263,0.09216836,0.24069601,0.027177593,-0.095035374,0.035014365,0.08472896,-0.011366673,-0.120868355,-0.076438,-0.0994192,0.01841823,0.10407483,-0.088944405,-0.024312422,-0.24058974,0.056662906,0.05121344,0.056369554,-0.031857718,-0.02961209,-0.16446818,-0.16851442,-0.092812866,-0.04961866,-0.022104252,-0.07111988,-0.03590399,0.0006859432,-0.08886113,0.021078778,0.24083547,0.017129205,0.045809343,-0.045340866,0.11822215,0.1091718,0.023685498,0.05499443,0.07206597,0.0030648338,0.10912432,0.12063569,-0.10864392,-0.0203909,0.0496546,0.011494293,-0.08099611,0.08363352,0.04214712,-0.097593285,-0.029446067,0.05538157,-0.028102603,-0.051617462,0.26237354,-0.050171006,-0.21774751,-0.021761645,-0.11130857,0.025735525,-0.002054699,-0.2244272,0.03738184,0.1322463,-0.03724957,0.03355102,0.32252398,-0.070448816,0.05849323,-0.15258105,-0.096677266,-0.11734069,0.005249981,-0.056411937,-0.033088848,0.026946323,0.17164475,0.0075173327,-0.047290523,-0.11384473,0.049737908,0.0330959,0.081231415,-0.07693527,-0.054156404,-0.10198287,-0.06407292,-0.07489727
TCGA-BH-A0W5-01A,-0.09545292,-0.20428196,0.06349503,0.20626183,-0.055617068,-0.014585079,0.043837268,0.035688948,-0.114421934,0.0647583,-0.0148746325,-0.02285841,0.00086541486,0.17234004,0.04992639,0.027047146,-0.024864309,0.00546852,-0.07250989,-0.18606335,0.014430995,-0.120483324,-0.060657337,0.11095986,0.084172755,0.0030467645,-0.20400706,-0.032310177,-0.0434472,-0.0071002003,-0.117582135,0.035395958,-0.15782787,-0.06923782,-0.083163485,-0.057779543,0.021664709,0.050916005,-0.012932648,-0.0098798415,0.10629144,0.14035414,0.11587421,-0.03064243,0.04395071,0.06286711,0.14635506,0.10521269,0.17602476,0.061733566,0.03795894,-0.010702714,0.046054326,0.14137787,-0.0057644653,0.02170391,0.059180286,0.066879146,-0.066668026,0.08425401,-0.02970839,-0.00231637,-0.095731884,0.029162427,-0.09571099,-0.063601986,0.15614766,-0.00035011958,-0.08518224,-0.19966358,-0.115198016,-0.07068775,-0.069346435,-0.32921126,0.15125142,-0.022741256,0.17312352,0.047960494,0.18084475,-0.036548913,0.07945366,-0.13564838,0.10391918,0.039212037,0.042171538,-0.060317904,0.018629057,0.08957228,0.17335045,-0.0011162262,0.07719556,-0.036751714,0.015855951,0.17146836,0.09778746,-0.14478652,0.03377812,-0.11372478,0.14908499,0.012367467
TCGA-GM-A5PV-01A,0.021764522,-0.09198601,0.14206247,0.06881148,0.099637575,0.040090397,0.11041709,-0.0064503807,-0.048953526,-0.047563378,-0.009166677,-0.06783148,-0.035199627,0.23689578,0.16182156,0.04817439,-0.03979768,-0.0071483613,-0.03558393,-0.06991824,-0.23934934,0.008196135,-0.06950099,0.06532101,-0.08404934,-0.096233085,-0.18302386,-0.028625201,-0.046706036,-0.12062529,-0.13758685,0.11061813,-0.12842782,-0.18626088,-0.08940037,-0.109095484,-0.06843326,-0.058045413,0.024784407,-0.013168367,-0.031296838,0.1388843,0.093439214,-0.2007733,0.13199711,-0.027402798,0.092880055,0.019432401,0.0173654,0.21592416,0.095711805,-0.007539578,-0.018279199,0.24130183,-0.007211223,-0.0052516637,-0.020028552,0.04792402,0.013294977,-0.013291711,0.0036141833,-0.00055943604,-0.105500534,0.03181229,-0.14974509,-0.019967172,0.23235464,0.014581992,-0.09140722,-0.060563445,-0.13615006,0.06571648,0.034938,-0.2653502,0.12638213,-0.016353667,-0.012973412,0.11667599,0.25270796,-0.00438279,0.0971924,-0.055127073,0.041935652,-0.005674822,-0.059936136,-0.09135189,0.021388989,0.015276074,0.03018029,-0.045566034,-0.07629216,-0.15551402,0.049392767,-0.030828984,0.022153586,-0.09235983,-0.11928713,0.010490987,0.019919325,0.059237372
TCGA-B6-A0WX-01A,0.073136754,0.0073097865,0.12059016,0.1680924,0.040064156,0.16642892,-0.14442688,-0.021834789,-0.14620696,0.13083276,0.038175095,0.088219516,-0.02948008,0.19940768,0.07569314,0.02373796,0.033284593,0.10569626,-0.06096034,-0.13222127,-0.084378496,-0.16341348,-0.017524213,0.07358756,-0.023693569,-0.010256127,-0.22689597,-0.026572868,0.054711245,-0.055333238,-0.012875969,-0.07507001,-0.036609057,-0.077129275,-0.16081011,-0.15014774,0.022909306,-0.06916539,-0.09902233,-0.10469418,0.024935909,0.13629183,0.095905386,-0.08593199,-0.10357283,0.110896155,-0.0029426303,0.010870572,0.015263379,0.057796296,0.0782053,0.004916174,0.045927025,0.005880482,-0.052050024,-0.012578997,0.09707266,-0.058251403,-0.09650855,0.073596,0.10182592,-0.002065709,-0.05296481,0.06544057,-0.21063901,0.005221549,0.22850859,0.055728115,0.005441441,-0.06253852,-0.25400317,0.0300082,0.02079282,-0.19590768,0.032264393,-0.016889567,-0.05423937,0.02805524,0.19490832,0.040371437,-0.061263654,-0.038484454,0.042955652,0.06885875,-0.06929,-0.21413851,0.1084616,0.10353926,0.2880946,-0.049353555,0.032056328,-0.08632938,0.12564076,0.010179488,0.021113986,-0.042808495,-0.10692763,-0.052385714,0.05467023,-0.03951029
TCGA-A7-A0D9-01A,-0.017423676,-0.13482721,0.09972165,0.066846065,-0.040774774,0.18832494,-0.012611392,-0.035135224,-0.20525427,0.08168434,-0.026049657,-0.045889247,0.1516213,0.22391409,0.1570322,0.033767,0.009774621,0.021257581,-0.0032180226,-0.11816387,-0.06814833,0.0003700172,-0.037584856,0.106538445,-0.0456315,-0.11881868,-0.20412374,-0.16041958,0.06582238,-0.07061573,-0.106268644,0.17320737,-0.0986294,-0.08891784,-0.10982854,-0.15277119,-0.034443244,-0.01290861,0.06375334,-0.007662729,0.034635514,0.056583274,0.18611227,-0.0665172,-0.008584736,0.005170052,0.051378764,0.0663904,0.08793574,0.1756199,0.10741748,0.06691038,0.03643001,0.06331486,-0.02426226,0.007946459,0.04265557,0.028666176,-0.11841266,0.10724798,0.032915637,0.08529278,-0.12408462,0.14446369,-0.045007247,0.044487696,0.082694665,-0.041406386,-0.107857175,-0.06342593,-0.16609082,0.0035931133,0.068751186,-0.22540241,0.19833815,0.04680137,-0.08845837,0.06827483,0.12002504,-0.09976059,0.020340092,-0.14693643,-0.041990537,0.12093466,-0.0015767992,-0.24068637,0.12092884,0.022872405,0.14823338,-0.16866489,0.048242692,-0.05083512,0.007634555,-0.0027786037,0.0688499,-0.023504162,-0.077975094,-0.0047448366,0.037857607,-0.0044823852
TCGA-S3-AA17-01A,-0.0119835315,-0.07407267,0.2538912,-0.078479394,-0.04049207,0.049720198,-0.14125729,0.020955393,-0.052040245,0.13082974,0.006462556,-0.0452224,-0.049107846,0.2243606,0.11047893,-0.042826854,0.00017594558,0.121137545,-0.051952943,-0.14814381,-0.07260655,-0.12787823,-0.1840129,0.053571433,-0.025651162,-0.11342043,-0.22889729,-0.045865282,-0.0003005753,-0.14451605,-0.048896708,0.11871786,-0.039578248,-0.17208655,-0.13452269,-0.08497619,0.0739058,-0.043863524,-0.065596715,-0.03118122,-0.08856327,0.11471444,0.12809655,-0.051568024,-0.062093556,0.0035366183,0.10178204,-0.06863995,-0.029650517,0.11054681,-0.0069389488,-0.014741597,0.064319685,0.08574438,0.014620744,-0.11501485,0.11729123,0.06463388,0.032564726,-0.0128537435,0.11016919,-0.0043902504,-0.1400268,0.13883281,-0.08661008,0.025243152,0.11193478,0.023311231,-0.020719362,-0.1596891,-0.21017314,0.10912416,0.10251405,-0.16331472,0.057183355,0.019588074,0.0037734222,0.047585294,0.18004017,0.094718315,0.017080992,-0.09779081,-0.061102398,-0.094558224,0.086524755,-0.07366207,0.006311926,0.070170835,0.18905745,-0.080650076,0.054742627,-0.09211614,0.09093522,0.101232454,0.11655141,-0.19451381,-0.11769625,-0.006363964,-0.005484155,-0.07140965
TCGA-C8-A274-01A,-0.057337873,-0.07047363,0.22879152,-0.019025464,-0.027776431,0.060122393,-0.011044542,0.08050406,-0.09490426,0.08085685,0.0330411,-0.050252385,-0.014654375,0.23741499,0.06764548,-0.050014395,0.010987919,0.07799196,-0.09083398,-0.008718434,-5.813865e-05,-0.018714933,-0.15652142,0.10582061,0.11127558,-0.043668393,-0.2880444,0.030592265,0.024258697,-0.17844242,-0.15485696,0.09821786,-0.09182163,-0.21207465,-0.13437775,-0.09230479,-0.0062605813,0.0083280355,-0.002078314,-0.03186521,-0.047814827,0.1972873,0.09307701,0.0073690666,-0.005994156,0.075137615,0.048811138,0.07663581,-0.045019407,0.044528432,0.13434069,0.029146409,-0.015924431,0.11853489,-0.0108338045,-0.04712572,0.16154082,0.0059046247,-0.021160567,0.07710652,0.098917924,0.05146252,-0.11103688,0.018426465,-0.08632046,0.10251588,0.068296656,-0.03325859,0.0022642098,-0.17901327,-0.09191646,0.06098374,-0.039551843,-0.17411138,0.12784036,0.016273484,-0.0021083544,0.11698399,0.0562887,0.03937555,0.09141022,-0.06318645,0.05116734,-0.03050356,-0.0028475928,-0.05935812,0.0056249546,0.071857944,0.22468238,-0.11904752,0.04232594,-0.18913761,0.15601361,-0.07934642,0.22868396,-0.045663275,-0.021812541,-0.1558734,0.12925518,-0.008051119
TCGA-E2-A1LL-01A,-0.055523526,-0.031427134,0.15196243,0.1175511,-0.09391586,0.042789772,-0.042839233,0.07337495,-0.015564524,0.13191174,-0.102286234,-0.054735374,-0.05308836,0.23174676,0.13090143,-0.058141757,0.008362887,0.061723374,-0.08090631,-0.1389031,0.019572759,0.006287807,-0.14998773,0.07968429,-0.05370499,0.03614021,-0.16598724,-0.07967301,-0.056004275,-0.010849108,-0.04236686,0.006045671,-0.12094884,-0.058864765,-0.08339945,-0.14370543,-0.0016222687,0.0028956037,-0.07248284,0.0504988,-0.016332256,0.09778701,0.034988165,-0.03644971,-0.09521134,0.019155608,0.049967274,-0.005777908,0.038593724,0.18147849,0.16194561,0.025080474,0.027570264,0.117324255,-0.12198021,0.018843466,0.120550394,0.041438397,0.027801394,0.05536827,0.09641027,0.028588915,-0.088599294,0.19217089,-0.06936169,0.012832759,0.11836228,-0.01874762,-0.094005294,-0.030535111,-0.033185836,0.08585494,0.052628852,-0.2348205,0.25600073,-0.07330985,-0.025906462,0.022475304,0.17540401,0.06991399,0.15311459,-0.12296068,-0.13986342,-0.051163193,-0.041604113,-0.037092526,-0.08382837,0.08769724,0.16920511,-0.065738134,0.051858887,-0.1545428,0.19148234,0.11360118,0.118699156,-0.06569619,-0.11972886,-0.15975635,0.16266157,-0.10653549
TCGA-C8-A275-01A,-0.020535618,-0.1389742,0.02568647,0.015536792,0.06840178,-0.001509266,-0.04717882,-0.03894381,-0.098219275,0.028207473,-0.021885473,0.06105249,0.08030891,0.21304503,0.05568193,-0.01442994,0.025391938,0.06518626,0.009124409,-0.017998816,-0.104522645,-0.0716833,0.032196164,0.10988976,-0.10150095,0.0154763125,-0.2104532,-0.15365408,-0.029778551,0.039696682,-0.15811147,0.037288472,-0.03533502,-0.19042863,-0.13330422,-0.033174045,-0.029005768,-0.004570971,-0.08013459,-0.1496818,-0.041433252,0.054346144,0.17253327,-0.22512463,0.0068108244,-0.07812079,0.008394398,0.0044985167,0.02174697,0.24851117,0.118216895,0.053437877,0.09722182,0.037764154,0.14250877,0.026770337,0.035892904,-0.14008652,-0.032461878,0.05021498,0.11721883,0.09053583,0.033795793,0.16553281,-0.044023395,0.0021411232,0.24162504,-0.060988054,-0.21736744,0.004210426,-0.085260056,0.083237946,-0.02695907,-0.13526945,0.14817029,-0.047328915,0.033215042,0.0482247,0.17436987,-0.0730837,0.006474827,-0.089946344,0.008768114,0.07672882,0.053557184,-0.06487048,-0.10821669,0.057644572,0.17195475,-0.035692066,-0.010964047,-0.11728479,0.20667426,0.08169243,0.16292465,-0.061282035,-0.0639415,-0.15142532,0.005309288,0.021160377
TCGA-AR-A24S-01A,0.018844917,-0.038311306,0.14653975,0.094936855,-0.077186905,-0.062378928,-0.11443987,0.1051828,0.0041516656,0.12855132,-0.036537174,-0.07100229,-0.07826853,0.2314496,0.19481128,0.01275843,0.008240001,0.07711208,0.040675007,-0.23461431,-0.14203417,-0.029244145,-0.058674324,0.005306857,0.04597941,-0.01591982,-0.22309895,-0.052817106,-0.07716853,-0.06038207,-0.11542499,0.09016396,-0.06626297,-0.11532552,-0.11392571,-0.07484773,0.0031686362,0.11942126,-0.111328065,-0.07450447,-0.13825937,-0.028044684,0.13789663,-0.12743138,-0.1109522,-0.06509031,-0.047195356,-0.021487134,-0.07705044,0.12810476,0.06530165,-0.024223909,0.0896157,0.06820964,-0.08016592,-0.015452578,0.051189102,-0.013923019,-0.029293753,-0.054128405,0.02823767,-0.14581002,-0.08335044,0.09522593,0.0466702,-0.09189087,0.16858794,0.03318027,-0.07194092,-0.066488184,-0.233082,0.048602737,-0.11319411,-0.15952793,0.1538285,0.019333478,-0.0913546,-0.011786686,0.17011283,-0.052554954,-0.056916613,-0.10247659,-0.012557726,0.073382065,-0.05256385,-0.1407709,0.07503244,0.17320754,0.077723056,-0.049002938,0.18521689,-0.18900865,0.07173299,0.0634504,0.0785536,-0.056054484,0.019290179,-0.10827943,-0.053105254,-0.08586239
TCGA-BH-A0DP-01A,-0.05911277,-0.0883722,0.040012646,0.051921695,0.09672335,0.084525906,-0.038080677,0.09677811,-0.080878496,0.14733009,0.055224273,0.006657895,0.04658377,0.14699447,0.19549495,-0.11446691,0.013339843,0.14905648,-0.063061275,-0.07238136,0.015331012,-0.08837607,-0.039194107,0.05331265,-0.01744825,-0.13238116,-0.17855084,-0.105380416,-0.048452813,-0.036638346,-0.15083879,-0.025566427,-0.08892991,-0.13638149,-0.23909675,-0.091441266,-0.12742771,0.12605287,-0.017142255,-0.033930182,0.021226665,-0.0024354528,0.035052452,-0.1321425,-0.084479265,-0.033183984,0.12167666,-0.029971158,0.043377977,0.10043415,0.049291182,0.14408271,0.0070127686,0.107172124,-0.0042809993,-0.051239647,0.18140407,0.099181585,-0.17657936,0.07411705,0.1298762,0.107706875,-0.05889266,0.07463542,-0.070051506,-0.049807757,0.24789199,0.024942543,4.0199116e-05,-0.019005453,-0.2462771,0.10261199,-0.019944882,-0.12596785,0.16756934,-0.1380623,-0.038650062,0.10588711,0.17591982,0.0825044,-0.036965724,-0.03676069,-0.0039904374,0.067932256,-0.09489942,-0.12656777,0.104165,0.10520017,0.07231336,-0.12403792,0.0067558284,-0.0980155,0.16132212,0.03295274,0.018248469,-0.03165975,-0.025560811,-0.06900594,-0.00907143,-0.10180592
TCGA-C8-A1HJ-01A,-0.022029221,-0.11158159,0.116026096,0.103185855,0.0690883,-0.019168807,0.117166854,-0.03856686,-0.012002662,0.07290539,0.028700044,0.0027268303,-0.086471036,0.13178915,0.049580064,-0.05146046,0.045045733,0.17539088,0.016510209,-0.2019614,-0.029516526,-0.038475648,0.027483284,0.0069014123,-0.13735352,0.007876918,-0.11215713,0.042971037,-0.12690002,-0.07383716,-0.056077342,0.025311954,-0.16515018,-0.17877167,-0.17402211,-0.113437384,-0.045657706,0.035819568,-0.06425416,0.08921576,-0.07999985,0.14246662,0.17448913,-0.14334765,0.015113956,0.04240805,0.03445317,-0.036545884,0.002431186,0.07894887,0.10416806,0.05447277,0.08694316,0.09297176,0.012828903,-0.06163014,0.13063715,0.11500751,-0.17140596,-0.023558889,0.041333403,-0.024028048,-0.19614547,0.10038607,-0.1342808,0.018205153,0.121579126,0.04107614,-0.07634584,0.004357782,-0.19064783,0.124247596,-0.08576074,-0.17150268,0.18073462,0.013117284,-0.09181987,-0.041061934,0.1324897,-0.06531123,0.07983422,-0.007040092,-0.018908396,0.03937746,0.004885598,-0.16041826,0.008793669,0.02428002,0.159345,-0.06295232,0.22035016,-0.15084547,0.16637899,-0.04067131,0.20794465,-0.09411616,0.041030806,-0.048521142,-0.050397497,-0.04301598
TCGA-AC-A8OP-01A,-0.029905923,-0.15829399,0.10362973,0.11544276,-0.05944926,0.06556256,-0.08321864,-0.035061203,-0.102535255,0.05197041,-0.047545742,-0.02768222,-0.04083739,0.14363657,0.17293997,-0.022279516,-0.027879251,0.017037863,-0.050387513,-0.03187739,-0.13110834,-0.07848992,-0.010332231,0.030236386,-0.07932879,0.09211576,-0.21938232,-0.064998575,0.05049972,-0.05319354,-0.092156105,0.030390311,-0.09476351,-0.26463562,-0.12832598,-0.051108107,-0.11154193,-0.112936445,0.003994153,-0.12518384,0.03989141,0.14520775,0.17613092,-0.09080416,-0.05744575,-0.029981993,0.12163389,0.11962936,0.093309745,0.126747,0.11599155,0.1427647,-0.0059894486,0.063166454,-0.09912713,-0.12338277,-0.018261433,0.091233976,-0.018977722,0.09872347,0.05994165,-0.06977038,-0.2164316,0.04139326,-0.094410166,-0.07435556,0.092357405,0.024743082,0.02965686,-0.19897582,-0.10966108,0.07550236,-0.12922981,-0.20741296,0.060255688,-0.021673523,-0.017854825,0.0077001085,0.19518988,0.03542767,-0.035806857,-0.15785909,0.0580535,0.0581031,0.057629887,-0.10700336,0.020653028,0.0534952,0.13944313,-0.15376869,0.12218121,-0.0858319,0.17016141,-0.009598364,0.09771869,-0.054236107,-0.0140642505,-0.06494785,0.08774295,-0.03260479
TCGA-AN-A0XV-01A,0.05089342,-0.08971392,0.12038406,0.1818278,0.095227346,0.09979334,-0.09253224,-0.0039389515,0.07326173,0.12030761,0.058900382,-0.021090114,0.012982141,0.26601368,0.025504978,-0.17229016,0.0661357,0.08569214,-0.05780602,-0.13135456,-0.19952151,0.07316011,-0.007703557,0.0305205,-0.11800938,-0.03525244,-0.2002381,-0.013058431,-0.0070778495,0.0039753853,-0.087448455,0.069814526,-0.15627427,-0.10962936,-0.16164912,-0.19244088,0.06568487,-0.015514412,0.07308997,0.03231973,-0.0580175,-0.012422389,0.15722327,-0.13861111,0.070832446,0.018390467,0.11827485,0.0015880427,0.12821795,0.112604216,0.07113421,0.06790415,0.08201463,0.08831119,0.007417331,0.03242233,-0.028787047,-0.02355715,0.040011857,-0.063151985,0.04530633,-0.06288982,-0.09634404,0.08216366,-0.076799504,0.007096162,0.2032311,-0.06807511,-0.121855505,-0.02647615,-0.14637841,0.090018906,-0.01251327,-0.30744907,0.1922607,0.0024002418,-0.030314408,0.009207385,0.17794822,-0.0003857136,0.055070892,0.024321027,0.03028869,-0.014843477,0.0043170666,-0.018619232,-0.15800773,0.08133854,0.1591986,-0.0059326636,-0.011284454,-0.13833418,0.09674562,0.026545817,0.036782436,-0.03510192,-0.04596957,0.055154372,-0.020895202,-0.14502805
TCGA-A2-A0SV-01A,-0.01735851,-0.085188664,0.10105963,0.107206434,0.1529583,0.12889482,-0.06156807,0.10250686,-0.05688784,0.061574347,-0.09701747,0.015868178,0.01660123,0.15008819,0.11127418,-0.10377683,-0.02473894,-0.06753178,0.031556144,-0.18811049,-0.06645268,-0.13563995,0.036972612,0.11108876,-0.052126672,-0.1053568,-0.091494784,-0.075676404,0.06327469,-0.023216004,-0.048511542,-0.04111552,-0.069069624,-0.30892923,0.0009240116,-0.0826131,0.000736479,-0.04085904,0.01572631,-0.03445143,-0.0025579017,0.07143038,0.11370107,-0.20185785,0.06416848,-0.0373834,-0.028933698,0.021082027,0.12280439,0.12970382,0.087793484,-0.024184734,0.015335709,0.100531384,0.029506706,-0.019468712,-0.017183,-0.039984535,0.021490488,-0.006871628,-0.064842604,0.09353797,0.11668302,0.13862233,-0.021406783,-0.11168354,0.2223816,-0.024887336,-0.11493771,-0.0345985,-0.21344706,0.07407544,-0.021865154,-0.22267659,0.1992398,-0.07443494,0.04882268,-0.00060315325,0.250454,0.073209524,0.040657043,-0.11612467,-0.049522888,0.0841721,-0.037424527,-0.12743682,0.10162005,0.09445119,0.16716072,-0.050397933,0.022808503,-0.07027572,0.18729131,0.03272634,0.1442855,0.059275422,0.0060909577,-0.0683639,-0.0808624,0.0066442676
TCGA-BH-A6R8-01A,-0.006232716,-0.05385305,0.2300808,0.058606554,-0.057241824,-0.03425227,0.08067239,-0.06554625,-0.03326527,0.10044848,-0.038678627,-0.015734008,0.019584667,0.20662168,0.16569927,0.05467428,0.09508583,0.04408537,0.021467404,-0.08789282,-0.09091931,-0.140898,-0.04349522,0.098073274,-0.09550125,-0.16078536,-0.1414103,0.029794725,-0.010032725,-0.043983135,-0.05226504,0.07578372,-0.04607875,-0.11566434,-0.042562038,-0.040630717,-0.08956272,-0.036150586,-0.057229493,-0.16034596,-0.09097717,0.023152206,0.20815325,-0.09882578,0.040751882,-0.017736865,0.1313231,0.10097341,0.13707644,0.23399425,-0.017064752,-0.019563552,0.025138773,0.12524271,-0.0062018395,-0.018437156,0.16712852,0.0041654166,-0.006476451,-0.008549766,0.06339917,0.027697355,-0.07453118,0.10515125,-0.12869434,0.12440762,0.17843449,0.0641574,0.03128037,-0.02508831,-0.23974966,0.09257142,0.07153489,-0.21382311,0.03304356,0.11453662,-0.023377446,-0.071232095,0.2108801,0.031615034,0.051925413,-0.03394353,-0.054107476,0.1572969,0.03589261,-0.06251603,0.065054744,0.018074658,0.1814234,-0.033133823,0.009488791,-0.04609995,0.18708058,-0.074424244,0.039930444,0.0039074705,-0.03817397,0.005475324,0.12325605,-0.19159873
TCGA-D8-A27K-01A,-0.1114542,-0.047663823,0.11215527,0.10921789,0.05511096,-0.054355904,-0.0404581,0.17782792,-0.014485046,0.0733174,-0.06390278,-0.050770413,-0.057867635,0.16330178,0.17408618,0.037097856,-0.09923629,0.0536127,-0.050504677,-0.26785907,-0.068923354,-0.028440852,-0.058500055,-0.029642444,-0.018906675,-0.067463584,-0.19837937,0.025198748,-0.12486268,-0.09173575,-0.083056435,-0.030665709,-0.076720975,-0.11262155,-0.07252879,-0.02777258,0.010186251,-0.0017397557,0.14644307,-0.048751734,-0.115602925,0.08698066,0.077370174,-0.16157277,0.015581918,-0.09198126,0.055435427,0.14637047,0.024204176,0.12911427,0.093743175,-0.015868796,0.017605092,0.11041123,0.06068079,0.07286066,0.1425763,0.10093174,-0.1686311,-0.075719886,0.15703018,0.033027258,-0.059539303,0.09458985,0.08154803,-0.005601848,0.01658578,-0.076604165,-0.087063104,-0.07089879,-0.24902835,-0.106888644,0.0887458,-0.29449913,0.092279024,-0.062146068,-0.0049329046,0.095129296,0.10813849,-0.08286918,0.08658231,-0.08958706,0.028254654,0.074319705,-0.062442385,0.0409752,0.014438269,-0.058995817,0.25318485,-0.08484857,0.108248584,-0.087875985,0.047331948,-0.04306203,0.06837185,-0.08853801,-0.037886932,-0.12279876,-0.0066802185,0.00064644124
TCGA-BH-A0H7-01A,0.033903934,0.034645896,0.0823892,0.09416419,0.01575535,-0.005579783,-0.068566434,0.11334355,-0.087022245,0.10131782,0.056140438,-0.12539817,-0.067206435,0.22563241,0.091477305,-0.081703514,-0.07118258,0.06825187,-0.07819365,-0.18899806,-0.008686261,-0.0100108525,-0.15650435,0.08523158,-0.058593333,0.005542917,-0.27514672,0.02392375,0.08515299,-0.0532249,-0.029182209,0.09452932,-0.18860695,-0.07983154,-0.12717198,-0.14610077,-0.0066254768,-0.08277848,0.038467355,-0.03281038,-0.15259136,0.022363089,0.086591125,-0.047957797,0.05290153,0.01137666,0.0730281,0.0011640993,0.09578056,0.19825935,0.076521926,0.05759302,0.025915246,0.030954752,-0.009075219,-0.09576217,0.0722971,0.05208185,0.089542694,0.038714495,-0.012177399,-0.01598143,-0.12067479,0.096367605,-0.018452888,-0.051685527,0.26959953,-0.06996922,-0.034997117,-0.17759229,-0.123643436,-0.034945037,-0.015721269,-0.09485791,0.09796792,0.04974472,-0.05272937,-0.063326806,0.16892573,-0.04937434,0.051016804,-0.08848346,-0.09386957,0.1821626,0.034119807,-0.045409568,0.013680238,0.179328,0.12528224,-0.096967705,0.13940452,-0.13335893,0.13015899,0.09993184,0.1438107,-0.052169185,-0.13423179,0.07220138,0.13556843,-0.04084851
TCGA-BH-A2L8-01A,-0.09681844,-0.018718312,0.17248043,0.08421626,-0.057857804,-0.06630192,0.085461915,-0.08921875,-0.019517085,0.019054241,0.022703154,0.08305739,-0.050468575,0.21684307,0.11470551,-0.06733149,0.027385708,0.17537732,-0.06418461,-0.23747073,-0.03224208,-0.0020347962,-0.055006914,0.07029868,-0.06263467,0.033419404,-0.23323989,-0.07222949,0.07202356,-0.13743901,-0.017101755,-0.05438466,-0.09016263,-0.21113631,-0.06092122,-0.09158685,-0.038162813,-0.056314945,-0.0059036748,-0.048379067,0.008674962,0.12162726,0.08335343,-0.039177604,0.061748303,0.061710376,0.011320048,0.12635861,0.06760436,0.10751658,-0.057028137,0.13959794,0.11932198,0.07058859,-0.113190144,0.02413338,0.18447423,0.06311313,0.0022000375,-0.045374546,0.07745856,0.08011919,-0.05183133,0.13893397,-0.04268336,0.12543559,0.13977674,-0.020184128,-0.13987924,-0.0074414113,-0.09210681,-0.090485215,-0.036799725,-0.22597022,0.21589665,-0.2053312,-0.037808534,0.03554839,0.14816546,-0.035507794,-0.028164612,-0.027411794,-0.12877358,0.058532156,-0.07137711,-0.07809126,0.028576825,0.03961455,0.12127317,-0.10608845,0.10294974,-0.012928999,0.16278756,0.057862494,0.1188079,-0.11029131,-0.003280017,-0.028367952,-0.087475136,-0.14071979
TCGA-D8-A73U-01A,-0.1196021,-0.049487658,0.13835214,-0.011686325,0.00095759553,-0.0015402489,-0.012762496,-0.01651834,-0.025475765,0.14438367,-0.055014312,0.0862913,-0.074978575,0.21109876,0.022919485,0.0018338861,0.052303888,0.1907562,0.012218517,-0.12872958,-0.031655606,-0.112478174,-0.003959982,0.13054231,0.005050231,0.10412513,-0.23503388,-0.048624214,0.01287829,-0.058438376,-0.1590798,-0.08982648,-0.053695034,-0.110786125,-0.13072501,-0.15379713,-0.099794716,0.019928712,0.03327389,-0.02783657,-0.048119985,-0.017337866,0.08289633,-0.11364043,-0.102181524,0.10093313,0.014706947,0.007975953,0.17504986,0.14881219,0.06176841,0.12514235,0.06331583,0.12548934,-0.0029054577,-0.01728029,0.20799525,0.06528908,-0.068900295,0.06466122,-0.012500022,-0.008296812,0.0012009203,0.20927848,-0.110876076,-0.11041752,0.15690587,-0.043583255,-0.15044412,0.041993495,-0.22266942,0.09113926,-0.042406507,-0.26064652,0.18459038,0.0018984383,-0.02531544,0.07703247,0.18873256,-0.023300668,0.11049702,-0.0074890456,0.08666182,0.05618234,0.029564595,-0.09997938,-0.04760374,0.02853949,0.05173779,0.12395902,0.033668395,-0.11376633,-0.028546063,0.081799015,-0.01771565,-0.0374042,0.058270026,0.009765254,0.10334507,-0.11127073
TCGA-E2-A1L9-01A,-0.012235546,-0.028775966,0.0075074704,0.11299082,-0.029740904,0.13615423,-0.10448998,0.00085070013,0.05944005,0.054929223,-0.1879379,-0.06582125,-0.0027852692,0.18174507,0.08572583,-0.085067414,-0.017560197,0.05067699,0.053689487,-0.118686266,-0.047165487,0.040291674,-0.07145097,0.11740261,0.06678236,-0.012256671,-0.30005243,0.010842308,0.020062152,0.014203331,-0.013130638,0.028741546,-0.1004876,-0.15771249,-0.1374223,-0.07851484,-0.04688199,-0.04461732,-0.0009679646,0.029423138,-0.096355654,0.09574702,0.25062868,-0.039833218,-0.008801668,-0.027505258,0.096692994,-0.013757832,0.20068763,0.06169355,0.18639518,0.046748426,-0.0022268943,0.088738166,0.057201654,0.08295872,0.14236753,0.14813966,-0.078096814,0.05409294,-0.009459761,0.006478962,-0.051173795,0.15326789,-0.013903505,0.04690982,0.17379177,-0.094631314,-0.17905825,-0.052289847,-0.25685784,0.106248215,-0.02669686,-0.10725505,0.17776242,0.033633273,0.09362756,-0.0010837072,0.15495947,-0.121194586,-0.039797377,-0.09281311,0.024706973,0.05975505,0.13857594,-0.03063101,0.050572183,0.09167557,0.08784034,-0.13508989,0.058597542,-0.03840442,0.11019506,0.09655396,0.06495539,-0.12490252,-0.12439907,-0.0014617002,-0.09306379,-0.021254886
TCGA-AR-A1AQ-01A,0.031168945,-0.055927575,0.15114312,0.057948098,-0.02335158,0.022446109,0.08812404,-0.010103485,0.014693305,0.12618698,-0.096921824,0.03873089,0.07635707,0.28992048,0.009089069,0.024531323,-0.019496752,0.0156001765,0.036499243,-0.1549827,-0.02354036,-0.02055406,-0.13695686,0.10488447,0.012556577,-0.04691043,-0.26889074,0.06353757,-0.10079119,-0.10370951,-0.09030303,0.051424816,-0.10327072,-0.15514289,-0.13438506,-0.042273507,-0.077185825,0.0001238338,-0.053773332,0.080072366,0.006931501,0.09257804,0.13868639,-0.15660483,0.076345064,0.06373173,0.109141745,0.038139492,0.19554467,0.005992512,0.0866668,-0.075568736,0.021191483,0.069062576,-0.09984213,-0.008632448,0.14341097,-0.031802397,0.035965424,-0.07745014,-0.04609496,-0.025440624,-0.07791045,0.14840443,-0.09004697,0.039859075,0.0976455,0.09843234,-0.14127514,0.023961946,-0.20774277,0.08645264,-0.0027205676,-0.077098645,0.043633,0.03072305,0.055288345,0.04810261,0.20569797,-0.056216627,-0.050150204,-0.01682139,-0.0122751845,0.09766626,-0.02429307,-0.19960116,-0.044585284,0.1315861,0.2799664,-0.0037043921,0.13930954,0.021144653,0.13304995,0.02104148,0.13349375,-0.06380214,-0.12619244,0.0720136,0.05383283,-0.09923661
TCGA-BH-A1F8-01A,0.06476403,-0.13890544,0.22859469,0.07872781,0.08419145,0.08318154,0.003520194,0.036146767,-0.07796141,0.109631635,-0.00926309,-0.2060453,-0.004135767,0.20140375,0.20221813,0.13502741,-0.0051261513,0.089869715,0.0047871764,-0.06849283,-0.08125969,-0.058763918,-0.030169372,0.16543964,-0.047192514,-0.13250224,-0.25481427,-0.09161434,-0.08943811,-0.071188785,0.0013614898,0.0458144,-0.048444804,-0.080327496,-0.097558096,-0.09734734,-0.015379896,0.010903793,-0.17791411,-0.059817713,-0.0027867137,0.18742958,0.18831725,-0.092356354,0.017499423,-0.037261844,0.08146909,0.08607083,0.044570677,0.15444854,0.26550582,-0.03683682,-0.024607042,0.12223542,0.0047720154,0.082732685,0.022353105,0.038411096,0.12714216,0.08223832,0.012884708,0.00303951,-0.0021442154,0.016510641,-0.010335085,-0.05806512,0.11140626,-0.0069495575,-0.10503844,-0.0061712745,-0.15106119,0.0136529235,-0.0834463,-0.24289492,0.07659809,0.012351471,0.022878285,-0.031295925,0.17401396,-0.06352324,-0.08151208,-0.21414103,0.05170506,0.040755574,-0.038147267,-0.06017784,-0.021057121,0.048903532,0.08646619,-0.0571683,0.024656877,-0.037506126,0.0459588,0.00915515,0.16819014,-0.07754905,-0.034539647,-0.049876746,-0.041595764,-0.044908695
TCGA-OL-A6VO-01A,-0.10905235,-0.04672643,0.09765922,0.17179674,-0.02176677,-0.018022563,-0.0037242747,-0.10248717,-0.046622664,0.027754357,-0.078211136,0.123743415,-0.11332683,0.24474542,0.1634018,-0.041290708,-0.089122236,0.10034467,0.08333505,-0.17071193,-0.043864243,-0.1715999,-0.023490123,-0.050280787,0.07734479,-0.09610394,-0.19908628,-0.029758194,0.111434534,-0.051463448,-0.06825654,-0.012900464,-0.008946281,-0.041915484,-0.12309394,-0.0735291,0.060097095,-0.04572992,-0.08850654,-0.19841678,0.05235735,0.028876482,0.109310314,-0.080243476,-0.017585658,-0.15389915,0.0137977665,0.035427336,0.09953929,0.08418036,0.046656087,0.04681154,0.060424887,0.017809168,-0.07141787,-0.0031258853,0.0697061,0.07573021,-0.022529144,0.018999184,0.05972908,0.0017272556,-0.18788174,0.14067514,-0.057510175,-0.06141968,0.27061626,-0.00569085,-0.050542362,0.0017634524,-0.17012736,0.11279203,0.03991068,-0.31785882,0.15340249,0.071497135,-0.16895366,0.018290062,0.14923462,-0.005948307,0.1070831,-0.1748967,-0.03501557,0.06832704,0.007069588,-0.044406343,0.013490261,-0.0019427624,0.12305976,-0.068627685,0.009240275,-0.1404014,0.051918656,0.11405751,0.046591766,-0.06060006,0.0018701075,0.023382062,0.01804493,-0.057697777
TCGA-OL-A5DA-01A,-0.036920737,-0.09369327,0.07484989,0.07095702,-0.0230846,-7.46114e-05,-0.047306687,0.01703294,-0.021988189,0.082897976,0.04809019,0.062891416,0.056269724,0.16339315,0.10163212,0.01833677,-0.033631377,0.122052625,0.023741642,-0.0081250435,0.042355474,-0.025948646,0.05433351,-0.021164581,-0.038900357,-0.08754532,-0.26610056,-0.07830896,-0.05826117,0.030469615,-0.07148074,-0.13631794,-0.16236404,-0.19291304,-0.08991401,-0.13313483,0.06609467,0.13269846,-0.06240165,0.03243584,0.02779774,0.054462034,0.106617816,-0.13104083,0.08013067,0.02568225,0.046550006,0.15901496,0.009694469,0.19935833,0.09272922,0.0798693,-0.04919811,0.08180356,-0.034462985,0.08053698,0.15598041,0.11375396,-0.03742322,0.0055911057,0.15316735,-0.022007406,-0.06683674,0.10030474,-0.07675118,0.05562695,0.053073995,0.0030703181,-0.14556737,-0.08972428,-0.30670324,0.05549077,0.020437207,-0.21017338,0.07937836,0.015854497,-0.010692019,0.039759617,0.19997174,-0.09145319,0.053784095,-0.18699296,0.030783152,0.06808684,0.01684288,-0.079829946,-0.12457115,0.20000054,0.083821855,0.121268876,-0.07866328,-0.1405995,0.14636521,0.05895816,0.02563922,-0.12984975,0.02921194,0.036378756,0.046822514,-0.11819941
TCGA-BH-A0BF-01A,-0.04059679,-0.05801754,0.18495281,0.22877693,-0.040470645,0.10890031,-0.02991328,0.14052156,-0.10098142,0.14385705,0.06661833,-0.013922676,-0.02209631,0.1518863,0.107060306,0.048403762,-0.18587393,0.010240879,0.032025225,-0.0012227035,-0.023897903,-0.09109929,0.069720104,0.22284056,-0.08364045,-0.06937633,-0.11147056,-0.070397,-0.08809187,-0.09748415,-0.014640203,-0.079903044,-0.15657893,-0.0985331,-0.18347877,-0.056046914,-0.068273544,-0.04136091,0.043185838,-0.04981933,-0.07077755,0.019060351,0.08546603,-0.05778128,-0.05856864,0.082260355,0.038449246,0.02404276,0.08805236,0.18630117,0.13108264,0.03863804,0.17022368,0.13323198,0.07980561,0.030328901,-0.005335001,-0.011873263,0.03367367,-0.030234909,-0.06264314,0.006446838,-0.100273214,0.06574521,0.009373835,-0.08606051,0.12424307,-0.021474276,-0.1501422,0.039226342,-0.17773178,0.09954587,0.008383458,-0.18527323,0.2066443,0.010943836,-0.045002896,-0.032832783,0.13780211,0.006446963,0.067605115,-0.0059634494,-0.036019463,0.07990771,-0.15335307,-0.08253641,0.07928187,0.11046614,0.21562283,-0.049239602,0.068890564,-0.2525336,0.039924707,0.029858338,0.09387673,-0.09415364,0.045034774,-0.08869694,0.01895945,-0.07921308
TCGA-S3-AA12-01A,-0.011849409,-0.05626748,0.1295689,0.06862015,0.035413783,0.042437512,0.035784535,-0.030541105,-0.13247342,0.06708763,0.021981653,0.07459659,8.591655e-05,0.21528947,0.17368968,0.008505857,-0.053809766,0.05169803,-0.038986422,-0.11114464,-0.12432877,-0.113452956,-0.042857047,0.033415478,0.059931327,-0.06500595,-0.103737764,0.021807268,0.120390125,-0.0171486,0.03786003,0.07933649,-0.099709116,-0.1452709,-0.13741325,-0.051999327,-0.029542416,-0.023211956,0.021808453,-0.10015227,-0.034169015,0.13174137,0.12743418,-0.17098357,0.050911058,0.08059284,0.075496584,0.007694775,0.17988402,0.08718299,0.092460565,-0.008399212,0.10332467,0.032685492,-0.010504475,-0.05839104,0.17222495,-0.03206762,0.014815634,-0.1687083,-0.018816022,-0.04556399,-0.09553371,0.09585576,-0.041351844,-0.033620697,0.082804926,-0.16967244,-0.06259421,-0.11542842,-0.25297123,0.09945473,0.045093335,-0.31055865,0.119725846,0.01829142,-0.1504056,-0.0007353851,0.05480728,0.09807112,0.0119609395,-0.21471976,-0.028288705,0.024811972,-0.025144929,-0.12266872,0.08116367,0.09049277,0.15362419,0.071713075,0.050498437,-0.11747564,0.022072287,0.21654499,0.10740113,0.019366067,-0.025858786,0.05943207,0.02514802,-0.1423061
TCGA-C8-A1HO-01A,-0.060609378,-0.11422052,-0.044055372,-0.0049098628,-0.02905021,0.08007829,-0.0070390604,-0.003230317,0.07724881,0.039881926,-0.0059515103,0.0649025,-0.042870585,0.19009334,0.057894118,-0.08534619,-0.009990541,0.04416956,-0.032460067,-0.107966766,-0.1419511,-0.19207703,-0.020504663,0.06062111,-0.07345484,0.062385328,-0.15998104,-0.046684086,0.015540823,-0.03464074,-0.1603291,0.076621674,-0.14859675,-0.20142823,-0.076231234,-0.145479,-0.1479992,-0.1029085,-0.09046575,0.016488906,0.026655778,0.1350548,0.18114494,0.028232532,0.024648938,-0.015328321,0.037203643,-0.062290296,-0.050409626,0.07758385,0.1078169,0.016866501,0.071164295,0.05839517,0.061490998,-0.02951874,0.046648525,0.050466936,-0.06685915,0.032590758,0.044076573,0.058432773,-0.19548985,0.12749474,-0.018085076,0.04732491,0.09768649,-0.029584134,-0.14849864,0.008760596,-0.06810016,0.03703449,0.08065836,-0.23628527,0.10063093,0.11882674,0.031585757,-0.08708876,0.14775722,-0.053856116,0.04469621,-0.15102974,-0.15375996,-0.066628166,0.032355797,-0.09211136,-0.05130056,0.20764512,0.15668195,-0.08257884,0.12697566,-0.21942449,0.26023692,0.0072887694,0.119431905,-0.11903332,0.04728711,-0.089552544,-0.009045412,-0.057480827
TCGA-E9-A229-01A,0.048612013,-0.047241494,0.11769715,0.04362136,-0.11889247,0.08325145,0.048997846,0.12997364,0.0132978335,0.039991926,-0.009646705,-0.061385624,0.03664369,0.17021239,0.13267584,-0.05262163,-0.03480583,0.12799473,-0.07992158,-0.06704606,-0.1052297,-0.1307468,0.015845677,0.17676486,-0.07086028,-0.04830209,-0.17180516,-0.119133316,-0.10715071,0.028547354,0.07667429,0.013915569,-0.07458156,-0.1901381,-0.034383282,-0.058122735,-0.061838124,0.08104016,-0.09033934,0.057110608,-0.11173466,0.041716848,0.13360424,-0.16708986,-0.0056854077,-0.020649474,0.041161478,0.042314626,0.11805099,0.10002852,0.16026735,0.12318328,0.047287427,0.07216834,0.12726305,0.06712662,0.13482319,0.052082222,-0.11547301,-0.01949791,0.15618207,-0.03612354,-0.15212888,0.044095654,-0.13037518,0.08099031,0.17399177,-0.046793975,-0.17004524,0.06536457,-0.23642464,0.010779183,0.03489707,-0.2088986,0.15929262,0.067049354,0.04595233,-0.056386985,0.14359553,-0.029641343,0.042037573,-0.11069296,0.012977922,0.09571041,-0.02153535,-0.041650575,-0.0990805,0.09163657,0.047444668,-0.019692233,0.042822212,-0.15694666,0.23882839,-0.057518315,0.052909847,-0.023924772,-0.09015122,-0.1159802,0.020432172,-0.09852993
TCGA-B6-A0RM-01A,-0.0056420625,-0.15798989,0.10429155,-0.020026337,-0.009639972,0.052743573,0.0056620836,-0.07183389,-0.008446833,0.0690821,-0.13017361,0.031756107,-0.020646062,0.26897985,0.08852849,0.02920648,0.011776518,0.06284917,0.014638897,-0.11490686,-0.09711464,-0.08465739,-0.083996125,0.0368091,-0.0649253,-0.10381472,-0.24507098,-0.028181726,-0.04473605,-0.09447465,-0.042599507,-0.012326062,-0.03454096,-0.1762868,-0.15384454,0.009931374,-0.0047148936,-0.028532304,-0.08136385,-0.060304716,-0.053332888,0.13516462,0.0709854,-0.19752477,0.10038636,0.09392422,0.020558937,0.11385139,0.10710126,-0.056687236,0.0883086,0.122447945,-0.015607755,0.111296214,-0.13309002,-0.13873161,0.08229382,-0.00042185152,-0.043227922,-0.013567522,-0.045795277,-0.1320929,-0.15944597,0.072675094,-0.050011635,0.07385193,0.14084078,0.042480543,-0.18492948,0.07576225,-0.24225795,0.06774626,0.045205697,-0.21735999,0.09246036,0.020515356,-0.021844178,-0.023886492,0.13470808,0.02954449,0.09067431,-0.048372217,0.019144433,0.0357973,0.0012950235,-0.10261895,0.13291466,0.011107145,0.2637519,-0.12731801,0.05606159,-0.17374188,0.03062061,-0.036853872,0.08049568,0.017944243,-0.10497184,-0.10319959,0.08245565,-0.03284681
TCGA-BH-A1FE-01A,-0.07154602,-0.0301337,0.020681595,0.14688095,-0.022527521,0.08040849,0.060314067,0.121965215,-0.16299246,-0.019280426,0.036536194,0.020765522,0.009359142,0.23932907,0.18065122,-0.052641734,0.022185152,0.06351294,-0.18856299,-0.056446187,-0.03874669,-0.09125547,-0.1281009,0.00070285815,-0.068436876,-0.064327225,-0.25162145,-0.048962098,-0.07560536,-0.11085634,-0.0959361,0.02147518,-0.0641022,-0.16939795,-0.016125154,-0.031341806,-0.025837198,-0.024069026,0.04669853,-0.118245594,-0.03160374,-0.019857647,0.23139106,-0.079661496,-0.0923335,-0.058481604,0.03567675,0.054736566,0.068875074,0.105347134,-0.020434693,0.04941295,0.08105584,0.034497734,0.037233796,-0.102076665,0.076271,0.021491395,-0.07437602,0.06347856,0.078672424,-0.026629478,-0.014691129,0.15834552,-0.04043185,-0.040371858,0.10341884,-0.027824178,-0.054564927,-0.028848324,-0.18887092,0.1014333,-0.072645865,-0.19900152,0.13239,0.10759168,-0.12590194,0.05576615,0.18256389,-0.040316887,0.038963098,-0.16017383,0.039207857,0.08508708,0.07215992,-0.18627892,-0.03943763,-0.070043616,0.08608221,-0.18157211,0.18176639,-0.119680405,0.110550284,0.099088706,-0.0005612457,-0.17593116,-0.039780032,-0.05190575,-0.028578702,-0.13229813
TCGA-S3-AA11-01A,-0.12103401,-0.0021813188,0.116281934,0.104323104,-0.06601208,0.03774378,-0.08441394,0.11827136,-0.09512318,0.013331601,0.074845724,-0.07277176,-0.009367384,0.24814646,0.09745589,-0.048588943,-0.016293045,-0.007698501,-0.07343365,-0.2773919,-0.06369847,-0.01001465,-0.046878178,0.1482441,-0.021135423,-0.11805387,-0.076851904,-0.065664455,-0.01733512,-0.024663849,-0.124325246,0.14613394,0.091926605,-0.2730367,-0.09631699,-0.15080377,-0.010404308,0.01613848,0.02588032,-0.04994526,-0.039808765,0.098765165,0.20712335,-0.005559474,0.09754621,-0.04404924,-0.060785268,0.04980518,0.023916574,0.081195705,0.11935569,-0.0051603643,0.082834385,0.1574337,0.090112194,-0.017521283,0.102084234,-0.017745482,-0.06021768,0.038317192,0.08481842,-0.03206546,-0.08851102,0.22576042,0.0010167449,0.022803362,0.2247354,-0.022100028,-0.1512262,-0.055926006,-0.16182919,0.018393405,0.019300178,-0.153585,0.24496537,0.030624496,-0.052913673,-0.014472688,0.1973984,-0.06533953,0.112445146,-0.019577818,-0.020430123,0.1405533,-0.018076507,-0.047779486,0.03833268,-0.044986527,0.17324188,-0.074508086,-0.083223216,-0.044891,0.07196629,-0.010953013,0.055650756,-0.03722776,-0.012970514,-0.015609981,0.044043638,0.03360989
TCGA-BH-A0HY-01A,-0.014477562,0.03516232,0.22276738,0.024908848,0.019255657,0.03454695,-0.07797127,0.038714983,-0.10269342,0.028091835,-0.07291801,0.04656826,-0.0034085533,0.2636539,0.1858255,-0.08633139,0.021164423,0.086987525,0.012717461,-0.063948385,-0.054351974,-0.032635856,-0.010036321,0.027161323,-0.008300793,0.034099687,-0.13586609,-0.07255955,0.06967963,0.029355012,-0.045395732,0.028391354,-0.14514816,-0.15786284,-0.016971042,-0.15103762,-0.017727485,-0.016994752,-0.06148316,-0.14282107,0.054852914,0.16442162,0.20181797,-0.028950155,-0.038114656,-0.057045028,0.06040094,0.014225035,0.013211307,0.19044115,0.2040322,0.06749011,0.013727876,0.14264825,-0.068699926,0.03636601,0.07794723,0.09391431,-0.15129445,0.018827802,-0.11517204,0.0014196798,-0.037094396,0.071552694,-0.026652997,0.028402701,0.1736941,0.01709301,-0.14619833,0.04960557,-0.06515863,0.15281133,-0.024162212,-0.24124347,0.0375261,-0.09437102,-0.080370136,0.056974817,0.22580925,-0.045504007,0.108697236,-0.099402,0.07411185,0.065523386,-0.061352745,-0.074797645,0.12055307,0.035064295,0.07471108,-0.016316341,0.042036243,-0.17604876,0.272721,-0.0066045686,0.013701299,-0.019848699,-0.06886261,-0.13995317,-0.0045749214,-0.084784105
TCGA-E9-A22E-01A,0.023819136,0.0714978,0.14481525,0.0617458,0.03048671,0.05827343,-0.0033891269,0.021944847,0.019489987,0.122594014,0.18986785,0.06298537,0.0009999323,0.14089008,0.10794998,-0.03984925,0.048620224,0.034271214,0.058710225,-0.08069768,-0.13758144,-0.049528673,-0.14040229,0.084985554,-0.030290144,0.04775813,-0.2701874,-0.038769357,0.036809158,-0.09153375,-0.08780733,0.09964276,-0.1478574,-0.26496765,0.015700376,-0.2336298,-0.067736536,0.06777306,0.04765269,-0.03863703,-0.0947825,0.09525063,0.08675782,-0.15855992,0.009550301,-0.07930475,0.16018152,-0.042146128,-0.018102368,0.08599177,0.044760354,-0.16714367,-0.05715077,0.0905103,-0.10780685,-0.0203168,0.057924524,-0.03987322,0.008999066,0.09363416,-0.041383307,-0.01056275,-0.08978659,0.19181779,-0.059635565,-0.10790708,0.1843267,0.09958611,-0.10629161,0.10229658,-0.16852185,0.03487098,-0.035130132,-0.17521794,0.15991336,0.0044059986,-0.09090102,0.02385972,0.15912493,0.031132346,0.031965084,-0.09229627,-0.04669314,0.12796654,-0.036284197,-0.03435351,0.031739026,0.16431792,0.11750703,-0.03863308,0.17849664,-0.03479895,0.10635691,0.07256538,0.07333774,-0.06140441,0.061969828,0.019932777,0.052493356,0.021994323
TCGA-AR-A1AU-01A,0.011828196,-0.16365273,-0.04262972,0.04135657,0.06994312,-0.05642889,0.05765932,0.09881197,-0.1506297,0.08338316,-0.06041204,0.007255961,-0.007308842,0.28228372,0.17244731,-0.011727656,0.04169922,0.14374496,-0.0010871013,-0.08714705,-0.016921513,0.084721014,2.5263986e-05,0.022910243,-0.0031152503,-0.06741727,-0.2665842,-0.023221364,0.05975531,-0.00014663678,-0.07880925,0.064907484,-0.15054245,-0.08685345,-0.05948984,-0.18762933,-0.010371919,-0.059366535,-0.0859148,-0.043005485,-0.061696444,0.08739975,0.07878676,-0.024497205,0.0119288545,-0.10441172,-0.022962226,0.046224322,0.1491143,0.10939313,0.17350096,0.06824359,-0.07884465,0.050201256,0.009253342,-0.086693935,0.08289629,0.07589263,0.058488633,0.04062797,0.06531445,0.06301294,-0.10494594,0.294925,0.10351147,0.05005598,0.1948952,0.05166588,-0.05653433,0.013476226,-0.28840476,0.059821777,-0.069374375,-0.13887756,0.07846844,-0.012553906,-0.11175423,-0.032551408,0.07913842,0.029865716,0.039937403,-0.0112913735,0.052787643,0.16110693,0.017434364,-0.065353625,0.15305066,0.09294868,0.14492401,0.005862456,0.10202897,-0.019616414,0.14065501,0.056569386,-0.039833132,-0.0859463,-0.018021848,-0.039210144,0.1482351,-0.066514395
TCGA-BH-A0W3-01A,-0.025027547,0.0142970905,0.034018736,0.026194168,0.018227985,0.10239895,-0.04301432,0.059582178,-0.05031732,-0.02647881,-0.0055721523,-0.061145518,0.009065731,0.20139511,0.065626904,0.008365766,-0.048146624,0.016996888,-0.020787958,-0.11124526,-0.20643352,-0.14470297,-0.059654996,0.12249159,0.0097510535,-0.004738271,-0.1899577,0.026359309,0.067039035,-0.10150785,-0.107051335,0.048332654,-0.08982538,-0.12316434,-0.10876152,-0.15472342,-0.1644442,0.0112826275,-0.019263823,0.015339322,-0.015859593,0.18321857,0.13920525,-0.17505434,-0.13042103,-0.013182251,0.029412987,0.050157323,0.0119212875,0.119695,-0.0036641927,0.004566982,-0.0104806945,0.08556311,-0.08802657,-0.005861751,0.16768198,0.10667049,-0.027563367,0.08866618,0.032814,-0.051301785,-0.1166431,0.20401597,-0.06831645,-0.1330086,0.16279738,0.03779866,-0.019228324,0.072724886,-0.20282483,-0.03161245,0.03885909,-0.35891497,0.12520711,-0.016481414,0.0005800094,0.06735783,0.005482839,-0.023591356,-0.055142347,-0.17349634,0.034341656,0.1613565,-0.011682662,0.12785906,-0.07622155,0.117668875,0.16698149,-0.09776801,0.09554663,-0.14029181,0.06812804,0.024878759,0.050143894,0.023692055,-0.020003607,0.019972524,0.092593595,-0.09031775
TCGA-A2-A0T2-01A,-0.014249698,-0.09106622,0.09364491,-0.012088777,-0.10844938,0.11288078,0.0037291017,0.13799621,0.020544868,0.019424262,0.1230781,-0.014693755,-0.043884844,0.15506056,0.05558037,-0.007860142,0.033566516,0.09651684,0.041107167,-0.12534857,-0.05606214,-0.071628995,-0.17236337,0.11022712,-0.04212444,-0.073809914,-0.1942186,-0.041797094,-0.050179623,-0.21669708,-0.119114034,0.011410799,-0.14549084,-0.12989148,-0.054127086,-0.14854153,0.025438046,0.037562486,0.022321599,-0.09168692,-0.044149946,0.15057145,0.110985756,-0.15329637,0.070581935,-0.024632623,0.037379447,0.0039625387,-0.045996003,0.18460383,0.052971013,0.13159826,-0.014257107,0.20245242,-0.03739299,-0.022871573,0.10491947,0.14658192,-0.010575756,0.086832955,-0.07636842,0.09712539,-0.039130855,0.10367788,-0.06723116,-0.044945307,0.2115688,-0.07766484,-0.13134089,-0.062352262,-0.20463829,0.11474405,-0.023864405,-0.1007319,0.15722333,0.06956723,-0.010708031,0.0401412,0.22550413,0.00063965167,0.044172816,-0.08897147,-0.09791214,0.08385383,-0.08042701,-0.08436871,0.07746605,0.024842769,0.018166859,-0.024015613,0.12089575,-0.08616343,0.06365145,0.1723841,-0.06347161,-0.13409558,-0.008896185,-0.15629348,0.066294774,-0.12664692
TCGA-AO-A1KR-01A,0.09601627,-0.044885464,0.16886051,0.015413956,0.07326276,0.093587264,-0.0076977606,-0.010592004,-0.13745515,-0.06337734,0.014928989,0.06628103,-0.06424752,0.16538678,0.09524915,-0.08359852,-0.027916925,0.18278046,0.07818717,-0.10335772,-0.06947554,-0.019832956,-0.07860434,-0.049333144,-0.07100181,-0.13527891,-0.24531402,-0.03419558,0.010350076,-0.16715814,-0.13982874,0.038051274,-0.034197897,-0.13745202,-0.17573626,-0.14220862,-0.023761718,-0.06754538,-0.12409249,-0.048474435,0.062465474,0.10793552,0.09190118,-0.1781246,-0.024882082,-0.029396605,0.096439525,0.033776563,0.14602263,0.1235802,0.09492,-0.03006813,0.11215807,0.089619435,0.045051634,0.011312631,0.07674128,-0.058290403,-0.03637833,0.07415658,0.06174666,-0.106969446,-0.14086601,0.15748745,-0.18817098,0.014707376,0.14587274,-0.10680011,-0.17319515,0.054094158,-0.13972484,0.12018954,-0.041725308,-0.23954725,0.050148692,-0.08678665,0.00585516,-0.016519982,0.16796808,0.018346198,0.029377367,-0.097314574,0.062983446,0.13504398,-0.057536446,-0.10985844,0.02830525,0.059373673,0.09815899,-0.09657543,0.056308005,-0.098992795,0.09242564,0.11765622,0.013616279,-0.08011039,-0.031996623,-0.008403623,0.07630921,-0.108629815
TCGA-A8-A0A6-01A,-0.07770181,0.064287595,0.24710086,0.085598655,-0.1456519,0.16478397,-0.04492302,0.024733728,-0.16548249,0.17966968,0.060485642,0.07093344,0.11245992,0.2156543,0.14644091,-0.03250699,0.020022342,0.09210676,0.004616569,-0.12612495,-0.07370135,-0.056578446,-0.056095943,-0.045581553,-0.12189537,-0.05864356,-0.18492933,0.006344455,0.04251528,-0.058761027,0.0072707483,0.112785414,-0.0508449,-0.21544994,-0.054836027,-0.014216156,-0.11345471,0.099598706,-0.011312878,0.01228982,0.018010044,0.0033907294,0.1465295,-0.12804997,0.07144709,-0.09769433,0.00030728354,-0.100131825,0.092370294,0.083282016,-0.03949835,0.03468875,0.08581006,0.08776655,-0.083725214,-0.07974976,0.065306,-0.005668879,-0.107270814,0.11426717,0.091218285,0.010269725,-0.015586311,0.010097333,-0.053334463,-0.07182879,0.2274559,0.039365638,-0.12960124,-0.0036787628,-0.19616921,-0.084455185,0.08513183,-0.26003617,-0.008973422,-0.07423295,-0.041276358,0.0758237,0.18716693,-0.049882986,-0.023615113,-0.101366244,0.10296925,0.112581186,-0.057354078,-0.061298713,-0.04211648,0.07969992,0.113293976,0.00644262,0.088953055,-0.08543991,0.18232666,-0.0018572316,0.08025863,0.080680944,-0.06629805,-0.10675412,0.00089324906,-0.014922142
TCGA-A2-A0YD-01A,0.036639143,-0.112843506,0.14485404,0.00018354655,0.013442965,0.11868476,0.026537623,0.04206674,-0.025102543,0.07967485,-0.037731595,-0.011943102,0.009372417,0.24543582,0.09846455,0.037937425,0.0062466515,0.026159436,0.0029781493,-0.13339576,0.0049914676,-0.08695286,-0.03496055,0.19771868,0.051950917,0.010022829,-0.3365505,0.0003780764,-0.04388418,0.003269299,-0.09582006,-0.1384728,-0.13216601,-0.1535914,-0.117799215,-0.14189002,0.048805796,-0.041024134,-0.058142018,-0.08548139,0.07068332,-0.014883759,0.085469745,-0.14749295,-0.0046464717,-0.0058848085,0.030064372,0.14332043,0.081510305,0.18201141,0.10975361,0.061480127,-0.004602463,0.11499657,0.033028755,-0.0957266,0.06220722,0.112749815,-0.04267674,0.022810712,0.072652675,0.007468985,-0.14579758,0.08713076,0.06418718,0.042581372,0.08288159,0.030903889,-0.14533934,0.007264986,-0.24178982,0.07706342,-0.01687557,-0.08427996,0.11444442,0.008037294,0.06263326,-0.16609989,0.09148062,0.030759724,0.034921717,0.016823726,-0.10637933,0.06793056,0.096778624,-0.116184376,-0.16087015,0.08000189,0.13098812,0.04335382,0.19648348,-0.09708613,0.048373282,0.046265367,0.096368685,-0.108700365,-0.06636738,-0.1944939,-0.05054289,-0.082931116
TCGA-A2-A3KD-01A,-0.040514838,-0.06253839,0.13379698,0.07362011,0.0830635,-0.028895998,-0.02616291,0.099969015,-0.050518326,0.12903436,0.047909807,0.021471461,0.14684114,0.20669605,0.12345258,0.030641714,-0.051264197,0.03300219,0.06922417,-0.21780929,0.117189884,-0.007780592,0.032358117,0.01760906,-0.08687098,-0.09533595,-0.14338143,-0.038643472,0.012645724,-0.060314197,-0.13812354,0.025852248,-0.10265544,-0.12271893,-0.13518652,-0.06472782,-0.062029038,-0.021714577,-0.048859835,-0.08369585,-0.00080439454,0.18553752,0.030385138,-0.18523283,-0.058339633,-0.010139952,0.116778955,-0.03764924,0.15711851,0.15528198,0.07358653,0.091675006,-0.019524736,0.1525209,-0.102499165,-0.01432224,0.0405059,0.073085584,-0.08498663,-0.053202294,0.17401607,-0.013646013,-0.15541016,0.21829368,0.058228012,-0.058715228,0.006006033,0.0343036,0.054290053,0.072799206,-0.23158334,-0.07555686,0.034970537,-0.16691607,0.123526566,0.08391653,-0.0111773545,-0.0031357154,0.21817055,-0.08625095,0.022765744,-0.101335794,0.03439869,0.11618805,0.09421094,-0.11879658,0.05132163,0.08400531,0.21431737,-0.039681133,-0.03839702,-0.037314273,0.11505251,0.0058209486,0.11569469,0.0005276289,-0.16426864,-0.00254899,0.0774388,-0.017902704
TCGA-A7-A13G-01A,-0.11064538,-0.12348413,0.20965055,0.019356206,-0.035094768,-0.006621544,0.022123704,0.058288187,-0.04521348,0.11477078,-0.027362138,0.099543154,0.09655056,0.21221171,0.12668033,-0.096405625,-0.018386465,0.022630913,-0.008783197,-0.20869803,-0.007337603,0.008971192,-0.058352638,0.100400716,-0.023610286,0.0018079765,-0.17825548,-0.02609353,-0.12751941,-0.055847775,-0.14996105,0.0318997,-0.07525355,-0.075490914,-0.23883592,-0.10716815,-0.10897531,0.029457483,-0.019421129,-0.081054635,-0.0477388,0.08617682,0.09117585,-0.046248104,-0.040563293,-0.106327735,0.032879036,0.019457866,0.100440934,0.14607057,0.14522956,0.0059384773,0.06805057,0.20911376,-0.119057566,-0.07861142,0.08477773,0.06012638,-0.08460641,0.0733906,0.021158589,-0.08726609,-0.034301624,0.2143416,-0.016384754,-0.0065789022,0.13528857,0.009718799,-0.103241146,-0.024002206,-0.24169874,0.023807677,0.022790695,-0.23653832,0.14618981,0.09395406,-0.049165763,0.018070089,0.16244817,-0.062168144,0.049928054,-0.12695758,-0.05836018,0.1222901,-0.019467682,-0.06259329,-0.039630923,0.012677478,0.09222767,-0.08313094,0.060889903,-0.10397702,0.11180544,0.07743281,0.15301074,-0.06741371,0.027721826,0.016650256,0.10487507,-0.097318076
TCGA-E9-A1NA-01A,-0.024641747,-0.07199391,-0.02541961,-0.03869952,-0.05169784,0.018977173,-0.10221223,0.12454753,-0.08657409,0.17888318,-0.023610178,0.02837218,-0.068771124,0.24076016,0.087759614,-0.103202015,0.016234362,0.03962666,-0.014068167,-0.103502646,-0.045907117,-0.15592301,-0.1016786,0.061759535,0.03210807,0.020925881,-0.13506411,0.015525344,0.05326696,-0.052092683,-0.11712145,-0.036430165,-0.14677058,-0.18725586,-0.084953815,-0.13004099,-0.047693495,-0.0041858507,-0.054872688,-0.06265394,-0.034580715,0.03180271,0.05913394,-0.13201882,-0.105920136,-0.19224253,0.019175993,0.06616133,0.06363538,0.13087174,0.11946872,-0.0061653154,0.11430387,0.06516097,0.111759886,0.063355826,0.066715874,-0.049399234,-0.050845865,0.058076166,-0.041185863,0.0376579,-0.018918408,0.15672535,-0.14484139,0.029649623,0.1940488,-0.023253586,-0.21348594,0.0069185137,-0.12103849,0.041599907,-0.087469935,-0.19489823,0.13291608,-0.12666127,-0.15927903,0.08360226,0.07788232,0.010493318,-0.15796283,-0.10101739,-0.14022942,0.10429337,0.03689932,-0.101917766,-0.02898362,0.17646039,0.19166261,-0.12053796,0.033477873,-0.10306735,0.055925842,0.13061228,0.019760853,-0.07424215,-0.09201452,-0.0007605177,0.13917795,-0.0692815
TCGA-C8-A8HR-01A,0.085237175,0.012031313,0.22803757,0.09210925,-0.046399597,0.05468257,-0.000381108,0.032021422,-0.05762163,0.08706074,-0.076125674,0.10663736,-0.06710403,0.22308342,0.07663796,-0.05230875,0.059151165,-0.009471166,-0.06816841,-0.19030929,-0.023424,0.038557686,-0.08864327,0.058149327,0.03487647,-0.11157437,-0.18034677,-0.13620372,-0.021990642,0.01965689,-0.1660494,-0.13965237,-0.015696973,-0.0741995,-0.0027821145,-0.120285094,-0.07622664,-0.03708543,0.06561049,-0.12929575,0.015565514,0.015231441,0.17275813,-0.058618933,-0.068173654,0.013743958,0.09664378,0.015830075,0.011582132,0.14081252,-0.0074483873,0.0828103,0.014383727,0.020684425,0.12067318,-0.046322912,0.10592626,0.00995495,0.0017545394,0.0631869,0.07440055,-0.04525842,-0.20268132,-0.0046411008,0.020304859,-0.12966065,0.13013294,-0.11189941,-0.07278051,-0.013797501,-0.15601054,0.15514438,0.13813898,-0.2057935,0.3107029,0.0012616914,0.033356976,-0.0548327,0.23101951,-0.1107181,-0.034359057,-0.054715253,0.02598366,0.17491153,-0.01964805,0.061786834,-0.01099111,0.04355295,0.13175297,-0.09299297,0.08667901,-0.12049549,0.024541384,0.09759824,-0.027411507,-0.0068724146,-0.14937337,-0.0866566,0.016985858,0.026519736
TCGA-B6-A2IU-01A,-0.003505663,-0.20458499,0.1104484,0.0053879325,0.06325882,0.10527777,-0.14355797,0.0027328948,0.010388825,0.077380255,-0.13482024,0.079033025,0.027663682,0.2512111,0.1632718,0.00070533366,-0.04216882,0.12395007,-0.028510263,-0.055136304,0.007914979,-0.0056471946,-0.09782752,0.045312718,-0.04492445,0.0051055667,-0.23183404,0.10923459,-0.06511389,-0.100188166,-0.04582795,0.03578858,-0.1628748,-0.11247567,-0.25342923,-0.15731832,-0.09216449,0.06824196,-0.002076611,-0.025344094,-0.08357103,0.012614676,0.09071996,-0.06187763,-0.022843057,-0.021331009,0.083804406,0.13700932,0.046937875,0.17195188,0.06133908,-0.00406538,0.16674812,0.124876596,-0.06332784,0.056526233,-0.019170593,0.093437925,0.016508061,0.022343054,0.19380185,-0.031073125,-0.08052184,0.07987254,-0.06398209,-0.058644302,0.14367335,-0.016897457,-0.17962918,0.034833267,-0.039837617,-0.01235047,-0.00545377,-0.207253,0.19163601,0.05522916,0.036552858,-0.08402487,0.06506832,0.046281874,0.055085532,-0.24826956,-0.003793485,0.10002759,-0.071593024,-0.006635559,0.07308627,-0.019046722,0.2067624,0.015250276,0.12228419,-0.0057423413,0.123703994,-0.064756595,0.037303884,-0.048861332,-0.049415242,-0.03801665,-0.028621877,-0.054717932
TCGA-BH-A0B6-01A,0.0022666834,-0.013758518,0.24544038,0.084019616,-0.074126914,0.0103507,0.04164284,0.030566197,-0.12640597,0.051286377,-0.08288101,-0.056897756,0.09423314,0.207313,0.12111027,-0.04136357,-0.0936589,0.07872163,0.021344211,0.016584814,-0.124455996,0.010677759,0.0077404683,0.13469048,-0.07662198,-0.033602014,-0.13970867,-0.061554268,-0.019470897,-0.074654214,0.054370467,0.05927798,-0.19156292,-0.18579932,-0.09584238,-0.08361173,0.024305465,-0.101825826,-0.1095095,-0.06205203,-0.04278594,0.044583015,0.10041674,-0.113310404,-0.095592774,0.005357793,0.13980447,-0.07906467,0.04045679,0.13325039,0.11011429,-0.017314788,0.15752982,0.026894813,-0.058140468,-0.08462122,0.082357846,0.032238897,-0.10913292,0.006930166,0.046320114,-0.05305547,0.018464895,0.00035222413,-0.085852146,-0.025170635,0.24618274,-0.008700688,-0.09568108,-0.060971502,-0.21822944,-0.012049481,0.056543842,-0.24989782,0.10969576,-0.02918902,0.045852195,-0.01927997,0.0616172,0.0074023493,-0.10487545,-0.17976949,0.03100327,0.22252427,0.009432433,-0.1085868,-0.023713259,0.16504337,0.124510124,0.042761866,0.0625089,-0.18340798,0.050804596,-0.021589588,0.08378267,-0.04571703,-0.029730503,-0.17270835,0.10853629,-0.094772376
TCGA-E9-A54Y-01A,0.10913969,-0.026741575,0.12899981,0.047539826,-0.031896617,-0.03387323,-0.0487297,0.012708987,-0.078693174,-0.0061388365,-0.03906091,0.048875656,0.103940934,0.18534692,0.178748,0.008935913,-0.06087333,0.057654195,0.06460494,-0.1412563,0.040265284,-0.16718437,-0.09297517,0.14260493,-0.15398528,-0.08606419,-0.23264983,0.07928474,-0.03340458,-0.099862434,-0.04393062,-0.019517036,-0.09704586,-0.30353332,-0.030109916,-0.0672201,-0.09241659,0.005896063,-0.010882014,0.06281054,0.0062236805,0.0033705016,0.18391852,-0.12943177,0.00024491345,-0.044915598,0.07809034,-0.02246272,0.03833636,0.07145593,0.16621217,-0.033258546,0.18919998,0.12215816,0.043190032,0.0017628898,0.023331014,0.065881446,-0.07020864,-0.110727675,0.015455554,-0.1584745,-0.04196572,0.15359958,-0.04035247,0.060073312,0.059399016,-0.023493,-0.03399211,-0.068854265,-0.18802296,-0.00048690508,-0.10188596,-0.21016945,0.19172862,0.043972023,-0.023537485,-0.054371856,0.19340853,-0.025119694,0.04688171,0.0031346902,-0.03305407,0.15067594,0.002802953,-0.037078388,0.014748278,0.13641264,0.19561562,0.0833739,0.040253974,-0.11582331,0.06414145,0.12751351,0.06730827,-0.018497096,-0.084114395,-0.057795905,0.07356248,-0.096752875
TCGA-OL-A5RY-01A,-0.16694185,-0.07349799,0.08902457,0.07443885,-0.08495377,0.100233026,-0.09531046,0.02539613,-0.15725265,0.013541761,-0.020899938,0.104579404,0.08411962,0.26044634,0.25411946,0.045637894,0.043288868,0.24172255,0.11675505,-0.122126855,-0.05425688,-0.17110553,0.01582628,0.09234468,-0.02798732,-0.07748703,-0.021148333,0.060486905,-0.021778852,-0.05768498,-0.15334603,0.013686051,-0.09791231,-0.15493338,-0.09414213,-0.078091204,0.036446612,0.012974174,0.057361685,0.031489287,-0.058444012,0.10253183,0.004530705,0.032114092,0.054987166,-0.058654655,-0.022615165,0.011317343,0.051879533,0.13201615,0.1561471,-0.016347732,0.008629478,0.10610793,-0.035719387,-0.02125296,0.15603134,0.0017930357,-0.043409646,-0.05131308,0.1016911,0.09842713,-0.054540087,0.1321617,-0.0953171,-0.012921665,0.2570283,0.0023844237,-0.15270561,-0.032428734,-0.20400359,-0.0120053375,-0.07523022,-0.2340566,0.17059958,0.08096301,-0.010987634,0.059095174,0.020122953,0.052926823,0.10536572,-0.032249458,-0.056741957,0.07621242,-0.12039131,-0.05428396,0.0076660155,0.07043252,0.15959942,-0.003914692,0.0478712,-0.04366706,0.15820631,0.023815695,0.014556161,-0.08335034,-0.047395352,-0.13529283,0.0064597656,-0.07449625
TCGA-A2-A0T7-01A,0.030950515,0.015104421,0.03901489,-0.005720417,-0.037876863,0.003514501,-0.07610822,0.050481983,0.0045439787,0.042624585,-0.13319205,-0.0573444,-0.019084634,0.15342653,0.018697888,0.0018790038,0.025989018,0.11786915,-0.012321391,0.021197889,-0.13061397,-0.037861545,0.050507437,0.09433783,-0.053946972,-0.039203882,-0.22385177,0.01609063,-0.041512016,-0.01905173,-0.007903762,0.0075275786,-0.09544863,-0.21724485,-0.20609944,-0.12271659,0.011818614,-0.00836431,0.0012639364,-0.03591878,-0.057402276,0.09272546,0.11677282,-0.16175081,0.0061817365,0.052881487,0.16745651,0.0061083157,0.1526284,0.10832985,0.2849028,-0.027087849,0.018758645,0.20005399,-0.13495238,-0.102392755,0.062036093,-0.009502021,-0.13166633,0.027273007,0.026881622,0.012686485,-0.12754022,-0.0070571396,-0.061255813,0.111783326,0.12254999,0.08882637,0.018469725,-0.08544677,-0.22469023,0.0913087,0.060597464,-0.27738065,0.15931274,0.0013364163,-0.017032906,0.08489682,0.10432472,-0.069877945,0.17529345,-0.1219502,0.0007214694,0.15477611,0.024442965,-0.03967252,0.01348785,0.112848975,0.14257167,-0.08332985,0.0214167,-0.09221821,0.037678592,0.046438836,0.15608037,-0.017302018,-0.09891201,-0.11109015,0.086546764,-0.03784016
TCGA-AR-A0TQ-01A,-0.06912495,-0.09799284,0.11208054,0.104857795,0.06617579,0.15615268,0.04312163,0.087115146,-0.027375523,0.16206856,-0.048500057,-0.07621344,0.04586911,0.21305063,0.07571161,-0.14783397,-0.037220158,-0.03386035,-0.03865564,-0.039061747,-0.07754573,-0.044936642,-0.026969755,0.08293374,0.01369556,0.0036100564,-0.23547362,-0.07378076,0.05512338,-0.12676547,-0.023885334,0.019855462,-0.13281918,-0.16769488,-0.12167664,-0.15125722,-0.06684969,0.079967074,0.06479932,-0.09842475,-0.030901153,-0.034059927,0.09953098,-0.16577747,-0.04812974,0.009806006,-0.00520352,-0.12538338,0.0034080741,0.22684842,0.079666674,0.04116191,-0.0024230692,0.044502575,-0.07835676,0.05164802,0.10480852,0.043594927,-0.1829315,-0.025782056,-0.0109505,-0.1471487,-0.09905653,0.10593525,-0.045307666,-0.107893184,0.21570238,-0.026642384,-0.07830887,0.07193066,-0.14964674,-0.0154936435,0.014750089,-0.10247192,0.14015733,-0.025569217,-0.022045527,0.009802701,0.14815614,0.024314268,0.010081017,-0.013813708,-0.014977777,0.022270016,0.055078078,-0.0123053575,0.06372381,0.054549914,0.21931027,-0.14493564,0.16978532,-0.06783713,0.18296689,0.1165846,0.17779472,-0.13917136,0.068314776,-0.053602904,0.07699426,-0.104666695
TCGA-AR-A252-01A,-0.04710711,-0.030333934,0.11754605,0.020014156,-0.037806958,0.022209594,-0.11086688,0.047462724,-0.06451804,0.031708192,0.070407055,0.14441067,0.022763798,0.21658096,0.04423555,-0.09264751,-0.043385938,0.12096046,0.052174076,-0.15478036,-0.14882547,-0.12192901,-0.07007546,-0.076771885,-0.03300813,-0.029751433,-0.20553578,-0.054138858,-0.03238899,-0.12731257,0.014365768,0.085817665,0.04590973,-0.12451935,-0.122501686,-0.115715094,-0.04384403,-0.0011420199,-0.052373234,-0.07660867,-0.12912214,0.06392003,0.1292314,-0.15356004,-0.042340495,-0.06997574,-0.056455262,0.0029281245,0.037983935,0.024360267,0.07194022,-0.1585215,-0.09143212,0.11580618,-0.030165225,0.025347853,-0.008984005,-0.020438246,-0.01390335,0.13791741,0.023077548,-0.08576829,-0.15276188,0.058180418,-0.063150235,-0.014251672,0.1721422,-0.060463708,-0.065742925,-0.12309353,-0.095994145,-0.020600773,-0.08194464,-0.37799165,0.03160619,-0.024953477,-0.014106799,0.16392235,0.16679454,-0.041571606,-0.079299405,-0.021513788,0.005451115,0.014313836,-0.06758298,-0.07586248,0.006504897,0.13266174,0.21832559,0.0027840603,0.071271285,-0.12401706,0.14693414,0.08169126,0.09852516,-0.13923457,-0.009350573,-0.097796716,0.05467326,-0.17110056
TCGA-BH-A0BJ-01A,0.054866415,0.05306261,0.14715706,0.10123353,-0.049998086,0.08359201,-0.017865324,-0.045627296,-0.05045587,0.0181171,-0.034857884,-0.01605646,0.07617772,0.20354337,0.15401652,-0.052212343,-0.0248573,0.18075076,0.04958771,-0.061982207,0.020498741,-0.06791466,0.04785572,0.095121324,-0.042696707,-0.15942746,-0.16082445,0.06565146,0.04204903,0.07393006,-0.08751866,0.050995585,0.057080824,-0.011591874,-0.2002178,-0.033087008,0.027301991,0.03274679,0.024410173,-0.05692888,-0.047934424,0.0039659715,0.14031418,-0.021033354,0.0100409975,0.020755555,0.027546301,-0.042645592,0.017479442,0.05754258,0.115295134,0.13940772,-0.018587569,0.08734106,0.039915137,-0.037486605,0.008436697,-0.01569237,-0.16427448,-0.06356753,0.1131926,0.010377199,-0.10730052,0.2272025,-0.052576393,-0.06286195,0.26225296,-0.040590074,-0.045121297,-0.08615963,-0.1198252,0.0038572964,-0.08843527,-0.21374485,0.113328055,0.05323878,0.032113593,0.14536454,0.1816099,0.039022904,0.0871215,-0.18506514,-0.06216387,0.09366439,0.04552495,-0.007374584,0.020711817,0.029179016,0.29886037,0.039033875,0.063799314,-0.13363603,0.18057692,0.03955342,0.12547702,-0.15852596,-0.038740262,-0.038221315,-0.026994182,-0.18647237
TCGA-AC-A8OS-01A,-0.035324704,-0.107474715,0.18724886,0.17905566,0.0110494755,0.10601754,0.07090824,0.070446655,-0.008472254,0.06787073,-0.07462811,-0.036553837,0.041423056,0.27400076,0.09904677,-0.042689953,0.1951042,-0.030207932,0.07747186,-0.18282887,-0.08128529,-0.13240597,-0.04004382,0.15327677,0.015123491,-0.10933544,-0.13814642,-0.087579295,0.00557568,-0.145017,0.034318723,0.0075876946,-0.20146722,-0.10123474,-0.14721094,-0.11792471,0.006372472,-0.0067198463,-0.10360998,0.025470098,-0.030466516,0.01485664,0.13226084,-0.023737105,-0.03784462,0.036563378,0.06835145,0.008428806,0.07100867,0.09080071,0.03368476,0.023385275,-0.035081968,0.1528747,-0.09564224,0.14737256,0.08347759,0.030881679,-0.04403408,0.051352996,0.14075749,0.13151494,-0.16167207,0.040506355,-0.13483213,-0.07400062,0.14029561,0.056613337,-0.19591077,-0.018114157,-0.13607402,-0.022527246,0.074201636,-0.19860534,0.04795468,-0.024011401,-0.04627286,0.07647879,0.13390346,-0.062114738,-0.010761674,-0.14004456,0.07502935,0.024338985,0.0865835,-0.10932847,-0.014381523,0.11127741,0.07245889,-0.03549234,-0.14118475,-0.04322354,0.170379,0.16014367,0.09022832,0.011747881,-0.054209284,-0.041483965,0.03187654,0.024612265
TCGA-B6-A0RG-01A,0.016446238,-0.23348252,0.10510216,0.04032197,0.04547987,0.09909619,-0.018539181,-0.039814636,-0.20739086,0.07149006,-0.029841322,0.07209552,-0.048334695,0.13137423,0.27617592,0.08887474,0.018859157,0.17930585,0.03016298,-0.09537628,-0.15448636,-0.047293466,-0.030904522,0.10420768,0.021233182,0.05785297,-0.2291763,0.025408857,-0.06429187,-0.08811357,0.07625232,0.09317805,-0.09440511,-0.21263433,-0.119747795,-0.15208268,0.009343363,-0.047929615,0.011277043,-0.063823715,-0.037352476,0.027619695,0.11600968,-0.12010544,-0.043678034,-0.032145288,0.05566883,0.10066166,0.13765793,0.08218359,0.077368446,0.03227252,0.09730403,0.12772225,0.10429595,0.016443817,0.12498559,-0.069950715,0.052422225,0.09939671,0.08698079,0.014947234,-0.16381744,0.13558728,-0.0052964897,-0.019302731,0.13073823,-0.009282637,-0.03863207,0.025073573,-0.20539401,0.11395398,-0.067023315,-0.19316196,-0.026490279,0.026086902,0.01369787,0.050286077,0.21305364,-0.06459975,-0.00034064864,-0.024990074,-0.04452046,-0.068484664,0.06841319,-0.11471711,-0.01326703,0.13539954,0.062319174,-0.09849698,-0.04074146,-0.09537693,0.02026978,0.07499191,0.14082956,-0.13730338,0.024158971,-0.021999681,0.11080212,-0.018997187
TCGA-AR-A24N-01A,0.042482946,-0.14182913,0.12939906,0.041464217,-0.12416335,-0.04849743,-0.0096952235,-0.012109561,0.08782654,0.015952077,-0.0061138477,-0.017926788,0.048874527,0.22434261,0.15914187,-0.02852576,-0.03197998,-0.03193933,-0.014054352,-0.17286162,0.05508633,-0.08373348,-0.12217609,0.08452618,-0.010489034,-0.02125178,-0.11267817,0.018417606,-0.029940804,-0.092350565,-0.016923696,0.030055095,-0.23465876,-0.24681665,-0.09668174,-0.118023135,-0.016567057,0.02457385,-0.1396015,0.11582138,0.0006716258,0.18122284,0.069993876,-0.09016174,-0.12063163,0.06015447,0.023512976,0.09351782,0.055814706,-0.011116188,0.0227059,0.11803303,-0.014730452,0.18057024,-0.059351653,0.010547004,0.19368933,-0.03246869,-0.09042871,0.013801237,-0.060251206,0.086679526,-0.0660281,0.022853013,0.07243956,0.075592086,0.19045469,0.07801647,-0.16590084,-0.022139192,-0.19184509,0.054657143,-0.0067633623,-0.24909683,0.05421346,0.043763954,-0.016393531,-0.058823366,0.20928423,-0.079177275,0.059494738,-0.11172874,0.058793303,0.09094737,-0.02530934,-0.15013267,0.018742966,0.091659136,0.19060062,-0.08358077,0.020939397,-0.12082919,0.14602152,-0.007111405,0.073213175,-0.06933078,-0.09847858,-0.03535002,-0.008959623,-0.0025807968
TCGA-LL-A7SZ-01A,0.09227987,-0.111905076,0.14705709,-0.019694006,0.039193198,0.04057554,-0.08720587,-0.0028820178,-0.059662055,0.07820693,0.021952165,0.11956245,0.02556162,0.17516758,0.21533625,0.04941224,0.0040747663,0.113456964,0.023897897,-0.028108407,-0.052922945,-0.12848966,-0.0665864,-0.039817363,-0.03199961,-0.07853783,-0.244522,-0.13218375,0.024378566,-0.08722944,-0.02143446,0.09962553,-0.15722199,-0.123921394,-0.20636313,-0.07928082,-0.1792757,0.012214406,-0.12871443,0.020196145,0.042384658,0.14413452,0.13486218,-0.08770844,-0.035050716,0.016256664,0.09550548,0.054369897,-0.02759251,0.09615995,0.109285474,0.04775308,-0.046459325,0.02411251,-0.042705458,-0.07166028,0.12352169,-0.04509593,-0.021051211,0.17650034,0.05338952,-0.0155914165,-0.029035283,0.20654802,-0.0045141797,-0.14850868,0.14264002,-0.06548285,-0.005989426,-0.062403057,-0.23630449,0.1289479,-0.0124705015,-0.20523377,0.03904613,-0.049523834,-0.0184091,0.07455462,0.10737536,-0.0917827,0.08967196,0.016986132,-0.06426893,0.03256672,-0.12839778,-0.019224808,0.011221931,0.040701117,0.15742016,-0.010165586,0.05887727,-0.06543577,0.18070254,0.107658744,0.055433232,-0.08122797,-0.0020911791,-0.05591134,0.08711138,-0.21128808
TCGA-E9-A1N3-01A,-0.12266684,-0.0078150965,0.060082506,0.03940638,-0.08615245,0.1330541,-0.016449599,0.11655882,-0.18800005,0.09645897,0.0580471,0.087499335,-0.15199941,0.18021923,0.15153344,-0.07838701,0.123948894,0.020097576,-0.058416586,-0.17941993,-0.11196198,-0.06874957,-0.07679001,0.03694891,-0.006749424,-0.17257418,-0.2214119,-0.03327636,0.05094318,0.018623881,-0.10490585,0.059633605,-0.27342117,-0.071141265,-0.06240207,-0.182132,-0.11083583,-0.05519651,-0.029332424,-0.022717154,-0.02482147,0.091562875,0.09993937,-0.10056939,0.07141346,0.063544914,0.03881683,-0.019286742,0.116876185,0.23347235,0.17229253,0.06581368,0.037896708,0.07425106,-0.004427171,-0.03277883,0.024715362,0.005091994,-0.102093786,0.09632204,-0.0479966,0.031814303,-0.11529107,0.16510011,0.039962217,0.05896844,0.09507325,-0.019088537,-0.1614786,-0.052493434,-0.07651616,-0.0078017255,-0.015727157,-0.15317933,0.11708772,0.040363938,-0.01588558,0.113953605,0.05911212,-0.042447392,0.06791026,-0.1621661,0.032862097,-0.026250634,0.033378214,-0.13118328,-0.03007243,0.14033481,0.13835873,-0.050969888,-0.087525606,-0.09783405,0.081133194,0.1089973,0.1532103,0.017382745,-0.070740886,0.031749923,0.018957358,-0.113533996
TCGA-D8-A27M-01A,0.012157495,0.034432687,0.1257329,0.040226184,0.08324547,-0.015202037,0.005321589,-0.019361569,-0.19417603,0.055664226,-0.06782807,-0.062355112,0.06509243,0.24151973,0.12687674,-0.088235945,0.0267232,0.04561823,0.15260231,-0.08434757,-0.009024078,-0.1587779,0.024835862,0.0010000602,0.040537108,-0.036795408,-0.13921791,-0.057310108,-0.110195555,-0.037919328,0.045591086,0.045452204,-0.087444276,-0.2844066,-0.21881779,0.027624132,-0.07263446,-0.027966158,-0.0153620215,0.021977862,-0.066699475,0.068409726,0.10465433,-0.112386465,0.082029045,-0.108022235,-0.05949523,0.14138517,0.07119764,0.14477079,0.068204924,0.05171202,0.07853413,0.16834685,-0.0016413123,-0.029746672,-0.010902743,0.05445088,-0.10537778,0.03923214,0.0034560484,-0.010192462,0.0052949493,0.12441158,-0.05691853,0.13059583,0.16116646,-0.10227788,0.10329827,0.021879593,-0.24987078,0.023530122,0.024417533,-0.2362463,0.16482225,-0.03649469,0.04367247,-0.058376975,0.13289544,-0.14711568,0.064347655,0.012419894,-0.024121176,0.069527365,-0.08539312,-0.054429244,0.014876947,0.068502285,0.15366499,-0.18119895,-0.031120481,-0.136053,0.100422084,0.09441089,0.0743681,-0.092118956,-0.033334423,-0.14267822,0.031636078,-0.007815498
TCGA-D8-A1XR-01A,-0.02058699,-0.07013599,0.13059372,0.16200441,-0.034721535,0.01060352,0.03555014,-0.046672147,0.044708822,0.08918115,-0.06838979,0.0063444264,0.013088802,0.1440046,0.11835827,-0.07690134,-0.027078778,0.07192941,-0.06292484,-0.066294916,-0.12991364,-0.0472919,-0.13864288,0.09159072,0.022171468,-0.040913552,-0.16441016,-0.0023576329,-0.039285958,-0.21738926,-0.23681194,0.0028411725,-0.14221379,-0.15410952,-0.07294889,-0.08726248,-0.050003916,0.026483882,-0.07672306,-0.14495063,-0.025645845,0.06799979,0.16593948,-0.18266752,-0.109365724,-0.042160645,0.08130843,0.085066,0.07644351,0.20872287,0.05707359,-0.020019604,0.0034616974,0.09863206,0.109503046,0.01468376,0.08412655,0.1368289,0.0066000824,0.0626501,0.10193569,-0.027596803,-0.087064005,0.111711554,-0.013445205,0.04107556,0.1257772,0.122037716,-0.044957343,-0.066393636,-0.15086193,-0.019285137,-0.056537587,-0.3231634,0.22929873,0.09160693,0.04569825,0.019002259,0.10456467,-0.12688011,0.011507297,-0.05972535,-0.0127468165,0.01879692,0.01124277,0.017179582,0.119657226,0.08457839,0.1466597,-0.035427324,-0.023885423,-0.084283255,0.16835915,0.019240567,0.1157416,-0.091733985,-0.005777272,0.07620561,-0.07682157,0.014314967
TCGA-D8-A1XB-01A,-0.013529139,0.016086558,0.20290819,0.050638128,0.030148117,0.06492962,-3.8720973e-05,0.081354424,-0.08336929,0.21491328,-0.06049679,-0.05060688,-0.05435342,0.14136621,0.07862442,-0.079554595,0.025925597,-0.040254038,-0.034820925,-0.2223316,-0.048750076,-0.13783343,0.02548323,0.08049114,0.063120805,-0.10517026,-0.24210028,-0.12444213,-0.09371411,-0.046019908,-0.13233523,0.07315226,-0.205594,-0.1550214,-0.10718705,-0.03836423,0.0862053,0.048152305,-0.13919346,-0.047072966,-0.10994907,0.032302607,0.04531404,-0.19476548,0.04214847,0.046522085,0.010378848,-0.050279886,0.14650354,0.10544396,0.022749305,0.12736806,-0.087222114,0.08300467,0.037281677,0.06811636,0.12130216,0.014489849,-0.11543889,0.03916536,0.068976335,0.05941293,-0.039000914,0.059136808,0.04647015,-0.08700643,0.13792858,-0.048809666,-0.056822073,-0.0771517,-0.093285866,0.07625574,0.11626864,-0.25334215,0.072263576,0.05582415,0.03823423,0.11115612,0.13345729,-0.014139424,0.06670598,-0.13043998,-0.044218283,0.06563726,-0.07672686,0.0687723,-0.0023515173,0.16056068,0.1435631,-0.015649147,0.05952369,-0.21073516,0.10884921,-0.03505751,0.15261325,-0.12542787,0.028883273,0.04108379,-0.013024878,0.035433073
TCGA-B6-A0RT-01A,-0.043130364,-0.11720859,0.11245006,0.07985234,-0.1340426,-0.044958614,-0.036281385,0.07611988,-0.10975875,0.077778034,-0.10436621,0.1133217,0.11082581,0.1619463,0.13879284,-0.034379825,-0.07776283,0.09683365,0.05650604,-0.0007125239,-0.059698436,-0.13334529,0.08085375,0.02918435,-0.06676927,-0.14244004,-0.17393081,-0.09085928,-0.17768338,-0.18306683,-0.0936589,0.07451256,-0.1705514,-0.12823339,-0.13093041,-0.07470807,-0.10580634,-0.025414195,-0.09226846,0.015240157,0.0030733866,0.1210925,0.13368638,-0.13134988,0.11214754,0.021829538,0.16210246,-0.0038585542,-0.01266025,0.084123194,0.055961344,-0.069811426,0.018299604,0.12385744,-0.0074728034,-0.06157025,0.0511995,0.017197017,0.062259175,0.04268782,0.10496227,0.06387251,-0.043980822,0.09091175,-0.043254428,-0.0084905075,0.1284402,0.018295156,-0.117302805,-0.043304015,-0.20557792,0.089219294,-0.10405248,-0.15724722,0.19343908,0.0017811307,0.05551438,0.0065946956,0.23347515,-0.023859827,-0.019855857,-0.20765775,0.05853411,0.047922518,0.021162054,-0.16653177,0.11356862,0.059620127,0.13419746,0.029347837,0.13567567,-0.14749634,0.056410573,0.068526216,0.05384944,0.022597235,-0.036832128,-0.021911874,0.13015297,-0.045129724
TCGA-E2-A1IG-01A,0.061088867,-0.027030287,0.0046361466,0.060475614,-0.025741156,0.13058487,-0.0077751097,0.06321909,-0.07903817,-0.042173643,-0.07300995,0.09777805,0.18849455,0.21475904,0.18703207,0.0002343133,0.021496626,0.19117661,0.0059373793,-0.20734683,-0.0150357885,-0.029894317,-0.100390054,0.17302945,0.017871767,-0.105989404,-0.21027404,-0.047889657,0.032073203,-0.07052367,-0.038322587,0.035854697,-0.09354379,-0.09287674,-0.11377218,-0.14787059,-0.03221863,0.034694556,-0.0004268261,-0.08595886,0.06469309,-0.057470463,0.19786908,-0.12074197,-0.05711235,0.035965465,-0.016595254,0.09171618,0.037879225,0.106751904,0.14710292,-0.12651454,0.020430155,0.030041864,-0.03879414,0.10343313,0.12760767,0.043430883,0.019174686,-0.053734336,0.20368479,-0.014599046,0.0007715085,0.175617,-0.10830678,-0.08773816,0.11561572,-0.020147193,-0.21016775,0.07379553,-0.1789388,0.0169053,-0.0019396095,-0.14620145,0.12870063,-0.04236844,-0.054040108,-0.035748277,0.053310234,-0.0094827805,0.124075554,-0.03736411,-0.02777332,-0.046833877,0.06410473,-0.15142533,0.004960666,0.101560436,0.15854777,0.040822078,0.09656263,-0.13157059,0.19375089,-0.07554245,0.07209455,-0.06411223,0.019001773,-0.024803698,0.049481127,-0.14055699
TCGA-D8-A1XA-01A,-0.03915362,-0.107795835,-0.032233708,0.13685447,0.110268824,-0.02042465,-0.01887307,-0.024570648,-0.03455982,0.055090547,0.045876365,-0.06690308,0.039910015,0.25752312,0.08316752,-0.09041835,0.008106023,0.0771438,-0.12777442,-0.18370514,-0.10778481,0.057970215,-0.045481678,0.023877189,-0.16200234,-0.1360852,-0.1574666,-0.039617367,0.012115593,-0.10697829,-0.013982967,-0.058313854,-0.15188368,-0.13611706,-0.091743335,-0.20265603,-0.101699606,0.060441144,0.098788925,-0.19013028,-0.026215034,0.0984718,0.019225527,-0.083675124,-0.091373056,-0.03134508,0.0395544,0.016392492,0.11406133,0.110938296,0.11630844,0.0049230717,0.13202317,0.051329337,-0.047621254,-0.0121702235,0.09209078,-0.02891294,0.08023017,-0.02372585,0.12466743,0.07339196,-0.06127485,0.13703528,-0.06700195,-0.023825338,0.2306547,0.05770705,-0.27138045,-0.022319539,-0.11193792,0.10023669,0.0774106,-0.20130408,0.057212133,-0.0012880473,-0.06634765,-0.12064988,0.18918303,-0.046511687,0.039929576,-0.13024037,0.062758595,-0.05377629,0.00864561,-0.087966576,-0.0039686696,0.1536777,0.11145416,0.0041885157,0.023467982,-0.20091046,0.075103246,-0.045899067,0.049350902,-0.07651857,0.008537764,-0.0392471,0.07516159,-0.012928736
TCGA-BH-A0B3-01A,-0.10501249,-0.11823386,0.10758731,0.06201193,-0.024954718,0.07580649,0.02971975,0.03632931,-0.06910979,0.11506474,-0.032457154,0.13652003,-0.0048966818,0.22430447,0.12594643,-0.039442025,0.005443988,0.053034946,0.038728878,-0.035603035,-0.100112945,-0.12190462,-0.09647314,0.15838654,-0.0365373,-0.13227737,-0.17822737,-0.045078218,0.08858395,-0.06832887,-0.030664796,0.025819791,-0.053234704,-0.14551818,-0.18347785,-0.044897407,-0.061332166,-0.07784629,-0.0030106527,-0.07032993,0.063426055,0.16513471,0.019379048,-0.07005633,-0.040491145,0.04978507,-0.074992664,0.06313471,0.049441386,0.0038275581,0.0591994,-0.07666667,0.07910824,0.007770806,0.03338062,-0.02276258,0.09695384,-0.030504175,-0.059821542,0.10723011,0.07110407,0.023106763,0.03257863,0.20654461,-0.08733346,-0.045826502,0.22222394,-0.13089883,-0.16245174,-0.01621581,-0.2110207,-0.054539885,-0.11997294,-0.2309871,0.079670474,0.02394461,-0.13196841,-0.113136314,0.20295621,-0.09199598,0.0019692376,-0.08316388,0.044829242,0.091613844,-0.14260092,0.015763333,-0.07992129,0.13141671,0.23624073,-0.045676664,0.11558292,-0.10223086,0.08061082,0.07137635,0.048142802,-0.04828318,-0.034689642,-0.16312037,0.013040111,-0.046704162
TCGA-AR-A1AS-01A,-0.11324002,-0.12387009,0.10486874,-0.00876482,0.08040903,0.037520308,0.021492384,0.06403869,-0.06426017,0.123624034,-0.13849245,0.023381175,0.029791053,0.23384678,0.27413484,-0.04353553,0.091444515,0.09969883,-0.028633729,-0.21008255,0.073474884,-0.05193505,-0.014714383,0.04523095,-0.089441046,-0.10735531,-0.19914846,-0.082188964,-0.07780849,0.0024558683,-0.082855806,0.090461604,-0.09755281,-0.22039212,-0.035798397,-0.16820535,-0.019461839,-0.0023939395,-0.10334687,-0.05217917,0.046464026,0.085400335,0.102676526,-0.04093668,-0.00017275503,0.007701385,0.044689406,0.109981455,0.051440366,0.12631805,0.06307224,-0.07749816,-0.07762012,0.0422331,-0.11154065,0.0015148887,0.12586658,0.120748445,-0.076612875,0.05593398,0.13728136,-0.068318106,-0.006519163,0.060160138,0.051303927,-0.17318106,0.078772984,0.06229898,-0.12305222,0.04609452,-0.13573116,0.11411557,-0.033938035,-0.22149102,0.0477797,0.070400216,0.07737678,0.021388287,0.1808239,-0.105489,0.039343648,-0.11588916,-0.1593687,0.11462609,-0.052940067,-0.07222195,0.072759785,0.04191396,0.05010199,0.080842085,0.058780134,-0.067790665,0.13243523,0.11455669,0.1165704,-0.051233403,-0.10384527,-0.038219098,0.09696865,-0.099237606
TCGA-E9-A24A-01A,-0.09758955,-0.14541827,0.19400902,0.081023954,-0.0019186091,0.031967066,-0.048169844,0.10528397,-0.034487054,0.07889845,-0.041552454,0.053651657,-0.0326321,0.08679354,0.04524354,-0.075902686,0.0103130415,0.13270816,0.006125499,-0.16232745,-0.106658116,0.023045717,-0.07167993,0.1572281,-0.002670123,-0.23958401,-0.1679162,0.037142523,-0.09252533,-0.0810912,0.004362973,0.051572688,-0.14168145,-0.18648402,-0.032503694,-0.12576273,-0.07970929,-0.053702697,0.010830355,-0.04440972,-0.087056614,-0.008652417,0.1887795,-0.093624696,0.017681567,-0.15176758,0.04092226,0.0073993662,0.16877708,0.15861742,0.016972614,0.062422056,0.12038214,0.067529105,-0.013111548,0.019218845,0.19121987,-0.019037114,-0.0597922,0.043618634,-0.037971593,-0.14047182,-0.12954615,0.16695525,-0.049022075,-0.11044108,0.0045816423,0.06870485,-0.11468848,-0.00023893011,-0.18463512,0.016029257,0.018260619,-0.3003156,0.14266683,-0.07038679,-0.12844613,-0.003256486,0.17761926,0.03832924,-0.007944879,-0.009766266,-0.06044142,0.070224866,-0.04358881,-0.0021185651,-0.00870409,0.17478774,0.12002309,-0.09430157,0.10651969,-0.07846446,0.023175703,-0.06599951,0.0027771923,-0.02656511,-0.08688607,-0.01774802,0.085256845,-0.103650816
TCGA-A2-A0YL-01A,-0.13172713,-0.08711474,0.0940232,0.08209182,-0.17009614,0.06950933,-0.049719907,0.04582099,-0.09640369,0.1608877,-0.033183537,-0.024769507,0.011549132,0.15936063,0.1302841,0.045749173,0.14177483,0.15695466,0.05757855,-0.1944098,-0.044723295,0.021252604,-0.055606,0.092747875,0.024808835,-0.0015887077,-0.1806992,-0.07211037,-0.12948386,-0.01121892,0.07131754,0.014513933,-0.08660036,-0.17288122,-0.17137098,-0.17058754,-0.030199807,-0.039913733,-0.05344786,-0.06736719,-0.11701718,0.18421206,0.09180698,-0.1830095,-0.0067158155,-0.07726327,0.054725222,0.1769566,0.07456576,0.1488288,-0.016834898,0.0353595,-0.019028418,0.10560656,0.04745824,-0.017306598,0.004670542,-0.005823873,-0.03151287,-0.00070082536,0.058999177,0.014916332,0.08857845,0.15095574,-0.036122177,-0.07977196,0.09654076,-0.023109864,0.009405021,-0.060702484,-0.12406388,0.06452947,-0.0021128803,-0.2364286,0.12484003,0.079834886,0.041022465,-0.10628161,0.22296435,0.008569439,0.04515952,-0.04557827,-0.043433238,-0.020403506,-0.009203356,-0.11595326,0.017976599,0.1914355,0.2469581,-0.0745155,-0.065750726,-0.04134147,0.09020164,0.15716493,0.10192891,-0.093551904,0.017854113,-0.0010458685,0.02384013,-0.029010037
TCGA-AR-A0TZ-01A,0.014421979,-0.030829178,0.17364624,0.052971765,-0.014000882,0.28761843,-0.055928733,0.106698096,-0.07595764,0.13231014,-0.03756282,0.11595266,0.013068015,0.23745221,0.067597836,-0.018379211,0.010508734,0.053233888,0.064558454,-0.22292955,-0.011654604,-0.02708896,0.024249773,0.19216585,-0.08477988,-0.043985903,-0.23439221,-0.045849696,-0.03618795,0.019512804,-0.04910195,-0.042852104,-0.2122893,-0.018270675,-0.101218924,-0.23733287,-0.03835336,-0.09374599,0.074224666,-0.051145427,-0.081183724,0.035971187,0.12792669,-0.088853374,-0.062017225,-0.008841322,-0.005585718,0.10893468,0.0526946,0.10749872,0.058339134,0.024816765,0.035122212,0.024056923,-0.0046993,-0.07354633,0.1581707,0.062415667,-0.058275506,0.10598432,-0.03905315,0.01463065,-0.14238022,0.104792394,-0.018057043,-0.00040500544,0.15852478,0.010382589,-0.026636116,0.022189356,-0.10998006,0.022790082,-0.0019912806,-0.21963975,0.092417315,0.046586823,-0.09035851,-0.053391863,0.18641123,-0.13533331,-0.030010903,-0.10419405,0.099749416,0.1772735,-0.12636831,-0.14082557,0.019829884,0.118606515,0.13707209,-0.061262734,0.11875083,-0.004579733,0.018238723,0.012051659,0.11579351,-0.03402658,-0.02676101,-0.0398484,-0.015588234,0.032204963
TCGA-BH-A0HP-01A,-0.016699554,-0.17257327,0.13993041,-0.038938418,0.01860747,0.14232554,-0.041502766,-0.052977882,-0.04759757,0.0974441,-0.103548065,-0.030169668,0.037632443,0.24133225,0.071309134,-0.09092081,-0.0077914945,0.033066735,0.040597998,-0.08370508,0.003551841,-0.06321507,-0.061044555,0.08500952,0.079851516,-0.16147918,-0.1666888,-0.07531198,0.026431981,-0.12114669,-0.1721153,-0.011590304,-0.15158434,-0.19341493,-0.1336216,-0.042112805,-0.04381948,-0.009524007,0.039408848,-0.14499682,-0.004245351,0.041521963,0.03202379,-0.13550551,0.09652771,-0.14303851,0.10052848,0.022215834,-0.010362633,0.045938995,0.13970011,0.03661061,0.098073,0.06045115,-0.044780448,0.012866808,0.1605723,0.0342132,-0.034935173,0.03881678,0.16802658,-0.037998118,-0.16928941,-0.045967385,0.027541744,-0.14717701,0.1668175,0.0082297865,-0.09591919,-0.011196161,-0.2558621,0.026796615,-0.07232637,-0.18238091,0.107681885,-0.024052683,-0.101190045,0.11407397,0.024606809,-0.077327795,0.09326036,-0.08889829,0.09559441,0.0880211,-0.038659554,-0.06337759,0.007894441,0.11933473,0.16184871,-0.079636246,-0.040396154,-0.11773418,0.099949375,-0.14228918,0.042663615,-0.13003175,-0.0473381,-0.18254668,0.006502349,-0.06712989
TCGA-A7-A5ZV-01A,0.016046034,-0.039237704,0.14961407,0.113890626,0.041707944,0.0034320033,-0.0813708,0.047909442,-0.07609711,0.025153933,0.077663824,-0.13609158,0.031427436,0.27597177,0.16485652,0.033386357,0.06453632,0.05903216,-0.11943799,-0.098204456,-0.05619284,-0.15701361,-0.16453941,0.038767308,-0.055148233,-0.023582708,-0.20237437,-0.018306095,0.05707797,-0.08276581,-0.09376241,0.021080213,0.0034088169,-0.045837376,0.00880338,0.03886532,0.010508001,0.05185793,0.07721549,0.05804182,-0.07523697,0.15524514,-0.03157538,-0.10902587,-0.05893375,0.055347074,0.1584512,-0.04050169,0.13889748,0.07675404,0.02664657,0.06779959,0.0047477395,0.13285226,-0.0014874934,0.025984475,0.06512373,0.11603962,-0.08764993,0.13805483,0.012011313,0.07174023,-0.12318642,0.14256945,-0.13893814,-0.079873905,0.20534982,-0.07598515,-0.17634788,-0.024471613,-0.24744545,0.080120556,-0.027633809,-0.23208873,0.1529259,0.038021002,-0.11442314,-0.08715841,0.08421423,-0.07127767,0.100384526,-0.054515686,-0.1542086,0.11660784,0.058973275,-0.099964015,0.0016191158,0.10161462,0.17900318,0.027249206,-0.0013988573,-0.12386533,-0.013219762,-0.0027961484,0.12351089,0.007099683,0.016774189,-0.056450136,0.05148626,-0.09213429
TCGA-EW-A1P0-01A,-0.03626294,-0.11603132,0.076161936,0.13588588,-0.1429847,0.14306365,0.07890549,0.031403914,-0.14182502,0.17464255,0.05861272,-0.021214185,-0.10806454,0.10898783,0.12060331,0.049246408,-0.02295938,-0.07221892,0.051272087,-0.09850776,-0.058641557,-0.16887015,0.04389142,0.12007355,-0.036699206,-0.124318585,-0.24119961,0.009595754,-0.016005117,-0.016633345,-0.17498635,-0.001040411,-0.17980856,-0.16705288,-0.1429015,-0.030924192,-0.20078261,0.07758974,-0.04904635,-0.11884145,-0.079910845,0.12350766,0.11186014,-0.1489348,-0.051922243,-0.0006725272,-0.0020794433,-0.030711735,-0.065292604,0.068580896,0.037845206,0.023997257,0.00703072,0.03890715,-0.10485756,0.030505544,0.043899607,0.008645522,-0.13049234,-0.002424589,-0.009311768,-0.011208179,-0.008013775,0.08475572,0.01985091,-0.049837004,0.19121763,-0.010463147,-0.11081733,0.035619304,-0.18912016,-0.03999692,0.05269507,-0.15616098,0.15628462,0.094803184,-0.03496723,0.009694188,0.16099046,-0.10025229,-0.049726993,-0.02151713,-0.037483778,0.019547625,-0.091691956,-0.2033595,-0.048954636,0.13768823,0.17992005,-0.059334464,0.04048397,-0.08292151,0.1579862,0.11759139,0.11252265,-0.14285775,-0.02863395,0.06096541,0.06747435,-0.016390998
TCGA-AC-A3W7-01A,0.005565376,-0.0943808,0.17162828,0.07947985,-0.067834936,0.021696674,-0.10639036,0.038935613,0.040094536,0.10818299,0.062260564,-0.051008616,0.0881373,0.21032478,0.17062268,0.0032723118,-0.025088174,0.10853936,0.12382215,0.025595134,0.05236008,0.04552956,-0.046981014,0.09662254,-0.040073622,0.03393871,-0.19896914,0.044958584,0.02089362,-0.1602643,-0.024490982,0.01812016,-0.036953468,-0.14495437,-0.16620804,-0.09111864,-0.02717078,0.07893423,-0.014237146,-0.023952808,-0.011412957,0.011384534,0.21580902,-0.08205498,0.10281021,-0.112145185,0.037847515,0.11398898,0.11201572,0.088256106,0.2135159,-0.11135133,-0.034742724,0.005186308,-0.15987316,-0.009703304,0.08576469,-0.041670304,-0.038578447,-0.013364876,0.045828715,-0.07716128,-0.09720279,0.118338026,-0.044532638,-0.06775352,0.07946025,0.11117746,-0.109611906,-0.011996704,-0.22436044,0.04260214,0.08583893,-0.13900848,0.13730589,0.10761467,0.0726294,-0.023467395,0.1473757,-0.079084635,0.042641755,-0.12082727,-0.012368122,0.076965936,0.1514328,-0.06986364,-0.07524191,0.025552401,0.2770416,-0.10583506,-0.060986537,-0.13348176,0.029560369,0.034919277,0.052801885,-0.09741286,-0.14593422,-0.15865853,-0.04251062,-0.07989043
TCGA-E2-A1IU-01A,0.024823649,0.050412003,0.123517916,-0.09434886,-0.089777,0.053026248,0.0047143283,0.07040293,-0.19649942,0.14753672,-0.13359039,-0.039142303,0.023577748,0.17025025,0.117244795,-0.13336608,0.1080846,0.06250651,-0.07017574,-0.086357646,-0.053235088,0.020930385,0.03518566,0.16333966,0.02056222,-0.030649764,-0.1146981,-0.11354577,0.061712876,0.073532104,-0.03331752,0.06981055,-0.120907746,-0.123395994,-0.13177888,0.033619177,-0.0028845828,0.039898824,-0.010772839,-0.11254084,0.063516915,0.08302969,0.20025896,-0.12064883,0.01857832,0.06734091,0.09889994,-0.027750637,0.0002381596,0.1544056,0.13247421,0.057820804,0.25467172,0.15948221,0.011588036,0.054258592,0.05417284,0.05864991,-0.07879722,-0.0019010291,0.053733587,0.1642412,-0.17366642,0.023935508,-0.13645954,-0.015287043,0.23949572,0.11775772,-0.06607184,-0.041613914,-0.15914783,0.09556679,-0.07804356,-0.2739537,0.2060635,-0.02991085,0.0534885,0.0027167387,0.11719772,0.027390819,-0.06592199,-0.0012305046,-0.014015708,0.08772132,0.023647148,-0.0960236,-0.05205316,0.046896346,0.09779597,-0.034635656,0.014779566,-0.074992605,0.090129815,0.05754465,0.02123055,-0.07823288,-0.08704882,0.04947814,0.12175797,-0.017937414
TCGA-AR-A24Q-01A,0.034567527,-0.03221169,0.09079548,0.0034866806,-0.016103221,0.013199971,0.010013923,0.08917316,-0.047283236,0.028379362,-0.020210322,0.102717526,0.099945456,0.2876491,0.06563708,-0.004220068,0.0060266075,0.12726982,0.09804809,-0.02791043,-0.08493709,0.07841885,-0.05163146,0.0549005,-0.06164041,0.015724085,-0.31317648,-0.003043607,0.0383025,-0.11640488,-0.11196351,0.08733435,-0.06308355,-0.24895103,0.0080607375,-0.035253517,0.03214189,0.08828953,-0.04442366,-0.078487806,-0.04332865,0.11263652,0.1182514,-0.11339601,-0.015515363,0.03474271,-0.006958335,-0.025254047,0.13409668,0.15825902,0.16374819,0.021680709,0.014260382,0.11256824,0.0024610637,-0.08242095,0.17171218,0.07589523,-0.03908888,0.03191097,-0.091789536,-0.046291295,-0.0004794075,0.14064772,0.00806573,-0.024808958,0.1827755,-0.03744222,0.020839226,0.014116117,-0.18944791,-0.015668325,0.020013638,-0.18320845,0.117142834,0.00560989,-0.13990708,0.04629327,0.18714751,0.14898892,-0.07154309,0.032660093,-0.08672318,0.08857969,0.020282555,-0.08858529,0.072043814,0.13661003,0.25886092,-0.049058337,0.07763878,-0.1328232,0.15182015,-0.023212854,0.058709815,-0.1258101,-0.009370845,0.01861575,0.08666837,-0.06791837
TCGA-C8-A273-01A,0.04585096,-0.12305418,0.037964426,-0.020413999,-0.05145528,-0.026634961,0.030470617,-0.074562676,0.00623597,0.12657349,0.020221822,-0.09353817,0.090276934,0.31225467,0.16059846,0.044219363,-0.022710055,0.0022419717,-0.017612252,-0.18985441,0.0330129,-0.071206845,-0.041979544,0.058257166,0.05801887,0.01434391,-0.15979078,-0.018323032,0.030436942,-0.17751828,-0.047499336,0.10372609,-0.088664025,-0.13613904,0.009832411,-0.035563555,-0.105489045,-0.026633115,-0.10193798,0.07161944,-0.19745454,0.07560294,0.14886251,-0.079028524,-0.008345926,-0.032333042,-0.0361869,0.08780614,0.08609155,0.066145584,0.063798964,0.024421707,-0.01247601,0.13233711,0.06336273,-0.012376278,0.109078616,0.14711247,0.01776896,0.04582824,0.12982103,-0.025706165,0.020566376,0.08060143,-0.03551582,-0.079196855,0.1473243,0.06675603,-0.08850906,-0.0141134905,-0.07823875,0.12514737,-0.022381619,-0.17905903,0.18616985,-0.15460621,-0.031693015,0.019762564,0.20665932,0.027964063,0.008037977,-0.097190656,0.03995082,0.17934869,0.0113602085,-0.09584183,0.048805602,0.12048577,0.28375116,-0.036087472,0.10216294,-0.1736187,0.076979905,0.031654272,0.14512745,0.043539334,-0.10438895,-0.105187975,0.073333964,0.060642887
TCGA-Z7-A8R6-01A,0.08511959,-0.18283679,0.17515945,-0.020063045,-0.0007911721,-0.02526715,-0.0060974616,0.04169893,-0.10491928,0.023338452,0.0047169724,0.039841536,-0.10346149,0.2722135,-0.013117893,-0.073885284,-0.016024781,0.06858787,0.023842549,-0.073352605,-0.01678746,-0.054417633,-0.12412902,0.03341832,-0.016252173,-0.12190536,-0.07800857,-0.032246906,-0.055396203,0.0019028985,0.03438259,-0.032060258,-0.2652089,-0.26750416,-0.14337596,-0.15573151,-0.022194045,0.05277576,-0.09575725,-0.1068485,-0.19408856,0.1316321,0.09376742,-0.07922372,0.028942188,0.022385139,0.01027184,-0.014038093,0.10510174,0.10215849,0.074277006,0.045597393,0.15915063,0.08922588,-0.04417657,-0.039311737,0.06677051,0.076039866,-0.083014056,0.03471818,-0.07931578,0.02543137,-0.095180154,0.10649057,-0.027446708,0.045792084,0.19965936,0.010606274,-0.1467922,-0.09593243,-0.027859228,-0.05292504,0.021901207,-0.1698234,0.21107712,-0.027039157,-0.057604108,-0.008399519,0.1093494,-0.07916395,0.104950674,-0.049863473,0.024689762,0.08841276,0.019062245,-0.11171391,0.025731489,0.10415433,0.17164752,-0.025755946,-0.0058124852,-0.14608315,0.120475106,0.057183634,0.10587006,-0.20943147,-0.15847512,-0.024656681,0.012136229,0.018056415
TCGA-OL-A66H-01A,-0.06913446,-0.17234585,0.1965982,0.107572354,0.039470572,0.01608846,-0.01876789,-0.056222484,-0.0228482,0.11354789,-0.036007997,0.06373088,0.07822619,0.20431358,0.10618763,-0.038394585,-0.016885463,0.18032447,-0.062183134,-0.18548746,-0.042293787,-0.053796213,-0.09528285,0.11358155,0.09752781,-0.01911295,-0.23515125,0.07756252,0.04257383,0.0023394828,-0.0837428,-0.092562556,-0.068607986,-0.1463939,-0.13204227,-0.19892552,-0.07948784,0.05100185,-0.04415432,0.07590573,-0.053481966,0.07566703,0.1328774,0.024156831,-0.105493784,0.045908496,0.03145533,-0.044330902,0.2279404,0.18605115,0.12120832,0.012361571,0.052945178,0.029615754,0.014635093,0.06474313,0.15834107,0.036436703,-0.08281084,0.05139179,0.13557573,-0.10752837,-0.06385405,0.059128847,0.01232422,0.015066721,0.12454482,-0.022965742,-0.0011466906,-0.0129682375,-0.18220006,-0.059860688,0.037905972,-0.24970537,0.042829733,0.053781025,-0.046762437,0.07320939,0.053394783,-0.02024581,-0.10512487,-0.16241519,-0.07090112,0.077845305,-0.032221165,-0.066104986,0.03448955,0.069056086,0.13966613,-0.06855882,-0.019037837,-0.04443515,0.13788553,0.09986634,-0.06298749,-0.20477216,-0.03652616,0.008067755,0.08216123,-0.12802778
TCGA-E2-A1IJ-01A,-0.01834423,-0.123777755,0.17685664,0.05311075,-0.10585915,0.13673794,-0.01577841,0.057232436,0.022325024,0.127538,-0.10797508,0.02817698,-0.020290177,0.15625279,0.05377242,-0.02038243,0.05312098,0.06301379,0.0118824085,-0.045923736,-0.10398189,-0.0595188,-0.03238059,0.069795884,0.09489567,-0.10981804,-0.23133706,0.021624576,0.008321586,0.016962644,0.011881141,0.060723733,-0.06820974,-0.26600313,-0.18300872,-0.11809145,0.004202296,0.082341276,-0.006604504,0.09394198,-0.03611756,0.16896844,0.11237351,-0.11304698,0.07255612,0.006263911,0.04522422,0.068646826,-0.006845184,-0.043623928,0.061247993,0.023564411,0.054608133,0.13210556,-0.12712932,0.14796624,0.09904319,0.0084171,-0.05628605,0.07320636,0.021567589,0.045462646,-0.10867299,0.16452453,0.04914845,0.02119683,0.27587932,0.031342786,0.014093243,-0.023673497,-0.19211726,-0.012705647,-0.065639965,-0.20282224,0.19971068,0.018999372,-0.13097322,0.03209693,0.21715571,-0.012635904,-0.015348333,-0.06279046,0.0029518665,0.11972599,-0.018224161,-0.10235852,-0.03417835,0.122548826,0.012856451,-0.033395685,-0.06409238,-0.16545665,0.13330904,0.10179293,0.12294283,-0.09574474,0.11234618,-0.082979076,-0.006333312,-0.035907384
TCGA-E2-A10C-01A,0.054687534,-0.07328393,0.25158975,0.10653679,0.11483397,0.09339327,0.046603274,0.101941645,-0.08857167,0.10267161,-0.01679586,-0.01541681,0.0023145946,0.23698537,-0.020244045,-0.06603369,-0.0057155713,0.07737358,-0.005782392,-0.12660499,-0.07155635,-0.07914192,-0.12738834,-0.030085433,-0.03281428,-0.07536779,-0.21952651,0.010896609,-0.13925558,-0.06276247,-0.11689409,0.10019052,-0.08369427,-0.09331184,-0.124300405,-0.15184994,-0.027126305,-0.04938079,-0.049343076,-0.045906667,0.03861621,0.0059150746,0.124587744,-0.11686116,-0.07955538,0.042289395,0.06907201,0.077990636,0.0140628135,0.15358785,0.057223767,0.038008638,-0.053865526,0.10915506,0.01122402,-0.0033025318,0.05133029,0.034463968,-0.057819773,-0.03589403,0.072598085,-0.046129573,-0.1331419,0.11841489,-0.13051057,-0.0604648,-0.00035234125,0.056370564,-0.07625877,0.010678723,-0.09861166,0.0410829,-0.09276404,-0.29935083,0.06184763,-0.040095363,-0.10041651,0.109876275,0.3040981,0.08445572,0.03670014,-0.1405825,-0.0023745352,0.121687844,-0.02181258,-0.061782897,-0.050952453,0.11134337,0.184625,0.008797347,0.01825357,-0.0027663135,0.14195327,-0.08167989,-0.021900512,-0.08272918,-0.10252575,-0.13463974,0.08909571,-0.14226936
TCGA-BH-A0BA-01A,0.030323265,-0.15852946,0.10408865,-0.0056190686,-0.031099832,0.081623286,-0.074283,0.18604113,-0.058898695,-0.015876357,-0.0736187,0.04653028,0.0049196226,0.22014211,0.10183498,-0.007401698,-0.072959036,0.12643377,-0.08562856,-0.045914464,-0.059783936,-0.006345803,-0.11631004,0.04087725,0.044064365,0.08266371,-0.060768116,-0.11759836,0.0847714,-0.14006872,-0.05456476,-0.0460755,-0.15353957,-0.20624085,-0.18172845,-0.11628656,0.006997251,-0.013649203,0.054920714,-0.04585613,-0.079053774,0.14257827,0.31076553,-0.14024824,-0.038673908,-0.05738256,0.16797055,0.028597562,0.08706819,0.10336436,0.13410577,-0.007956647,-0.045788366,0.089619435,-0.12130876,-0.010633401,-0.012726607,-0.10535578,-0.066585295,0.1434217,0.015720736,-0.004532759,0.04687111,-0.039008778,-0.06885394,-0.110410295,0.11218287,-0.028977588,-0.027418002,-0.03502129,-0.054234695,0.08459191,-0.061108552,-0.23114385,0.14702742,0.01763989,-0.013092465,-0.05475465,0.24547254,0.03314197,-0.069584616,-0.061864357,0.0034619023,0.058306467,0.06829692,-0.013294805,0.02522353,0.08026395,0.23208864,-0.07053271,0.08169624,-0.012446523,0.11852171,0.0590332,0.030004531,-0.080417655,0.00010696746,-0.13212398,0.15085977,-0.0182789
TCGA-E9-A1N9-01A,-0.02484688,-0.03752352,0.11728547,0.11466216,-0.017399484,0.05255582,-0.03758984,0.022515751,-0.12503746,0.07471343,-0.06243,-0.04365662,-0.02219599,0.19500253,0.22132659,-0.0064466107,-0.029101618,0.01426543,0.04799223,-0.08928668,-0.043379664,-0.061852604,-0.10610133,0.12181825,-0.007746631,-0.006109432,-0.33362204,0.051226392,0.0059812097,-0.06052154,-0.12493634,0.10385951,-0.06509665,-0.11921949,-0.0490763,-0.11948673,0.025589515,-0.0033429447,-0.100447625,-0.059348874,-0.030426554,0.10551958,0.08857792,-0.1904514,-0.03589415,-0.009424177,0.036498994,0.11866519,0.0076577784,0.2341293,0.05340316,0.08691229,0.035589017,0.10328982,-0.059493154,0.046972886,0.029764911,0.06691345,-0.1218971,0.017661199,0.03596414,-0.07948428,-0.029540155,0.18162161,-0.0598237,-0.119463824,0.123875655,-0.050555926,0.016107524,-0.056208886,-0.1654257,0.099685386,-0.00082966744,-0.051092923,0.19789836,0.0058737313,0.007177794,0.07519233,0.15778466,-0.009718206,0.011981818,-0.027897803,-0.037554055,0.12673493,-0.03775978,-0.19781382,0.090848684,0.12917864,0.09634615,-0.027063876,0.17771226,-0.08331093,0.12393786,0.13502854,0.0030639332,-0.030079018,-0.17472248,-0.023340467,0.16832894,-0.14696911
TCGA-AQ-A54N-01A,-0.07730249,0.06083094,0.2781598,0.041073237,-0.03787186,0.07349575,-0.06925648,0.07315374,-0.07515263,0.073350795,-0.0027422374,-0.106286064,-0.009313788,0.25001484,0.110587016,-0.038222164,-0.056851428,0.124579765,-0.007814174,-0.19014814,0.009311595,-0.12937446,-0.06298298,-0.04358303,-0.007349788,0.029881079,-0.20670424,0.0055413703,-0.020241024,-0.036066204,-0.18336561,0.0063371104,-0.13760825,-0.035964265,-0.019624691,-0.13859653,-0.14067608,-0.052282427,-0.086075746,-0.13431987,-0.07189312,0.116319664,0.14689977,-0.043640975,0.016613187,-0.06395632,0.11137202,-0.017785413,0.020596402,0.124820404,0.13213326,-0.013993976,0.098448105,0.04927557,-0.0403108,-0.07151441,0.03785338,-0.028637037,-0.1022423,-0.055102456,0.033033274,-0.019756127,-0.118723154,0.25390294,-0.054652218,-0.082652435,0.2032207,0.0057531684,-0.13010617,-0.04505787,-0.23654893,0.03621705,0.004255641,-0.19372721,0.027807815,0.014395777,0.028873935,0.05643455,0.21114889,-0.06313463,0.14426734,-0.09178747,0.012490047,0.14367071,0.035517108,-0.130413,-0.089846745,0.07227968,0.05483793,-0.0022421388,0.10089984,-0.018716563,0.0019363567,-0.008319388,0.05092729,-0.016241219,-0.125209,-0.09030681,-0.048586175,-0.02815707
TCGA-W8-A86G-01A,0.037681557,-0.07091019,0.09515221,-0.03177811,-0.016319184,0.052120186,-0.110271506,0.0067655505,-0.03495253,-0.04071905,-0.07522338,0.0383116,0.05100119,0.2214573,0.15016812,-0.07457353,0.016282449,-0.02608592,-0.088931836,-0.19749795,-0.102974184,-0.024849202,-0.04045091,0.064086646,-0.10427169,0.01853466,-0.11931889,0.04842342,0.06837341,-0.073251456,0.065370575,-0.018891396,-0.14375502,-0.14962769,-0.16062517,-0.14851138,-0.08617255,0.008644863,0.12891437,-0.108465314,-0.08498157,0.0912211,0.07187255,-0.18921874,-0.019055104,-0.046925932,0.08700481,-0.08672212,-0.00992098,-0.004547674,0.25541544,0.008266708,0.0323287,0.09650693,-0.018943565,-0.0338898,0.048255704,0.053719614,-0.096087284,0.11227511,0.04500091,-0.07011362,-0.11598733,0.13505937,-0.07932804,0.025539326,0.15013014,0.0057902257,-0.023889335,-0.12038185,-0.07502181,0.1369239,-0.055539437,-0.11757585,0.024616735,-0.042804793,-0.18809585,0.113128364,0.18968931,0.017784815,-0.028106565,-0.11663027,-0.014349369,0.14721885,0.013190056,-0.11121848,0.015987225,0.19721676,0.20095277,-0.12150355,0.029674908,-0.13779518,0.104846835,0.0032507717,0.1818356,0.037910897,-0.099843934,-0.058624394,0.15303762,-0.095987156
TCGA-UL-AAZ6-01A,0.028464697,0.0115372725,0.07978629,0.04083413,0.087563954,0.07427359,0.004457694,0.1186874,-0.056673273,0.11825623,-0.08098983,0.081605256,-0.08716939,0.13020615,0.245944,0.0010497784,-0.018797446,0.06739082,0.012698596,-0.037754044,-0.055695705,-0.008081238,-0.053386897,0.11232031,0.057443123,-0.009345163,-0.18396153,0.026135076,-0.020481102,-0.18765585,-0.09358706,0.026281204,-0.05668732,-0.15205935,-0.19990587,-0.20675969,-0.10094355,-0.13765253,-0.029442929,-0.09986096,-0.05725688,0.06079997,0.1971447,-0.091604516,-0.1310407,-0.015928486,0.04808851,-0.07321162,0.16730887,0.072282374,0.064371705,-0.022597011,0.100741304,0.06214454,0.03938017,-0.065891735,-0.0068782736,-0.017978588,-0.12954032,0.06180247,0.041707534,-0.082155876,-0.18052416,0.07822317,-0.024903735,-0.08360721,0.04932895,-0.036294263,0.0015731631,-0.12380904,-0.117587015,-0.07080329,0.007906316,-0.19537258,0.14833054,-0.08670747,-0.031816144,0.0178854,0.1888944,0.057757705,0.0895731,-0.14474323,-0.08834879,0.10131766,0.037683964,-0.116729826,-0.12144201,0.17156334,0.1293913,-0.03769276,0.10825709,-0.15680726,0.08481812,-0.032885984,0.10342193,-0.21544507,-0.01616521,-0.028014876,0.07099154,0.0040664906
TCGA-LD-A66U-01A,0.020460408,-0.061422728,0.16945697,0.047825202,-0.00931963,-0.01537651,-0.018440561,0.048509154,-0.09324028,0.15453039,-0.062213227,0.028401822,-0.011901501,0.2639,0.15341675,-0.11668583,0.010649359,0.13512251,0.0013757843,-0.19825606,-0.058517862,-0.08614578,-0.020582642,0.09565549,-0.030511277,-0.03669731,-0.2242617,-0.023924889,-0.07026902,0.009935203,-0.18397993,-0.010667228,-0.12485145,-0.038957372,-0.12776177,-0.1286932,-0.01205845,-0.041840576,0.048212543,0.21101047,0.01237189,0.094279386,0.10419956,0.047123518,0.09426401,-0.034614425,0.05519276,0.12351035,-0.01297013,0.13259785,0.02642316,-0.009969462,0.1425066,0.11731134,-0.077191845,0.109975725,0.07383013,0.075401105,0.004787585,0.0723349,0.029814702,-0.14597374,-0.079646096,0.10336219,-0.08500599,-0.031287644,0.17773317,-0.013259239,-0.045028202,-0.040427748,-0.13584527,0.116554,0.039146315,-0.21568535,0.11062509,-0.00043772027,-0.10376447,0.016878203,0.18067944,0.0056562494,0.008728608,-0.087713264,-0.07907334,-0.06882671,-0.118958175,0.10570149,0.002169656,-0.058832087,0.22379588,-0.037620682,-0.059849136,-0.1244294,0.061431237,0.02774017,0.11688577,-0.09334206,-0.07470786,-0.17841981,0.09014603,-0.039615683
TCGA-A2-A04R-01A,-0.01160065,-0.063753925,0.23144683,0.1877095,0.02973624,0.032342125,0.041675374,-0.026999429,-0.07181072,0.116483085,-0.026715765,-0.0074542575,0.003691993,0.17196181,0.060517047,-0.08766734,-0.049254116,0.12918778,-0.09803107,-0.0868027,-0.017110277,-0.048000433,-0.015258939,0.29047027,0.053237617,0.033593547,-0.16563602,0.05291276,0.033263374,0.057563204,-0.15013291,0.10540937,-0.12764807,-0.17554659,-0.15382433,-0.09203748,-0.05089415,-0.013690127,0.07760182,-0.038284242,0.0067972546,0.08107324,0.10266243,-0.057995874,-0.05089305,-0.075185366,-0.054900456,-0.11237077,0.12764615,0.016532762,0.1781604,-0.11100474,0.06472175,0.12713836,-0.07105011,0.043528758,0.030429713,-0.033013877,0.054983795,0.102516904,0.003607892,0.032110725,-0.11969914,0.1349605,-0.10150023,0.012369052,0.11469898,-0.017518109,-0.076246366,-0.07503996,-0.20539679,0.18905705,0.0317235,-0.17633973,0.117444746,0.08429898,-0.103221916,-0.014673961,0.2417951,-0.01426438,0.07988129,0.010564009,0.08507089,-0.037182912,0.016939102,-0.07541624,0.033626102,0.10338838,0.12720668,0.024842178,0.018013602,-0.23440579,0.07518144,0.06925702,0.091683716,0.025882717,-0.06781369,-0.040554617,0.042198237,-0.0843196
TCGA-AC-A2QH-01A,0.00851335,-0.115491204,0.19287784,-0.014554734,0.05277395,-0.0013398972,-0.03719935,0.0126331765,-0.09130113,0.12626936,0.043856196,0.05942428,0.049712036,0.26622188,0.10707499,0.022880228,0.022479337,0.0924933,0.02411187,-0.11282264,-0.045178894,-0.010365005,-0.06359107,0.009783334,-0.09340957,-0.010974064,-0.28509283,-0.1045254,0.025190761,-0.05892244,-0.010576708,-0.026460407,-0.11094695,-0.13025308,-0.14545308,-0.18259709,-0.12304075,-0.028333176,-0.10966544,-0.015440943,0.016742628,0.17599407,0.13498044,-0.0632521,-0.07091969,-0.06171842,0.096753836,-0.11322409,-0.0064688977,0.09902947,0.12783529,0.00034136095,0.06303139,0.16371222,-0.084764265,-0.12860072,0.041389067,0.048495788,0.01022325,0.014290396,0.053939257,0.028053544,-0.023824358,0.17918524,-0.09901702,-0.09275934,0.2675897,-0.071989365,-0.08312916,-0.012084055,-0.1608333,0.05611814,-0.08456366,-0.21018898,0.08173499,-0.033726733,-0.11293902,0.039697297,0.13239397,0.08449486,-0.041978236,-0.13940516,0.026081128,0.015969293,0.028177477,-0.06809988,0.029406922,0.10571723,0.09129753,-0.15511714,-0.009421288,-0.10938833,0.06788859,0.08887738,0.04039533,-0.09138364,-0.029894957,-0.11784523,0.1015609,-0.12722176
TCGA-EW-A1OY-01A,0.07031409,-0.06627939,0.12763959,0.03780717,-0.05405121,0.12537612,-0.064796306,0.1558844,-0.024835272,-0.0199891,-0.110610366,-0.06531298,-0.001490002,0.2635022,0.08708444,-0.14086644,0.031508368,0.12756778,-0.07942865,-0.15368342,0.06782233,-0.027218381,-0.060073696,0.093796186,-0.05127985,-0.0089301,-0.1952101,-0.05989563,0.0692999,-0.081779845,-0.107179575,0.021392865,-0.047170967,-0.024192091,-0.14089365,-0.16769709,-0.07040388,-0.001765816,0.024642574,-0.08279044,-0.047907587,0.07294189,0.20417722,-0.05454344,-0.014285208,0.09672221,0.075314306,-0.016651336,0.00016552389,0.29524317,0.06636274,0.10455547,-0.032034647,0.20860396,-0.03094046,-0.00919332,0.040255528,0.019503586,0.015715513,-0.011023867,0.026397385,-0.021353163,-0.013417308,0.07327068,0.007209478,0.041905336,0.1578747,0.017752111,-0.06462506,0.008737204,-0.31286493,-0.014641691,-0.03849049,-0.1554431,0.088577956,0.07155503,-0.07945491,0.14361817,0.0651114,0.06986111,0.0024250338,-0.1881314,-0.022951221,0.062315106,0.057565354,-0.0573995,-0.03190188,0.1164369,0.15854095,-0.0709217,-0.021445556,-0.035250794,0.111101516,-0.05592631,0.13165824,-0.08971105,0.08942129,-0.04057906,0.20638393,-0.021702774
TCGA-D8-A1X7-01A,0.105676204,-0.024380516,0.020175248,0.11525212,0.012231441,0.092940785,0.01697572,0.036830723,-0.121342,0.12490918,-0.03403857,-0.06672613,0.07566926,0.28056732,0.030255238,-0.13213897,-0.01465733,0.05412342,-0.047002032,-0.10804686,-0.11865402,0.022823744,0.13547187,0.17548154,-0.032142054,-0.017259268,-0.16948068,-0.029342907,0.0045111505,-0.06214567,-0.15267213,-0.0033131863,-0.12743725,-0.06577417,-0.072069645,-0.15855446,-0.014437257,-0.02511766,-0.10337785,-0.04555619,-0.06558624,0.09218939,0.0817478,-0.078090325,-0.030004082,-0.004302155,-0.015217204,0.07968728,0.112956166,0.033309743,0.03524007,0.05265131,0.1088599,0.09516138,-0.093183875,-0.13693582,0.06418761,0.12057424,-0.18824871,0.048461832,0.0169056,-0.095373526,-0.037774697,0.103866555,-0.18417557,0.03731426,0.17920516,0.019086609,-0.04869192,-0.166171,-0.14734344,-0.013611883,0.051297393,-0.23974,0.16119577,0.008904786,0.020430334,0.015184697,0.20530416,-0.056475073,0.082553975,-0.06822655,-0.082616605,0.033077374,0.005320077,-0.075882174,-0.002322358,0.18333954,0.23126249,-0.09898597,-0.0171085,-0.0072828936,-0.070728414,0.11560073,0.08553837,-0.19737008,0.027379528,0.06240562,0.032129116,-0.007443925
TCGA-C8-A27B-01A,0.055265665,-0.07170306,0.043172635,0.12959403,-0.034587737,0.041370388,0.013922762,0.077400714,-0.07039071,0.105842926,0.01242303,0.030579837,-0.06554716,0.19117135,0.09928618,-0.088967726,0.058536816,-0.018898448,-0.06469205,-0.09909785,-0.13236068,-0.09619771,-0.17393048,0.039186556,0.012113587,-0.019029662,-0.19144998,0.028154708,0.086343005,0.054430548,-0.049931467,-0.014899006,-0.08618015,-0.20721622,-0.1538805,-0.24572527,0.0062958077,0.0037332529,-0.019075556,-0.10827835,-0.074935526,-0.04907572,0.14391431,-0.14378323,-0.01857053,0.044675484,0.103034146,0.0052129165,-0.024421455,0.11426184,0.06895958,0.0774803,0.049992368,0.12491036,0.011307979,-0.10513242,0.0838536,0.030883912,-0.075310506,0.017221566,0.10550629,-0.090795964,-0.16267554,0.083153315,-0.08597584,-0.010592664,0.19793528,-0.0023867413,0.03257887,0.06623395,-0.2252486,0.12798871,-0.04865613,-0.21823674,0.14649338,0.014236747,-0.07240357,-0.12157962,0.12047466,0.011159446,0.116967276,0.0066631893,0.17564312,0.024589246,-0.059052512,-0.16585743,-0.097842455,0.08960922,0.038299225,-0.110125974,0.1557168,-0.055899,0.15059319,0.17627554,-0.02446549,-0.0009181778,0.012024286,-0.06616995,-0.0068735057,-0.110228345
TCGA-C8-A278-01A,-0.007468806,0.0420459,0.16351941,0.11174617,-0.013041235,0.018569196,-0.03244863,-0.08075867,-0.06937662,0.0684334,0.01464842,-0.023399215,0.079469286,0.2821158,0.1681215,-0.10293522,-0.073175535,0.015759312,-0.009420218,-0.119901426,-0.18479107,-0.13013783,-0.1020345,0.05847165,-0.04280939,-0.0052453605,-0.29017866,-0.10656337,-0.022226883,-0.026804445,-0.15424973,0.06591052,-0.087693386,-0.17100953,-0.08304124,-0.15309344,0.016039358,0.01605923,0.028862128,0.0126727205,-0.07901767,-0.007534648,0.13597935,-0.048613023,-0.029977694,-0.015611722,0.041497868,0.033596035,0.04029663,0.14451353,0.037168145,0.10013099,0.047663104,-0.030894212,-0.006779029,-0.05918329,0.017710978,-0.027596213,-0.019733224,0.047316313,0.029460667,0.081021704,-0.031513218,0.048426155,-0.122647725,0.012660647,0.069020435,-0.0712748,-0.06727323,-0.05626987,-0.05431753,0.03544495,-0.07486938,-0.17065324,0.14063306,0.0801718,-0.023279287,0.13924608,0.12418478,0.12867424,0.003150222,-0.24312112,0.021751583,0.082407124,0.050287843,-0.054360017,-0.10558826,0.11174581,0.20426594,-0.13887331,0.082546964,-0.07135522,0.18272091,0.16818772,0.21861528,0.05520518,-0.09332248,0.039666433,0.08238371,-0.034746245
TCGA-BH-A42V-01A,-0.09829629,-0.21848668,0.072744004,0.086360626,-0.14220591,-0.008485449,-0.039298337,-0.022936655,-0.16011792,0.037599433,-0.045511886,0.008626654,-0.10048554,0.2977228,0.016550645,-0.054888397,0.03407088,-0.002880559,0.15387033,-0.06284041,0.005307398,-0.19511047,-0.077623196,0.17320155,0.023811447,-0.13305987,-0.17594022,-0.090072826,-0.0012572457,-0.0758109,-0.026868315,0.050953224,-0.14232068,-0.14286767,-0.14129049,-0.13139842,-0.02375923,0.019387087,0.051919274,0.03363533,0.03985611,0.0011977998,0.13901374,-0.12728745,0.03275273,-0.06599889,0.057387535,0.11973943,0.044856355,0.08439214,0.16866611,0.0071167434,0.054925,0.012433329,0.051096283,-0.048928197,-0.026092466,0.05221019,-0.0930345,-0.005930401,0.06062709,0.0324225,-0.026416663,0.16509005,0.007586023,-0.047685407,0.14536928,0.028599478,-0.06368357,-0.048176687,-0.1590834,0.18748452,0.11669549,-0.23339058,0.12746114,-0.018474821,-0.0013373167,0.01733093,0.17358238,-0.0017668131,0.07242953,-0.014837891,0.0917067,0.024979686,-0.15814951,-0.017915793,-0.010990149,0.10390394,0.17254712,0.05515,-0.052775636,-0.15308946,0.04708921,0.13387008,0.12729312,-0.048906494,0.00043128306,-0.07024822,0.10131581,-0.059771243
TCGA-BH-A0HX-01A,0.0019922438,0.002230249,0.011203974,0.15010467,0.016743025,-0.05774416,-0.086480424,0.08045086,0.026202593,0.069677316,-0.05287724,-0.049703784,-0.062159106,0.1393869,0.06817485,-0.031561926,0.038650665,-0.047463484,-0.027749442,-0.17883165,-0.00944075,0.0050105336,-0.15206662,0.05782852,-0.0005941464,-0.010836858,-0.2492795,-0.07945588,0.16400398,-0.090755336,-0.021581536,0.073290765,-0.13943282,-0.19141863,-0.16952135,-0.16449799,-0.12359422,0.055513494,-0.05253393,-0.032065425,0.014552135,0.01870412,0.14777097,-0.030821227,0.013889791,-0.059664663,0.13773388,0.09493189,0.08421746,0.16344316,0.089360185,-0.0366645,0.046226963,0.10354466,-0.09374434,0.10100686,0.0024627803,0.21211,-0.04116793,0.046573404,-0.1427286,0.027171087,-0.17842212,0.16764028,-0.13984026,0.0016989628,0.26017594,-0.03226379,-0.103107885,0.0051362887,-0.22878803,-0.00080653693,-0.095503524,-0.120676085,0.06882692,0.03180526,-0.00193614,0.08093273,0.15348156,0.018923488,0.025973525,-0.14174064,0.011268811,0.08613587,-0.084541105,-0.0028563756,0.03146138,0.13859357,0.041852765,-0.057746377,0.087387785,-0.122327544,0.07378069,-0.16471165,0.08401199,-0.1098336,0.056290504,-0.0033028403,0.05369355,-0.033128615
TCGA-A1-A0SB-01A,-0.02816572,-0.14556204,0.118419155,0.03655977,-0.02477503,0.10852383,-0.08975433,0.056758575,-0.07311752,0.060122445,-0.00026435038,0.10521968,0.03131252,0.237322,0.12048526,-0.070146404,0.03941034,-0.030039955,0.04479383,-0.14986607,0.042180877,0.014073368,-0.18831132,0.14584172,-0.044970125,-0.015134864,-0.057781097,0.0027707235,-0.055619117,-0.1623403,-0.075977005,-0.092947334,-0.085835926,-0.22956167,-0.09922646,-0.17691354,0.08414183,-0.047069505,-0.050068595,0.023718275,-0.044510223,-0.011977672,0.15440117,-0.05994321,0.011292275,-0.03544884,0.13657917,0.029063202,0.020892305,0.04598662,0.09627575,-0.056073505,0.0684758,0.06773461,-0.14639443,-0.019594226,0.05306224,0.13456593,0.015575904,0.041697793,0.13341103,0.06659906,-0.13368128,0.08979856,0.041823503,-0.04366826,-0.0010134958,-0.018400365,-0.05064802,-0.021815954,-0.15734823,0.10703942,0.015229169,-0.16795994,0.1590652,0.042163137,0.01970124,-0.050599035,0.2893777,-0.0447806,0.13293947,-0.093410164,-0.11686893,0.038203057,0.06396731,-0.06504378,0.035931878,0.16292986,0.1068635,-0.07269497,0.094087616,-0.1599535,0.17497109,-0.007915152,0.11253514,-0.08786821,-0.1358772,-0.045041528,0.09650138,-0.16980354
TCGA-D8-A1JA-01A,0.011458801,-0.12464931,0.1428384,0.13318494,-0.17199011,0.0058360077,0.048802525,-0.044050388,-0.051818334,0.08393674,-0.05829666,0.012159065,-0.008934889,0.17580266,-0.021717332,0.0033844572,0.064549714,0.036783926,-0.108070806,-0.06386384,-0.03727018,0.049921587,-0.0034757077,0.14594188,-0.042014208,-0.0783963,-0.19970334,-0.048454084,-0.09614226,-0.078649074,-0.1552418,0.061553217,-0.15394306,-0.18643172,-0.047028262,-0.20424685,-0.009418722,-0.0186867,-0.12997565,0.08126712,-0.006867992,0.12417894,0.09290455,-0.08853059,-0.07227599,-0.09295321,0.073943816,0.13371186,-0.0075340834,0.17185424,0.08533132,-0.026814567,0.10493875,0.12502305,-0.047428478,0.056027055,0.0030610242,-0.07509732,-0.03245721,0.16311365,0.08454379,-0.10700632,-0.0573002,0.15309277,-0.006326953,-0.020104378,0.24336673,-0.03686632,-0.019160464,0.0027913987,-0.12373188,0.052681334,-0.04117187,-0.23980384,0.21498911,0.011146823,-0.15356453,-0.036168538,0.14007877,0.043478668,-0.01314898,-0.027067756,-0.074036546,0.0054412256,-0.008735724,-0.094734244,-0.04083014,0.13246025,0.20569143,-0.042584557,0.02632613,-0.07229063,0.15248835,0.08269544,0.11509933,-0.083993256,-0.09223499,-0.07872776,0.011426223,-0.04971935
TCGA-AO-A0JM-01A,0.0072542485,-0.05893026,0.09439555,0.098695785,0.032956555,0.09214546,-0.007012317,-0.08757238,0.05123697,-0.0070367646,0.0152670555,0.014366706,0.018540196,0.23733176,0.19319741,-0.096996136,-0.019179234,-0.012476267,-0.0026082513,-0.07610204,-0.06417629,-0.073030256,-0.05015806,0.014350804,0.024827592,0.031361405,-0.3776699,-0.069946736,0.059566136,-0.032124363,-0.090725645,0.09786746,-0.05828358,-0.24659148,-0.093638524,-0.015120407,-0.09539982,0.043002766,-0.05620775,-0.019543406,-0.02138289,0.0032341396,0.16119081,-0.16056257,-0.03518506,-0.022541365,-0.031081764,0.106607124,-0.0054615783,0.15469813,0.10165452,0.0018027428,-0.082363375,0.022661654,-0.05469673,-0.07072815,0.044437215,0.103423394,0.04129904,0.05528547,0.11384225,0.05642382,-0.03852494,0.11508247,-0.03616335,0.12507373,0.15440305,-0.043755848,-0.022000637,-0.074844226,-0.151203,0.032207683,-0.051125135,-0.28411585,0.11265101,0.07824385,-0.13238724,0.10796158,0.21340436,-0.027949948,0.0016023734,-0.18405457,0.03919529,0.019310804,0.07674047,-0.03582324,0.024081452,0.04460551,0.20223483,-0.05657813,0.03163073,-0.047838595,0.09258546,0.12869732,-0.014061001,0.022490747,-0.035332337,-0.14702658,0.13325353,-0.048784923
TCGA-AN-A0XP-01A,0.022482824,-0.14579959,0.13501805,-0.006802772,0.14307924,0.21678668,-0.054204196,0.05308699,-0.08950001,0.07100429,0.03324753,-0.04893212,-0.018027455,0.20995888,0.19810377,-0.043848317,-0.068791755,0.031864233,-0.062634714,-0.15755454,-0.11362145,-0.20980373,-0.16136251,0.0019929684,-0.006693857,0.023342568,-0.25370777,-0.0071984422,-0.05381729,0.034930866,0.013123865,-0.01492608,0.026124319,-0.18858616,-0.07298308,0.02384653,-0.016474243,-0.034040164,-0.06026792,-0.033522356,-0.12972854,0.07255253,0.23768163,-0.048919436,-0.026301052,-0.037925575,0.1116946,-0.0377021,0.062444158,-0.0033231971,0.24746203,0.1543669,0.07177847,0.08490514,-0.054835252,0.07950092,0.029681293,-0.0318584,-0.09742655,0.07216092,-0.020706223,0.08965487,-0.09453966,0.12250938,-0.07711813,-0.029749757,0.20794222,-0.050673,-0.05812713,0.033970438,-0.15701258,0.043998357,-0.007418854,-0.24546725,-0.006369804,-0.044317625,-0.013783219,0.0096665295,0.24408415,0.033023898,-0.0043466194,-0.006014395,-0.005208849,0.082357965,0.01769478,-0.07311168,0.030106436,0.11322011,0.029925665,-0.04078614,0.01871349,-0.06367001,0.06330328,0.007642164,0.041922178,-0.07521918,-0.040503416,-0.09334546,0.018854696,-0.17374806
TCGA-A2-A0YH-01A,-0.03511415,0.0011828315,0.029430097,0.023459038,-0.032705795,0.11008401,-0.0967405,0.115858726,-0.02668747,0.026731517,0.010155961,0.009250537,0.031187294,0.20960438,0.095098905,-0.1235353,-0.023623778,-0.04251421,0.025848335,-0.10629457,-0.012320255,-0.03280488,-0.22633216,0.06137807,0.020777227,-0.026045958,-0.2572812,0.03536039,0.00090929685,0.06348102,-0.031951085,0.09144525,-0.035716265,-0.19867812,-0.036706395,-0.11167597,-0.026812885,-0.10319402,0.09871313,-0.08463518,-0.0001556502,0.13945793,0.18464965,-0.18348189,0.023072701,0.04439232,0.08332973,0.006690756,0.07061719,0.098534785,0.0445647,0.07233275,0.06782767,0.03448958,-0.06419407,-0.056357868,0.07125515,0.036617104,0.032462176,-0.018496718,-0.0017099109,0.048590723,-0.08320426,0.17899624,-0.04573661,-0.012835274,0.2777972,0.020244816,0.0028953822,-0.07047321,-0.23585482,0.051072206,-0.059360016,-0.27678472,0.0378204,-0.0010494587,0.08521477,0.03286386,0.23004116,-0.092258915,0.03983523,-0.13301966,-0.038361263,0.14927453,0.025778828,-0.08082475,0.015938703,0.12006436,0.16149089,-0.008509882,0.068784,-0.025301304,0.1272779,0.048889447,0.08055466,0.05519254,-0.14271137,-0.095215164,0.050964825,-0.15290149
TCGA-B6-A0RP-01A,0.04319692,-0.037861634,0.1160637,0.06742571,0.06740275,0.1347889,-0.05075555,-0.022873422,-0.11870285,0.1603195,-0.053099614,-0.044769745,0.04585386,0.110545665,0.12627336,-0.015626816,-0.02874992,0.023948815,0.102236815,-0.07198595,-0.061335515,-0.12990527,-0.071255825,-0.052710127,0.0076864786,0.043004915,-0.1888224,-0.056154653,0.09950643,-0.10259456,-0.10697601,0.023760384,-0.07581582,-0.20315662,-0.22418723,-0.13819343,-0.18523905,-0.12529425,-0.008064612,-0.026065452,0.01686232,0.13366514,0.16539326,-0.079945125,-0.106182985,-0.099619776,-0.008025002,-0.031079108,0.061689455,0.19736601,0.081672564,-0.038587965,-0.005268338,0.009879259,-0.048953988,0.009380206,0.09529975,0.026808225,-0.19231522,0.03486297,0.09865965,0.049279086,-0.10968706,0.060062706,-0.055705678,0.07512362,0.21669473,-0.1549494,-0.0536277,0.01788424,-0.1380137,0.07972965,-0.104467586,-0.17803355,0.12756261,0.009023272,0.0014112223,-0.05500071,0.23716122,0.107609905,0.027353186,-0.065701544,-0.029561864,0.011168427,0.061078068,-0.09284024,0.06268057,0.080084026,0.13296503,-0.123219825,0.0003557681,-0.04772307,0.023236088,0.06529568,0.16926935,-0.07064555,-0.1002312,-0.1240967,0.03304537,-0.14650975
TCGA-AR-A24W-01A,0.032125607,-0.012928323,0.10781858,0.10121154,-0.0021674107,0.1534014,-0.10486289,-0.01069905,0.025240313,0.15930471,-0.10498297,0.0983659,-0.042334177,0.27044103,0.08930597,-0.017807333,-0.035567295,0.14795989,0.052777372,-0.2070017,-0.1068171,-0.01102703,-0.010859552,0.17182124,-0.055334453,0.042440258,-0.12946147,-0.12106275,-0.044197813,0.008373072,-0.08282442,0.09586573,-0.07000528,-0.13686153,-0.16800046,0.0094993105,-0.073830776,-0.0017707525,0.011237468,-0.03051359,-0.036977787,-0.004671591,0.10471233,-0.12296754,-0.0056581106,-0.050261654,0.013964926,0.13157521,0.029692495,0.141345,0.09020013,-0.053083193,-0.11194786,0.012799726,-0.11807187,-0.08128074,0.13114178,0.06312586,-0.013383965,0.09584861,0.053643413,-0.036828164,-0.034721192,0.061713275,-0.09203825,0.08906595,0.14694196,-0.06692892,-0.06070027,-0.026177239,-0.1829255,0.029758977,-0.07065119,-0.25055367,0.05519498,-0.003261067,0.02584294,0.033300553,0.19660805,0.057030287,0.03324399,-0.048103962,-0.08690648,0.10659785,0.0055767386,-0.08914368,0.103075415,0.17290302,0.2563686,-0.22891489,0.033442866,-0.043701798,0.106730916,-0.058912195,0.031953514,-0.00737384,0.00012570874,-0.1571057,0.042250462,-0.08416883
TCGA-E2-A56Z-01A,-0.06778087,-0.06174112,0.24056765,-0.08042609,0.12991385,0.090744235,-0.021195825,0.035466366,-0.033595923,0.068962075,-0.07470691,0.0930426,0.008044204,0.1261803,0.19512245,-0.028762281,0.01741484,0.11612323,-0.096964344,-0.045087885,-0.05043343,-0.026447121,-0.13299488,0.04626486,0.0017336231,-0.08526435,-0.19822156,-0.016610129,0.06522833,-0.05855364,-0.07737962,0.12902778,-0.041280985,-0.20043634,-0.09136473,-0.13542673,-0.1023661,0.06976729,-0.08043324,-0.20406108,0.054162752,0.16236416,0.17741612,-0.13592613,-0.070224926,-0.01657508,-0.03756463,0.08256845,0.033268977,0.17364642,0.112803034,0.042076338,0.050190944,0.15055569,-0.028634574,-0.06331037,0.05674877,0.04705775,-0.076920934,-0.025646752,0.045683097,0.054891683,-0.09173536,0.095402196,-0.038496424,0.0015300042,0.19835268,-0.023152595,-0.12225374,0.0018837173,-0.1608162,-0.005268438,-0.040880788,-0.29120415,0.036815934,-0.17228018,-0.14835559,-0.053756267,0.20146254,-0.08786297,0.055026505,-0.0942703,0.02057857,0.03266441,0.045139126,-0.073419034,-0.06748715,0.09653949,0.1923099,-0.011418063,0.06339317,0.0024582623,0.029154541,0.008121305,-0.012195829,-0.08808007,-0.006958214,-0.048104286,0.069901526,0.0059451843
TCGA-E9-A3X8-01A,-0.079821,-0.049341027,0.06790931,0.059593663,0.021783767,0.071105585,0.05702199,0.086650066,-0.09911812,0.11092763,0.020933276,0.059353616,-0.058496345,0.2701589,0.08507036,0.05534394,0.022832599,0.106303334,0.07815745,-0.18268386,-0.07697657,-0.14690039,0.002839217,-0.05352913,-0.0994816,0.0024536187,-0.3275317,-0.07839814,-0.021409078,-0.088357404,-0.15237498,0.080488384,-0.10115455,-0.17596823,-0.17042704,-0.044268124,0.05213941,0.052149415,0.008316044,-0.045127776,-0.09573102,0.063466564,0.08731038,-0.11727284,-0.017197138,-0.05001199,0.016823351,-0.07008998,0.027243884,0.15297908,0.043543592,-0.13300565,-0.060596175,0.032200757,-0.05927862,-0.061103303,0.106935,0.0029775635,-0.0034503934,0.16245884,0.12479264,-0.041225623,-0.03866204,0.18221359,-0.053308938,-0.023898458,0.17492619,0.025740314,-0.025470553,-0.054449957,-0.04795645,0.014310663,-0.026248291,-0.25631154,-0.03760814,0.05571774,-0.16232218,-0.026868178,0.22300886,0.023041753,0.09062082,-0.053691108,0.06331992,0.08896243,-0.028066212,-0.117651075,0.02878684,0.12687825,0.23150732,-0.08297659,0.05562533,-0.042729393,-0.046310663,0.026275305,0.04832263,-0.03040088,-0.03973693,-0.085024044,0.092457734,-0.10345532
TCGA-S3-A6ZF-01A,-0.05082622,-0.11189048,0.08157637,-0.03192086,0.20080684,0.06760983,0.06231437,0.022179611,-0.08599048,0.034273844,0.010282895,0.006607692,0.08054261,0.207747,0.19760965,-0.053435355,-0.116791785,0.045385104,0.060462177,-0.079980955,-0.13492654,-0.08178405,-0.055738263,0.03011484,-0.038019165,-0.11684726,-0.1387363,-0.010503756,0.053074162,-0.014928324,-0.019142654,-0.038967814,-0.025639946,-0.18912391,0.01706024,-0.12604403,0.009914346,0.039672635,-0.075830445,0.04446308,-0.031163745,0.17077915,0.157336,-0.051728595,-0.03376017,0.018403035,-0.04894772,-0.04196747,0.103810154,0.15186605,0.039373465,0.10464328,0.00094455114,0.15059008,-0.07325143,-0.014480979,0.14772858,0.21174352,-0.035359796,0.04741758,0.019194676,-0.10140458,-0.018893693,0.084207825,-0.1838164,-0.15113102,0.19272044,0.17091617,-0.010786891,0.02438908,-0.065559484,0.04778916,-0.027706062,-0.2082726,0.08461102,0.10128372,-0.07705104,0.03362053,0.21182269,0.060396466,-0.07616617,-0.15368715,-0.071857244,0.10503918,0.00801656,-0.10771144,0.11946823,0.03322715,0.1313072,-0.09876872,0.08396914,0.0010790775,0.21324444,0.12225036,0.14886591,0.042460617,0.009437686,-0.060629275,0.03870457,0.042543907
TCGA-GM-A3XL-01A,-0.15264206,-0.08525477,0.13728759,0.17951027,-0.03916394,0.05870702,0.07082834,0.04422078,-0.1108513,0.01885678,-0.024685621,0.034122042,0.111246124,0.28989798,0.03730825,-0.098230205,0.06362069,0.11458098,-0.02776703,-0.14235137,-0.01176861,0.062850654,-0.11061177,0.096940584,-0.051014964,-0.0758417,-0.25489005,0.013909312,-0.014795381,-0.07470183,-0.038907442,0.013155404,-0.02126834,-0.07470181,-0.08723588,-0.13809271,-0.003842295,-0.048033107,-0.09817863,-0.019402374,-0.04836961,0.07507503,0.060964584,-0.11374879,0.014729755,0.074808486,-0.057793017,0.098871455,0.16159202,0.10834453,0.09124969,0.059383944,0.054263454,0.086557575,-0.1440502,0.011551261,0.1461495,-0.04265979,-0.18911472,0.08953692,0.05183872,0.036004256,-0.1875475,0.035725333,-0.06080936,0.01980353,0.23693223,-0.026230698,-0.12291601,-0.052630056,-0.14353956,0.02196849,-0.040724646,-0.17641906,0.21467814,0.037646513,-0.06132568,0.19003235,0.12132527,-0.09291247,0.04736948,-0.04259895,-0.0042527593,0.06281377,-0.04569449,-0.10476521,0.022990832,0.081999816,0.1797461,-0.062093385,0.07785288,-0.04367698,0.09539255,0.0031884147,-0.0036446422,-0.15121119,-0.07625434,-0.080003835,-0.036856648,-0.033825252
TCGA-AR-A24X-01A,-0.06202837,-0.14566582,0.11347891,0.12609763,0.029602773,0.027628321,0.03114895,-0.03455903,-0.052945286,0.093711734,0.08510366,0.021150189,-0.011655177,0.20461884,0.11984931,-0.10219058,0.05984334,0.00022549226,0.009186994,-0.150417,0.002437681,0.037100613,-0.06446223,-0.0001855892,0.08630009,-0.083772376,-0.17129196,-0.03852699,0.048539083,-0.12596962,-0.093382396,-0.008075606,-0.07568176,-0.22757313,-0.1480315,-0.088108316,0.022567207,0.007638027,0.031957503,-0.08433911,-0.04598823,0.013444095,0.19332977,-0.06296585,0.03663587,-0.03987528,0.04259431,0.029732216,0.01925172,0.19988258,0.13048358,0.019190844,-0.14710754,0.11106664,0.071589105,-0.011036616,0.018998351,-0.056533497,0.07354225,-0.0048540807,0.037951406,0.12104749,-0.122861855,0.106076,0.0028080929,0.11395874,0.09141998,-0.028797187,-0.100362055,0.008928096,-0.074113354,0.054912966,0.009507084,-0.3309713,0.062374964,0.05495275,-0.029118584,-0.011831519,0.1963536,-0.10153244,0.03116363,-0.06871331,-0.0885387,0.1349289,0.0720595,-0.10940069,0.07651679,-0.069738545,0.27029112,-0.04859138,0.04048023,-0.025982976,-0.014096396,0.010641847,0.2605079,-0.13907875,-0.008627105,-0.0029904642,-0.036260404,-0.15842967
TCGA-BH-A0E1-01A,0.04152344,-0.10265146,0.12794226,0.12592076,-0.13117436,0.18713364,-0.052236985,0.0109976055,-0.0955517,0.14146274,0.0814253,-0.04006511,0.10191916,0.25962856,0.14254859,-0.0071025314,0.07088289,0.028305326,0.076619804,-0.1888545,-0.14486612,-0.1124959,-0.08895315,0.0837169,0.03195315,-0.115601555,-0.11565136,-0.057621438,-0.12156451,-0.082025856,-0.04166614,0.076516196,-0.09575103,-0.1635447,-0.13650207,-0.09771117,-0.12843053,-0.012927452,-0.004715447,-0.07151685,-0.13724317,-0.042555735,0.13380596,-0.10820562,-0.008049364,-0.08400863,0.0059620906,-0.024793215,0.091680765,0.06463847,0.17739663,0.04915774,0.08859111,0.018496104,-0.024722647,-0.1568247,0.080120794,0.05376546,0.012538849,-0.023723306,0.17406087,0.13255915,-0.16720024,0.092601895,-0.06558035,-0.0049454034,0.11291853,0.025853677,-0.17111112,-0.004440314,-0.21934399,-0.00024885617,0.043933194,-0.13959245,0.19198295,-0.06610746,-0.0691021,0.08379203,0.11500169,-0.12782943,0.010595072,-0.024793057,0.010164204,-0.0040858793,-0.07167723,-0.02066205,0.033922125,0.050563995,0.115498245,0.015370027,-0.0078981025,-0.1641465,0.032399498,0.15669389,-0.0027629565,0.05503385,0.08905933,-0.043213356,0.0079164,0.04700866
TCGA-E9-A22H-01A,-0.059320204,-0.028796593,0.20447336,-0.006202224,-0.018427825,0.11784116,0.023985714,0.042488214,-0.13230975,0.1548639,-0.001049729,-0.035609875,-0.012966896,0.2055297,0.15393038,0.041217428,-0.08229812,0.08792258,-0.012226984,0.04148209,-0.19069716,0.012688165,-0.071594596,0.07562174,-0.06742497,-0.07739015,-0.14981215,-0.061317895,-0.1079405,-0.14049794,-0.1006229,0.030633666,-0.1615246,-0.095140316,-0.10377436,-0.06990391,0.09210849,-0.021737618,0.07291818,-0.06404857,-0.08943465,0.1079129,0.17761947,-0.21842475,-0.024923196,-0.040695734,0.12879603,0.0656642,0.17993513,-0.034103673,0.07078129,-0.021448817,0.10581759,0.07738158,0.027028125,0.1712212,0.05407774,0.024434013,-0.104056634,0.05989268,-0.011602668,0.048480473,-0.026177345,0.03010697,0.05719862,0.046795573,0.15611532,-0.0054500527,-0.06158915,-0.068815365,-0.17199984,-0.0023370644,0.12230209,-0.2360263,0.12480062,-0.015035814,0.09952955,0.0061916276,0.15700492,-0.15639703,0.18280819,-0.014813942,-0.11617875,0.046873417,-0.028965382,-0.1722209,0.07677264,0.07952454,0.10817928,-0.015126599,0.04054815,-0.026350442,0.13839807,0.11327936,0.041385245,-0.0716478,-0.11163887,-0.09705198,0.006545371,-0.060068067
TCGA-EW-A1PB-01A,0.020542063,-0.07697586,0.2652294,0.057979282,0.0115291,0.04605615,-0.038137395,-0.0343634,-0.14134684,0.07014663,0.0035396311,0.10812235,0.047446057,0.13882881,0.012214179,-0.07902017,0.02711341,0.06277248,0.13816866,-0.13776325,-0.114697315,0.0010306571,0.04095424,0.1308943,0.109939985,-0.03626419,-0.24961314,-0.03977806,0.007044582,-0.10358448,-0.15323284,0.023162203,-0.14427012,-0.08055573,-0.17587805,-0.08560355,0.089248,-0.10273961,-0.119546734,0.002285845,-0.12613322,0.021792458,0.1623887,-0.06286479,0.0030710942,0.06545011,0.17808984,0.07816997,-0.09787385,0.07303529,0.21145377,0.028568761,0.118903056,0.0064273514,-0.012603108,0.006777205,0.13045548,0.07320726,-0.104492255,0.10614136,0.12625419,0.0047633145,-0.11114072,0.08416791,-0.16299452,-0.0216673,0.0931215,-0.039267227,-0.2359227,-0.054173056,-0.15211584,0.06384951,-0.006220223,-0.15961981,0.079305075,0.05805928,-0.13490778,0.110487975,0.17569992,-0.057983756,0.04327384,-0.06624124,-0.07989639,-0.06064317,0.03298807,-0.05356939,-0.06896007,0.049689386,0.04466762,-0.0041289497,0.1455163,-0.026642323,0.042868037,0.015121126,0.1110503,-0.12352837,0.078240596,-0.014493507,0.07391801,-0.07750774
TCGA-BH-A0B5-01A,-0.09380461,0.033210095,0.08061494,0.08785312,0.0039218706,0.06380266,-0.021832572,0.060594145,0.084936954,0.018034982,0.045380063,-0.10920295,0.00015770296,0.14643838,0.17345409,0.0021985108,-0.11052813,0.03314882,-0.014395821,-0.066705,-0.060427677,-0.049660068,-0.030622492,-0.027566567,-0.07016978,-0.031124843,-0.25435534,-0.06918742,0.07942845,-0.12635653,0.06271877,-0.023765048,-0.05865648,-0.1862449,-0.2018382,-0.057191562,0.0074872873,-0.040710315,0.0027815492,-0.09106487,-0.019210713,0.062731706,0.042671554,0.008251579,-0.07106504,0.0019351159,0.092659466,-0.06966678,0.022913568,0.06697985,0.01566475,0.03247886,0.034794584,0.15452395,0.0069771176,-0.009372554,0.048759926,0.14442505,-0.020389892,0.011720692,-0.044479582,-0.02818595,-0.04456207,0.102331355,0.01716495,-0.014445097,0.22163549,0.17990297,-0.19035275,-0.06319065,-0.16849162,0.034311865,0.0075025284,-0.3220685,0.10072461,-0.0018226113,0.027075917,0.042453997,0.23568583,0.03043953,0.10523472,-0.069315076,-0.016734783,0.16622423,-0.02270379,0.02472137,0.11526869,0.15225327,0.2134197,-0.06941043,0.11452548,-0.07035222,0.20963164,0.046899885,0.1812359,-0.1552245,-0.037967544,0.010632727,-0.007924261,-0.0031516587
TCGA-OL-A66N-01A,0.022502847,-0.032099653,0.15307009,0.1555968,-0.042977445,0.0049229227,-0.0427754,-0.022994587,-0.025792973,0.034730274,0.049628057,0.06873532,0.07488868,0.1957349,0.0683572,-0.05529494,-0.0805433,0.016565494,-0.033148304,0.061575253,0.0025539561,0.024102654,-0.124643855,0.12590353,-0.018261967,-0.044839524,-0.1731044,-0.043240167,0.01969725,-0.083150774,-0.05029553,0.014512377,-0.11333045,-0.19574513,-0.15866078,-0.17913686,0.007905399,0.10447376,-0.07323366,-0.06643771,-0.12630308,0.17914695,0.14226167,-0.010552811,-0.047653973,-0.014840188,0.059208587,0.022623595,0.047260217,0.11831275,0.051882256,-0.010710758,-0.011556326,-0.015833946,0.026262952,-0.101631135,0.09205956,0.08734826,-0.0678544,0.042841848,0.040693,-0.03838429,-0.18651184,0.14391066,-0.10035581,-0.013659013,0.268316,0.012088125,0.0008979611,-0.04768441,-0.28392518,0.046850193,0.0010083086,-0.17856246,0.16604108,-0.06365767,-0.034045115,0.006332074,0.17512368,0.03809881,0.0084051555,-0.06987494,-0.0007065831,0.10806174,0.100367635,-0.047289494,-0.023079637,0.23241794,0.12436233,0.07782159,0.09808866,-0.011959735,0.17442274,0.1413759,0.09651928,0.041787546,-0.14447926,-0.08182451,0.1059037,-0.054754052
TCGA-AR-A251-01A,-0.024682041,-0.055818383,0.021115022,0.055314433,0.0056496947,0.14256167,-0.10512297,0.11874141,-0.08556739,0.05608897,0.07059379,0.06932224,0.12626873,0.2216568,0.13600446,0.013230284,0.02056101,0.115811236,-0.0006732869,-0.13491696,-0.1767298,-0.13210571,-0.13503537,0.05630249,0.088674836,0.0034382164,-0.26216826,-0.014430918,-0.06362213,-0.086366415,-0.04514827,0.035262752,-0.032239243,-0.16067787,-0.11484583,-0.09951969,-0.075821094,-0.09025568,-0.15199478,0.05944448,0.03851229,0.054012623,0.17054877,-0.057622276,0.04743396,0.0038704004,0.12353852,0.034285586,0.025083004,0.1497635,0.09934103,-0.01972571,0.110119246,0.074154705,-0.15977062,-0.07966075,-0.046861038,-0.011387391,-0.03436986,-0.08595981,-0.00971465,0.08719078,0.0020105506,0.13530229,-0.047172904,0.030209392,0.12520418,0.010685273,-0.0702675,-0.11767602,-0.23901235,0.05772237,-0.01895326,-0.123696126,0.1842992,0.0530847,-0.005680063,-0.0859199,0.16614108,-0.024164276,0.06523015,-0.13696478,-0.062491048,0.016218588,0.008560178,-0.079296805,0.06914265,0.115647525,0.118502684,-0.14571357,0.2214963,-0.013800837,0.1639976,0.0762512,0.090362124,-0.117227696,-0.039713264,-0.006105012,-0.034968484,-0.06262085
TCGA-S3-A6ZH-01A,-0.0694722,-0.1234905,0.16182604,0.054064725,-0.06286006,-0.0036000477,0.046449613,0.051865127,-0.031119104,0.16211158,-0.07298659,-0.12333604,-0.074178256,0.17807356,0.07385804,-0.11329303,0.014801273,0.03392896,0.026571464,-0.028679993,-0.19731909,-0.012988632,-0.037196733,0.079351455,-0.09438119,-0.1521517,-0.1799406,-0.060103733,0.014465194,-0.039275862,0.011191409,-0.006974874,-0.13231476,-0.16084766,-0.08119159,-0.047361773,0.062507935,-0.031012246,-0.047960564,-0.07603641,0.00051534653,0.08807968,0.039553933,-0.08499582,-0.08000781,-0.046821855,0.106987156,0.017556556,0.06462624,0.20680144,0.08672768,0.024325274,-0.022558197,0.033140384,0.0022737219,-0.009842808,0.04233603,0.0017927241,-0.1606354,0.0011925409,0.08575162,0.09718396,0.008314988,0.24852842,-0.08442073,-0.14360312,0.19628896,-0.07849006,-0.14133543,0.106853746,-0.097626776,-0.11118115,0.04413645,-0.17469895,0.12738773,0.020008774,-0.005253208,0.15159644,0.26908982,0.12580077,-0.003817435,-0.19483404,0.09677613,0.033179436,0.05833832,-0.114447474,0.004279168,0.029676873,0.1545167,0.030287676,0.013291352,-0.008844066,0.081199795,-0.07768819,0.14243264,-0.07549752,-0.05157982,0.030039746,0.07822245,-0.16953328
TCGA-BH-A1EN-01A,-0.033901565,-0.025030382,0.06308546,0.09152979,0.06656919,0.09223434,0.143546,0.13840875,0.033891633,-0.04429527,-0.009917991,0.061453067,-0.0711452,0.24501507,0.09627407,-0.06625806,0.009190895,0.098485045,0.029094452,-0.049061537,-0.035126444,-0.25929296,-0.103848785,0.014139828,0.0101529155,-0.04716404,-0.2606186,-0.09996747,0.048026018,-0.11375438,0.049460392,-0.070792556,-0.16253726,-0.1783401,-0.17964356,-0.14100784,-0.045148883,0.054871425,0.030045405,-0.01228632,-0.015590909,0.104900435,0.27267298,-0.11341791,-0.048066508,-0.04113247,0.063110314,0.05050931,0.0029398415,0.07513045,0.05864136,0.030862752,0.080443665,0.034411117,-0.056085203,-0.086314626,0.05346828,0.0661496,-0.1376934,0.005806883,0.0465858,0.11045841,-0.04370675,0.045014642,-0.05595096,-0.104703434,0.3693796,0.06503307,-0.044938024,-0.07683819,0.00063693343,0.111796096,-0.0040669907,-0.19209841,0.1642514,-0.034962323,-0.06311428,0.05769824,0.1202163,0.017260011,0.005531346,-0.016834328,0.0014315372,-0.007887971,0.09464345,-0.114898,0.059746623,0.10968719,0.08590708,-0.02694718,0.04335278,0.030338513,0.06701946,0.05531079,0.14390853,-0.029293532,-0.010560885,0.054690473,0.05812364,-0.08166339
TCGA-A2-A3Y0-01A,-0.0028600655,-0.07027508,0.16215931,0.08223497,-0.048496634,0.1735284,-0.022858392,0.0040405574,-0.01005368,0.101404265,-0.0054335403,-0.0041004475,0.038096514,0.2099091,0.15930249,-0.06801102,-0.013490144,-0.052598782,0.07944577,-0.19711566,-0.03075386,-0.066526525,0.10091479,0.19500369,-0.016616223,-0.03736198,-0.23975448,-0.010012465,-0.020407977,-0.16563676,-0.030414505,0.07257905,0.005429162,-0.26765037,-0.14092508,-0.039712112,-0.14169092,0.005832512,-0.063859746,-0.057097215,0.002416576,0.08027823,0.036338773,-0.057540704,-0.074137084,-0.029704733,0.13214183,0.04372804,0.14658748,0.1259998,0.16365263,0.037109774,0.055609785,0.050985076,-0.018668357,-0.023494339,0.06603348,0.16720092,-0.016499195,-0.10593473,-0.02867797,0.0077438974,-0.013358344,0.11329139,0.003952128,0.07213388,0.2444387,-0.014984672,-0.07914225,-0.04733913,-0.1492142,-0.017099632,0.02195387,-0.2108493,0.09048872,-0.030612629,-0.117493644,0.062194057,0.102078184,-0.097962394,0.11153765,-0.1195008,-0.019092416,0.016990375,0.06265376,-0.12817319,-0.1075027,0.07785933,0.17058903,-0.024473475,0.08391593,-0.19070601,0.119953364,0.024062939,0.0054529295,0.028686583,-0.072222404,0.021190474,0.013442233,-0.11273342
TCGA-AC-A5EH-01A,0.054932617,-0.07149818,0.16558477,-0.012018519,-0.007423888,0.06704913,-0.012370793,0.080202535,0.0024138358,0.2067137,0.050461035,0.14654686,-0.00012449853,0.18398939,0.2803473,-0.0928591,0.005802702,0.026043486,-0.09318147,-0.100193895,0.0588861,-0.03186256,-0.11302598,0.01420241,0.0075484505,-0.008027337,-0.1296438,-0.08018785,-0.051998727,0.0053724498,-0.17004624,-0.017355971,-0.015595964,-0.18247442,-0.10282063,-0.0677323,0.066927105,-0.037781373,-0.124800436,-0.11964215,-0.07487903,0.113666415,0.042614345,-0.1417441,-0.052466225,-0.039704703,0.13350792,0.017079027,0.0483491,0.20201123,0.041786503,0.0339174,0.07925793,0.11533294,0.10125493,-0.004675996,0.058927376,-0.0014782299,-0.001889965,0.17165671,-0.031515077,0.00044571815,-0.05170911,0.0767901,0.05036551,0.056517094,0.2588253,-0.0030040941,-0.10369547,-0.00860448,-0.18049066,-0.010906315,-0.040306654,-0.17960346,0.14306684,0.025959559,0.0163155,0.10106131,0.08115475,0.08993926,0.030355046,0.0015665223,-0.033183154,0.015289668,-0.027230455,-0.26333964,-0.0011209835,0.06793851,0.21109438,-0.028391639,0.055263173,-0.13396245,0.109124444,0.1335115,0.10480191,-0.11635194,-0.027481714,-0.031319775,0.07686065,-0.07546718
TCGA-E9-A1NF-01A,0.053507883,-0.13049285,0.04279929,0.10027402,-0.052339558,0.108720094,0.06258813,0.05634131,-0.0755965,0.09924626,0.0090243835,-0.07820198,0.035755727,0.28990775,-0.021065727,-0.18838713,-0.0926382,-0.050236836,0.08910264,-0.072596274,-0.060646225,0.0028853856,-0.018238124,0.043502502,-0.06758723,0.16210952,-0.22815253,-0.06936833,-0.0170164,-0.14650963,0.04378304,0.053511057,-0.12395837,-0.14286572,-0.15494804,-0.064335994,-0.088337325,-0.0051205875,-0.036352072,-0.105566554,0.001940248,0.013142086,0.16678669,-0.10608042,-0.05851907,-0.020594902,0.08133461,0.020496756,0.101575136,0.0391355,0.10660023,-0.11673342,0.12801197,0.08263594,-0.084192835,0.009303435,0.07174412,-0.05567225,-0.14986628,-0.005373799,0.01031454,-0.0063155703,-0.030154554,0.094865024,-0.020946508,-0.027242675,0.20705172,0.0012166464,-0.058126137,-0.01551742,-0.28081316,-0.0098635955,0.057364374,-0.20847838,0.15066536,-0.13052113,-0.06301407,-0.032363914,0.1133713,0.020895567,-0.010369219,-0.1107092,0.041600317,-0.049635626,-0.09855618,-0.054374594,-0.006082282,0.042877924,0.11901691,-0.085312605,0.04255716,-0.16249767,0.1532903,0.14381237,0.058276623,0.00571283,0.031012874,-0.055172853,0.11874325,-0.19698502
TCGA-E9-A1R2-01A,-0.10294385,-0.03557946,0.15022492,0.07284717,0.04382172,-0.0632881,0.07206051,0.05712968,-0.16195886,0.011237798,-0.00724447,0.09804635,-0.13079363,0.0995745,0.22463587,-0.069332786,0.05028234,-0.010879577,0.051262632,-0.17752165,-0.07255535,-0.042548787,-0.09895789,0.09378035,0.11330643,-0.1231412,-0.12763289,-0.086732045,0.08956255,-0.06966703,-0.10717612,-0.05654455,-0.158224,-0.13100101,-0.13092308,-0.12388989,-0.04229027,0.085979074,-0.19954467,-0.06851743,-0.025494399,0.061128296,0.096193306,-0.111085,0.055132475,-0.00396288,0.047625348,-0.065369375,0.105625264,0.08102581,0.0425054,0.04378674,-0.019409453,0.09140131,-0.047628447,0.090215534,0.12230862,0.04806351,-0.0039957506,0.032836728,0.16760834,0.004594556,-0.122611344,0.2978564,0.026102008,-0.008130739,0.08015468,0.053652532,0.004736032,-0.013653977,-0.16666922,-0.04856537,-0.035552915,-0.11806341,0.17699023,0.0015350889,-0.071315184,0.026628276,0.1312491,0.0073340265,-0.051208284,-0.12162294,0.07822548,0.13227744,-0.047158,-0.12348704,-0.053744685,-0.0053567328,0.14003724,-0.09483017,0.14622074,-0.13719404,0.17191225,-0.11071682,0.13328986,0.13496016,-0.04771663,0.0014355788,0.10249788,0.012931161
TCGA-AR-A1AI-01A,0.035423785,-0.17022099,0.13064186,0.030015076,0.10716817,-0.00030043104,-0.06436598,0.029822107,0.032153953,0.13120353,0.09045692,-0.102731705,0.028806493,0.32895947,0.09506624,0.04007806,0.034073964,0.042652514,0.007797778,-0.113387235,-0.0271705,0.010642259,-0.098702274,0.06128997,0.06292337,-0.101262294,-0.14490564,0.006868733,-0.0142544005,-0.18453558,-0.0031455995,-0.0105931265,-0.045835316,-0.13336001,-0.16006659,-0.17452371,-0.029180117,-0.002822532,-0.13142268,-0.019280456,-0.08833391,0.0955167,0.110326715,-0.121884376,-0.16491215,-0.07197424,0.07966038,-0.054799918,0.031572096,0.07629193,0.10750439,0.024050802,0.13856095,0.20321971,-0.05606219,-0.086687446,0.07451545,0.07678546,-0.074758604,-0.046703905,0.1086441,0.045685753,-0.028846731,0.10416216,-0.021589553,-0.055308666,0.27906096,0.019602684,-0.02397288,-0.03485488,-0.03829169,-0.012763154,0.0068742232,-0.1689295,0.123816974,-0.09492007,-0.06962181,-0.009353932,0.24471678,0.03161625,0.009100909,-0.06167571,-0.10653334,0.02937818,-0.034222756,-0.08894718,0.059020005,-0.026642289,0.15526521,-0.18254112,0.124805786,-0.088439204,0.09040819,0.04735458,0.14089686,0.046781242,0.042910334,0.11694649,0.03823781,0.009657935
TCGA-E9-A1R7-01A,-0.03992461,-0.117927425,0.1878703,0.016723802,0.042438723,-0.017737495,0.032612924,0.055709314,-0.04698731,0.014955196,0.07055562,0.14077716,-0.11876724,0.19369313,0.1522465,-0.14046103,0.039536994,0.05523606,0.023709655,0.0057824138,-0.13637455,-0.035916176,-0.013041515,0.12016449,-0.09916506,-0.1208049,-0.1558875,0.03465327,-0.052628808,0.039430957,-0.07144345,-0.054101434,-0.1834217,-0.2289364,-0.060368,-0.094647594,0.034735657,0.023710908,-0.0092095155,-0.08646677,-0.114964694,0.15126505,0.091816075,-0.03664881,0.041772086,-0.07560087,-0.14542577,0.06465061,0.09390207,0.122841656,0.1573223,0.07618616,0.046404336,0.041114546,0.10900272,0.06576753,0.038187,0.050300352,0.017026337,0.003974114,0.1382529,-0.105566874,-0.08163556,0.07494755,-0.10329556,-0.011939826,0.24745382,-0.0034860426,-0.053433783,-0.015924914,-0.17810622,-0.01992243,-0.0027921211,-0.23375991,0.21039766,0.08982712,0.029087577,0.009169762,0.13654171,0.012703755,-0.05097123,0.004201948,-0.034084037,0.13000432,0.1383149,-0.040606163,-0.033404604,0.040030286,0.19105457,-0.103959255,0.011740896,-0.014531348,0.14977907,0.058845352,0.10406892,-0.08917908,-0.028507415,0.05723714,-0.122434996,-0.14592128
TCGA-AC-A23C-01A,0.11949726,0.04399851,0.14926489,0.10359058,0.02935217,0.13363686,-0.0016291618,0.024227493,-0.15160389,-0.010472163,-0.058376577,-0.02781918,-0.06494862,0.37237883,0.20833269,-0.11523022,0.020760925,0.05318598,0.022142682,-0.12303941,-0.04758285,-0.07955198,-0.036681894,0.21491499,0.030803192,-0.07588783,-0.16574627,-0.09297439,-0.03785599,-0.11590347,0.003745502,0.032382954,-0.08476803,-0.075693585,-0.14018652,-0.16361882,0.0461511,-0.05794449,0.014257051,-0.12307348,-0.039573114,0.10353623,0.025189947,-0.0694848,-0.058201365,-0.025462542,0.12255929,-0.012835075,0.037474126,0.022480598,0.12634015,-0.107742034,0.0014435351,0.0739699,0.0034377663,0.011112031,0.07138341,-0.026215004,-0.16322961,0.072151266,0.117372036,-0.047313392,-0.15962164,0.15301412,-0.02412405,-0.059288323,0.20573843,-0.04086851,-0.1469372,-0.08495519,-0.11003658,0.0317361,-0.03718529,-0.14089344,0.0717118,0.008375207,-0.07547334,-0.1335618,0.16360416,-0.023372073,-0.06974856,0.0043011685,-0.087213404,0.0880199,-0.048277,-0.059010077,-0.012187804,0.018887095,0.17125285,-0.18186158,0.037790313,-0.13026525,0.040535904,-0.045222003,0.07548825,-0.08542226,-0.02582155,-0.115101896,0.0992246,-0.031141505
TCGA-B6-A0RV-01A,0.055911724,-0.19087356,0.14112799,0.06616144,0.055684917,0.15434168,-0.1430929,-0.028614769,-0.050344583,0.14412473,0.012106148,0.07965278,-0.078685485,0.22105044,0.042881586,-0.015745483,-0.030270208,0.054162376,-0.10767217,-0.14263976,-0.014391022,0.10825277,-0.10054658,0.07117558,0.0021102612,-0.026408255,-0.23631269,-0.03757203,-0.047068838,-0.06856592,-0.045664575,-0.024426252,-0.121757574,-0.16553694,-0.1394904,-0.13484788,-0.03606218,0.018816473,-0.077650025,-0.09988185,-0.02350862,0.05717277,0.09009542,-0.15309866,0.03632176,0.09362864,0.036303114,0.06418774,-0.049748622,0.15081069,0.115848,-0.009450227,0.0537276,0.09646714,-0.10037364,-0.009070353,-0.06089435,0.098936185,-0.041649207,-0.09903261,0.011965301,-0.03749044,0.005801687,0.27267444,0.017975599,0.09796991,0.09484801,0.08607559,-0.122883104,0.09160434,-0.2535613,0.11652183,0.11860119,-0.2025694,0.08518632,-0.038595166,0.030983122,0.102779485,0.099193126,-0.13437946,-0.047343824,-0.038108535,0.04315024,0.12781477,-0.070230745,-0.03185773,-0.025191057,-0.017927283,0.12766826,-0.008922224,0.04239402,-0.12224415,0.09882076,0.0758823,0.07679708,-0.07935913,-0.0044286344,-0.1434497,0.13110763,-0.041055594
TCGA-LD-A7W6-01A,-0.089053646,-0.1340969,0.043853268,0.08561592,-0.023393657,0.1432777,0.048337564,-0.00044916326,-0.057257403,-0.030081145,-0.060532637,0.066351414,0.054679696,0.16590913,0.1591722,-0.015201946,0.085119694,-0.032371145,0.099201135,-0.029808786,-0.096050814,-0.047645815,-0.14948253,0.11050538,-0.24945854,-0.107469745,-0.185331,0.0683943,-0.03716155,-0.2269798,-0.1475266,-0.067308776,-0.13806586,-0.2158204,-0.115671895,-0.012339811,0.0495006,-0.06853373,-0.1061026,-0.0709811,-0.09990136,0.1111654,0.13903601,-0.12965687,-0.063289344,-0.05135891,0.05791692,0.057964753,0.09198845,0.10980039,0.078363955,-0.07581305,0.054615803,0.14085808,-0.086731814,0.04812699,0.20160952,0.1244291,-0.07898284,0.022805471,0.024197407,0.063080825,-0.10705063,0.1879175,0.07406738,-0.06573803,0.22458526,-0.047768462,-0.11915836,-0.0039062293,-0.1670584,0.015776878,-0.050081152,-0.15677302,0.14360127,0.010576759,0.0131335575,-9.794268e-05,-0.007921949,-0.047319554,-0.007440879,-0.104511894,0.013928205,0.08715857,0.058459338,-0.038087405,0.03337098,0.06972509,0.13096875,0.04616458,0.099684425,-0.108612016,-0.0014416453,0.0040571513,0.047505654,-0.10431183,0.070430905,-0.07971641,0.084711805,-0.06925685
TCGA-C8-A8HP-01A,-0.06894247,-0.04333524,0.13051793,0.006205779,0.01968946,0.061659276,-0.013076522,0.032063995,-0.13766979,-0.014641831,-0.10724398,0.012767957,0.12879404,0.23242807,0.12324569,-0.13359839,-0.01901522,0.13275254,0.13843778,-0.0954733,-0.046680965,-0.08506153,-0.10193024,0.114536956,0.079011254,0.10052633,-0.16856459,-0.032921355,0.06656279,-0.12452063,-0.018761469,0.036268037,-0.09429227,-0.09259578,-0.16919127,-0.23036548,-0.025372356,0.04974079,-0.04647249,0.039674405,-0.11241016,0.023231434,0.0142385885,-0.1254405,-0.01596225,-0.034669712,0.05562784,0.07609261,0.03336488,0.06032933,0.08061377,-0.04007701,0.12530707,0.07407618,0.057034165,0.066171855,0.1065946,0.09799697,-0.033559576,0.03589949,0.07001601,0.04067711,-0.13376096,0.068877175,0.10727165,-0.034185383,0.18807282,0.087168366,-0.08422838,0.033378683,-0.13920267,0.043863006,-0.01035368,-0.21137486,0.2575169,-0.075898565,0.002591664,0.042757805,0.18195462,-0.06764518,-0.05463272,0.013963962,-0.04956279,0.09995202,-0.04988854,-0.04460305,-0.057090838,0.13898316,0.08864584,-0.09072204,-0.009561396,-0.15922175,0.18930939,-0.00094907905,0.17113759,-0.14184059,-0.11071907,-0.12552553,0.10238815,-0.024057107
TCGA-A8-A0AD-01A,-0.0014625959,-0.08779748,0.09193511,0.007496069,0.009887543,0.11903091,-0.07049091,-0.0002937211,0.031349592,0.055876706,-0.08711435,0.02177743,0.10744683,0.2487078,0.20857714,-0.048555505,0.021083321,-0.006575055,-0.045914892,-0.22352722,-0.11346397,0.055956684,0.055437915,0.1269075,-0.08663798,-0.046675898,-0.14459246,-0.08175311,0.031074421,-0.20196371,-0.020963047,-0.012451369,-0.05045707,-0.24156968,-0.1549505,-0.11852279,0.04681797,0.0045828465,0.0028699418,0.06491931,-0.03164373,0.11221853,0.04464635,-0.05592917,-0.08056777,0.05491714,-0.020051073,0.07311667,0.122140795,0.09635511,0.16532828,0.015146739,0.007109888,0.14021097,-0.03412563,0.008978714,0.12814078,0.032695062,0.025858872,0.021395937,0.055554062,-0.06718096,-0.02085704,0.14440902,-0.15243517,0.048519146,0.18648468,0.10145186,-0.08814483,-0.045975946,-0.17244661,0.008840451,-0.08210423,-0.30574667,0.07883331,0.022639515,-0.055429973,-0.030911392,0.25909725,-0.15677138,-0.05781298,-0.02550594,0.08897267,0.008471039,-0.04098699,-0.09976381,0.03129432,0.030951789,0.06669647,-0.063171625,0.08235115,-0.086759835,-0.03206029,-0.023473162,0.14202613,-0.12132202,-0.039562635,-0.06787444,0.006289727,0.046165593
TCGA-B6-A0X4-01A,0.024077179,-0.14401056,0.07700628,0.08150124,0.033820633,0.19491865,0.06777101,0.030077852,-0.04481255,0.13000844,-0.01786721,-0.07798548,0.022028033,0.289169,0.19305938,-0.075924374,0.06185781,0.061612483,-0.022714743,-0.26744398,0.046331488,-0.042718243,0.02358429,0.049704716,-0.01607149,0.06265612,-0.08482428,-0.030766474,-0.022503959,-0.060445536,-0.07837465,0.0705135,-0.11779057,-0.19257845,-0.10635234,-0.03407691,0.0078361,0.023320826,-0.09131639,0.037459385,-0.014441258,0.079902865,0.24263847,-0.11366602,-0.009195078,-0.06049988,-0.032803856,0.18259166,0.08642225,0.16858584,-0.047926556,0.09331895,0.034268744,0.057980735,-0.07599581,0.11055808,0.0642474,0.051780377,-0.024545874,0.031576633,0.021501377,-0.056777313,-0.13354598,0.05330961,0.057411633,-0.06326373,0.19892518,0.1104963,-0.09016887,-0.002414912,-0.19801234,0.08748904,-0.055909466,-0.15793522,0.19387293,-0.045440074,-0.047588777,0.044485763,0.08818191,-0.081841566,0.10438007,-0.0745741,-0.021715097,0.03325532,0.0005964142,-0.048169367,-0.04145035,0.079906546,0.11574718,-0.04833719,0.17317148,-0.14165752,0.088187546,0.054003444,0.08022126,-0.18593411,0.092894875,-0.044220965,0.06084018,0.038465448
TCGA-A7-A6VY-01A,-0.085118234,-0.11038739,0.18954925,0.03379592,0.02696848,0.167706,0.020135764,0.010229283,-0.106070295,-0.012748685,0.08066848,-0.024226239,-0.04890303,0.17296366,0.104696505,0.0017270092,0.008782534,0.04493559,-0.07438448,-0.14320897,-0.058778286,-0.00403566,-0.013877372,0.01757039,0.008862888,-0.0010790487,-0.15058534,-0.023936383,-0.06489824,-0.18420541,-0.058742583,-0.05035012,-0.16817367,-0.08665513,-0.1117829,-0.05264998,-0.054661337,0.041537408,-0.028219614,-0.056234695,-0.16327849,0.13374157,0.1318985,-0.1827903,0.019248173,-0.010155806,0.14704183,0.11870996,0.063353784,0.12498827,0.12526537,0.013498105,0.15735699,0.07002843,-0.044886038,-0.064682215,0.16249016,-0.12595929,0.026933348,-0.0004434609,-0.019985681,0.039102074,-0.22222427,0.17915271,-0.022016661,-0.03961973,0.14448375,0.07024352,-0.10180478,-0.04239661,-0.037052423,0.020525543,0.042676993,-0.31474912,0.028153656,-0.041725714,0.09646522,-0.018102607,0.1675947,0.016547304,-0.024930518,-0.17179112,0.007761808,0.123584725,-0.059988234,-0.057545915,-0.05258723,0.15684056,0.156022,-0.12789053,0.054384694,-0.06514339,0.05243689,0.04737809,0.13374333,-0.14720419,0.025334539,-0.010079024,0.04562931,0.0740472
TCGA-C8-A26V-01A,-0.03798964,-0.10860759,0.07292242,0.049941298,-0.024117908,0.17498675,0.022106001,-0.078630716,-0.016285412,0.083431445,-0.15227209,0.08941231,0.074519426,0.25601625,0.10816638,0.0033481666,0.028670363,-0.030533092,0.056411885,-0.15147907,-0.007792385,-0.020097656,-0.09333814,0.15916167,-0.08479586,-0.22889282,-0.24737576,-0.1053859,0.096706055,-0.022913188,-0.0841781,0.069221415,-0.07777565,-0.015110959,-0.012392248,-0.13893583,0.02785902,0.0714317,0.03508975,-0.032315683,-0.1381937,0.1976567,0.21493067,-0.06897665,0.00039630604,-0.10144547,0.020349018,-0.002876816,0.12070909,0.14770395,0.07530898,0.07460544,-0.00054817344,0.11222374,-0.020873355,0.0068432,0.026770925,0.06357549,-0.030758085,-0.017520504,0.07879844,0.07863927,-0.09453912,0.2417705,-0.01586385,-0.04461883,0.16146626,0.12535487,-0.05662759,-0.003561308,-0.06653658,0.034892526,0.030146979,-0.16338874,0.17749734,-0.09601833,-0.0008674241,0.058167152,0.108614996,-0.03659438,0.03527419,-0.12100148,0.005392914,0.063213885,-0.036993094,-0.13860515,0.04287429,0.11248861,0.12963922,-0.10639979,0.0266117,-0.022337325,0.06000885,0.014029441,0.16484554,-0.12178058,-0.1444793,0.118684866,-0.028083308,0.0016099173
TCGA-3C-AALI-01A,0.04908613,0.011291859,0.11859229,0.027659843,-0.0404079,0.06277899,-0.002195923,0.112582624,0.027229203,0.09267659,-0.05465154,-0.039067946,-0.022420768,0.22770172,-0.02108528,-0.0175448,0.10590904,-0.06874891,0.056215808,-0.080455855,0.08675406,-0.18936339,-0.042536475,0.13712096,-0.10910819,-0.020659324,-0.18975642,-0.08152651,0.10288519,0.012921389,0.018679678,0.0100677805,-0.009213658,-0.17631873,-0.07465317,-0.09985905,-0.05196766,0.074302055,0.021712895,0.06601088,-0.052276745,0.1217848,0.18162695,-0.071810246,-0.11524049,0.0070552095,0.0629671,0.07494868,-0.016763126,0.09085069,0.10433305,0.0030729664,0.07335526,0.060902253,-0.022740036,-0.030306323,0.06760459,-0.07864491,-0.08868899,0.14407781,0.08743961,-0.022349726,-0.19311869,0.14650603,-0.13106543,-0.13357595,0.17009309,-0.026649736,-0.118835725,0.094616935,-0.16036375,0.06066051,-0.08348222,-0.138142,0.19382164,0.06522425,-0.024426805,0.03817254,0.28724352,-0.089209616,0.025611345,-0.1286533,-0.024631785,0.08764059,-0.026810048,-0.106365114,0.077465236,0.11757636,0.22608654,-0.14298227,0.099697456,-0.04850068,0.06686266,0.08092708,-0.018991,0.053413793,-0.1745136,-0.04161628,-0.009161373,-0.042520758
TCGA-AN-A0XO-01A,-0.054898996,-0.14216761,0.11437324,0.15896815,0.07238578,-0.0121499775,0.10211888,0.1350308,-0.08020049,0.11193742,-0.023075972,0.019877074,-0.03551961,0.308753,0.22310817,-0.05241247,0.059590943,0.0054094386,0.02401225,-0.084305964,-0.014400166,-0.124508545,-0.03305244,0.09872444,-0.116763234,-0.026255269,-0.108585976,0.064042345,-0.026504649,0.013203626,-0.01885702,0.0820815,-0.034559943,-0.3193851,-0.15409774,-0.08621888,-0.10328643,-0.05596994,-0.08628982,0.00533771,-0.020545881,0.057519723,0.022367887,0.01997056,-0.098982885,-0.042135052,-0.014107521,0.041072078,0.010801832,0.13583624,0.16629544,-0.062586814,0.05598337,0.18523026,-0.083392546,0.06248441,-0.036668763,-0.027350342,-0.16386546,-0.03098692,0.14817849,-0.0028396738,-0.046820525,0.08096689,-0.006664266,0.004945304,0.13704428,0.07540691,-0.10285313,-0.1355076,-0.13196065,0.13985135,0.039722256,-0.18489277,0.07666295,0.11607152,-0.12050039,-0.08779008,0.1574234,0.033274032,-0.023428159,-0.18862674,0.13587037,0.08242697,0.089528546,0.00056872814,-0.040575244,0.06634928,0.105023436,-0.0527412,0.04060397,-0.051990423,0.01029212,0.08838677,0.07072269,-0.06510624,-0.082431786,0.0037869662,-0.10708386,-0.061975528
TCGA-A1-A0SJ-01A,-0.08859078,-0.12410672,0.089062564,0.14206065,0.069279395,0.044262484,-0.058450766,0.030806923,0.06109282,0.11121884,0.041184507,-0.023166122,0.011461213,0.07768644,0.13670109,-0.0071136393,-0.0181929,0.20871349,-0.091124535,-0.09778774,-0.06979998,-0.054763656,-0.064556696,0.03298554,-0.062422153,-0.10973682,-0.18593284,-0.039454438,-0.09327411,-0.10098636,-0.04855021,0.088533275,-0.118616045,-0.09140495,-0.19616325,-0.011036286,-0.091004066,-0.009625925,-0.20585814,-0.036194175,-0.0670576,0.012863144,0.109182395,-0.099142194,-0.11761973,-0.05925921,0.044534888,0.008711011,0.06280392,0.20037195,0.21550013,0.005696972,0.10439816,0.017950987,-0.023806097,-0.012547735,0.030358462,-0.033137243,0.01889497,0.025308384,-0.011977217,-0.04360689,-0.06817302,0.040454347,0.060856976,-0.11169401,0.064589135,0.04104069,-0.057050385,-0.057301413,-0.16493633,0.25196326,-0.046842016,-0.15528455,0.20116472,0.051661678,-0.1171069,0.12087847,0.09289924,-0.13174193,0.06555689,-0.10455824,0.0116826175,0.21057454,0.055933814,-0.1288347,0.018922595,0.050452355,0.19814624,-0.11907285,0.09964712,-0.06546997,0.06672973,0.043269362,0.1836088,-0.030219542,-0.078499556,-0.008017261,0.15532626,-0.03387001
TCGA-BH-A0BC-01A,0.01012264,-0.11143383,0.09623023,0.07828794,0.019224776,0.0043943655,0.042670295,0.0029935304,0.026752308,0.108267345,-0.05957476,0.010655053,0.011080419,0.19873014,0.05158068,-0.15304507,-0.0069520664,0.15117268,-0.06785992,-0.021775534,0.06681243,-0.075884074,-0.06926208,0.08873045,-0.113921694,-0.060179766,-0.1711994,-0.040781815,-0.014193582,0.0022174253,0.07084196,0.053793058,-0.18326041,-0.13411364,-0.12966153,-0.06752602,0.068293646,0.0038825301,-0.026079541,-0.069318235,-0.11997424,0.17637819,0.101492465,-0.0620914,-0.059610892,-0.011952484,0.0741146,-0.096357465,0.10171682,0.035961773,0.06486999,-0.0057172948,0.13355622,0.097574085,-0.080931425,0.091449484,0.13191426,0.033764873,0.0007143311,0.115651876,0.12175367,0.012551771,-0.09133759,0.11651853,0.08351413,0.043188054,0.1313966,-0.055942893,-0.32715854,-0.01204514,-0.16716465,0.06319244,0.04438678,-0.23001826,0.061734874,-0.0005605267,-0.038966183,-0.07337254,0.21724056,-0.05095618,-0.011307757,-0.03454748,-0.05733251,0.06900827,0.006102908,-0.15023908,0.06401686,0.1762511,0.21904714,0.001344848,0.12979902,-0.05843543,0.12063505,0.103107,0.08297153,-0.061734572,-0.1616398,0.05655288,-0.08305262,-0.045566406
TCGA-E9-A6HE-01A,-0.034042418,-0.0958118,0.1934196,0.056434073,-0.02195855,-0.034442104,-0.027443442,-0.07271247,0.0065443297,0.19335888,-0.009540495,0.02505126,-0.067137025,0.16544732,0.12559663,0.022129253,-0.024016341,0.04922878,0.075316794,-0.040973864,-0.10499829,-0.003578657,-0.070043266,-0.025603253,-0.02100863,0.009151177,-0.10998153,-0.03179656,-0.0031032148,0.004959249,-0.096765906,0.16246359,-0.15652516,-0.14776666,-0.1640244,-0.13978563,-0.016372858,-0.013715917,0.029348906,0.004495554,-0.031855773,0.15768068,0.28892678,0.0031640097,-0.07032311,-0.0702034,0.036429767,0.06824736,0.2118613,0.16109985,-0.021815114,7.366303e-05,0.06855159,0.13792147,0.04242909,0.008209379,0.24954392,0.030262597,0.002924863,-0.10385526,0.06282263,0.0060374346,0.021050999,0.086949855,-0.044226978,-0.06490831,0.15634373,0.02961039,-0.03559549,0.13329762,-0.099880174,0.13185593,-0.14530455,-0.28387785,0.14513713,0.07886829,-0.073721915,-0.042163666,0.034540344,0.0275322,0.015040296,-0.028853625,-0.037348367,0.15063061,0.04405222,0.073166564,-0.039559733,0.057216275,0.22401527,-0.04469094,-0.1341321,-0.0832443,0.020986736,0.13892682,0.028688792,-0.055784825,0.016343754,-0.054239165,-0.102795996,-0.092783
TCGA-D8-A1XC-01A,0.00043742242,-0.015561913,0.061725266,0.022463225,0.00982407,0.016943745,0.065566,0.15999809,-0.05987194,0.25160822,-0.030575002,-0.030212346,0.036628332,0.17641114,0.13447401,-0.025558317,0.23068096,-0.0013746233,-0.06373282,-0.10247665,-0.062615015,-0.05822409,0.044181567,0.115626454,0.05600041,-0.03171708,-0.14496206,-0.026634477,-0.044035275,-0.12829086,-0.028112818,0.17309506,-0.11240223,-0.1435691,0.020850915,-0.10211539,-0.07126334,-0.03819021,0.033684637,0.018229142,-0.020789245,0.13501847,0.27180704,-0.053420242,0.014450054,0.058039773,0.092355564,0.022335881,0.07673897,0.12938656,0.08450715,0.14716421,0.030853514,0.05876962,-0.113209,0.13466358,0.0036709236,0.05954607,0.050509352,0.0063165864,0.10062606,-0.041395377,-0.086957075,0.15426679,-0.016416343,0.0038110628,0.1706731,0.011333363,-0.08218602,-0.03666958,-0.15145934,0.09413747,-0.0154168075,-0.26913923,0.08167109,0.04718765,-0.09127187,0.016075632,0.18068966,-0.10902227,0.04955349,-0.10816511,-0.049460188,0.06789475,-0.10624356,-0.04601221,0.029796485,0.037321195,0.17898476,-0.08606808,0.057128467,-0.1268068,0.13360585,0.0034658927,0.13979861,0.014776844,0.057450794,0.026530445,0.035804596,-0.2020339
TCGA-EW-A6SB-01A,-0.06044601,-0.058392048,0.22654645,0.04826818,-0.054153416,0.018291516,0.071372285,0.09895794,-0.072657764,0.049072206,-0.0074540493,0.06896165,-0.034522586,0.17549261,0.056477807,-0.055411585,0.06731027,0.1471334,-0.04633256,-0.09285994,-0.024893401,-0.043775093,-0.009371144,0.05055606,-0.014539642,0.026212072,-0.10185685,-0.02175127,0.02445579,-0.104084894,-0.12929259,0.09839921,-0.08659903,-0.2517554,-0.10838065,-0.04443987,0.07702573,0.09065611,-0.111050434,0.08869791,-0.10236015,0.18599917,0.064501144,-0.21514918,-0.058501378,0.034643598,0.08626828,0.08053303,0.11754585,0.10287298,0.066725634,0.028018637,0.015336463,0.006284534,-0.11370873,-0.08763518,-0.021306723,-0.0233503,-0.05363393,-0.12630315,0.12998845,-0.011905833,-0.08136694,0.051599633,0.0175269,0.0027364816,0.21443848,-0.06974425,-0.07977773,0.006360341,-0.21692261,0.095477186,-0.04412135,-0.20930387,0.09114403,-0.06277336,-0.10361624,0.1396643,0.17801102,0.09605346,-0.03631554,-0.14049172,-0.054896176,-0.012529582,-0.019019848,-0.1127801,-0.014334232,0.17863284,0.15515764,-0.12795465,0.099578075,-0.07386985,0.11752603,0.05709009,0.04272942,-0.053550184,-0.09974792,-0.13426274,0.17607304,-0.009762304
TCGA-A2-A25C-01A,0.057300385,-0.023429276,0.078746475,0.12511443,-0.09128049,0.01008972,-0.03649001,0.059360135,-0.1400298,0.057169925,-0.085149646,0.033422116,-0.055319928,0.27010763,0.017012449,-0.0134503925,0.054761246,0.0545108,-0.010917696,-0.15625879,0.007285031,-0.07624286,-0.14659977,0.08589716,0.13293913,-0.09334075,-0.17899697,-0.13103157,-0.06123276,-0.07266502,-0.024144348,-0.054745033,-0.10509414,-0.057797767,-0.03434481,-0.14936173,-0.1314757,-0.054208722,-0.047636874,-0.14489737,-0.04942348,0.023815496,0.13795619,-0.12815745,-0.0724459,-0.026204746,1.1233132e-05,-0.053034484,0.17233978,0.10808489,0.14145687,0.015306592,-0.036219846,0.02939712,0.06986974,0.03314157,0.23273727,0.023986837,0.0087422235,-0.008188372,0.023789618,-0.014621762,0.0029483058,0.17236398,-0.09492959,-0.11830227,0.0341521,-0.013048728,-0.21341434,0.062352378,-0.2593926,0.005832027,0.017759016,-0.23990332,0.15396841,0.0021913606,-0.049981087,-0.0070485044,0.15351017,-0.017303778,-0.0076566413,-0.0810694,0.081031404,0.04021469,-0.07551739,-0.04336607,0.15995814,0.10425477,0.12739669,-0.049884476,0.03300607,-0.14695568,0.106770724,0.12658662,0.15365924,0.007104477,0.08495361,-0.064155035,0.044432957,-0.048604656
TCGA-E9-A244-01A,0.003725662,-0.014016176,0.0034906813,0.061191544,-0.015829902,0.020602817,0.0009122972,0.083895415,-0.07783399,0.03672159,0.037131038,-0.024791714,0.008292867,0.26206002,0.17095073,0.061618425,-0.06406005,-0.0095210895,0.04259787,-0.13140897,-0.19052911,-0.09295894,-0.086229645,-0.07221135,-0.021985928,-0.091798775,-0.29057828,-0.03569478,0.11389488,-0.009724279,-0.10429958,0.042320523,-0.12483715,-0.106804326,-0.09429676,-0.10349613,0.035563875,-0.075848006,-0.095262766,0.043348465,-0.0034759808,0.15060769,0.14893089,-0.04128856,-0.14443322,-0.040113416,0.12690875,-0.06938787,0.0008217314,-0.075204216,0.08995597,0.0006276244,-0.014648639,0.1749308,-0.10504098,0.027056582,0.11943031,0.14171082,-0.08019435,-0.019635348,-0.026300794,-0.0506139,-0.09551931,0.080500215,-0.08095732,0.022546884,0.124823466,0.052522086,-0.10842864,-0.015431104,-0.22415484,-0.02253999,-0.036220945,-0.21863648,0.17920548,-0.110937975,-0.06940316,0.051133785,0.0977503,-0.042951904,-0.00065215654,-0.050723765,0.022929015,0.07041629,-0.017798305,-0.16737069,-0.005365474,0.05715623,0.16877769,-0.045700878,0.13343474,-0.17245181,0.08477979,0.0871773,0.10327141,-0.104353406,-0.061217025,-0.14196634,0.104811996,-0.12446523
TCGA-BH-A0DI-01A,0.080626175,-0.07695095,0.12639026,0.085292846,0.028448213,0.08908708,-0.019108824,0.068479784,-0.11090742,0.043937624,-0.0029547187,0.046989508,0.047500923,0.2818737,0.14105594,-0.02983352,0.07164631,0.13330613,-0.01933725,-0.05366371,-0.09745525,-0.054762192,0.056054078,0.0039942428,0.113206334,-0.029472161,-0.10713161,-0.040661905,0.026346346,-0.008748736,-0.086582005,-0.02993406,-0.043068033,-0.07501914,-0.1424998,-0.12802337,0.026275953,0.033046678,-0.044290625,-0.078007035,-0.08486185,0.15790954,0.09090096,0.034582093,0.10422995,-0.041949604,0.031732664,-0.079325646,0.18861687,0.079347126,0.0961873,-0.0014847752,0.08144969,0.016830944,-0.09315475,0.08354023,0.054733343,0.08386842,-0.13540733,-0.0031322637,0.06168391,0.020618878,-0.12226184,0.109121636,-0.06683986,-0.03114051,0.14036907,0.06429762,-0.044940237,0.12670983,-0.22308701,0.057764582,-0.046648357,-0.18887378,0.1985777,0.017569266,-0.09790739,0.083943084,0.27326488,-0.047587626,0.17902073,-0.20720097,-0.01033722,0.04413671,0.058074202,0.04446079,-0.01582598,0.06088437,0.2664121,-0.07814465,-0.010971374,-0.10070335,0.015444186,0.0954215,0.011670335,-0.12033511,-0.072869405,-0.004294891,-0.027773296,-0.17246507
TCGA-GM-A2DN-01A,0.123338975,-0.098803185,0.122758456,0.076599106,-0.017033666,-0.025765829,0.20314659,-0.001789644,-0.08636043,0.12903212,0.08991427,-0.0012886846,0.08168565,0.13031459,-0.020191418,0.011603029,0.080148615,0.14493634,-0.07245685,-0.1932314,-0.0952432,-0.032014932,-0.06772432,0.0709076,0.05185354,-0.044117387,-0.12055005,-0.05665025,0.061778255,-0.17139767,-0.07886536,0.010992466,-0.17132163,-0.11603113,-0.21317986,-0.18507539,-0.15244539,-0.0011433273,0.017904831,-0.04273752,-0.15072131,0.081083246,0.19110185,0.029810024,0.0021268209,-0.035892878,0.11049266,0.11872439,0.057356283,0.079291,0.16189876,-0.055724356,-0.016206704,0.13218197,-0.10176506,0.007935648,0.0712836,-0.039568402,0.0091060195,0.029971616,0.014719455,-0.007011966,-0.030311778,0.18000583,0.018323328,0.013021538,0.17000781,-0.061430253,-0.0437773,0.009226735,-0.0980772,0.16981223,0.01587111,-0.24800733,0.0010079363,0.017385649,0.0065016085,-0.011906176,0.18215342,0.029444199,-0.062863834,-0.0254541,-0.03275565,0.14108855,0.029516084,-0.08013755,-0.11958251,0.11699742,0.13785917,-0.095163025,0.14063412,-0.100675374,0.16488107,-0.09856135,0.094918266,-0.0122794835,-0.11096031,-0.07757283,0.001654422,-0.014563803
TCGA-A2-A0YF-01A,-0.038050894,-0.09480072,0.10573688,0.18627167,-0.04862826,0.08104628,0.0014135678,0.005140951,-0.053118084,-0.01581493,-0.12830062,-0.041985165,0.085394785,0.16740227,0.09214223,-0.030627647,0.0017686324,0.056659263,0.030732276,-0.14988121,-0.09704907,0.0028593338,-0.088755876,0.12790953,0.011123112,0.004749532,-0.19477656,-0.05959626,-0.019021522,-0.03036559,-0.17893423,0.010215883,-0.096212886,-0.2983797,-0.05659459,-0.20653446,0.039161067,-0.051257834,-0.05654467,0.004431661,-0.12988769,0.026041742,0.10836796,-0.07972078,-0.06756095,-0.0203137,0.11420077,0.023295471,0.06975472,0.31838757,0.013368879,-0.07529404,0.08867042,0.13828172,0.035910457,-0.036849637,0.10050654,-0.05362909,-0.019000852,0.025509985,-0.07993639,0.038933005,-0.010898162,0.13778576,-0.049563564,0.0022600524,0.21697299,0.072885506,-0.11087928,-0.063683495,-0.13383153,0.100300655,-0.065856464,-0.22120331,0.1296023,-0.051973514,0.0068190354,-0.12534256,0.11991767,-0.112427145,-0.025498498,0.108392194,-0.044231467,-0.025022212,-0.043643773,-0.08000194,-0.03625839,0.08396741,0.10533064,0.004886005,0.08791627,-0.10522554,8.8049805e-05,0.027343003,0.08657509,-0.17124683,-0.15364318,-0.07500295,0.026266236,-0.033630382
TCGA-AR-A1AN-01A,-0.069806345,-0.09286499,0.13226207,0.07802941,0.010955643,0.13033746,-0.010282301,0.07657931,-0.15779856,0.13851304,0.08464451,-0.008242655,-0.013822823,0.123721376,0.14398214,0.030385524,0.036228023,0.07654522,-0.05065314,-0.17740755,-0.2642901,-0.10102562,-0.027922034,0.15430138,-0.039344568,-0.055389434,-0.13588968,-0.020147504,0.045444824,-0.17741045,-0.08064305,0.04969092,-0.09118935,-0.14124544,-0.123580776,-0.15781032,-0.025377007,0.1250275,0.040976703,0.08307065,0.010982574,0.04711959,-0.0389593,-0.11042548,0.08465898,-0.08990595,-0.08081861,0.096570164,0.15254429,-0.007942332,0.1286964,-0.04287701,0.028198138,-0.011734114,-0.03550083,0.09206716,0.0073270085,-0.051376957,-0.059567146,-0.03716826,0.020487035,-0.088647164,-0.25711247,-5.7539884e-05,-0.08816556,-0.10543835,0.1496898,0.020313276,-0.07645208,0.0032767437,-0.19649558,0.02191553,-0.015870526,-0.14818586,0.13668907,-0.089166485,-0.03478283,0.09054874,0.1706704,0.078487724,0.039597783,-0.0861882,-0.09838478,0.078223445,0.015643654,-0.054439645,0.04777731,0.075693786,0.17599028,-0.044741385,0.04968954,-0.20079373,0.051757094,-0.010542786,0.16296113,-0.08795934,-0.10944927,-0.0806842,-0.040652446,-0.12428437
TCGA-D8-A1XT-01A,-0.04372956,-0.022179743,0.21097666,0.20622776,0.04902818,-0.012321775,-0.059221894,-0.016031804,0.064139396,0.12895426,0.0055808295,0.11378042,-0.07285752,0.17797793,0.19781101,-0.05306499,0.022096654,0.16220485,0.04584578,-0.14577731,-0.15652406,0.015023334,0.07888349,0.119057916,-0.110620506,-0.02279428,-0.094721034,-0.062216114,0.05584449,-0.113524795,-0.10624128,0.22203687,-0.06916628,-0.15371908,-0.14442216,-0.03839874,-0.04743457,0.06050137,-0.07466893,-0.08496194,-0.118603036,-0.0102838185,0.19580539,-0.027532114,-0.043242134,0.07071693,0.14825724,0.014857638,0.020179847,0.093403555,0.15642422,0.059631478,0.03604179,0.12947719,0.07486836,-0.048696417,0.13144222,0.025258306,0.040036,0.083000444,-0.045179084,-0.05144643,-0.0890346,0.07246787,0.028176032,-0.019388858,0.17618454,0.036804125,-0.17308848,-0.012750748,-0.17874874,0.10264637,-0.0006904463,-0.2207755,0.123245396,0.04670899,-0.054647062,-0.067618765,0.18967687,-0.040863995,0.16457799,-0.046031233,-0.10582145,0.07137219,-0.10477421,-0.022065,0.025972268,0.07230003,0.046766464,-0.052751247,-0.018851249,-0.065718964,0.05191123,0.06355626,0.06366189,-0.13887383,-0.011977143,0.10781312,0.04031608,-0.03726473
TCGA-E2-A2P5-01A,0.074861035,-0.059895206,0.17261532,0.11106941,-4.051467e-05,-0.06708976,-0.065728515,0.1501444,-0.06294827,0.13399509,0.0131958695,-0.10784204,0.027147952,0.1585064,0.06600691,-0.0003557702,0.048622686,0.1682366,-0.07527251,-0.045027986,-0.23001042,-0.07039724,-0.0069110333,0.09825703,-0.110817954,-0.084464,-0.13580969,-0.0767629,0.05271962,-0.06058283,-0.073134534,-0.03469061,-0.08502869,-0.30429104,-0.08140616,-0.0968614,-0.061146237,0.0088504655,-0.11063989,-0.13151664,-0.08307137,0.04398602,0.067211166,-0.06568912,-0.1356423,-0.11551043,0.06205047,0.106226064,0.08295531,0.14525966,0.19655377,-0.08914513,-0.0068277204,0.09321476,-0.079571016,0.0043465425,0.020977136,-0.051847342,-0.0855005,0.07264277,0.004501213,-0.014368936,-0.07595465,0.050920993,-0.07642141,0.090607464,0.17652433,-0.05372288,-0.08246343,0.036669362,-0.071520455,0.0137277255,0.017860074,-0.21907562,0.016081454,-0.014696945,-0.051231567,-0.009737352,0.16211624,0.02924479,0.033313885,-0.14379749,-0.02304235,0.061463017,-0.076046586,-0.21129417,0.0019055594,0.09599874,0.12078982,0.032241184,-0.07451913,-0.19313304,0.14889924,0.020432599,0.13872148,-0.08315704,0.019413898,0.11625583,0.122459844,-0.030962128
TCGA-AO-A0JJ-01A,0.054329563,-0.12581365,0.059701435,0.029910387,0.010566695,-0.052797023,0.010259376,0.020036222,-0.0385752,0.18932761,0.046344284,-0.01793969,-0.037375994,0.08951795,0.1769403,-0.040266372,-0.017355835,-0.0029548258,0.03070908,-0.015741384,0.04719707,-0.11351822,-0.031386387,0.06875482,0.05235193,0.011350186,-0.17646246,-0.16656585,-0.113312624,-0.06171942,-0.18330047,0.015974907,-0.13137993,-0.1636892,-0.12922022,-0.23175691,-0.013928222,-0.05756407,0.15680334,-0.032524817,0.06577444,0.27109194,0.07793229,-0.20156817,0.02867201,0.029058302,0.054949116,0.11633619,0.1337866,0.005576107,0.09717851,0.009378653,-0.0268867,0.034889583,-0.077160314,-0.02592413,0.09883556,0.07917334,-0.11287885,0.092750385,0.13154621,-0.033025537,-0.105471216,0.06652507,0.014819816,0.0736533,0.12643814,0.00025908474,-0.17257358,0.03409932,-0.089590676,0.03916161,0.027104229,-0.22590308,0.19865005,-0.012174296,-0.108149335,0.032335736,0.27520576,0.064684555,-0.005025319,-0.077343084,-0.004802355,-0.005464479,0.05887518,-0.035862517,-0.0572035,0.09714653,0.11764207,-0.06768708,0.02802497,0.04942274,0.13345838,0.04717728,0.18337859,-0.0819377,-0.08369618,0.0073240534,-0.04617267,-0.04473836
TCGA-AR-A1AL-01A,0.023584463,-0.13382801,0.11654579,0.13514143,-0.110551804,0.07836804,0.03211108,0.0888941,-0.16796152,0.12361524,-0.0207272,0.01954411,-0.010327613,0.20328057,0.10962327,0.12274202,-0.029325148,0.09209911,-0.02995391,-0.12237895,-0.12647551,0.030572606,-0.052598942,0.10563128,-0.015281688,-0.040982958,-0.17889829,-0.049411237,0.12142182,-0.04144862,0.0032287769,0.042418685,0.0038431678,-0.14247164,-0.18721169,-0.09148304,-0.11058533,-0.04035209,-0.046284128,0.004917135,-0.20245838,-0.033172097,0.23068377,0.07451563,0.09921554,-0.013622356,-0.019788537,0.10822461,-0.017315067,0.122699276,0.018954782,0.00016329333,0.043707773,0.014146919,0.020678587,0.011550082,0.06816517,-0.09450567,0.00015431299,0.03341686,0.14762309,-0.027573869,-0.042641845,0.11883958,-0.083855934,0.04307028,0.20056275,0.0027482677,-0.18183772,-0.058125593,-0.22777121,0.062128466,0.023791855,-0.23403586,0.007585991,-0.12486949,-0.0005676167,0.1037706,0.1381018,-0.0567181,-0.0011625756,-0.017630003,-0.09920161,0.012242005,0.10408819,-0.08266075,0.04516835,-0.028143728,0.27020338,-0.035306074,0.069082014,-0.16034701,0.06545149,0.048818804,0.05563496,-0.10307054,-0.107887134,-0.004057556,0.058100745,-0.09080049
TCGA-C8-A26W-01A,0.013633847,0.010646078,0.19375703,-0.071680814,0.045207087,0.043504674,0.02544357,-0.08289373,0.05466565,-0.0010307649,-0.015168939,0.039183047,-0.10264124,0.3089145,-0.0026170316,-0.09337793,0.021351691,0.0755077,-0.090524256,-0.2591789,0.041881848,-0.029493341,-0.16385353,0.02766578,-0.040695485,-0.05514894,-0.17615688,-0.09426056,0.026904631,-0.040047947,-0.047048684,-0.051242147,-0.03989235,-0.20570609,-0.054757647,-0.11429273,-0.029606327,-0.1250741,0.008606832,-0.030158339,0.01591882,0.053690292,0.068154536,-0.041174,0.0048222262,-0.15423204,-0.011538839,0.054998152,0.14287159,-0.0054585095,0.060689438,0.115219705,0.12549531,0.063075386,-0.07885196,0.108114965,0.07000675,0.011856289,-0.050451677,0.008796933,0.06416731,-0.029183015,-0.16734338,0.18879415,-0.05441903,0.027997281,0.25583875,-0.124912575,-0.18478596,0.023407824,-0.17095707,0.022406042,0.016163502,-0.17983271,0.17255044,0.011051487,-0.11911043,-0.03093496,0.16955625,0.024637992,0.058777202,-0.111575186,0.10676438,0.07583646,-0.026436068,-0.055030443,0.049388684,0.09035794,0.16586365,-0.0012824305,-0.026316077,-0.13305347,0.0307362,0.13315865,0.09563397,0.00508166,0.06338784,-0.11809164,0.042465866,0.014722667
TCGA-AR-A0TR-01A,0.025312526,-0.018339831,0.09065943,0.05281594,-0.05938584,0.025586218,-0.091405205,0.03193084,-0.10621677,0.05844295,0.037780467,-0.004681332,-0.09944935,0.16632845,0.07702329,0.038714916,-0.09042197,-0.0074085505,-0.044258993,-0.298616,-0.11466307,-0.10225379,-0.13574554,0.084059455,-0.009156582,0.012653708,-0.21839659,0.0073216488,-0.057179507,-0.024186075,-0.09528619,0.046480786,-0.032889113,-0.20824505,-0.16210341,-0.07814039,-0.023822248,0.07797571,-0.069502465,0.042274613,-0.013011775,0.105033025,0.16592596,-0.13914683,-0.06944408,-0.042512875,-0.021437876,0.045718957,0.05193231,0.09058132,0.107286885,0.015734177,-0.015188532,0.13046423,-0.011961397,-0.10971447,0.12863001,0.016312549,-0.12870662,0.06590276,0.019265503,0.005198332,-0.069471836,0.077825755,-0.07652053,-0.0054671746,0.32028136,-0.1352949,-0.12490403,-0.015948731,-0.108147785,0.021346077,0.017840842,-0.23430493,0.070158236,0.030912261,0.06305728,0.012332354,0.19480084,0.08088777,-0.062101495,-0.11610452,-0.05379585,0.18725222,0.0667229,-0.1090885,-0.019983746,0.072388336,0.07492195,-0.11261508,0.10225462,-0.09953645,0.1455318,0.024962306,0.0063097184,0.055772316,-0.061822418,-0.03019201,0.105356656,-0.14863345
TCGA-AQ-A0Y5-01A,0.04091799,-0.08848154,0.13859798,0.1679226,0.088495046,0.058274943,-0.030851673,0.013821689,-0.113007404,0.15445098,0.14247909,-0.11720212,-0.031590957,0.20711559,0.19343993,-0.11039893,0.052462265,0.14467323,-0.01825498,-0.033513654,-0.03410872,-0.09211196,-0.035851434,0.03584681,0.03048965,0.0022394327,-0.15959466,0.004532955,-0.051908195,-0.16237451,-0.116847016,-0.021915311,-0.13489577,-0.21444699,-0.056595884,-0.2580088,-0.03715257,-0.019668667,-0.02332895,0.067813866,0.106645375,0.06826518,0.10117391,-0.21088177,0.0152618205,-0.05399225,-0.039995883,0.02335399,-0.05049347,0.018656436,0.113627985,-0.0060578617,-0.021895058,0.19418885,-0.026885595,0.077003546,0.18358077,0.07106133,-0.08006888,-0.014592532,-0.014031305,0.05606448,0.041161314,0.010123787,-0.09869476,-0.06828417,0.21084069,0.012060366,-0.047610376,0.02011916,-0.16720912,0.044420954,-0.05165243,-0.18696404,0.018843388,0.10257736,-0.024968136,0.097291544,0.2169178,0.07102722,0.07141117,-0.026178597,-0.062183388,0.13192831,0.028282829,-0.021617072,-0.08661357,0.0024680202,0.17965536,-0.10165043,0.09983295,-0.016828196,0.09260871,-0.0024696009,0.03438598,-0.12899612,-0.045056444,-0.031703454,-0.019402964,-0.10333418
TCGA-E9-A1NE-01A,-0.16375777,-0.0683698,0.0891925,0.07607482,0.020663755,0.1199061,0.11899514,0.13638642,-0.032230303,0.082359314,-0.08055606,0.034545828,0.028946428,0.21127245,-0.044417188,-0.022726616,-0.009180308,0.05306823,-0.06874119,-0.14997226,-0.22846657,-0.12466392,-0.0550967,0.11232849,-0.110927224,-0.12546548,-0.105469406,-0.023232909,0.1047185,-0.01311115,-0.039519783,0.053522363,-0.096984774,-0.11831935,0.006052361,-0.1796678,-0.17252104,-0.09486862,-0.015194143,-0.03758885,-0.035322677,0.07046523,0.087018214,-0.033424318,-0.04413737,-0.07217376,0.16949008,-0.044119123,-0.037928436,0.1671243,0.1545827,0.03012881,-0.010274798,0.11832683,0.058804452,0.059231788,0.06766865,0.060406655,-0.12378741,0.023354286,0.079137936,0.0055386415,0.039183095,0.20967607,-0.075265944,-0.126286,0.06963605,-0.090273134,-0.17256375,0.020848552,-0.28317177,-0.0037876486,-0.028887836,-0.19974393,0.09187946,-0.02814093,0.000106440784,-0.033391625,0.1858104,-0.06295994,-0.03320603,-0.043546706,0.07084702,0.017323187,-0.035751257,-0.09769399,0.011384064,0.103215896,0.12804884,-0.042264067,-0.009379127,-0.16422215,0.16090144,0.025021335,0.14099342,-0.09776444,-0.06391842,-0.0648202,0.02964838,-0.008589394
TCGA-UU-A93S-01A,-0.08686598,-0.0925714,0.18312924,0.07954667,0.059554543,0.07093034,-0.058299035,-0.021880299,-0.040282313,0.015616386,-0.026098076,-0.15320554,0.009908261,0.26798484,0.086223625,-0.0048860973,-0.018326247,0.18683788,-0.023710407,-0.01933762,-0.071038,-0.06727442,-0.04388401,0.1095436,0.020785348,-0.048383277,-0.10049245,-0.033779632,-0.09762288,-0.0595599,-0.14945,0.020753017,-0.12535246,-0.26440966,-0.14149962,-0.18952683,-0.123988494,0.033381924,-0.09104675,0.010764599,0.023270555,0.013746971,0.15092368,-0.08111898,-0.032167334,0.008872647,0.095821716,0.024582746,-0.020316275,0.15565,0.00651174,0.033322174,0.08091758,0.05862021,-0.017258596,-0.03119101,0.030585054,-0.04209746,-0.21815284,0.021449469,0.05564501,-0.0514419,-0.03473604,0.051634416,-0.12433232,-0.010263271,0.23776941,-0.038461227,-0.08183493,-0.15789656,-0.14888558,-0.008874672,-0.009535219,-0.11652793,0.0955749,0.0063194474,0.11944494,-0.02896778,0.15321942,-0.06627164,-0.012684603,0.0017558194,-0.074853525,0.11974706,0.023111219,-0.087970406,0.08720651,0.16716129,0.2205574,-0.20388733,0.007067849,-0.016080275,0.08682145,0.13063149,0.038315635,-0.033218272,-0.11453623,-0.050666414,0.14164788,-0.033518314
TCGA-GM-A2D9-01A,-0.012458638,0.022164913,0.083962895,0.12736306,-0.004118276,0.06663518,0.0209147,0.07286706,-0.08316035,0.09728287,0.060995158,0.08118877,0.015479829,0.21702018,0.1271335,-0.008846674,-0.01811725,0.051411897,0.07732916,-0.12722361,0.022865878,0.091063514,-0.046325795,0.058633845,-0.10554772,-0.11113917,-0.09561867,0.050235078,0.02884462,-0.089756094,-0.081495315,-0.022109678,-0.09576046,-0.20808268,-0.04578451,-0.20574099,-0.029766425,0.03421514,0.050309516,-0.016822033,0.05018035,0.021798817,0.15271413,-0.16995586,-0.002636245,-0.104497865,0.0047578923,0.03626292,0.069331035,0.1472109,0.054305486,-0.10217776,0.043143876,0.19839579,-0.05451475,0.04103141,0.13892429,-0.075098656,-0.053273093,-0.0020701273,0.12372932,0.08801651,-0.06435375,0.046944086,-0.088930294,-0.1405088,0.17096245,0.053905074,-0.06000826,-0.060133394,-0.20264181,0.02789091,-0.057930242,-0.21485053,0.116894186,-0.07514792,0.01801874,0.021884773,0.055330615,0.0012089282,0.03345316,-0.13778687,0.084114246,-0.035085775,-0.0033339467,-0.13198662,-0.11824009,-0.04239305,0.36550447,-0.0309107,0.13953742,-0.08349856,0.17834209,-0.026676994,0.1036532,0.11245173,0.035569213,-0.049054958,-0.0054420666,-0.0947559
TCGA-EW-A2FW-01A,0.07689407,-0.059142336,0.044622455,0.020192074,-0.0058660978,0.026968073,0.04598528,0.032338727,-0.124549896,0.08272804,0.0087994,0.010986406,0.044619273,0.21111882,0.20069756,-0.10815419,-0.009313065,0.03119547,-0.0934201,-0.092881985,-0.13002256,-0.09895161,-0.10769951,0.12329859,0.015613491,-0.053928595,-0.1314646,0.029518573,-0.04721407,-0.07637295,-0.15661736,-0.007965233,-0.026495105,-0.23622787,-0.08074602,-0.13427567,-0.13429093,0.032808304,0.032279313,-0.13963081,-0.073451616,0.16305555,0.19896725,-0.07678522,-0.07469678,-0.14135587,0.18905523,-0.0039769174,0.06453859,0.070195995,0.017498085,-0.07145853,0.07267838,0.11504168,-0.0244358,-0.08318027,0.07125502,0.09600867,-0.020383565,-0.04000383,-0.017216466,0.08808812,-0.11168918,0.04775036,0.014701379,0.022833766,0.27579856,0.0949693,-0.091893174,0.013933249,-0.1124015,0.08063054,0.021277335,-0.07450994,0.1714834,0.09743141,-0.0029058733,-0.07307872,0.17719004,-0.09970284,0.008091524,-0.032851283,0.019583851,0.053352844,-0.00011643641,-0.087096006,-0.06567393,0.16759866,0.20128116,-0.13154024,-0.06225671,-0.074335426,0.11257753,-0.10418955,0.1241892,-0.08248538,0.012592536,0.06693245,0.13504614,-0.11293032
TCGA-A2-A1FZ-01A,-0.006461437,-0.048475906,0.13535403,-0.0112739215,0.07200367,0.062450588,-0.019604923,-0.0060038813,0.008688817,0.1358757,-0.04181955,-0.030567566,-0.08086428,0.14119448,0.03859846,-0.04431752,-0.0007779299,0.026841098,0.017083494,-0.068713784,0.0040289387,-0.18322216,-0.03612907,-0.018722372,-0.003146406,-0.009553619,-0.046262745,-0.05825022,0.06339928,-0.18097334,-0.09060976,0.15625985,-0.15053894,-0.19549628,-0.19901821,-0.1323293,-0.024654517,0.015191164,-0.11325472,0.014843018,-0.12882042,0.025831498,0.10792748,-0.14076401,-0.010997905,-0.09990185,0.080940716,0.0005232947,0.120644294,-0.013600841,0.16369584,0.051722366,-0.04019815,0.09244827,-0.09515341,0.050632723,0.059009824,0.10605041,-0.04704163,0.107030064,0.0759753,-0.08277712,-0.09042469,0.0178467,-0.07323074,-0.04902563,0.07947422,0.012403045,-0.10760304,-0.046539467,-0.1750621,0.054392375,-0.049397636,-0.2777185,0.32941985,-0.020299029,-0.0749923,0.041549444,0.19684999,0.0022730872,-0.012092664,0.02729068,0.16254836,0.1609761,0.013605505,-0.13282378,-0.043404743,-0.09713147,0.2297131,0.011266563,-0.09740167,-0.10051873,0.15934235,0.047213517,0.03020781,-0.030756015,-0.069985285,0.01525846,0.058592644,0.025224442
TCGA-A2-A4S1-01A,0.038570646,-0.07104893,0.12849462,0.09704773,0.005582348,0.07440208,0.069392145,0.124898806,-0.06349531,0.16592102,0.037439536,0.011009315,-0.067393124,0.30517343,0.118905686,-0.047415365,-0.03585266,0.033082813,0.028583357,-0.12588885,0.04885474,-0.09824499,0.0066013956,-0.06892657,-0.025560966,-0.08749705,-0.22664277,0.0487773,0.045871247,-0.14666443,-0.05321753,0.019144433,0.011639695,-0.11469647,-0.058033425,-0.1383479,0.011055358,-0.018408176,-0.048355106,-0.07222869,-0.07324924,0.10864915,0.061722435,-0.079680644,-0.03619097,0.004838046,0.051355362,0.02672701,0.1529706,0.13990702,0.17171766,-0.009543931,0.05706259,0.17355601,0.10237401,-0.061690383,0.08299517,0.12145356,-0.11159884,0.0062596174,-0.035034914,-0.020163907,-0.13425466,0.123835325,0.030018628,0.011868718,0.25847414,-0.06899496,-0.067801595,0.043208364,-0.17382741,0.028555414,-0.063105375,-0.22150967,0.06995214,-0.11221827,-0.007899693,0.029981973,0.24648558,0.08540271,-0.04189064,-0.118374765,-0.04624923,0.042803966,-0.018100306,0.10980525,0.010070262,0.029935403,0.08745824,-0.06806033,0.13106349,-0.10900916,-0.018324299,0.03250322,0.107374765,-0.047594436,-0.19560066,0.043357387,0.115754746,-0.107944705
TCGA-BH-A1FL-01A,0.12908317,-0.13411708,0.12531924,0.03349344,0.17379774,0.12139743,-0.012947436,0.08323183,0.052796826,-0.07701203,0.052280206,-0.007119987,-0.07925423,0.247009,0.119214594,-0.08777878,0.058112856,0.19877905,-0.010544661,-0.073052764,-0.113094464,-0.045172963,0.044931617,0.10208037,0.049433045,-0.09284485,-0.12793605,-0.031569235,-0.099623345,-0.13368182,0.00790871,-0.032312468,-0.021514926,-0.06836903,-0.08910075,-0.15225074,-0.03631559,0.063141935,-0.047364175,-0.08740311,-0.0074092876,0.053593248,0.25074416,-0.20177923,-0.015479325,-0.11120603,0.10028347,0.08933121,-0.010659363,0.1567396,0.0021443511,0.10657464,-0.060311075,0.0694446,-0.024732811,0.034347396,0.09246712,-0.095213145,-0.10391512,0.04761117,0.08927408,-0.034050852,-0.023002017,0.2016779,0.028983874,-0.084354796,0.15450655,-0.03380992,-0.21020137,0.073265314,-0.16061816,0.027799092,0.062983155,-0.21028017,0.1056914,-0.03645673,0.03954261,0.09413355,0.1369917,-0.017931804,-0.060797077,0.0036829568,0.069062606,0.092626855,-0.054351293,-0.10571795,-0.08434856,0.063896574,0.1930542,-0.10740834,-0.006837281,-0.11559613,0.023440212,0.037275225,0.08978744,0.061925407,-0.014436464,-0.009424579,0.1312826,0.10797657
TCGA-GM-A2DD-01A,0.008559073,-0.1370937,0.1801385,0.0202518,-0.010119293,0.074541785,0.03500427,0.07622381,-0.045828033,0.14052142,-0.09356483,-0.067891985,0.028078225,0.29806292,0.05677625,-0.026385378,0.0073467665,0.19666608,-0.031895876,-0.08572834,-0.06603324,-0.000571959,-0.11392754,0.022213604,-0.0923932,-0.07646902,-0.21680817,-0.081734754,-0.06407639,-0.014665468,0.0135938395,0.04348364,-0.12607521,-0.10929964,-0.093309686,-0.13841198,0.0053942637,-0.032051608,0.01087935,-0.14257924,-0.12871373,0.08888443,0.18908413,-0.068447106,-0.095211804,-0.082656555,0.055896737,-0.038334385,0.017483426,0.18914431,0.17293985,-0.015668092,-0.042453796,0.09647567,-0.13091524,-0.11039072,0.06882451,-0.013167382,-0.055916693,0.090677984,0.10077869,0.03444224,0.063667044,0.06781847,0.019151904,0.0033479603,0.11190776,-0.07274603,-0.08433142,-0.008112556,-0.2658419,0.10571697,-0.11505511,-0.2037472,0.22321434,-0.015081771,-0.15880056,0.0071923626,0.09818901,0.07262552,0.014517175,0.029414527,0.011929332,0.003464642,-0.03329748,-0.0911306,0.040709518,0.017391942,0.12160575,0.012984535,0.050980303,-0.08904158,0.17872307,0.08112138,0.10408942,0.019871125,-0.012721311,-0.13489486,0.058374397,0.008727685
TCGA-LL-A5YL-01A,-0.046440333,-0.018592095,0.05805339,0.095530614,-0.09541878,0.07624813,-0.04523656,0.061502706,-0.05916441,0.1530421,-0.03408987,0.13694745,-0.028962376,0.19083112,0.1855502,0.045955997,-0.0005830862,-0.0092805885,0.06187176,-0.1440907,-0.09959496,0.0025594542,-0.10055535,0.0055292347,0.10154148,0.025636807,-0.18768919,-0.03443942,0.11913291,0.0057273568,-0.08608755,-0.12878108,-0.04552097,-0.20841195,-0.085607655,-0.15286212,-0.039819088,-0.05580187,-0.05270413,0.01322473,0.015189039,0.13623822,0.25343063,-0.07929722,0.02005904,-0.043744292,0.055958398,0.012422727,0.040866286,0.06910035,0.052101113,-0.022973066,0.030424284,0.06318669,-0.09085916,0.08820115,-0.02521134,0.011045826,-0.028294185,-0.07877953,0.12267589,0.025492428,-0.105710015,-0.0140916025,-0.03628131,-0.011160711,0.15907381,-0.15250874,-0.10028837,-0.094445996,-0.08565673,0.093320966,-0.052628122,-0.2476356,0.1669583,0.06348268,-0.05548527,-0.011593112,0.1707312,-0.15415971,-0.04020151,0.022932885,-0.0030476756,0.21056299,-0.03181258,-0.030741714,-0.0026281534,0.14426593,0.080959626,0.010432582,0.017079977,-0.11921028,0.18968758,-0.19455957,0.08970797,-0.10440377,-0.016835298,-0.0846393,0.1881962,0.07615328
TCGA-OL-A6VR-01A,-0.05441975,-0.15557677,0.07843212,0.04079865,-0.0007813881,0.121913046,0.10897556,0.016713345,0.06736076,0.100724496,0.040529467,0.0065639014,-0.041856933,0.16372125,0.04124901,-0.013655751,0.06689898,0.022849116,-0.11587236,-0.14573167,-0.09486457,-0.03565213,-0.011799108,0.03926428,-0.022670453,-0.06440387,-0.23064628,0.05394558,-0.010812117,0.01967889,-0.017007636,0.114025004,-0.11899457,-0.1961068,-0.08722346,-0.17018265,-0.05667149,-0.0016113637,-0.00991471,-0.08547603,0.024376646,-0.056105338,0.048528086,-0.14972857,0.050456755,-0.009833634,0.13206272,0.09838428,0.032755718,0.108654164,0.15936203,0.04850543,0.18979412,0.044596784,-0.07947033,0.010282862,0.2111065,-0.05723531,0.048539337,0.13271898,0.00505592,0.09381332,-0.1288531,-0.0023601842,-0.041860364,-0.0053192643,0.18245853,0.04006566,-0.23419245,0.07711593,-0.13241844,-0.033529196,-0.011524967,-0.33769172,0.18929137,0.109641425,0.030156689,0.011545015,0.16538194,0.046236686,0.0630953,-0.1751143,0.027330425,0.047219694,-0.07970817,-0.056781724,0.064009696,0.039816607,0.12572598,-0.049971003,0.14688428,-0.092981376,0.027582584,0.006213464,-0.004267427,-0.032747965,-0.050031386,0.07190596,0.09142975,-0.024599103
TCGA-GM-A3NW-01A,-0.07003076,-0.012950092,0.12361084,0.15168239,-0.005748583,0.07256429,-0.043221913,0.063528694,-0.1428283,0.080282815,-0.1380321,0.0020546636,0.05465928,0.20838307,0.11375432,0.01969917,0.064225815,0.11471254,-0.03953557,-0.11319631,-0.12927757,-0.053977393,-0.13316363,-0.022143839,-0.093895525,0.019085497,-0.302234,-0.014380601,-0.040578205,-0.037853286,0.04177434,0.06127786,-0.06815848,-0.17904784,-0.097673476,-0.12340291,-0.08012287,0.025345407,-0.047765296,-0.11263947,0.08214765,0.11965639,0.06161688,-0.14149901,-0.05552753,-0.038708527,-0.07186413,0.10403449,0.057923194,0.16151942,0.12320211,-0.06297643,-0.12864913,0.124113746,0.006381972,0.10852264,0.09387721,0.08351292,-0.080180146,0.069927506,-0.035353523,-0.096048035,-0.095996246,0.09752523,0.04438901,0.057398964,0.12565492,-0.024167268,-0.104246944,0.0019757042,-0.08322877,0.07673826,-0.11344475,-0.19938259,0.08811279,-0.08413613,-0.046230197,-0.05913322,0.11893919,0.07518932,-0.014982214,-0.17951423,-0.013944352,0.11268691,0.03024049,-0.043360975,0.21328685,0.13969174,0.13456683,-0.049668387,0.083448045,-0.08646588,0.13062325,0.0884606,-0.0038704441,-0.14668131,-0.078002185,-0.03614686,0.115560174,-0.09901005
TCGA-PL-A8LZ-01A,0.01667321,-0.05832894,0.14140597,0.04227681,-0.019518618,-0.07030762,0.029520653,-0.024904715,-0.12311347,0.13188478,-0.07082868,0.06574097,0.10971907,0.2959558,0.13461182,-0.019459493,-0.090215236,0.025420697,0.06909369,-0.055689823,-0.0675724,-0.1671896,-0.08429611,0.11415952,-0.001100724,-0.08573912,-0.16427046,-0.084279284,-0.0109609235,-0.002347812,-0.110854134,9.734703e-05,-0.14307296,-0.13453962,-0.14476867,-0.04141729,0.0002947179,0.12376929,0.08453529,0.017040541,-0.095354296,0.09924756,0.105705075,-0.1275113,-0.06765638,-0.045089714,0.079548776,0.10610392,0.010579266,0.055056278,0.07562365,-0.0014237572,0.11852871,-0.06406286,0.00093142444,-0.20944472,0.008430589,-0.013602337,-0.063271426,0.052529387,-0.0015058839,0.06595846,-0.12850668,0.18818341,-0.02908167,-0.0050718263,0.051575907,-0.0684769,-0.11511564,0.022791399,-0.1526343,0.0712576,0.017283944,-0.15588316,0.17044851,-0.10222861,-0.05898264,0.012190409,0.19148949,-0.0647316,0.034071878,-0.042189665,-0.012460864,0.016414123,-0.0009999528,-0.08167767,-0.006080348,-0.044532906,0.11443607,-0.11723261,0.16027111,-0.100960664,0.14993489,0.047520034,0.1693886,-0.025504423,-0.12949228,-0.031779144,0.1366701,-0.26741108
TCGA-D8-A1JI-01A,0.09828199,-0.12865183,0.160423,0.14175802,0.039663933,0.051800795,-0.011205669,0.09581082,-0.06809101,0.12604696,-0.015881492,-0.0023932797,0.034793552,0.2338348,0.13944851,-0.068885244,-0.01970942,0.065183096,0.0892803,-0.20627514,-0.043106902,0.06306388,-0.015312935,0.18298244,-0.02906429,-0.017269187,-0.19473734,0.09152217,-0.01917898,-0.12073856,-0.023507718,-0.084117964,-0.10688282,-0.2099683,-0.14352542,-0.14330213,-0.107521206,0.008151897,-0.062278606,-0.03026021,-0.0594421,0.079680994,0.22207122,-0.15259749,0.05206246,-0.04485363,0.07642649,0.02497991,0.09898407,-0.0066083344,0.021690113,-0.043785784,0.12779196,0.04669981,-0.08815996,-0.041372538,0.019464996,0.077862516,-0.059013557,0.095714636,-0.0059902174,0.064652,-0.08159522,0.1727533,0.12253507,-0.11072248,0.18069358,-0.034662787,-0.029037649,0.0066160294,-0.18632625,0.14623675,-0.06747527,-0.2334853,-0.00642971,-0.0532031,-0.054035142,0.0029853436,0.2026821,-0.059450552,0.048671238,0.051515274,-0.10407989,0.044431698,-0.0061934404,-0.11377193,0.015531998,0.11986203,0.109145254,-0.058914904,0.009950743,-0.018270452,0.16958559,-0.0027809492,0.112794936,0.062491506,-0.0013901052,-0.072209165,0.003288088,-0.050841805
TCGA-LL-A9Q3-01A,-0.041947704,-0.061693534,0.018256547,-0.028674077,-0.017761398,-0.037956703,-0.0032994947,0.09128123,-0.103976175,0.06716081,-0.012744005,-0.097544424,0.05836362,0.21515189,0.1765641,-0.08876081,-0.05871163,-0.034979895,-0.08805776,0.0762245,-0.08663386,0.008304597,-0.102918185,-0.054609843,-0.044641256,-0.039742332,-0.2378664,-0.005455652,-0.069264665,-0.07941131,-0.16364457,0.016063714,-0.1679226,-0.16666186,-0.19385965,-0.04474547,-0.07740945,-0.007952233,-0.055796556,-0.109025754,-0.0058120317,-0.018664265,0.11560539,-0.08157541,-0.16839737,0.030341545,-0.054566275,0.10588615,0.04338974,0.09783978,0.06716491,0.026555331,0.12026569,0.1018783,-0.07704791,-0.09307638,0.14996088,0.08297184,-0.07589662,-0.0018912513,0.09534069,-0.039691143,-0.10396585,0.09640606,-0.09969116,-0.051670555,0.2461562,0.0041990797,-0.114700995,0.026319388,-0.12132495,0.091251284,-0.01251929,-0.13511573,0.13280801,-0.06640218,-0.09185658,0.06953097,0.16629443,0.098780714,-0.041521814,-0.0065392344,-0.02710926,0.10912919,0.07822778,-0.068955906,-0.008468317,0.09217191,0.24405698,-0.13040803,0.09179162,-0.028989278,0.11604068,0.050767105,0.14851318,-0.12886754,-0.042159826,-0.12631333,0.12016973,-0.14627343
TCGA-LL-A5YN-01A,-0.13988514,0.01143813,0.18995064,0.09311328,0.019599224,0.07595784,-0.07016626,0.0677762,-0.0765837,0.021600666,0.034428515,-0.037557326,-0.08018562,0.25358796,0.1934407,0.046163056,0.011128694,0.08466019,0.0044967425,-0.08804146,0.03362709,-0.052437577,-0.046113733,0.118704624,-0.07375463,-0.033595875,-0.19127731,-0.14406134,-0.040632404,-0.095882915,-0.06462331,-0.011765219,-0.10532112,-0.09793349,-0.17263214,-0.06214926,-0.058872137,-0.053489897,-0.05817129,0.078679316,0.009757223,-0.010376987,0.19976035,-0.04335396,-0.10471543,-0.010681193,0.04144999,0.029360505,0.06580214,0.06453151,-0.029989293,0.0039092316,-0.007878574,0.085426405,0.040513728,0.16110809,0.12037453,0.042462938,-0.05294923,0.0010151601,0.15816994,0.02098829,-0.05367911,0.14933075,-0.002558873,0.042365815,0.17388812,0.06119659,-0.1501481,-0.10358813,-0.2609998,0.013173337,-0.078926675,-0.2113275,0.044042673,0.021725602,0.025968868,0.03338547,0.08253963,0.0008450544,0.018788496,-0.10735681,0.06970049,0.14349484,-0.06789468,-0.16740178,-0.00024016877,0.15966961,0.24153896,0.0100076245,0.04167019,-0.16386369,0.0027037077,-0.0031167187,0.11697705,-0.17531408,-0.028382266,-0.034716725,0.054954603,-0.12341612
TCGA-D8-A1XJ-01A,0.028381536,-0.057960484,0.019205188,0.09320739,0.073745534,0.021003833,0.026169872,-0.015083461,0.0321537,0.043750837,-0.006722552,-0.081388906,-0.099326886,0.21489765,0.13110545,-0.059332114,0.10552472,0.09003189,-0.11143431,-0.12960733,-0.012919444,0.0033786362,-0.11259238,0.065695934,-0.086305276,-0.052850027,-0.23509027,-0.05885002,-0.02869089,-0.009551993,-0.056531187,-0.027993733,-0.011939519,-0.122572675,-0.06052532,-0.08820969,-0.019457638,0.007576033,-0.014544571,-0.17664538,0.09150995,0.17789541,0.17386256,-0.034318287,-0.023500364,-0.07484002,0.09130535,-0.023309726,0.20726617,0.17686096,0.11550496,-0.06449498,-0.05333103,0.16643226,-0.055095643,0.011501744,0.13898541,-0.016247643,0.0018906003,0.095564865,0.047623426,-0.034723133,-0.054027524,0.16252929,-0.15619227,-0.12675752,0.2316119,-0.0020161618,-0.13566887,-0.029469242,-0.07470293,0.014202621,-0.09186718,-0.07594779,0.08351025,-0.016933437,-0.066891976,0.028434964,0.08575124,-0.027996054,0.08296723,-0.1159606,-0.07368982,-0.021605609,-0.030660598,-0.08655295,0.09194345,0.1253257,0.18731882,-0.055329513,0.18151931,-0.21710531,0.16440588,-0.041502513,0.15977482,-0.12727375,-0.11131311,-0.051299907,0.05750234,0.04798855
TCGA-3C-AALJ-01A,0.07144749,-0.003347596,0.09449149,0.045430064,0.0010848207,0.17979869,0.024466986,0.053802293,0.11107994,0.046811078,-0.12790212,-0.07763852,-0.0601605,0.23596327,0.11131382,-0.04363249,0.0056360546,0.04536191,-0.0464439,-0.16747163,-0.06599838,-0.080297284,-0.105644345,0.022166496,-0.017709197,0.03609908,-0.1373571,-0.114752576,-0.03472036,-0.013180239,-0.108463705,0.022732835,-0.06882146,-0.11549656,-0.100525595,0.012924858,0.110760756,0.009910492,-0.12969954,-0.13189153,-0.039467815,0.113567665,0.026165986,-0.09264633,-0.011236433,-0.06829997,-0.018467562,-0.026433116,-0.008972899,0.1403115,0.23869075,-0.028714027,-0.08963423,0.22531648,0.017877903,0.034684263,0.09685747,0.027552867,-0.080742225,0.0030660958,0.14630516,0.027784856,-0.11417451,0.20778273,-0.081921406,-0.11008653,0.25721106,0.049889717,-0.08309271,-0.027592897,-0.19397904,0.011218352,0.008500001,-0.3138693,0.11628862,-0.010880023,-0.067878045,0.07625945,0.10302574,-0.008481113,-0.0062471647,-0.041725695,-0.06946724,0.10685753,-0.009920394,-0.05872258,-0.0531257,0.13606264,0.119894885,-0.06260275,0.17136237,-0.052248318,0.047187995,0.010655132,0.10507735,-0.06665384,-0.051143754,0.075780444,-0.048485417,-0.100028075
TCGA-S3-AA14-01A,-0.054188076,-0.09710318,0.1323834,0.005154663,0.08639924,0.011970273,-0.026067067,0.050285105,-0.21351545,-0.0075559677,-0.10978081,-0.009424018,-0.12577105,0.3044914,0.16430438,-0.013197546,0.06800228,0.14212207,-0.0026186174,-0.103203975,-0.07807365,-0.05334865,0.0002908689,0.14389494,0.06956602,-0.08276753,-0.077267855,-0.056146257,-0.028232325,0.04848968,0.0025596402,0.0819724,-0.0816916,-0.2211248,-0.04297633,-0.22174701,-0.05747266,-0.07323381,-0.08258794,-0.006658664,-0.06618039,0.048419822,0.16100527,-0.034781016,-0.034887046,0.03413556,0.09887666,-0.043670204,0.04929417,0.012008446,0.0016389273,0.07539128,0.061933964,0.22628163,-0.18865545,-0.08979164,0.026733223,-0.030136669,-0.0152412485,-0.022608189,0.08276437,-0.07482363,-0.05291323,0.122117124,0.023532389,-0.034580894,0.114813596,0.085319154,-0.19074254,0.03358247,-0.15276602,0.010920321,-0.14702389,-0.18945992,0.14435732,0.08876496,0.054909803,0.12117253,0.16782054,-0.04693554,0.012796085,-0.06477181,-0.030700115,0.19691852,0.024463974,-0.042407796,-0.011494741,0.095686324,0.1960094,-0.08560838,-0.07400206,-0.0795711,0.02998912,0.08538338,0.05449419,-0.090993576,-0.014326005,-0.0349621,0.025308797,-0.09021513
TCGA-BH-A5IZ-01A,-0.073467,-0.084876284,0.11408777,0.13647386,-0.018140366,0.028693667,-0.036936555,0.075411186,0.029125787,0.13247131,-0.016414251,0.06826645,0.04962873,0.3952816,0.18879615,-0.037324175,0.051051136,0.1621154,0.09583907,-0.12148831,0.020941429,0.08881498,-0.029614544,0.092608154,0.013190085,-0.18092254,-0.21991032,-0.037480645,-0.023285372,-0.16097593,-0.101232074,-0.043566,0.018913662,-0.064127766,-0.16814159,-0.03753368,-0.06376678,-0.06472871,0.054051332,-0.025317637,-0.027561748,-0.024605984,0.16602978,-0.15235834,-0.051127568,-0.04887093,0.09995364,0.03873393,0.01572781,0.13572681,0.11520049,0.033441316,-0.010112571,0.04365279,-0.048660614,-0.113840036,0.09524643,0.11974329,-0.041407492,0.064437926,0.08074362,-0.092504464,-0.05410202,0.10111348,-0.063212715,-0.009237559,0.22323823,0.06452522,-0.029098367,-0.0059876046,-0.14927709,0.09724368,0.07678466,-0.27029076,0.14233962,-0.016849138,-0.07749983,-0.014681502,0.14500776,-0.07881505,-0.06677965,-0.14264171,0.047371443,-0.014613329,0.01985396,-0.1422196,0.0335118,0.049341865,0.07446562,-0.029330239,0.06260158,-0.119189136,0.0023432362,-0.033815343,0.056531295,-0.066940546,-0.03228087,-0.037454624,-0.048927035,-0.028126664
TCGA-A2-A0YK-01A,-0.06690586,0.04336261,0.073143914,0.1218899,0.022315819,0.092764184,0.06178835,0.07086179,-0.0024841663,0.14554091,0.081092745,-0.019822372,-0.048411492,0.10080107,0.19123118,-0.016361326,-0.0029870456,0.019770896,-0.077378914,-0.1656925,-0.062140364,-0.041806474,-0.0578777,0.035006836,-0.055153515,-0.040095896,-0.13535263,-0.16400729,-0.17169735,-0.06302711,-0.1508234,0.043795537,-0.18271697,-0.16788147,-0.14956316,-0.050292246,0.0024119203,-0.025026314,0.012066941,0.0802997,0.021718185,0.14744541,0.21342097,-0.12111794,0.054630797,-0.045430876,0.04584683,0.087229356,0.040299904,0.16988279,0.15878908,-0.080297075,0.16580711,0.10988311,-0.022009857,0.06728215,0.021456726,-0.067993954,-0.05391146,-0.038679626,-0.024893606,0.07319574,-0.09805716,0.05101685,-0.03999501,-0.04547733,0.13114366,-0.041863795,-0.08683688,0.08037732,-0.23144916,0.08674667,0.084793344,-0.17730324,0.12086464,0.09084567,-0.12706259,0.064729474,0.2509221,0.014204628,0.05268581,-0.12516232,0.03696012,0.116225354,-0.012058608,-0.15761374,-0.03015509,-0.0021027334,0.2071046,-0.042549916,0.008271366,-0.07782664,0.09636455,-0.016496403,0.107234225,-0.0038409063,0.07390822,0.10219722,0.060052335,-0.08581576
TCGA-LL-A5YP-01A,-0.145186,-0.06908204,0.06989216,0.03790139,0.100787915,-0.049403578,-0.017936492,0.12223602,-0.035920843,0.043839987,-0.0033438967,0.07211684,0.030580442,0.21016525,0.12608184,0.05361759,-0.021800626,0.09191575,0.02002046,-0.14359511,-0.07652046,-0.07306674,-0.18828976,0.07586855,-0.032151945,0.03578596,-0.21193469,-0.11605954,0.007973544,-0.09374136,-0.02046201,0.10034877,-0.0881956,-0.13314019,-0.10627515,-0.13187619,0.06259507,0.038241535,-0.006168949,-0.022709142,-0.06889867,-0.0021647697,0.17084336,-0.201032,-0.12814602,-0.029176919,-0.041660726,-0.1261007,0.027571527,0.112332575,0.15092991,-0.0067725517,0.03725702,0.15117863,-0.023385456,-0.0866989,-0.020617165,0.07346617,-0.19591779,0.12639806,0.058292445,-0.03176014,-0.026140098,0.061366085,-0.100557856,0.014555184,0.18685317,0.02388769,-0.075920165,0.1001029,-0.1463138,0.0706516,-0.067450166,-0.27302247,0.1273779,-0.022993531,0.07505498,0.10563848,0.07366772,-0.046646472,0.054459494,-0.03694608,0.008691656,-0.04849338,-0.13692375,-0.17229488,-0.008547259,0.1134912,0.099543706,-0.08652453,0.08855432,-0.25335824,-0.005904118,0.03365274,0.12364237,0.016806366,0.02202364,-0.10330484,0.068122976,-0.00023241785
TCGA-BH-A0W4-01A,0.00066940795,-0.09765685,0.0175187,0.012632171,-0.0379604,0.08146343,-0.15825567,0.144815,0.050356835,0.10809012,-0.048086658,0.0063486905,0.07340514,0.2434854,0.02729082,-0.06912632,0.0140123945,0.08427214,-0.044019405,-0.19209455,-0.009734745,0.0049763657,-0.107596874,0.13124031,-0.008521033,-0.13929044,-0.13759181,-0.05705435,-0.0027914217,-0.063993804,-0.072544254,-0.01817459,-0.09229457,-0.1194501,-0.09795338,-0.07986351,-0.09059469,-0.09007201,-0.01899742,0.040734567,-0.16110933,0.13390008,0.13275906,-0.12969373,0.011495516,-0.12405417,0.10838279,0.08322208,0.090657406,0.025398217,0.044303995,-0.14080837,0.1375068,0.1649062,-0.042180724,-0.030512137,0.034212057,-0.06543059,0.023133945,-0.016034668,0.028479336,-0.077110805,-0.112913325,0.11307706,0.05469933,0.08294734,0.26112613,0.061223008,-0.19316322,-0.013645611,-0.18252176,-0.056000087,0.07955899,-0.11675625,0.16037695,0.17158778,-0.030991983,-0.015964856,0.11815594,-0.049379386,0.019372415,-0.060176197,0.07890869,0.071144454,-0.14089803,-0.102407746,0.09761764,0.06996362,0.19090126,-0.06631564,0.057456058,-0.047182806,0.05488151,0.14825407,0.18763141,0.019402362,-0.121914506,0.051178966,-0.014903365,-0.04361367
TCGA-EW-A1PH-01A,0.036815595,-0.076177955,0.09367181,0.13113147,-0.011481617,-0.08938146,-0.05727851,0.06378704,-0.063250765,-0.030480664,-0.10699522,0.061540216,-0.08827425,0.2381182,0.030626588,0.005727628,0.00014561537,-0.010110482,0.09951356,-0.20058902,-0.18549602,-0.0991143,-0.097814344,0.020271424,-0.073847175,0.027725566,-0.13755643,-0.05042737,0.009523707,-0.027143117,-0.07162427,-0.0027733874,-0.02393865,-0.17118055,-0.13302816,-0.09375148,0.0022260589,0.003005587,0.020720717,-0.011595046,0.008899136,0.057280067,0.15896492,-0.0055233296,-0.119446605,-0.035018817,0.14531533,0.0203882,0.1063461,0.031806458,0.17544004,-0.057908382,0.1608303,0.1605532,-0.06648867,0.059436012,0.09935153,-0.005869926,-0.10130979,0.09413141,-0.023014903,0.014893023,-0.03781968,0.03954711,-0.12398713,-0.08825454,0.2800869,0.021227699,-0.09840314,0.012461968,-0.18081929,0.117623396,0.039798878,-0.16017294,0.07652201,0.11693628,0.048292466,0.033608325,0.13197209,-0.03875275,0.079564214,-0.16134469,-0.0586387,0.052646033,-0.011997215,-0.12954089,0.006839137,0.06447593,0.18242055,-0.089019686,0.1838108,-0.020752495,0.13718024,0.086173825,0.20815718,-0.061336443,-0.023097008,-0.09865241,0.12225641,-0.070488766
TCGA-BH-A203-01A,0.1305405,0.0051248726,0.20743279,0.031842154,0.00051403884,0.010514061,0.028638663,-0.013631677,-0.087519564,0.020065196,0.00011947003,0.0321391,-0.075746804,0.24679568,0.14814037,-0.049994353,0.041559212,0.0848717,-0.07838693,-0.13424055,-0.04264005,-0.028675549,-0.1361566,-0.0025268449,-0.01718271,-0.00585496,-0.18188794,-0.03659305,-0.038604815,0.0070818807,-0.2013229,0.040724136,-0.098996244,-0.18879712,-0.044324994,-0.033876963,-0.030024441,-0.09823312,0.010513792,-0.055673625,0.019688178,0.24193463,0.039470557,-0.0997808,-0.03388998,-0.04102476,-0.09875073,0.0028188108,0.036897223,0.09111994,0.041521568,-0.0010577961,0.05233677,0.08469404,-0.047861464,0.037281625,0.08180083,0.041974314,-0.11503547,0.16939113,-0.019099213,-0.04493187,0.094284706,0.0717948,0.0038885402,-0.07710802,0.18357073,-0.04576301,-0.059003517,-0.054829128,-0.31850055,0.107503355,-0.0496262,-0.2518533,0.06936381,0.14697887,-0.13445088,-0.0181785,0.13483794,0.041558422,0.017779376,-0.026952835,-0.038833745,0.14093538,0.049443193,-0.05759349,-0.1422949,0.062146384,0.088471815,-0.18780243,0.13644287,-0.10515978,0.18701258,0.063532256,0.02987119,-0.07715292,0.029353697,0.05493354,0.029182304,-0.013623974
TCGA-LD-A74U-01A,-0.029358769,-0.11667119,0.13678266,-0.047769483,-4.1492647e-05,-0.0075688064,-0.074847676,0.000339652,-0.12468988,0.10649716,-0.013782503,0.041910015,-0.051898737,0.18076757,0.13550144,-0.007164622,-0.053693324,0.0684606,-0.0074009453,-0.027883308,0.049262017,-0.048214592,-0.09621132,0.18040703,-0.006359807,-0.091411725,-0.21670382,-0.1621209,0.05970127,-0.042881634,0.03837409,-0.08918378,-0.13654034,-0.13533217,-0.13975003,-0.20499416,-0.118597835,-0.057299543,0.03977077,0.037698433,-0.015505204,0.104200944,0.07964828,-0.12981226,0.038855936,-0.009159664,0.013338892,0.08598076,0.022526577,-0.023361001,0.049600445,0.00039549256,0.029988995,0.15840897,-0.0021615545,0.09548884,0.02963192,0.063909344,0.015393277,0.016737172,-0.059980582,0.04667693,-0.15394047,0.14178461,0.010473684,-0.07101488,0.25275066,0.061369866,-0.13604902,0.03522575,-0.2189481,0.018966964,0.057793178,-0.23010084,0.13100223,0.0647077,0.024671495,-0.07618384,0.09592388,0.025325878,0.03482086,-0.13815263,0.058907352,-0.006685775,0.03465403,-0.14907357,0.03788935,0.116422124,0.21494374,0.009658463,-0.047238756,-0.111099936,-0.008756902,0.11013794,0.24606586,-0.1527859,0.046985716,-0.10841588,-0.029257676,0.008473679
TCGA-D8-A27I-01A,0.007956199,-0.229621,0.05671066,-0.006875271,0.0030604424,0.0756953,-0.032314114,0.10073411,-0.10182154,0.119757816,0.07495556,0.02406085,-0.03433576,0.24944754,0.16201694,0.018982265,-0.0047849733,0.06954496,0.014824871,-0.103807144,0.044257477,-0.07391332,-0.050818313,0.1820723,0.0049289293,-0.10662743,-0.1651904,-0.021955533,0.017845375,0.05307488,-0.005871973,-0.010131712,-0.04997874,-0.12396492,-0.13687825,-0.048771027,0.01933794,-0.021775026,0.03137544,-0.10367925,-0.13222282,0.10456556,0.15956275,-0.03841797,0.050594408,0.013687622,0.007446701,-0.0038131669,0.15007146,0.046037998,0.052080847,-0.007418027,-0.014762548,0.1301634,0.04513057,-0.039430402,0.112483695,0.057118796,0.0022509745,0.26134643,0.09816744,0.033126492,-0.07120872,0.08538244,-0.06310493,-0.047805045,0.18444332,-0.011013092,-0.09835424,0.1692187,-0.15568465,0.13715754,0.12393925,-0.30450198,0.10185331,-0.09953886,0.024556741,0.008463702,0.13841501,0.06757554,0.06413199,-0.12986822,-0.039790243,0.015964553,-0.06880168,0.017101923,-0.07368572,0.10613382,0.18341368,-0.14150955,-0.019107679,-0.12742533,0.033334825,0.032308076,0.004853202,-0.13179028,-0.090719275,-0.08700254,0.103532255,-0.06356675
TCGA-E2-A1B4-01A,0.023974748,0.04234086,0.08636095,0.09891634,-0.12471509,0.065716706,-0.08976094,0.020828238,-0.01897485,0.028934082,0.023385065,0.032370076,0.12075043,0.17784591,0.09885269,0.13904546,0.00014391312,-0.09128148,0.055086784,-0.17988122,0.017352697,0.043749563,-0.07445527,0.11349229,-0.025283558,-0.044942617,-0.216817,0.1005318,0.031694263,-0.08429517,-0.015780536,0.07971703,-0.18628527,-0.055516563,-0.11225308,-0.1274284,-0.064814314,0.008209961,-0.1044841,-0.069641896,-0.021686167,0.12951398,0.148267,-0.08430767,-0.11329135,0.096871994,0.073767856,0.1751015,0.09701591,0.11826456,0.12039775,0.14410862,0.015340665,-0.03176421,0.0040943474,0.048283733,0.12824875,0.05695677,-0.0050560646,0.016282814,0.048495766,0.012896106,-0.19823614,0.12559196,-0.03837782,0.070767894,0.13904181,-0.02646492,-0.03649472,0.05464333,-0.25955153,0.1052442,0.022728017,-0.30032805,0.15610442,-0.004579357,-0.021368157,-0.07079289,0.09271157,-0.09759259,0.03559611,-0.021553777,0.0697154,0.067414224,0.005478032,0.0052189548,-0.051785097,0.037082367,0.16683272,-0.050063413,0.019070577,-0.18079932,-0.027502662,-0.0382226,0.078132175,-0.1701292,-0.0076970262,0.0023890096,0.18833403,-0.067211516
TCGA-BH-A0HK-01A,0.0059596794,-0.11220436,0.18473153,0.04454105,0.06355696,-0.08612345,0.039395902,0.08056093,0.04352519,0.111578025,-0.014906964,-0.052791335,0.014864485,0.2316361,0.078946024,0.025628287,-0.026622292,0.03482817,0.017892407,-0.06611047,-0.12660187,-0.05511212,0.008679698,0.08424296,0.051055554,0.0052076164,-0.11017321,0.10613308,0.09416096,-0.07424961,-0.07281714,0.017793944,-0.18217355,-0.07038236,-0.21350358,-0.16213225,-0.011576396,-0.005691395,-0.029403122,-0.056643136,0.04371195,0.013523071,0.21057667,-0.05966432,0.055363487,-0.11309439,0.03713485,-0.0052287555,0.17320223,0.041298952,0.02189162,0.04159343,0.031099342,0.06870065,0.070827425,-0.031728316,0.21068221,-0.034017663,-0.0063818195,-0.07240851,0.11206703,0.021123648,-0.09708556,0.02840228,0.021117792,0.015172758,0.24244359,0.033989746,-0.086697645,0.101647,-0.19183978,0.049538158,0.07066151,-0.29391733,0.11523255,0.10828798,-0.027293354,-0.009939559,0.14147653,-0.0057981745,-0.016796134,-0.13549346,-0.082346685,0.03807531,-0.04341679,-0.26237628,-0.054833066,0.09075091,0.15174729,-0.030022992,-0.07070452,-0.03178082,-0.05315911,0.14450675,0.18085621,-0.08081164,-0.02532872,-0.11119063,0.010897162,-0.06100935
TCGA-AC-A5XU-01A,-0.01976434,-0.12766105,0.06377653,0.05260124,0.001692617,-0.007710847,0.0038685289,-0.009329622,-0.13936809,0.0040993574,-0.026402377,0.048579216,-0.06424689,0.2565444,0.19741268,-0.031405874,0.09065788,0.0891651,0.10221791,-0.043954596,-0.11762221,0.056847796,-0.16992705,0.017112272,0.028825989,0.0601064,-0.2396016,-0.013761287,-0.01853726,-0.06303518,-0.14352126,0.026244013,-0.1719072,-0.059652254,-0.05764197,-0.0905282,0.015359759,-0.05061912,0.040862095,-0.054986317,-0.14688233,0.15194362,0.12180347,-0.09771343,0.07069615,-0.03746321,0.103313744,-0.0021067117,0.108619474,0.17070587,0.07338416,-0.029977506,-0.0017026147,0.023070412,0.064568594,0.068215825,0.027227277,0.062514775,-0.13992533,-0.02610553,-0.029577717,-0.041206684,-0.09780616,0.11843325,-0.006913653,0.013192827,0.24852577,-0.0693962,-0.14023198,-0.03991724,-0.1726182,0.06689656,0.046718393,-0.2138833,0.14882609,-0.030147107,0.08183208,-0.07870029,0.17061469,0.018249175,0.08375434,-0.18308145,-0.01089721,0.031796746,0.054274783,-0.069125906,0.11945798,0.06940109,0.19252375,0.09014321,0.16076359,-0.056048196,0.04319592,-0.0075091016,0.060155507,0.004112448,-0.020230401,-0.21209203,0.07874557,-0.011348047
TCGA-AC-A8OR-01A,-0.043026015,-0.025107784,0.17257346,0.055423483,-0.019270604,-0.11772944,0.036566306,0.0930829,-0.02154799,0.029318055,-0.07533173,0.04100567,0.06831973,0.26080135,0.15709949,0.07528206,-0.0047030332,-0.0071054357,-0.010697746,-0.1933164,0.012001221,-0.0682499,-0.04657301,0.07182378,0.09898426,-0.0696353,-0.11135182,0.048922416,0.0029181717,-0.15313658,-0.06786287,0.046940353,-0.057550333,-0.19930078,-0.062978275,-0.12670876,-0.07139628,-0.03963883,-0.03875823,-0.13449457,-0.07031252,0.007944818,0.051570646,-0.15030052,0.058877602,-0.06988215,0.026887426,0.096428744,0.13796026,0.14872262,0.07357204,0.021639988,0.056844454,0.086446114,-0.08967371,0.14816217,0.021972334,-0.056927502,0.0067419605,-0.0019021468,-0.06388676,0.064952776,-0.08321826,0.16508861,-0.061165765,-0.108618945,0.2196032,0.011453726,-0.111940436,-0.0525348,-0.20816523,0.1385646,0.115044095,-0.2537,0.08485779,-0.024855185,-0.047185596,0.06836465,0.047122445,-0.010312997,-0.034787256,-0.18785213,0.022004629,0.06483232,0.11641171,-0.08057582,-0.015593866,0.09671399,0.15878865,-0.10806594,0.060598157,-0.13945277,0.115262575,0.02014705,0.21221365,-0.070051335,-0.09778552,-0.06349819,-0.04852417,0.024786804
TCGA-OL-A66O-01A,-0.01625649,0.025706299,0.21830261,0.12612699,-0.046701342,-0.019242987,0.039147142,-0.03008116,0.021915406,0.07239454,0.0035791928,-0.016001977,0.050320745,0.20134827,0.15293868,-0.02421256,-0.037699636,0.07912169,-0.024261547,-0.045748364,-0.06975904,-0.086593404,0.03388725,0.104085274,-0.009838544,0.04604616,-0.17999184,-0.07334336,-0.08352047,-0.12723942,-0.06307448,-0.020481523,-0.06291141,-0.1438591,-0.2009149,-0.031172173,-0.037338827,-0.03615015,-0.117491655,-0.040424597,-0.14636648,0.08810719,0.21383052,-0.105059825,0.058607146,0.046375208,-0.041899413,0.09999115,-0.0038450905,0.07691448,0.019025628,0.07801392,-0.021872533,0.12492254,0.027020788,-0.052953374,0.12128187,-0.08825744,-0.039566007,0.13775425,0.020154782,-0.068276174,-0.0014717722,0.09512811,0.004225856,-0.068165146,0.16959274,0.021945626,-0.09366489,-0.0041493,-0.15345836,0.0069284937,-0.09086872,-0.18254292,0.11431332,-0.09512623,-0.0149114,0.0103572225,0.18962814,0.1850414,-0.031534635,-0.11428061,-0.11500796,0.1906367,0.088499665,-0.077906795,0.069831565,0.15440457,0.06027642,-0.1946926,0.1119238,-0.060080387,0.19687639,0.13006821,0.15414956,-0.12364773,0.08102223,-0.066986516,0.024235401,-0.08852035
TCGA-BH-A0H0-01A,-0.07625665,-0.05892944,0.081144564,-0.04693065,0.08810567,0.052064482,0.049321033,-0.07879355,-0.07159417,0.0765804,-0.03569618,0.025239501,0.0016926703,0.23712797,0.18088682,-0.072369315,-0.024984954,-0.1051724,-0.082222804,-0.0612001,-0.09416338,0.030178523,-0.09542442,0.11386671,-0.08961666,0.08421796,-0.16012993,-0.06435751,-0.06818752,-0.14574343,0.035015497,0.01377098,-0.11420686,-0.16559517,-0.11950345,-0.119683936,-0.12375417,-0.012219813,0.011822879,0.017195588,-0.07355302,0.11939195,0.11171365,-0.061192367,0.11026636,-0.09180061,0.043442253,0.07762857,0.17962845,-0.0061994493,0.15970278,-0.045330126,0.11728153,0.09086978,0.04753981,-0.07467204,0.111346096,0.048455074,-0.07296182,-0.01929169,0.01359802,0.11951289,-0.068602055,0.109658055,0.014155008,-0.15742043,0.17846566,0.025696129,-0.0057585356,-0.07975177,-0.28784397,0.070230596,-0.053225633,-0.25604105,0.17309019,0.024524149,-0.022759574,-0.009484461,0.06818238,-0.031379532,-0.0035510992,-0.049847264,-0.0007144436,0.048446245,0.014575598,-0.032002006,-0.09542984,0.07221033,0.18972076,-0.07193108,0.13907558,-0.15676038,0.15678456,0.012758461,0.0972757,-0.09475071,-0.045814563,-0.08665373,-0.06322172,-0.14004461
TCGA-AO-A0JA-01A,0.046282716,-0.040161554,0.2213648,0.124269836,0.006238032,0.16302152,0.010251509,-0.10078095,0.0138931805,0.10011495,-0.024588328,0.051330075,-0.10382239,0.2941086,0.015598297,0.024842223,0.07485494,0.14398572,-0.03631379,-0.07064195,-0.1730826,-0.016791835,0.0007214732,0.19168493,-0.009901127,0.045321904,-0.24036457,-0.07094965,-0.034390107,-0.08289863,-0.029011073,0.008975007,-0.17972346,-0.23250276,-0.17485243,-0.13233116,-0.02696594,-0.09602267,-0.10708585,0.0031824522,-0.07467145,-0.017157268,0.18266101,0.083370574,-0.01703558,-0.07248597,-0.016910557,0.04321418,0.067642644,0.16929476,0.05229778,0.121058986,0.08437076,0.01035521,-0.059712213,0.009571745,0.047262557,-0.018533843,-0.045897245,0.0232028,0.11031437,-0.09181188,-0.099461146,0.10571747,-0.13725005,-0.13014053,0.15775773,0.01856914,-0.10321184,-0.11140443,-0.18103184,0.008761029,0.020567255,-0.018637747,0.08858215,-0.08322171,-0.031132376,0.103848115,0.16697796,-0.09540552,0.09674269,-0.08330227,-0.056812137,0.08139694,0.0045288284,-0.034250654,-0.029234558,0.0038716162,0.14207426,-0.011110908,0.07174694,-0.027228102,0.05286598,-0.123321675,-0.0026171438,-0.088753656,-0.004785715,0.023092173,0.121978946,-0.12115076
TCGA-E2-A1B5-01A,-0.048489135,-0.015751908,0.18057075,-0.03379122,0.055399105,0.08769975,0.04406415,-0.058453795,-0.11694493,0.16290106,-0.013147866,0.02534976,0.011504999,0.28417,0.00034641346,-0.105378546,0.074570276,0.078395315,-0.003404068,-0.12096782,-0.16365197,-0.11073027,-0.08743354,0.17278765,-0.12453698,-0.056969587,-0.10948449,-0.07782469,0.10827656,-0.06891495,-0.06407021,-0.034642912,-0.0933891,-0.17691359,-0.14767662,0.037180744,-0.06306267,0.0061742817,0.07246314,0.045328926,0.0014539167,0.10707723,0.096022554,-0.16467705,-0.006641378,-0.1030471,0.1144223,-0.02134873,0.031516757,0.09906543,0.11043213,0.052091394,-0.10133219,0.07511615,0.0004645449,0.0017199578,-0.055109218,-0.023580177,-0.09508372,0.0026786274,0.15673444,-0.01495034,-0.072452925,0.05147422,-0.11347664,-0.066640325,0.1150102,0.018348835,-0.047680724,-0.012147402,-0.3572272,-0.016368806,0.08182177,-0.21292903,0.10614427,0.06327609,0.052163426,0.087811634,0.15983026,-0.08385927,0.08466098,-0.06578789,0.02119015,0.03649519,-0.06401746,-0.09732967,-0.023064159,-0.08138171,0.10302385,-0.09548194,0.07370553,-0.16386004,0.14984787,0.037866797,0.19350806,-0.0021031837,0.026017206,0.0018872137,-0.001702259,-0.0017376157
TCGA-AR-A255-01A,-0.044998914,-0.11660242,0.059323743,-0.016544212,0.1453629,0.06794418,-0.08064489,-0.018354336,0.00477377,0.1209179,0.07724639,-0.0465425,0.021821378,0.28772697,0.27971107,-0.0008135831,0.030400814,0.11935641,0.062322985,-0.08922813,-0.07494884,-0.040246874,-0.08254742,0.17028394,-0.050074883,0.011818304,-0.21424678,-0.111954495,0.004657747,-0.13132992,-0.10965377,0.07653826,-0.17517956,-0.086406685,0.0075119687,-0.09061423,0.017965585,0.12276214,-0.06777048,-0.04121854,-0.05733561,0.19354033,0.16793789,-0.05159778,-0.078571185,-0.10445047,0.060516268,0.032757483,0.0050384356,0.15010367,0.02128998,0.13479093,0.0896213,0.061119888,-0.1176138,0.051023856,0.090747066,0.031991873,0.020428184,0.037309527,0.10382571,-0.122951105,-0.042669296,0.02252019,-0.044030175,0.16217488,0.091484234,0.005694326,-0.16387495,0.011240109,-0.16431622,0.07180542,0.017549932,-0.1983903,0.043349195,0.033749986,-0.10494936,0.0124219,0.1728675,0.110624276,0.042663477,-0.20342596,0.030458502,-0.081115365,-0.010927368,-0.08247139,-0.025449753,-0.019166704,0.060701355,-0.092070974,0.08718232,-0.115538925,0.07584975,-0.034383573,0.07878931,0.023669638,-0.05392962,-0.02751842,0.07686502,-0.14291172
TCGA-A7-A13E-01A,-0.026599204,-0.14282383,0.13232024,0.05958779,-0.035827488,0.11247109,-0.05904604,-0.0008183528,-0.14262146,0.1026461,-0.014093886,-0.045783088,-0.14173223,0.16081102,0.08812514,-0.10630088,-0.004751377,0.11422552,0.014991338,-0.084238835,-0.12378042,0.035236426,-0.07173869,0.091554396,0.03660046,0.0034274277,-0.1841639,-0.08860683,0.08880885,-0.043518785,-0.14333214,0.0069023944,-0.028230242,-0.1688269,-0.20999116,-0.049661756,0.03725443,0.03682239,-0.05394352,0.056787934,-0.040803663,0.03677568,0.15842453,-0.028978769,-0.010020918,0.026130183,0.058072712,-0.12831423,0.01967093,0.14243336,0.17747138,0.08811393,0.12596817,0.12988527,-0.025201064,-0.068,0.009650779,-0.0026341898,-0.010606142,0.058655605,0.053530544,0.06564522,-0.13241139,0.14384277,-0.07617264,-0.08191855,0.22318734,-0.05677708,-0.12247485,0.052335143,-0.1700494,0.043710295,-0.0010974405,-0.31110752,0.10009127,0.08122145,-0.030949224,0.01239624,0.14525859,-0.016220303,0.09249019,-0.07929087,-0.07256025,0.069182225,0.007402155,-0.23665598,0.028604647,0.11617936,0.05271992,-0.093722716,0.15830144,-0.018524785,0.08011407,0.031908136,0.14804886,0.019844437,-0.040342107,-0.06214155,0.060929943,-0.1255964
TCGA-A7-A6VV-01A,0.02738117,0.10449458,0.1775859,0.12083719,-0.12092247,0.07154269,0.011289689,0.0868819,-0.028389623,0.112844124,0.009562829,-0.0052907085,-0.06540578,0.2843302,0.11956707,0.09461058,0.007246547,0.17545891,0.036392014,-0.06805878,-0.021136627,-0.12692583,-0.10105267,0.14151499,-0.01951668,-0.045644753,-0.21118239,0.053534184,0.09145724,-0.0851716,-0.008646598,0.0021365206,-0.013590188,-0.27674094,-0.057558723,-0.10162077,0.017322408,-0.01146653,-0.0432414,-0.01521523,-0.038612615,-0.0051779104,0.1290412,0.022272572,-0.047523495,-0.12524134,0.04457155,0.09098036,0.02786149,0.13447309,0.021684691,-0.043331336,-0.01635399,0.027257472,0.030694386,-0.0265817,0.0795943,-0.05071361,0.03720737,0.029595062,0.08280985,-0.01098512,-0.0774367,0.09426531,0.013826949,-0.052115023,0.12221113,-0.00781244,-0.03652434,0.0037930678,-0.17755646,0.043859094,0.027045501,-0.30746636,0.1305101,-0.0057919766,-0.016709963,0.0063096783,0.22186403,0.023769995,0.124453664,-0.1951743,-0.053602982,-0.032784287,-0.068559945,-0.107900076,-0.008512486,-0.0131722735,0.22371636,-0.102953,0.078411065,-0.06925114,0.15010962,0.0903022,0.05578628,-0.18139818,0.003803572,0.064610936,0.114003845,-0.045571
TCGA-E2-A1LH-01A,0.014978281,-0.017202104,0.12524763,0.14925447,0.0911901,0.034422487,-0.0860704,0.10836107,-0.028174948,0.1414329,-0.13531263,-0.041201998,0.021658232,0.3152288,0.16615774,-0.101155646,0.019139975,0.052681807,0.017299939,-0.081009194,-0.21681239,-0.01674075,-0.03373169,0.01689567,0.016610095,-0.09171985,-0.07853266,0.0041287835,-0.11199287,-0.12248366,-0.15527132,-0.058750134,-0.13714173,-0.16278717,-0.12379557,-0.12830576,-0.13712989,-0.04062998,-0.0727544,-0.01435717,0.0076146694,0.11467433,0.09127649,-0.08953483,0.007640564,0.03316015,0.045634024,0.02127223,0.072997816,0.16486499,0.032732688,-0.07961572,0.052154668,0.115412906,0.015988009,-0.09715944,0.0054753455,0.02027669,-0.08138276,0.13536663,0.098405905,-0.0008032604,-0.03921176,0.075613804,-0.0643805,-0.1193999,0.043807767,-0.07334066,-0.10754679,-0.03507607,-0.26225072,0.037935577,-0.09567683,-0.12904808,0.09384605,0.021713184,0.011267539,-0.08366595,0.039442353,-0.019438269,-0.07490804,-0.11040435,-0.054149862,-0.029324247,-0.091991484,-0.19577047,-0.009108451,0.12424131,0.18941742,-0.025582217,0.15588833,-0.10576634,0.13210312,0.106010556,0.052527785,-0.09207791,-0.074629396,-0.0053943777,0.11393696,-0.11883617
TCGA-E9-A227-01A,0.018431917,-0.1649279,0.048274484,0.082463615,0.013607426,0.0331899,-0.0055510895,-0.042300556,-0.08447046,0.095712066,-0.11809861,0.096275456,-0.10796822,0.05743256,0.058851358,-0.18307105,-0.01290299,-0.0015232074,-0.04343997,-0.10999714,-0.02173274,-0.047373813,-0.12464749,0.19401705,-0.03701812,-0.07239902,-0.23112927,-0.04626663,-0.044099364,-0.15769644,-0.038390674,-0.018972592,-0.053135484,-0.14772984,-0.057501163,-0.04074585,0.12238484,-0.08518319,-0.04343102,-0.029083,-0.024546023,0.03658216,0.099146985,0.0041853054,0.0603922,0.001922108,-0.046396054,0.042675152,0.093274556,0.13516825,0.06719722,0.0071942424,-0.008867077,0.14723037,0.04122029,0.06406019,0.13026477,-0.076535426,-0.026204858,-0.0012174861,0.040411443,-0.053872522,-0.16462818,0.15063466,0.00921392,-0.011886437,0.15679364,-0.06844613,-0.12933406,-0.15632552,-0.26782346,0.18151936,-0.05410454,-0.21972466,0.18470359,0.071114965,-0.04754864,0.018057946,0.12707634,-0.08320579,0.05957153,-0.18358377,-0.080506615,0.13509685,-0.042162143,0.018812858,-0.17647271,0.1228775,0.14568889,-0.07820213,-0.014456603,-0.14230266,0.004752404,-0.05212618,0.113833584,-0.058563847,-0.036275648,-0.11250452,0.034064285,-0.11478754
TCGA-EW-A1OZ-01A,-0.06962718,-0.10831298,0.1637467,0.07340329,0.079581246,-0.012519081,0.029300144,-0.046634052,-0.03448986,0.04861183,-0.05428672,-0.12567617,-0.054555714,0.16883501,0.07685882,-0.18297844,0.05291847,0.0051497705,-0.01280653,-0.1274972,-0.0586302,-0.018995203,-0.018462522,0.049582396,-0.020034518,-0.05464523,-0.26312205,-0.025899103,-0.15656774,-0.14551994,-0.0911922,-0.018376634,-0.06400132,-0.0758138,-0.1586826,-0.1844085,-0.052194353,-0.017910723,0.02694681,-0.052444816,0.072757676,0.12850542,0.16590391,-0.083750896,-0.052740708,-0.0136959655,0.007441583,-0.19620134,0.022782616,0.025800591,0.07870644,0.020942677,0.07438168,0.07302302,0.0451608,-0.03879191,0.17240272,-0.022187756,-0.049225293,0.0024949107,0.019034792,-0.11141831,-0.13773179,0.16529067,-0.102414176,-0.005569408,0.14151475,0.0094592525,-0.09107167,-0.045257393,-0.13288966,0.14513461,0.02096259,-0.197215,0.1121678,0.082724534,0.004487745,0.1652421,0.13242099,0.061995767,0.017728966,-0.14441474,-0.008595633,-0.010340573,-0.08367318,-0.06472409,0.050456353,0.2631922,0.16160527,0.029369326,0.020393588,-0.16583928,0.14867915,0.043694187,0.023991575,-0.070922926,0.0036830648,-0.13727657,0.04212788,-0.105000906
TCGA-E2-A9RU-01A,0.09862099,-0.025477363,0.055439,0.111449495,-0.05360711,0.061090257,-0.012665297,0.08979892,-0.010728064,0.13224581,-0.059730005,0.05654222,-0.070947155,0.16299556,0.19114064,-0.028177878,-0.108810134,0.026970623,-0.070977196,-0.08985343,-0.17061757,0.051889315,-0.10297677,0.027777169,-0.026190078,-0.091975935,-0.19297732,-0.03596352,0.004419742,-0.10857244,-0.012601859,0.077500895,-0.06565204,-0.17198442,-0.040916946,-0.0750326,0.08969703,0.0013917445,0.0057500093,-0.065236345,0.030055055,-0.019228267,0.18614686,-0.01971873,-0.09878066,0.0028978281,0.07735051,-0.0035553635,-0.009389563,0.0550983,0.049134526,0.035786416,0.109384306,0.04542546,-0.042379938,-0.07529193,0.006077598,-0.03758987,-0.08920932,-0.0034142672,0.028777791,-0.15621783,0.0035712952,0.13027492,-0.06450505,0.0024112703,0.18485363,-0.028697044,-0.110229656,-0.093755655,-0.111839265,0.1383795,-0.09223006,-0.26804796,0.15552057,-0.036712702,-0.030843293,0.035999384,0.15861626,-0.072362654,-0.064221665,-0.15393765,-0.036867045,0.14970079,-0.06830085,-0.16766642,0.010741774,0.20612954,0.22302845,-0.02736083,0.04919479,-0.10286854,0.18689102,0.06540585,0.12073107,-0.14650346,0.017972948,-0.02591205,0.21640864,-0.045948654
TCGA-A2-A0EN-01A,0.07572814,-0.17903577,-0.0006095312,0.18646538,0.09179646,-0.031052364,-0.03012309,0.016590241,-0.07674792,0.021965725,0.08935128,-0.113571554,0.044951722,0.21428947,0.102959074,-0.13500577,-0.043482088,0.116231196,-0.016418964,-0.17580914,-0.061826404,-0.1323056,-0.05610521,0.012979099,-0.04837077,-0.036710665,-0.27966553,-0.07372826,0.049063317,-0.03496301,-0.08972184,-0.014029392,-0.02257459,-0.08253373,-0.16263571,-0.1339605,3.6630388e-06,-0.13172117,0.10670742,0.016643029,-0.10250698,0.07904804,0.12823822,-0.01857167,0.08364053,0.05984733,0.08450494,0.026247844,0.17951374,0.122111596,0.08033629,-0.010099687,-0.07653904,0.10357124,0.0012149969,-0.022515606,0.06445875,-0.06430829,-0.10406083,-0.16873242,0.07912366,-0.070676215,-0.09204384,0.06553663,0.04469292,-0.017434858,0.21346615,0.0581673,-0.069816835,-0.042327635,-0.18788986,0.0009578125,0.037348773,-0.24304773,0.20186503,0.1389695,0.038368993,0.010791913,0.1395905,-0.07593551,0.01584092,-0.06035816,-0.1426984,-0.043507043,-0.06836101,-0.10789288,-0.03264953,0.11911883,0.13588418,-0.060706615,-0.0073653567,0.06521495,0.16675031,0.009491806,0.040118016,0.040912773,0.01079561,-0.10424384,0.0005034556,0.019923132
TCGA-D8-A1JC-01A,-0.06713428,-0.08108682,0.09963373,0.037965737,0.0008055266,0.098360956,0.06874478,0.12631975,-0.0735225,0.061033826,-0.016205616,-0.0002449562,-0.016590133,0.15013014,0.2174972,-0.10892488,0.066028655,0.13057467,-0.028991694,-0.10405375,-0.12706979,-0.05053681,0.0070398757,0.03694347,0.024081014,-0.041880667,-0.21349047,-0.012724534,0.007396544,-0.119975135,-0.076086245,0.053985965,-0.02578552,-0.03840994,-0.14202806,-0.085091114,-0.00023166486,0.07121128,-0.016488792,-0.02391493,-0.14847025,0.023039218,0.10639383,-0.19700253,-0.007346357,-0.04008314,0.07530889,0.116456516,0.19501477,0.30050993,0.06362983,0.108321555,0.09268905,0.013727373,0.0972775,0.039033458,-0.0026965023,-0.018265206,0.019730553,0.19091985,0.044793516,-0.062355112,-0.08102299,0.1878792,-0.043366063,0.017105535,0.102459125,0.015387683,-0.07928084,0.0907849,-0.15297034,0.08258907,0.019864522,-0.2271735,0.10677103,-0.0015371013,-0.008225482,0.026066462,0.14294633,0.010355466,-0.08382402,-0.023506809,-0.038448974,0.11598962,0.003069952,-0.09227529,-0.111483015,-0.0020448337,0.19035518,-0.044584654,-0.0144536225,-0.20082672,0.005786352,0.059668425,0.074524805,-0.103712186,-0.23107769,-0.113379404,0.018197827,0.04938789
TCGA-OL-A66P-01A,-0.084834,0.029565629,0.15742163,0.13575383,0.010258476,0.060509536,-0.10118714,0.0403964,0.015103058,0.0749784,0.00020333866,-0.0102154175,0.0029307352,0.3064084,0.13900082,-0.04125806,-0.05082546,0.13408843,0.032264702,-0.12760909,-0.10174719,-0.10790283,-0.056962088,0.03862866,-0.04814605,-0.12016094,-0.18202527,-0.04186525,0.04354999,-0.10082496,-0.14479087,0.032091606,-0.06596108,0.0015325252,-0.18853159,-0.13938057,0.02319033,0.032453608,0.01446226,-0.031820837,-0.015616686,0.04918498,0.18298334,-0.058838848,-0.097522795,-0.07409953,0.026472123,-0.06504629,0.12838882,0.20537451,0.054993264,0.1672783,0.070775576,0.12009239,0.033581015,-0.065359004,-0.011994895,-0.08960313,0.0005287955,-0.005997962,0.03221842,0.06603248,-0.12458983,0.24482049,-0.036014885,-0.09656808,0.09054013,-0.0752931,-0.122784965,-0.036031872,-0.13276576,0.046801135,-0.12142073,-0.16530079,0.12384079,-0.08030309,0.12551352,-0.015625698,0.14044748,0.1297614,0.0066181337,-0.032708444,0.029929629,0.1849357,-0.0934966,-0.06880337,0.010960333,0.05880395,0.19788471,0.010206836,0.015697952,-0.06522796,0.17844883,0.018951325,0.103914276,-0.03621937,0.038738325,-0.08061903,0.022309972,-0.09854521
TCGA-D8-A27W-01A,0.015713967,-0.015170696,0.075912915,0.029906522,-0.05306208,0.10050006,0.018077314,0.06560676,-0.04886079,0.08789538,0.021625748,-0.046305012,-0.034110695,0.23936866,0.18971893,-0.1490479,-0.06500636,0.052905407,0.10921176,-0.019898001,-0.012354943,-0.04827205,-0.16900873,0.0393067,0.008531749,-0.032652646,-0.19913042,0.027521603,0.16611922,-0.00039080606,-0.13179262,-0.044244137,-0.12989728,-0.22295876,-0.07163579,-0.18219636,0.067898914,0.009336928,0.014216229,-0.14577265,-0.028877381,0.17067122,0.15101211,-0.14878103,-0.11719702,-0.08986313,0.060404096,-0.04681345,0.007621167,0.19572125,0.08542094,-0.009616896,0.040124975,0.040027697,-0.00497517,-0.10935532,0.04792503,0.1907258,-0.021599844,0.042396612,-0.07256535,-0.03537767,-0.10540242,0.034892466,-0.11058163,0.02175739,0.2029269,-0.037040964,-0.05294385,-0.007974988,-0.2020089,0.09797656,0.036556106,-0.1318213,0.13691115,-0.0060515283,0.021208644,0.059899073,0.14352658,0.06116801,0.16420566,-0.064527385,0.005661234,0.0095408205,-0.002788564,0.08244145,0.008637423,0.16444567,0.1827208,-0.11322243,0.15032586,-0.059181646,0.07456181,0.09334751,0.08709816,-0.005647854,0.041185096,-0.019644242,0.10205464,-0.070003934
TCGA-AN-A0XR-01A,-0.022579053,-0.0039161053,0.09924781,-0.04311527,0.09207406,0.044809055,0.094395384,-0.059859294,-0.093906246,0.1291844,-0.009721787,-0.020096723,0.022757351,0.22198942,0.03402199,-0.03272154,0.14971052,0.080327064,-0.0653924,-0.17090671,0.022069536,-0.09882048,-0.2123215,0.10679014,0.044750612,-0.05821417,-0.2033001,-0.11339492,-0.04263156,-0.006266001,-0.080241345,0.09844695,-0.14888303,-0.16176668,-0.10471406,-0.049900237,-0.1180524,0.028320206,-0.13246848,-0.10037716,-0.027786102,0.13512422,0.2280728,-0.1323708,-0.023537526,-0.070925005,-0.01134354,0.091002546,0.20515518,0.057934135,0.06965338,-0.035892434,-0.006020037,0.11592276,-0.0666865,0.015995547,0.026593816,0.1195925,-0.12311668,0.075532205,0.021130502,0.03533977,-0.098413944,0.1555895,0.032209687,0.042692896,0.08150698,-0.023702662,-0.1529254,-0.017571492,-0.15407753,-0.07427021,-0.039229892,-0.2625504,0.07323928,0.06574927,0.05307865,-0.03415741,0.07336517,-0.051273406,-0.004138385,0.06651096,0.03166472,0.1855705,0.1386175,-0.18466945,0.08815706,0.07078462,0.11912652,0.061672468,0.030706886,-0.05186594,0.103715554,0.03915507,0.04225033,-0.056476273,-0.03463696,-0.10985844,-0.07066311,-0.11771358
TCGA-A2-A0SX-01A,0.035328038,-0.06741439,0.061487142,0.15016896,-0.078572065,-0.040169314,-0.0852526,0.0047009555,-0.012600316,-0.053830266,0.10824228,0.063255005,-0.07197327,0.29735765,0.23863761,-0.03541671,-0.00014030376,0.023048392,-0.017099584,-0.11729979,-0.04978688,-0.1449042,0.04314699,0.02642592,0.029709678,-0.17603242,-0.1695126,-0.15103413,-0.047237184,-0.13373028,-0.123815715,0.02252539,-0.075199984,-0.06588517,-0.05133063,0.028806258,-0.054800037,0.022526786,-0.13673379,-0.056195322,-0.09968277,0.06288306,0.11634599,-0.18763472,-0.053897027,-0.029344147,-0.034908142,0.0401635,0.09100365,0.16457164,0.22356884,-0.06559224,0.18429278,0.08392231,0.07247893,0.029495317,0.008893484,0.0152344145,-0.066441834,0.07200761,0.051296372,-0.062808916,-0.09255961,0.065729804,-0.014744201,-0.0011354603,0.23057702,-0.044475995,-0.13989751,-0.058076143,-0.25817767,0.14470886,-0.02612236,-0.27349898,0.022491034,0.034248758,-0.014811938,0.07405252,0.11715491,-0.05778001,0.05043506,-0.10105318,-0.015382265,0.01265307,0.03531829,0.009426985,0.018454442,0.14989156,0.15622997,-0.052505776,0.047875524,-0.055113204,0.004537769,-0.035912544,0.08291705,-0.0029819054,0.008130742,-0.044945743,0.022471651,-0.040141307
TCGA-AR-A24Z-01A,-0.008360966,-0.10789018,0.09061115,0.1444942,0.063445486,0.05785879,-0.018330712,-0.02470214,-0.081225894,0.10757121,-0.030179586,-0.012868649,0.0052405116,0.15147454,0.20474944,-0.16299708,0.04191448,0.056139328,0.16936973,-0.10479567,-0.14836563,-0.043182857,-0.20840721,0.0071367393,-0.028495112,-0.07549377,-0.2498996,0.003065621,0.03112322,-0.037034754,-0.105793394,0.05843441,-0.10879978,-0.13863309,-0.14944366,-0.069690935,-0.07841448,0.032206547,-0.1476169,-0.11198653,-0.10495038,0.11165219,0.05694463,-0.031938873,-0.101068206,-0.015909249,0.14443745,-0.06216572,0.101512134,0.10406332,0.07182893,-0.017464858,0.042940266,0.13059628,0.10404597,-0.044902388,0.05046545,0.08382305,-0.07313756,0.047473617,-0.024391279,-0.06916604,-0.09642873,0.1708013,0.034870677,0.04210964,0.13721718,-0.009479427,-0.11484645,0.109057546,-0.15158932,0.003923262,0.06650826,-0.21286915,0.15537857,-0.009424208,-0.05678721,0.072394915,0.08958032,-0.013195023,0.0034589106,-0.10293261,0.049328405,0.0793788,0.06484321,-0.28959996,-0.020667665,0.14649251,0.10239472,-0.0666999,0.05297914,-0.07866248,0.0747025,0.08237643,0.048200205,-0.026273761,-0.07952272,0.03681661,0.08108595,-0.12948985
TCGA-C8-A1HN-01A,0.12667781,-0.061340984,0.014218877,-0.013428171,-0.0789156,0.17810482,-0.10747411,-0.06455296,-0.058214284,0.06471414,-0.008194201,-0.092148535,-0.044880945,0.19531682,0.18422656,0.01356442,0.04692798,0.14414912,0.010578965,-0.086985916,-0.17629535,-0.023488954,-0.0744932,0.108562954,-0.00959022,-0.09905904,-0.1174178,0.026728861,-0.03511889,-0.095478274,-0.0829587,0.08772122,-0.0880037,-0.21994445,0.020564547,-0.14913067,0.034622837,-0.1548224,-0.026024327,-0.054766506,0.019751031,0.012171002,0.14306332,-0.09753614,-0.047459032,-0.074599296,0.027907405,-0.03266986,-0.024945926,0.14029188,0.11434087,0.052192055,0.07057545,0.06975788,-0.07438936,0.046366077,0.14332901,0.08278337,-0.010895525,0.11152919,0.03535877,0.07277137,-0.032517258,0.08456319,-0.09715727,0.0015619873,0.21986492,-0.053247936,-0.08619638,0.026183197,-0.18450175,-0.04293673,-0.013326703,-0.2702295,0.105653256,-0.1257667,0.032782596,0.021423414,0.116386116,0.11797774,-0.032955658,-0.09127645,0.05762693,0.066315606,0.11263667,-0.07748347,0.03632339,0.23747788,0.11214288,-0.13228963,0.10670911,-0.026136074,0.20019522,0.044529542,0.17974462,0.028356366,-0.026483828,0.024990696,-0.033598457,-0.059116278
TCGA-V7-A7HQ-01A,0.020682478,0.0065506794,0.08598891,-0.066441186,-0.030120539,0.1177288,-0.07392808,-0.04518637,-0.12085053,0.07448326,0.06801407,0.03462292,0.032938395,0.32920945,0.1984293,0.058176357,-0.06964135,0.08650832,0.08934779,-0.19985308,-0.06749145,0.035739508,-0.023158621,0.11807378,-0.023379453,0.025192006,-0.2576911,-0.07178214,-0.10406687,-0.021447405,-0.026744153,-0.03418445,-0.21556534,-0.16787083,-0.1523772,-0.13807468,-0.11097972,-0.10695516,-0.09450234,0.03569144,-0.027866762,0.0037118352,0.12568517,-0.087672114,-0.074044235,0.011753396,0.006541399,-0.017645212,0.10731448,0.032766808,0.078083076,-0.00031987135,0.018715575,0.13326026,-0.0419031,-0.005936157,0.032043822,-0.026134552,-0.10077548,-0.116780296,0.024958577,0.0048804586,-0.073872134,0.12193351,0.008523857,0.014569664,0.049281858,0.02320523,-0.090825625,-0.09119509,-0.2095142,0.13800037,-0.051980447,-0.20748864,0.18479615,0.086206734,-0.02533733,0.031368185,0.18683866,0.012672295,0.029026862,-0.03651704,0.1412475,0.017677972,0.060132064,-0.025796983,0.045488693,0.15866992,0.08905472,-0.09685169,-0.020429654,-0.027348274,0.20598528,0.043407034,0.108520105,-0.04322678,-0.018577306,0.04133584,-0.015712688,-0.12277144
TCGA-GM-A2DM-01A,0.03958841,-0.072584756,-0.006423584,-0.0693957,0.11392709,-0.08377503,0.0013342652,0.077333786,-0.031788915,0.035998337,-0.009264422,0.02281388,-0.016408583,0.3031665,0.13724297,0.025728507,0.05226482,0.15746522,0.10951251,-0.17083417,-0.122138575,-0.12351021,-0.037349418,0.13899866,0.070423566,-0.061125256,-0.13227627,-0.007723735,0.014146656,-0.062410206,-0.13103713,-0.02815796,0.02850014,-0.056628123,-0.20207062,-0.23030256,0.024506362,-0.017021352,-0.1060457,-0.008350639,-0.164177,-0.009338029,0.11499557,-0.094349936,-0.08871963,-0.088247806,-0.012161313,0.07777928,0.0586912,0.08211928,0.06457793,0.04392764,0.108534515,0.07592852,-0.033274062,-0.050382633,0.0393319,0.014029724,-0.09136072,-0.07742204,0.086254254,0.068144046,-0.12995084,0.11111249,-0.07551934,-0.075996056,-0.048796758,0.12183949,-0.1485742,-0.0030199378,-0.15620801,0.12109305,-0.03768649,-0.24037844,0.1433094,-0.08752595,0.038064398,-0.03290217,0.18130203,-0.031473838,0.028101554,-0.14825876,-0.0043688426,0.12543085,0.08502768,0.07068597,0.00091033516,0.19672048,0.23232304,0.01998626,0.098670654,-0.065014064,0.09234535,-0.0116865365,0.112217754,-0.064647034,-0.06064802,-0.056846492,0.0047329273,0.005991506
TCGA-AR-A2LM-01A,-0.0781879,-0.15241365,0.030668408,0.07697348,-0.005054993,0.057207327,0.105235204,0.02792832,-0.029856734,0.06193997,0.020945052,0.038357276,0.09854503,0.23211335,0.2065248,-0.13946162,-0.1606133,-0.029710272,-0.003590809,-0.23936483,-0.07744332,0.012046512,-0.059803024,0.010732149,0.05319047,-0.11975128,-0.17165485,-0.10016134,0.0074996687,0.11303895,-0.046730254,0.10967388,-0.07944178,-0.084378384,-0.17340954,-0.19406812,0.0129679125,0.016805429,-0.025552062,-0.22376436,-0.035285283,0.038108807,0.103218034,-0.08374485,0.093103535,0.012291491,0.08031788,-0.10590566,0.12699243,0.077310726,0.22698882,0.038441014,0.056821447,0.078278996,0.029459523,0.025006728,0.113372095,0.06690954,-0.07202765,-0.10743953,-0.038987253,-0.032704618,-0.053394675,0.09892324,-0.08249494,-0.10676631,0.077746145,-0.0483539,0.0008613371,0.040285528,-0.042972628,0.06792447,0.015326402,-0.19124779,0.0409187,-0.075211965,-0.03770317,0.024908612,0.22944076,-0.02781726,0.041528523,0.023140406,-0.06523843,0.15260299,-0.053886205,-0.14208688,-0.11857176,-0.015826559,0.21579131,-0.056770522,-0.04395158,-0.15822847,0.142197,0.07030654,0.064064,-0.055897616,-0.03088236,-0.068815805,-0.037250075,-0.08149044
TCGA-D8-A27H-01A,-0.06260066,-0.044194926,0.12254132,0.08684123,-0.16112104,0.12522507,-0.059832193,0.103171185,0.0032168857,-0.045859966,-0.0822567,-0.034883842,0.009975472,0.17636861,0.22276603,-0.058343746,0.099133134,0.11472726,-0.0654506,-0.074087456,-0.034829576,-0.09429452,-0.053561766,-0.010439192,-0.016941417,-0.01541319,-0.14882158,-0.13903238,0.018032307,0.047125444,-0.043390974,0.08731222,-0.063812226,-0.23491529,-0.12680656,-0.10741354,0.00412992,0.008810437,-0.039688922,0.07720193,-0.09691717,0.18371578,0.20107186,-0.0844995,0.050279103,0.07997353,-0.044443004,0.112145185,0.14186215,0.10765732,0.086017735,-0.051373076,0.13457261,0.0920797,-0.02961603,-0.037442267,-0.035445947,-0.0198663,-0.028010627,0.036959354,0.045497105,0.016786274,-0.1343037,0.21340868,-0.031776708,-0.12946115,0.16576746,-0.010564209,-0.06191612,0.090238824,-0.15213093,0.07191689,0.03371941,-0.13276958,0.009714712,-0.057247046,-0.01724845,0.04091856,0.1930794,-0.059677593,0.1170852,-0.075436614,0.034652323,0.09656801,-0.11655288,-0.13050129,0.001135375,0.14261897,0.16524641,0.040491927,0.017686944,-0.19895284,0.21616147,0.085043214,0.059362117,-0.030213345,-0.016087322,-0.04835908,-0.10502497,-0.008770658
TCGA-BH-A1F0-01A,0.013831003,-0.10391262,0.16288196,0.029216176,-0.013123512,0.018196987,0.0029885182,0.07573449,-0.120856434,0.014276423,-0.025159186,0.073627435,0.024436938,0.25418767,0.08227794,-0.11659582,0.083567075,-0.009073029,0.10800655,-0.12288401,-0.08341024,-0.16669823,-0.11468614,0.13691162,-0.047203828,-0.15009826,-0.14659806,-0.029326836,0.09208496,-0.008585285,-0.05925462,0.08102839,-0.116201915,-0.09439644,-0.16548175,-0.1197082,0.039202634,-0.11579048,-0.071105674,0.05824639,0.015710944,0.08055805,0.1431567,-0.050703548,-0.061724063,-0.05903679,-0.04801363,0.077834375,0.05326894,0.25169513,0.060765564,0.10907499,0.08057582,0.13382131,-0.07803535,-0.15529728,-0.04467711,0.008412192,-0.011502142,0.017596753,0.03606459,-0.078196965,-0.00842755,0.072238736,-0.024726512,-0.029913422,0.13119166,-0.05417574,-0.12924251,-0.057655003,-0.23276442,0.11639717,0.012722808,-0.32940808,0.082720354,0.048452247,-0.028632676,0.066923276,0.1537401,-0.02439118,0.08840084,-0.00774781,-0.04508835,0.02564239,-0.05188404,-0.11273575,-0.12851855,0.016318282,0.066254385,-0.15047109,0.12679522,-0.17684044,0.07937321,0.056765474,0.021064943,-0.057921406,-0.055464607,-0.057082053,0.03747916,-0.056201395
TCGA-C8-A1HF-01A,-0.048831075,-0.1394826,0.1812767,0.031687934,-0.067054994,0.082070924,0.044360038,0.05907885,0.0033674063,0.111478664,0.041059084,0.0395796,0.0396411,0.18787004,0.12891592,-0.071421005,0.017554501,-0.022180986,-0.00755131,-0.09233658,-0.04170353,-0.19031127,-0.11870523,0.03616523,0.0760633,-0.10334112,-0.27582192,-0.12911367,-0.0814551,-0.044439666,-0.109164335,0.15466468,-0.2047909,-0.0877267,-0.017236045,-0.15345158,-0.019500637,-0.043957263,0.0015938072,0.080819055,-0.06348644,-0.010190919,0.15796188,-0.04698244,-0.11059044,0.03439299,0.0098018125,0.039060183,0.06970226,0.06580549,-0.02721529,-0.013082875,-0.09509671,0.10066479,-0.14972371,-0.0804864,0.030517492,-0.097053945,-0.11464609,-0.01223334,0.015115269,-0.0008623693,-0.12869914,0.0680161,-0.103401616,-0.12659572,0.10506333,-0.018554794,0.019447124,-0.082280174,-0.22354752,0.059177857,-0.04394403,-0.20012239,0.024071673,-0.077129915,-0.04366917,0.045520354,0.17043847,0.041233692,0.12264539,-0.12510465,-0.092961386,-0.002833522,-0.14209732,-0.09855865,0.005222233,0.18467627,0.14850308,0.083761714,0.050452854,-0.19568627,0.0915529,0.02589917,0.18760303,0.020803519,0.033656824,0.037369225,0.027622225,-0.042569835
TCGA-BH-A0C0-01A,-0.016260955,0.0046503767,0.14168811,0.093520574,0.049814172,-0.10499502,0.061764643,0.08773045,-0.025362613,0.077110335,0.019438311,-0.031242857,0.030322153,0.16681646,0.16729635,-0.12372246,0.014652431,0.11567823,-0.10673691,-0.21151522,-0.121776216,-0.08688574,-0.030725215,0.06365836,-0.070702545,0.0018950047,-0.1608949,0.0128259985,0.044251785,-0.1680171,-0.006654718,0.05127223,-0.08000749,-0.20695867,-0.19963174,-0.103111096,-0.017652962,0.012136447,-0.08866749,-0.07539424,0.09343065,0.060840525,0.12416752,-0.028427651,-0.02768233,-0.029620485,-0.0347849,0.09494036,0.0029479368,0.22139092,-0.05362555,0.0311966,0.08753845,0.029334042,0.021499055,-0.12426454,0.086635314,0.008489168,0.008692359,0.013310163,-0.07799648,0.040036,-0.081356525,0.13989171,-0.07848403,-0.016205177,0.2567089,0.012838618,-0.0637369,0.03930119,-0.24159393,0.019650232,0.08464785,-0.07299104,0.14793967,-0.035495006,0.07900339,0.17529991,0.21164024,-0.07267271,0.081522785,-0.076257534,0.060425412,0.17497957,-0.053045046,-0.13409524,-0.06682639,0.1421228,0.15144424,-0.0139293,-0.012008755,0.0636999,0.063061774,0.020424277,0.14270614,-0.039894957,-0.10189586,-0.110383876,0.013130669,-0.058974244
TCGA-D8-A1JE-01A,0.045504037,-0.12664609,0.042574733,0.01067015,-0.055955578,-0.073018014,-0.14013124,0.057962805,-0.09398184,0.07720348,-0.046455458,0.059697405,-0.044260133,0.22627132,0.167847,-0.036897775,0.033792775,0.122500665,-0.031498335,-0.29637882,-0.046909235,-0.10723931,0.082618006,-0.03611705,-0.047035817,-0.017130714,-0.19089405,-0.07468734,-0.015463269,-0.06734422,-0.04054564,-0.06996979,-0.16348055,-0.16043825,-0.1500458,-0.043663505,-0.03482278,-0.011863594,-0.031852268,-0.019820949,-0.053001374,0.1865557,0.095566966,-0.06554727,0.052665345,-0.105159834,0.11028387,0.068082005,0.118840605,0.11035863,0.08588267,0.052273408,0.10061196,0.10806744,-0.072283775,-0.0058306903,0.21271688,0.030210543,-0.018771308,-0.06495204,-0.07849016,0.0049801166,-0.08706664,0.06950737,-0.027398478,0.0002877317,0.07313788,-0.012737835,-0.054271843,0.052617867,-0.2285025,-0.054185648,-0.06940029,-0.17704539,0.036947712,-0.0106329825,0.007432778,0.0075630737,0.24845345,0.16308825,0.08375684,-0.16466781,0.12233223,0.091155745,0.04862235,-0.113927595,0.037824992,0.20437898,0.09841404,-0.039238248,-0.029166253,-0.10157389,0.08416135,0.0016254731,0.14986306,-0.027392672,-0.029944165,-0.019381622,-0.06720666,-0.02993499
TCGA-E2-A1LG-01A,-0.07406471,-0.00431764,0.12105755,0.03482148,0.044818804,0.11156042,-0.09844078,0.031626865,-0.15248396,0.014739907,0.007923372,0.059502363,0.011029956,0.24614485,0.09299998,-0.120231725,-0.067361474,0.10379376,-0.059220422,-0.17953111,-0.04053977,-0.084034234,-0.018169237,0.1214944,-0.07036598,0.014485041,-0.25367197,-0.050677188,-0.03559171,-0.14038534,-0.107052386,-0.010963316,-0.1009058,-0.11586254,-0.24478987,-0.12417711,0.022094157,0.03715905,-0.102716535,-0.04780247,-0.07240651,0.04869212,0.14058687,-0.04140173,-0.031676233,-0.119352944,0.07178197,0.017117426,0.03889853,0.16018304,0.19425409,0.1893651,0.18859433,0.033230722,0.016537508,-0.03750132,0.034929454,0.11347263,-0.044033237,0.035847776,-0.038918078,-0.024038684,-0.012581937,0.20339905,-0.14573032,-0.0741728,0.12915298,0.00336845,-0.09620241,-0.090770654,-0.14929353,0.05167702,0.0066455547,-0.15692028,0.09664942,0.07186445,-0.10979042,0.019781673,-0.00081004755,0.033950526,0.010164491,-0.15370265,-0.11381013,0.118951984,0.003854002,-0.1421492,-0.06796,0.0844159,0.123494945,-0.05541977,0.057100747,-0.036207996,0.0964417,0.0298228,0.07230891,-0.16685422,-0.062063932,0.06886458,0.045041237,-0.037290387
TCGA-BH-A0AW-01A,0.071878396,-0.079969496,0.0965019,0.12356329,-0.0697488,-0.009679277,-0.009760149,0.10185833,-0.026833452,-0.0025214176,-0.016006267,-0.008432294,0.005125064,0.3333522,0.13375036,-0.023870552,-0.019904217,0.083329186,-0.023216521,-0.05381701,-0.0018528096,-0.1430317,-0.13380851,0.030243464,0.11169237,-0.013271,-0.1049281,0.00096309406,0.0035606795,-0.19092843,-0.009794229,-0.0023960827,-0.1125128,-0.18916233,-0.13044868,-0.06467703,-0.012724423,-0.06265511,-0.18979391,-0.08530351,0.013943905,0.1399328,0.122465566,-0.08780092,-0.033188026,-0.04966891,0.03363238,-0.10519124,0.02639207,0.1744538,0.10358496,-0.035857785,0.007458157,0.07510615,-0.07800292,-0.028083961,0.033343825,0.0058379276,-0.062315628,0.001040545,0.11955866,0.04813373,-0.051830642,0.18852706,-0.03866989,0.011149939,0.123013325,0.07591956,-0.21781212,-0.11897766,-0.11064048,0.13359724,-0.010554064,-0.09702595,0.069704026,-0.10116306,0.0061451085,0.0528499,0.26948154,0.052144613,0.019004101,-0.10969298,-0.030435907,0.0681673,0.075139344,-0.19082595,-0.039290693,0.12916033,0.21569525,-0.08364969,-0.073355,-0.14873153,-0.08082868,0.05638466,0.042730168,-0.082902394,-0.031652447,0.016648337,0.11308955,-0.08871908
TCGA-C8-A26Z-01A,0.08383081,-0.09413319,0.057668984,0.11485211,-0.061269823,0.1667326,0.08360929,-0.0503233,0.060789265,0.15813617,0.09938685,-0.021822024,-0.04371135,0.21129906,0.058976095,-0.0144755095,-0.021639068,0.20344143,0.087892115,-0.1608651,-0.017113883,-0.019037537,-0.09649415,0.02837575,-0.016501047,-0.042191662,-0.13438353,-0.046542577,0.03650684,0.019908093,-0.0121506965,0.035330184,-0.12237603,-0.24222744,-0.16462977,-0.09856574,-0.053569593,0.060004584,-0.019222252,-0.17996472,-0.005229075,0.13055688,0.17117725,-0.032004103,-0.013920901,-0.03358426,0.017067809,-0.12167376,0.07719509,0.079799145,-0.0003461423,0.08206664,0.020186814,-0.082504004,-0.10248749,0.09285992,0.032399878,0.19489317,-0.020235524,0.035459176,0.04837281,-0.073063366,-0.15571378,0.14737995,0.03189,-0.10732973,0.18369584,-0.041116152,-0.047895238,-0.10895217,-0.052420355,-0.013884512,-0.03939087,-0.27813992,0.037866723,0.03248586,-0.068634436,0.096876375,0.18126099,0.039947573,0.02617006,-0.12063309,-0.10718846,0.09763988,-0.03343148,-0.13144459,-0.08608039,0.0527455,0.18369696,0.06942974,0.11369957,-0.111282125,0.07975944,0.046456356,0.09092245,0.00089314504,-0.031146415,0.0020141571,0.13463259,-0.11262788
TCGA-AR-A254-01A,0.11262367,-0.06833183,0.04943774,-0.018002126,-0.095984556,0.07936951,0.05568549,0.043716244,-0.09517546,0.08756614,-0.1017859,0.08443533,-0.014321143,0.2765538,0.17318584,0.041587617,-0.088796124,0.10429753,-0.038914666,-0.09390627,-0.09563284,-0.074863456,-0.054023672,-0.048329443,0.058329653,0.09547838,-0.36016825,0.04832968,0.10215579,-0.14354745,-0.00601457,0.09555878,-0.10515063,-0.20656757,-0.08437378,-0.030904135,-0.04010159,0.0188399,-0.06557899,-0.0844646,0.00056778773,0.13000628,0.10573446,-0.106201,-0.040596608,-0.20121902,0.05679573,0.037714623,0.0627143,0.06613657,0.08451536,0.040568855,0.007211341,0.029272823,-0.0027380567,0.015670028,0.1398032,-0.032010194,-0.030229514,0.04955926,0.12234704,0.08445219,0.037658215,0.06760553,-0.09331457,-0.02219201,0.1043998,-0.06870968,-0.14988202,0.09106722,-0.10652838,-0.02651154,-0.042920478,-0.25739872,0.14762019,0.02749914,0.04744,0.054355115,0.13730606,-0.003854197,0.12856245,-0.019092958,0.11513927,0.08766395,0.00015776837,-0.07612913,-0.019609317,0.15309514,0.14991236,-0.035946712,0.050278842,-0.049150266,0.14353146,0.10142659,0.15184876,-0.050749905,-0.00082112965,0.03847739,0.11961709,-0.019778749
TCGA-BH-A1EX-01A,0.057000425,-0.121047735,-0.036666866,-0.00057141756,-0.0080081355,0.041409217,0.030858971,-0.03555931,-0.15515465,0.06532241,0.01315509,-0.027922655,0.009848506,0.19852555,0.13320966,-0.074050106,0.0049548647,0.16687667,0.05575663,-0.22560447,-0.02525135,-0.06963694,-0.09970428,0.018407144,0.13966224,-0.13131624,-0.16299152,-0.01666394,-0.06606405,-0.0553366,-0.085149825,0.03906136,-0.1007501,-0.25281942,-0.030339725,-0.04974595,-0.046524636,0.07335083,-0.044949036,-0.13744873,-0.07352622,0.103007965,0.07692789,-0.057266884,-0.09116953,0.056872737,-0.062136568,0.03213117,0.047183115,0.18671584,0.09563412,0.08390027,0.018120138,0.064406954,0.02076402,0.0854671,0.07702094,0.10171921,-0.008162247,0.0009463026,-0.00034838964,0.030784624,-0.14439806,0.089849554,-0.15478487,-0.056561425,0.22102578,0.07607397,-0.20500764,-0.09772061,-0.17736775,0.058459092,-0.075774945,-0.03602883,0.09154698,-0.013129469,-0.09938533,0.08027941,0.20374997,0.029534884,0.028343908,-0.084634095,-0.0073395437,0.028800815,0.01241375,-0.038195167,-0.0406398,0.09602941,0.16544846,-0.23850067,0.05084435,-0.09909012,0.13631321,0.051059626,0.1745955,-0.1614836,0.020282509,-0.012763351,0.076343894,-0.057500593
TCGA-BH-A1EO-01A,-0.009237115,-0.2393857,0.16122608,0.041871402,-0.09402768,0.09988709,-0.013806928,0.026072713,-0.032717213,0.09579716,-0.016899116,0.055379067,0.063788556,0.28585026,0.20787288,0.03226278,-0.029007707,0.06517031,0.01326909,-0.122286335,-0.088013075,-0.07969568,-0.15285473,5.7766003e-05,-0.06098707,0.014241125,-0.21593791,0.017725741,0.0938784,-0.08079967,0.050196216,-0.008910815,0.006844948,-0.19801413,-0.2461776,-0.09438807,0.06815705,0.07138119,-0.010704626,-0.17841575,-0.109993465,0.018891523,0.12886137,-0.057425298,-0.1217407,-0.025652764,0.020785702,-0.021122638,0.047462825,0.06278391,0.063392214,-0.026091412,0.0073153866,0.09946024,0.018785056,0.061265152,0.11706847,-0.02718591,-0.006209479,-0.05214294,0.12047016,-0.08903601,-0.22195198,0.08203386,-0.028944248,-0.15009263,0.17023328,-0.025558708,-0.121238515,0.0437905,-0.0954464,-0.0037041698,-0.12364778,-0.13426429,0.08635558,-0.121754974,-0.040466618,0.014880597,0.10875001,-0.16827911,0.12113562,-0.089883246,0.11418987,0.10290697,0.108954445,-0.028801806,0.05294134,0.087812014,0.12146589,-0.035111345,-0.04718083,-0.14965558,0.04770981,0.089416504,0.011496063,-0.033902414,-0.010332036,0.02455934,0.024380695,-0.076811194
TCGA-3C-AALK-01A,0.16110492,-0.05667978,0.041151315,0.16436265,0.15036538,0.14210027,-0.10975721,0.060310643,-0.008694467,0.13264479,-0.019278426,0.057441685,0.07244635,0.27625626,0.06061601,0.006045827,-0.10244309,0.08019968,0.07564038,-0.12118479,-0.027566096,-0.07364299,-0.03179267,0.2543231,0.025430001,0.14245756,-0.23786868,-0.11113122,-0.05850327,-0.06625663,-0.06105805,0.06076386,-0.19248252,-0.14450723,-0.04054984,-0.110085204,-0.067746945,-0.09389468,-0.095884144,0.05356064,-0.14631219,0.10574433,0.13432342,-0.059775524,0.077698,0.11718548,-0.024084156,-0.10614483,0.089660466,0.116307594,0.065523386,-0.025534095,-0.036022004,0.02345041,-0.06469976,0.02333737,0.093503825,0.07272474,0.015931249,0.074988246,0.04624838,0.030684367,0.0014826974,-0.018818399,0.018915636,-0.09468175,0.10626642,0.003975322,-0.05321259,-0.031246906,-0.2112774,-0.0318911,0.0127874045,-0.1582662,0.122517176,-0.06905671,-0.0704201,0.010305983,0.21058209,-0.06605486,-0.07269943,-0.07938127,0.036084007,0.078208506,0.056489643,-0.10664589,-0.004040554,0.06527274,0.12311323,-0.08232464,-0.057782553,-0.08348128,0.16044168,0.005233536,0.15477733,-0.12582107,-0.0448435,-0.12286775,0.04066616,0.004710776
TCGA-BH-A0E0-01A,-0.02853611,-0.05966365,0.13902393,0.010157564,-0.020289563,0.004561228,-0.025122488,0.09721418,-0.083272405,0.0095165055,-0.052827556,-0.021222008,0.05222845,0.26501802,0.17582557,-0.025262276,-0.06594384,0.008735881,0.025314888,-0.13950181,-0.09540752,-0.104714334,0.013981426,0.016942462,-0.091492645,-0.045575645,-0.22799121,-0.037548788,0.08278318,-0.002668563,-0.097053595,0.009294416,-0.15029836,-0.21090318,-0.12051575,-0.11295853,0.0104725985,0.0110595245,-0.1681283,-0.048180632,-0.115006305,0.12207078,0.12332876,-0.034402166,-0.044864524,-0.0002330305,-0.06563251,-0.07060359,0.0059987484,0.14763473,0.11284003,0.030554337,-0.07872485,0.20355077,0.052180022,-0.06191083,0.09411255,-0.0507452,0.0028765523,-0.008808665,0.116092,-0.0016291846,-0.0051303045,0.12480171,-0.025836641,-0.06497559,0.15204349,-0.033143215,0.00026308847,-0.02056226,-0.25193754,0.022805946,-0.12416717,-0.17349592,0.19618285,-0.035695013,0.06678041,0.0037721505,0.17234617,-0.10946973,-0.008340264,-0.09705602,-0.039310083,0.0553933,0.06311617,-0.08545041,0.044379666,0.18458538,0.15859973,0.026823448,0.15825412,-0.10224742,0.010550502,0.13690664,0.12190268,0.0008369321,-0.07243203,-0.123117745,0.08463339,-0.07271648
TCGA-E2-A1B1-01A,0.023080926,0.026587099,0.18116775,0.09287236,0.038181078,0.009958669,0.0371248,0.046572838,-0.046821855,0.08109011,0.08590443,0.1372549,-0.034067716,0.3079468,0.07212067,0.11727155,-0.048690353,0.1274808,0.005016259,-0.15834089,-0.08884312,-0.08388997,-0.11820971,0.14184648,-0.022691175,-0.03386751,-0.15669139,-0.06468888,0.02713575,-0.045002464,-0.0069625922,0.13032016,0.018541178,-0.074685685,-0.07082771,-0.092362694,-0.15431577,-0.025305295,-0.07105769,0.0060634133,-0.07705922,0.16201262,0.04605968,-0.053806745,0.090737365,-0.00027707653,0.19374706,0.011671137,0.01324346,0.06783188,0.107094295,0.022576122,0.010567665,0.041999575,0.047245923,0.0013079438,0.10881723,0.00010524654,0.019870026,-0.04473793,0.10025834,0.04751687,0.052817866,-0.00013073039,0.08841698,-0.090839006,0.17654432,-0.0027269367,-0.14296976,-0.10222271,-0.20740633,0.11438303,0.01924436,-0.25905895,0.12930956,-0.04279518,-0.022982392,-0.017670171,0.079588816,0.02656428,-0.077261195,0.022116551,-0.019969214,0.063069746,-0.0016299904,-0.13209952,-0.07212064,0.05051485,0.26334527,-0.16584761,0.060928706,-0.066190705,0.26516205,0.07628962,-0.008615673,-0.12335565,-0.04451583,0.087722234,0.01352112,-0.0812275
TCGA-E9-A1N4-01A,-0.08575028,-0.0685584,0.017666955,0.018137824,-0.010151933,-0.045038596,0.08576095,0.03701717,-0.03015979,0.05604968,-0.096444204,-0.027033364,0.069709316,0.28266147,0.0059204013,0.08726859,0.043479078,0.016864192,0.026409592,-0.14397486,-0.050276738,-0.07331357,-0.049533967,0.046559405,-0.10193415,-0.11047809,-0.13551714,-0.16924047,0.021458955,0.019217953,-0.06774779,0.07685955,-0.13107854,-0.08120512,-0.10739683,-0.030040229,0.11564013,-0.04711828,-0.10439786,-0.024983995,0.020683002,0.041302904,0.28532752,-0.09118367,0.000747807,0.020231081,0.089696005,0.005788301,0.0032004355,0.124250606,0.10316877,-0.05113775,-0.0069622234,0.11227452,0.01404669,-0.10064634,0.05283371,0.10535687,-0.12558956,0.039586376,0.14955312,0.016680276,-0.06691958,0.06176235,0.0065880027,0.017259521,0.1579079,0.055602282,-0.051212218,-0.035542246,-0.1460116,0.021050138,0.047599815,-0.34557354,0.15851629,0.07886069,-0.14055455,-0.056426693,0.17308646,0.017668273,0.005155942,-0.15372474,-0.02222063,-0.05223907,0.017690733,-0.20184812,-0.14732715,0.09081632,0.107919745,0.039418966,0.058488637,-0.21274243,0.08156667,0.05074086,0.01963349,-0.082598776,-0.084139295,-0.12960006,0.056100387,0.10899537
TCGA-D8-A1XQ-01A,0.08352975,-0.031957585,0.2245174,0.06652596,-0.075134,0.0055593,0.017134868,-0.04827508,-0.14276876,0.099831656,-0.0521757,0.013306205,0.032762542,0.19327344,0.1871789,0.020395186,0.09759938,0.021494841,-0.013114937,-0.046187755,-0.10327969,-0.10768507,-0.07048837,-0.015351205,-0.033877794,-0.029076237,-0.14877981,-0.037086867,-0.017433004,-0.117944114,-0.0346975,-0.015089907,0.018286502,-0.16787328,0.017052842,-0.11463209,0.030681485,-0.018970922,-0.04447104,-0.060733736,-0.045293134,0.1982046,0.07740644,-0.043792184,-0.09051862,-0.10155463,0.057068177,-0.09807973,0.025623463,0.181855,0.13522245,0.06244153,0.016442109,0.11718995,-0.03949446,0.025487725,0.09073858,-0.030664586,-0.07804017,-0.058423433,-0.051378474,0.12770562,-0.10194352,0.08765315,-0.03331845,-0.035122804,0.17945512,-0.028935773,-0.09009737,-0.08060346,-0.078264005,0.034776647,0.0013053226,-0.13730752,0.029892415,0.06534613,-0.069174744,0.14852984,0.251419,-0.012461142,-0.040791232,-0.1349742,0.08500596,-0.027075,-0.09819829,-0.15760434,-0.049490046,0.097248435,0.28946832,-0.017115297,0.056049407,-0.07771638,0.18534085,0.15462281,0.18361647,-0.17137873,-0.009309251,-0.083023176,0.08788412,-0.09136809
TCGA-E9-A1RE-01A,0.083003774,-0.112348504,0.056551337,0.060657118,-0.005953057,0.04185845,-0.06268634,0.022869287,-0.16331218,0.17145565,-0.04654345,-0.09924554,0.032191012,0.14907856,0.14579225,-0.040678665,0.063172385,-0.007068144,-0.049078587,-0.015279274,-0.005529657,-0.045746643,-0.09005668,0.13163096,0.017944288,-0.041212898,-0.21736309,-0.05596745,-0.21083845,-0.10789907,-0.02653752,-0.028327651,-0.08541382,-0.17514436,-0.11491033,-0.22808571,-0.045743864,0.013005213,-0.029473687,-0.048541524,0.004730283,0.04194679,-0.0002811268,-0.17642473,-0.15359077,0.033778775,0.15309943,-0.06858848,-0.031263698,0.10787552,0.14857683,0.030909734,0.04076061,0.15857908,-0.030439535,-0.04107438,-0.052230053,0.06974203,-0.019689852,0.021548504,0.13802175,-0.066470966,-0.03692002,0.03326121,-0.118740864,-0.025332594,0.25762767,0.0068591493,-0.18438677,-0.032564405,-0.18277721,0.05353265,-0.034278076,-0.23690668,0.04188627,0.042122807,-0.0020973668,0.07730041,-0.023409985,-0.08676783,0.035274576,-0.21798967,0.004188642,0.1269429,0.062865146,-0.08088329,-0.020711755,0.0012412219,0.12827973,-0.02213458,0.008460273,-0.21890302,0.088801265,0.088774554,0.020816196,-0.13494126,0.019311273,0.06250038,-0.075606234,-0.049158625
TCGA-LD-A7W5-01A,-0.012592685,-0.1081116,0.10078813,0.04390275,-0.04140507,0.13338125,0.000808261,0.06728533,-0.030875575,0.050320365,0.050219413,0.0877173,0.05723924,0.20454541,0.22060113,0.06670152,0.009883082,0.15131046,-0.07613028,-0.108097054,-0.0062787123,-0.098858476,-0.16127507,0.0038584585,-0.012274839,0.034735646,-0.34700194,-0.054214787,0.04895553,-0.03548103,0.026966194,0.010029251,-0.022841547,-0.22978388,-0.1568629,-0.05777541,0.05101752,-0.039974477,0.0017835901,-0.09346451,-0.057386693,0.03462733,0.09995509,-0.16318803,-0.10003259,-0.029320244,0.02046356,0.029055858,-0.011670112,0.12589394,0.07811398,0.027612567,0.10038738,0.16771586,0.026199818,0.0011269146,0.13142784,-0.063673936,-0.1335033,-0.08671918,-0.031345315,-0.08709933,0.0041776095,0.022465289,-0.17452657,-0.1004838,0.121915944,-0.056471612,-0.16961761,-0.066468015,-0.088211164,0.12045491,-0.034317106,-0.09024137,0.13093658,0.07406043,-0.027609875,0.034839686,0.2077142,0.017131703,0.0328846,-0.030296613,-0.08669548,0.12327243,0.13664117,-0.12132245,-0.049990047,0.035153884,0.11160578,-0.014041148,-0.018285451,-0.18590152,0.24206905,0.013334836,0.063703135,0.012173943,0.0397089,-0.014083757,0.051663455,-0.037246164
TCGA-OL-A66I-01A,-0.064179815,-0.008377825,0.15512428,0.15449776,-0.054308802,0.0935767,0.06004591,0.074111186,0.010321482,0.13466841,-0.05364672,-0.039595928,0.06479395,0.24475253,0.12106877,0.057145942,-0.068673,-0.004727622,0.009599543,-0.033417393,0.016250756,-0.031730223,-0.1692964,0.053753134,0.040901795,-0.03322813,-0.23868419,0.013690828,-0.058824155,-0.044379033,-0.17546141,0.06883735,-0.11300914,-0.26095566,-0.14022301,-0.06639025,0.019264728,-0.030743562,-0.08221053,-0.06658581,0.008562717,0.060376894,0.08294995,-0.1504527,-0.095620364,0.11142799,0.035041228,0.032390594,0.02572797,0.14115834,0.02157729,-0.0034030234,0.098959945,-0.009556055,-0.044312637,0.015204847,0.09200065,0.0151763465,-0.124080256,0.088376336,-0.056643024,-0.052675046,-0.0072336993,0.189757,-0.083467856,-0.028324604,0.21688773,0.03647093,0.060045626,-0.025139568,-0.19218603,0.09293228,-0.039645538,-0.13512546,0.06673571,-0.051031593,-0.131988,0.07759552,0.18979844,0.07242764,-0.00049701583,-0.21452451,0.07322312,0.11562554,0.1062532,-0.08509673,0.025290785,0.06457468,0.16941734,-0.020690843,0.15631634,-0.15958878,-0.0358015,0.06042984,0.0382116,-0.06163959,-0.002816766,-0.057776187,0.02483444,-0.14921045
TCGA-LL-A740-01A,0.08616262,-0.11374045,-0.039767697,0.10129086,-0.08404245,0.059098493,-0.050587997,0.039816506,-0.083407566,0.12451146,-0.053912994,0.07332433,-0.07750971,0.36521003,0.16527401,-0.078436464,-0.018417085,0.0602903,0.05057839,-0.1273402,-0.050389852,-0.08887493,0.095116064,0.102519296,0.030728573,-0.050016113,-0.09668641,-0.08808227,-0.037316464,-0.07679811,-0.038798656,0.07469988,-0.15443452,-0.17483461,-0.105970204,-0.07034788,0.058566682,0.084286414,-0.058985982,-0.12855367,-0.05761366,-0.058966745,0.0882908,-0.14166996,0.036717452,-0.05197154,0.019032745,0.08094114,0.13372467,0.09247227,0.17282669,-0.092093036,-0.032812275,0.08720646,-0.058387004,-0.026142763,-0.023798928,-0.09563427,-0.057715897,0.03595994,-0.019605646,-0.038913198,-0.13645713,0.23143397,-0.06164428,-0.011240488,0.1451511,0.01767646,-0.23554085,-0.04408513,-0.25798792,-0.06665604,-0.00016748751,-0.1264948,0.0597933,0.040314775,0.003221522,0.070113435,0.1992732,-0.03837477,-0.019714614,-0.1050272,-0.0071108295,0.022553427,0.008575395,0.013387531,0.050261542,0.13205211,0.092362456,-0.0904285,0.017035933,-0.08262902,0.07875193,0.029340655,0.18769464,-0.120691516,-0.093785904,0.01517265,0.078061625,-0.007275124
TCGA-AO-A0JG-01A,-0.16028632,-0.11976291,0.124090075,0.05960905,-0.021372272,0.07189964,0.075210355,0.054716047,0.029759789,0.1161184,-0.0498338,0.09116592,-0.06618954,0.19681452,0.17814697,-0.01614205,-0.003242537,-0.043310262,-0.0081124585,-0.143968,0.04465371,-0.013833625,-0.016564574,0.09643248,-0.07653221,0.06997246,-0.1288324,0.057854827,-0.10490709,-0.10233199,-0.0778293,0.017713685,-0.11595247,-0.16333431,-0.17555396,-0.13314788,-0.09153561,-0.069416285,-0.05672071,0.020681009,-0.12257176,-0.016414639,0.14964704,-0.13842209,-0.13729703,-0.13979349,0.10758774,0.11959707,0.12223499,0.18358281,0.053044487,-0.103136025,-0.04524066,0.2390096,0.12563618,0.05816097,0.059014767,0.01972593,-0.02647399,0.028987378,0.10878889,-0.0009337192,-0.10232815,0.2034939,-0.048785698,0.0053622145,0.15370956,-0.0875445,-0.1380958,-0.06599527,-0.13274813,0.02300643,0.0541527,-0.062375516,0.06651605,-0.0053560263,-0.107688434,0.02102971,0.1704786,-0.08336734,0.018585475,-0.016852645,-0.10292055,0.14312278,0.08100087,-0.085445225,0.061340857,0.121207766,0.16860673,-0.036438793,-0.014954177,-0.091267884,0.091103464,0.11423793,0.1497976,0.034513354,0.07384738,-0.07183335,0.02633245,-0.06366974
TCGA-BH-A6R9-01A,0.122379474,-0.01190482,0.077240184,-0.010475308,0.07087064,0.11684453,0.030729327,0.08963918,-0.1103224,0.042990882,-0.02356221,0.09686468,-0.041495558,0.24424343,0.15877807,0.026028488,0.008149026,0.055255443,-0.043742374,-0.06369431,-0.03006402,-0.099000484,-0.14148632,0.10663918,0.009869299,-0.13756287,-0.17129119,-0.041199405,-0.036015715,-0.20151806,-0.06380124,0.088096134,-0.12474584,-0.16216455,-0.095615104,-0.122026265,-0.117877685,1.447203e-05,-0.056409106,0.052887447,0.0015708469,0.102078654,0.13152874,-0.08567966,-0.005375648,0.04990202,0.12311639,0.16434072,0.16377321,0.066677906,0.2132456,0.04818337,0.07786856,0.100555055,-0.008278249,-0.052496854,0.15321024,0.09011603,0.024924407,-0.010829441,0.036546268,0.08065902,0.015526206,0.08390368,-0.04107054,0.021807527,0.08416084,0.028036231,-0.058500215,0.03301623,-0.19510797,-0.043023232,0.21316579,-0.24851285,0.12376644,-0.017088547,0.040145982,-0.0050905054,0.15880132,0.0028885717,0.07525564,-0.0936907,-0.045647945,0.1280966,0.017001573,0.023644255,0.017511504,0.1271247,0.19270225,0.015114893,-0.034268476,-0.14131866,0.017798942,0.08848614,0.11762165,0.012251975,0.07171799,-0.1321703,-0.008290491,-0.1273247
TCGA-D8-A1J9-01A,-0.038463727,-0.06264652,0.13983624,0.091317184,-0.010079118,8.268137e-05,0.053706396,0.1416076,-0.049749237,-0.0035335724,0.07619037,0.092335194,-0.049241528,0.26531398,0.10680008,0.042173192,0.041083284,0.06170456,-0.03643716,-0.13418056,-0.061489567,0.016902989,-0.06459075,0.080972776,0.08476358,-0.122217625,-0.16996399,0.10559791,0.017514454,-0.035121374,-0.09925328,0.0027641833,-0.069936626,-0.20820808,-0.13474415,-0.15602076,-0.037381414,-0.07059366,0.0024257866,-0.053488355,8.384558e-06,0.017833576,0.07471315,-0.068516955,-0.020712407,-0.036916573,0.16929343,0.13131234,0.052709963,0.056165323,0.1783994,0.1189293,0.055512533,0.04049319,-0.0060451,-0.11688644,0.030983731,0.031223435,-0.04281298,0.08471279,0.095066525,-0.0129769305,0.052858904,0.14935778,0.10964338,0.06680732,0.15525584,-0.01791092,-0.12768298,-0.05357328,-0.30623946,0.04566165,0.027344974,-0.2449586,0.18844129,-0.049900252,-0.04651629,-0.027884122,0.21219479,0.02225135,0.03993329,-0.060218826,0.032963406,0.0039279927,-0.06915094,-0.0577156,0.088961944,0.20661268,0.049034126,0.009289356,0.122381404,-0.071367905,0.13644303,-0.106218286,0.015513136,-0.119407706,-0.105269924,-0.06932386,0.017656839,-0.049451724
TCGA-A2-A0T4-01A,-0.077383466,-0.05706097,0.10692546,0.18932821,-0.030783096,-0.068817735,0.10975898,-0.030556241,-0.037480358,0.13344872,-0.037644867,0.061677974,0.0886498,0.21810818,0.06424286,-0.065743335,-0.035917252,0.124643475,0.015816621,-0.11207212,-0.07522853,-0.02088214,-0.13030058,0.12763499,0.01260762,-0.07451317,-0.19457966,0.02944543,-0.036153484,0.04433031,-0.07000742,-0.0018653922,-0.11939897,-0.1691521,-0.18472147,-0.09104864,-0.048234176,-0.08494814,-0.022953218,-0.03268918,-0.037876327,0.12847999,0.21287242,0.034680374,0.10447046,-0.07926948,0.058439538,0.070160605,0.018641382,0.038481854,0.05772297,0.0016644499,0.0911082,0.17081812,0.083112255,-0.037305363,0.050693348,0.11880809,0.030897835,0.061593007,0.040052984,0.03492757,0.0068235537,0.13495632,-0.085214585,-0.1267427,0.09944057,-0.083641626,-0.13262095,0.046101894,-0.20043539,0.07665797,-0.12837812,-0.213618,0.048905496,0.02027963,-0.0154966535,0.005394448,0.27821964,-0.07695291,0.081531964,-0.0030846533,0.10604794,0.19536501,0.02251044,-0.023751486,-0.004284779,0.067571744,0.21081129,-0.14688809,0.043986432,-0.05270181,0.11258121,0.09170792,0.09327493,-0.12929158,0.013551615,0.018107725,0.018966056,0.02634556
TCGA-LL-A50Y-01A,-0.11033339,-0.0021110862,0.15515012,0.027365187,-0.053033683,0.12057991,0.046089377,0.051097665,-0.101975314,0.15317145,-0.048156124,0.07349619,-0.045754638,0.19720866,0.18162633,-0.11022724,0.037359387,-0.06982602,-0.031891014,-0.16110604,-0.10523277,-0.06842437,-0.12983848,0.20452851,-0.07270464,-0.031823233,-0.09166402,-0.06817177,-0.016697854,-0.08941353,-0.100645274,-0.025470223,-0.089475475,0.04576225,-0.06720383,-0.12002903,-0.10580604,0.024056777,-0.03541381,0.05721593,0.07642343,0.029055271,0.16327755,-0.16663912,-0.015213032,-0.03958103,0.11453659,0.01809026,0.013801457,0.1174639,0.09694943,-0.0015975705,0.1412972,0.29095742,0.06801352,0.07672234,0.07527584,0.029918002,-0.05551649,0.052849423,0.059102636,0.01728209,0.020101072,0.13525145,0.05597752,0.04932265,0.12233777,0.0015200214,-0.11031586,-0.035496872,-0.1761682,0.002426452,-0.15634325,-0.17381553,0.02436735,-0.0047156983,0.057004422,-0.028446294,0.15092154,-0.086209394,-0.0055097095,-0.09307838,0.047240365,0.16579069,-0.0012274212,-0.11850682,0.08571014,-0.042735144,0.1861268,-0.1270001,-0.0013102146,-0.18176943,0.16831821,0.14327292,-0.014221729,-0.058509868,-0.103302844,0.0027414735,0.08911129,0.029961636
TCGA-OL-A5RW-01A,-0.018643947,-0.10599294,0.15463594,0.0910356,0.028624836,0.022617044,-0.052367255,0.16449992,-0.049674354,0.022935191,0.017991474,0.016067892,0.0360176,0.25312576,0.06610653,-0.12616453,-0.11070905,0.013617655,0.084099606,-0.23445189,-0.100670315,-0.10780906,-0.029625135,0.09283232,0.018927395,-0.02556079,-0.106951706,-0.05993894,0.0101454565,-0.14090881,0.041676167,0.17675559,-0.05451289,-0.16261664,-0.09633141,-0.080734976,-0.037812807,0.021793965,-0.1044247,-0.042698346,0.06986688,0.048897695,0.08894424,-0.052036624,-0.018437838,0.040613085,0.023908772,-0.06683316,0.029536463,0.06460255,0.15218332,0.078564174,0.07707541,0.04928193,-0.023610828,-0.008189263,0.15076672,0.030622203,-0.0046891537,0.102976136,0.044371873,-0.0880887,-0.10977231,0.07431149,-0.17682892,0.058442548,0.12004148,0.018208453,-0.08153609,-0.1038592,-0.19363251,0.100944534,-0.06218299,-0.2478083,0.15633506,-0.063850194,-0.026224356,0.17668259,0.2601098,-0.020153373,-0.030825982,-0.047819503,-0.049400177,0.09727163,0.031453725,-0.081413485,-0.009990594,0.13915803,0.085991,-0.005794006,0.23251672,-0.038831607,0.10223579,0.058609698,-0.012751083,-0.03629738,-0.13735437,-0.1191735,0.05289641,-0.08151176
TCGA-OL-A5RX-01A,-0.037498567,-0.21816511,0.13270181,0.10373003,-0.019745825,0.026042193,-0.057641283,0.0031850599,-0.051214717,0.03275535,-0.016206438,-0.04422305,0.032615833,0.18575545,0.02788083,-0.058712192,-0.046357445,0.058282223,0.1316196,-0.10439873,-0.120664395,-0.0064550205,-0.06508615,0.10558596,-0.027925204,-0.06525903,-0.11845505,0.021544578,0.08436261,-0.14115016,-0.053457446,0.098442815,-0.11548142,-0.04508123,-0.048750423,-0.20997633,-0.15960349,0.025902381,0.01085643,0.010805726,-0.077140994,-0.018926764,0.13688569,0.033311132,-0.019216552,0.05833011,0.06901294,-0.029397499,0.07982659,0.19243112,0.075165965,-0.0043668216,-0.027496459,0.11575071,-0.060374405,0.0054902644,0.14221922,0.11321977,-0.0691058,0.08286842,0.11160002,0.020616021,-0.16654527,0.09668656,-0.010591925,0.039228808,0.24053639,0.04249186,-0.03407391,-0.07136109,-0.3158261,0.08531857,-0.024508348,-0.24869718,0.17472887,-0.028875273,0.12851344,-0.0069261566,0.06945645,-0.03667236,0.0069275494,-0.068343885,-0.10387957,0.15314099,0.048015665,-0.081786096,-0.006141105,0.16648108,0.20837875,-0.056837227,-0.024794828,-0.08523677,0.122437336,0.03796026,0.08614929,-0.0069438946,-0.0732575,-0.10464232,-0.049474817,-0.01642803
TCGA-A7-A13F-01A,-0.023220712,-0.01333387,0.081215024,0.05722981,-0.042783864,-0.089963116,-0.011412251,0.02523222,-0.09410773,0.13370061,0.10438298,0.046602633,0.0074357064,0.18026058,0.17088917,-0.063485876,-0.02692437,0.029741503,-0.04145746,-0.021133207,-0.03675906,-0.079297796,-0.23745483,0.045167003,-0.02312389,0.04387796,-0.22906554,0.03801795,0.065968975,0.0055021094,0.03718823,-0.0063495436,-0.0901554,-0.18114853,-0.056453504,-0.25084153,0.03338108,0.046915486,0.049808677,-0.11074828,-0.024722118,0.026499765,0.11409562,-0.0785369,-0.056422994,0.013344325,0.014915425,-0.07108335,0.12765169,0.10614448,0.10482889,0.12827615,-0.079371355,-0.06685918,-0.060084835,-0.009790403,0.032646533,0.048707206,-0.10247029,-0.01669359,-0.040342517,0.04775705,-0.08492428,0.20998578,-0.08376996,-0.04259235,0.17389378,0.02425526,-0.12729934,-0.036898367,-0.1679889,0.02317148,-0.028548285,-0.29065675,0.13318825,0.12453774,0.03169693,-0.012548328,0.1500695,-0.05615428,-0.045638602,-0.17693438,0.036799967,0.11395563,-0.103489704,-0.11059204,-0.08261976,0.15773442,0.16008285,-0.12425884,-0.031170242,-0.0629497,0.22307716,0.03606579,0.028640306,-0.10329388,0.012276526,-0.03312586,-0.050997157,-0.0425726
TCGA-BH-A0BS-01A,-0.07055049,-0.1023698,-0.0010028504,0.04501504,-0.08019027,0.12136566,0.046802938,-0.07252357,-0.0015313852,0.06532484,-0.025168626,0.0007302646,-0.08122547,0.2588687,0.14225212,-0.05055434,0.017779903,0.02728292,-0.03326536,-0.21670002,0.0070181903,0.10042329,-0.122169316,0.14004828,-0.01469476,0.043142736,-0.2621592,-0.08781347,-0.04315957,0.026979595,-0.013031644,-0.00014049278,-0.14105935,-0.22115879,-0.07798988,-0.06387002,-0.15803355,-0.13280685,-0.008721456,-0.09960905,-0.06816619,-0.021103403,0.2511722,-0.113853976,0.03546314,0.006307773,0.15289395,-0.017024131,0.04145186,0.0535672,0.12740104,-0.0006680607,0.06968502,0.065706685,0.021194883,-0.040699363,0.044881694,-0.14054611,-0.065218315,-0.07928998,-0.029802456,0.022413617,-0.09606511,0.055500854,-0.04023085,-0.026144037,0.10077939,-0.069006175,-0.08638383,0.022789398,-0.1411057,0.041699115,0.021464486,-0.23666123,0.10633247,-0.036954198,-0.066449374,-0.029713599,0.082097255,-0.029870924,-0.15132892,-0.071152724,-0.10068089,0.011831084,-0.038243465,-0.01995146,0.04721522,0.055699263,0.09536075,0.0923175,0.081790395,-0.19621609,0.19061846,0.050907906,0.19449747,-0.11213588,-0.0050355257,-0.17636782,-0.005688451,-0.063839555
TCGA-D8-A3Z6-01A,-0.038117103,-0.26297614,0.12075948,0.105446935,-0.018444004,0.09815406,-0.07882016,0.09394676,-0.026698766,0.14863597,0.00018768114,0.037608765,0.02925656,0.13329738,0.14571086,-0.039457306,0.02907383,0.12405004,0.110343084,-0.24223705,-0.06389781,0.023207974,-0.054682683,0.112372205,-0.00026169102,-0.07366282,-0.14620388,0.033827923,0.07095782,0.0561156,-0.04258404,-0.015708158,-0.17377958,-0.17337678,-0.11416397,-0.17793071,0.045620784,0.08029915,0.07704964,-0.07834803,-0.06872354,0.020450145,0.063263096,-0.03303953,0.12238786,-0.10310495,0.0037357993,0.061927587,0.059313983,-0.017130421,-0.041502755,-0.050982792,-0.05452015,0.022262882,-0.14011897,-0.020391017,0.12989995,-0.03512736,-0.050235163,0.08393717,0.082197726,0.016604917,-0.21843265,0.14073753,-0.09192614,0.10455215,0.21366793,-0.044700943,-0.15092283,-0.035873435,-0.23963526,0.025479076,0.07984361,-0.1804631,0.17934555,0.021469815,0.014945867,0.016352681,0.12380424,-0.016473165,0.07566886,0.047760595,0.121093504,0.03588538,-0.012312054,-0.04570907,-0.032049306,0.05247582,0.20942554,0.08445926,0.020592267,-0.07377882,0.078016706,0.11711903,0.13590676,-0.055692863,0.040939417,0.015795829,0.037329204,0.005676438
TCGA-AR-A256-01A,0.0003432887,-0.08820688,0.14356637,0.08374446,0.017764812,-0.0068785534,-0.040836815,-0.05440816,-0.08387251,0.08398628,-0.060854074,0.12460524,-0.13274555,0.22044453,0.075623095,0.05402655,0.07072795,0.013776845,0.06557395,-0.008480973,-0.021909982,-0.049759176,-0.10707355,-0.060246225,0.026010884,-0.018254792,-0.17374144,0.0038645605,0.11155439,-0.12832795,-0.11046013,0.0520637,0.021634439,-0.13873547,-0.09639879,-0.11300894,-0.019973388,-0.02043717,-0.018616837,-0.030888608,0.050375406,0.12581421,0.19600025,-0.1425655,-0.06959646,0.014343298,0.035615295,0.060757928,0.072894804,0.0671668,0.21050599,0.037113305,0.18198378,0.13068701,-0.058567654,-0.014925825,0.00019583259,0.010851168,-0.0053644544,-0.04665446,0.14352985,0.025525058,-0.043892857,0.14107865,-0.16479716,-0.11737455,0.24394858,-0.10015524,-0.026051536,-0.0153512545,-0.17723241,-0.020318862,0.015804863,-0.19204995,0.18853092,0.045592725,-0.080833435,0.07541896,0.14967489,0.0431554,-0.005941951,-0.10549892,-0.09109512,0.08804082,-0.10835361,-0.05503613,-0.060129847,0.14992128,0.01495084,-0.14329492,0.025414743,-0.10311271,0.23854135,0.08901561,0.07745791,-0.101541795,-0.092338175,-0.08210907,0.10822261,0.01763118
TCGA-E9-A248-01A,0.06962181,-0.10295646,0.118792735,-0.009899296,-0.11805043,-0.0027498705,-0.17990759,0.01791425,-0.18417244,0.08552081,0.00047674277,-0.020471318,-0.03588718,0.09670802,0.1485543,0.092661396,-0.016091783,-0.09191138,-0.10080464,-0.22158483,0.00033368275,-0.08194161,-0.048591938,0.1434853,-0.06536728,-0.051161956,-0.2165438,0.041099943,-0.053040657,0.0040043583,-0.0069451854,0.027455593,-0.09587016,-0.20239064,-0.15047611,-0.22906189,0.052483678,0.05290294,-0.024807297,-0.04873532,0.07052997,0.21314679,0.063077375,-0.012820277,-0.00079263875,-0.02444151,0.06394942,-0.018724736,0.022097083,0.19376369,0.22468093,-0.038681477,-0.0038100905,0.10517526,0.025937302,0.03598219,0.0887327,0.022228178,-0.058519375,-0.071598895,-0.0009947997,0.037837796,-0.1338275,0.07560479,-0.12103305,0.008097456,0.13158908,0.022022337,-0.032995567,0.087509364,-0.16637757,0.09810489,-0.102965266,-0.106911786,0.22201788,-0.040437035,-0.007854505,0.114021145,0.23662435,-0.045147937,-0.0045027775,-0.017313553,0.008037032,0.023255102,-0.015972978,-0.12704831,-0.029642971,0.054605354,0.0489761,-0.09010695,0.091832675,-0.07657149,0.11198287,0.024073841,0.0074774027,-0.13826467,-0.08699243,0.02692609,0.07923913,-0.17355907
TCGA-AR-A250-01A,-0.12634774,0.02354354,0.20679627,0.09844422,-0.027702123,0.08940815,-0.009794841,-0.03285296,-0.053846043,0.18576385,0.050663378,-0.122649215,0.07168996,0.2945785,0.039738975,-0.044029407,0.010254169,0.058268238,-0.097385466,-0.053559892,-0.15280074,-0.013754761,-0.14240971,-0.055747982,0.028207758,-0.008434204,-0.14436515,-0.0046864036,0.032346386,-0.04777539,-0.14352848,0.00089376513,-0.035503943,-0.22019301,-0.14923458,-0.04688901,0.0049154726,-0.052242473,-0.1074085,-0.03397369,0.08366713,-0.0139232585,0.059918262,-0.18467087,-0.058424085,-0.025534976,-0.08663959,0.11818099,-0.010429958,0.23483428,0.07337335,0.07253821,0.05853548,-0.03220643,-0.015911022,0.0068586925,0.08871476,0.057948593,-0.07343553,-0.12428733,0.03673778,0.047250435,-0.07432793,0.063467614,0.0017993998,-0.025744086,0.14466238,-0.06593273,-0.15325367,0.036552455,-0.25845703,0.0058138873,-0.119468376,-0.22295907,0.08471376,0.043075476,-0.06674972,-0.022429321,0.19886209,-0.0033078657,0.09859629,-0.06714837,0.017453535,0.080127485,-0.009676664,-0.030407792,-0.018120421,0.16125357,0.16215895,-0.13666226,0.020127717,-0.037128627,0.10171896,0.055467304,0.09317264,-0.016568255,-0.040466025,-0.08667031,-0.030775104,-0.15356483
TCGA-AQ-A1H2-01A,0.15411043,-0.008382547,0.12593517,0.057360105,0.043638457,0.14651471,-0.07341889,-0.040264755,0.02721013,0.17698096,0.00093433604,0.033159163,0.062112458,0.22618178,0.09985629,-0.07238271,0.08202149,-0.02722032,-0.0054699997,-0.14697038,-0.05156621,0.021411376,-0.01314268,0.0917029,0.09070609,-0.032744825,-0.16843142,0.05866681,-0.03684362,-0.112166695,-0.059084192,0.03292449,-0.0957494,-0.18320973,-0.06274992,-0.16651288,0.04000718,-0.028710464,-0.23131096,0.09490388,-0.019098312,0.1642672,0.07204157,-0.099201776,-0.03300516,-0.060820296,0.042426754,-0.012859023,0.03671883,0.1263082,0.118166566,0.061953038,0.007690954,0.14412205,-0.031022998,0.08515517,0.10968204,0.018255053,-0.06769368,-0.039211977,0.08815035,0.084126405,-0.080788575,0.11968524,0.035768405,-0.07068633,0.040798455,-0.048908968,-0.08442814,0.0010734282,-0.20125902,0.1869434,-0.067049995,-0.18021674,0.15644217,0.018881233,-0.05888587,-0.026150327,0.19820185,0.017355016,-0.0012075749,-0.1950725,-0.072053626,-0.07923503,-0.021274017,-0.15836897,0.081485435,0.09827612,0.18784356,0.077481575,-0.08019693,-0.051119406,0.14264995,-0.103607945,0.09773895,-0.0030374601,-0.069096014,-0.13962723,0.08742214,-0.057735465
TCGA-D8-A1XZ-01A,0.028510341,-0.08022997,0.14832696,-0.056828883,-0.02217027,0.12043467,0.0021615666,0.045096684,0.019698689,0.048926733,-0.15163913,-0.076769955,-0.017141964,0.2117437,0.029222278,-0.0045697647,-0.011156714,0.19236454,-0.002912167,-0.0758646,-0.11367793,-0.105482265,0.01974552,0.06610343,-0.03673362,-0.054242793,-0.07880139,-0.03447527,0.05287009,-0.10834075,-0.04168628,0.06206793,-0.0033357888,-0.1569697,-0.11284588,-0.18269707,-0.008276223,-0.049679726,-0.048302643,-0.12268184,-0.11942596,0.11447472,0.1595508,-0.11841075,-0.11447652,-0.008556963,0.087928206,-0.018081024,0.047442988,-0.005082737,0.011999857,0.109267205,0.08150967,0.034735978,0.002971499,-0.121320955,0.12507015,0.11949512,-0.011038972,0.14476259,-0.11551786,-0.06567834,-0.09633408,0.18395002,-0.041684255,0.004236123,0.20785399,-0.054518163,-0.09674368,-0.11175119,-0.18859856,0.09540148,-0.0036743782,-0.30781513,0.14745897,-0.0056241574,-0.010455515,0.12523296,0.06292553,0.07256728,0.05998091,-0.08275844,0.11020841,0.118803844,-0.0011074515,-0.13534427,-0.02564988,0.047006708,0.2135693,-0.07353002,0.055104345,-0.08909476,0.16074291,-0.050639726,0.14290512,-0.07150037,-0.029555919,-0.0034401622,-0.019783575,-0.103496835
TCGA-E9-A1R3-01A,0.08102445,-0.18530156,0.16083817,0.03009504,0.067750335,0.09922258,0.027955951,0.026588408,-0.048582375,0.056844007,-0.024010247,0.015059975,0.026449407,0.21133924,0.019766727,-0.05027692,-0.09411881,0.02839383,0.016330669,-0.12121702,-0.105964616,-0.20050694,-0.06269969,-0.031600077,0.013668233,-0.17328566,-0.27487835,-0.24322346,-0.0019835252,-0.16324921,-0.05391099,0.034112047,-0.07037759,-0.13994215,-0.1170942,-0.0914367,-0.014227435,-0.025234109,-0.003240096,0.048047107,0.062073715,0.020454813,0.10092128,-0.09683763,-0.03732311,-0.064329736,0.10822299,-0.021201354,0.056705423,0.08666013,0.13774587,-0.025150541,0.019048106,0.12334502,-0.06444281,-0.029300958,0.1566854,0.011053728,-0.09704556,0.079543196,0.10775666,-0.005316515,-0.206394,0.22787431,0.042039897,0.022043398,0.14613947,0.025032513,-0.114619605,0.0011256568,-0.13559324,0.16528314,-0.06623928,-0.17558871,0.059160654,0.016298804,-0.03206676,0.11842539,0.07549981,-0.03276571,-0.035755046,-0.1219274,0.0074554267,0.09984754,0.029929308,0.017998459,0.10598881,0.09479261,0.12479415,-0.07128546,0.089564644,0.06048071,0.0896634,0.1405729,0.046940837,-0.10791977,0.03464283,-0.037288174,0.16742943,-0.013310522
TCGA-AC-A6IW-01A,-0.05202988,-0.10199409,0.055634223,0.059446376,-0.025059199,-0.10368339,-0.105512954,-0.05837126,-0.081057064,0.0560453,-0.07052127,0.107583694,-0.023155548,0.20709983,0.19296557,-0.04511598,0.0016416172,-0.110194884,0.06061147,-0.092111774,-0.041309368,-0.025888244,0.009373048,0.073374875,0.0692744,0.012519944,-0.2768345,-0.014595193,-0.14338024,-0.08500558,-0.086782694,0.062010888,-0.07870196,-0.17876825,-0.053001534,-0.12437767,-0.050110534,0.037845775,-0.035205,-0.08788281,0.047329385,-0.004161642,0.20070408,-0.17524135,-0.009588477,-0.07325439,0.050612208,-0.081824385,0.13073044,0.13102521,0.10883317,0.013873987,0.04830696,0.06322518,-0.11638876,-0.04318423,0.075242676,0.08722192,0.07726138,0.0071119843,0.1720597,0.06735293,0.005943074,0.12711021,-0.06526416,-0.03916037,0.1364943,0.079965,-0.16409935,-0.03516054,-0.15096901,0.10178418,0.18882957,-0.24961446,0.090313315,-0.01502313,-0.0060743117,0.04384008,0.15821345,0.073440276,0.04541945,-0.054451257,0.04978247,0.0076168953,-0.028200623,0.017247261,-0.020406535,0.10777854,0.2378715,-0.078975044,0.011574602,-0.109112404,0.10321566,0.08308657,0.108729705,-0.043429367,-0.09986881,-0.13797347,0.06608491,-0.0790585
TCGA-EW-A1P3-01A,0.08189929,-0.08766014,0.12460477,0.1460739,0.036553174,0.1839476,0.01343276,0.06951795,-0.13921577,0.047029745,-0.05193242,0.01481279,0.056097794,0.27625132,0.18390106,-0.02705338,0.04040861,0.04221291,-0.010699351,-0.051490046,0.075880095,-0.0019742344,-0.030981481,0.14664914,0.0128810685,-0.11545929,-0.11001997,-0.05390508,0.04561089,0.003078533,-0.03965931,-0.024394248,-0.14452335,-0.2769216,-0.1301534,-0.14946215,-0.11042034,-0.010171659,-0.14251865,-0.01998293,0.0001613765,0.043829724,0.05063707,-0.0011752914,-0.0268297,-0.021640094,0.22455087,-0.0071367756,0.11227707,0.04688885,0.09381411,0.069806576,0.12603295,0.1043434,-0.072220184,-0.063691474,0.13147198,0.06350019,-0.06646647,0.033448208,0.09111069,0.0043103914,-0.05410439,0.048941683,-0.05589933,-0.09290525,0.06940681,-0.04516843,-0.08394793,0.032084573,-0.15567774,0.07468818,0.04195111,-0.26716384,0.07505461,0.18172047,-0.05869019,-0.072578736,0.07615572,0.055168875,0.036000926,-0.03456063,-0.06375016,0.16758567,0.0015945086,0.014929316,-0.043684695,0.016855976,0.16508423,0.0015377891,0.15297864,-0.09050062,0.035837326,0.12913722,0.16998903,-0.1562712,-0.070776805,-0.11237451,0.006776758,0.033449598
TCGA-E9-A2JT-01A,-0.05155656,-0.074145384,0.102884695,0.09235718,0.17414767,0.046410196,0.052509405,-0.057138853,-0.07854526,0.11484461,-0.023727182,-0.0041028364,-0.08843405,0.18443078,0.18494575,0.07999309,0.085110925,0.013431546,0.052922733,-0.19024882,-0.078191005,0.0076638516,0.057427954,0.21865536,-0.034408543,-0.11416185,-0.042861763,0.016021939,0.10586237,-0.019101832,-0.09609516,-0.010303997,-0.11012318,-0.08792674,-0.24932526,-0.08435574,-0.0035047617,0.0043577263,0.0335492,-0.013876242,-0.2047448,0.14580935,0.07987524,-0.08864412,-0.055774283,0.007812073,-0.01193567,0.0942798,0.08080267,0.06189295,0.16445465,0.044801053,0.10280607,0.056179475,-0.11353059,0.014472259,0.081682146,0.005842906,-0.006819954,0.07135188,0.08532416,0.004502766,-0.03349129,0.13858585,-0.033320304,-0.05052458,0.14929207,-0.0914999,-0.13834885,-0.10557296,-0.15552291,-0.049600072,-0.0555512,-0.19728342,0.21632615,-0.11283937,-0.09910433,0.027962694,0.08293122,0.053421695,0.00811485,-0.123104475,0.018419677,0.2022803,-0.12446556,-0.08650402,0.012348242,0.11782557,0.10325121,-0.0035716526,0.05897852,-0.20194843,0.12500498,0.045043465,0.017283617,-0.059330057,-0.040007982,0.013072455,0.033514347,-0.13852556
TCGA-OK-A5Q2-01A,-0.02750751,-0.18062472,0.11039721,0.19940098,0.0030291467,0.096854754,-0.03971226,0.006345192,-0.101911224,0.14234363,-0.06673607,0.051518906,-0.012352376,0.22900729,0.062405333,0.13504945,-0.06943967,0.06967633,-0.0554647,-0.101094574,-0.03406926,0.05773703,-0.09850888,0.06386859,-0.12884878,-0.04498493,-0.18612663,-0.05764142,-0.13018492,-0.111431345,-0.076254554,-0.041410714,-0.11457942,-0.21232499,-0.19380306,-0.131728,-0.07164476,-0.031799458,0.028117979,0.053731445,-0.010063339,0.038134176,0.16160223,-0.0225573,0.01615191,-0.043259628,-0.03544571,0.016551087,0.1891879,-0.043662895,0.07318511,0.08136529,0.045891657,0.10376266,0.022060758,0.024452394,0.12629683,0.09658088,-0.078464404,-0.0931216,-0.007083981,-0.13396335,-0.11045199,0.08915754,0.011440172,0.017252496,0.097811066,0.017460508,-0.028682444,0.08709403,-0.17642306,0.034344655,0.036196046,-0.29125968,0.08990419,-0.09360264,0.06819355,0.09241198,0.12362921,-0.02925665,0.006198586,0.040508837,-0.036962554,0.02369681,0.09043061,-0.16894414,0.11324582,0.08845208,0.18914649,-0.16544788,0.06809433,0.022673314,0.09929158,-0.037603658,0.12773114,-0.08386121,-0.015631523,-0.076434694,0.010428648,-0.07967558
TCGA-D8-A1Y0-01A,0.024348047,-0.0679511,0.10809768,0.10698547,-0.007265388,0.10788907,-0.16546763,0.056449667,-0.06013827,0.04849739,0.023891294,-0.104496144,-0.017629785,0.18303606,0.11113538,0.09073366,0.01238533,-0.007183102,0.0057772137,-0.09710209,0.05561362,-0.09283336,-0.04200082,0.12937123,-0.05978929,-0.1010186,-0.25736916,-0.104829565,0.049927674,-0.092400424,-0.13252512,0.03588018,-0.053201687,-0.25305304,-0.17287226,-0.045825068,-0.07399725,-0.020231068,0.05626619,-0.114794366,-0.05076663,-0.04803215,0.09002946,-0.17390677,0.08264892,-0.13002038,-0.008443372,0.08526964,0.051783845,0.06672115,0.1146367,-0.021190621,0.049847893,0.13693708,-0.02129502,-0.12631865,0.040846862,-0.014232359,-0.0069364896,-0.016114341,0.009415573,-0.032104295,-0.11288817,0.16688313,-0.023743747,-0.08890787,0.20367824,0.012562154,-0.046272084,-0.050567776,-0.27037463,0.16772519,0.087289065,-0.13742062,0.08492895,0.12906234,-0.07357801,-0.05979565,0.12468231,-0.09443116,-0.02849686,-0.09081855,0.035473324,0.11279592,0.019462515,-0.09240807,-0.0022325115,0.11738564,0.15680866,-0.026326489,0.043582376,-0.046842955,0.19517428,0.091117844,0.12719038,-0.12729262,0.019019954,0.03434777,-0.0062938295,-0.061459973
TCGA-AR-A24K-01A,-0.035053134,-0.14163117,0.2352348,0.13151713,0.046958536,0.037735812,0.010510319,0.11542259,-0.09054673,0.086610995,0.020317469,0.02891787,-0.06912872,0.20822173,0.16394259,-0.00037785183,0.007863944,0.017715665,0.06287667,-0.19338194,-0.1701969,-0.027612414,-0.09452121,0.14589283,-0.066483326,-0.03379468,-0.217757,-0.078269616,0.011227845,-0.060479943,-0.07131146,0.066475175,-0.1334903,-0.1446878,-0.06347969,-0.046198428,0.023548054,-0.051415417,-0.1307474,-0.051142726,-0.050208453,0.13680156,0.2166222,-0.033284172,-0.041748237,-0.14614011,0.021075867,0.010770556,-0.02882701,0.09846311,0.15065424,-0.0883206,-0.09356254,-0.034406904,0.0055745062,-0.045847405,0.03434062,0.08704288,-0.08922685,0.017044023,0.067806415,-0.03169625,-0.10250878,0.05196975,-0.023854166,0.06615891,0.26078567,-0.006028018,0.009093765,-0.049308386,-0.06624948,0.056877248,-0.0738103,-0.19806834,0.065170035,0.08910956,0.030206729,0.05499014,0.12434024,0.07069296,-0.048571818,-0.13029939,-0.003577343,0.14639895,-0.009915357,-0.086361565,0.10037608,0.008365359,0.114649475,-0.17149535,0.07327272,-0.09999407,0.0824539,0.08493253,0.19862446,-0.08002916,0.035649244,-0.09595384,-0.00706723,-0.14874396
TCGA-AR-A2LL-01A,-0.07177198,0.0035289268,0.00060008717,0.13200766,0.020520035,0.105306506,0.041536074,-0.02620879,-0.073539644,0.07108742,-0.118726514,0.049756557,-0.015369306,0.10183431,0.072033904,-0.011732677,-0.058460586,0.007556712,-0.08959877,-0.17058046,-0.04356954,-0.030162046,-0.045615405,0.13413133,-0.06469612,-0.050357874,-0.23715214,0.03495373,0.13862099,-0.08547369,-0.17120878,0.061286256,-0.059112865,-0.21737447,-0.06749489,-0.08950011,-0.10513761,0.024631953,0.04284199,-0.0605515,-0.1896973,0.098211,0.0948562,-0.15307735,0.030084023,-0.12081231,-0.089706995,0.073149085,0.095080316,0.21878389,0.056144204,0.024053961,0.106559,0.12468253,-0.006826619,0.094487384,-0.0050899168,0.033886444,0.014098051,-0.06421961,0.12524265,0.042391375,-0.04837892,0.10658441,0.012512692,-0.042028047,0.1673987,0.1310349,-0.022119036,-0.12642033,-0.092942566,0.1011855,-0.092489466,-0.17194572,0.121730536,0.06443649,-0.053563215,0.04485659,0.18312879,-0.074289195,0.15340547,-0.050337926,0.072271094,0.18024659,-0.104917884,-0.05211992,0.06593728,0.110434465,0.12753654,-0.13137762,-0.018703409,-0.113504395,0.06235167,0.062450618,0.124425106,-0.1483257,-0.039276205,-0.09458933,-0.058766875,-0.17067681
TCGA-A7-A6VX-01A,-0.008045533,-0.1195515,0.077136934,-0.021020235,0.03840877,0.12504666,-0.008277186,-0.012891509,-0.043203406,0.188528,0.03445707,-0.06710424,0.045999456,0.1940136,0.10156454,-0.0864861,0.0063369623,0.1270032,0.018731352,-0.23211576,-0.10842918,0.0132323755,-0.13028866,-0.009414546,-0.11959373,0.016757134,-0.22758201,-0.058523767,-0.039783526,-0.10375567,-0.004836614,-0.0064209616,-0.030932775,-0.071147844,-0.12622699,-0.15328234,-0.14576308,-0.04952574,-0.024325838,-0.10662681,-0.041631613,0.13204151,0.15056981,-0.10787197,-0.071879126,-0.013780698,0.07316659,0.13704291,0.12432595,0.095122196,0.047193106,-0.013950092,0.008583816,0.043499928,0.0337603,0.07669084,0.061671674,0.026488204,-0.0951108,-0.021387266,0.081314005,-0.028539842,-0.10533468,0.21385889,-0.026175112,-0.12191967,0.18001097,0.0125848735,-0.03514922,-0.115890235,-0.16882822,0.06366428,-0.1350989,-0.19096382,0.12578282,0.07323622,-0.1573972,0.00091029215,0.17415133,0.07359042,-0.086336784,-0.054597538,-0.16237982,0.13110074,0.020489115,-0.033565458,0.094488986,0.16974996,0.18763722,-0.002300599,0.03874399,-0.09500647,0.056143142,-0.000678253,0.026963739,0.016823495,-0.09843007,-0.035381358,0.061656315,-0.10820229
TCGA-BH-A1FG-01A,0.006330115,0.03631084,0.13437887,0.18128052,0.11284549,0.043762177,-0.052309945,-0.08190327,-0.09332942,-0.0155952005,-0.0221682,-0.04044517,0.009009028,0.28063425,-0.034047637,-0.05949545,0.021206932,0.115431674,0.06280715,-0.15227203,-0.088709205,-0.10927525,-0.016136259,0.07616009,0.103069074,-0.16269271,-0.0635036,0.030442728,-0.025630185,-0.0658666,-0.04813626,0.066838786,-0.13093062,-0.22719777,0.009228552,-0.19950469,-0.056404125,-0.019353684,-0.074208684,0.052000992,-0.045420494,0.118779846,0.13546969,-0.08866244,-0.06273446,-0.035841733,0.019373586,0.07250416,0.111516654,0.08075977,0.13285504,-0.035224754,0.11405278,-0.0062356098,0.11385749,0.056288812,0.066339575,0.015336777,-0.09786462,0.06975908,0.038640257,-0.035669867,-0.17475754,0.028001681,0.018325696,-0.07502384,0.22148733,0.04778953,-0.04988915,-0.08045606,-0.10283361,0.07245377,0.04620159,-0.12525298,0.014213283,0.139775,0.025675086,0.0742271,0.17153499,-0.064064436,0.062186006,-0.103500776,0.026944032,0.097640894,0.04136989,-0.09987897,-0.07533105,0.088104725,0.21470985,-0.030875875,-0.050487943,-0.16591562,0.25305748,0.11994653,0.21223828,0.036726467,-0.039545853,0.039771494,0.011122109,0.004249926
TCGA-B6-A0X5-01A,0.008200686,-0.107237004,0.13072006,-0.07226194,0.012447831,0.17188689,-0.13176826,0.033315532,-0.081940874,0.039646663,-0.028756717,0.09935872,0.0703367,0.2233534,0.06283739,-0.096218415,0.18895838,0.014744539,-0.028665787,-0.11272056,-0.09637621,-0.012092031,0.009304027,0.06570798,-0.05042969,0.01734741,-0.1984436,-0.039414212,-0.052984223,0.012006293,-0.08156463,0.107507184,-0.15037899,-0.21050356,-0.10849901,-0.104845986,-0.06040838,0.061638825,-0.057518423,-0.09804895,0.027924102,0.07181987,0.11620494,-0.112127,0.048682075,-0.05300828,0.1464801,-0.07127375,0.052967455,0.12706462,0.12690845,0.024492359,0.08445242,0.09734466,-0.07207556,0.0011824863,0.09206796,0.07860427,-0.10281154,-0.06295971,-0.005049782,-0.06553138,-0.006632315,0.15894695,-0.08521989,0.124178134,0.1388923,0.04598824,-0.08890868,-0.11275497,-0.129891,0.107612304,-0.055498224,-0.14857733,0.189543,0.13371643,-0.006286684,0.063734286,0.19321474,-0.008612917,0.11337263,-0.1371047,-0.0270296,0.03403073,0.0031030946,-0.12951595,0.02945713,0.19823311,0.20004147,-0.049275037,-0.004305257,-0.06852174,0.101760894,0.12239772,0.064215526,-0.03489513,0.076446496,-0.14661954,0.051821746,0.025444172
TCGA-E9-A1RA-01A,-0.0056927144,-0.16028348,0.1348059,0.12941316,0.023333307,0.07977934,-0.01834525,0.06644497,-0.026821584,0.06382013,0.04729089,-0.0445099,0.07079559,0.19510476,0.24919157,-0.08893319,-0.031611074,0.058653,-0.011938159,-0.10810589,-0.08800803,-0.012072475,-0.056061737,0.05933672,0.07478671,-0.03203842,-0.20512827,0.034941733,0.02436551,0.06862185,0.0155026065,0.050737333,-0.10726026,-0.10664805,-0.17803413,-0.15689088,-0.13084379,0.055970162,-0.017440477,-0.055702537,-0.011318779,0.08903586,0.2218108,-0.023580348,0.021218084,-0.06485531,-0.102816366,0.089055106,-0.010825219,0.032307047,0.13932398,-0.10109368,0.12381994,0.19121142,0.06781866,-0.052497283,0.04122109,-0.06564977,-0.05072448,0.04708211,0.0825704,-0.11851661,-0.08365125,0.046716426,-0.0122377,-0.06504916,0.24093045,0.08675306,-0.0929592,0.10124269,-0.19450535,0.026113454,-0.05267941,-0.23522809,0.1089326,0.01748931,0.01715376,0.04294344,0.078136735,0.055959005,0.020402173,-0.013972446,0.068507135,0.054614894,-0.08913607,-0.12748605,-0.060947657,0.12047044,0.15629175,-0.16867259,0.14775653,-0.052107245,0.18240058,0.017775662,0.15203409,-0.016501585,0.021813896,-0.05687651,0.024611533,-0.05998828
TCGA-AC-A6NO-01A,0.06915055,0.012394179,0.278586,0.11122281,-0.06773758,0.09989631,-0.011557288,-0.043284792,-0.00397873,-0.0053051384,0.05173739,-0.007703832,0.14306833,0.19524722,0.19456209,-0.010312918,-0.03277428,0.13703409,0.002516281,-0.1578717,-0.018693464,-0.08721755,-0.08627481,0.069175385,-0.052955505,-0.0495222,-0.2475468,-0.10316495,0.05994232,0.0046983557,0.022826603,0.10787047,-0.0965919,-0.17343448,-0.01393455,-0.08746102,0.09691211,-0.028305173,0.06393336,0.01959641,0.022860074,0.15076387,0.028468478,-0.096534215,0.01358623,-0.018082645,0.046804618,0.0016650066,0.095992155,0.10104036,0.15043116,0.13337107,0.017922036,0.106741734,-0.04599662,-0.102976054,0.04129019,0.03279139,-0.08469399,0.060318246,0.08866696,0.06178566,-0.14613807,0.013841387,-0.054362033,0.112798914,0.1070778,0.025196103,-0.08706459,0.0013217119,-0.1918586,0.02846444,-0.018616274,-0.19847545,0.11499517,0.044119146,-0.022621792,-0.050334204,0.08077377,-0.0324937,0.19962741,-0.07459713,0.082524754,0.057819333,-0.118624076,-0.0986833,-0.059826765,0.19253296,0.2423563,-0.021633688,-0.025233248,-0.06876554,-0.0012974532,-0.06968443,0.151719,-0.158348,-0.06931954,-0.13838297,0.04435358,0.013202018
TCGA-E9-A247-01A,0.05172826,-0.17268741,0.07305357,0.20341644,0.09172591,-0.017371029,0.061982796,-0.033478845,0.009727511,0.14236112,-0.00899141,-0.079641886,0.06143481,0.18693157,0.0853289,0.054452978,-0.11658409,0.01833665,-0.092731155,-0.096449286,-0.051168364,-0.036589373,-0.13390346,0.055482462,-0.07392535,-0.025640633,-0.22503321,-0.08373185,0.031225583,-0.1021024,-0.022157842,-0.006728662,-0.046446826,-0.14918461,-0.062372,-0.11863491,-0.037074536,0.008131814,-0.1101126,-0.06842424,-0.029898815,0.08113244,0.12004907,-0.13002814,-0.0068929037,0.030410731,0.041777,-0.07603179,-0.0015452942,0.07130507,0.2450375,-0.0049123154,0.028477428,0.0313068,0.04011016,-0.120554805,-0.05510029,-0.07046817,-0.018063309,0.028820636,0.13741428,-0.06927079,-0.06641354,0.16611576,-0.09411086,-0.051208425,0.2757434,-0.003099955,-0.04403153,-0.01878274,-0.21371813,0.10269712,0.050756223,-0.14311627,0.15877484,-0.03125555,0.023783775,0.069151536,0.1645188,0.00910455,0.10008531,-0.16590159,0.017814968,0.16081035,0.05167812,-0.13915786,0.03271412,0.18415196,0.15774572,-0.046438318,-0.033019874,-0.036286313,0.095527455,0.0003698945,0.052985743,-0.09060023,-0.06559277,-0.14684117,0.03795356,-0.13265295
TCGA-EW-A1J5-01A,0.0023283178,-0.06361777,0.06903809,0.1703023,0.054078687,0.09289244,0.04678746,-0.09358215,-0.11324325,0.098822,-0.013225222,-0.078725435,-0.001608163,0.18073799,0.099499926,-0.06554832,0.06349337,0.058522962,-0.07536018,-0.15568408,-0.076093554,0.018882446,-0.097667925,0.16036415,-0.0015240782,-0.053575918,-0.20022301,0.0011894108,-0.026743788,-0.048334487,-0.041721385,-0.06388359,-0.087808505,-0.12885043,-0.10520072,-0.064987525,-0.108092435,-0.0638408,0.0368553,-0.06066096,0.079803966,-0.055938587,0.20454569,-0.054685295,-0.07373826,0.0381217,0.02899778,0.07498507,0.07905857,0.084061265,0.10414887,0.06916911,-0.0036222425,0.17043212,-0.0366705,0.12092204,0.10754939,0.0628273,-0.006892294,0.008401169,0.06105792,-0.14891942,-0.080210984,0.14032613,-0.059029687,-0.12538262,0.16640031,-0.14592266,-0.073402785,0.058912672,-0.25220227,-0.052255817,-0.023388973,-0.26510382,0.20534432,0.09526241,-0.028846381,0.121424444,0.16849098,-0.05094016,0.16756645,-0.062461548,0.08249413,0.02912044,-0.011555926,-0.15934433,0.018951805,0.14120679,0.1071333,-0.13415897,-0.03760216,-0.06864759,0.04778425,-0.04987068,-0.05248503,-0.07167821,0.07093485,0.03241196,0.07354002,-0.07933774
TCGA-AR-A2LN-01A,-0.058440346,-0.14083754,0.017925445,0.04652191,-0.022230715,-0.03391602,-0.05849557,-0.112280786,-0.08143015,0.17126118,0.054439344,-0.022367751,-0.0012661053,0.21838589,0.19402996,-0.030937837,0.0055754925,0.018236063,0.026540153,-0.16120504,-0.064345025,-0.19461663,-0.16662794,0.19017693,-0.038569685,-0.17886643,-0.21897444,-0.07254802,-0.01678893,0.018123167,-0.03529611,0.117179066,-0.04827093,-0.1810286,-0.1783825,-0.013910081,0.0058465945,-0.015821371,0.08125435,-0.065007105,-0.021457648,0.17176129,0.18679853,-0.19515488,0.018874971,-0.099171154,0.12560041,0.017597117,0.08193592,-0.017926365,0.014978944,-0.07525411,0.15129301,0.011019614,0.04184852,0.07015713,0.1008079,0.061870083,-0.09067293,0.015904695,0.020128021,0.011333789,0.039385177,0.15387665,-0.056589097,-0.049273632,0.116518095,0.080292605,-0.06077009,-0.1166498,-0.14214651,0.09462398,0.05983083,-0.11031153,0.22888361,0.0924609,-0.11066319,0.14183657,0.09965902,0.062085167,-0.0752058,-0.049074322,-0.06669266,-0.03322877,-0.051054657,-0.06992854,-0.0009992875,-0.00048931525,0.16195069,0.033528972,-0.0036257997,-0.13157132,0.09991937,0.04374745,-0.05136844,-0.10032796,-0.0028765283,-0.07609633,0.06633842,-0.04197509
TCGA-A8-A08O-01A,0.058768567,-0.11550301,0.12036224,-0.03049068,0.0706612,0.037519064,-0.07670926,0.09086579,0.029176094,0.17796515,-0.04217646,0.0562706,-0.014537761,0.22795883,0.03048733,-0.09865959,-0.030833328,-0.09007275,0.05333893,-0.0994895,-0.009199877,-0.10051357,-0.073413655,0.05583374,-0.042226378,-0.13187146,-0.20156807,-0.09447361,-0.030943755,-0.015832815,-0.16392441,-0.0698007,-0.15671492,-0.17086758,-0.054746553,-0.21357396,0.06300418,-0.107729286,0.093057446,0.020627271,-0.19103642,-0.044021163,0.12739255,-0.008953888,-0.024696754,-0.03723036,-0.01938001,0.14834824,0.20762578,0.11097226,0.09122769,0.049642086,0.05013057,0.11956311,-0.11939851,-0.043301973,0.017301988,0.0155685935,0.037618916,0.048869755,-0.0012075215,-0.008075194,0.025730757,0.14305443,0.02202134,0.03121308,0.14542378,-0.03782328,-0.023138147,-0.15471932,-0.14705116,0.0009299061,0.10294039,-0.2075713,0.16871151,-0.087706916,0.0091651175,-0.026216513,0.23406053,-0.04283542,0.044444922,-0.027315998,0.006469533,0.13920443,-0.06538744,-0.07877131,-0.030336088,0.104203895,0.11891826,-0.12430628,0.083141245,-0.082979284,0.080002345,-8.858446e-05,0.082895145,-0.19394685,-0.025866915,-0.11557297,-0.0019819622,-0.06202956
TCGA-D8-A1XM-01A,0.010840977,-0.063486286,0.14475024,0.047902573,0.00911169,0.12063003,-0.021587111,-0.008302902,-0.012553663,0.05704852,0.050096508,-0.08297791,-0.06768538,0.27022642,0.07852531,-0.049682166,-0.17954934,0.09837425,-0.061786436,-0.072911106,0.065059446,-0.056686074,-0.05679241,0.12809484,-0.05681193,-0.040796977,-0.2662661,-0.036277212,0.016646024,0.055247687,-0.19623655,-0.0077794613,-0.10895318,-0.20874418,-0.15553674,-0.12843986,0.010478686,0.02663279,-0.080547564,0.02303951,-0.10423399,-0.05334555,0.1745079,-0.01124788,0.10307597,-0.023035988,0.11470532,0.15672103,0.030534182,0.09712576,0.06441951,0.019019801,0.06710367,0.13016649,0.008589459,-0.06912033,0.02908053,0.010017152,-0.00031679796,0.070541136,0.055353533,-0.02505399,-0.0997016,0.17979461,0.005082324,0.02825719,0.03389214,-0.09583166,-0.03503824,0.03182982,-0.24053544,0.17461778,-0.034561627,-0.14916158,0.2765417,-0.023815468,-0.055416632,0.075429104,0.14427148,0.0027880922,-0.0039995764,-0.10077383,-0.050082095,0.15264723,0.07032652,-0.04728651,0.010654118,0.04982379,0.08427158,-0.11415417,-0.013373266,-0.115329966,0.087241165,0.005364697,0.077727154,-0.14965104,-0.08815769,0.080858,0.09742236,-0.0015103068
TCGA-A8-A075-01A,-0.04798893,-0.13693057,0.012504539,-0.008381435,0.06267919,0.080045305,-0.034232352,0.1347584,-0.016944923,0.17433839,0.004119509,-0.031398352,-0.027240075,0.17313384,0.014645283,-0.04485499,0.09408042,-0.0048591923,-0.0016175332,-0.018682592,-0.18540396,-0.10294528,-0.008789411,0.042882696,0.03112746,-0.036255006,-0.26278788,-0.014656297,0.1690252,-0.04676364,0.016205681,0.08795947,-0.115069754,-0.065329276,-0.20708647,-0.1310546,-0.024651162,0.059453398,-0.024108903,-0.036561918,-0.020358855,0.03979642,0.112259865,-0.08909257,-0.051671583,-0.06784088,0.100443125,0.07165577,0.019462181,0.21640234,0.030979143,0.09123572,0.035666805,0.073608406,-0.11937427,0.032164987,0.12285718,-0.0023396087,-0.10980616,0.008229066,-0.04707619,-0.15184927,-0.09887694,0.05824998,-0.124283716,-0.026832074,0.16108924,-0.033185974,-0.10848063,-0.08674216,-0.171961,0.10909516,-0.0955393,-0.23123217,0.08486137,0.030054715,0.06057704,-0.015576963,0.23031224,0.06295448,0.12716818,-0.18259972,0.023680585,0.017085832,0.007658351,-0.034320075,0.024035122,0.19862548,0.18938501,-0.038870864,-0.00012795687,-0.05210611,0.14417844,-0.0006304648,0.06499062,-0.122199655,-0.08250086,0.027841654,0.16928072,-0.04110276
TCGA-A2-A0YT-01A,-0.02393652,-0.090858966,0.26348925,0.022836005,-0.0027943267,0.08181079,0.045501884,0.013348542,-0.14866717,0.093413025,-0.0155899,-0.034612514,-0.043682266,0.34694254,0.20005237,-0.045849588,-0.046603743,-0.06974189,-0.090193555,-0.08306687,-0.08622833,-0.07874924,-0.12425283,0.10402249,-0.03943711,-0.025563398,-0.1424998,-0.029338747,-0.010514187,-0.12613384,-0.048935175,0.044783875,-0.17348085,-0.13312685,-0.13843943,-0.13854253,-0.017710628,-0.08391612,0.08375499,-0.081326135,0.028080823,-0.03488595,0.021766018,-0.0020411292,-0.014012623,0.096481346,0.050384965,-0.024610367,-0.020148914,0.18670245,0.10765662,-0.022623997,0.054334287,-0.01657195,0.06103959,-0.04791951,-0.007343905,0.05949062,-0.06690471,0.04651882,0.030995952,0.016053157,-0.03639138,0.10718994,-0.06732842,-0.054128975,0.19573024,-0.060828064,-0.11821962,-0.03468419,-0.10718893,-0.018351765,0.051157277,-0.23529808,0.20202334,-0.09370677,-0.07640055,0.08741491,0.1527468,0.0915517,0.08198276,-0.18301615,0.055138443,0.11385108,0.01421426,-0.12020242,0.0023055677,0.109376825,0.06048526,-0.08673221,0.0508008,-0.14193828,0.062069423,0.09227844,0.11084803,-0.102963604,0.0029539845,0.015115522,0.15451314,-0.036127146
TCGA-EW-A2FS-01A,-0.08020901,-0.08130578,0.119364254,-0.016433287,-0.11371343,0.06386417,0.039759777,0.120433584,-0.011252825,0.1376976,0.030982303,0.042852145,-0.08331855,0.18114519,0.10539719,0.0010459785,-0.04339142,0.08215209,-0.020229943,-0.08529699,0.03671323,-0.01769621,0.13055448,0.001440347,0.06684881,-0.067268424,-0.27914742,-0.019052511,-0.0031916176,-0.050490703,-0.029989183,0.014262823,-0.1094463,-0.18136832,-0.1991473,-0.062068813,-0.110907026,0.059204314,-0.04874643,-0.07340762,-0.01355114,0.069349565,0.08956422,-0.1002246,-0.06946218,-0.035958305,0.086563975,0.14423268,0.072832,0.06748777,0.046289388,-0.065308824,0.026737083,0.12800905,-0.20613328,-0.11835722,0.04049579,0.055373903,0.012863144,-0.018954497,0.112823,0.09104284,-0.14742593,0.15691921,0.029690774,-0.020096306,0.15455033,-0.006796717,-0.15550672,0.028578758,-0.13481615,0.11046749,0.071511306,-0.24715641,0.045755625,0.0430995,0.036458183,-0.089192875,0.24892114,-0.15990709,-0.059685264,-0.08084659,-0.024405463,-0.01140225,-0.07655252,-0.10386966,-0.07852874,0.104493536,0.057601485,-0.031588085,0.22208622,-0.13813066,0.16337843,0.040644147,-0.0087599885,-0.08705942,0.08542682,0.00015545906,0.011782987,-0.021149121
