,0,1,2,3,4,5,6,7,8,9,10,11,12,13,14,15,16,17,18,19,20,21,22,23,24,25,26,27,28,29,30,31,32,33,34,35,36,37,38,39,40,41,42,43,44,45,46,47,48,49,50,51,52,53,54,55,56,57,58,59,60,61,62,63,64,65,66,67,68,69,70,71,72,73,74,75,76,77,78,79,80,81,82,83,84,85,86,87,88,89,90,91,92,93,94,95,96,97,98,99
TCGA-AR-A24H-01A,-0.0024608371,0.06755656,0.18803827,0.13020773,0.041782178,0.10544936,0.106649764,0.008941499,0.04213586,0.04644982,-0.06164266,-0.009854343,-0.07785387,0.13185185,0.110638395,-0.035228033,0.120051906,0.09238259,-0.048610177,-0.03408621,-0.002554574,0.04537161,0.06139408,0.15492044,-0.07653116,0.09598211,-0.11808248,-0.0061801267,-0.033526815,-0.042794183,0.052107938,0.12242613,-0.056394555,-0.13160081,-0.07409184,-0.16368935,-0.019615114,-0.06312476,-0.180883,-0.00613888,-0.01764957,0.009122271,-0.013972507,-0.11039378,0.010841081,-0.047131177,-0.08227069,0.066854954,0.15341382,0.17291352,0.15788718,0.1342675,0.10347266,0.030937409,-0.18020387,0.079074696,0.10609953,0.1344901,-0.011263849,0.016713599,0.004081596,0.10768048,-0.031175695,0.20391439,-0.006726422,-0.15817137,0.20455614,0.07409852,-0.11894115,0.06596591,-0.14284298,-0.12517421,0.043569207,-0.20613469,0.05466814,0.010481046,-0.039070886,0.10904497,-0.0030150379,-0.013354697,0.007131598,-0.03271342,-0.11269029,-0.065801114,-0.00056185544,-0.13129146,-0.07652682,0.24011064,0.1538978,-0.048322033,-0.025666501,-0.20513532,-0.06117571,0.0748826,0.0949187,-0.14933003,-0.07213024,-0.049808703,-0.0034193585,-0.13035677
TCGA-D8-A1XU-01A,0.031817634,0.0014177356,0.13877895,0.09968107,-0.043256752,0.13896693,0.017489705,0.017831326,0.016064664,0.105057575,0.009779786,-0.06530299,0.062133133,0.0905261,0.032679755,-0.046983626,0.04418858,0.0486964,0.061481502,-0.090861835,0.06780637,0.045486733,-0.123126484,0.14912999,0.13632233,0.14901404,-0.27592954,0.007640576,0.02179121,-0.097840495,-0.07528637,0.043841496,-0.042732835,-0.20739509,-0.107465915,-0.269505,-0.05832996,-0.06921152,0.03099832,-0.019375687,-0.018296737,0.01996411,0.043105375,-0.14301826,-0.018011464,-0.10681689,-0.0012958868,0.022901822,0.11395655,0.070337944,0.12229061,0.15852407,0.03850396,0.20345071,-0.012469529,-0.029782265,0.16932006,0.040692355,-0.0029367912,0.007958945,0.052606624,0.12001247,-0.09809716,0.18190405,0.117504634,-0.108495995,0.14879027,-0.012056839,-0.048587676,0.056777287,-0.122798525,-0.036667947,-0.06519989,-0.1875804,0.006559622,-0.11086048,-0.0013141241,0.21688512,-0.024594793,0.0055489624,0.14004599,0.11704904,-0.034144476,-0.0013106621,0.010581771,-0.12265469,-0.040516466,-0.0014853376,0.10589328,0.041864023,0.05724252,-0.1361559,0.09406625,0.03715241,0.08645061,-0.088960305,-0.21848473,0.020395955,-0.05676852,-0.15331736
TCGA-A7-A26E-01A,0.009402567,-0.055899438,0.16146399,0.12927252,-0.1738467,0.07449989,0.13255177,-0.040095855,-0.0042876927,-0.031364392,-0.014172918,0.03549752,0.022059197,-0.060932074,0.12245593,0.0004999217,0.017706292,0.20317936,0.047998816,-0.003716967,0.089603335,0.033713777,-0.031889275,0.10908809,0.008870839,-0.014962275,-0.2206423,-0.061386514,0.01542145,-0.11035404,-0.022936698,0.003912429,-0.12961732,-0.17492254,-0.10771428,-0.2065488,-0.17529334,-0.07930679,-0.12418248,-0.043273203,-0.104775846,0.036600333,0.14554691,0.022240687,-0.073378414,-0.14164609,0.05443486,0.10471692,0.026099592,0.16744104,0.115780264,-0.011589796,0.018335845,0.15006864,-0.052409675,-0.010704359,0.09337696,0.05059267,-0.06093291,0.02394361,0.02214862,0.099200636,-0.11316223,0.09599697,0.084613934,-0.11463557,0.0765203,0.07972382,-0.090747036,0.08817526,-0.07760976,-0.05529728,-0.057574045,-0.22464354,0.073970415,-0.16265811,-0.023741407,0.005661246,-0.004565435,-0.01042021,0.100861795,-0.037142564,-0.025613414,-0.011302384,-0.065181345,-0.116920345,-0.014863728,0.07279705,0.29180896,0.011944784,-0.004824753,-0.2600574,0.10775867,0.06375508,0.09855454,-0.04212807,-0.18041511,0.022048285,0.046591334,-0.07292135
TCGA-D8-A27E-01A,0.10248811,0.008530342,0.08845849,0.17457716,-0.0033014384,0.07888086,0.081532665,-0.0045291325,0.037383247,0.053658403,-0.029807888,-0.030959396,-0.05049801,0.022415487,0.07381932,-0.079276055,0.119678944,0.19378869,0.022405734,-0.025411086,0.0071542943,-0.05235577,0.11199083,0.118293524,-0.0020098968,0.13802399,-0.17977354,-0.0038936622,0.014881669,-0.061460074,0.15051962,0.095562235,-0.12208266,-0.21935709,-0.11946187,-0.27242562,-0.18252705,-0.01186885,-0.067566216,-0.05976553,0.043764666,-0.015597668,0.052587092,-0.060504004,-0.09969553,-0.18448946,-0.05083325,0.10615552,0.084522724,0.052892976,0.056329172,0.043937746,0.10065407,0.11765835,-0.17267534,-0.09924359,0.04889071,0.11963714,-0.1018331,0.013016091,-0.0048473203,0.079140835,-0.0026694513,0.1291094,0.00926811,-0.10690662,0.23687218,0.08671898,-0.04077872,0.007953902,-0.18867147,0.019626662,0.027242985,-0.24299498,0.15303442,-0.11452806,0.024274422,0.028684892,0.10149472,0.009785664,-0.011253598,0.08265548,-0.03868823,-0.039079595,-0.09934413,0.08546826,0.01068869,0.09344744,0.24434882,-0.042848565,-0.06670449,-0.109171614,0.053000182,-0.04994339,0.0930789,-0.07614799,-0.05618437,0.014750927,0.0064199953,-0.035967983
TCGA-BH-A0DK-01A,-0.014224014,0.059031516,0.16375111,0.12656924,-0.100394346,0.13488328,0.043637797,-0.005514546,-0.039062258,0.053371057,-0.024019698,-0.022606017,-0.10973589,0.0997769,0.21821027,0.022204045,-0.048157267,0.1746616,0.043709964,-0.023231082,0.029970061,-0.02220381,0.01552059,0.17667882,-0.050668936,0.07508887,-0.1869198,-0.08984086,-0.13459691,-0.035714716,0.110094875,0.08545851,-0.16085431,-0.22831284,-0.100508146,-0.2029166,-0.053175047,-0.11016861,0.015971942,-0.08974846,-0.039726574,0.036490824,0.13476798,-0.04184178,-0.028806672,-0.07900995,0.018081674,0.10876379,0.034740508,0.13203208,0.03159924,0.12502751,0.030258395,0.20380573,-0.077001005,-0.012375273,0.105749026,-0.009796918,-0.13428688,-0.10690161,0.00942994,0.06586283,-0.09176692,0.15312809,-0.045098763,-0.13460569,0.09735612,0.054099187,-0.05438977,0.05278295,-0.1379457,0.00246158,0.12071158,-0.13792717,0.023142152,-0.038762752,0.015607453,-0.022971924,0.0268459,-0.03934757,0.13964151,0.0054674484,0.055997144,0.013730313,-0.1421389,-0.09486114,-0.06331653,0.12295978,0.12992366,-0.0506916,-0.019922426,-0.18892828,0.0151983155,0.054427233,0.005715054,-0.0519638,-0.19091836,0.06499676,0.17221613,-0.18737336
TCGA-E9-A5UO-01A,0.032158937,0.0039468287,0.18320762,0.08697423,0.05359287,0.09431082,0.046349656,0.014960731,-0.05662154,0.115930215,-0.073996864,0.034547467,-0.11705686,0.2056058,0.061996527,-0.028435508,0.06730322,0.095446914,0.0111771,-0.033542026,0.07560275,-0.048961632,-0.033371914,0.11795439,-0.012667148,0.09155043,-0.24793686,-0.022479318,-0.02221958,-0.022407144,0.015498664,-0.010118356,-0.22922039,-0.16361354,-0.1096333,-0.16495007,-0.16883725,-0.16368262,-0.1445777,0.025678264,-0.112918265,0.023416063,0.0772666,-0.01352377,-0.09579315,-0.11756507,-0.0035218236,0.07626872,0.16000418,0.10024087,0.07784075,0.08364496,0.06832574,0.16054867,-0.017177805,0.055934496,0.11098676,0.030650768,-0.08787567,0.09154239,-0.046732534,0.04603855,-0.14742842,0.07993199,0.121127486,-0.040868618,0.12980236,0.06106203,-0.14183986,0.004896276,-0.09638168,-0.06351049,0.07944811,-0.19353588,0.09824653,0.022675479,-0.092849016,0.013407815,0.026089875,-0.047946643,0.1047746,0.0033441954,-0.050563768,-0.00613582,-0.048286267,-0.07442312,-0.047643077,0.16722737,0.2346155,-0.068423346,-0.010862637,-0.12800628,0.050998814,0.022533875,0.14017461,-0.18540363,-0.124680735,0.035520047,0.09585254,-0.12110534
TCGA-LL-A7SZ-01A,-0.03622873,0.031029249,0.12556696,0.16995147,-0.00716583,0.095024325,0.09483468,0.07406764,0.02501207,0.023680007,0.07412575,0.07967552,-0.039666515,0.14467539,0.0666097,-0.14371826,0.11198059,0.20606546,0.028999453,0.054289266,0.061562207,0.11516489,-0.033659164,0.155976,0.023711802,0.12562697,-0.09993626,-0.06190181,-0.05791234,0.015337226,0.09789703,0.02381462,-0.08452521,-0.1453013,-0.19145557,-0.23091611,-0.10498109,-0.05673772,-0.076151,-0.022900343,-0.029986732,0.09243458,0.086619854,-0.03877795,-0.01704641,0.0003628169,-0.047178496,0.06898571,0.12918858,0.11490633,-0.0073360256,0.05236828,-0.046794582,0.09031,-0.15619874,0.07181147,0.12441515,0.0728794,-0.03017848,0.020181455,0.05657134,0.0408278,-0.052597266,0.12784426,0.03936616,-0.054615423,0.19687007,0.07311648,0.014183674,0.04330038,-0.06781568,-0.05351342,-0.03852284,-0.16244374,0.11818412,-0.07200728,0.05566961,0.16130945,-0.040112104,0.038113803,0.09308764,0.048257835,0.0013064354,-0.072019525,-0.00177394,-0.08858474,0.07205024,0.29627112,0.17427371,-0.08898304,-0.008792314,-0.20387836,0.069846496,-0.08306838,0.17300023,-0.15220925,-0.083747976,0.013655268,0.08377624,-0.1645292
TCGA-D8-A1JJ-01A,0.0010417841,0.0014946114,0.24002714,0.10691553,-0.08381661,0.0669513,0.06467153,0.028045783,-0.036396746,0.10194721,0.026031874,-0.048049722,0.03361809,0.09750189,0.07274796,-0.051094037,0.100016855,0.09610569,-0.055054422,-0.00080425316,0.039078962,0.08480994,0.023656372,0.1663139,0.011545377,0.14567974,-0.08554526,-0.0071159857,-0.008500284,-0.18134578,0.058857903,0.045489807,-0.1724082,-0.10866473,-0.08259752,-0.1924813,-0.118727416,0.02732574,-0.016824404,0.069489375,-0.019424917,-0.03423237,-0.0022306694,-0.016449284,-0.112904884,-0.09067673,0.024286434,0.15214725,0.10262711,0.17025049,0.049553275,0.13400276,0.18902642,0.04804842,-0.13039558,-0.015074605,-0.013273537,0.090261035,-0.023303237,-0.03068601,-0.116879895,0.079996824,-0.078042656,0.17560194,0.087049454,-0.074899,0.21271172,0.06242669,-0.1364605,0.0842851,-0.05922951,-0.074374676,0.05444518,-0.16392115,0.068972215,-0.10586161,0.014141339,0.11513563,0.08084847,-0.095184535,0.053420596,-0.015336141,-0.004311022,-0.019633142,-0.104659244,-0.12335919,-0.054696128,0.16933878,0.14068255,0.013123622,-0.07272044,-0.23073375,0.0025106345,0.10287369,0.09237774,-0.09571664,-0.16875629,0.0292536,0.018678315,-0.22623241
TCGA-EW-A1IY-01A,0.02851102,-0.025847362,0.1589148,0.12873113,-0.013146674,0.09400705,0.09510437,0.004435749,0.033886693,0.012782436,0.014608107,-0.042532206,-0.07758408,0.3016725,0.13953209,-0.06013095,0.06610637,0.08757216,-0.008271207,-0.11697021,0.045172587,-0.0069879703,0.09670964,0.12663077,0.12340965,0.050536625,-0.15490095,0.027707059,0.053905237,-0.057085533,0.07405472,0.090022855,-0.058580868,-0.27310058,-0.014861643,-0.20436354,-0.1053423,-0.009136963,-0.08237011,-0.07850982,0.013325593,0.033657677,0.10325304,0.136895,0.0012345143,-0.14954337,0.075229876,0.03774656,0.07766155,0.15693454,0.03364883,0.07911174,0.069940515,0.12652318,-0.1278797,0.054795075,0.14352578,-0.061049055,-0.25045553,0.098792315,-0.04873835,0.049460225,-0.10675535,0.1570909,0.093417965,-0.0682945,0.155551,0.056168403,-0.08061129,0.03815227,-0.14065355,-0.031213958,0.010116528,-0.22868334,0.05337541,-0.034850914,-0.036154468,0.04372712,0.04999454,-0.03222139,0.056122333,0.006386632,-0.0035747683,-0.057320528,-0.0033822746,-0.011766197,-0.041421775,0.0840545,0.14152034,0.04851754,0.044041857,-0.030588739,0.03031448,0.05761475,0.20883717,-0.08955523,-0.18923162,-0.036679406,-0.0034580699,-0.113639615
TCGA-EW-A1IZ-01A,0.021345483,0.12933446,0.14989576,0.09989254,-0.011507806,0.13650608,0.0020553707,0.010795353,-0.023815203,0.08980294,-0.026907425,-0.061187293,-0.11116983,0.115689166,0.1403742,-0.06516277,0.01366737,0.16608742,-0.021755042,-0.09158844,0.04845563,0.0015880889,0.02544168,0.12725458,0.00083903456,0.11347393,-0.23059791,-0.028768439,-0.08995124,-0.08084158,-0.07778176,0.040221754,-0.11172798,-0.15865019,-0.072063245,-0.25456068,-0.016840173,-0.03355551,-0.072595716,-0.029020708,-0.08463059,-0.042572208,0.08259941,-0.05309097,-0.106515825,-0.082055196,-0.09720121,0.040138263,0.08835213,0.054583456,0.0684798,0.071640715,0.07302574,0.11634391,-0.14933325,0.06356691,0.14488837,-0.02423741,0.0154298255,0.03373457,-0.05018458,0.04538241,-0.09963502,0.13260043,0.19181262,-0.14115103,0.10188904,0.021934709,-0.13634852,0.0022802218,-0.21873379,0.04676277,0.0068695466,-0.247511,0.009790889,-0.040631805,0.03858875,0.08428372,0.18286838,-0.13781649,0.17238438,-0.070164345,0.009595245,-0.021302428,-0.038791653,-0.08698769,-0.018225541,0.062147208,0.2064784,-0.064824335,-0.009252155,-0.0006191067,-0.07188698,-0.023106145,0.04760505,-0.10103941,-0.16792858,0.13805287,0.0069201575,-0.13696945
TCGA-GM-A2DD-01A,-0.0076931794,-0.050350424,0.13127215,0.07736117,-0.056942184,0.18559894,0.10985022,0.08007078,0.07585491,-0.028479831,-0.017131327,0.015770786,-0.0068341265,0.0956159,0.06526157,0.008728187,0.040676594,0.051006828,0.021425826,-0.002424894,0.020058274,0.07625407,-0.024084907,0.062183037,-0.051833108,0.06535916,-0.22310854,-0.1352702,-0.10827525,-0.10056905,0.121888675,-0.000286759,-0.21750183,-0.09632799,-0.09648505,-0.34157655,-0.06544968,0.041941974,-0.094796814,-0.002361543,-0.011433307,0.051060427,0.070501424,-0.103934996,-0.07618263,-0.12422718,-0.109991916,0.09754247,0.17725252,0.085847735,0.024538767,0.16111116,0.097348705,0.11849802,0.022720374,0.07551817,0.08610846,0.1140459,-0.075629875,-0.049063373,-0.038653295,0.11438522,-0.106797814,0.17481227,-0.08038855,-0.17455377,0.22071308,0.035572007,-0.15732035,0.09965221,-0.12831816,0.025335217,-0.013702639,-0.1276436,0.009118747,-0.1632075,-0.024378693,0.121439844,0.031392302,-0.0026401537,0.10313056,0.03134192,-0.058456503,0.058136925,-0.0094991205,-0.08108066,-0.024519661,0.18550573,0.084351964,-0.01996257,0.0010207362,-0.08786915,0.0068037156,0.023572342,0.15583487,-0.04216067,-0.046873167,0.100074954,0.09289667,-0.1003307
TCGA-E9-A22A-01A,0.10830948,-0.021693213,0.28047973,-0.010907203,-0.0058449935,0.12387112,0.055878017,0.023752095,-0.014581848,0.0324876,-0.021586964,-0.011645619,0.07571654,0.0700762,0.06280775,-0.023388648,0.0068047238,0.09798454,-0.0366752,-0.09351163,0.12736598,-0.06748444,0.0062274663,0.10591796,0.050335668,0.12361701,-0.12987466,-0.007978267,0.027862428,-0.053931065,0.11972001,0.06829446,-0.11942128,-0.15865877,0.0047968053,-0.15777059,-0.103542045,0.0028111795,-0.040759932,-0.05548527,-0.051395208,0.044344246,0.09518125,-0.04247847,-0.014742738,-0.13076687,0.040212166,-0.05031147,0.11346734,0.09482859,0.084033206,0.16704479,0.035852283,0.11978545,-0.07313483,0.027404297,0.08988854,0.023319123,-0.103469715,0.11833811,-0.057597347,0.14611968,-0.1698055,0.063717075,0.01964357,-0.06533141,0.19623165,0.04866039,-0.109229945,0.016253483,-0.10793494,0.034214642,-0.033414792,-0.24941683,0.12405098,-0.08247864,-0.011842835,0.11315418,0.019718707,-0.050720092,0.05095673,0.021423815,0.027763592,-0.079279765,0.125417,0.039342955,-0.11585232,0.27974346,0.16513574,-0.058401693,-0.006917521,-0.19166203,0.07431172,0.01238786,0.26886252,-0.12716812,-0.0747313,0.0984245,0.0048757726,-0.09797028
TCGA-B6-A401-01A,0.01628456,-0.045141116,0.192086,0.18585154,-0.1188374,0.08513891,0.09479622,0.025492655,0.045091797,0.09824994,-0.1348504,-0.04161528,-0.08130238,0.011744402,0.17410642,-0.045973398,0.076129094,0.08543922,-0.021522537,0.059178922,-0.031966824,0.05228087,0.018611506,0.13750409,0.029187141,0.07338189,-0.17109364,-0.0033435447,0.009101634,-0.052687574,0.042624764,0.021219218,-0.12508948,-0.089879654,-0.12465303,-0.16427167,-0.07752969,-0.011781223,-0.061388947,-0.08947352,-0.0911703,0.06690089,0.0293008,-0.021064572,-0.025695903,-0.090725265,-0.11513088,0.059110414,0.09747427,0.2414096,0.019610178,0.16770878,0.15067744,0.066989124,-0.066887654,0.115881346,0.12640893,0.01804153,0.008349419,-0.054531086,-0.011018854,0.053507235,-0.056208435,0.27521127,0.10894581,-0.12434883,0.13683118,0.09321743,-0.064989045,-0.0002888179,-0.14912625,0.0024524932,-0.06464109,-0.20220613,0.015896792,-0.055250745,-0.100295834,0.16955642,0.04123092,0.01221341,0.040842164,-0.018797662,-0.082343474,-0.059341863,-0.049955085,-0.08455473,-0.06727297,0.15576507,0.13657916,-0.05642331,-0.09909487,-0.15487204,0.010098786,-0.0057257754,0.07524295,-0.0575058,-0.13227673,0.15955868,0.038509276,-0.21691932
TCGA-A8-A075-01A,0.04001805,0.065573245,0.19990617,0.161916,-0.113257915,0.118148014,0.06066781,0.028503144,0.021935616,-0.09466859,-0.08674931,0.006403636,-0.016011266,0.08572842,0.12608619,-0.11820003,0.11277431,0.10711815,-0.100843035,-0.049290475,0.081383735,0.03556418,0.0031463888,0.15924942,0.027719654,0.14080541,-0.15046506,-0.051438347,-0.012796631,-0.14273933,0.04281467,0.009540598,-0.009848843,-0.096702494,-0.11088545,-0.29790542,-0.10357953,-0.055749886,-0.054028645,-0.02927162,0.04164824,0.02112251,0.046189606,-0.03232763,-0.111031026,-0.13084535,-0.06941978,0.08712173,0.1483508,0.19070423,0.09120149,0.10159589,0.07399448,0.066724144,-0.12075215,0.11556237,-0.04932231,0.02683728,0.039479274,-0.015722228,0.037679117,0.09165947,-0.10766003,0.10264143,0.059514683,-0.07932352,0.13624746,0.081822254,-0.11052669,0.051006775,-0.09502823,-0.14303942,0.01895941,-0.1278532,0.11820939,-0.03055567,0.026882052,0.22943525,-0.029291535,-0.06071844,0.05166235,-0.06009749,-0.04910867,-0.07887212,-0.016290437,-0.035761144,0.012942387,0.1783809,0.22178811,-0.07747233,-0.021237874,-0.20388399,-0.0335493,-0.0440743,0.17349444,-0.08388426,-0.12245288,-0.04210499,-0.026029527,-0.066554226
TCGA-E9-A1NI-01A,-0.0138405515,0.0013169214,0.20691203,0.13882948,-0.07187198,0.08629606,0.0624933,-0.1805849,-0.0499698,0.058050167,-0.02783726,-0.029959587,-0.008984355,0.1386175,0.071914725,-0.025104942,0.13590929,0.20847787,-0.02769419,-0.06568576,-0.04454037,0.008600787,0.01253557,0.15685415,0.03365855,0.045728635,-0.16014159,-0.04435101,-0.07571632,-0.053564426,0.0528552,0.04860852,-0.026974075,-0.14242241,-0.17606294,-0.15785046,-0.09891998,-0.10449867,-0.1596205,0.012778854,0.032935694,-0.14203244,0.10955118,-0.10919394,-0.07019002,-0.1155804,-0.065771274,0.09694139,0.048969366,0.15754998,0.03920872,0.14265193,0.06362639,0.01811872,-0.10215791,0.013972088,0.034491412,-0.0015269227,0.056476206,-0.0925328,-0.028920231,0.12259081,-0.15811267,0.24563877,0.056549806,-0.083616525,0.160277,0.020107804,-0.0860234,0.08046069,-0.17272733,0.078523025,0.11468367,-0.13377075,0.10255716,-0.015475961,-0.004549768,0.06666517,-0.0021253035,-0.09938928,0.19124447,0.007894758,-0.07631624,-0.06539314,-0.030298242,-0.07057336,-0.027584534,0.11916997,0.21701398,0.025314761,0.036088154,-0.09796618,-0.019207552,0.060956452,0.12062075,-0.14852144,-0.081686,0.048959896,0.0956111,-0.10654403
TCGA-OL-A66L-01A,-0.03154566,0.11423847,0.14180134,0.21853329,-0.055321045,0.12418166,0.014327102,0.09730036,-0.014187501,-0.030084401,0.00075386395,-0.009310005,-0.05934942,0.07012298,0.13974635,-0.026252339,0.18702291,0.16002738,-0.078785904,-0.051564112,0.045746323,-0.01097032,-0.050753135,0.14892904,0.053586155,0.08021796,-0.14955795,-0.03781982,-0.11545605,0.00436271,0.03303896,0.1041539,-0.16558734,-0.09139272,-0.13224097,-0.15391867,-0.113058574,-0.04051306,0.0137098,-0.013703663,-0.014384514,0.008084267,0.057347972,-0.12337838,-0.023998404,-0.15084223,0.07013268,0.08292616,0.11774166,0.07057935,0.16015819,0.16230586,0.098001815,0.10944841,-0.07840748,0.030874461,0.15686148,-0.004986414,-0.09193227,0.006438391,0.09688521,0.06258663,-0.15046673,0.23937736,0.036814146,-0.0982379,0.16222858,0.076365635,-0.09288927,0.06658757,-0.088963866,-0.063922465,0.05296437,-0.19846387,0.10682147,-0.10042432,0.07917027,-0.010050487,0.08547631,-0.053692997,0.10613478,0.0639979,-0.03556061,0.018070446,-0.026349785,-0.07048803,0.0073328977,-0.009306745,0.13372886,-0.032078996,-0.004622259,-0.16551441,-0.044954866,0.03147461,0.24455036,-0.0491278,-0.106167406,0.08426809,0.02920671,-0.1780895
TCGA-AR-A24V-01A,0.081186086,0.10233568,0.244987,0.10253824,-0.01900558,0.11828511,0.09990195,0.077723816,0.098369546,0.09391935,-0.00088680966,-0.042421132,-0.08718835,0.08696077,0.16321619,-0.046545412,0.0471411,0.19969855,-0.007630041,0.04332302,0.041279282,0.030896313,-0.013603282,0.1317304,-0.11260886,0.042571317,-0.18380158,-0.027267778,-0.036413107,-0.10712111,0.052563544,0.021515397,-0.19970128,-0.13511133,-0.13488607,-0.20716923,-0.041719783,-0.1202429,-0.030242715,-0.08813884,-0.010990379,0.09358642,0.14988418,-0.09959924,-0.084586404,-0.047474958,-0.03197268,0.14177439,0.10688717,0.16809988,0.16807532,0.13523771,0.02089972,0.0048800125,0.009115821,-0.026758304,0.18860804,0.06261183,-0.024308722,0.07666358,-0.13982531,0.04767766,-0.103097744,0.119671576,-0.011891512,0.032169245,0.20678909,0.028673438,-0.10222162,0.0653419,-0.12960717,0.0010189201,0.095542945,-0.12368091,0.108014405,-0.091378994,0.029527161,0.097943865,0.032310165,-0.00065218814,0.15113221,0.073841214,-0.12514567,-0.028986048,-0.053056348,0.020109583,-0.018839719,0.10285219,0.17014802,-0.039717454,0.063448004,-0.13163273,-0.060340576,0.025527857,0.1147868,-0.052319232,-0.09407807,0.062468234,-0.007495236,-0.12753533
TCGA-BH-A0C0-01A,-0.055254027,-0.022548204,0.10495136,0.16683176,-0.013270014,0.104385234,0.05738128,0.10581887,0.09023458,-0.0013060282,0.011158357,0.029694933,-0.0999658,0.105165385,0.11157441,-0.12416291,0.09058185,0.25018743,-0.011307521,0.03610561,0.034369733,0.019942407,0.12587109,0.033733614,0.0134302415,0.10105972,-0.06385013,-0.06107656,-0.059671547,-0.0658229,-0.011115594,0.08636835,-0.026739711,-0.25049827,-0.11296158,-0.22453934,-0.104435384,-0.13694045,-0.05573266,-0.022178283,0.014511172,0.028701616,0.109121904,-0.093792126,-0.025998529,-0.11657099,-0.06358353,-0.006719485,0.020308606,0.16243723,0.10538557,0.08786594,0.06869395,-0.00018307805,-0.13672233,0.069549486,0.14201562,-0.03560069,-0.07131197,-0.046999533,-0.030094817,0.05402328,-0.045390148,0.096708834,0.09382293,-0.08449113,0.20173118,0.18923111,-0.18157482,0.10630957,-0.21086241,-0.0737568,0.0240877,-0.1353988,0.12492688,-0.07570953,0.076710686,0.09277168,0.10357199,0.0025771456,0.07080481,0.07219062,-0.002442409,0.026591001,-0.075422876,-0.03347755,-0.10191919,0.122495,0.20447555,0.014318896,-7.8588564e-05,-0.20051154,0.06527052,-0.056036938,0.1403791,-0.036849055,-0.142107,-0.00806105,-0.044073362,-0.05947176
TCGA-A2-A1G4-01A,0.118969604,0.03444141,0.115198605,0.14976726,-0.08193333,0.06823792,0.07079621,-0.03151796,5.684955e-05,-0.02023065,-0.12822159,-0.062490996,-0.038500063,0.11888639,0.075928,-0.09331141,-0.025077984,0.21278417,0.0030306962,0.014354907,-0.0535128,-0.0039025894,-0.12185496,0.13445966,-0.029007915,0.18564413,-0.17082472,-0.020493332,-0.017109154,0.007935475,0.0037832865,0.08364948,-0.09753755,-0.1519348,-0.054177355,-0.0824718,-0.14941518,-0.095380254,-0.14482598,-0.0817938,-0.044345643,-0.050070636,0.09079584,0.0456622,-0.04599063,-0.08664865,-0.1054489,0.049183086,0.170701,0.09891999,0.08423235,0.11100801,0.09539553,0.09393289,-0.07295375,0.04002343,0.11253276,0.072971955,-0.057168785,0.011008574,-0.12247765,0.135926,-0.1892546,0.15711081,0.03034518,-0.13989584,0.07683419,0.011607723,-0.14181736,0.10453221,-0.14419036,-0.03195055,0.02588894,-0.23817551,0.14547156,-0.12210538,-0.049831852,0.11928468,0.16073108,0.10484242,4.1908923e-05,-0.09178536,-0.046626948,-0.08739618,0.011541087,-0.067681424,-0.05525008,0.18263756,0.1975563,0.04987714,-0.026096852,-0.15537943,0.053029094,0.009173361,0.0913276,-0.03928517,-0.10882013,0.07968621,0.068828784,-0.028461795
TCGA-E9-A228-01A,0.017584061,0.019346766,0.15808812,0.11895558,-0.064839125,0.10561768,0.03771046,-0.026619183,0.11776181,0.0886265,0.035392463,-0.00057849596,-0.037977874,0.15906544,0.13840225,0.0031575805,0.07208519,0.23489216,0.003334404,0.03125567,0.068441585,0.009293013,0.014107886,0.2401862,-0.08227597,0.116676554,-0.16788845,-0.09405304,-0.09058234,-0.09356424,-0.027011752,0.09078359,-0.017051639,-0.10946025,-0.13509178,-0.25337854,-0.10387146,-0.030625096,-0.12509,0.110445336,-0.012727896,0.014134079,0.014840715,-0.079477064,-0.052575104,-0.08899127,0.07339884,0.01658909,0.050925244,0.23820642,0.13328786,0.18022509,-0.056697775,0.17142808,-0.01274371,0.08206044,0.14492118,0.05996833,-0.14045002,0.018949302,-0.027916892,0.14873828,-0.08167817,0.2094939,-0.017455073,-0.051882595,0.122248076,0.077611744,-0.05811325,0.0002630717,-0.12693115,0.029449204,0.049388394,-0.111574925,0.094019845,-0.041296713,0.040897395,0.13722019,0.05094854,0.0046696058,0.10350203,0.021697544,-0.015724745,-0.04587515,-0.11935498,-0.11248291,-0.1216777,0.091040984,0.17255452,-0.020443097,0.054285064,-0.06627849,-0.030732047,-0.01961245,0.065506086,-0.026709767,-0.16012645,0.0022165102,-7.1908384e-05,-0.12552719
TCGA-BH-A1EU-01A,-0.04198273,0.03779114,0.18651871,0.046151176,0.0056659463,0.13812907,0.09342758,0.012252658,0.007860715,0.05633232,-0.04290947,0.08800386,0.01014739,0.15197396,0.05828036,-0.0012493086,0.09184112,0.15013309,0.025593556,-0.0045219543,0.03941514,-0.036628734,0.038187593,0.16954543,-0.03886582,0.067214936,-0.18087323,-0.050551463,-0.032037474,-0.043959823,0.10488617,0.061354753,-0.13887878,-0.18545556,-0.059060443,-0.22267365,-0.030176952,-0.065683536,-0.077649005,0.084523186,-0.068210356,0.021276282,0.09203024,-0.0923568,-0.050819255,-0.09172027,-0.06367339,-0.04224307,0.13808706,0.12468775,0.15085104,0.035509557,0.16748865,0.08001203,-0.0654239,-0.028370187,0.10631854,0.07476792,-0.11469106,0.05640466,0.023163695,0.11277698,-0.122955464,0.20919032,0.050931077,-0.060953114,0.20032008,-0.051396698,-0.12896517,0.070427895,-0.08019331,0.031360827,0.18068959,-0.13153976,0.1361527,-0.105859935,0.03988953,0.09274341,0.18430535,-0.012554747,0.0507911,-0.08688109,-0.045446474,0.012255367,-0.03700675,-0.12651844,-0.07522046,0.15986201,0.12493882,-0.08894594,-0.024701744,-0.08903052,0.061075337,-0.01379688,0.080055945,-0.1346618,-0.21929581,0.04810353,0.15140206,-0.06482389
TCGA-C8-A26X-01A,-0.007894892,0.040569935,0.19193791,0.08306351,-0.087307364,0.22565266,0.15714994,0.026923804,0.11220156,-0.009365316,-0.061761677,-0.04180082,0.07082366,0.094881006,0.11917818,-0.07127405,-0.022559723,0.16711812,-0.059277404,0.04376741,0.012581178,-0.01803744,0.011701361,0.0067793443,0.08588821,0.0053390306,-0.22139083,0.026398804,-0.034638695,-0.036189638,0.08528653,0.096830636,-0.21298848,-0.12841661,-0.13793725,-0.121455126,-0.099704,-0.03749943,-0.112255,-0.0035072477,-0.10471886,0.038172014,0.058917582,-0.08974892,-0.10199501,-0.09235975,-0.04511507,0.03687494,0.059345484,0.11989156,0.03745216,0.096300624,0.16438319,0.10928468,-0.05121485,-0.063002944,0.1191648,0.09530569,0.011695197,-0.053005744,0.0015470603,0.10903504,-0.19646001,0.08097604,-0.015230565,-0.13100879,0.24946512,0.12696233,-0.16927691,0.047460645,-0.17879508,-0.037818983,0.08617554,-0.22433114,0.10470089,-0.06953832,-0.012336155,0.09156935,0.08756251,-0.033591717,0.0794593,-0.014686708,-0.09493411,0.07874476,-0.0012388369,-0.14972131,-0.11937375,0.10562869,0.17302732,-0.050712086,0.0236145,-0.060142945,-0.044145033,-0.08528145,0.073976025,-0.050741956,-0.066551626,0.03881523,0.04456965,-0.0508549
TCGA-S3-AA17-01A,-0.065613374,0.025184186,0.18954141,0.12633057,-0.0005908944,0.16125621,0.07536659,-0.024658408,0.11956919,0.0045865444,-0.019165367,0.0036019331,-0.052694596,0.06221351,0.0771319,0.021485394,0.1080857,0.18052484,0.0013551847,-0.0779057,-0.049940117,0.12301178,0.003140947,0.08876675,0.0632846,0.1312616,-0.17516336,-0.12782939,-0.0916648,-0.15805787,0.13118197,0.11056958,-0.05229062,-0.06390384,-0.08390297,-0.2138998,-0.03558418,-0.0989611,-0.0701417,0.023764504,-0.08629663,0.04779085,0.07454031,-0.049196392,-0.07370891,-0.0365367,-0.042259976,0.03427993,0.07242553,0.09580634,0.027253289,0.12552337,0.07400204,0.07045483,-0.28315106,0.032781623,0.059597537,-0.08847067,-0.01120374,0.035071515,0.021063806,0.12488717,-0.10813749,0.21260655,0.052532323,-0.23427121,0.103932284,0.07655407,-0.12176412,0.02588009,-0.050158326,-0.03521709,0.06552941,-0.20944184,0.02356172,-0.12191599,0.08036134,0.04812867,0.07706614,-0.1053166,0.057429835,-0.0070790434,-0.024134727,-0.10812934,-0.04581258,-0.01916309,-0.05400276,0.20807771,0.21943341,-0.02645897,-0.052542403,-0.14293973,-0.090583995,0.014469474,0.056867894,-0.030270712,-0.08494474,-0.07194044,0.02105296,-0.14011714
TCGA-PL-A8LZ-01A,-0.08387789,0.048881672,0.23615552,0.13753082,-0.037444886,0.059851315,0.011931338,0.043996576,0.064960174,0.04735001,0.065781005,0.00919814,-0.05720252,0.24560024,0.10705955,-0.055616315,0.027682187,0.03342033,0.01828932,0.035782155,-0.026010318,0.086686656,0.0008378165,0.1209422,-0.029529823,0.11181988,-0.13886477,-0.0032371413,-0.10237488,-0.07766677,0.103039406,0.00761552,-0.13470566,-0.12672834,-0.11713466,-0.1174552,0.004215269,0.006983917,0.06137942,-0.089942284,-0.08266435,0.046987735,0.040792275,-0.0376394,-0.062627845,-0.122107245,-0.10033631,-0.045258503,0.0983827,0.18393873,0.14756174,0.10278824,0.16091019,0.23191886,-0.04675368,0.054783933,0.1993208,-0.016898122,0.026484134,-0.11416665,-0.013261066,0.044760346,-0.080756955,0.1521254,0.012126814,-0.0706315,0.2194924,-0.0057668826,-0.07840667,0.013559195,-0.2386824,0.026235925,0.046937637,-0.13448298,0.050251704,-0.07940666,-0.058062065,0.030235844,0.048574455,-0.020601587,0.11714479,0.03171057,-0.07861437,0.048675407,-0.06154446,-0.034609932,-0.028487366,0.12550122,0.14489938,-0.010038971,0.11028867,-0.16907167,0.040164873,-0.024574965,0.07552864,-0.08921326,-0.21923102,0.11751618,0.047100402,-0.17447348
TCGA-BH-A0DH-01A,0.053829886,-0.034831822,0.05274117,0.22533949,-0.046785336,0.16527441,0.063380584,-0.013207333,0.0002270417,-0.057304587,-0.042928968,0.03499889,-0.104695395,0.06533926,0.16384248,-0.081935614,0.08602237,0.10819006,0.09938538,-0.070074834,-0.026186168,-0.042124532,-0.0863877,0.18779314,-0.017323425,0.15059005,-0.1464686,-0.010857758,-0.034705497,-0.03631005,0.07665882,0.043487128,-0.12931225,-0.20921285,-0.11781375,-0.16516775,-0.12011213,-0.09348974,-0.11182987,-0.07147471,0.03074614,0.016482953,0.05113947,-0.12174656,-0.09789549,-0.06712848,-0.05127694,0.043077495,0.0655767,0.068008676,0.06463719,0.2050889,0.06981579,0.22506973,-0.1012976,0.013666949,0.15795891,0.0046186713,-0.024514321,0.15114903,0.058189545,0.035511654,-0.12847266,0.1445911,0.12854701,-0.026229583,0.23024698,-0.026825206,-0.14921898,0.065052025,-0.020762468,-0.017935438,0.07504016,-0.18079877,0.13025682,-0.102629125,0.019097911,0.10289077,0.01952194,0.014291624,0.06555257,0.12929508,-0.04194748,0.076588996,0.03644136,-0.10849475,-0.0018505376,0.057366244,0.12920947,0.057587035,0.10030343,-0.1519675,-0.022829337,0.022964487,0.16640069,-0.06618609,-0.11198997,0.012719276,0.025874916,-0.089694045
TCGA-GM-A5PX-01A,0.044910602,0.022991026,0.20211966,0.05850839,0.0112693105,0.023901282,0.083297715,0.005417146,-0.070047654,0.008965564,-0.10353842,0.00057167385,-0.006857407,0.14649132,0.09508783,-0.022437833,0.038495317,0.224043,0.1312615,-0.00281873,-0.032753002,-0.023063056,-0.055616267,0.0483856,0.010231101,0.0988981,-0.17147405,0.0021456117,-0.018491793,-0.016956665,0.051909953,0.014079346,-0.11211731,-0.15183415,-0.044256557,-0.14748071,-0.07794001,-0.1228189,-0.08028514,-0.019771365,-0.10060796,-0.005491181,0.07438985,-0.066955216,-0.018214757,-0.044399533,-0.03992442,0.19920938,-0.026771791,0.20288685,0.110497914,0.1581059,0.09970485,0.10310036,-0.12585297,0.06514359,0.30262783,0.021937717,-0.038720444,-0.01781165,0.054174267,-0.046954732,-0.04941756,0.105674714,0.08732768,-0.092324644,0.23971091,-0.0035423138,-0.14872175,0.08016932,-0.10362598,-0.13560241,-0.02412386,-0.15797609,0.121094644,0.007922692,-0.016761012,0.07072663,0.11712958,-0.025180416,0.1316216,-0.059423223,0.061094977,0.042643636,-0.038594216,-0.10003212,-0.028037975,0.091887265,0.11104403,-0.002330006,-0.06951686,-0.16955416,0.009278755,0.023102138,0.19566348,-0.17354488,-0.17432737,0.05233902,0.044987,-0.09006824
TCGA-D8-A1XM-01A,-0.028400794,-0.042184856,0.24430357,0.16522855,-0.021608714,0.100278854,0.09723147,-0.047781967,-0.06651159,0.06290986,-0.00988847,-0.10240816,-0.05871203,0.06864263,0.054503642,-0.07198621,0.030680908,0.11216138,0.013248327,-0.027085856,0.051491477,-0.010992529,-0.023906592,0.22317868,0.05678735,0.024185676,-0.21618006,-0.11051671,-0.0884275,-0.04489468,0.05796707,0.06296595,-0.15574943,-0.16533329,-0.08475851,-0.19078742,0.02070433,-0.2286653,-0.02314202,-0.061424207,-0.024848288,0.012043899,0.027799442,-0.017925834,-0.08244352,-0.18066543,0.018396663,0.029223906,0.12153516,0.13270634,0.08757409,0.13977809,0.10003273,0.084922865,-0.11484014,-0.009460305,0.14363544,0.08120286,-0.087798975,-0.042688046,-0.01757518,-0.028651012,-0.09689863,0.058825273,0.08618629,-0.11191495,0.15959749,0.03189587,-0.11461017,0.008996265,-0.008157337,-0.07051447,0.059292834,-0.26100016,0.14157479,-0.14874902,-0.087119885,0.032221664,0.0048866053,-0.18579672,0.07977634,0.03941358,-0.012344362,-0.019286796,-0.008821009,-0.00578059,0.0737288,0.121245384,0.21567442,-0.06972726,0.02788425,0.01732909,0.04576049,-0.12153696,0.04774974,-0.017275121,-0.10333341,0.0054670763,-0.043645784,-0.1870964
TCGA-EW-A1OX-01A,-0.12395191,-0.07434516,0.21072279,0.15822157,-0.034224704,0.2133391,0.03829644,0.043904293,-0.04049601,0.010068048,-0.066236615,0.06291082,-0.043421455,0.06308602,0.12418311,0.07512615,0.15430363,0.23865445,-0.002554187,0.09487167,0.016967801,0.017595328,0.010628313,0.08482551,0.027946735,0.1293257,-0.19472748,-0.019559674,0.012620291,-0.06868693,0.047602754,0.04692282,-0.13420409,-0.107936345,-0.05771952,-0.22773252,-0.09914866,-0.02211852,-0.12604703,-0.081452064,0.05934423,0.015073426,0.07955869,-0.13682087,-0.14037804,-0.104702465,-0.12201395,-0.014023446,0.11182126,0.16629872,0.12644424,0.09940642,-0.049915336,0.17660235,-0.09623527,0.03325362,0.13490562,0.065954834,-0.04830783,-0.07631928,0.063110836,0.027594263,-0.15181652,0.1872703,0.06056096,-0.16035226,0.16774033,0.048545025,-0.033354145,0.023106186,-0.13988502,-0.0013191781,0.011531226,-0.123574324,0.07488573,-0.08395359,0.025686571,0.11117659,0.12567039,-0.08657855,0.06431126,0.0020482433,-0.14110568,-0.021875624,0.007006213,-0.04414688,0.021564975,0.11428045,0.14482312,0.065721676,-0.020879991,-0.11537221,-0.013391435,-0.060134888,0.09437669,-0.046514295,-0.11537241,-0.0040401844,0.10211297,0.026034575
TCGA-BH-A0W5-01A,0.004361181,0.014454064,0.19830732,0.12745509,-0.027150577,0.15153666,-0.020421738,0.017585555,-0.030811558,-0.08829478,-0.06958243,-0.03232456,0.020061143,0.070777535,0.03566726,-0.053823687,0.011297851,0.20423299,-0.004006128,0.010016292,0.055654246,-0.061019078,-0.025677677,0.16968931,0.020304337,0.13692002,-0.13035552,-0.09633983,-0.08192508,0.05716314,0.113390684,0.16553299,-0.087329425,-0.097382694,-0.13952102,-0.1886469,-0.20061691,-0.13890244,-0.05118905,-0.1250039,-0.048665952,-0.028099792,0.1130304,0.020796083,-0.032348793,-0.002864655,-0.020721175,0.05465922,0.03847043,0.18046528,-0.046940044,0.16546229,0.0059719128,0.19493514,-0.104944676,0.04308946,0.16823673,0.009093587,-0.1293445,0.034240216,-0.0022625162,0.088956445,-0.12448893,0.09627088,0.07885182,-0.10585956,0.17681065,0.0026849038,-0.042458016,0.078944035,-0.16828701,-0.025578719,-0.011549397,-0.09428035,0.19187562,-0.06997295,0.045953847,0.106002934,0.023985768,-0.108700596,-0.006123443,-0.008958023,-0.09836702,0.016024064,0.032737076,0.0068323114,-0.030845137,0.20269571,0.18556216,0.013005505,-0.04177391,-0.1690454,-0.072272144,0.09000341,0.101145014,-0.06072092,-0.20018363,-0.01663282,0.028159145,-0.093133844
TCGA-AR-A1AP-01A,-0.061583806,0.1275866,0.05299029,0.15296246,-0.047872063,0.16146001,-0.037422843,-0.06771233,-0.08476497,0.0028626006,-0.035669863,0.028493688,-0.06824036,0.10583693,0.09430227,-0.10066465,-0.048916433,0.11002386,0.054949153,-0.11957475,0.09831824,0.06774814,0.03764658,0.09345727,0.11285338,0.13442568,-0.12555775,-0.096366785,-0.023664998,-0.011323834,0.11628976,0.12685992,-0.18588331,-0.116583385,-0.09653051,-0.30083585,-0.13821124,-0.010723027,-0.16753985,-0.0011243126,-0.043443415,-0.0058139996,0.003925381,-0.1530375,0.06413881,-0.12829539,0.004232925,0.048698053,0.046145726,0.1573251,0.04951897,0.0014842048,-0.0033485622,0.13600866,-0.21948269,0.027234623,0.212622,0.03045248,-0.056277316,0.04753109,-0.054762248,0.082838014,-0.12617353,0.087632634,0.13636382,-0.13262045,0.20395726,0.008560109,-0.15327865,0.11452791,-0.08817187,-0.032483313,0.012933607,-0.16395663,-0.018021438,-0.016621076,-0.032036595,0.10797724,0.041693654,-0.09269274,0.0040011765,-0.09158031,-0.09587976,0.06636455,-0.03307131,-0.048348423,0.04733485,0.09895379,0.15598933,0.018669223,0.06505284,-0.13686092,-0.07163256,-0.043927502,0.08424797,-0.069878705,-0.07296152,0.09727974,0.014469061,-0.1198687
TCGA-D8-A1XK-01A,0.052231807,0.017716408,0.17117521,0.13866538,-0.15026076,0.14661473,0.044741005,0.0149862,0.013835806,0.050553206,0.116993554,-0.008348145,-0.07959398,0.17665327,0.0740275,-0.097536236,0.067287244,0.17701294,0.0620544,-0.0043934057,0.014008717,0.039727643,-0.039818417,0.05309151,0.0108064385,0.09697046,-0.178326,-0.051254816,0.034134958,-0.05926537,0.06726441,0.17936812,-0.22693324,-0.1294813,-0.10828463,-0.2227264,-0.096095584,-0.0795983,0.056993105,-0.078612864,0.06003228,-0.05289405,0.07402611,-0.03929101,-0.06534171,-0.11433175,0.03483248,0.04551623,0.14550939,0.015634354,0.047994543,0.1353652,0.08941785,-0.016230728,-0.06668665,0.02958339,-0.004449666,0.20311375,-0.0185117,0.055742316,0.009573708,0.023002766,-0.037183344,0.21341108,0.06814836,-0.17075329,0.1929798,0.09938168,-0.09551361,0.043856956,-0.12777378,-0.010896648,0.027272115,-0.0723602,0.0691395,0.013117859,0.020536605,0.10089944,0.11619174,-0.06879971,0.00063849543,0.0143844085,-0.20196441,0.08693794,0.009748278,-0.011515318,-0.090875566,0.14943188,0.23371695,0.053594753,-0.0114058815,-0.23884681,0.050699446,-0.03729934,0.074088775,0.023427596,-0.04051076,0.0670149,0.051562432,-0.06555745
TCGA-AO-A0JD-01A,-0.0003352654,-0.0011296928,0.09286021,0.09446041,0.021556003,0.060122017,0.08165693,-0.017868971,0.099315405,-0.0074622277,0.08382419,0.014384911,-0.08658032,0.049125973,0.112544715,-0.0014084784,0.120391384,0.16860928,-0.105501406,-0.03824172,0.02664873,-0.107855916,0.06733761,0.2096554,-0.028757611,0.10504987,-0.31105167,0.07703301,-0.04241643,-0.11944715,0.011812368,0.03397771,-0.22164145,-0.18121624,-0.1251654,-0.2222283,-0.043264158,-0.027867531,0.07826838,-0.028002925,-0.024226109,0.016734634,0.055251308,-0.13208002,-0.052539214,-0.117351286,-0.055510458,0.04484753,0.12782267,0.17239451,0.061173715,0.08420707,0.07681661,0.24233353,-0.1256536,-0.039760318,0.08075383,0.051605344,-0.045084804,0.027629606,-0.096994154,0.09796984,-0.09472492,0.11451778,-0.02473258,-0.030242871,0.11791631,0.032746784,-0.12035883,0.18028809,-0.109408386,-0.022594003,0.03624226,-0.18202887,0.03219976,-0.12934306,0.023798749,0.09669627,0.05636876,-0.014693585,0.12756932,-0.06014916,-0.062075667,-0.041174166,0.008050862,-0.13659137,-0.06741486,0.07420114,0.13250084,-0.025548682,-0.10460257,-0.11884023,0.006391995,-0.04531792,0.16504383,-0.13257626,-0.03341901,0.019670833,0.026880233,-0.06123595
TCGA-BH-A1F0-01A,-0.053083558,-0.056975838,0.16746351,0.17411232,-0.07265209,0.081036024,0.05346484,0.013917005,0.001408877,0.13414422,0.033250857,-0.078573674,-0.012000021,0.11431848,0.07827325,-0.0922389,0.036554463,0.16440782,-0.02378562,-0.056577533,0.07998724,-0.029936349,-0.039075304,0.07951619,0.019455973,0.08251031,-0.14636281,-0.09156539,-0.07259585,-0.087891765,0.03765607,0.04090229,-0.091149874,-0.15510911,0.04432755,-0.24989255,-0.13253136,0.102646574,-0.0010043955,-0.15353753,0.018467026,0.015731908,0.1867248,-0.04011416,0.07328519,-0.09106454,-0.010650675,0.06323207,0.11065865,0.19706905,0.08078882,0.10709756,0.122979484,0.13305771,-0.029293155,0.040221848,0.19632258,0.092438936,-0.0100485245,0.06400998,0.0020942953,0.04474724,-0.14362377,0.10184132,-0.015768208,-0.08274668,0.22357553,0.17790945,-0.11436775,0.123177625,-0.028404562,-0.015219727,0.13572101,-0.06511254,0.032967266,-0.06302869,0.037284,0.10282692,0.015761888,-0.10662904,0.08541592,-0.08567616,-0.016118713,0.06418772,0.020993922,-0.11281137,-0.07876645,0.1149697,0.18039067,-0.054233402,0.032569606,-0.18673727,0.075543426,-0.0032363292,0.18124844,-0.096276544,-0.12561834,0.012231655,-0.014920552,-0.13747153
TCGA-E9-A2JT-01A,0.10041304,0.016644344,0.10801947,0.09969537,0.048089825,0.06670521,-0.036109995,0.057313494,-0.005211154,0.08692991,-0.03102694,-0.039734248,-0.06316998,0.11828417,0.09973895,0.023941362,0.12849967,0.1779996,0.11955949,-0.0045755715,0.03583032,0.023362607,-0.093822435,0.19997384,-0.026138619,0.12633012,-0.22874092,-0.15608655,0.034259096,-0.08285477,0.01830778,0.050262764,-0.15963759,-0.17616309,-0.07172315,-0.11235232,-0.16555168,-0.0018200484,0.058915373,-0.13760749,-0.07677524,0.1729159,0.12183489,-0.030508095,-0.13384381,-0.02219812,-0.002436394,0.05370904,0.117977574,0.052790914,0.10281206,0.11873076,0.058821227,0.15487282,-0.081094325,-0.0099502895,0.08247174,0.0032095092,-0.08219595,0.013764394,0.06983014,0.0076717525,-0.10154303,0.14035545,0.0029085244,-0.16165012,0.1708819,0.027146952,0.00800855,-0.01914135,-0.08186608,-0.037385818,0.0751058,-0.1438612,0.15089098,-0.10344943,-0.07525917,0.054288577,0.025339358,-0.017432384,-0.07084909,0.037809644,-0.07694608,0.0220319,-0.05135728,-0.104307085,0.10293196,0.07009942,0.1623405,0.022733523,-0.017861215,-0.24400821,0.024798,-0.12834916,0.2011012,-0.1235386,-0.10086652,0.039715253,0.15626709,-0.089336336
TCGA-AR-A24Z-01A,-0.024462156,0.11139445,0.16168213,0.08433594,-0.05590712,0.08337991,0.10417771,-0.0149045205,0.031619877,0.08464341,-0.019594185,-0.06846701,-0.07701642,0.15474488,0.0042047356,-0.035981093,-0.03347949,0.09623059,-0.022479704,0.014889801,0.053940136,5.655546e-05,-0.053676773,0.1434861,-0.029977787,0.05302541,-0.0944825,-0.09061348,-0.07448917,0.014830592,0.020472955,-0.009561232,-0.09021487,-0.14603896,-0.09951221,-0.20545052,-0.11070634,-0.10294388,-0.06287775,0.04290234,-0.06675729,-0.013249997,0.03203473,0.024076808,0.0036965846,-0.064407974,-0.04532498,0.05873366,0.15242906,0.03691801,0.04583301,0.09462919,0.023770286,0.10617189,-0.12051138,0.055950385,0.07003231,0.040749367,-0.102092355,0.06502435,-0.008230959,0.10450768,-0.13416193,0.23642385,-0.0020923014,-0.10026175,0.23135473,0.17171852,-0.08051327,0.09087534,-0.014237463,0.00954652,0.09558966,-0.24525109,0.13524735,-0.0665781,0.041783243,0.16340053,0.03103613,-0.019526487,0.024855712,0.041931465,-0.09194514,-0.05093529,-0.0049226,-0.033828605,-0.0678952,0.2654615,0.2686178,-0.0069792536,0.036247674,-0.15375422,0.023603706,-0.038081575,0.074749105,-0.23035759,-0.052426767,0.15920265,0.12115067,-0.07749015
TCGA-E9-A1RB-01A,-0.047464825,-0.113603555,0.13034348,0.13953997,0.052215096,0.06758355,0.08508775,-0.014461197,0.14192116,-0.038696766,0.016107718,-0.08681952,-0.10071207,0.16424096,0.08226119,0.018919032,-0.03130459,0.011166939,-0.013432982,0.05862087,0.021690577,0.1401397,0.08686817,0.27144995,0.010379951,0.04209567,-0.27104324,0.027964937,-0.028244663,-0.14029817,0.07849933,0.10019489,-0.06281945,-0.20129658,-0.09846466,-0.18611638,-0.20714702,0.038332913,-0.056541238,-0.07511583,-0.089237526,0.14424202,0.05977653,-0.06359535,-0.17654556,-0.11976777,-0.13714701,0.033351403,0.07341861,0.057591867,0.08132726,0.09903945,0.03854974,0.1360837,0.015046252,0.038385622,0.116623506,0.070141226,-0.039479505,-0.047664654,-0.0268431,0.018022357,-0.07741007,0.0783645,-0.041128464,-0.1657836,0.14906141,0.10794104,-0.053604618,0.13368684,-0.11578457,0.00599331,0.046226136,-0.07852731,0.050112642,-0.06984639,-0.039893556,0.12583388,0.06184636,0.081169315,0.029346062,-0.082065724,-0.077404976,-0.077735096,0.044142537,-0.17279951,-0.025927966,0.1247826,0.21436962,0.03988325,-0.005848852,-0.06266271,0.018340623,-0.013112437,0.017338187,-0.08880181,-0.08955895,0.023884097,0.04676867,-0.18829557
TCGA-BH-A0B5-01A,0.016123932,0.102111354,0.09315573,0.09802068,-0.09571654,0.12602872,0.0373604,-0.004087915,-0.0030693721,0.08575054,0.022882527,-0.0238922,0.018655492,0.05147983,0.117618315,-0.01585227,0.112877876,0.24480496,0.030251767,-0.05092357,0.03782492,0.031820815,-0.007885448,0.09974541,0.018854486,0.082565755,-0.15805772,0.009098449,-0.012911322,-0.13488822,-0.009742209,0.16516852,-0.24862964,-0.18081215,-0.15874949,-0.14965579,-0.06298938,-0.12897238,-0.063421205,0.03250874,-0.15440635,-0.053406093,-0.06521851,-0.06979303,-0.009769738,-0.09332331,-0.10296685,0.025066018,0.10358667,0.29972097,0.16687495,0.11210433,0.106722325,0.08289647,-0.028256303,-0.030474558,0.069800146,-0.024825385,-0.07785431,-0.02688275,-0.0026412373,0.06771073,-0.08542754,0.16637233,0.019465422,-0.032289043,0.22175755,0.11472135,-0.13068096,0.09468874,-0.099939756,0.05189283,0.0141659165,-0.16956386,0.07136562,-0.13741855,-0.021448145,0.11799313,0.07847175,-0.027943537,0.09864213,0.015181338,-0.074036375,0.03640803,-0.016497558,-0.023684084,-0.011389975,0.141704,0.11317126,-0.06073852,-0.032349113,-0.19339705,-0.02464629,0.06418601,0.11477067,-0.061799116,-0.15046892,0.032233536,0.004236953,-0.032626122
TCGA-D8-A1JT-01A,0.059215263,-0.024055649,0.1448081,0.19862175,-0.042691287,0.20051742,0.12961441,-0.05830235,0.1126915,0.027899826,-0.045219537,0.018730426,-0.055274278,0.12882955,0.12174306,-0.08674773,0.08528229,0.24579093,-0.017482484,-0.09394287,-0.04882349,0.016700793,0.00672182,0.17800228,-0.006298546,0.039195064,-0.1470543,-0.016542073,0.056059778,-0.030659275,0.11114973,0.009902883,-0.15352869,-0.06874799,-0.11723489,-0.13498782,-0.17286336,0.00031033464,-0.08283907,-0.011733981,-0.010105102,-0.05676896,0.19546115,-0.0030750919,-0.0694671,-0.15749598,-0.09338156,0.06606592,0.13094492,0.08493542,0.079678655,0.08316394,-0.0888624,0.16407253,-0.046759363,0.0534388,0.15456615,0.020579701,-0.032048535,0.0055673365,-0.05296817,0.089708164,-0.012014923,0.18339303,-0.020411678,-0.035657305,0.13661326,0.043763254,-0.122390404,0.16449948,-0.12819727,-0.06020911,0.049029548,-0.2049628,-0.046492096,-0.05127199,0.15777707,0.124077,0.08339084,0.0014836845,0.02598828,0.04792078,0.015604564,0.008989467,0.08783058,0.0022106224,-0.06510452,0.068668164,0.16495372,0.022575948,0.019564314,-0.18432,0.071569204,0.09290286,0.16338238,-0.12106754,-0.124337725,0.0093432935,0.024726564,-0.034136284
TCGA-AO-A124-01A,0.064440325,0.09489796,0.1099564,0.06813319,-0.016623493,0.20133191,0.07873883,-0.031831734,0.010036444,0.03759806,-0.016849495,-0.08467453,0.036201786,0.20596935,0.12474797,-0.120729126,0.035807442,0.16044857,-0.041213248,-0.034551676,-0.011521459,0.0318429,0.055642523,0.20989932,0.0384937,0.08063042,-0.12679422,-0.029676978,0.009726237,-0.08525811,-0.01190903,0.08486423,-0.15537389,-0.15801656,-0.15855974,-0.22612558,-0.12615389,-0.09125152,-0.03497894,0.015105289,-0.02937433,-0.016261667,0.098731354,-0.036065523,0.05471313,-0.0146483835,-0.03475655,0.10336117,0.06458457,0.13139647,0.07868262,0.1537866,-0.015952857,0.094211325,-0.19399852,0.079415835,0.07160918,-0.015388255,-0.049463935,0.04748916,-0.033133764,0.03611356,-0.08349102,0.11840943,0.0036888104,-0.16609795,0.21844044,-0.071507424,-0.058305696,-0.0034442607,-0.14361124,0.010890967,0.1268708,-0.14135,0.1186644,0.013655198,0.022532681,0.18476927,0.09790608,-0.033970583,0.138165,-0.0069830525,-0.058609344,-0.106686234,-0.002589944,-0.07636473,-0.004163078,0.06441828,0.12196046,0.0601838,0.12388011,-0.19190574,0.029297344,-0.033212226,0.13606827,-0.114749864,-0.08625632,0.12015407,0.13244952,-0.13116616
TCGA-A2-A25D-01A,-0.01928563,0.077380925,0.15580095,0.06165418,-0.024433384,0.088191494,0.13643488,-0.014746329,0.0387863,0.006716944,0.0099637825,0.02525949,-0.06203138,0.15767029,0.15160029,-0.11480248,0.029577505,0.22899356,-0.07102348,-0.0688287,-0.08209125,-0.030269628,0.008244363,0.09075076,-0.03553088,-0.027808677,-0.17295104,-0.041650783,-0.09353571,-0.11295834,0.12873158,0.117960736,-0.14137375,-0.12106776,-0.10635206,-0.15973876,0.020366566,-0.10345682,-0.07185759,-0.061695144,-0.005129521,0.013635903,0.06815989,-0.12512553,-0.03803999,-0.08812744,-0.0070609543,0.01520175,0.043122705,0.15976755,0.05917146,0.115366,-0.051662534,0.12654738,-0.10878744,0.017298555,0.16441081,0.11822853,-0.18089195,-0.04334186,-0.00026251934,0.065414414,-0.15491596,0.16156231,0.100568004,-0.096972935,0.12595057,0.019906452,-0.16406348,0.085274644,-0.19468775,-0.14308983,0.023774423,-0.2396789,0.07348622,-0.073111035,-0.08948377,-0.0019153341,0.054840304,0.034336366,0.025125971,-0.09746832,0.016423719,-0.027736837,-0.052424956,-0.03275623,-0.008310857,0.12326273,0.23037048,-0.009694866,-0.054406628,-0.1293837,-0.14533564,0.021147525,0.060567055,-0.048397146,-0.16367477,0.045022406,-0.065883234,-0.08212554
TCGA-AR-A1AW-01A,-0.025700927,0.08406526,0.17476521,0.20617236,-0.06884693,0.14236851,0.07422735,0.08515421,-0.039677154,0.01951783,-0.057972334,-0.060570855,-0.03711193,0.17782634,0.11682761,-0.05549725,0.07854693,0.14729281,0.05700218,-0.040570028,0.018411169,-0.02401069,0.016527092,0.16387957,-0.032615166,0.011530805,-0.16171771,-0.054458223,-0.06957803,-0.04533219,0.05199106,-0.050126947,-0.06986892,-0.21469176,-0.057186045,-0.19696578,-0.050874867,-0.07385431,-0.0443019,0.05472766,-0.0013989606,0.04075037,0.116970696,-0.055774085,-0.009523817,-0.04203012,-0.0825483,0.15072879,0.20322832,0.21336992,0.09169434,0.02841667,0.03589421,0.0900298,-0.024097832,-0.022966713,0.05081488,-0.0017438739,-0.1085559,-0.033584103,-0.032551512,0.021933407,0.040603418,0.16918208,0.08400332,-0.16500425,0.08644117,0.079752274,-0.103015535,0.07062372,-0.084237345,0.0101679955,0.019774722,-0.19217718,0.107340075,-0.0910634,0.10575689,0.09038119,-0.043540563,-0.049716838,0.06898046,0.055448,-0.042536397,0.08584649,-0.055320818,-0.11963711,-0.121198915,0.09704129,0.15154393,-0.06406308,-0.05126074,-0.21868218,-0.09561009,-0.12735583,0.15834412,-0.08387526,-0.12412195,0.113697566,0.10887706,-0.15596901
TCGA-AC-A7VC-01A,-0.00889978,0.06974598,0.17899165,0.16402684,-0.10346912,0.048241615,0.08335911,0.11971745,-0.004755326,0.00016942709,-0.0013519125,-0.08233913,-0.031831175,0.05672143,0.096402206,-0.018925754,0.0026410439,0.14085077,-0.028592456,0.023095382,0.03138116,-0.06794159,-0.085496806,0.094160475,-0.04744607,0.058181282,-0.12742768,-0.0142994635,-0.04626231,-0.06870494,0.12258648,0.13913019,-0.041787203,-0.2176934,-0.04851369,-0.1695721,-0.14269029,-0.101855755,-0.024626182,-0.025846126,-0.04070352,0.021813361,0.127693,-0.071970016,-0.018745668,-0.0010662837,0.018034492,0.04982251,0.12793243,0.105673045,0.08372935,0.099274896,-0.03811794,0.057473052,-0.12168513,0.06567806,0.13968289,-0.033218615,-0.1300051,0.025300574,0.043336555,0.13949421,-0.06632876,0.20000671,0.04096744,-0.18744825,0.21759258,0.0394512,-0.09612994,0.041350488,-0.11756656,0.055435132,0.101880655,-0.24158211,0.17680216,-0.13032407,0.010629932,0.08609132,0.0320286,-0.02036286,0.003942077,-0.032696903,0.029039823,-0.0012060751,-0.08341315,-0.1087834,0.07647511,0.16926654,0.16645327,-0.01902685,-0.017284589,-0.212119,0.16625148,-0.0136089455,0.16083194,-0.04953126,-0.082224354,0.1424438,0.035951447,-0.10500764
TCGA-A1-A0SE-01A,0.07880581,0.06807521,0.04019703,0.049021065,-0.018122183,0.14243564,0.058796335,0.094382204,-0.024276718,0.114149764,0.011212615,-0.057928342,-0.07251994,0.033843447,0.07883682,0.005403914,0.022940202,0.105271004,0.06903042,0.010050258,0.037576754,0.041160367,-0.12480287,0.16989689,-0.023721928,0.20305394,-0.2559985,-0.10184277,-0.005170049,-0.057037074,0.04946913,0.04177088,-0.1804933,-0.19146004,-0.0109214345,-0.1641741,-0.20374307,-0.0757899,-0.08849172,-0.0647264,0.023352953,0.013223863,0.10164999,-0.029181855,-0.12894246,-0.106464006,-0.072401725,0.062426146,0.06763537,0.08654719,0.0056655137,0.12983182,-0.012411057,0.18100904,-0.011622509,-0.049688883,0.06847358,-0.013535525,-0.09539753,-0.057368018,0.11206251,0.055482242,-0.08098285,0.20792204,-0.002649856,-0.11453543,0.10969205,0.14799473,-0.12119317,0.025201472,-0.14760616,-0.07655703,-0.022079341,-0.24718991,0.17973492,-0.059210274,0.04822433,0.048456475,0.10080384,-0.10517004,0.19296941,-0.031650804,-0.05665795,0.011238757,-0.10425918,-0.015028075,-0.007005087,0.13700545,0.14030735,-0.011246678,0.01886391,-0.2174467,0.12379702,-0.004689686,0.021567998,-0.057402745,-0.08853986,0.027500639,0.036862925,-0.0112082325
TCGA-OL-A5D7-01A,0.021276107,0.022092093,0.18293636,0.24319446,-0.0021388137,0.089195125,0.08911598,0.045773976,-0.023076644,0.010992892,-0.029397989,0.013566256,0.010527269,0.11908954,0.045664784,-0.11847618,0.036344945,0.1582447,0.03184532,-0.0958823,0.06435183,0.029232435,-0.017727409,0.108903974,-0.04613959,0.089571826,-0.12204262,-0.08352503,-0.082712024,-0.13815609,0.035202906,-0.02739589,-0.13148041,-0.17359807,-0.10613724,-0.12853087,-0.0010065866,-0.13524567,0.09606877,-0.095196456,0.032992374,0.08173565,0.033901818,0.025445042,-0.0784237,-0.17275174,-0.11673715,0.0372309,0.09105039,0.13386887,0.11216902,0.13880777,0.0026258396,0.09310765,-0.16616848,0.104447,0.17598146,-0.036097195,-0.10108931,-0.002051576,-0.10152059,0.14004011,-0.07508429,0.08927339,0.13089244,-0.031283006,0.14634281,0.10862161,-0.1251302,0.039500706,-0.09842184,-0.020999333,0.07428635,-0.18376115,0.03874222,-0.0641986,-0.043681443,0.07598296,0.0149252,0.03232849,0.050195556,0.11295778,-0.10623851,-0.067964286,0.018399378,0.014325863,-0.017925799,0.056608703,0.24065596,-0.008230261,0.0003030512,-0.25021422,0.05040272,-0.0653346,0.17930469,-0.07981133,-0.06436085,0.07193338,0.07413456,-0.17462522
TCGA-HN-A2OB-01A,-0.028482767,0.07138046,0.14926037,0.040861186,-0.09383265,0.15235098,-0.02275003,0.04399613,0.017060315,0.011509603,0.011084956,-0.09280788,-0.024812037,0.09805425,0.03219603,-0.055116694,0.033233475,0.12672335,-0.06174974,-0.08975334,-0.008502572,0.012403777,-0.036143366,0.18965553,-0.026566748,0.12506391,-0.18043222,-0.1488495,-0.07123582,-0.10028347,0.17056075,0.12655716,-0.12596856,-0.22106569,-0.017734911,-0.20051481,-0.06628703,-0.08864179,0.020120133,0.04503566,-0.093094,-0.0058597336,0.08087252,-0.08599763,0.011052982,-0.13216072,0.021458978,0.1541073,0.11410479,0.047545694,0.0026032338,0.084828936,0.06019635,-0.031021634,-0.041891273,0.027474973,0.21771106,0.05262452,-0.1548179,-0.023588171,0.077114984,0.09806304,-0.12592219,0.12131712,0.032059323,-0.18687373,0.18914162,0.015760984,-0.07100271,0.1323031,-0.06956246,-0.120098196,0.11836797,-0.109935924,0.16925083,-0.018744916,-0.01857503,0.013804546,0.086753026,-0.0741388,0.08592182,0.0111003565,0.007654911,0.028064389,0.01070544,-0.058875963,0.047347043,0.09548598,0.2111204,-0.014380626,0.06556354,-0.13124166,0.06194459,-0.029682612,0.2624432,-0.012182794,-0.15292823,0.016015943,0.009855406,-0.10041659
TCGA-E2-A1AZ-01A,-0.018408466,0.08894501,0.21384206,0.21663363,0.040889774,0.12042151,0.028746981,0.0137668215,0.12785892,0.07154343,-0.076257445,0.062599346,0.025303889,0.082681276,0.15183139,-0.11226745,0.041631512,0.11336843,0.062295195,0.02763358,-0.049859766,0.010712457,0.0130466195,0.1543678,0.018621609,0.08839409,-0.08706871,-0.035107885,-0.08576159,-0.088630795,0.098458596,-0.048142646,-0.19881044,-0.32816193,-0.07546193,-0.2020305,-0.07268719,-0.005347715,-0.09758179,0.007979551,-0.007042414,7.9039535e-05,0.10540378,0.029448664,0.0054852017,-0.07162432,0.00837992,0.1693246,0.08468085,0.07912926,0.110928565,-0.017681587,0.031825192,0.16158368,-0.02747557,0.034229774,0.14420466,0.022814568,-0.0011031766,-0.07510097,-0.0014850957,0.0069380803,-0.092911825,0.12938279,-0.02015283,-0.13754508,0.14296511,-0.022911051,-0.059505973,0.059964556,-0.07306104,-0.044157725,-0.038366478,-0.18860997,0.1466381,-0.07839039,0.026124865,0.0631878,0.04796904,-0.04030175,0.101735875,-0.022583887,-0.04934263,0.024393125,0.07133021,0.0032360977,-0.026794007,0.1522679,0.12845396,-0.045026958,-0.011455684,-0.14427954,0.082538456,0.0768541,0.26337698,-0.053761806,-0.107116245,0.02396257,0.123698026,-0.181136
TCGA-AR-A24K-01A,-0.05230064,0.0080517465,0.1961282,0.1512022,0.03938205,0.08620911,0.07550464,0.057178423,0.089330986,0.025263757,-0.034363873,-0.012136823,-0.11126323,0.18994556,-0.018142076,-0.12208549,-0.020082852,0.12621321,-0.050867658,0.021757472,0.011636131,0.10111506,-0.07128182,0.015109655,-0.0014704142,0.16815509,-0.11197572,-0.088967726,0.14380354,-0.20381124,-0.023101002,0.10654479,-0.124138996,-0.05743188,-0.08795293,-0.17688611,0.022630634,-0.07345218,-0.063256875,-0.034970675,0.028093174,0.089719,0.14209922,-0.1477268,-0.022876536,-0.11124638,-0.025680209,0.0962109,0.11480698,0.17703657,0.09025024,0.11530478,-0.010912368,0.17781046,-0.12643543,-0.052352548,0.070899464,0.08145134,-0.049112123,0.021982694,-0.04010665,0.10862285,-0.058597192,0.15754908,0.017689213,-0.11478356,0.2069899,0.0656789,-0.08514264,0.028836807,-0.11972607,-0.029452676,0.05374879,-0.12437071,0.05440329,-0.101364866,0.012300992,0.09640065,0.15050575,-0.0052494355,0.08024255,-0.018477997,-0.13608763,-0.08400303,-0.090724185,0.019183222,0.014055332,0.21306354,0.18059033,-0.067134745,-0.027442802,-0.20138378,0.01151821,-0.03538555,0.13703886,-0.15115349,-0.08595253,0.0072740675,0.024447722,-0.08676625
TCGA-A7-A4SF-01A,-0.04788731,-0.033827193,0.2542195,0.073703244,-0.06279963,0.0900708,0.069260746,0.03265955,0.014044881,-0.025363164,0.06482509,-0.06151207,0.019177487,0.041994233,0.13060078,-0.09743445,-0.0005194291,0.101396166,-0.014798582,-0.04431659,0.08918907,0.044898536,-0.047962174,0.06574835,0.0032342465,0.1517392,-0.1726811,0.0052939695,-0.016281841,-0.11851605,0.020785732,0.07719455,-0.22609061,-0.22123651,-0.18309966,-0.15763685,-0.15737471,-0.049303476,-0.087165155,-0.012355952,0.0017566794,0.019010475,0.0045658345,-0.042783864,-0.0094023505,-0.17824478,-0.061130427,0.10940234,0.065277584,0.14588496,0.04381479,0.114508346,-0.015578582,0.15957186,-0.095994234,0.041858025,0.02814446,0.04014548,-0.09445304,0.07355266,0.0078104236,0.12508531,-0.14499484,0.07584369,-0.0069336784,-0.020138506,0.2999367,0.052468065,-0.100803636,0.057294928,-0.1718833,-0.0998453,0.07453872,-0.17158884,0.11805004,-0.078869775,0.0016212091,0.06840055,0.11553457,-0.0068452405,0.056011453,0.014742653,-0.04158947,0.064993225,-0.10940742,-0.08734741,-0.0054260343,0.16142806,0.17993718,0.043482173,0.097728364,-0.19146506,0.02133216,0.037212007,0.09759144,-0.039773505,-0.0061662914,0.018267643,0.07166689,-0.12455535
TCGA-E9-A244-01A,-0.019986367,-0.012380052,0.19954835,0.1111734,-0.04349993,0.02662101,0.12349339,0.012020335,0.087741464,0.056411132,-0.011222235,0.0044702133,0.004907,0.12483216,0.12630415,-0.017324125,0.052593246,0.107506745,-0.0807477,-0.008656939,-0.0067370366,-0.060182128,0.026356047,0.14903708,-0.026223734,0.100959055,-0.26452044,0.01152531,-0.0010220653,-0.19679837,0.07108793,-0.02102988,-0.14132847,-0.16522016,-0.18608353,-0.22888237,-0.0078775035,-0.08804795,-0.0072360113,-0.042218145,-0.10828091,0.04524175,0.1321701,0.029171458,-0.010997369,-0.22442697,-0.06925497,0.15194453,0.041688647,0.1365888,0.045307837,0.087720685,0.019201355,0.026118226,-0.08025638,0.0016894607,0.05088875,0.06050083,-0.07129701,0.06700047,-0.021793006,0.13888757,-0.022263566,0.10628744,0.03899731,-0.1698578,0.25737098,0.047483113,-0.11514953,0.086042844,-0.14875714,-0.023212802,0.069918945,-0.23064207,0.1484622,-0.067999266,-0.019250588,-0.0101733245,0.036587574,0.04981415,0.042423744,0.054217305,-0.026436934,0.010108908,-0.019914426,-0.09047295,0.013748151,0.22464544,0.10312693,-0.030301534,0.029275786,-0.13547654,0.09245268,0.019286742,0.09929452,-0.15024921,-0.053741477,0.053178236,0.0151285855,0.013652109
TCGA-E2-A1BC-01A,-0.014390134,0.036767524,0.09028484,0.07806095,-0.06023384,0.11789045,0.101179,0.09991688,0.06141331,-0.08291978,0.008504045,-0.048583027,-0.080927484,0.046332706,0.07022423,0.026754888,0.08453997,0.092637725,-0.057765916,-0.08228894,0.0152113,0.063578226,0.019938929,0.1647753,0.024325475,0.005060306,-0.15201524,-0.037483897,-0.006006694,-0.0795524,0.06596344,0.14677687,-0.17470278,-0.1625961,-0.069773026,-0.19505708,-0.0401101,-0.0766143,-0.045626953,0.016701581,0.08173526,-0.074082464,-0.012111175,-0.009338746,-0.06678269,-0.17775883,-0.061549347,0.14833541,0.07343738,0.10753192,0.11823505,0.1339934,0.09018925,0.21520433,-0.059461378,0.08845456,0.21961333,0.072020255,-0.021559952,0.051693525,0.027997864,0.1421572,-0.15694213,0.27645314,0.1679886,-0.16079836,0.1496418,-0.015806155,-0.027276337,0.04009878,-0.102463394,-0.07545705,-0.055186987,-0.16247019,0.12283885,-0.04496318,-0.14414087,0.041816793,0.11873002,0.015713524,0.057113875,0.060321704,-0.0060401633,-0.007574225,-0.066658795,-0.082105696,-0.0770806,0.09430665,0.17449646,0.093863726,0.057994325,-0.15213089,0.03188848,-0.03674084,0.123125084,-0.044255864,-0.12046429,-0.03374939,0.013037829,-0.11805941
TCGA-S3-AA11-01A,0.049248185,0.07450026,0.17351636,0.12041518,-0.10000279,0.060997818,0.07252436,-0.006878693,0.05030294,0.028786458,-0.09279416,-0.12998095,-0.017108385,0.10288895,0.17893474,-0.0011559043,0.072043315,0.14037453,0.00034303378,-0.050441243,0.033473354,-0.13633224,-0.03227214,0.1433167,0.106405094,0.20784838,-0.18860795,-0.07243608,-0.11230785,-0.009882692,0.074061945,-0.024832314,-0.18337913,-0.27906284,-0.11866605,-0.20641285,-0.01871508,-0.117725134,-0.09108891,-0.09072868,0.020146254,-0.031957023,0.13054971,-0.10438634,-0.045125958,-0.059890565,-0.037285678,0.034429897,0.10745353,0.15469076,-0.016969476,0.028378218,0.14095937,0.17959167,-0.1995883,-0.007162668,0.07804277,0.06202231,-0.02976897,-0.029458048,-0.07478989,0.050626505,-0.1277305,0.13172336,0.008097926,-0.12847455,0.045317832,-0.05787559,-0.08499572,-0.014327767,-0.17318124,-0.048064284,-0.0117654195,-0.21457392,0.015213079,-0.010573148,0.011907435,-0.021695318,0.0072468757,0.05536411,-0.01746422,0.09827829,-0.1508042,-0.038301006,0.0115108155,0.010242331,0.022884555,0.10053456,0.13914372,-0.01798143,0.01777317,-0.18257397,0.042157833,0.004928535,0.049156234,-0.08490359,-0.15295231,-0.0072333906,0.03857982,-0.09196802
TCGA-A2-A0T7-01A,0.020913377,0.041063428,0.20723286,0.16458027,-0.07891592,0.16296335,-0.01876568,0.019169558,0.09769929,-0.010349173,0.012315564,0.0009285003,0.012803448,0.018367855,0.13000637,-0.058908615,0.11211946,0.12733263,0.045112267,-0.15218659,0.06243882,0.025345307,0.04708808,0.17503719,-0.039168276,0.029797172,-0.26838762,-0.029808696,0.016921097,-0.035352446,0.040258914,0.015421674,-0.12147036,-0.18138206,-0.057808887,-0.1936732,-0.11345311,-0.0705852,-0.064710304,-0.09839546,-0.13311377,0.013583451,0.037417922,-0.11925951,-0.025177367,-0.138592,0.0044135507,0.14057672,0.09581279,0.12263955,-0.038559906,0.032122865,0.011866667,0.09130882,-0.056256834,0.009258095,0.071012676,0.027712105,-0.0414583,-0.02853627,-0.06965763,0.06588199,-0.16544726,0.12326181,0.12612529,-0.1034764,0.19124985,0.023744032,-0.14770898,0.09593286,-0.0511489,-0.027307063,0.051568296,-0.23182914,0.08502169,-0.08522737,0.04314899,-0.043362785,0.06909243,-0.06939421,-0.014490984,0.036538944,-0.09103616,-0.03227911,-0.09962498,-0.07286927,-0.09496185,0.18329737,0.2211063,0.0076818867,-0.13042869,-0.18884574,0.054528493,-0.027598308,0.080308795,-0.15358467,-0.06900932,0.06806632,0.053020395,0.053916406
TCGA-C8-A1HL-01A,0.06273439,-0.056966912,0.1564688,0.12450528,-0.025716182,0.22427629,0.13270757,0.055122297,0.05809687,0.06948066,-0.03217023,0.0042627766,0.012943161,0.04479256,0.12816931,-0.045173027,0.055575017,0.12639526,-0.065500036,0.06033321,-0.009617961,-0.023415813,0.007997192,0.16162966,-0.0006163727,0.17308165,-0.13209172,-0.055614855,-0.10328885,-0.13021936,0.13547151,0.09270253,-0.12875716,-0.12253952,-0.029085184,-0.12541296,-0.121447325,0.036511824,-0.04840227,0.050459646,-0.009667046,-0.030079326,0.12139301,-0.17688048,-0.09081516,-0.10813339,-0.026134089,0.042451754,0.0551891,0.1449543,0.12306016,0.11088126,0.02556746,0.025587194,-0.14566956,0.0741804,-0.0066513605,-0.031836845,-0.089296274,0.037553135,-0.15702811,0.07199417,-0.0073674154,0.04250948,-0.018664567,-0.10251209,0.22837612,0.0789968,-0.15920407,0.06576106,-0.09792525,0.0533707,-0.022171881,-0.13579814,0.07439528,-0.08678359,-0.05203297,0.12677588,0.024797013,-0.1083416,0.08499224,0.021834454,-0.102136575,0.025389807,-0.04110069,-0.07716061,-0.05647802,0.1741257,0.16630517,-0.10492454,0.030321661,-0.14298706,-0.00886103,-0.018260535,0.13784029,-0.05166511,-0.18420991,0.081163295,0.19424203,-0.19336201
TCGA-AN-A0XW-01A,0.048479013,0.0013796232,0.10797632,0.18481854,-0.015384074,0.087513246,0.10912813,-0.089711405,0.10983999,-0.046808444,0.041081917,0.06557399,-0.06107699,0.14609604,0.07880081,0.009135142,0.12612666,0.102799945,-0.0034241437,0.0004227594,0.14740439,-0.047251124,-0.0994248,0.08531156,0.0594615,0.08040756,-0.18388125,-0.057475768,0.03308501,-0.096275136,0.018310368,-0.011846879,-0.1512748,-0.21510714,-0.040231753,-0.23614864,-0.14820753,-0.059773207,-0.10855051,-0.027273068,-0.018269565,0.038976517,0.055496275,-0.01745672,-0.023584925,0.039958812,-0.099455535,0.09374321,0.091115534,0.15739784,0.09620568,0.12546395,-0.033547983,0.18016465,-0.07289155,0.04910414,0.17028616,0.05189495,-0.024221553,0.010042433,0.03556284,0.07873221,-0.04980984,0.1331003,0.023656398,-0.20115925,0.16981302,0.06309821,-0.112127095,0.023021536,-0.09423777,-0.13228333,-0.00100952,-0.28714308,0.12509657,-0.028252892,0.02367086,0.10079245,0.12647478,-0.055516306,0.060921125,-0.034311797,0.061141778,0.055215478,-0.05458443,-0.102493405,-0.009355997,0.09426436,0.08781999,-0.008980964,0.037588842,-0.2598827,0.04230352,-0.022110632,0.08804446,-0.099079974,-0.10371471,-0.015312834,0.030575225,-0.10968962
TCGA-AR-A24P-01A,-0.018467268,0.088642694,0.2800299,0.079259425,-0.13191386,0.13399293,0.03562024,0.03794948,0.070217736,0.05027642,-0.02868261,-0.08257964,-0.0125271445,0.06415514,0.155841,0.0022934887,0.16927297,0.15092635,0.04433314,-0.17716977,-0.09099878,0.08634128,-0.0631295,0.16525382,0.021207066,0.115372635,-0.19912393,-0.030956151,0.001413666,-0.037141513,0.06246599,0.013497739,-0.0693454,-0.15836784,0.054001145,-0.14298557,-0.16640028,-0.10626588,-0.1201925,0.024412842,-0.085316,-0.069370285,0.080267705,-0.024428966,-0.032339327,-0.08968745,-0.107250474,0.069111705,0.05836008,0.16419509,0.00028767023,0.06886838,0.07975748,0.17713892,-0.055997424,-0.009599123,0.19415173,0.090904504,-0.028617451,0.0137798805,0.10775658,0.043476492,-0.049106423,0.1929468,0.022608051,-0.2020723,0.19128166,0.09108988,-0.13768408,0.021774894,-0.08188381,-0.008605662,0.07455767,-0.20109488,0.08124427,-0.03785297,0.012103921,7.059322e-05,0.03388368,-0.057645656,-0.017052801,-0.0028772608,-0.082145944,0.008548569,0.036830023,-0.07906117,0.026240375,0.10024386,0.1690056,0.02223813,-0.08422294,-0.1498648,0.013378648,0.012684517,0.08354884,-0.059963822,-0.19206485,0.017990254,0.045034133,-0.021034097
TCGA-A2-A0T0-01A,0.047309484,0.011325116,0.15250136,0.1685536,0.13350788,0.065179154,0.12155698,-0.044337288,-0.03952224,-0.005122103,0.015224264,-0.079302244,0.020145794,0.17758499,0.12801325,-0.036757752,0.07141025,0.09613589,0.005220037,-0.021682188,0.012187595,0.1025913,-0.028322926,0.022632299,-0.091686726,0.15538107,-0.1798834,-0.032343324,-0.0275912,-0.094444655,0.09127836,0.07358793,-0.08990739,-0.11426404,-0.06958377,-0.16507131,-0.085715875,-0.031894382,-0.020828964,-0.09999339,-0.07742561,0.02857255,0.1285959,-0.003009572,0.04758564,-0.14104368,-0.029237278,0.035873238,0.12945578,0.13191922,0.046094846,0.13156013,0.17187819,0.1702144,-0.07829998,-0.04348014,0.12662753,0.09995173,0.019020712,-0.025859313,-0.055525623,0.10597922,-0.08491938,0.08863872,0.072882384,-0.08092819,0.18935364,0.059419133,-0.13906981,0.028252866,-0.14383398,-0.08873027,0.049852844,-0.23039225,0.163009,-0.1672052,-0.04986281,-0.0059816646,0.15615523,-0.111838765,0.123695016,0.06711607,0.046669494,0.17682059,-0.009695198,-0.026057942,-0.06995361,0.21248297,0.11679245,-0.004289447,-0.09432382,-0.12956901,0.076541856,-0.0014302185,0.085264884,-0.020956174,-0.13698122,0.063121505,0.06319274,-0.061034676
TCGA-BH-A0HY-01A,0.0075560817,0.06629901,0.18347213,0.16776,0.064154096,0.120557524,0.047921356,0.004283451,0.098185904,0.03831867,0.02554519,0.033503402,-0.050777443,0.16779572,0.07142771,-0.03289829,0.24722017,0.12040028,-0.08173194,0.04302516,-0.019770086,0.02521197,-0.09430366,0.112164035,0.03584345,0.07651278,-0.18442391,-0.059299257,0.080972746,-0.14915137,-0.009014393,0.021968598,-0.016869605,-0.18872961,-0.03244239,-0.2643457,-0.2029519,-0.050113615,-0.05779799,0.021419754,0.027441049,-0.040670227,0.052519757,-0.02623073,-0.0015717554,-0.1616201,-0.097786926,0.020508513,0.03585484,0.14791782,0.08116074,0.18031038,0.16725014,0.1270077,-0.15489337,0.012039837,0.09982059,0.043624107,-0.088423565,0.059213813,0.02237919,0.060600046,0.037371032,0.073310696,-0.021803096,-0.05704163,0.16957672,0.13773589,-0.12642482,0.055918366,-0.11383962,-0.14217444,0.015710758,-0.19093893,0.063475125,-0.06515818,-0.08148321,0.0813768,-0.030337354,0.018705562,0.08327191,0.07477343,0.06846681,-0.00044970194,-0.054080702,-0.008401925,0.0990535,0.11072478,0.2326134,-0.07047219,0.061674107,-0.12877566,-0.023836019,0.06525003,0.09232311,-0.111646034,-0.02361738,0.043411873,0.087517425,-0.02123375
TCGA-EW-A1J5-01A,0.04820806,0.03208438,0.18723044,0.14837368,-0.019696658,0.17026222,0.101348095,0.04492248,-0.021341749,0.04666736,0.052732844,-0.058815256,-0.11459612,0.034453485,0.030388039,-0.025534553,0.08529082,0.050945718,-0.08414882,-0.054214828,0.119947545,-0.031532757,0.091716796,0.12960094,0.05601152,0.00646157,-0.20710365,-0.055016115,-0.027754812,0.022511581,-0.09965163,0.06469614,-0.27486905,-0.13720734,-0.06021388,-0.2663454,-0.026431939,-0.065739654,-0.15130721,-0.11703017,-0.019227644,0.02886894,-0.025334617,-0.18627274,0.00799214,-0.031903576,-0.062763005,0.052409835,0.16256987,0.046252884,0.028839903,0.0897433,-0.056483485,0.067545325,-0.15239485,0.0328234,0.16144748,-0.068474434,-0.11263216,-0.02449043,-0.000569158,-0.03152262,-0.16435692,0.23880197,0.10407142,-0.100696474,0.1572252,0.06024082,-0.0767618,0.06982757,-0.13009755,-0.013916245,-0.051225983,-0.17108227,0.18018007,-0.0907406,0.0143006025,0.020998582,0.045461353,-0.04155494,0.036035936,0.07746092,-0.073739044,-0.040326294,-0.023880692,-0.021950364,0.03461927,0.19878282,0.14035662,-0.07808714,-0.006196852,-0.094898395,0.016772177,0.1262492,0.06452732,-0.04249116,-0.116936885,0.051730257,0.07185568,-0.07625099
TCGA-BH-A0E1-01A,0.06681843,0.08135843,0.08692801,0.12623744,0.037451785,0.120166846,0.0810255,-0.022478126,-0.028377682,-0.0030075258,-0.02080197,-0.033802208,0.033936653,0.11345605,0.13330518,-0.04316443,0.11449821,0.2008334,0.081112474,0.117672324,0.11436816,0.05939928,-0.023148887,0.15064277,0.11813168,0.15189502,-0.18897492,-0.13368101,-0.03638424,-0.10928956,0.07769167,0.02345159,-0.16171935,-0.13797912,-0.0041193827,-0.10483385,-0.11635932,-0.083220616,-0.05418282,-0.10741451,0.010836643,-0.06520937,0.080238745,-0.012039944,-0.067111745,-0.04717418,-0.0084591,-0.04446981,0.21907179,0.040536523,0.12682891,0.10039176,0.03746332,0.13531624,-0.028969718,0.034584902,0.15221003,0.10995105,-0.063238725,0.005016206,-0.024350233,0.034039363,-0.017267965,0.18255764,0.10454227,-0.1921628,0.19116332,-0.041657098,-0.10064031,0.19308999,-0.10737658,-0.046907425,0.026378153,-0.20065299,0.20980522,-0.11642466,0.00518716,0.010739385,0.007453908,0.0864596,0.044151407,0.0063308263,-0.078830265,0.06267346,-0.015764711,0.0022492434,-0.06955358,0.09651845,0.11063421,0.049706426,-0.05609996,-0.16705526,0.02174848,0.037460506,0.09333732,-0.11697039,-0.18660319,0.0572156,0.08873219,-0.056520004
TCGA-AR-A2LH-01A,0.046043593,-0.104784854,0.17473842,0.15894054,-0.14489418,0.096749395,0.063176766,0.03254741,-0.028870655,0.12466171,0.014121795,-0.00013560601,-0.08399703,0.17177185,0.084532045,-0.07718797,0.059457585,0.21269721,0.021521714,-0.045615666,-0.0016757251,0.024687864,-0.091884494,0.07464139,0.007880074,0.16728476,-0.17811868,-0.13780333,-0.0036324323,-0.10961499,0.114754945,0.14955111,-0.19582276,-0.1768084,-0.12036316,-0.2942409,-0.06644712,0.007515131,-0.033168413,-0.031242218,-0.14423805,-0.0025065194,0.11123324,0.009569436,-0.058859717,-0.12822226,-0.032232944,0.11469104,0.13301075,0.006229002,0.10588926,0.08889219,-0.006957386,0.21041848,-0.12069907,-0.09200103,0.103557125,0.0074565224,-0.105231225,0.033692397,0.0071404423,0.024164533,-0.08693749,0.10880396,0.10836588,-0.06756717,0.16841617,0.10189166,-0.06528976,0.11146122,-0.06083292,-0.029019961,-0.0370913,-0.12175385,0.09663253,-0.09919027,-0.0062396894,0.091966696,0.07150277,-0.009913287,0.110548094,-0.12032166,-0.015880419,-0.020078544,0.016828785,-0.15290637,-0.0318965,0.065654665,0.13154699,0.0015273689,-0.081957,-0.113135576,-0.019602718,-0.014112119,0.042338025,-0.009918373,-0.12041384,0.09396034,0.029821636,-0.012094903
TCGA-E2-A9RU-01A,-0.09052494,-0.029764978,0.190232,0.15008461,-0.036861457,0.11390189,0.052835103,0.035914358,-0.0047448026,0.033621114,-0.08013192,-0.052326348,-0.0420946,0.11088167,0.077020936,0.009160369,0.053332992,0.18916711,0.015073871,-0.034212798,-0.12565097,2.357432e-06,-0.0047315634,0.09666093,0.0020149215,0.09721656,-0.14931995,-0.11452106,-0.046784878,-0.07353296,0.06909439,0.108616546,-0.07865472,-0.111253664,-0.1753635,-0.1808938,-0.050267573,-0.044302437,-0.067180194,0.01579782,-0.029061873,0.09991117,0.04360214,-0.048629966,-0.10255244,-0.10599877,-0.03243425,0.119669564,0.10696996,0.17907877,0.15135309,0.16911231,0.16180944,0.056551937,-0.114001706,0.09705214,0.041408874,0.07036141,-0.0146910455,0.105032444,-0.03833657,0.112657875,-0.043895114,0.18827546,-0.067126356,-0.13715082,0.1661261,0.08259789,-0.13051637,0.1464901,-0.2145737,0.03074745,0.06481279,-0.19366372,0.01606254,-0.027446631,-0.0037037183,0.13207057,0.03746058,0.037705585,0.015009888,0.004754079,-0.053553704,-0.07065657,-0.077254005,-0.018676618,0.041517604,0.20278634,0.17676416,-0.077964105,0.01939906,-0.19290273,0.06075368,-0.0004113953,0.09994821,-0.05842939,-0.16147745,0.047080338,-0.0024566406,-0.074949555
TCGA-AC-A6IW-01A,-0.02256313,0.050729845,0.09606872,0.18754321,-0.0746141,0.13535345,0.03924462,0.10482522,-0.0033332321,-0.043059785,0.052872133,0.05368452,-0.09629543,0.090466686,0.12573442,0.0010764605,-0.055392396,0.19800988,-0.063936606,-0.06422332,-0.00012893567,0.068904616,0.016593568,0.091251254,0.075892165,0.044587895,-0.16964099,-0.049297713,-0.038874533,-0.0687986,0.043163188,0.016754955,-0.21612042,-0.21959808,-0.047478124,-0.23235175,-0.047858343,-0.06522695,-0.027141599,-0.056717247,-0.12835614,-0.031940464,0.11885949,0.028779717,-0.00058745133,-0.013638772,0.0126699945,0.09071487,0.043446872,0.1268135,0.061744966,0.18690409,0.10611227,0.16655172,-0.14128605,-0.0031037303,0.22074041,0.13122912,-0.14445713,0.011515758,-0.044322003,0.057896588,-0.07832224,0.01720447,0.0966513,-0.13439701,0.16320796,0.085959844,-0.1757677,0.059320394,-0.21501905,-0.050694775,-0.012647352,-0.16736676,0.10574362,-0.06815292,0.053691104,-0.013281991,0.09555607,-0.02750488,0.030323543,0.04318267,-0.02379395,-0.030211894,-0.09316824,-0.14293371,0.0017206095,0.10967267,0.10744918,-0.032113817,0.09066922,-0.097472034,0.08139877,0.015891856,0.06071647,-0.19427416,-0.048403326,0.04723129,0.046609722,-0.12116067
TCGA-BH-A0BT-01A,0.041198004,-0.11218672,0.122943394,0.20252293,0.012299081,0.14102927,0.07137348,0.04073709,0.03872501,-0.109491654,0.021712244,-0.04900875,-0.005372302,0.19254033,0.07803586,0.049858965,0.03811597,0.10508224,-0.06427714,-0.044165887,-0.0013206942,0.018601619,0.060989965,0.14653456,0.05998575,-0.0017484141,-0.22906798,-0.057852782,-0.080991335,-0.09024425,0.05982789,0.096325584,-0.13330582,0.02799215,-0.061933573,-0.21608016,-0.073200695,-0.085149296,-0.10518138,-0.06966598,-0.039816704,0.0019970464,-0.0016493864,-0.09080103,0.0018653452,-0.13742575,-0.07750464,0.004900831,0.14149144,0.13949905,0.08347652,0.058388285,0.059542846,0.13874896,-0.10101324,0.109798394,0.21711202,-0.050673712,-0.019873826,0.085668944,-0.047568776,0.055745937,-0.06754741,0.08501613,0.046557233,0.016287977,0.23695198,0.10174716,-0.027697029,0.101341665,-0.14835122,-0.053570397,0.004656554,-0.18822177,0.012572319,-0.13617422,-0.042418923,0.028989157,0.12888043,0.10359524,0.013479738,-0.056042314,-0.05874712,0.009586508,0.0066318526,-0.078044854,0.016485246,0.18293904,0.16361521,-0.13970828,0.083773084,-0.21727213,-0.011202684,-0.06433829,0.14656141,-0.034890894,-0.1381251,0.06018061,0.08806897,-0.118862085
TCGA-GM-A2D9-01A,-0.077319495,-0.10756368,0.21606034,0.13579154,0.03721852,0.10930674,-0.07741883,0.0030035959,0.017201774,-0.03588194,-0.083567895,-0.011181328,-0.09729511,0.11810337,0.24294688,-0.04316407,0.08597431,0.11592346,0.053964794,-0.055277992,-0.044558484,-0.07244837,-0.03268369,0.14205208,0.006285587,0.046498887,-0.14416699,-0.05072204,-0.073729895,-0.11007383,0.016288588,0.094079815,-0.25444084,-0.21494336,0.010225053,-0.22052342,-0.2619232,-0.05347757,-0.057187088,-0.085480265,-0.037524965,0.021362385,0.0423304,-0.036433205,-0.06253586,-0.12149263,-0.07568562,0.045249946,0.08100586,0.0959562,0.08832976,0.11820379,0.087569,0.16105238,-0.050845664,0.05435384,0.12995076,0.037527256,0.0049194335,-0.011062689,-0.026069185,0.08715083,-0.12608254,0.105520226,0.05629131,-0.111269236,0.13678648,0.088755235,-0.08144691,-0.008193984,-0.04437501,-0.0064398292,-0.04572567,-0.04621492,0.17746197,-0.016231218,-0.022998571,0.048782934,0.039597087,-0.10857669,0.007719088,-0.00033026387,-0.12446844,-0.094790526,0.007813865,-0.017094675,-0.0669179,0.14452939,0.18715893,-0.06978811,0.012569434,-0.23193559,-0.043588467,-0.02970164,0.12702659,-0.116775766,-0.0492431,0.0720803,0.024936503,-0.07685958
TCGA-E2-A1II-01A,0.039576933,0.06789988,0.11870123,0.15599446,-0.03868102,0.16733523,0.06219726,-0.007995123,0.10639136,-0.044756133,-0.019081082,0.035311747,-0.12881087,0.13164127,0.095479384,-0.13966651,0.08956118,0.15731888,-0.13849528,-0.057739373,0.04585343,0.06127861,0.011159284,0.16906723,-0.016151909,0.12274756,-0.048842456,-0.058696017,-0.009962975,-0.15771145,-0.0020877365,0.122316696,-0.08825717,-0.22637366,-0.04162489,-0.16788292,-0.06796564,-0.04977949,-0.027403014,0.042817637,-0.07690129,0.06292355,0.06309069,0.07419233,-0.0032061778,-0.113527335,0.050342366,0.11554717,0.14116628,0.12538911,0.029773489,0.06363339,0.0021034281,0.12372113,-0.049648177,-0.030022115,0.10284004,0.15833524,-0.049677208,0.03499072,0.019635264,0.028883375,-0.111336306,0.11170642,0.12015452,-0.117814824,0.0791428,0.073524185,-0.010904805,0.07211021,0.0006191738,-0.10345801,0.030471468,-0.23170727,0.06854084,0.0071564782,0.0015773255,0.08103197,0.17336154,0.044610526,0.10688683,0.11088439,-0.0029028752,0.010230082,-0.06587433,-0.08873057,-0.07998733,0.0842503,0.23215665,-0.081644915,-0.062737234,-0.20078291,-0.008003921,-0.0701312,0.12435532,-0.17358209,-0.17307723,0.10533421,0.016912235,-0.14769985
TCGA-LL-A73Z-01A,0.089899845,0.029161515,0.1544054,0.14202712,0.027233148,0.15806118,-0.018390143,-0.021132542,-0.00045546598,-0.010526961,0.016255159,0.11006033,-0.10284017,0.23945685,0.13293803,0.006720715,0.13106342,0.10505801,-0.08028876,-0.03090126,0.018500969,-0.052673265,-0.0072724144,0.17718281,-0.07270139,0.08860128,-0.23382053,0.0025709087,-0.1106751,-0.11601245,-0.10625473,-0.011539809,-0.15588407,-0.11834026,0.00437439,-0.11895338,-0.13239516,-0.037059523,0.07508848,0.026960569,-0.022887366,0.12148397,0.06782519,-0.045646254,0.123614654,-0.04937152,-0.09848903,0.0076210327,0.14492355,0.12963971,0.02572554,0.14182764,0.07458564,0.042146154,-0.13513187,0.00797296,0.25450027,0.04907716,-0.023125269,-0.017362127,-0.03352287,-0.018952733,-0.033688247,0.12804587,-0.020043418,-0.1343232,0.14625262,0.08114535,-0.09278108,0.043122143,-0.18158577,0.04613985,0.07138158,-0.17725733,0.022720287,-0.107045844,-0.031273033,0.074414425,0.11448249,0.071187995,0.123277046,-0.0047810795,-0.042970482,-0.052725993,-0.050506316,-0.07960219,-0.026466839,0.13972206,0.1779155,-0.0022593776,0.017092766,-0.18370363,0.08936989,0.0018285058,0.11566518,-0.031328797,-0.20144415,0.005918494,0.05597033,-0.05399691
TCGA-B6-A0X5-01A,0.06671563,0.06756828,0.19193661,0.08467967,-0.06602781,0.14947487,-0.0012803221,0.001044214,-0.05417062,-0.018092638,-0.034005675,0.043164097,-0.06898719,0.18781634,0.13019642,0.030375745,0.032768823,0.16965279,-0.03949569,-0.04380886,0.00828388,-0.011244132,-0.08857993,0.17521563,-0.019504378,0.020796005,-0.19098137,0.0064112833,-0.046708666,-0.05423114,0.12803556,0.084392846,-0.11710387,-0.11893597,-0.16566914,-0.1542747,-0.17724702,-0.02571514,-0.085073784,-0.03763705,-0.06146154,0.0032508243,0.100384854,-0.021696037,-0.14848481,-0.05813925,-0.10317791,0.017273802,0.0905211,0.17332356,0.05015015,0.1512137,0.078341864,0.0632856,-0.15132138,-0.0034812263,0.21441363,0.00026700753,-0.08897998,0.10713674,0.03018148,0.099343024,-0.15846142,0.07156463,-0.016275732,-0.121399485,0.18740286,0.05137736,-0.07894339,0.052791405,-0.21496391,-0.040867236,0.038453802,-0.16057064,0.07919602,-0.043712564,-0.040874884,0.12214828,0.012135794,0.06413674,0.080492064,0.044655573,0.0031253432,0.041219432,-0.09229182,-0.062462024,-0.054609843,0.025852492,0.13667288,0.0728718,-0.028034538,-0.11771762,0.049469855,0.02720189,0.18193048,-0.056353092,-0.17788388,0.09017227,0.06664177,-0.17298147
TCGA-A7-A13G-01A,0.031210953,0.13212107,0.14307031,0.048525065,-0.15026978,0.11095572,0.11360453,-0.012230531,0.000263261,-0.017007738,-0.015962357,0.021945445,-0.05371017,0.0073048896,0.13114123,0.009007944,-0.009692346,0.12119268,-0.07616295,-0.059994936,-0.004142507,-0.12490281,-0.09855566,0.16836065,0.033900302,0.103279606,-0.20252846,-0.1010434,0.019242244,-0.14177242,0.05141077,0.11723296,-0.16650727,-0.2096157,-0.074700765,-0.1132491,-0.1553441,-0.05008181,-0.078473605,0.031272322,-0.05216213,0.026563125,0.21536456,-0.096946694,-0.093845636,-0.10849684,-0.034739397,0.12118238,0.13727899,0.15596235,0.11132824,0.15567015,0.02391112,0.19171347,-0.09272006,0.0013534457,0.099202596,0.08299358,-0.14888227,-0.00029176282,-0.008677651,0.023951558,-0.030217057,0.08304822,-0.07124507,-0.09114171,0.21218438,0.060429785,-0.079192646,0.06469831,-0.13142042,0.025160331,0.009263756,-0.2712135,0.06653897,-0.031707425,0.033711694,0.020798609,0.0067628743,-0.08871039,0.04862396,-0.034847,-0.010813209,0.00035809085,-0.11198679,-0.06795479,-0.04619599,0.17223331,0.08463253,-0.030234464,-0.041471872,-0.09920368,0.019166011,-0.08935289,0.124472536,-0.063496865,-0.0959378,-0.007271482,0.062315714,-0.1640524
TCGA-B6-A0RI-01A,-0.057269465,0.06673731,0.14775231,0.08479332,-0.10393488,0.123787716,0.08356033,0.014788799,-0.04536099,0.084514506,0.012474216,-0.14217232,-0.14007752,0.06009829,0.14788964,-0.03559046,0.07934323,0.15801783,-0.06315469,-0.10803522,0.037811637,0.03203469,0.04120523,0.100244574,0.0141471205,0.11458347,-0.1943582,-0.05494531,-0.06303902,-0.050950572,0.119310066,0.08027669,-0.11829882,-0.1841919,0.038096808,-0.14206979,-0.08060949,-0.09870061,-0.1319685,0.058762025,-0.020601198,-0.022856468,0.014808512,-0.08849678,-0.09708853,-0.066748954,-0.028752951,0.037128087,0.20642337,0.12329484,0.027584529,0.029446265,0.049838632,0.21520317,-0.09274357,-0.006791392,0.13410863,0.13524425,-0.10864661,0.0021648302,-0.027811974,0.08594548,-0.168282,0.09001014,0.15520105,-0.111790285,0.23882951,0.06326613,-0.07628784,0.019354673,-0.19860467,0.062910385,0.020725528,-0.22326325,0.09930844,-0.1530407,-0.04679701,0.016196666,0.050046377,0.07265049,0.041466672,0.0671038,-0.018862221,-0.04000081,-0.030611742,-0.039042916,0.013278919,0.17583297,0.1363415,0.038167402,0.00948005,-0.101363726,-0.018393572,0.036292374,0.13187769,-0.1297446,-0.10830483,0.060057756,0.051244847,-0.0563394
TCGA-BH-A0GY-01A,0.013964542,-0.0032090866,0.11977114,0.10897182,-0.018971521,0.15165925,0.06504403,0.054016724,0.04203605,0.07059743,-0.06490779,-0.09848621,-0.12580985,0.16046959,0.14311844,0.0026270568,0.021118917,0.13864248,-0.122141406,0.1267286,-0.049701836,0.10231555,-0.027183682,0.10379192,0.074381806,0.14782457,-0.18190233,0.03879012,-0.009746638,-0.14217743,0.05711108,0.09456653,-0.12357612,0.008594076,-0.15702532,-0.19005924,-0.14975598,-0.10179623,-0.07747268,0.047239203,-0.050248124,0.018843312,0.045846533,-0.07152667,-0.047170755,-0.042092614,-0.013011158,0.111923605,0.055562094,0.08846841,0.12041218,0.15549697,0.044637583,0.10161197,-0.05445676,0.08041418,0.1081605,0.017493358,0.011356089,-0.025499424,0.054660656,0.05853015,-0.039430622,0.11202944,0.0018630777,-0.124740064,0.18184324,-0.018256452,-0.09667929,0.009488353,-0.18139713,0.04065101,0.029469613,-0.17115115,0.063633665,-0.17509252,0.12644546,0.147357,0.036245804,0.016421456,0.034680877,0.08536577,-0.053248324,-0.061332054,-0.0028852287,-0.06438884,-0.0875058,0.11821803,0.2523409,-0.050804608,0.029684417,-0.18286587,0.1433745,-0.01657489,0.14315994,-0.052345034,-0.1576115,0.10144032,0.03318498,-0.15264264
TCGA-D8-A1JS-01A,-0.015517486,0.08959947,0.17228702,0.092351764,0.09369509,0.14583264,0.0071712746,0.034689497,0.042090166,0.050790958,0.007452728,-0.043668002,0.01919612,0.14584939,0.04453589,-0.0032847882,0.08550088,0.21850356,-0.049743276,-0.0005915751,0.08229993,-0.049815957,-0.032552198,0.25049487,-0.0054780003,0.077782646,-0.19005965,-0.014136529,-0.04560438,-0.08565494,0.05225007,0.059573542,-0.1624868,-0.14589095,-0.08003176,-0.14067961,-0.121690825,-0.051274452,-0.031746704,-0.037956543,-0.07224815,-0.105783544,0.046619244,-0.019572679,-0.021205911,-0.11425676,-0.07813972,0.07188889,0.07181171,0.13048595,0.14590761,0.121782094,-0.013045441,0.22879113,-0.04152604,0.023951167,0.111134514,-0.014036669,-0.102736615,0.066664405,0.008400733,0.006899067,-0.11580829,0.12983204,0.12646067,-0.13914382,0.23834066,0.068117715,-0.0990924,0.10460278,-0.13327098,-0.019750178,0.07483203,-0.2213515,0.108315036,-0.0813832,-0.050148066,0.033914454,-0.0053535528,0.04685813,0.1584747,0.008724596,-0.017879441,-0.04456215,0.005613153,-0.14390138,-0.02868823,0.10179663,0.053666886,-0.023706757,0.030193424,-0.23199914,-0.03561965,0.072488025,0.13518375,-0.10134363,-0.13259615,0.086229086,0.024510257,-0.046700303
TCGA-AO-A0JI-01A,-0.033741117,-0.048185475,0.19140372,0.17808455,-0.016073836,0.09495118,-0.014001547,-0.0051965243,0.09161788,-0.030858358,-0.05748018,-0.007945563,0.026319366,0.1041919,0.20224646,-0.12307352,0.0006241938,0.18581443,0.098854505,-0.017614255,-0.04070743,0.0657372,-0.03130505,0.15924814,0.016050218,0.108580105,-0.11404039,-0.0841339,0.06795475,-0.13686974,0.037082247,0.10138794,-0.06056985,-0.11503521,-0.06163755,-0.11327608,-0.046330545,-0.016082719,-0.13499057,-0.049980447,-0.043928593,0.039138082,0.023208842,-0.14941306,0.030924845,-0.049166985,-0.08188206,-0.04071454,0.1520578,0.032253753,0.12925306,0.13003577,0.039606225,0.19366305,-0.12755235,0.0030380187,0.123924136,0.107182026,-0.07758036,-0.034518033,-0.04084295,-0.06567623,-0.17342237,0.16245037,0.15592745,-0.13666815,0.16008191,0.059100945,-0.12268418,0.0720041,-0.10413824,-0.07295409,0.03597991,-0.22943677,-0.010688434,-0.048117235,-0.0746601,0.053851727,-0.029235443,-0.09848708,0.11344015,-0.022935813,0.07713361,-0.0007633017,-0.10900635,-0.027985841,0.009204036,0.17880559,0.21107973,0.011141884,-0.016090117,-0.16778511,0.020810718,-0.021392478,0.20397536,-0.012771986,-0.088942446,0.042418692,0.051265188,-0.11790781
TCGA-AR-A1AR-01A,-0.07285277,0.030405972,0.10667587,0.10480727,0.0153305195,0.13107479,0.15606467,-0.052704047,0.04037921,-0.036615837,0.06800993,-0.090112224,-0.0020399217,0.08112906,0.16144298,-0.1839963,0.11442445,0.21036845,-0.00870632,-0.08210942,0.016196402,0.017879605,-0.0053273886,0.09522531,-0.07472279,0.14776273,-0.25529766,-0.007408302,-0.07937337,-0.03142597,0.07390062,0.061197743,-0.20335181,-0.12541117,-0.011127865,-0.10344804,0.016167846,0.06648066,-0.07398858,0.0063174926,-0.040107977,0.00067560584,-0.028920729,-0.055024255,-0.024568958,-0.15198961,-0.023737852,-0.022509426,-0.005824468,-0.005585011,0.01487635,0.08396422,0.062894545,0.12515461,-0.025683174,0.06689002,0.10462611,0.10951844,-0.09755707,-0.008071426,0.02535158,0.030438187,-0.044288736,0.18434049,0.078659564,-0.1252813,0.13422646,0.07450815,0.017139511,0.09367944,-0.14291976,-0.0151519785,0.021091321,-0.22622676,0.114071816,-0.0028820024,0.095359705,0.11498161,-0.0013174731,-0.038832095,0.12041851,-0.0637543,-0.036300786,-0.029793825,-0.118201874,0.011155084,-0.00261883,0.1834232,0.2453314,-0.123721324,-0.088013925,-0.18288137,0.088678114,-0.061847646,0.0436252,-0.12499615,-0.14314549,0.014518768,0.15320812,-0.17009823
TCGA-B6-A0RG-01A,0.11118615,0.08132083,0.03459593,0.028953595,0.047402486,0.14124046,0.12619741,-0.060768083,0.018544054,-0.06733996,0.01630138,-0.020293793,-0.03952523,0.042621225,0.10015159,-0.03213189,0.063201055,0.14155841,0.028869316,-0.07378688,0.0041279993,0.019625692,-0.09628687,0.08030814,-0.06851197,0.25690114,-0.26414043,-0.023376731,-0.055440996,-0.07795821,0.11786252,0.07034434,-0.12242162,-0.19922915,-0.08389233,-0.1433856,-0.11821603,-0.054550786,-0.07763892,-0.11893843,-0.115825,-0.06645071,0.1260417,-0.09733313,-0.11033322,-0.17250241,-0.053797778,0.084858716,0.075406305,0.086801074,0.048842136,0.088101394,0.032835066,0.10407193,-0.16967753,0.047009233,0.13141198,0.042022523,-0.054325376,0.07408192,-0.010261933,0.040325545,-0.14407283,0.14452176,0.06438096,-0.10491314,0.13288857,0.12300861,-0.040853344,0.060388695,-0.19668376,-0.14128225,0.06993733,-0.10787824,0.14163768,-0.030907914,-0.027873445,0.14113729,0.05608954,-0.08334871,-0.003047727,0.025261013,0.052234326,-0.09812418,-0.07498593,0.016298542,-0.1012835,0.18365307,0.13749288,0.019193755,0.05798388,-0.10695329,-0.01290836,0.0023528342,0.07752906,-0.13031858,-0.16449298,0.058439024,0.0044600666,-0.13837478
TCGA-AO-A128-01A,-0.027204894,-0.03534528,0.17407772,0.07098404,-0.032587446,0.2134424,0.04747304,0.11251196,0.029320609,-0.001258998,-0.0036777565,-0.09706692,-0.035152826,0.06978929,0.14100362,-0.10405272,0.09421379,0.24612279,0.14937375,0.04302088,-0.08560905,-0.05494095,-0.05731567,0.12323136,-0.042172633,-0.05906545,-0.17091835,-0.07731288,0.036078323,-0.10171443,0.1383885,0.07499831,-0.108232826,-0.13604723,-0.11050913,-0.11896263,-0.020747531,-0.049526453,-0.05512859,0.021712592,-0.11652634,0.10028878,0.077395536,-0.06426178,-0.0963977,-0.07553128,-0.07336613,0.033147443,0.044952136,0.15703747,0.07990455,0.09962585,0.07688992,0.15061374,-0.1373605,0.014625465,0.10213489,0.057901166,-0.11458898,0.022234596,0.044420052,0.04791467,0.013522777,0.16685757,0.041084733,-0.02624931,0.19461933,0.029367685,-0.17614742,-0.0063606664,-0.1877472,-0.038006414,0.07752416,-0.13822444,0.0038843933,-0.18227659,0.12416397,0.09110429,0.021962792,0.049584568,0.04286369,-0.08159111,-0.11659515,-0.07583487,-0.0984092,-0.008461208,-0.06598706,0.13113013,0.18681283,-0.01576201,0.026739491,-0.13539489,0.043818157,0.004424298,0.14220089,-0.019273736,-0.13294342,0.0746877,0.04034884,-0.177418
TCGA-A2-A0YL-01A,-0.028705215,0.026956242,0.118141696,0.09781491,0.07029289,-0.00033532226,0.093862146,0.028815439,-0.06189798,0.027405892,0.09855924,0.047474783,-0.031985097,0.115155995,0.11770121,-0.144197,0.05573354,0.007184402,-0.008126542,-0.16515648,-0.03711815,-0.025699697,0.040322,0.18588151,-0.04919659,0.10247087,-0.055656064,-0.11120676,-0.08708519,-0.06221813,0.068472214,0.20198981,-0.1425699,-0.2712442,0.083283246,-0.17738368,-0.04111495,-0.14626315,-0.062230896,-0.06344639,-0.03887624,-0.03430349,0.12606244,-0.06903751,-0.048012722,-0.08171638,-0.03565569,0.06662408,0.14264932,0.109258346,0.095988646,0.03874785,0.061792146,0.122312546,-0.08237355,-0.0102183595,0.15079837,-0.031546883,-0.11229031,0.050695114,-0.020559477,0.12169023,-0.15741591,0.20629057,-0.09782446,-0.06982214,0.0890265,0.11007318,-0.07849142,0.115776084,-0.071264595,-0.07145225,-0.0766257,-0.17356828,0.13909799,-0.062768325,0.0048206607,0.022980878,0.08781689,-0.0025952763,0.040904652,-0.05639279,-0.026554573,0.008206583,-0.12277163,-0.17180663,-0.056647785,0.081343874,0.12706797,-0.07068641,-0.055409435,-0.14531301,0.04500658,0.04302571,0.19683462,-0.01548497,-0.16124023,0.13567793,0.017429115,-0.15688127
TCGA-A2-A0YT-01A,0.004813207,-0.04070928,0.19034207,0.08438949,0.022277214,0.18459676,0.13964668,0.030317731,0.044329397,0.027678993,-0.06503843,0.028435916,-0.02352391,0.10730036,0.025689242,-0.025873482,0.05380236,0.15495971,-0.14493504,-0.0013372886,-0.049726162,0.018325489,-0.01287109,0.0736126,-0.03366558,0.051219653,-0.14744623,-0.080992445,-0.027649025,-0.1650919,0.06748503,0.041288093,-0.16465127,-0.20961764,-0.14696226,-0.2604987,-0.11111552,0.002223909,-0.10298504,0.017598115,-0.046568025,-0.01021994,0.021978986,-0.079694375,-0.06529986,-0.06655541,-0.16625972,0.04621698,0.08547272,0.17225464,0.10946593,0.1433382,0.020615285,0.014382534,-0.14207277,-0.024097282,0.06556385,-0.028092252,0.07494809,-0.0641982,-0.032949608,0.09537344,-0.14063524,0.19744813,-0.06370723,-0.02704968,0.086457066,0.04433845,-0.12955175,0.047267847,-0.16717617,-0.042606805,0.08219402,-0.18804397,0.21638077,0.0046233176,-0.015540677,0.13873816,0.037030563,0.0035579412,0.07377327,0.03801228,-0.07286436,0.024529174,-0.091586724,-0.050511796,0.06878447,0.11774963,0.14145263,-0.070256166,0.014494026,-0.1987325,-0.040380333,-0.06909961,0.07571585,-0.13934419,-0.14729317,0.04831057,0.00012402431,-0.12134494
TCGA-BH-A0DG-01A,-0.028334867,0.013335528,0.040244654,0.04671795,0.044910926,0.042746335,0.056298874,-0.13172743,-0.054942712,0.043872103,-0.12227347,-0.097088665,-0.030538559,0.18354337,0.13321759,-0.0838886,0.12971719,0.18162106,-0.084554754,-0.0145075265,0.054859336,0.028948344,-0.07632662,0.11963435,0.08201334,0.05853378,-0.21948825,-0.041515175,-0.03926402,-0.02883093,0.07148366,-0.0020716933,-0.0946399,-0.23717493,-0.12641674,-0.19051956,-0.099260725,-0.03148462,-0.047557976,-0.022850972,0.06551752,0.056696873,0.011041534,-0.12406203,-0.029319385,-0.08480231,-0.10671277,0.019012395,0.070907466,0.1652059,0.06958821,0.14878418,0.106278755,0.1838602,-0.053861063,0.0039818943,0.11004574,0.02754537,0.05210485,0.103770465,0.028207855,0.11325501,0.014586823,0.14258032,0.057084396,-0.10854438,0.102292486,0.10851771,-0.18149114,0.08954607,-0.17575866,0.08211066,0.089228556,-0.24406584,0.13358934,-0.057828106,-0.0023366392,0.092577994,0.1366488,-0.038811237,0.108409844,-0.0003357821,-0.04693507,-0.03554798,-0.04682099,-0.0013948301,-0.077023305,0.09432092,0.13402006,0.04098362,-0.021862347,-0.17552531,0.058590185,0.02978833,0.14839128,-0.052935544,-0.052436534,-0.050425366,0.1112568,-0.1683159
TCGA-BH-A1FU-01A,-0.025606217,0.035100237,0.14908761,0.14715461,-0.038178798,0.09034256,-0.03254784,-0.035820108,-0.011397704,0.073600456,0.005461962,0.13329826,-0.1343604,0.17977647,0.13100278,0.03262425,0.09249462,0.14243668,-0.05034096,-0.035620302,0.09923349,-0.00062848115,0.042455856,0.10259984,0.0021547198,0.11686194,-0.20933057,-0.042308997,-0.023533842,-0.061528288,0.03585822,0.00901443,-0.17578416,-0.15529561,-0.068060644,-0.19123904,-0.07948778,-0.12228774,-0.13851246,-0.08494311,0.0079810275,0.057315566,0.14388959,-0.10936931,0.1570709,-0.12446946,-0.10254033,0.13896747,-0.0055298195,0.17944503,0.15324059,0.107063964,0.04825919,0.0683864,-0.057580195,0.07337469,0.11786398,-0.10523658,0.0072625033,-0.01299933,-0.0010983269,0.048433367,-0.010501364,0.11219908,0.08134562,-0.115181915,0.19920607,0.038824886,-0.01964403,-0.008689319,-0.05792786,-0.023602424,0.056466337,-0.22063135,0.021975692,-0.13211775,0.013813794,0.14456005,0.04550243,-0.095710754,0.095819,-0.10655605,-0.011093694,0.104216956,-0.0868826,-0.064783856,-0.04611132,0.21072862,0.19245054,-0.057211775,0.0642144,-0.12699153,0.00976775,-0.0744689,0.07536558,-0.12724237,-0.051303733,0.030135708,0.055231366,-0.07399323
TCGA-BH-A1F6-01A,-0.042733036,0.08294226,0.11737811,0.116460055,-0.025216904,0.09671547,0.111521415,0.0016749483,0.111126386,0.06588689,0.030160123,0.057913598,0.026789853,0.11540991,0.13013412,-0.016771495,0.1227484,0.08186031,-0.032620136,0.0021849037,0.0012328404,-0.015600504,-0.06464401,0.033964556,0.025981396,0.11161073,-0.15242067,0.021294257,-0.07559575,-0.1715393,0.07135696,0.13879743,-0.101851545,-0.2226014,-0.02826257,-0.25259858,-0.079126336,-0.05713266,-0.0073829265,-0.052419916,-0.07924777,0.114258125,0.08439212,-0.06539392,0.033706933,-0.03388636,-0.006909248,0.11219352,0.13779944,0.08357191,0.0502219,0.035758056,0.2042757,0.11899658,-0.04027476,0.06285036,0.06291058,0.034547903,-0.02451053,-0.031462725,0.01779397,0.070227124,0.04941322,0.20873016,0.012993367,-0.09064633,0.16823952,0.006873131,-0.17012882,0.009670258,-0.11626648,-0.056999374,-0.0041267574,-0.18679616,0.14555831,-0.013388864,-0.07436724,0.048573494,0.016662877,-0.09184744,0.05791107,0.07730013,-0.14685473,-0.07144202,-0.10990487,-0.028021898,-0.041546118,0.19021094,0.2050069,-0.0018928158,0.01905324,-0.22717448,0.004140758,-0.017416785,0.10252893,-0.13869996,-0.08533553,0.039076023,0.13324797,-0.20003557
TCGA-BH-A8FY-01A,0.097604945,0.024572643,0.27315563,0.13545185,-0.0010657667,0.04248405,0.10270055,-0.0371787,0.02522711,-0.02106804,-0.072353385,-0.0038976623,0.07126204,0.10224265,0.061629757,-0.0034006382,0.12070724,0.14697881,-0.0013807379,-0.09240208,0.023806103,-0.083003506,-0.051493216,0.16764857,0.04016146,0.11009315,-0.2475864,-0.016632361,-0.05119749,-0.03228228,-0.032767694,0.04722905,-0.18151826,-0.10578662,-0.12830587,-0.13810785,-0.03803983,-0.114594884,-0.080160566,0.03609272,-0.028093604,0.013622674,0.08111189,0.040384375,-0.014994009,-0.10912886,-0.008579795,-0.013455347,0.1508943,0.07385531,0.121063195,0.099444725,-0.043649483,0.1206769,-0.11022232,0.071556866,0.14691621,-0.038433574,-0.18780269,0.04604647,-0.010275899,0.06417314,-0.19484007,0.09561132,0.12574813,-0.116550654,0.25422466,0.049690746,-0.15418518,0.01761463,-0.09877666,-0.093866915,0.064118445,-0.116172954,0.14257099,-0.07069813,0.02163179,0.026013074,0.09744889,-0.003602114,0.08096165,-0.09346741,-0.14362642,0.02811813,0.038939223,-0.07433189,-0.113808274,0.104255535,0.14928366,-0.004677338,-0.015716745,-0.10848785,0.041837644,0.065947466,0.14186913,-0.18597154,-0.055976193,0.031107975,0.04978165,-0.09182671
TCGA-BH-A0BZ-01A,-0.08000904,0.00583915,0.1062854,0.15434037,-0.031250346,0.117086165,0.09605421,0.07502245,0.032398485,-0.035868175,-0.12766948,-0.1289042,-0.021187121,0.22904682,0.03831726,-0.014859486,-0.061241455,0.19005404,-0.073713504,0.04222753,0.16833751,0.13067381,0.047575865,0.08476574,0.031485252,-0.03977269,-0.16617526,0.07708332,-0.015430875,-0.095240824,0.057526994,0.07571207,-0.16161785,-0.18929331,-0.037209105,-0.22845808,-0.17332643,-0.058915973,-0.03778939,0.018914646,-0.033542138,-0.05712161,0.083218776,0.01752072,-0.08671986,-0.030875541,-0.0761373,-0.006905456,0.08080962,0.16266601,0.050430223,0.054825764,0.101437084,0.09666519,-0.072263256,0.042281665,0.055169493,0.044670906,-0.09220548,-0.065432295,-0.040250428,0.09090661,-0.07016193,0.12341152,-0.016063556,-0.14060578,0.15637317,0.027477985,-0.047572706,0.00788425,-0.26756328,-0.041340515,0.08036225,-0.14340499,0.08407643,-0.09246703,-0.10624434,0.15574692,0.013482582,0.038253825,0.12585941,0.048271015,0.011413232,-0.0024565028,-0.08577153,-0.04113063,-0.035223193,0.10091787,0.23536132,-0.0532521,-0.011964443,-0.15040281,0.015501555,-0.05918101,0.20730339,-0.102903895,-0.110869914,-0.029067755,-0.0156035125,-0.040740374
TCGA-D8-A1JU-01A,0.027578466,-0.053750128,0.1605357,0.10172916,-0.023712765,0.19074488,0.07890286,0.032010924,0.071423955,0.029873947,-0.00048685964,-0.025152925,-0.08377105,0.13090181,0.061365474,-0.0906846,0.10021273,0.24582279,-0.087424316,-0.08201347,0.07916871,-0.035925254,-0.006241742,0.029097978,-0.025450237,0.064956665,-0.09804196,0.03947782,0.06375687,-0.15022366,0.038007624,0.025685346,-0.18807575,-0.23001997,0.039160058,-0.16236544,-0.14240882,-0.11201722,-0.06811303,-0.20101637,-0.08661254,0.058563452,0.049517326,-0.034509648,0.002936618,-0.12587422,0.08378316,-0.005433016,0.147689,0.16429143,-0.018955506,0.13167146,-0.0051425607,0.13724142,-0.092549205,0.050112776,0.0538867,0.06992281,-0.027472397,-0.0657783,0.08650931,0.099035665,-0.11969084,0.15241183,0.048337616,-0.12604624,0.20897734,0.00015303012,-0.13946512,0.06127383,-0.10446685,-0.10871774,0.022739131,-0.20123798,0.042855233,-0.09188063,0.038107518,0.09028198,-0.02783211,-0.022144364,0.05754995,0.0533322,-0.014074171,-0.023892011,-0.019153433,-0.03493422,-0.01430913,0.12923548,0.09236035,0.0018577862,-0.0644821,-0.11911241,-0.029835293,-0.051582742,0.22024621,-0.16569501,-0.16110776,0.0040773624,0.0438507,-0.09906626
TCGA-EW-A6SD-01A,-0.07936378,-0.003503015,0.06846904,0.24909677,-0.118125774,0.09445818,0.014864442,0.019657634,0.018588006,0.08768783,-0.019984597,0.04917362,0.025121465,0.11006288,0.139449,-0.07225539,0.06723951,0.14970496,-0.038859703,-0.07033005,-0.034512077,0.04746388,0.054800034,0.15265967,-0.06948935,0.1509641,-0.20953973,-0.027207414,-0.07061594,-0.039344847,0.05935596,0.051270436,-0.069213785,-0.22375603,-0.086056635,-0.25346422,-0.15775518,-0.026360994,0.0042529507,-0.07893864,-0.0985401,-0.03520963,0.09348206,-0.016896399,0.011476885,-0.121995606,-0.055276033,0.031005854,0.12720162,0.14525957,0.050615534,0.022445614,0.023676332,0.07809321,-0.112491414,0.023961496,0.1495687,0.050770406,0.0406713,-0.011712674,-0.059620075,0.03238815,-0.042276952,0.15102662,-0.09377128,-0.031225009,0.23841377,0.03777671,-0.04917022,0.10164564,-0.1425971,-0.09028543,0.033827532,-0.19294468,0.12571977,-0.102820575,0.06714397,0.18359867,0.07106542,0.012636841,0.07092356,0.018293768,-0.08917567,-0.039015632,-0.18507847,0.011130267,0.044869702,0.24697529,0.09299334,-0.04566578,0.11839708,-0.003254968,-0.06851129,0.0095355585,0.080559544,-0.07265126,-0.027345471,-0.034476385,0.06934809,-0.12593247
TCGA-E2-A14N-01A,0.00677607,-0.00907247,0.019571988,0.09324975,-0.032921057,0.085540034,0.043120988,-0.03129753,0.030555584,0.01547295,-0.0017967632,0.052527267,-0.0754438,0.06372322,0.054755393,-0.055302717,-0.041373473,0.13207641,-0.021980751,-0.008455792,0.11827067,-0.081391715,-0.0073337527,0.11381577,-0.09099634,0.08036598,-0.23745005,-0.09749097,-0.04730888,-0.015634535,-0.06342833,0.12153297,-0.15048403,-0.1342013,-0.07588689,-0.28506792,-0.13885902,-0.03336944,-0.03680378,-0.012895137,-0.016265472,0.10566287,0.1324619,-0.07299769,-0.07969305,-0.05492289,-0.093473904,0.10709229,0.15399615,0.22855753,-0.020345971,0.14325638,0.15675189,0.13885564,-0.102832764,-0.0049075275,0.04423401,0.07988653,-0.107351445,-0.015469183,-0.06117534,-0.077284984,-0.027914654,0.10734192,0.012653364,0.029393839,0.14514394,0.05237121,-0.14265886,0.0981243,-0.12500855,0.028545307,0.021708902,-0.19725977,0.17575516,-0.085684724,0.0015122013,0.065560386,-0.027043674,0.040809993,0.0992165,-0.039364614,-0.10224694,0.004792771,-0.013064602,-0.04834211,-0.053991072,0.116729565,0.24917884,-0.056296464,-0.006469453,-0.23231097,0.114900164,-0.028856538,0.08995795,-0.087494515,-0.18059306,0.0136949215,0.02651445,-0.13638826
TCGA-E2-A574-01A,0.035977054,0.012269992,0.21483059,0.046584584,-0.07793207,0.16641034,0.0655394,0.07227074,0.11237198,-0.024664763,-0.0068089627,0.00874758,-0.09797688,0.1276036,0.172254,-0.10219842,0.056716878,0.22264054,0.051589224,-0.05442433,-0.0054918793,0.038501572,-0.022660293,0.08800312,0.03525764,0.1134485,-0.2089423,0.0054021804,0.0014979973,-0.10335736,0.10213212,0.09716441,-0.077414505,-0.09692498,-0.2020323,-0.2458942,-0.05488496,-0.053496234,-0.08913149,-0.015613628,0.016018998,-0.013219123,0.05645514,-0.071013995,0.02815947,-0.043684803,-0.096231185,0.017566059,0.10802649,0.03943257,0.15409832,0.17072241,0.17781967,0.09485706,-0.063776225,0.108969174,0.062396023,-0.013752906,-0.006950913,-0.04312956,-0.05796858,0.050565228,-0.109522276,0.10053661,-0.050767098,-0.060519252,0.28366405,0.037755437,-0.04328039,0.08488893,-0.15880603,-0.10180852,0.0410343,-0.19894183,0.117985025,-0.11047132,0.07781396,0.01787189,0.0966512,0.058724426,0.051925555,0.008074824,-0.03521472,-0.042114116,0.021755712,-0.07152979,-0.043377817,0.15709122,0.16612574,-0.0778459,0.0034754279,-0.10228794,0.058714744,-0.065346986,0.005269855,-0.1464194,-0.0879155,0.11463253,0.078508876,-0.071319155
TCGA-C8-A274-01A,0.022627251,-0.036186352,0.12119706,0.19029883,-0.0071658255,0.22896194,0.11471107,0.0041620033,-0.01053107,-0.038403664,-0.08523175,-0.047409438,-0.07079711,0.081975915,0.19328861,-0.15404163,0.046328038,0.15824544,-0.03955215,-0.031085288,-0.013103666,0.05378925,0.02798054,0.1670478,-0.022257136,0.011012562,-0.2147682,-0.022023953,-0.081217915,-0.030538615,0.04815757,0.016921423,-0.17763798,-0.027768133,-0.13210292,-0.15111148,-0.08379074,-0.040433086,-0.12169976,-0.06041359,0.035653163,0.07139312,0.13750602,-0.080296434,0.018298112,-0.07423527,0.013124236,0.16771077,0.006398353,0.08132471,0.023388715,0.16259459,0.09071176,0.099708274,-0.06902734,0.0021195286,0.093918286,0.08517401,-0.06468921,0.03908839,-0.101637095,0.01108382,-0.11290014,0.17537178,-0.0069140275,-0.120523214,0.16605468,0.07888189,-0.11161718,0.087448984,-0.023660557,-0.047127448,-0.000706025,-0.25279582,-0.028725157,0.0142103685,0.011957592,0.15959029,0.044069353,0.0016896174,0.076939695,-0.07727011,-0.09399147,0.028459566,-0.10718584,0.0012775331,-0.059109192,0.2575894,0.22526027,0.042430058,0.06641046,-0.12651265,0.0021167235,0.014458804,0.16032127,0.01637258,-0.03219579,0.08371466,0.027747774,-0.07987122
TCGA-B6-A2IU-01A,0.061372466,0.077025965,0.19574974,0.09187802,-0.049590163,0.12064865,0.027808007,0.08229228,-0.050333083,0.011607869,-0.026469762,0.06675666,-0.16807142,0.19127461,0.13514215,0.010251357,0.05772048,0.18944566,0.0803472,-0.13677803,-0.03400745,-0.019039726,-0.009538924,0.19747077,0.0112054115,0.04663749,-0.22696503,-0.050578557,0.020353286,-0.06849672,0.07151366,-0.016481798,-0.092962384,-0.23517312,-0.06832818,-0.16520526,-0.06865728,-0.111573294,-0.029355807,-0.06826027,-0.11897038,0.05437029,0.10484603,-0.09615092,-0.06969905,-0.033097066,0.020218529,0.08185857,0.036267918,0.07539685,0.12499066,0.098560266,-0.019945152,0.15600784,-0.03098656,-0.0010868527,0.13123664,0.06773743,-0.01915714,-0.0036611417,0.048818532,0.11522028,-0.1537567,0.0983546,0.054038696,-0.1283762,0.15108791,-0.020165784,-0.11592754,0.10092112,-0.14706051,-0.079871796,0.033585433,-0.13119313,0.015239851,-0.07523314,-0.083917774,-0.02643991,0.016586326,0.071799584,0.008901157,-0.12106642,-0.1293401,0.015761705,-0.08723985,-0.053991143,0.014706209,0.11505225,0.18355733,-0.02067335,-0.07572746,-0.2067665,0.004783343,0.0017629496,0.18967062,-0.11575351,-0.18394023,-0.0029889878,0.019429762,-0.06561247
TCGA-D8-A1JA-01A,-0.04804619,-0.043559857,0.1183457,0.22852746,-0.027590403,0.060176082,0.093918614,-0.058610346,0.081532314,0.020795148,-0.023744695,-0.019597635,0.008598086,0.1652052,0.16718073,-0.049339682,-0.019144915,0.16001192,0.036246795,-0.019903293,-0.039741337,0.03526819,-0.06949785,0.18635796,0.07430368,0.14140923,-0.16331118,-0.089706704,-0.043850727,0.0025413171,0.14847268,0.032736294,-0.07870346,-0.19903822,-0.15219194,-0.2022171,-0.14178805,-0.029901892,-0.028443249,0.022788169,-0.099572524,0.09503614,0.012982297,-0.015062487,-0.05006057,-0.00022985016,-0.09653772,-0.032143794,-0.0059011136,0.0019118628,0.06495221,0.07003081,0.05224738,0.06138985,0.014404782,0.0031718137,0.1865511,0.058525674,-0.04338914,0.1309895,-0.020632409,0.000799011,-0.057412732,0.1833761,0.0755511,-0.063053004,0.10086616,0.15631452,-0.11621547,0.06315826,-0.12560311,0.036168862,0.00499173,-0.27248445,0.12569152,-0.12286477,0.022488056,0.16448897,0.09735045,-0.056293074,0.10254352,0.07466789,0.027102076,-0.091314,-0.029219285,-0.06006264,0.0022862002,0.17901823,0.18083125,0.016145209,0.018269427,-0.1731692,0.03587821,0.07293204,0.15546682,-0.10832156,-0.08160339,0.032857593,0.051071912,-0.12188086
TCGA-A1-A0SP-01A,0.058127042,0.14460793,0.21870948,0.26595822,-0.056366526,0.05934239,0.020869076,0.09381919,0.030247116,-0.07340078,0.00966725,-0.011791472,-0.071644925,0.13279535,0.15458892,-0.03970987,0.06948275,0.12225599,0.034803472,-0.03333394,0.029773867,-0.031836174,-0.051371723,0.037550803,-0.08854141,0.091719486,-0.026879666,0.06958312,-0.11137666,-0.018804999,0.021415869,0.08376311,-0.030090138,-0.112193026,-0.077606656,-0.2441198,-0.09147915,-0.06484866,0.019826319,-0.028096067,-0.10580711,-0.038188096,0.047441375,-0.09219635,-0.01633079,-0.05908876,-0.043178115,-0.027943436,0.058616932,0.18864013,0.060537115,0.15420601,0.024984905,0.23721969,-0.10370736,0.044477187,0.21828046,0.08129048,-0.18119086,-0.05191379,-0.024292886,0.08402662,-0.06424625,0.048497833,0.050844055,-0.15033329,0.1340336,0.08033783,-0.1869711,0.08692037,-0.1279903,-0.076902814,-0.027322114,-0.17061478,0.12492502,-0.14609891,0.022396084,0.16521284,-0.01953902,-0.030442294,0.063643225,-0.02949055,-0.06888133,0.063252784,-0.06354602,-0.09192601,0.063467406,0.057280798,0.11466971,0.05176969,0.05558534,-0.11102605,0.051920958,-0.054103874,0.05600845,-0.15919366,-0.17793758,0.049388476,0.026612965,-0.09852112
TCGA-GM-A3NW-01A,0.02452709,-0.062404923,0.1519143,0.13592799,-0.053665973,0.103587106,0.0154382745,-0.058222227,0.060424652,0.016384201,0.0055437307,-0.012606466,0.001469144,0.12710895,0.11225084,-0.03783406,0.08422206,0.24167325,-0.13474768,-0.041831873,-0.027216882,0.11735643,-0.0009798475,0.19311482,-0.0043195593,0.099878535,-0.072122164,-0.049673308,0.029130306,-0.08945835,0.010020573,0.097936444,-0.14162076,-0.14319174,-0.07511805,-0.25495133,0.021318499,-0.077411816,-0.17269856,-0.063087076,-0.011500041,0.0852668,0.003208603,-0.1175634,-0.0028070698,-0.13132595,-0.088405795,0.10708557,0.02948315,0.13187912,-0.001943308,0.13468899,0.22060569,0.116417356,0.016210644,0.05419923,0.098552495,-0.08034809,-0.016539391,0.06478523,-0.0052269516,0.051244706,-0.018860966,0.20018125,0.039675355,-0.08219332,0.18742858,0.054218385,-0.008529136,0.026513744,-0.14244176,-0.10700595,0.018049492,-0.20094799,0.018626241,-0.0017439612,0.02677665,0.20463541,0.047017485,0.005402642,0.15594858,-0.013836354,-0.15048866,0.041591555,-0.05156743,-0.04732096,-0.07462524,0.16936709,0.12612815,-0.018034132,0.09224607,-0.20884182,0.034436934,0.06937018,0.13794656,-0.0553665,-0.057634715,0.035572194,-0.006945685,-0.016961886
TCGA-C8-A1HG-01A,0.020814752,-0.024269251,0.18237944,0.032106377,-0.00044729066,0.09485185,0.034763698,-0.0010635009,0.08375644,0.0121644465,0.08587904,-0.10006474,0.065423064,0.11840116,0.20734784,-0.019653644,0.022624813,0.19893938,0.023073612,-0.038234558,0.04287357,-0.015931362,-0.043517366,0.14699621,-0.056197394,0.15690756,-0.14334705,-0.18962552,0.0026262554,-0.13062936,0.058818616,0.05450299,-0.22070818,-0.04831659,-0.08819199,-0.28726703,-0.11225855,0.04146827,-0.06552156,-0.020705262,-0.06176923,-0.06626034,-0.055347662,-0.10982299,-0.058779363,-0.07638342,-0.032772675,0.07413851,0.1889172,0.16904648,0.13197938,0.03048611,0.0062632384,0.05458815,0.003647667,-0.0076037105,0.059491627,-0.020698825,-0.05415061,-0.031355742,0.01032009,0.0438429,-0.064988956,0.1079411,-0.024208615,-0.15711118,0.122724995,-0.017548583,-0.09088713,0.04000747,-0.16482455,0.0075527383,0.07372082,-0.16990036,0.12701239,-0.047907475,0.049492717,0.09288769,-0.013464974,-0.019277858,-0.00089742546,0.006512655,-0.03406112,0.046853155,-0.049761143,-0.091536745,-0.09875435,0.12635094,0.15857565,0.057686497,0.025597552,-0.23754802,0.00644787,-0.0054426217,0.1584816,-0.0751256,-0.08589422,0.11080074,0.11091686,-0.22652403
TCGA-A2-A1FX-01A,0.0012502242,-0.031058613,0.091078244,0.17652045,-0.09430143,0.09039395,0.029697273,-0.056969997,0.0032926272,-0.05513624,-0.12908316,-0.052982487,-0.06953806,0.12163323,0.121403836,0.031073553,0.049766827,0.119308494,-0.09521885,-0.0014918924,-0.013568387,0.044459872,0.028109936,0.11804935,0.020050142,0.20384394,-0.15031707,-0.035402257,-0.0076099234,0.057780813,0.069763355,0.08755526,-0.06398111,-0.18216488,-0.055410422,-0.20051077,-0.052816648,-0.1382435,0.022465875,0.045921315,-0.03328928,0.029099632,0.14744107,-0.13639718,0.009372853,-0.091715515,-0.1043149,0.13310993,0.09735639,0.1281069,0.0073529487,0.07291559,0.05608332,0.07140317,-0.08017138,-0.04025747,0.21635963,0.03516188,0.0144524565,0.10636377,0.103392966,0.029438654,-0.1676806,0.11378999,-0.10622275,-0.057219528,0.14532323,0.10591793,-0.14387557,0.02420614,-0.19432649,-0.007461467,-0.0443859,-0.23221785,0.14553976,-0.031200053,0.00020293747,-0.017856272,0.071084,0.05246912,0.0895927,0.02853778,0.021370096,0.07263949,-0.023316778,-0.119109854,-0.17851716,0.15219569,0.13554925,-0.01964866,0.02142015,-0.15854396,-0.02369353,-0.020040171,0.15274571,-0.06118125,-0.11498817,0.08313579,0.11737531,-0.17061847
TCGA-A2-A0T2-01A,0.021022214,-0.043558322,0.17455679,0.15289898,-0.14006811,0.13460147,0.029767452,-0.051794775,0.058356825,0.04370778,-0.07841854,-0.08049501,-0.06393525,0.02394239,0.05305478,-0.08848681,0.04497168,0.18732686,-0.0060694823,0.032121666,-0.017132936,-0.016649926,0.031644505,0.08976152,-0.016356759,0.026488638,-0.09089179,-0.024721915,-0.037735533,-0.12750496,0.10159373,0.10733291,-0.08776678,-0.12775509,-0.17605929,-0.15301827,-0.09612039,-0.11474151,-0.068266146,0.049757365,-0.07511983,-0.014352792,0.16858876,-0.09753523,-0.12008765,-0.12300269,-0.012650685,0.021582928,0.096895084,0.07243994,-0.005576723,0.14832018,0.014103521,0.069268644,-0.11995415,0.062969,0.16315237,-0.0045710537,-0.0042261845,0.037311364,-0.007398936,-0.01702619,-0.06227314,0.18353775,-0.012279441,-0.08251546,0.22169499,0.041644685,-0.10917646,0.084969975,-0.11046222,-0.12016088,0.099845625,-0.1758704,0.15502767,-0.06521703,-0.054774355,0.05065947,-0.02620785,-0.025180796,0.06944323,0.013329224,-0.068091735,0.038352873,0.02920633,-0.11355859,-0.061670765,0.16746125,0.20490058,-0.019308327,0.12788042,-0.21779467,0.026411662,0.07118248,0.12684447,-0.06380663,-0.050167833,-0.09633628,0.17257056,-0.23263645
TCGA-UU-A93S-01A,-0.034927465,0.051608905,0.15471093,0.038643174,-0.07918721,0.054355774,-0.051849976,0.0039214673,0.13358836,-0.0139253605,0.007469567,0.05797388,-0.11385242,0.17734322,0.19950907,-0.03187721,-0.07720429,0.1327718,0.016299717,-0.028808452,0.08130781,-0.050985288,-0.0028936781,0.051739126,-0.0022543205,0.06454573,-0.12608291,-0.12135827,-0.042896077,-0.04895322,0.0429236,0.06616402,-0.09437798,-0.19825506,-0.121350296,-0.15900484,-0.06154341,0.028555235,-0.15266906,-0.020218162,-0.157384,-0.0073398864,0.03114071,-0.06870895,-0.065794654,-0.033925243,-0.067628786,0.016460823,0.055721354,0.13392888,0.08743513,0.1848906,0.078328714,0.17069852,-0.16391876,-0.03654954,0.06717538,-0.008336837,-0.05960783,0.03147229,-0.044082817,0.042325098,-0.03131302,0.14322133,-0.005413396,-0.0675663,0.21553937,0.039096404,-0.13765639,0.04607057,-0.15219143,-0.10717011,0.0851178,-0.12986341,0.15566751,-0.10411384,-0.016003435,0.048586845,0.13008076,-0.10184096,0.07731213,0.052501906,-0.09191726,-0.006877286,0.009230566,-0.1413962,-0.0390959,0.12540609,0.19659077,0.0980688,-0.0047013,-0.15298153,0.015365163,0.02109173,0.24203342,-0.061782125,-0.14964089,0.12981124,0.10109928,-0.12636182
TCGA-E9-A2JS-01A,0.053752407,0.045727093,0.10262057,0.11468372,0.011552155,0.05511357,0.04467888,-0.0058415458,0.07134043,-0.037442982,-0.054212272,-0.063350365,-0.1534252,0.13639909,0.037810575,-0.0728837,0.13119702,0.07272359,0.05749869,-0.030730302,0.060032725,0.008143551,0.046035364,0.16763379,-0.012069304,0.12909217,-0.1889392,-0.012689712,-0.059500434,-0.08441155,0.0328386,0.15867653,-0.13121706,-0.18943645,-0.09341627,-0.2273002,-0.0884683,-0.09237371,-0.009522953,-0.034006502,-0.067439504,-0.03579493,0.093749866,-0.09815687,-0.09834713,-0.21040913,-0.057009388,0.12883222,0.2143182,0.09744516,0.12815033,0.13145372,0.09823362,0.13606225,-0.025936116,0.057340477,-0.008001557,-0.10402836,-0.13200116,0.034401014,-0.060843788,0.09682723,-0.029030165,0.20225644,0.028116655,-0.054474607,0.11322499,-0.002804642,-0.12612648,0.082983665,-0.17141126,-0.06622255,0.062326293,-0.18507235,0.047656495,-0.11091667,-0.022058766,0.1332508,0.055196557,0.009837342,0.076866895,0.019102935,-0.07229338,0.035721656,6.621942e-05,-0.014100528,0.035638466,0.115263544,0.26906174,-0.09057892,-0.024671467,-0.15408863,0.09268766,-0.03965077,-0.02168092,-0.028047612,0.0022314626,0.07266598,0.079736,-0.1267321
TCGA-S3-A6ZF-01A,-0.06532744,-0.05899608,0.14752892,0.08389323,0.013996939,0.08153513,-0.015610528,0.007531172,0.08907116,0.048449155,-0.09070514,-0.05678339,-0.05653736,0.07995154,0.08803732,0.020341003,0.1601065,0.2052969,-0.041057546,-0.012393905,-0.07224792,0.009324183,-0.06759521,0.06009784,-0.046301045,0.14872785,-0.14454146,-0.020363925,-0.008236127,-0.065158576,0.05966585,-0.0065244525,-0.044826534,-0.17911087,-0.11403707,-0.26447886,-0.004959629,0.026056036,-0.1277028,0.051502872,0.01452732,-0.033921987,0.054513246,-0.10634695,0.018982226,-0.09084706,-0.080539025,-0.03843668,0.042201877,0.14687808,0.12263242,0.09014379,0.15357159,0.07200635,-0.07815243,0.10802446,0.13939458,-0.049508754,-0.028508313,-0.0040162955,-0.05776625,0.09840639,-0.09283636,0.14929278,0.009704234,-0.057604466,0.3148245,0.030655475,-0.0905323,0.058871575,-0.06077865,-0.08974753,0.022195349,-0.21601239,0.10681465,-0.069624186,0.07268779,0.10759466,0.060044568,-0.035619352,-0.046861228,-0.02629028,-0.11048837,-0.027450128,-0.11103281,-0.15402338,-0.05457059,0.07009389,0.2772862,0.0252276,0.065658174,-0.16852859,-0.082827754,0.07625744,0.06471432,-0.13263084,-0.14705727,0.034896404,0.0013197527,-0.11064578
TCGA-E2-A1LK-01A,-0.02630256,0.022667782,0.095917664,0.12244287,1.759753e-05,0.09350988,0.17613538,0.05463466,0.027996441,0.057056915,-0.025227748,0.026443733,0.037029687,0.23320828,0.11864092,0.010853752,0.16250408,0.19102737,-0.0801323,-0.10300498,-0.003973679,0.09348352,-0.05572126,0.22616115,-0.0030213178,0.07026985,-0.24813804,-0.014256405,-0.026709804,-0.12232652,0.033981208,0.017355096,-0.14093272,-0.161785,-0.13115448,-0.2296672,-0.056924034,-0.06731146,-0.05275058,0.023230901,-0.061872642,0.011224346,0.11305908,-0.1938202,-0.10965729,-0.08977063,-0.02313756,0.061644513,0.053874213,0.105049714,0.10132368,0.11234743,0.059673592,0.032087665,-0.0032225463,0.0007872366,0.0055993088,-0.014950609,-0.009177296,0.011915603,-0.11203518,0.020885445,-0.05503545,0.024496682,0.053817518,-0.08753671,0.15121202,0.04176539,-0.076474875,0.062014878,-0.12363442,-0.06190517,0.12812227,-0.1773209,0.14003184,0.01878186,0.0303958,0.1511285,0.094935074,0.024936225,-0.020597843,0.0973537,-0.09393569,0.022458749,-0.043731168,-0.12199487,-0.03937859,0.25830218,0.13467805,-0.057127252,0.049101762,-0.15335405,0.02096196,0.028242083,0.078499645,-0.0008602631,-0.16178277,0.09327664,0.03965921,-0.06878138
TCGA-E9-A1RG-01A,0.00046071285,0.07021617,0.20604521,0.13787855,-0.052296855,0.08561249,0.011604619,0.06165034,0.0638548,0.0039584963,-0.066371135,-0.0077168806,-0.11883159,0.07551926,0.103651755,-0.02296964,0.06419693,0.06824891,-0.051153585,-0.09358679,-0.014339098,-0.008856115,-0.07463991,0.16816792,-0.049064044,-0.001943759,-0.14241615,-0.051869836,-0.102004625,-0.064983055,-0.047849063,0.108817816,-0.0808808,-0.17315839,-0.14185512,-0.107925855,-0.09070474,-0.063861154,-0.10073145,0.03792692,-0.042435735,0.0009908993,0.046451688,-0.05019925,-0.06641597,-0.1091283,-0.038747333,0.074444786,0.20712164,0.15232198,0.0559761,0.066911235,0.15120277,0.113996394,-0.1462042,0.07943348,0.1193638,-0.0961767,-0.12583198,0.08004242,0.06986159,0.02144271,-0.1379423,0.055375323,-0.016129334,-0.13601978,0.2421036,0.003168398,-0.06398148,-0.0042834487,-0.12931058,-0.06972979,0.03590556,-0.1901741,0.1837901,-0.11395821,0.054983616,0.1354787,-0.0042441366,-0.07967672,0.07020046,0.034774408,-0.084618926,0.085408896,0.035299882,-0.050007712,-0.049917202,0.051633663,0.189108,0.014544593,-0.06621132,-0.17067452,0.10231566,-0.0066364845,0.17850241,-0.10845205,-0.087516814,0.014889638,0.17739838,-0.17760165
TCGA-A2-A0T1-01A,0.049565874,0.08782729,0.093419746,0.07139266,-0.052065313,0.11784086,0.092520714,0.062477443,0.07981402,0.025823424,-0.0018688154,0.023041995,-0.018530926,0.19986735,0.11159654,-0.07323218,0.032146268,0.085946,0.0246645,-0.05441619,0.024529167,0.012634603,-0.014782347,0.048774753,-0.09113708,0.17701386,-0.19917583,-0.054081246,0.0123024685,-0.11413862,0.016099159,0.09349489,-0.095446795,-0.1158711,-0.1676658,-0.24362844,-0.1411159,-0.08763724,-0.032718644,0.03687632,-0.0977281,-0.00045113073,0.028030356,-0.010424439,0.0006125314,-0.077160984,-0.043032676,0.0237003,0.109598055,0.1197457,0.04878667,0.11517254,0.06539097,0.04324293,-0.03949427,-0.011737131,0.06982878,-0.056194507,0.05155886,0.0073236204,0.015525874,0.073866665,-0.16529262,0.19416848,0.05903528,-0.027055612,0.22937948,-0.07290176,-0.15305941,0.031753033,-0.08514197,-0.084681645,0.13922168,-0.22650132,0.19326797,-0.08102351,-0.0426572,0.04923309,0.013719717,-0.08899381,0.13637242,0.004609256,-0.12724888,0.030456688,-0.04509932,-0.10841405,0.025129136,0.16915256,0.16353153,-0.12339316,0.10702079,-0.19070557,0.06553199,-0.025161142,0.16595007,-0.09410408,-0.16722302,0.06591695,-0.02037854,-0.02816134
TCGA-AR-A0U2-01A,-0.053305507,0.04666415,0.24407923,0.0982358,-0.08347378,0.09881043,0.047173604,-0.047015857,0.05003679,0.040160235,-0.033494897,0.02210277,-0.02827322,0.13127232,0.06517923,-0.102698185,0.15626813,0.14759478,-0.04323766,-0.03163828,-0.017833492,-0.022777516,-0.0036524546,0.16860929,0.05129413,0.16785806,-0.1499679,0.0278671,0.0120289475,-0.08263514,0.06657025,0.055585314,-0.10795878,-0.016863689,-0.16759853,-0.28173533,-0.20896785,-0.10923493,-0.045130927,-0.07421004,-0.05359479,0.089228086,0.05801891,-0.011109287,-0.05647316,-0.05925874,-0.08137718,0.024068633,0.09416086,0.18600355,0.11384768,0.1440706,0.052788988,0.074967995,-0.10147955,0.15475067,0.11901676,0.007516839,-0.042730477,-0.010140682,-0.06226696,0.11917353,-0.08342957,0.038554315,-0.12015825,-0.11140226,0.079928674,0.110046074,-0.13078083,0.0612611,-0.14553335,-0.08375509,0.100352824,-0.13525401,0.07199651,-0.043362916,-0.038511775,0.10930089,0.095486194,-0.03894791,0.051795635,-0.028671892,-0.09267468,-0.045381643,0.06824667,-0.019778704,-0.11215997,0.1045561,0.10989933,-0.036431015,0.03217222,-0.21660616,0.1720329,-0.07599209,0.119984254,-0.071984105,-0.119862705,0.1276755,-0.044666626,-0.0159279
TCGA-EW-A1IW-01A,0.03346633,0.05364028,0.15497948,0.12227458,-0.07302976,0.06736645,-0.009524096,0.047738302,0.07255358,-0.07407028,-0.08272725,-0.018056676,-0.10319075,0.14459296,0.06455204,-0.10033234,0.038148675,0.16699369,-0.024794616,-0.15326414,-0.06910126,0.04242975,-0.07261082,0.09577716,-0.037358165,0.12549147,-0.15922946,-0.057565566,-0.11092865,-0.037740603,0.1311824,-0.035584893,-0.08334241,-0.07272004,-0.072707176,-0.20809673,-0.18589517,-0.04048086,-0.02088569,0.010080746,-0.017804138,0.013654991,-0.0056137186,-0.05810283,0.00022003464,-0.039571293,-0.06512891,0.10125931,0.10280941,0.12368103,0.11380523,0.13482887,0.0056908187,0.24832153,-0.097201586,-0.005919974,0.19462793,0.074173346,-0.07314837,0.0141198365,0.030320346,0.09651867,-0.13154086,0.13939984,0.13677602,-0.014709721,0.10895878,0.10727205,-0.14144224,0.13841723,-0.14032827,-0.037582986,0.076002635,-0.2198841,0.13403735,-0.116240725,0.026860617,-0.0654632,0.045099005,-0.020918416,-0.06017551,0.036548086,-0.073790535,-0.05199631,-0.05824482,-0.13107137,-0.09695328,0.11560948,0.1260831,-0.059443403,0.032625094,-0.12851396,-0.0002621937,0.100186385,0.10295621,-0.12412434,-0.19457379,0.009341077,0.08834516,-0.12682934
TCGA-D8-A27G-01A,0.057745554,0.09059293,0.09985527,0.094208166,-0.034006324,0.066065624,0.042922378,-0.06188254,-0.074218586,0.07828972,0.045826077,-0.07329317,0.040770084,0.14059332,0.12622708,-0.11010857,0.08598928,0.17539556,0.050316814,-0.13004188,0.002459011,0.09351071,-0.006988222,0.13613288,0.00048528498,0.12127449,-0.09387095,-0.022729035,-0.08889305,0.0068924865,0.050773695,0.071558125,-0.13985941,-0.21178843,-0.1193403,-0.13647817,-0.10574154,-0.007966483,-0.11088212,-0.0600359,0.041123148,-0.012795599,0.10714311,0.01914267,-0.047185812,-0.21203558,-0.14134881,0.02675617,0.0694313,0.1386394,0.10247323,0.022358282,0.021623218,0.16588636,-0.018570798,0.052449126,0.091240786,0.09361204,-0.03889774,0.014121167,-0.047416236,0.023340806,-0.083680406,0.118616976,-0.03315012,-0.10758055,0.15081148,0.1582665,-0.16844366,0.08385523,-0.06022626,-0.033670463,-0.006424957,-0.16335732,0.12014222,-0.084806204,-0.0038230699,0.08453102,0.14780119,0.012592143,0.0678407,0.013644358,-0.11906779,-0.001905893,-0.10627837,-0.028079728,-0.04536883,0.14805004,0.18506996,-0.18116674,-0.07690388,-0.11811149,0.033153847,0.014162835,0.13745745,-0.16811396,-0.22198977,-0.08386288,0.10166725,-0.12324325
TCGA-AR-A1AN-01A,0.04544773,-0.07838962,0.24726409,0.17154455,-0.09974362,0.19308752,0.11712294,-0.030404486,0.001145518,0.13088784,-0.046791185,-0.065396935,-0.08450992,0.16522925,0.08822634,-0.053287692,0.052172545,0.21806492,-0.07648464,-0.10825772,0.024366712,-0.0018322528,-0.013439473,0.092993,-0.08005719,0.15923218,-0.20198454,-0.040377196,0.022432184,-0.06734075,0.090987824,0.11477589,-0.16733679,-0.14875787,-0.029604865,-0.13003045,-0.093942,-0.053554244,0.017101612,-0.026057359,-0.0509422,-0.0075362013,0.02527562,-0.055430472,-0.025547517,-0.05783411,-0.07345184,0.07447396,0.023797967,0.20513171,0.12680268,0.088698484,0.15302832,0.19677036,-0.122891925,0.0058158496,0.151135,-0.08576784,-0.056498077,-0.0181348,-0.04568036,-0.10822343,-0.12045555,0.15957443,0.046614997,-0.05525898,0.09824728,0.034715798,-0.17096898,0.07073198,-0.08804741,-0.1694757,0.06770672,-0.11462368,0.07910746,-0.014722622,-0.01767676,-0.0143405525,0.053992327,-0.05187609,0.103770345,0.06357023,-0.0232269,-0.073075525,-0.030373702,-0.08871783,0.06866501,0.1721949,0.15998802,0.019838063,-0.055802435,-0.04096219,0.060376883,-0.028327987,0.11225258,-0.068088956,-0.04787201,0.089509964,0.055168167,-0.11277679
TCGA-A2-A25E-01A,-0.044780955,0.13746196,0.24207982,0.13627386,-0.030709729,0.13978083,0.07669672,0.08593273,0.02260626,0.028660385,-0.023017567,0.0005333838,-0.068059154,0.18285961,0.060994495,-0.008630035,0.07522205,0.18176244,-0.022559404,-0.021850115,0.014040448,0.04494393,0.035334174,0.15986046,0.03998457,0.15369657,-0.21929663,0.004647573,0.074268766,-0.12828062,0.050259043,0.066037975,-0.16883181,-0.10402008,-0.043528996,-0.20578855,-0.123613834,-0.14212365,-0.024040893,0.012987815,0.0509451,0.052642502,0.06813961,-0.004890083,-0.062370118,-0.17227973,-0.071942635,-0.0067220093,0.042796075,0.044369042,0.06365301,0.06614695,0.117410354,0.14411052,-0.10469324,0.049641598,0.17533466,0.053896014,-0.1278517,-0.02657281,-0.018449439,0.07939456,-0.08390196,0.24058113,-0.034564342,-0.12520006,0.08429234,0.04865236,-0.109486334,0.09481143,-0.039935783,0.032516386,0.12799913,-0.16551964,0.1302517,-0.040288407,-0.085904226,0.10777403,0.1075274,-0.12283615,0.133759,0.031899057,-0.0074072187,-0.0053785504,0.013644174,-0.020571806,-0.053789817,0.13383967,0.08633226,-0.014853681,0.049971864,-0.22010525,0.017300775,0.08675181,0.03988429,-0.0480543,-0.11964621,0.10269289,0.07890499,-0.051421087
TCGA-D8-A1XG-01A,0.01680951,0.08636437,0.19613543,0.18901846,-0.10224735,0.13469826,0.13620119,0.027665397,0.02137885,0.024955517,-0.037489712,-0.062270377,0.013246657,0.13821141,0.082838796,-0.110353485,0.086025305,0.11826051,-0.051433563,0.021881,0.01667186,-0.12941508,0.024132926,0.10433042,-0.04424419,0.16329142,-0.15300073,-0.06771432,-0.092660435,-0.04820729,0.069096126,-0.06045525,-0.13671903,-0.17947662,-0.072080694,-0.1557252,-0.12460417,-0.026214425,-0.10613095,-0.020182097,0.021637378,0.036428478,-0.06625248,-0.09946391,0.011814624,-0.073756926,-0.08306348,0.07721619,0.037734635,0.071850546,0.0860857,0.14778084,-0.06950235,0.11823354,-0.14498031,-0.00067778106,0.13133882,0.04156861,-0.13926399,0.013523904,0.04869864,0.072869994,-0.09220023,0.11686008,0.029524826,-0.17168705,0.17319489,0.12671983,-0.11199936,0.0075415354,-0.1812904,0.012204156,0.08170946,-0.21903008,0.1201818,-0.0068371636,-0.032905433,0.014794781,0.072830334,-0.05848092,0.111119375,-0.06068848,-0.1501939,0.051122185,-0.00093713164,-0.14266604,-0.09363237,0.1528123,0.12803884,-0.016517527,-0.025647504,-0.18391266,0.096637964,0.0024593025,0.12713207,-0.061672304,-0.085949816,0.14651144,0.057056345,-0.047599815
TCGA-AC-A23H-01A,0.038466074,0.0012173459,0.08755999,-0.0071329107,-0.054625254,0.08947372,0.060284514,-0.0032910707,0.03490213,0.043221597,0.0015988721,0.032532502,-0.046308283,0.11701052,0.12269508,-0.042298686,0.055064656,0.19442046,0.001296549,-0.049601033,0.0431406,0.02532038,-0.04079877,0.1594081,0.056606118,0.02642955,-0.19167875,-0.12834609,0.002364451,-0.032920633,0.10220589,0.03984231,-0.12690622,-0.14275992,-0.122187756,-0.2981723,-0.15829226,0.0667573,-0.07146389,0.011775477,-0.05391538,-0.12103443,0.08006723,-0.0055044284,-0.06760219,-0.17906547,-0.002757786,0.093769416,0.062197216,0.10674124,0.106103234,0.13436933,0.098365724,0.12685794,-0.08052679,0.09268197,-0.03530183,0.038002845,-0.020693252,0.07892483,-0.019776309,0.06158683,-0.1946177,0.13828127,0.04362694,-0.0834556,0.26533073,0.043890916,-0.17420658,0.033221837,-0.12553987,-0.06783869,0.098250724,-0.14773032,0.050969172,-0.051703196,0.0062098196,0.14189896,0.0032825186,-0.031107811,0.15277912,-0.013535554,-0.063641764,-0.11993595,-0.045579188,-0.007081667,-0.084998325,0.15398008,0.15884961,-0.11371982,0.10954986,-0.12634312,0.03018967,0.073239475,0.061637256,-0.09460975,-0.080906935,0.096015975,0.12807514,-0.1118692
TCGA-S3-AA12-01A,0.0063279443,-0.017168414,0.08996814,0.12266683,-0.047633063,0.1410803,0.0751065,-0.010498151,-0.07905867,0.0074885334,-0.023735901,-0.11040318,-0.03432611,0.0991136,0.11414814,-0.10014899,0.15885545,0.101154335,-0.012274438,-0.06716636,-0.025702942,-0.06878654,-0.005883907,0.10761525,0.08991441,0.09089273,-0.22598557,-0.026894344,-0.166504,-0.12424642,-0.08119366,0.1328016,-0.13892576,-0.1758242,-0.06766172,-0.24136052,-0.14787011,-0.04903693,-0.14245073,0.015881527,0.03645585,0.030426178,0.06908243,0.078951776,-0.108702034,-0.033403594,-0.048525542,0.052107066,0.10222171,0.17296867,0.13875577,0.117407635,0.039853375,0.16817719,-0.09822791,0.041216098,0.13588072,0.018383075,-0.12298892,-0.009426276,-0.06495324,-0.018708551,-0.051015887,0.20862432,-0.038159326,-0.0577331,0.20637132,0.038233712,-0.063744165,0.01576385,-0.08450869,-0.016034598,0.10718366,-0.23177275,0.09585279,-0.039640665,-0.040461116,0.08953422,0.08027981,-0.02808073,0.04930886,-0.04354556,0.01165944,-0.00761551,-0.12482401,-0.0872566,-0.053764142,0.0743476,0.1568098,0.021179447,0.023249693,-0.18359028,-0.00076059997,-0.018830057,0.13267566,-0.197371,-0.052639812,-0.025457622,-0.065149814,-0.030892242
TCGA-E2-A573-01A,-0.0649473,0.036072396,0.1900907,0.10877854,-0.12951238,0.09738608,-0.045997057,0.12893118,0.08009712,0.056288406,0.029371152,-0.005844691,0.06264271,0.08408611,0.041688435,-0.023116987,0.09985304,0.23453826,-0.03209466,-0.01800758,-0.04252334,0.0014462954,-0.0657133,0.15177386,0.009821071,0.21509442,-0.17596436,-0.027789408,0.0033314214,-0.09899073,0.008222219,0.06623828,-0.16543746,-0.13949047,-0.10987566,-0.25645474,-0.08982408,-0.010307005,-0.002050004,-0.05360885,-0.010873665,0.090452224,0.053789977,0.024219994,-0.083321534,0.007896713,-0.09275538,-0.038949393,0.1498441,0.23841423,0.11038397,0.082016595,0.057008415,0.032746464,-0.07083583,0.066319145,0.17202838,-0.029825257,-0.10840488,-0.020856703,0.017610796,0.10281124,-0.11252727,0.10011657,0.19882748,-0.06647984,0.15783004,0.080691636,-0.13879035,0.06727957,-0.10151966,-0.033450395,0.00011971363,-0.18711689,0.10916804,-0.06629627,0.056826353,0.09771187,0.10656485,-0.044890262,0.015039012,-0.014637941,-0.13437037,0.034267195,-0.01758647,-0.02918484,-0.049976196,0.2350599,0.15565574,0.017551983,0.017678376,-0.101719104,-0.10964102,-0.0074711144,0.11395526,0.04456133,-0.054390073,0.023683079,0.015815554,-0.06667038
TCGA-E9-A1R5-01A,-0.034236252,-0.0020225495,0.18977918,0.0035648947,-0.009969964,0.15507019,0.04388503,0.046876524,0.0009752792,0.029344613,-0.0008191873,0.03025762,-0.033010915,0.120242216,-0.0062684505,-0.2075971,0.10820418,0.14547528,-0.049102794,-0.1400626,0.08216787,-0.023045896,-0.06331541,0.13530314,0.010061061,0.08628481,-0.22553608,-0.060323924,0.034795344,-0.0066358224,0.064595416,0.059340153,-0.12834035,-0.19335857,-0.09637993,-0.17044504,-0.12262878,-0.039104667,0.030768204,-0.02480464,0.058851402,0.07329764,0.081250355,-0.15857065,-0.0134356925,-0.16866358,-0.061120134,0.05389977,0.117323555,0.19222035,-0.023396794,0.060342006,-0.024843147,0.14207585,-0.08909829,0.036000557,0.2279156,0.15047179,-0.08004372,-0.061195,-0.052352507,0.058429006,-0.09519274,0.114262946,0.07051041,-0.10554313,0.1397652,0.052638818,-0.020519149,-0.019284582,-0.15960659,-0.098218285,0.1738577,-0.06586516,0.0014120763,-0.08200175,0.025064021,0.085926384,0.002883418,-0.05686568,0.06665445,-0.07497871,-0.08056737,-0.03928478,-0.07143333,-0.05290603,0.030377528,0.15269762,0.27120268,0.03373657,0.119246535,-0.15703951,0.007920532,0.055023085,0.09065671,-0.14249077,-0.016761662,0.07913067,0.022208251,-0.071421765
TCGA-LL-A6FR-01A,-0.018641926,0.0867317,0.16791815,0.11045548,-0.008169391,0.16697977,0.050591115,0.080143355,0.13035107,0.0616794,0.0028530497,-0.0061284252,-0.05667586,0.08194754,0.093548656,-0.06553207,0.03952658,0.14168586,0.0055432697,0.013505096,-0.041824684,0.055242624,0.020118415,0.13043825,-0.03183819,0.046527196,-0.14983045,-0.018206889,-0.13628028,-0.13903254,-0.012572046,0.108404346,-0.066826016,-0.20574269,-0.12152459,-0.24422073,-0.07682374,-0.023200646,0.0043211747,0.0054345545,-0.12545167,-0.047550585,0.075584255,-0.11993754,-0.026397748,-0.17515129,-0.069929995,0.03426288,0.055917516,0.19782467,0.0809679,0.14458843,0.084014155,0.037361275,-0.24194804,0.07870884,0.17075773,0.05250314,0.0116306115,-0.05229525,-0.01181323,0.07418185,-0.10405319,0.14248593,-0.00191228,-0.10419726,0.21960965,-0.004314586,-0.08026048,0.08039562,-0.052538324,-0.075765766,-0.02212207,-0.18379879,0.123638384,-0.053292163,-0.011015328,0.124525934,0.094795115,-0.0037516395,0.05013119,-0.012707052,-0.09417106,0.06814725,0.049837127,-0.057837356,-0.043191746,0.18119651,0.11155998,-0.121651605,0.06384907,-0.16027148,0.059307788,-0.003754572,0.08039672,-0.008906161,-0.14188974,0.082035385,0.122384325,-0.101336844
TCGA-C8-A1HE-01A,-0.024057014,0.04922914,0.15068047,0.19169529,-0.060111724,0.027329573,0.08494444,-0.0027646262,0.03507745,0.050167035,-0.13783419,-0.08211654,-0.017513981,0.08934918,0.16796997,-0.024802912,0.11266319,0.14644288,-0.022658817,-0.0018343986,0.11316996,0.06252057,-0.04386181,0.12101455,0.062941015,0.07883099,-0.19930428,-0.09813873,0.03714742,0.03984769,0.0468023,0.0045140665,-0.110520735,-0.16021234,-0.040629134,-0.27793866,-0.08828268,-0.051827185,-0.004397407,-0.05806749,-0.09173773,-0.01542596,0.11681376,-0.06062862,-0.1120528,-0.064736076,-0.02225593,0.0290215,0.12214033,0.072794564,-0.010375942,0.089042395,-0.029802283,0.22538641,-0.049852557,-0.011932337,0.12189008,0.13367964,-0.10109894,-0.004282645,0.0037954715,0.10508353,-0.092393346,0.1295957,0.08866632,-0.2147464,0.14553665,0.011731464,-0.087807804,0.04567543,-0.23082593,-0.08921058,0.018818697,-0.22986753,0.09042562,-0.08379484,-0.008010742,-0.012394395,-0.00017902502,0.036489163,0.12298391,0.041388318,-0.055143673,-0.039305013,-0.058374174,-0.10040881,-0.060203623,0.11659847,0.17808354,-0.06421672,-0.07735565,-0.13338944,-0.032414198,0.11429358,0.07371225,-0.104550004,-0.119603865,0.0077886963,-0.02032692,-0.12958796
TCGA-C8-A27A-01A,0.088587955,0.05717124,0.21972096,0.071953766,0.009828533,0.10446399,-0.0065657697,0.04272469,0.08309574,0.10416988,0.027396923,-0.0462887,-0.022215916,0.12108779,0.026741989,-0.015422279,0.08664785,0.18075992,-0.017977396,-0.061449327,0.09066906,-0.052517112,0.03740355,0.13495457,0.09778564,0.040238842,-0.24461997,-0.0038291167,0.033658046,-0.039630115,0.04164988,0.0013329221,-0.07745114,-0.16711216,-0.11806733,-0.38300726,-0.06858651,-0.06894089,-0.069212824,-0.0810617,-0.04987025,0.07952775,0.0095898835,-0.0667293,-0.07825443,-0.06564775,-0.010006615,0.088025376,0.09026405,0.1749372,0.07733142,0.20389238,0.063409045,0.04776287,-0.01783895,-0.0019769194,0.06579352,0.023560815,-0.07880564,0.085130505,0.022051882,0.1835755,-0.08173968,0.18577881,0.0021548797,-0.16544798,0.18375622,0.050974518,-0.0914373,0.059104532,-0.17718947,-0.054272108,-0.030044992,-0.092945926,0.02919069,-0.0289038,0.03240156,0.05019128,0.11060677,-0.019127076,-0.007032145,-0.0073914,-0.10796287,0.023775142,-0.1071844,-0.07246031,-0.049276683,0.097622804,0.18438067,-0.043422326,0.09656711,-0.16207035,0.003599981,-0.0151851,0.12039311,-0.059563693,-0.08503317,0.0101130055,0.07574301,-0.14349838
TCGA-E2-A56Z-01A,0.057362024,0.06558569,0.110772,0.18078199,-0.008837195,0.080093786,-0.0021041927,0.036825083,0.035975117,0.016016204,-0.0007851978,0.050226074,-0.11619094,0.110394,0.07796229,-0.106090866,0.044677142,0.21270381,-0.03803065,-0.02204719,0.01734276,0.09244801,-0.012387992,0.13622156,-0.045217466,0.19818884,-0.20424518,-0.11320552,-0.0064884173,-0.1550301,0.119234964,0.072254434,-0.07435832,-0.11324866,-0.12581408,-0.14055972,-0.20526274,-0.04546051,-0.08198796,-0.07035703,-0.019250916,0.03643276,0.082087636,-0.08369851,-0.041966796,-0.2932469,-0.058812313,-0.00038375374,0.17263664,0.12376008,-0.0061708004,0.12858307,0.009147053,0.19728333,-0.0076449076,-0.010495076,-0.020451175,0.010196417,-0.083980426,0.016438816,-0.062369622,0.013410389,-0.09750772,0.11729095,-0.05667229,-0.059262652,0.23639612,0.0061864173,-0.11746674,-0.027600195,-0.09119437,-0.04769262,0.029556297,-0.11581018,0.104898885,-0.023680653,-0.0239449,0.06310505,0.14605244,0.022735015,0.1425231,-0.002149375,0.055520218,-0.01686343,0.01094959,-0.13369456,-0.05900202,0.16970468,0.18858464,-0.114424765,0.019720215,-0.13145705,-0.041282535,0.0036974717,0.101473704,-0.11079665,-0.016123662,-0.007920471,0.021801034,-0.13591048
TCGA-OL-A5RV-01A,0.05386625,0.055598456,0.19369,0.15035659,-0.058609508,0.0525641,0.062753014,0.063894786,0.15054786,0.08491579,-0.049353793,-0.0015506813,-0.072991185,0.101763315,0.0454501,-0.15493809,-0.013942063,0.16725375,0.12551855,-0.16418587,0.063114665,0.02673461,0.095778905,0.08993945,0.06486102,0.13726719,-0.27077788,-0.1293088,-0.044882856,-0.040655322,0.042619508,0.09565792,-0.0980808,-0.078938484,-0.06396423,-0.1205782,-0.11002685,0.012936951,-0.048669983,0.031127624,0.069686115,-0.004712755,0.051649302,-0.112480074,-0.06276413,-0.11416212,-0.0781149,0.020870648,0.06794,0.1843143,0.016080046,0.07212073,0.08319396,0.14180714,-0.06520249,-0.0192922,0.19723973,0.058616765,-0.14872313,0.0043042665,0.060960535,0.035275623,-0.060453426,0.12915255,0.15479687,-0.10024106,0.1722879,0.020530691,-0.10094444,0.05271545,-0.0671442,-0.0052557318,0.069057785,-0.21427567,0.18933484,-0.0822462,-0.098296836,0.060694057,0.0903115,-0.06156329,0.10438515,0.0057548983,-0.0058618607,-0.041392613,-0.010673264,-0.009365349,-0.04090551,0.12450786,0.19222,-0.009271062,0.0145937875,-0.10501993,-0.09563119,0.11746614,0.056861464,-0.061746072,-0.18532144,0.03558864,0.0481584,-0.13892572
TCGA-A2-A0CT-01A,-0.01476824,0.042949483,0.12264633,0.18126899,-0.09077204,0.18503736,0.059769038,0.0002097104,0.015688537,-0.007517765,-0.0700351,0.026714522,-0.074951924,0.082644284,0.11715971,-0.07376826,0.032659136,0.18566336,-0.04398863,-0.02050797,-0.0038262622,0.010963915,0.0027144204,0.14058028,0.00551007,0.0641915,-0.21420957,0.003546369,-0.029141964,-0.15559418,0.10632109,-0.0044532665,-0.18856096,-0.16685931,-0.06138763,-0.19141178,-0.17724696,-0.023543384,-0.045843285,0.01341161,-0.009004002,-0.041287366,0.09325136,-0.09032025,-0.06767679,-0.041482072,-0.05462786,-0.026578814,0.05980969,0.10208275,0.08911693,0.08977265,0.12797174,0.091151215,-0.13465841,0.046119012,0.074691296,0.02517006,-0.023885895,0.03535724,-0.086181045,0.09022076,-0.06718696,0.21031977,-0.07657155,-0.17103684,0.20986038,0.08725806,-0.12408662,0.07844951,-0.10805234,-0.033681195,0.015811052,-0.19355774,0.062367804,0.0025036652,0.07043647,0.06665247,0.02897374,0.01784931,0.15181857,0.039608084,-0.0822038,-0.20053639,-0.08343327,0.024298565,0.019433651,0.17874233,0.1585375,-0.12627128,0.080192275,-0.13022646,0.017967522,0.016899882,0.13951235,-0.11389998,-0.111826226,0.06918375,0.027009793,-0.08904897
TCGA-E2-A1LH-01A,0.055013865,-0.00125832,0.17089137,0.09567284,-0.07043067,0.056883536,0.06973681,0.042887803,0.075816154,0.13534063,0.07087082,-0.07360842,-0.019367754,0.18496777,0.11473901,-0.038679317,0.008399527,0.18404722,0.00635689,0.009616172,-0.0025755966,-0.024506759,0.020557238,0.20441736,0.02814274,0.122104496,-0.1953572,0.004691453,-0.04695948,-0.04824413,0.021000845,0.10047007,-0.20473257,-0.16073693,-0.05977081,-0.2051247,0.023752542,-0.1213125,-0.054465428,0.075760014,-0.1353294,0.044739313,0.030390399,-0.101539254,-0.048995543,-0.03563609,-0.06937697,-0.09075277,0.03405835,0.08156696,0.14666358,0.17506748,0.04570182,0.18702643,-0.09585969,-0.005959927,0.072652616,-0.05194648,-0.011435941,-0.08333302,0.061107256,0.014738613,0.0072709164,0.182941,0.10136387,-0.10386384,0.15343092,0.035771824,-0.104247384,0.07924943,-0.12691934,-0.007791112,-0.051690876,-0.23046556,0.093877554,0.012981771,-0.028402938,-0.04736219,0.09977472,-0.005236181,0.040038347,-0.059945643,-0.070631,0.07367123,-0.037072368,0.007851348,-0.0055939066,0.13306391,0.1403681,0.007560076,0.089827955,-0.27437696,0.05288987,-0.015246746,0.033877805,-0.15236998,-0.093612105,0.00033877173,0.051757418,-0.18955846
TCGA-A7-A13F-01A,0.0039338158,0.017320978,0.33097103,0.047602743,-0.02385007,0.066596456,0.09474923,-0.030706884,0.041223805,-0.0215407,0.0120241605,0.02474832,-0.08798604,0.16007847,0.13557293,-0.10932059,-0.026840221,0.08885143,-0.0126258535,-0.085777275,0.006962683,0.096074015,-0.02163172,0.09115814,0.044522837,0.06450952,-0.15332067,-0.051322605,-0.03574419,-0.11696086,0.030024868,0.15500918,-0.12535511,-0.15744188,-0.16721965,-0.15858282,-0.13461205,-0.024033332,0.02841543,-0.059125878,0.03832904,0.0014167564,0.1189718,-0.09317631,-0.036925975,-0.077921465,-0.13802113,0.100477956,0.11380174,0.04776667,0.039589554,0.023599513,0.14039446,-0.023545653,-0.17381151,0.031149762,0.016059685,-0.014384119,-0.06835559,0.020487705,0.04884094,0.05835624,-0.17049369,0.13748787,0.031193493,-0.076695755,0.2203896,0.027993249,-0.1452788,0.06516397,-0.20045193,-0.059086427,0.08590847,-0.22581802,0.043570537,-0.10556493,-0.0075444016,-0.017029304,-0.049290977,-0.019400308,0.11887115,-0.03655923,-0.10298433,0.053289693,0.00901511,0.030032828,-0.03590536,0.14195305,0.06939012,0.0068120467,-0.022004848,-0.1447874,0.016314564,-0.01125744,0.1631503,-0.09338683,-0.20357664,-0.048961595,-0.044352718,-0.18804665
TCGA-BH-A0HP-01A,0.04847484,0.032796122,0.1984718,0.17644729,-0.11713736,0.11754915,0.068600014,-0.088715166,0.111072175,0.03134985,-0.021516863,0.018134074,-0.07214019,0.15042537,0.11266171,-0.047782373,0.0129293995,0.15441449,0.07284244,-0.09819003,0.072843395,-0.011519584,-0.020657897,0.25016218,0.13092569,0.10368465,-0.13530077,0.06753761,-0.030302482,-0.09907939,0.10421944,0.0602024,-0.19690923,-0.1997282,-0.09941925,-0.10760707,-0.12017744,-0.058825526,-0.04376823,0.050482433,-0.04775649,0.02620968,0.039556954,-0.101740934,-0.03398061,-0.15408461,-0.010510891,0.12983847,0.065223634,0.19709814,0.1433819,0.09920275,-0.045585796,0.13815004,-0.14885972,-0.023179078,0.12042339,0.065535106,-0.109333396,-0.008694297,-0.03532878,0.08230759,-0.09819634,0.13277127,0.12464819,-0.14691593,0.14489311,-0.00039242464,-0.035493705,0.039036922,-0.15838327,-0.06665024,0.023777192,-0.19662279,0.05561916,0.046966914,-0.038157206,0.015758933,0.0155580975,0.0663388,0.14601521,-0.047917288,-0.08264157,-0.045911692,-0.019015308,-0.08236023,-0.031682502,0.037174083,0.08747534,-0.028646132,0.028067322,-0.1372384,0.10175625,0.02623112,0.10673355,-0.06296414,-0.16431335,0.059669398,0.029896943,-0.11650726
TCGA-D8-A1JF-01A,0.058525283,0.05136055,0.27486458,0.0032722868,0.009610228,0.058596447,0.06799903,-0.04071988,2.0096375e-05,0.11014895,-0.026844323,0.0071069696,-0.06408014,0.18549213,0.027291894,-0.09169532,0.048400283,0.13829891,-0.08621744,-0.0008524101,0.059406165,0.028993394,0.05990113,0.09492399,0.112362996,0.09335155,-0.14699128,-0.03188051,0.017442385,0.028182022,0.15210153,0.12807904,-0.14202312,-0.12038319,-0.019384773,-0.19368292,-0.115628995,-0.098506734,-0.07933462,0.082631156,-0.08386991,0.06546183,0.065230705,-0.10144222,-0.03140015,-0.1507863,-0.078552224,0.08460024,0.07543816,0.122639455,0.08448966,0.15945917,0.0024201348,0.07197803,-0.03588617,0.109063394,0.017930938,0.02003712,-0.032309026,-0.07392566,-0.03902885,0.02701765,-0.017681278,0.13395411,0.003854233,-0.12535985,0.16070311,0.1290649,-0.088778734,0.13200027,-0.1486406,-0.108295314,0.048699036,-0.1744339,0.15533118,-0.082851626,0.004545137,0.023250366,0.1291409,-0.036565274,0.06646685,-0.003544473,-0.11227432,-0.12310166,-0.05339926,-0.17615236,-0.0042717,0.2345172,0.19904865,0.005165655,0.016264189,-0.19717789,-0.012418435,0.05729769,0.10924214,-0.093975976,-0.037848715,0.059064765,-0.034081753,-0.12877996
TCGA-A2-A1FZ-01A,0.028042916,0.070076816,0.155813,0.08804276,0.0066174786,-0.0003687484,0.10140126,0.12209861,0.02535328,0.0806482,-0.008065897,-0.044027247,0.09617947,0.10384892,0.03442586,-0.046244495,0.031026544,0.2207777,0.025227066,-0.036906447,0.015288263,-0.085617244,-0.047350608,0.20070851,0.064557575,0.06284008,-0.17765965,-0.111519895,0.067026034,0.05105105,0.108012736,0.057946377,-0.16265725,-0.16727373,-0.052582256,-0.15285866,-0.16753256,-0.119954824,-0.1605312,-0.15037769,-0.08894504,0.03169317,0.096743666,0.0011839796,-0.032910682,0.07951519,-0.07257113,0.03373994,0.06562344,0.119685404,-0.0048346976,0.18451574,0.049423583,0.18639782,-0.020907938,0.01130937,0.047070127,0.09536615,-0.1412237,0.07260865,-0.013594192,0.030954018,-0.026377993,0.11609589,0.05164933,-0.06244035,0.13831995,0.059962917,-0.10588287,0.17721649,-0.14787228,-0.057106476,0.061715964,-0.22651684,0.15602079,-0.122060694,-0.00595727,-0.004795441,0.13519774,0.0015485875,0.17219053,-0.0002631946,-0.13450006,-0.12950537,0.03949509,-0.02154135,-0.09188082,0.13219076,0.08652858,-0.01268631,-0.0503317,-0.033284124,-0.0010822108,0.044457495,0.13898571,-0.069166794,-0.090191595,0.0067081526,-0.057669457,-0.17788228
TCGA-AR-A1AS-01A,0.012885361,0.01731959,0.17496762,0.12083996,-0.012823526,0.10952819,0.054399304,-0.019133588,-0.017022835,0.11105504,-0.10094316,-0.078552954,-0.11940632,0.11989048,0.13294798,-0.01971863,0.01955285,0.1752109,-0.01650087,-0.07146106,0.07103958,-0.03443824,-0.016472507,0.18928705,-0.037995905,0.022719456,-0.14533243,-0.07871954,-0.0556699,-0.16346173,0.13813822,0.09717836,-0.10174931,-0.2229131,-0.086855456,-0.107506774,-0.14819653,-0.02692161,-0.098848134,-0.07225513,-0.0268807,0.06903461,0.08565257,-0.03452683,-0.13359967,-0.06963063,-0.12578341,-0.012522381,0.0826594,0.11676103,0.06251147,0.1858149,0.030806558,0.12944147,-0.045928687,0.061611004,0.16954863,-0.06260097,-0.09076702,-0.02933453,0.02476082,-0.009115596,-0.10666137,0.25337502,0.0657022,0.034755737,0.12971051,0.14914738,-0.13821307,-0.05185704,-0.11290256,0.015116035,0.026166417,-0.17174761,0.10374074,-0.17801362,0.035123702,0.068378605,0.06780884,-0.08770066,0.07680773,-0.0075390185,-0.088023536,0.05397628,0.07198687,-0.057985194,-0.07616034,0.15383519,0.13015334,0.013943125,-0.025106864,-0.12065407,-0.015612854,0.05502808,0.102091484,-0.11325893,-0.08305945,-0.10312625,-0.113009445,-0.11270927
TCGA-E2-A1IG-01A,-0.020364486,-0.039093636,0.13501745,0.1810824,-0.08079523,0.11481301,0.040204868,0.030508455,0.030572932,0.084323764,-0.09351205,-0.0042538703,-0.17672361,0.15930219,0.06412115,-0.06270673,-0.002853836,0.17459726,0.042194944,-0.089567035,-0.0013433694,-0.019240491,0.016017873,0.14331734,-0.00041082193,0.15743269,-0.18945147,-0.08411016,-0.04262686,-0.10375356,0.13144663,0.14194264,-0.096338145,-0.12523514,-0.097156,-0.123815745,-0.08241089,-0.004475918,0.00761085,-0.16343503,-0.07603801,-0.07577817,0.061167542,-0.00070958026,-0.016366672,-0.13728775,-0.053322025,0.028632572,0.12042498,0.12124977,0.07677257,0.22382231,0.099181294,0.16318119,0.04290072,-0.024782576,0.19492158,0.055023592,-0.12675133,-0.0036329906,-0.08491059,0.13134287,-0.16317213,0.15777206,0.049679544,-0.07515719,0.07799072,0.123957686,-0.15000501,0.06119854,-0.17612632,0.04483457,0.08556922,-0.15065663,0.11235257,-0.057954233,0.00735526,0.16813584,-0.014756301,-0.033824176,0.004069312,0.09733002,-0.010942896,0.010862509,0.010478456,0.013965735,0.061741214,0.08673348,0.10000768,-0.05747245,-0.07147637,-0.09273564,0.0043879943,-0.027799923,0.029789167,-0.07410815,-0.22409356,0.0889016,0.06628525,-0.05429449
TCGA-AR-A5QM-01A,0.02335157,-0.016472334,0.23214081,0.13866465,-0.028061448,0.08836794,0.04693572,-0.017694604,0.10683446,0.026423061,-0.021456365,-0.11065586,-0.026602121,0.08797021,0.09931587,-0.01137205,0.053305488,0.15643556,0.048334755,0.017637076,0.058496322,0.092209615,-0.017701102,0.12994927,0.0003020956,0.13484356,-0.20648487,-0.05606664,0.03863199,-0.04106108,0.1208171,0.033515297,-0.11286671,-0.10768868,-0.15714523,-0.17510812,-0.10573376,0.00013093044,-0.058861114,-0.1581615,-0.003446666,-0.03441069,0.15359935,-0.09337009,-0.020522675,-0.08115107,-0.042482387,0.09400624,0.052593134,0.1162135,0.021179719,0.07450769,0.052927874,0.10593494,-0.13431282,0.025575647,0.26787803,0.013614196,-0.05903884,-0.058980476,0.0660878,0.12028142,-0.03421624,0.06482636,0.025439927,-0.11728003,0.2343215,0.011277751,-0.16550726,0.10082145,-0.12901592,-0.09577491,-0.02123392,-0.21324976,0.050425395,-0.017430503,0.04177058,0.09383552,0.0017245831,-0.13851963,0.034920223,-0.04350974,-0.01680349,0.030952416,-0.11383847,0.02722043,0.009239001,0.028313026,0.18676892,-0.06940729,-0.016866852,-0.13080406,0.097358905,0.04521784,0.13702808,-0.092253454,-0.0837461,0.15356775,-0.06432271,-0.20058419
TCGA-E9-A1R0-01A,-0.0685079,0.11701596,0.0823544,0.11153963,0.025357403,0.213384,0.043781508,-0.047116593,-0.07201988,-0.10615857,-0.00040919805,-0.037350327,-0.0360029,0.101669565,0.17657815,-0.060222775,0.020122059,0.12415355,0.04417321,-0.03897551,0.07750111,0.048928358,-0.0094420295,0.103723764,0.06626458,0.026390119,-0.21614918,-0.16017826,-0.012682888,-0.034343638,0.05219106,0.03428294,-0.0961562,-0.25786042,-0.11650751,-0.16400672,-0.08613668,0.01136459,-0.08339939,0.01689598,-0.0023192281,0.066161476,0.11501069,-0.051134076,0.0038553665,-0.11587101,-0.0020368905,0.034306835,0.05514054,0.084940985,0.06962788,0.07221611,-0.003206265,0.23285122,0.006466128,-0.051990025,0.15745918,-0.023231464,-0.12731624,0.12541115,0.021037221,0.06338018,-0.18684113,0.122332886,0.057274647,-0.14993146,0.21379267,0.14655453,-0.113204375,0.0968054,-0.0640652,-0.036312286,-0.018736647,-0.19860063,0.1332393,-0.071677424,0.025508475,0.047801957,-0.03499908,0.05723949,0.0076753045,-0.0063545103,-0.12423924,-0.06769597,-0.063633546,-0.14724079,-0.052095722,0.10779223,0.14907676,-0.028605763,-0.06118973,-0.106353655,0.031267922,0.01964982,0.1879941,-0.07786239,-0.0786872,-0.058258157,0.15873957,-0.07276683
TCGA-BH-A0W4-01A,-0.048881292,-0.0050316807,0.06890089,0.1638897,-0.07728601,0.14922638,0.06298107,0.030582033,-0.038253095,0.056811832,-0.012964602,-0.010309156,-0.13959122,0.095982924,0.11706656,-0.08946036,-0.0070490455,0.19019803,0.020604502,-0.050970756,0.14780872,0.04934307,-0.026265128,0.1217724,0.15314461,0.0266686,-0.22907953,0.016606705,-0.09751626,0.01834347,0.044025842,0.024509443,-0.14555758,-0.17194627,-0.07098253,-0.17605895,-0.07458986,-0.044250898,-0.12222079,0.08992212,-0.12897004,-0.040189,0.1076761,-0.1498085,0.016103849,-0.15325971,-0.06665526,0.035041086,0.121588536,0.091920264,0.16623315,0.1751517,0.0060954164,0.123998955,-0.11490165,0.055456337,0.1492972,0.06950598,-0.09119192,-0.038786992,0.030560846,0.08387321,-0.06194755,0.25117007,0.048221163,-0.12704946,0.10888239,0.081584044,-0.059914343,0.021534847,-0.08023059,0.0027770363,-0.019619264,-0.20306252,0.108479805,-0.09135843,0.009361051,-0.05497911,0.04742675,-0.043137904,0.07556,-0.014004613,-0.07656514,-0.07693449,0.05029426,-0.026323397,0.018995127,0.10143528,0.14147207,0.017432747,0.021071404,-0.14587322,0.10931714,0.03249115,0.24014097,-0.044667173,-0.13557966,-0.04057058,0.036221925,0.031096919
TCGA-AO-A0JA-01A,-0.0001476782,0.014628118,0.19639198,0.17010525,-0.032017585,0.05837037,-0.014390144,0.07853191,0.088931255,-0.0688347,0.023028607,-0.04689051,-0.018635808,0.1710003,0.10296931,0.042109586,0.04238697,0.11478466,0.032477558,-0.060370073,0.05290851,-0.054001253,-0.06920556,0.21620132,-0.02412241,0.104885556,-0.16839223,-0.12039133,0.02452455,-0.10706993,-0.043291833,0.1475024,-0.14220092,-0.16530654,-0.11821726,-0.21036398,0.008214574,-0.09961084,-0.06385478,-0.074851975,-0.046154972,0.049308527,0.1382467,-0.08880193,-0.049662415,-0.16482903,-0.046088092,0.0022947546,0.026111577,0.108117096,0.01413255,0.12757951,-0.0048993453,0.171122,-0.033552926,0.011649929,0.0958136,-0.05071391,-0.009281896,0.013931183,0.009776124,0.118477196,-0.111795075,0.24101804,0.08304386,-0.03768818,0.19707488,0.034466613,-0.08449323,0.050469887,-0.022293737,0.025237616,0.10472298,-0.2407683,0.06677878,0.019189255,-0.06270514,-0.0024353508,-0.09040339,-0.098443575,0.10099566,0.03058803,-0.034555178,-0.0033869757,0.014502097,-0.04652662,-0.08262207,0.0746502,0.26310587,0.09791264,0.0060424786,-0.06165013,0.124215916,0.0072202864,0.118401796,0.04940894,-0.18528038,0.08913891,-0.003001765,-0.11587932
TCGA-E2-A1IH-01A,-0.023167113,0.0050705546,0.16051245,0.123489626,0.030486539,0.0884428,0.12849307,-0.082629465,0.019215068,0.044263054,-0.044446122,-0.026953738,-0.08547925,0.113242924,0.13387768,-0.097469725,0.0025672067,0.08536964,-0.09206377,0.08978251,0.06534707,0.048684567,-0.015173529,0.2065476,-0.019289596,0.12005774,-0.18529718,-0.16913201,-0.017357487,-0.09737767,0.049364924,0.023721473,-0.083026096,-0.123981275,-0.032001905,-0.20871522,-0.0006147291,-0.06823665,-0.0656366,-0.0029678906,-0.039843664,0.116363496,0.013726772,-0.03442947,-0.16122688,0.009830831,0.019888263,0.035816975,0.13820608,0.09341936,0.02440032,0.1489889,0.089942105,0.052529834,-0.062251613,0.008640581,0.13442801,-0.0012494836,-0.051549565,-0.061731186,0.017712034,0.13202034,-0.0990629,0.16978455,0.06982684,-0.12237952,0.1989672,0.04207487,-0.13824101,-0.060284797,-0.14008762,-0.07264586,0.09787467,-0.20344357,0.078043364,-0.06529735,-0.07093902,0.16222753,0.08058663,-0.023754248,0.006983821,0.028066173,-0.025540007,0.018595893,-0.05489491,-0.12940462,0.010886134,0.11702642,0.15123858,-0.093129806,-0.021166325,-0.09184246,0.03682549,0.0563575,0.1912572,-0.09796899,-0.26401615,0.13293073,-0.018334502,-0.14349048
TCGA-3C-AALJ-01A,0.08748827,0.0075189513,0.112037115,0.124078736,-0.15718633,0.057350848,0.08006085,0.11288072,-0.0025242362,0.025269799,0.01730127,0.00850803,0.0744205,0.05648375,0.15900567,-0.05610598,0.04121443,0.15728225,0.0006448821,-0.066783324,0.05067939,0.029132782,-0.02523883,0.15797356,-0.04244295,0.07332749,-0.20503984,-0.005509484,0.03882063,-0.030807715,0.108518936,-0.0042593377,-0.10199119,-0.1376516,-0.094558656,-0.21116787,-0.08042617,-0.06295992,-0.12273154,0.037849523,-0.054472346,-0.056841828,0.07721803,-0.059637368,-0.0794564,-0.12036338,-0.12193142,0.021702798,0.14935993,0.12817399,0.11962781,0.2156873,-0.011990892,0.089652,0.015191125,-0.027818833,0.016314553,-0.052052423,-0.026104467,0.02263274,-0.07673002,0.09323077,-0.08683566,0.2293562,-0.027273552,-0.1375246,0.23760404,-0.028356021,-0.078515016,-0.018674448,-0.23395245,-0.120836094,-0.0016446231,-0.07005822,0.07623189,-0.034706827,0.06339072,0.11451745,-0.05004937,0.090507716,0.040399373,0.0010843916,-0.0031328169,-0.065266594,0.06908158,-0.048050057,0.009269946,0.1581786,0.111319885,-0.010498946,-0.018070973,-0.18891713,0.039838642,-0.054559946,0.12115747,-0.19890729,-0.1974622,0.012299945,0.06974959,-0.1560422
TCGA-AN-A0XN-01A,0.009248809,-0.029501632,0.25376445,0.16832364,-0.10988787,0.15771398,0.085519165,0.048545577,-0.007391417,0.0054584774,0.0044388687,0.055136357,0.1007189,0.21071972,0.1420506,-0.028107176,-0.014427632,0.1050819,-0.029017968,0.109032944,0.023755498,0.069111556,-0.048243407,0.044833727,0.05997134,0.06965494,-0.15643008,-0.05205167,-0.01947537,-0.09005108,0.03832736,0.092945494,-0.101379886,-0.24878012,-0.10332411,-0.19867234,-0.06388751,-0.0740034,-0.1362925,-0.005243396,0.047354147,-0.0052660923,0.101512,-0.10435386,-0.038446628,-0.010036953,-0.04958861,0.04218939,0.049264334,0.106265016,0.16217564,0.02749928,-0.020116903,0.050355725,-0.10939638,0.12867017,0.08163331,0.04268968,-0.04964089,0.036205202,-0.025254004,0.07306925,-0.036658354,0.108366914,0.0031721126,-0.1315528,0.26772055,0.09322909,0.017702885,0.08206803,-0.14382367,-0.05264314,0.08933758,-0.17580622,0.15846607,-0.14828438,0.029261228,0.030219877,0.034736205,0.0051252088,0.07802686,0.050995138,-0.05107483,-0.041120026,-0.020647312,-0.019726546,0.018959228,0.08414345,0.26190132,-0.0753364,0.022954807,-0.11272604,0.032298215,0.013741631,0.14313678,-0.13372752,-0.104996875,0.012298951,0.022568326,-0.18059765
TCGA-D8-A1X6-01A,0.018066522,-0.0058225966,0.17966801,0.032113504,0.021750368,0.12203438,0.07940848,0.04096654,0.048008308,-0.021358712,0.002609812,-0.0439324,-0.05124274,0.023381082,0.16163062,-0.08505589,0.020066127,0.12363602,0.019639192,0.08275806,0.008857205,0.1273949,0.041467823,0.08468577,-0.07771829,0.12988497,-0.21736442,-0.028930087,-0.0668224,-0.13257855,-0.0014951512,0.014512693,-0.030580841,-0.091686,-0.14421403,-0.15636925,-0.09869248,-0.08662468,-0.0932617,-0.075802475,-0.02688773,0.008964317,0.021776762,-0.010819485,-0.079435475,-0.18005744,-0.1475228,0.12357943,0.00959198,0.12033831,0.18119693,0.13379715,0.061155517,0.17338946,-0.11695619,0.050507117,0.14768012,0.0036618118,-0.06266915,0.07100126,0.004061149,0.06145631,-0.106893644,0.078330316,-0.068001285,-0.099806376,0.17774479,0.025859298,-0.12593594,0.11770128,-0.0975919,-0.06195371,0.04323458,-0.13397628,0.13342972,-0.10366742,0.018772578,0.14201787,-0.023169013,0.022450855,0.079015635,-0.055029087,-0.08530697,-0.059723455,-0.035564777,-0.055922307,-0.012227609,0.15728812,0.24629018,-0.09570561,0.03302494,-0.19897002,0.006103331,0.046378955,0.20984036,-0.045070764,-0.16069761,0.09682615,0.011278612,-0.16162336
TCGA-AC-A8OQ-01A,-0.101016015,0.042940695,0.21957776,0.10684902,-0.10092325,0.12772778,0.07983262,-0.023020655,0.08971102,0.041129597,-0.02051735,-0.014224587,-0.058319528,0.18991266,0.020068511,-0.024616076,0.039927192,0.17580354,-0.06477147,-0.07065342,0.042145204,0.013339483,-0.038919374,0.06175835,0.011021055,-0.0007279919,-0.19067791,-0.008569375,-0.03871037,-0.11818254,0.059400227,0.04063862,-0.069022864,-0.18107526,-0.13781244,-0.14853318,-0.11730512,-0.06760496,0.038501278,-0.00870932,-0.08891424,0.04970877,0.17443284,-0.02558356,-0.0671982,-0.15314823,-0.067781374,0.027769037,0.041500464,0.12551188,0.10208765,0.12201179,0.07017857,0.046949238,-0.12834539,0.09789603,0.112633206,-0.003180741,-0.04212828,0.09682937,-0.05893543,0.0839155,-0.11946636,0.12573159,0.024654536,-0.20535801,0.19356722,0.06623537,-0.11521523,0.10151598,-0.18659697,0.036803942,-0.016513346,-0.17184395,0.07209553,-0.15631129,0.03606632,0.09491089,0.077387065,-0.031365246,0.026928557,0.056369014,-0.114680834,0.041218814,-0.08706718,-0.027265897,-0.045790855,0.115163624,0.1454922,-0.14861539,0.10991155,-0.13026085,0.013542728,0.019200245,0.08184102,-0.017614743,-0.14131169,0.100781016,0.095538914,-0.20383473
TCGA-AR-A250-01A,-0.0037680075,-0.0060568205,0.2106015,0.12726824,-0.105382554,0.16673818,0.017898602,-0.0097269835,0.13155663,0.0774509,-0.040224694,0.07651572,-0.0052789263,0.10715146,0.09148336,0.003926856,-0.07550973,0.18521976,-0.024274422,-0.0046466687,-0.04752297,0.14003105,0.062208455,0.14699228,-0.0180063,0.059836656,-0.17577755,-0.0277706,-0.004561025,-0.059561085,0.022213882,0.05231509,-0.06716584,-0.060647044,0.002236635,-0.24608743,-0.08198995,-0.13886957,-0.15272051,0.023846671,0.008048293,0.01720589,-0.033005834,-0.076386586,-0.07198805,-0.08666519,-0.061746415,0.027958408,0.16560197,0.059491705,0.104103126,0.13747783,0.052049704,0.16460948,-0.0903328,0.11201916,-0.028844092,0.009659102,0.019894794,-0.017175324,-0.072529316,-0.03385543,-0.04088696,0.08245583,0.059755404,-0.09465439,0.23088507,0.08155216,-0.14656866,0.119986154,-0.13828759,0.03889005,0.01608287,-0.16720548,0.22708876,-0.08925453,-0.010778849,0.1795206,0.06245115,-0.049736563,0.10291389,0.008040054,-0.06117947,-0.031662654,-0.14065324,-0.0652378,-0.034243684,0.16831665,0.1660296,-0.0746752,-0.0044283173,-0.10354244,0.048111767,0.026534015,0.1546283,-0.042463876,-0.15351021,0.15834498,0.020315975,-0.045309335
TCGA-EW-A1J1-01A,0.019808717,0.0059328726,0.014585799,0.13230072,-0.05912736,0.19001707,0.104471,0.026752682,0.06908378,0.070395865,0.023460293,0.08728521,-0.053715598,0.11853789,0.055871785,-0.028765744,0.036027193,0.2085517,-0.029351775,-0.018996539,0.04956134,0.13889806,-0.128838,0.09890016,0.03720396,0.10105826,-0.29283816,-0.03585787,-0.08596071,-0.093704864,0.08874907,0.003231132,-0.078671046,-0.109145515,-0.15448321,-0.22488512,-0.055826772,-0.09901077,-0.041012686,-0.033795748,0.04446572,0.01930854,0.032372262,-0.06313409,-0.105257064,-0.06071843,-0.03476384,0.073205814,0.029896462,0.08191435,0.12423998,0.1135718,0.015739929,0.06772122,-0.10268071,0.12151329,0.07302645,-0.06666993,-0.087860316,-0.0040682442,-0.082539044,-0.06748827,-0.12486513,0.18104883,0.0063526104,-0.11651291,0.1658261,0.1218458,-0.13220218,0.019105678,-0.118018515,0.048555367,-0.017362563,-0.25837797,0.066423476,-4.029893e-06,-0.04374762,0.042100932,0.037805486,-0.030627731,0.015995005,-0.005025889,-0.09044852,0.01702055,0.03334055,-0.0781894,-0.08263841,0.13064405,0.2278083,-0.09966054,0.033469733,-0.13718271,-0.062226098,-0.054174814,0.21151274,-0.09067507,-0.16026363,0.063289955,0.072876275,-0.103178285
TCGA-PL-A8LV-01A,-0.07084879,0.097270995,0.2262967,0.16124015,-0.055942524,0.22100917,0.044539806,0.043307748,0.076728664,-0.018438214,0.025322285,-0.063905805,-0.024503667,0.17363219,0.10202603,-0.10417272,0.06265598,0.11999749,0.06936575,-0.019896489,-0.022653054,-0.035722792,-0.046147972,0.109854214,-0.1274088,0.05485288,-0.17561187,0.030897666,0.005510086,-0.11662017,0.043131117,0.11795672,-0.15174544,-0.08118443,-0.08939774,-0.20557982,-0.05694544,0.058780737,-0.100998744,-0.019601606,-0.11612942,0.1384328,0.01055636,-0.073453,-0.082070954,-0.06035051,-0.053255443,0.03310396,0.112276606,0.10425618,0.06684025,0.11453828,0.018027445,0.09046639,-0.06412725,0.15904483,0.061309412,-0.014834936,-0.124310516,-0.0474893,-0.028084716,0.00087214384,-0.051514875,0.18374915,0.028439574,-0.12088322,0.29499888,0.016717602,-0.11846096,-0.038399022,-0.09585647,-0.003166687,0.034491073,-0.16540132,0.06141835,-0.046236545,-0.038351756,0.12431248,-0.03171094,0.043802675,0.09346521,0.075394474,-0.039171994,0.04321262,0.005254358,-0.07557639,0.020254774,0.16278094,0.13453925,-0.00848992,0.038164247,-0.1696504,-0.07559619,-0.03302302,0.06014139,-0.12971959,-0.24577355,0.06713637,0.026120199,-0.09272589
TCGA-E2-A1B5-01A,-0.009994345,-0.09860676,0.021648502,0.18605764,-0.08327906,0.14977811,0.024402626,-0.060530175,0.016253393,0.04078657,-0.08835636,-0.046361715,0.004827325,0.17206623,0.09251217,-0.020586595,0.07977267,0.20029071,0.02714653,-0.025050461,-0.0051753055,0.06550425,-0.013052032,0.15164219,0.02229399,0.09701959,-0.19995308,-0.03212181,0.07544349,-0.033553474,0.05384159,0.11032286,-0.12926131,-0.2071761,-0.08123402,-0.22283126,-0.102939256,-0.097045355,-0.13275602,-0.025994333,-0.09848599,-0.0032357287,0.030605689,0.044529017,-0.001212475,-0.14073136,-0.08716816,0.0845579,0.10930989,0.1107678,0.17249459,0.11646209,-0.026088223,0.11734863,-0.09676708,-0.06712552,0.14230758,-0.010323998,-0.08837766,-0.008850318,0.04387015,0.040092457,0.03709515,0.23447005,0.0702274,-0.102860324,0.118058965,0.010752079,-0.21720554,0.12317748,-0.058059365,-0.009356909,0.09416428,-0.18480474,0.08865716,-0.04722145,-0.0033777638,0.05453992,0.024208436,-0.0579272,0.15678056,-0.013514095,-0.10510919,-0.0301391,-0.09641223,-0.12951641,-0.027390404,0.050121807,0.13796021,-0.049876142,0.034041673,-0.17421028,0.0927389,0.013378854,0.063505866,-0.08479463,-0.08399672,0.04753855,0.0129912365,-0.18297116
TCGA-E9-A229-01A,0.030337214,0.04016124,0.18939872,0.14624242,0.06907864,0.12635769,0.09166607,-0.048639853,0.011621507,0.041587338,-0.105741315,0.029916452,-0.04570489,0.095358066,0.07342218,-0.09865597,0.1295637,0.12614127,0.012025919,0.003699851,0.09784466,-0.07961684,-0.013918244,0.15413311,0.13437906,0.045276105,-0.29399845,-0.045197256,0.032247897,-0.04619601,0.08922224,0.09982212,-0.12860967,-0.18113032,-0.113584414,-0.13173066,-0.06473311,-0.017211096,-0.014147344,-0.054119524,0.011974204,-0.03922644,-0.008474067,-0.090115875,-0.07746296,-0.15514547,0.036005456,0.07379635,0.17259645,0.13238621,0.049678948,0.15978199,0.009304404,0.08411491,-0.13091227,0.09506138,0.20678608,0.059743505,-0.024002451,0.040907063,-0.012754146,0.041866478,-0.13902813,0.055070378,0.012398226,-0.08696126,0.105735675,0.044732712,-0.13484518,0.015031662,0.060993023,-0.022346644,0.08685714,-0.18440369,0.15202422,-0.06770805,0.075624384,0.0038433818,-0.04973648,-0.11439809,0.0329142,-0.010878073,-0.05526654,0.052992187,-0.0044685462,-0.16732359,-0.060842894,0.13304877,0.119038984,-0.08598772,0.07946107,-0.14055519,-0.0774485,0.07797944,0.23541956,-0.037820365,-0.118326016,0.018976044,0.12356877,-0.11785977
TCGA-BH-A203-01A,-0.0465346,-0.049562383,0.24385856,0.09623015,0.036196657,0.23794453,0.08263529,0.027252005,0.040504925,0.03147609,0.08479516,0.07612454,-0.14633147,0.14204781,0.062423423,-0.04416041,-0.029273322,0.1258927,-0.032393478,0.072174,-0.040308386,0.06795873,-0.051159505,0.195609,-0.019362606,0.04326062,-0.13732894,-0.08223047,0.07631818,-0.12511033,0.0398091,0.07981637,-0.21372716,-0.14882872,-0.05051963,-0.17761715,-0.10198674,-0.0578739,-0.0572877,-0.112049595,0.04133016,-0.0069129933,0.069466606,-0.004850313,0.023477787,-0.10639615,-0.049807668,0.053766165,0.11963837,0.1059254,0.06633273,0.07980963,0.016372114,0.13597184,-0.07325949,0.03211468,0.10977869,-0.029864613,-0.0016141731,-0.08434382,-0.042212043,0.0634107,-0.079710744,0.096148714,0.0047869785,-0.12247656,0.23411146,0.0564477,-0.1021954,0.045008935,-0.14604937,0.00055054843,0.044339295,-0.18677281,0.10838909,-0.1853199,-0.04447673,0.12044041,0.06531883,0.03143895,0.09066352,0.015297879,-0.090295516,-0.12215874,-0.06772833,-0.036858764,-0.00819806,0.08589476,0.17197388,-0.02113963,0.00884313,-0.21229802,0.007915685,4.999241e-05,0.09050841,-0.070274174,-0.06984143,0.10195845,-0.03193597,-0.22660509
TCGA-A2-A0YD-01A,-0.045663726,0.0035538136,0.08899426,0.13216184,0.010809274,0.16245803,0.07999105,0.09224048,0.13344248,-0.0033528926,-0.021243025,0.002486788,-0.066748895,0.13622187,0.11831667,-0.09012579,-0.018724658,0.025094232,0.084089994,-0.052997753,0.009350849,0.04485104,-0.025313843,0.1313654,0.052663904,0.028447693,-0.16214165,-0.05003612,-0.14405483,-0.012735045,0.037812967,0.1818896,-0.1695806,-0.057613786,-0.060684934,-0.16569015,-0.12997305,-0.086092375,-0.06224108,-0.075232856,0.044890046,0.022503491,0.11978017,-0.13911277,-0.025562774,-0.16230045,-0.066558756,0.0156142935,0.122050345,0.1268482,-0.015634293,0.12423386,0.045389093,0.19533987,-0.1458509,-0.034089837,0.0412216,0.17059213,-0.025146168,0.051987324,-0.028080251,0.097156025,-0.09414408,0.1363309,0.16410145,-0.05253168,0.093360536,0.061463,-0.11053292,0.08115408,-0.11713961,-0.032805197,0.051037688,-0.28596228,0.027039526,-0.14871302,0.025079206,0.10561844,0.015143571,0.05874931,0.09112486,-0.087472446,0.025530906,0.11784314,-0.024228938,-0.077407666,-0.07902328,0.13475265,0.14040118,-0.100104585,-0.046722792,-0.12968728,0.06945093,-0.005773261,0.13984862,-0.009815012,-0.20138595,0.03013417,0.01946997,-0.16708308
TCGA-OL-A97C-01A,-0.014837464,0.0750191,0.12077788,0.052899558,-0.014105467,0.13710548,0.018108591,0.06679086,-0.009568784,-0.019405786,-0.104851425,-0.041155785,-0.0037565718,0.0788253,0.1698964,-0.0028145723,-0.0023532482,0.19538549,-0.019242266,-0.022236519,0.06912862,0.01813483,-0.04903831,0.14332105,0.087152846,0.11352744,-0.19431329,-0.022411894,0.033945687,-0.050110314,-0.019238526,0.033866696,-0.20151377,-0.24624026,-0.047025427,-0.1979935,-0.10471856,-0.08313703,0.013870897,-0.037660263,-0.11509923,0.056123473,0.15867938,-0.14285299,-0.0869298,-0.13872598,-0.10382022,0.0026226027,0.14262326,0.05951637,0.021781819,0.094624914,0.024493445,0.07435159,-0.15410422,0.16737151,0.11927556,-0.00466175,-0.05013342,0.07363948,-0.014369611,0.037463754,-0.12446302,0.19165029,-0.013975482,-0.1361348,0.18044233,0.11543475,-0.08042211,0.077955306,-0.056939766,0.0055367374,0.04151305,-0.17827296,0.09133507,-0.09325525,0.055768713,0.12250154,0.038304918,-0.0051750485,0.051161125,-0.007088404,-0.04203228,0.018819368,-0.07240017,-0.09888029,-0.06123128,0.030245574,0.26981074,-0.026762832,-0.005388777,-0.0790833,0.024618456,0.049267724,0.18214966,-0.19729085,0.031118967,0.10874116,0.0045103957,-0.044359863
TCGA-D8-A1X5-01A,0.06894573,0.01144557,0.19289625,0.036545005,-0.0331194,0.17975351,0.13414055,-0.0059810868,0.071832485,0.061327755,0.013831069,-0.014486488,0.02407358,0.20851292,0.16980478,-0.05732784,0.15890907,0.11035173,-0.08914479,-0.075451836,0.13251199,0.040221978,0.028226312,0.13704145,0.040194936,0.10005207,-0.23481892,-0.024899088,-0.036376603,0.04751614,-0.0030356485,-0.03961537,-0.060104627,-0.119688965,-0.08899659,-0.19019069,-0.14470339,-0.107889235,0.053175207,-0.05261389,-0.0071343384,0.080504075,0.1309124,-0.012410351,-0.073631585,-0.14119296,-0.060081694,-0.027817693,0.10890313,0.12314657,0.10436663,0.1366668,0.11127937,0.18294531,-0.11275356,0.098134525,0.10475905,0.04586177,-0.084760755,0.07852217,-0.046309818,-0.0105906995,-0.028064376,0.116340436,-0.017205555,0.017688368,0.23338701,-0.040043123,-0.064348735,0.0062271217,-0.10349006,-0.13127434,-0.02473575,-0.17297165,0.10534996,-0.07260804,-0.055365544,0.24093014,0.032111,-0.0030029481,0.059854485,0.027620822,-0.045027602,-0.02313063,-0.026449224,-0.0866371,-0.0097191315,0.1221223,0.18722072,-0.0073650414,0.013852067,-0.18974972,-0.0031076982,0.036747362,0.028722333,-0.040234905,-0.123941705,0.1093069,0.034017183,-0.064356536
TCGA-BH-A0HI-01A,0.13732034,0.08798579,0.06995545,0.15107128,-0.0065042996,0.06857196,0.07334841,0.04835082,0.07746769,0.0034363442,0.030524205,0.05204764,0.0055367234,0.08002601,0.117453106,0.046651706,0.15902431,0.107065134,-0.008999783,-0.12371717,0.011408262,0.0071042506,0.010499854,0.2330961,-0.0019252782,0.20539148,-0.28100494,0.025298689,-0.10081939,0.016370695,0.1333154,0.105841875,-0.11801454,-0.12824544,-0.06207221,-0.15484951,-0.100562565,-0.10306328,-0.11203433,0.03524724,-0.09365106,-0.07461136,0.06572645,-0.08218621,-0.06498984,-0.16712248,0.11745075,0.092790425,0.028157834,0.08951166,0.0076492247,0.18001983,0.0056313872,0.20410766,-0.026042804,0.017559743,0.20968276,0.13500284,-0.006359456,-0.044544935,-0.030578805,-0.050163597,-0.060023744,0.23261295,0.017193636,-0.11303503,0.117434435,-0.084171824,-0.06888362,0.03851006,-0.18415532,-0.017818993,0.080670096,-0.09748117,0.040839538,-0.06628893,0.025593523,0.0841915,0.018942585,0.010470685,0.115256,0.08147728,-0.021237649,0.051785853,-0.014861095,-0.06424409,-0.007894902,0.11368125,0.16943134,0.029527439,0.0018805579,-0.12951542,0.044820387,0.06506615,0.092474796,-0.12739855,-0.101321325,-0.018783148,0.0153975515,-0.13359241
TCGA-E2-A10C-01A,0.0044490704,0.07565272,0.14368501,0.0851498,0.048495937,0.16115999,-0.016058616,0.0053706435,0.0064275647,0.006904827,-0.10957683,-0.010242595,-0.0062746634,0.11437734,0.22824201,-0.09938984,-0.061665267,0.118552804,-0.06310769,0.014925662,0.027236946,-0.028167095,-0.09851368,0.070448495,-0.0071629197,0.08711665,-0.29167157,-0.07782217,-8.360487e-05,-0.08276434,0.1752473,0.08312376,-0.24246174,-0.16067107,-0.011574497,-0.2490969,-0.085605256,-0.058917835,-0.059752975,-0.042654708,0.0075394036,0.018235294,0.10658727,-0.047382794,0.0015576557,-0.07919559,-0.06661257,0.106102966,0.027958203,0.22629234,0.01491931,0.09932439,0.03807237,0.084553525,-0.029499274,0.08152189,0.066378474,0.003085666,-0.089362815,0.05367072,-0.0057126777,-0.0071402374,-0.1135934,0.12720293,0.019105058,-0.16290583,0.25705132,0.051462628,-0.08376911,0.11791537,-0.01597709,-0.08989863,-0.043196894,-0.056740586,-0.008944438,-0.16206881,-0.036025908,0.11469492,0.118883595,0.024424916,0.011616717,0.03072626,-0.09471048,0.006958124,0.024166726,-0.15960486,-0.0061236396,0.23250602,0.13237584,0.057323724,-0.0027383901,-0.06014009,-0.034637935,-0.0023050108,0.097856775,-0.019851474,-0.14448783,0.10326977,0.041970897,-0.05198488
TCGA-C8-A273-01A,0.020141331,-0.0047769975,0.06585835,0.09507859,-0.031009015,0.11364734,0.03744008,-0.017816776,0.026281174,-0.0026558721,-0.0036238746,-0.019129103,-0.035585355,0.1256177,0.13078968,-0.09094105,0.10055729,0.15993245,0.06339623,-0.015800983,0.05845506,-0.068347536,0.09070901,0.12038986,-0.024954436,0.0944862,-0.24535108,-0.02496167,-0.031633083,-0.1435902,0.09763844,0.05418103,-0.10567022,-0.20400016,-0.042379785,-0.15670708,-0.1269041,0.02315527,-0.088465996,-0.102635816,-0.05538026,-0.053237423,-0.06987325,-0.052479193,-0.04813641,-0.0902657,-0.0020988283,0.048884302,0.110440604,0.22302844,0.13513455,0.15283082,0.040607505,0.16792537,-0.109454334,0.075352974,0.2612491,0.06927511,0.04022444,-0.047226943,-0.029590977,0.089923106,-0.13343869,0.16907524,0.028316082,-0.07125496,0.25230289,0.10319981,-0.041056905,0.011985926,-0.032761075,0.0021143248,0.06773261,-0.112744026,0.07424201,-0.04414142,0.08040009,0.11792727,0.059411526,-0.14255124,0.07442202,0.026786903,-0.0691149,-0.02663747,0.04216539,-0.07579324,-0.035615247,0.13570756,0.13920884,-0.023551017,-0.08759297,-0.14696597,0.027473051,-0.14343257,0.16249263,-0.10987345,-0.05912589,-0.011981346,0.048920147,-0.14817607
TCGA-A1-A0SF-01A,-0.047981553,0.007902983,0.16053277,0.09969571,-0.05856969,0.12473768,-0.005271825,0.030799342,0.14222406,-0.033708356,0.010757257,-0.0440268,-0.05499494,0.15980417,0.05570862,-0.0675508,0.13747348,0.12877515,0.0004262036,-0.03121363,-0.12438839,0.1323556,0.049688905,0.025223019,-0.019490233,0.08075513,-0.26138666,0.011231463,-0.05499338,0.03983513,0.1074182,0.06481321,-0.14766096,-0.21638152,-0.042454343,-0.2474093,-0.07429183,-0.13298805,-0.05485665,-0.066032484,-0.030525494,-0.07438659,0.10433692,-0.18585926,0.008547155,-0.12594806,-0.029124908,0.0045731287,0.07307662,0.16567665,0.029353252,0.055381216,0.114085086,0.021830019,-0.12553552,-0.025136946,0.111909576,0.02660796,-0.08229466,-0.014675953,-0.037512243,-0.0840272,-0.1258736,0.16885115,-0.016766276,-0.06539991,0.1747566,0.041892868,-0.11868489,0.06254401,-0.08140929,0.0028903622,0.058710042,-0.23165539,-0.03135409,-0.0075319926,-0.03439732,0.06268727,0.10028221,-0.09600801,0.060091205,-0.055090018,-0.028777596,-0.0797887,-0.08802231,-0.090462,0.0074968277,0.18800773,0.11204921,0.05030362,-0.03599483,-0.06722161,-0.10210795,0.015202882,0.13459107,-0.076652266,-0.21827954,0.07310252,-0.002175612,-0.16050653
TCGA-D8-A1XO-01A,-0.019041158,-0.0896123,0.21465921,0.26986298,-0.047723573,0.14256395,-0.049968403,-0.036754336,0.04831087,-0.012966412,-0.030300042,0.049490083,0.08733077,0.14657235,-0.021453615,-0.0044899015,0.077198215,0.11420897,-0.093490124,-0.08205299,0.013458046,0.037701644,0.04755848,0.14401555,0.0299561,0.16915448,-0.22829461,0.049369216,0.047145776,-0.036977757,0.007813822,0.05809395,-0.105906665,-0.16395257,-0.09522238,-0.23315653,-0.07629489,0.061201766,-0.08732917,-0.017505134,-0.009340735,-0.0025768008,0.09606991,-0.06682866,-0.064516716,-0.14233641,-0.022857128,0.069862396,0.1171416,0.07152179,0.011061757,0.10092246,0.056872834,0.11571827,-0.027232246,0.0480993,0.18884619,0.006398145,-0.068570934,0.041408274,-0.03680756,0.12491812,-0.01988741,0.08709912,0.036445383,-0.13378666,0.16582488,0.05779317,-0.13298242,0.07190864,-0.0998549,-0.020183105,0.020881638,-0.26322508,0.09747676,-0.11641358,0.024481999,0.07927197,0.06300025,-0.04244974,0.061303638,0.043886885,0.011330677,-0.011264146,-0.026310125,-0.07279215,0.024039585,0.27306107,0.17890699,-0.020216066,-0.02280255,-0.1654025,0.052229233,-0.12630528,0.098491885,-0.038396057,-0.103087924,0.034026828,0.040425688,-0.05216969
TCGA-BH-A8G0-01A,-0.0146628255,0.046886522,0.28738376,0.14695936,-0.022278065,0.08480159,-0.001837074,0.028553989,-0.03890879,0.09119634,0.084110364,0.005799969,-0.08151315,0.11758001,0.01647235,-0.13217987,0.07935014,0.15073146,0.061015807,-0.10479741,0.10959675,0.02302141,-0.060230903,0.073450625,-0.015146706,0.0040579187,-0.19919032,-0.00017880942,0.023697272,-0.1497467,0.09018682,0.0931847,-0.23630428,-0.22093911,-0.0547008,-0.1960571,-0.14436844,-0.07656374,-0.06818768,0.0834585,-0.0054693827,0.048354253,0.09889336,0.011869693,0.055626445,-0.071843766,-0.027796093,0.068886146,0.08810699,0.115361534,-0.030576155,0.18061315,-0.021070134,0.14217773,0.039848275,-0.06966012,0.100284904,0.019372305,-0.16066429,0.0012368794,-0.05651126,0.006342265,-0.15196276,0.08971161,0.08338626,-0.103855334,0.08229094,-0.004676585,-0.041788027,0.10580327,-0.12543409,-0.13710447,0.049323525,-0.11769596,0.11506964,-0.12738934,0.086549014,0.14724323,0.1555189,-0.071885265,0.018775733,0.071308605,-0.077594616,-0.032155436,-0.010232609,-0.086749494,-0.0635782,0.100407735,0.2093373,0.025110977,0.04093647,-0.119472034,-0.017716072,0.0036313967,0.15720314,-0.039617773,-0.15302718,0.025962792,0.0100767715,-0.013520716
TCGA-AR-A24R-01A,-0.0099326195,-0.026909837,0.1778929,0.05985777,-0.05483409,0.115720674,0.14308816,0.087266855,0.027574258,0.07080088,-0.024386598,-0.0024407366,-0.05212284,0.22029608,0.09152346,-0.09631002,0.08556788,0.18136191,-0.16776386,0.036929116,0.101161785,0.10293634,0.043999877,0.0593588,0.009071669,0.1391446,-0.17771572,-0.011541008,-0.081730716,-0.090453796,0.1052546,0.14633949,-0.038567606,-0.19778582,-0.055670083,-0.19901378,-0.1792626,0.0061667664,-0.11235539,-0.033946782,0.028124383,0.03540477,0.016844923,-0.045103393,0.039428934,-0.037303757,-0.11052499,0.119119294,0.078227885,0.18692058,-0.002977856,0.1411627,0.13710363,0.08250355,0.008611018,0.06189589,0.17588025,0.062075324,0.014556605,0.0568744,-0.048974246,0.11348413,-0.00799607,0.17362137,-0.019515272,-0.13179739,0.26975062,0.038788278,-0.06736124,0.012415805,-0.14410213,0.035074584,0.028773148,-0.18159097,-0.010740352,-0.048905093,-0.03440123,0.056234565,0.025670186,-0.05819533,0.08571754,-0.03157906,-0.08044634,-0.002764319,0.016902328,-0.027432043,-0.14138941,0.17294583,0.15783398,-0.034036275,0.0032581773,-0.090617836,-0.13036296,0.039479323,0.060376354,-0.09237804,-0.08005007,0.006129645,0.082724035,-0.07053204
TCGA-OL-A5RZ-01A,-0.022244722,0.047758095,0.14877354,0.11134739,0.021123374,0.13314226,0.100979604,0.03376668,0.029612487,-0.027875174,-0.042868305,-0.057950657,-0.16121252,0.123205855,0.09097917,-0.104652256,0.024457209,0.14746144,-0.025026934,0.12443978,-0.012613785,0.026837457,0.045109116,0.1387822,0.032656398,0.07814547,-0.15721452,-0.011004827,-0.054502703,-0.01794213,0.14535505,0.0811752,-0.17960086,-0.16544789,-0.17943929,-0.2431421,-0.161644,0.034550514,-0.030569706,0.02759694,-0.06943337,-0.07329328,-0.020713616,-0.08852666,-0.12194703,-0.038532354,0.041570947,-0.041784916,0.0416075,0.115199946,0.036587108,0.10889893,0.06553939,0.06597737,-0.123315126,0.0155060785,0.067300335,0.02399717,-0.04933717,0.0074019935,-0.07994961,0.14289431,-0.011310797,0.059999753,-0.07279464,-0.14577824,0.24993114,0.12555037,-0.14593276,0.09479663,-0.117358446,-0.0875004,0.07255992,-0.11529068,0.049731456,0.00082265615,0.0036707295,0.05369804,-0.04886188,-0.044118263,0.050129715,0.014307421,-0.032355532,0.048811663,-0.016021904,-0.064757794,-0.042941183,0.19953394,0.24157308,0.008173036,0.11460377,-0.16817789,0.06311579,-0.0014405177,0.17717814,-0.16324298,-0.06686386,0.060220577,0.04969848,-0.1554322
TCGA-A2-A3Y0-01A,0.051918566,0.09616959,0.14239731,0.19438432,-0.05262726,0.1875348,0.08716689,0.01359724,-0.03583873,-0.069187544,-0.014809162,0.016147032,-0.049306195,0.06107679,0.032859284,-0.03752741,0.076053426,0.259501,-0.021803105,-0.17535925,0.012911273,0.009748076,0.03620022,0.11275822,0.08042876,0.053019714,-0.14805003,0.008269818,-0.034637216,0.015756771,0.027553061,0.06348086,-0.12903436,-0.21137264,-0.051860332,-0.15192083,-0.16941221,-0.007955399,-0.029661663,0.09535857,0.018213278,-0.0065415497,0.047613636,0.0016955911,0.030704705,-0.13499464,-0.12536755,0.054254547,0.12422058,0.18351676,0.108498,0.12559277,0.11899099,0.108696334,0.000648831,-0.047379814,0.1330361,0.013564948,0.02153485,-0.015337739,-0.085046306,-0.021740485,-0.04830732,0.12871504,-0.010068432,-0.104526445,0.09080368,0.09997449,-0.051958814,-0.085501276,-0.106058285,-0.09287901,-0.016144956,-0.16752715,0.12177923,-0.06609083,-0.008750898,0.034071628,0.122305356,-0.10606444,0.10557088,0.01356508,-0.028819209,0.046234466,-0.08881526,-0.06542138,0.026981112,0.12591106,0.14376055,-0.008476495,-0.010135203,-0.23368785,-0.017992795,0.051981017,0.20622925,-0.057125114,-0.0577007,0.16767077,0.1404984,-0.20961408
TCGA-D8-A1JC-01A,-0.07853239,0.090904735,0.20487744,0.16186647,0.03312134,0.06803429,0.038277555,0.06308662,0.03902288,0.054727744,-0.0331071,-0.051362384,0.008680458,0.11468581,0.08250926,-0.03503003,0.06476034,0.0794747,-0.09179229,-0.018747898,0.02405863,-0.021267466,0.028892504,0.15952127,0.040819906,0.14514302,-0.22526263,-0.11786342,0.045545515,-0.023126224,0.16141413,-0.022178214,-0.10688988,-0.17426825,0.027565738,-0.13703929,-0.19310072,-0.09251335,-0.15749086,-0.019857371,-0.007017199,-0.015848314,0.05814193,-0.05560183,-0.04724002,-0.18284218,-0.0006995968,0.00079521054,0.13082288,-0.027212504,0.077443525,0.1958459,0.086849324,0.21183287,-0.14846937,0.12141399,0.18434212,-0.0005687814,-0.10244959,-0.036599856,-0.084882475,0.053220324,-0.06356708,0.1911648,0.031694684,-0.09596082,0.14302434,0.02982075,-0.03133446,0.11699275,-0.082306035,-0.051146485,0.04510543,-0.1848982,0.040714916,-0.03710407,0.02864556,0.06468324,0.120027125,-0.10013695,-0.040426906,-0.098718725,-0.13115263,0.07165557,-0.06910089,-0.010535561,-0.012452458,0.11110632,0.21431385,0.056307655,-0.06185276,-0.1326774,0.050767366,0.06970592,0.12899716,-0.065972686,-0.05556015,0.014366512,0.0024183958,-0.11510158
TCGA-BH-A1EO-01A,0.05003639,0.004526474,0.14136466,0.18515334,-0.031966317,0.035145182,0.13963762,0.06734875,-0.03159268,0.012698912,-0.10094105,0.058956526,-0.0044280123,0.0955539,0.06966922,-0.09238195,0.08869062,0.19242217,0.023836456,-0.09631725,0.0640803,0.020308498,-0.0069045033,0.095682204,-0.0060505522,-0.03488344,-0.20693867,-0.0017266272,-0.060432978,-0.12331184,0.109469,-0.013526867,-0.2047091,-0.22176804,-0.21154971,-0.2244507,0.00961729,-0.095140554,-0.016277052,-0.031860754,-0.04701216,-0.03643027,0.15617079,-0.046789322,-0.028153235,-0.120810345,-0.05953224,0.057970233,0.089096025,0.09854756,0.08157931,0.13304746,0.007999265,0.07330846,-0.11774444,0.02592033,0.05482034,0.017784704,-0.09689746,-0.032184366,0.04002841,0.086706296,-0.0771455,0.21347204,0.013649663,0.00057859963,0.1406602,0.07809555,-0.16639642,0.08409185,-0.15624219,-0.029417984,0.06692898,-0.26899904,0.040275875,-0.01673687,0.033293802,0.07776899,0.049996164,0.028206857,0.17656632,-0.084685616,0.027480893,-0.041306913,-0.025271272,-0.036742333,0.03768907,0.19364779,0.15970327,-0.029950129,0.029024241,-0.13371225,-0.007395391,0.08741033,0.07164682,-0.1682954,-0.016052598,0.027674446,-0.0052862545,-0.07891514
TCGA-AR-A2LO-01A,0.0817525,0.006010989,0.13283658,0.22775431,-0.020095367,0.15592104,0.033205472,0.08058284,0.107813075,-0.010428135,-0.088755935,-0.06926197,-0.1006519,0.11815631,0.11829583,-0.17194392,0.10144164,0.14179957,0.118523136,-0.100900844,0.010077959,0.053940024,-0.006293697,0.1567954,0.08059918,0.01065682,-0.15574528,0.028379869,-0.06327072,-0.1612388,0.08066465,0.058289237,-0.1907895,-0.0991355,-0.0043914956,-0.1421709,-0.05305812,0.023322325,-0.021155626,0.05853869,0.01436367,0.01009611,0.12891209,-0.023142047,0.047328632,-0.03719074,-0.036545314,0.14222795,0.117514625,0.16013241,0.041119114,0.109575264,0.018305546,0.07591839,-0.022107895,0.033929512,0.14548942,0.03559368,-0.18627611,0.06607294,-0.019426785,0.017393649,-0.12974241,0.09432003,0.07364117,-0.13988407,0.16935433,-0.016483182,-0.12221305,-0.13849434,-0.16203342,0.024415385,0.0111894,-0.25940445,0.0029406461,-0.06938789,-0.06612688,0.097571224,0.045358986,-0.06858541,0.08987449,0.0228165,-0.0692922,0.03817431,-0.08097621,-0.050971374,-0.018395087,0.110975824,0.17300978,-0.05459042,-0.038039718,-0.23804405,0.08454453,0.061991915,0.086315684,-0.03746854,-0.11733301,-0.046644885,0.012599369,-0.09473016
TCGA-E9-A1RH-01A,0.035153363,0.07929615,0.18673675,0.17299797,-0.0718345,0.0610753,0.093220495,0.034358907,0.020345997,0.06824949,-0.07129601,-0.019413974,-0.025895633,0.14429155,0.20467502,0.017391529,0.057888333,0.13120787,0.020710664,0.0065698023,-0.043467913,0.0035329284,-0.084570855,0.09954286,0.04729067,0.066540405,-0.13516057,-0.092374295,0.0018393325,-0.17131841,0.04573185,0.07216585,-0.07585016,-0.20270456,-0.16802551,-0.18330112,-0.030615093,-0.09303702,0.0033735244,0.10891202,-0.0022652992,0.08724453,0.021810153,-0.036685977,0.016834015,-0.04352356,-0.08980365,0.04531534,0.090930246,0.16740589,0.120159164,0.13743608,0.13084473,0.17060567,-0.057290513,0.06866979,0.08309707,-0.02439461,-0.092833474,0.0037961185,-0.11668661,0.045505743,-0.07602656,0.053772967,-0.1108631,-0.01971945,0.24061295,0.06769283,-0.074653365,0.12831178,-0.12565677,-0.02357243,-0.015265298,-0.10189193,0.07241036,-0.09429877,0.04871972,0.13350299,0.0061282716,-0.016338209,0.062209368,0.019763773,-0.056516707,0.014289975,0.067167364,-0.040425587,-0.025341483,0.27349454,0.2100719,0.02154879,0.05365768,-0.10869108,0.09293431,-0.09510999,0.17713933,-0.10589083,-0.17177297,0.04458393,0.063913934,-0.072065905
TCGA-BH-A208-01A,0.034492612,-0.044824343,0.23752253,0.10151422,-0.03746813,0.18189959,0.13762635,-0.037482698,0.028708866,-0.039836157,0.051739477,0.04957852,0.015440475,0.116257966,0.115933016,-0.04070847,-0.0032901717,0.029252885,-0.07754281,-0.13509297,0.077624395,0.05056244,-0.06510513,0.051535096,-0.07405151,0.15225996,-0.21423489,-0.08615543,-0.04168289,-0.046780307,-0.01846632,-0.024640586,-0.22697522,-0.21170688,-0.050887518,-0.117125824,-0.0007196326,0.011817724,0.017384846,-0.024046276,-0.10080537,0.056270104,0.0038557027,-0.09508389,-0.0066396603,-0.011421388,-0.07113063,-0.005488657,0.093648754,0.065145485,0.12797204,0.09965491,0.10337366,0.099811085,-0.1194629,0.010510264,0.059190415,0.019748332,0.02858871,0.080179356,-0.051523205,0.111201085,-0.08616159,0.11887217,0.020390766,-0.092288405,0.17558567,0.096024394,-0.09544224,0.051033445,-0.08399628,-0.02345815,0.10852159,-0.271021,0.1143933,-0.042549647,-0.019631706,0.12984507,0.044630848,-0.10667394,-0.031978417,0.032709252,-0.03355373,-0.008403906,-0.029772582,-0.063523926,-0.106054805,0.12835315,0.26083156,-0.07827369,0.031911053,-0.09794885,-0.084373735,0.05550233,0.1893716,-0.021530531,-0.16919057,0.13016273,0.023310725,-0.18870755
TCGA-OL-A66I-01A,-0.08586775,-0.09000078,0.076560445,0.14849259,0.0006380708,0.10887838,0.10849951,0.002311249,0.16217786,-0.020139854,0.027840013,-0.03289651,-0.039094917,0.09668696,0.058124125,-0.062122278,0.1270658,0.12908177,-0.010794446,-0.0038386493,0.078685895,-0.028772742,0.087790966,0.006046319,0.047751676,0.077112965,-0.2703253,-0.0016904875,0.03067401,-0.07662561,0.05488036,0.08596907,-0.11817693,-0.17507146,-0.15765662,-0.119488984,-0.04588583,-0.05579972,-0.040425643,0.0039712926,-0.012676583,0.005336558,0.11208603,-0.071420945,-0.055286985,-0.07591717,-0.09504558,0.03015555,0.18822075,0.16270623,0.08020358,0.11500784,0.24214084,0.06771831,-0.027405752,-0.022144523,0.095346145,-0.05890157,-0.040473282,-0.08965697,-0.014227289,0.14833936,0.09296199,0.09595457,0.07584472,-0.08794857,0.2044867,0.052275643,-0.0106908325,0.08269493,-0.12849408,0.020984307,0.06488887,-0.25655314,0.0846392,0.04920718,0.0057413424,0.04848861,-0.021620171,0.018831171,0.098109856,0.02130828,0.0033106224,-0.005512602,-0.04180908,-0.12124784,-0.09546158,0.11550549,0.19246566,0.05946674,0.08623696,-0.12837526,0.05377964,0.06227504,0.15309921,-0.101598434,-0.12016247,0.09657687,0.038338248,-0.24593839
TCGA-AC-A4ZE-01A,-0.055938005,0.05757046,0.1836552,0.18565483,-0.021497803,0.20649485,0.12680683,0.016944673,0.15104078,-0.013686042,-0.061656505,-0.069856696,-0.09177318,0.10410845,0.120294176,-0.05410189,-0.049969565,0.19556127,-0.06574045,0.0035890285,0.045285366,0.016109433,-0.015831394,0.10352354,-0.002059158,0.122805625,-0.15082993,-0.06368328,0.0028993895,-0.13954811,0.070359424,0.1440454,-0.22012344,-0.10276584,-0.1859519,-0.26063845,-0.0003252638,-0.14499325,-0.119015895,0.04590595,-0.13493669,0.0026943581,0.11295725,-0.1051711,-0.046644773,-0.051793728,0.031950723,0.056538075,0.1743037,0.13042292,0.11815627,0.12646653,-0.039351366,0.071275115,-0.118233554,0.07521616,0.027845787,0.0030613656,-0.018121308,-0.015882095,-0.036179435,0.05940261,-0.09910534,0.1646536,-0.07622545,0.018077796,0.104058184,0.042237155,-0.0987191,0.11376944,-0.08286141,-0.034461778,0.0069335885,-0.121778525,0.06438178,-0.08229169,-0.03665424,0.102215216,-0.0021378226,-0.03661876,0.059508804,-0.0495305,-0.027101507,-0.031569425,-0.0749094,0.0034822181,-0.07665509,0.1302584,0.23009673,-0.055094358,-0.046121668,-0.15202288,0.012872902,0.054481618,0.044007573,-0.16539457,-0.09494517,0.049106203,0.07505596,0.011130323
TCGA-A7-A5ZW-01A,0.016876644,0.03022599,0.21905667,0.046005413,0.0034971673,0.07462616,-0.049967796,0.0672691,0.00069319207,-0.044179928,-0.025144799,0.021212779,-0.05485361,0.18461137,0.068599835,-0.10895952,0.102430254,0.12317391,0.0028369054,-0.11140387,0.18472679,0.0118513405,0.0041646846,0.18939008,-0.02516999,0.0761786,-0.14777024,-0.057013188,0.03458303,-0.1898826,0.042050835,0.052723456,-0.07152539,-0.15069741,-0.05408697,-0.08744817,-0.13986462,-0.113117374,0.0048536845,0.029628891,-0.08997698,-0.055586927,0.05188199,-0.11182374,-0.028267883,-0.09529268,-0.096878506,0.0061147683,0.16494676,0.107342616,0.102812186,0.024172436,0.09340896,0.18015166,-0.010753139,0.06694885,0.14962931,0.11172697,-0.09628618,-0.07047447,-0.033384576,0.06485398,-0.087511234,0.194963,0.023472004,-0.15560788,0.09161215,0.07525095,-0.14611933,0.067761436,-0.017909115,0.046874776,-0.010920901,-0.2205643,-0.011397144,-0.08249401,0.0028313235,0.1004964,-0.0026954205,-0.080175236,0.15223603,0.022167824,-0.013307308,-0.056210216,0.07590095,-0.018636003,-0.063209474,0.19142811,0.13053714,0.019204358,-0.056239385,-0.22113486,-0.11533667,-0.112757966,0.17380565,0.015264936,-0.16037835,0.04653001,0.027545597,-0.12992288
TCGA-A8-A0A6-01A,0.024519196,0.052082088,0.18485734,0.09313024,-0.11191629,0.093511894,-0.054553315,0.027659087,0.056126636,0.03240185,0.022372665,0.012006621,-0.034513727,0.08406137,0.14123765,-0.007290797,0.043777037,0.08973184,0.0768004,0.07839039,0.17227925,0.07069705,-0.07936443,0.15977384,0.027905446,0.12146774,-0.15723255,-0.043139454,0.031376377,0.042015377,-0.010234,0.13597561,-0.079613194,-0.13734737,-0.13502361,-0.23133253,-0.0007991137,-0.076217435,-0.18825652,-0.03388451,-0.0094998395,0.051522765,0.04292669,-0.039604772,-0.17622359,-0.11583116,-0.10003892,0.0613734,0.1173821,0.13645273,0.05725998,0.17091538,0.046658877,0.014611637,-0.03256609,0.017695436,0.12801939,-0.047675803,-0.06882497,0.016355176,-0.11354675,0.07043801,-0.085831,0.08750057,-0.0646413,-0.13572752,0.21384037,0.13180207,0.055184625,0.09810193,-0.11350262,-0.096360415,0.046685304,-0.19223894,0.09318766,-0.1560217,-0.07247535,0.13108906,0.04367536,0.037025757,0.06420739,-0.053236824,-0.16951318,-0.0003724004,-0.12509726,-0.13499413,-0.029501399,0.11114463,0.18309325,-0.014001442,-0.007472031,-0.11635132,0.1148251,0.0058486382,0.1618207,-0.0782086,-0.0728881,0.08010314,0.03174759,-0.089609705
TCGA-AR-A5QQ-01A,0.035511635,0.0007116342,0.089502946,0.13949741,-0.051463723,0.13514528,0.08020446,0.105396114,0.008963865,0.024168238,-0.056012392,-0.15010746,-0.19885923,0.09225092,0.11142041,-0.080548294,0.028384287,0.057016015,0.026443131,-0.060820434,0.093487106,-0.02800862,0.047622178,0.07676361,0.004108309,0.12701415,-0.12305351,-0.14346388,-0.12886065,-0.019165104,0.1585808,-0.006256426,-0.17969148,-0.11699124,0.015131009,-0.20446908,-0.021446005,-0.044583067,-0.14500594,-0.014398325,0.0011634787,0.046647426,0.101528294,-0.11600832,0.034733165,-0.10968061,-0.104662,0.082107045,0.007043863,0.0501719,0.01836085,0.101921305,0.08588298,0.073252805,-0.086420245,0.009562,0.13371077,0.04965373,-0.058776967,-0.011516632,0.077080674,0.08521977,-0.121022195,0.0618761,0.051284734,-0.07415314,0.15571818,0.09549595,-0.15710613,0.080971435,-0.21395253,-0.060190476,-0.03871428,-0.12620664,0.17233695,-0.12374698,-0.03868793,0.024675235,0.08435522,-0.008715086,0.104617484,0.012015493,-0.1328984,0.046032004,0.042130932,-0.08102103,-0.094298095,0.0064933337,0.2752671,-0.0014310649,-0.05174835,-0.18034567,0.065287255,-0.025811093,0.11790179,-0.09891366,-0.22755066,0.006652254,0.1659969,-0.024351895
TCGA-A7-A6VW-01A,0.026131952,0.03285923,0.21065128,0.12748776,-0.063887484,0.08350383,0.11503472,0.012704707,0.05816868,0.0065874434,0.058742482,-0.0109472,0.004679367,0.058481287,0.10809401,0.0284628,0.1371807,0.16769092,0.07159787,-0.060436632,0.060182612,0.014837983,0.059749823,0.21549474,-0.02390879,0.08534672,-0.14400877,-0.04285776,-0.035779987,-0.1269744,0.05637122,-0.01335831,-0.11083996,-0.22801785,-0.15790185,-0.16549906,-0.015258561,-0.09571386,-0.108983204,-0.08608044,-0.06949347,-0.056608684,0.071245104,0.017581707,0.017891802,-0.03286159,-0.0839816,0.06341009,0.03030211,0.15969244,0.08237369,0.1286344,-0.016607324,0.18041492,-0.067256905,0.02637646,0.1314746,0.094802745,-0.053122453,-0.07992072,-0.023876153,0.07341106,-0.038256206,0.09777761,0.08002627,-0.16703121,0.1467047,0.044191454,-0.0645491,0.055619005,-0.041708384,0.10257295,-0.053994168,-0.20789252,0.20546609,-0.11784421,-0.07651591,0.1693286,0.080616206,-0.05826875,0.063622534,0.06260578,-0.0057876473,-0.04778965,-0.028915374,-0.07351237,-0.026644792,0.050059143,0.22273545,0.009002648,7.989961e-05,-0.10928937,-0.007525813,-0.13254581,0.22948249,-0.09809695,-0.086273156,0.06048806,0.031666346,-0.14381301
TCGA-A7-A26J-01A,0.005202223,-0.051277738,0.22297318,0.07925312,-0.028957957,0.19736378,0.04512698,0.019003654,0.07417819,0.015702864,-0.01733447,-0.080361225,-0.0016679098,0.11734978,0.049631823,-0.076135,0.12140615,0.18596445,0.048265576,-0.056684446,-0.02760011,-0.0014223058,-0.03753874,0.110524416,-0.06971448,0.069441415,-0.20029305,0.04261482,-0.059250902,0.018552942,-0.058822796,0.008180556,-0.16257653,-0.15603714,-0.09706953,-0.22971472,-0.16114867,-0.12720741,-0.096237436,-0.08153254,-0.025087222,0.073902,0.033149872,-0.067850195,-0.088594034,-0.16483095,-0.15174703,0.10670721,0.041484673,0.061145548,0.06873447,0.084647626,0.1080405,0.15348202,-0.074003965,0.017796906,0.12626152,0.08578753,-0.13037458,-0.04316856,0.054884844,0.0052593155,-0.117369115,0.10674511,-0.009867856,-0.16691639,0.04847496,0.05676739,0.05281255,0.15908809,-0.12891796,0.005559054,0.059546642,-0.065995544,0.058730334,-0.055072397,-0.03968604,0.09491423,-0.015935086,0.037594426,0.016943809,0.13650964,-0.007002799,-0.05665411,-0.074673265,-0.01388416,0.0009382427,0.18092601,0.14475656,0.025149798,-0.1093996,-0.134372,-0.0105949035,0.10759162,0.17153887,-0.16767515,-0.21106581,0.110194504,-0.022144113,-0.1083721
TCGA-C8-A1HF-01A,-0.012770282,0.044075772,0.14266281,0.15898345,-0.08654017,0.06036221,0.08061596,-0.026452808,0.04867159,0.10764715,-0.038974807,-0.036381725,-0.12013246,0.12117913,0.121178105,-0.058093008,0.09409641,0.09996596,0.011278057,0.067077294,-0.015344204,-0.00542031,-0.07618019,0.16355827,-0.007368584,0.12915795,-0.19085509,-0.026135845,-0.14572473,-0.15356734,0.054801814,0.09123325,0.0018592245,-0.1790102,-0.12601443,-0.19665127,-0.070775464,0.04904922,-0.059289306,0.04482203,-0.007824092,-0.026164727,-0.009379159,-0.116958305,-0.075600296,-0.06716487,-0.05692928,0.120986454,0.20370872,0.18004535,0.040201295,0.16977473,0.12807453,0.06563864,-0.009353227,0.035019763,-0.055863578,-0.023225266,-0.033669636,0.1170162,-0.016846545,0.10206285,-0.12094611,0.12827538,0.124501415,-0.08494597,0.13549086,0.09348807,0.007900415,0.046464033,-0.021477813,-0.09224866,-0.002231734,-0.16226289,0.0073933247,0.011261293,-0.070628166,0.13324904,0.074564144,-0.105065085,0.048498757,0.026731396,-0.04780701,-0.019576259,-0.015682967,-0.092307225,-0.082810186,0.17679343,0.21125275,-0.19956619,-0.04776049,-0.13859369,0.029313747,0.052015763,0.16999194,-0.09081577,-0.18567601,0.039845042,0.030885013,-0.108261175
TCGA-OL-A6VO-01A,0.03511182,0.06149637,0.2342395,0.23104528,-0.03161874,0.10360602,0.073304996,0.049929578,0.14445618,0.0051631336,-0.0016146803,-0.02620491,-0.07813907,0.031911388,0.102969706,-0.03367601,0.14884873,0.06344669,0.05044288,-0.17462517,-0.030155065,-0.033823997,-0.008168633,0.13070688,0.10028639,0.16219966,-0.12960027,-0.104784645,0.06765754,-0.123709954,0.036160905,0.13654333,-0.095595464,-0.14564222,-0.060635637,-0.20791836,-0.052481312,-0.060163,-0.029683575,0.05427631,-0.073097184,-0.07260596,0.053691264,-0.09351125,-0.011679864,-0.08133344,0.04961881,0.020777166,0.029298337,0.10055553,0.08240825,0.16078007,0.031371824,0.07793454,-0.059693813,0.05044828,0.1801036,0.062081013,-0.14656183,-0.074526034,0.0035097483,-0.00989386,0.00679367,0.07675842,0.12304617,-0.14621973,0.15516764,0.0214725,-0.024172498,0.12081983,-0.15331505,0.043694865,-0.009665562,-0.14545952,0.1664957,-0.09483309,-0.05144215,0.145771,0.051403057,-0.0053744563,0.047143973,0.10902446,-0.09949129,0.045926176,-0.17038941,-0.036068194,-0.17445241,0.111682996,0.16225244,-0.039636564,0.045388382,-0.15422864,0.095957115,0.033017695,0.13284855,-0.05171307,-0.1080123,0.0077830036,0.10114925,-0.0832251
TCGA-BH-A0E0-01A,-0.040501315,0.011271551,0.17389137,0.09639783,-0.094687395,0.09198831,0.0609909,0.08714776,0.10397846,0.067689374,-0.031049626,-0.0030527506,-0.013492149,0.14959092,0.18188785,-0.071321815,0.07510044,0.1703774,-0.041752685,-0.087454945,-0.016931295,0.018293701,0.013775647,0.14198059,0.0057451962,0.16987084,-0.12006691,0.00013381834,0.09389309,-0.09642963,0.19751878,0.095660955,-0.034096595,-0.12707613,-0.13728096,-0.1979138,0.0018405616,-0.016104363,-0.052186873,0.036557406,-0.042680908,-0.019580439,0.106883146,-0.05958478,-0.03593977,-0.16429436,0.03527851,0.019462166,0.17292488,0.07566466,0.04539727,0.0776865,0.061636724,0.13151762,-0.15815863,0.11043052,0.009702235,0.0410653,-0.06886315,-0.019449484,-0.025865007,0.019462332,-0.071623035,0.1400631,0.0986971,-0.08590809,0.17474821,0.0043597682,-0.10956162,0.08451422,-0.164689,0.03522721,0.016948551,-0.14579624,0.105808906,-0.050393883,0.0035548,0.06433155,0.08174488,0.056480747,0.01154921,-0.019519163,-0.03621813,-0.07767864,-0.014555522,-0.12120883,-0.025450455,0.19124424,0.22420634,0.040016443,0.026728991,-0.17316958,0.063311785,0.021862332,0.22298552,-0.1469758,-0.10576353,0.060434368,0.04788048,-0.19182973
TCGA-AC-A7VB-01A,0.105001435,0.014129571,0.062291257,0.15775543,-0.14830418,0.10626084,0.13441047,0.014283087,0.0011075323,-0.08642511,-0.050244603,-0.030070188,-0.14879635,0.2482046,0.12533699,-0.0003153904,0.06961109,0.17991126,-0.06533702,-0.14833044,-0.065372035,0.021502346,-0.037792884,0.087518305,-0.018072188,0.18067986,-0.17064099,-0.10534869,-0.042943455,-0.0030519215,0.11502163,0.012860779,-0.20901604,-0.109650776,-0.03045455,-0.22145902,-0.10999345,-0.06453712,-0.06625147,-0.009875778,-0.031044016,-0.031332128,0.16802624,-0.023601538,-0.051311724,-0.12388173,-0.09689362,0.054136053,0.15758073,0.08477765,0.09554792,0.13381419,0.024912355,0.12918088,-0.10502089,0.0050628195,0.06831783,0.09355613,-0.14833029,-0.09607986,-0.048580125,-0.023168918,-0.13307449,0.16082038,-0.012796899,-0.12525852,0.11934199,0.0755275,-0.064512335,0.016961882,-0.030250097,-0.03589132,0.027011577,-0.14783327,0.09522162,-0.07882277,-0.019951371,0.0032173113,0.008357725,0.035874724,0.020229075,-0.0030080972,-0.043465238,-0.0110498695,-0.0962111,-0.03949464,-0.109609455,0.23301958,0.1172858,0.022801986,0.0033155207,-0.16799156,-0.010267566,0.021917922,0.13976131,-0.17742683,-0.004814319,0.05045884,-0.019363085,-0.087477736
TCGA-AN-A0XV-01A,0.0054778853,0.07785743,0.10039049,0.21875297,-0.050760496,0.06537798,0.10013229,0.028821046,0.07443357,-0.018570762,-0.03657108,0.011871816,0.0046043326,0.10483887,0.07294655,-0.08678934,0.04893332,0.07988659,-0.04130159,-0.0858713,0.09725539,-0.08744388,-0.060494807,0.13522646,-0.0051896125,0.14908169,-0.17988378,-0.040592067,-0.030851077,-0.05936995,0.08718794,0.011576581,-0.14481328,-0.16150083,-0.042409867,-0.28172857,-0.036897607,-0.09980914,-0.11635084,0.072974436,-0.012440287,0.051132288,-0.016911874,-0.22920345,-0.03899436,-0.11197799,-0.042326387,0.11076377,0.14394473,0.098847896,0.15494044,0.008425424,-0.024039786,0.1357267,-0.055885334,0.08137893,0.12040445,0.036125336,-0.13345914,0.08019128,-0.053267814,0.042732242,-0.075830534,0.14262217,0.060512055,-0.06523889,0.17560703,0.043754246,-0.11171524,0.20196792,-0.05226471,0.06329348,0.080050126,-0.13139893,0.01880726,-0.015738444,-0.040773645,0.082807474,0.12158929,-0.069844104,0.13035813,0.10183512,-0.1403502,0.0054373043,-0.0658831,-0.12174131,-0.06734878,0.080454364,0.17604552,-0.10359194,-0.17188913,-0.19420995,-0.0018143614,-0.009079375,0.037578803,-0.01010545,-0.129148,0.009496771,0.028968994,-0.08269148
TCGA-AR-A252-01A,0.04974902,0.059829257,0.1530778,0.14915752,-0.07206641,0.13830312,0.07854713,0.0008749248,-0.049016897,-0.06927148,-0.06647078,0.034325596,-0.04825953,0.17040747,0.098827645,-0.0011470228,0.04305954,0.17206939,-0.038373325,0.013821737,-0.066887125,0.08833247,-0.12599353,0.08094893,0.010755625,0.12394091,-0.19202904,-0.03582625,0.06490593,-0.09162089,-0.0011566776,0.10306122,-0.15482366,-0.16459914,-0.1899139,-0.23229977,-0.10140015,-0.03615331,-0.11032567,-0.08448711,0.0017029549,0.028933452,-0.0814514,0.051318303,0.026086045,-0.0842009,-0.08103961,0.076611415,0.062877275,0.120299794,0.15788019,0.045559544,0.052822147,0.09025176,-0.07060496,0.06353504,0.11644532,-0.10563991,-0.087469585,-0.028832387,0.00059626705,0.09148417,-0.03912245,0.13399857,0.06721558,-0.06930019,0.17450266,0.07510847,-0.09615399,-0.012110894,-0.055558674,-0.070014894,-0.05994934,-0.15587865,0.1722785,-0.15282457,-0.018864313,0.07685098,0.084943324,-0.039177317,-0.01712539,-0.08476501,-0.11850595,0.021215392,-0.108887754,0.075868845,-0.1058329,0.18859607,0.18448147,-0.11303469,0.11267791,-0.11189125,-0.016757976,-0.045128718,0.09512605,-0.030218149,-0.10661292,0.205813,0.08103547,-0.026634749
TCGA-BH-A0H0-01A,0.055840023,0.03075517,0.17462522,0.15249594,0.014840827,0.12258644,0.1286889,0.040930178,0.0015140469,-0.09937624,-0.051173683,-0.055046007,-0.021349587,0.14709416,0.025601218,-0.063310325,0.018444281,0.27967167,-0.02310817,-0.078722686,0.05394597,0.010417989,-0.046199154,0.14838585,-0.011152437,0.19096632,-0.16549785,-0.10000767,0.019640611,0.011754414,0.071773104,-0.0058761886,-0.15593389,-0.13490662,-0.07701005,-0.19579759,-0.17744958,-0.04481881,-0.14604066,-0.049373895,0.066070765,-0.019159788,0.085885614,-0.11714388,-0.07503963,-0.1473169,-0.080294766,0.0022004049,0.13756947,0.10208844,0.08405795,0.08336449,0.040096264,0.121251285,-0.058322385,0.058144934,0.17727172,0.111586265,-0.13221617,0.035591558,-0.022638043,0.051510897,-0.13010982,0.16392729,-0.064560376,-0.09601755,0.15880984,-0.044166446,-0.030189825,0.17864545,-0.025085725,0.005909427,-0.017002296,-0.116505295,0.10975216,-0.07098074,0.058000714,0.028008234,0.06421509,-0.034418326,0.14222525,-0.0024505921,-0.04528767,-0.036501892,-0.030588187,-0.12911053,-0.108151086,0.13721785,0.17032094,-0.025558077,-0.05108372,-0.17996006,0.049521647,-0.04343744,0.09849565,-0.061525512,-0.15219061,0.014978283,0.047911163,-0.013968576
TCGA-BH-A1EY-01A,0.10351314,0.016961288,0.15800425,0.1195487,0.016572814,0.13793725,-0.14018802,-0.02770674,0.0330487,0.013682239,-0.0477916,-0.08261381,0.019380352,0.17181833,0.08100451,-0.07701881,0.14510715,0.115919635,0.006773979,-0.060389105,-0.030965861,0.0555582,-0.038802292,0.12558144,-0.05283041,0.18357669,-0.14384292,-0.14100015,-0.12280822,-0.016492823,0.0736868,-0.019355629,-0.13840204,-0.15025285,-0.14002933,-0.1781271,-0.08679917,-0.061156303,0.06482625,0.05302616,-0.061789677,0.019095322,0.13916045,0.0123882545,0.005218992,-0.032720137,-0.0007073889,-0.06343377,0.14755432,0.16026628,0.11563634,0.031277634,0.059114315,0.16204882,-0.07529093,-0.03630958,0.12758954,0.10518716,-0.094782,-0.040694375,0.004776762,0.08216444,-0.08567549,0.19007522,0.028694132,-0.027857127,0.16720149,0.10945467,-0.098148346,0.078141846,-0.06525751,0.12150584,0.04591599,-0.261139,0.11121758,-0.06478229,-0.018790247,0.085166894,0.034392282,0.0079230415,0.12660791,0.008739729,-0.010768038,0.07999098,-0.01837249,-0.04118289,-0.03589013,0.16487315,0.09884127,-0.18176219,-0.02193083,-0.15923165,0.0033245673,0.055031482,0.11652169,-0.043224625,-0.19166148,0.14264297,-0.018988539,-0.053303983
TCGA-BH-A1ES-01A,-0.00995282,0.074845985,0.19402742,0.16298766,-0.046693042,0.08396772,0.091338366,0.043808825,0.072715186,0.08048338,-0.08169466,0.040882856,-0.12337467,0.0012435411,0.057317313,-0.026693424,-0.034197826,0.07182924,-0.02429365,-0.04875138,-0.028974468,0.02469992,0.044440374,0.1885963,-0.032417886,0.10835027,-0.20499691,0.048832573,-0.018629884,-0.015971854,0.07435646,0.04993615,-0.22380924,-0.1809409,-0.03202801,-0.052250076,-0.16640525,0.026314927,-0.049303014,0.018052442,-0.025945142,-0.042355575,0.162303,-0.041874085,-0.0024537763,-0.013608411,-0.020828387,0.11542855,0.14451464,0.1564885,0.08339068,0.011961873,0.05474673,0.17526095,-0.045961108,0.028898064,0.17434949,-0.022601495,-0.10885661,0.014087831,0.053304587,0.05247235,-0.13069998,0.121300496,0.08347291,-0.10855527,0.13211836,0.117144644,0.041915968,0.1244027,-0.16377947,-0.04251461,0.08959711,-0.24917838,0.041409552,-0.01444648,0.0708489,0.04322683,0.1116628,0.037934743,0.056232885,0.011971052,0.009373164,-0.10637739,0.010011865,-0.085077345,0.04909816,0.15320307,0.25433475,0.042516775,0.0989457,-0.133783,-0.031925075,-0.043251354,0.2086487,-0.08791099,-0.1615766,0.10360403,0.03099814,-0.05231886
TCGA-AR-A5QN-01A,0.08380646,0.0053533325,0.19793281,0.1759523,-0.099733,0.09512627,0.043041267,0.018261801,0.019506749,0.0131194405,-0.01819754,0.0055122306,-0.044071876,0.11062284,-0.0033643544,-0.12499194,0.0106754955,0.051786974,0.018369554,-0.07857711,0.048401304,0.025104746,-0.06104507,0.17709377,0.047879152,0.1677746,-0.14317852,-0.15733159,-0.08363753,-0.103109814,-0.010382346,0.1331952,-0.16523293,-0.14614463,-0.1044404,-0.13449566,-0.030294579,-0.023717182,-0.064069815,-0.042487543,0.04197671,0.011720458,0.14954738,-0.07709699,0.029191561,-0.110007554,-0.03283163,0.05448976,0.22493735,0.18035688,0.09502307,0.10089603,-0.022578835,0.07501799,-0.050394334,0.12930539,0.1712993,-0.022303358,-0.08105826,-0.05097294,0.066989824,0.03624153,-0.05537591,0.10151785,-0.0676835,-0.17719422,0.08628142,0.08790215,-0.08557711,-0.026637496,-0.15555495,0.031374462,0.023257947,-0.24410279,0.082202464,-0.13376522,0.068803295,0.06135343,0.017026132,-0.02798883,0.17190783,0.04651702,0.11887458,-0.008943308,-0.13431159,-0.074722864,0.010038602,0.055185527,0.15830186,-0.049694914,-0.06369854,-0.23426785,-0.041941177,0.05280352,0.10924948,-0.13316526,-0.08503984,-0.049956582,0.07729735,-0.079969384
TCGA-OL-A5RY-01A,0.05608369,-0.04803013,0.03639324,0.10005529,-0.1118379,0.14408238,0.078807674,0.045451414,-0.02421519,-0.033341154,-0.013735674,-0.027819203,-0.03576875,0.23808359,0.083268434,-0.12367779,0.04419924,0.16887736,-0.01109826,-0.025445974,0.097626954,-0.00807543,0.03623806,0.048475865,0.08091263,0.099500924,-0.12132291,-0.036093894,-0.0138940755,-0.027267043,0.07045431,0.07423811,-0.074373074,-0.2359057,-0.072787836,-0.16961826,-0.08148447,0.044883132,-0.05690059,0.06486326,-0.017668797,0.03708543,0.09361759,-0.043300197,-0.044723134,-0.10280324,0.009890374,-0.07040357,0.1552556,0.18204203,-0.050289284,0.19027002,-0.027919414,0.10493097,-0.17195225,-0.0056470097,0.12079873,0.025842892,0.035650928,-0.011491464,-0.053969763,-0.014437613,-0.092864096,0.06569319,0.11420685,-0.16160777,0.10079859,0.03591565,-0.07566823,0.12611224,-0.10677769,-0.050547082,-0.10180283,-0.30783212,0.12233719,-0.06755153,-0.009203944,0.10118245,0.08570001,-0.028244387,0.092147805,0.0039914004,-0.07129654,0.048883326,-0.04713341,-0.13896517,-0.0838722,0.06281164,0.23113136,-0.036670245,-0.06781573,-0.10417832,0.030040612,-0.07289886,0.08457931,-0.1899554,-0.1925996,0.1288417,0.06266742,-0.062764846
TCGA-LL-A5YP-01A,0.013134982,0.018115083,0.21590722,0.12517217,0.037169464,0.15700552,0.018609533,-0.043853987,0.031960923,0.058681827,-0.039547823,-0.017069012,0.04885268,0.14055549,0.19490781,-0.039366566,0.09785279,0.047983423,-0.095399156,-0.037669767,0.03004849,0.0523275,0.037106793,0.04938841,-0.012527713,0.06394881,-0.17167269,-0.051434044,-0.034280267,-0.06763843,0.08335466,0.03464555,-0.14450993,-0.1519008,-0.01744717,-0.28276274,-0.13174517,-0.037632782,-0.07351375,-0.030634984,-0.028044073,0.0025424503,0.047059525,-0.09383114,-0.033413105,-0.13278362,-0.06771796,0.05768295,-0.121402904,0.22660728,0.034985166,0.08366003,0.041357752,0.11150697,-0.083895154,0.05012311,0.009870378,-0.014827405,0.01432559,0.09690323,0.03009127,0.031026935,-0.1346688,0.14555736,-0.0100172935,-0.060091373,0.19214396,0.061474912,-0.06267229,0.09066002,-0.086024575,-0.04997288,0.02513808,-0.11735651,0.08107551,-0.15717857,0.025537683,0.018745437,0.025018506,0.026180299,0.077389814,-0.050697677,-0.11435356,0.020477789,0.03766633,-0.028730277,0.007605214,0.21743716,0.13634612,0.021387571,0.033685286,-0.17445953,0.063481726,-0.029247055,0.20553172,-0.19628324,-0.14963521,0.03589947,0.06198464,-0.27202094
TCGA-C8-A8HR-01A,0.048441615,0.06093899,0.069151126,0.13756222,-0.053114556,0.06109372,0.07094807,-0.039920527,-0.023666106,0.03265152,-0.06966615,0.020089626,-0.06810045,0.12509854,0.15459478,-0.090319484,0.05912507,0.22769684,0.109721996,-0.052196924,0.006126559,0.090660594,0.020379264,0.06548562,-0.0117203165,0.1327883,-0.15566997,-0.082688116,-0.0030597637,-0.022247812,0.12530068,0.0115644485,-0.10395043,-0.26296192,-0.025174186,-0.24915054,-0.05875048,-0.095880024,-0.053744987,0.02991506,-0.0629677,0.032813195,0.12199545,-0.017735222,0.037839465,-0.08686569,-0.0660497,0.10135086,-0.04607686,0.07358454,0.06948541,0.120787635,0.11735952,0.1363492,-0.08754744,0.113423765,0.22092053,-0.0016437509,-0.17400603,-0.039619252,0.105143644,0.07839474,0.021046354,0.13219088,-0.009165943,-0.05506055,0.20630166,0.025289891,-0.08239502,-0.01862163,-0.03600263,-0.174171,0.012413136,-0.18937038,0.13974573,-0.075540766,0.07333581,0.1218713,0.15021154,-0.077224545,0.0064543453,0.05576526,0.011559107,0.08165949,-0.032993335,-0.12633827,0.059029374,0.14756756,0.096145175,-0.058104813,0.048646014,-0.105238974,0.079471715,0.048692103,0.12718756,-0.004029232,-0.10584531,0.15879478,-0.04206837,-0.12053382
TCGA-AO-A0JE-01A,0.012991875,0.027711831,0.15360297,0.11577293,-0.06607043,0.15542339,0.14982708,0.04548459,0.049988024,-0.033476446,-0.016920209,-0.015687203,-0.03368387,0.17114519,0.11046056,0.029151665,0.12348532,0.17330615,0.062079366,-0.003460368,0.11875595,-0.028556408,-0.015608542,0.07916213,0.02323081,0.086231254,-0.1113582,-0.060795557,-0.09928622,-0.06847532,0.07831549,0.06489927,-0.07533647,-0.21758372,-0.12770672,-0.22780155,-0.11394893,-0.050504643,-0.044814155,0.057177078,-0.028008753,0.0522344,0.08437274,0.06707486,-0.026326554,-0.1391278,0.053775333,-0.0033194162,0.16338852,0.14869303,0.12042869,0.065588675,0.045799263,0.14960295,-0.00542478,0.15196113,0.1764966,0.07379366,-0.105781145,0.050407477,0.089812726,0.0336091,-0.061093792,0.06968989,0.020259578,-0.07255301,0.21683757,0.043164857,-0.09456904,0.114426,-0.15455057,-0.026945602,0.092138335,-0.15381967,0.116382256,-0.059113365,0.15162677,0.13182776,0.11363984,-0.057074044,0.09260573,-0.050610352,0.009994592,0.0046169916,-0.14860176,0.01937041,-0.048665337,0.07003093,0.21070595,0.023290124,0.044921286,-0.13543141,-0.025493937,-0.029028961,0.1393381,-0.038457353,-0.15682925,0.04877607,0.12072428,0.03548718
TCGA-BH-A6R9-01A,0.02070568,0.0278977,0.17424995,0.20816134,-0.030579979,0.13874334,0.014600801,0.07004542,0.036242083,0.05523239,-0.0023195494,0.011718617,-0.011445392,0.0138198985,0.0483621,-0.10040485,0.10628441,0.06660861,-0.10228592,0.0026321365,0.09454561,0.037991393,0.050161842,0.10490112,-0.096277386,0.09181265,-0.15317705,0.00027810832,0.02763418,0.062282637,-0.03483268,0.033772893,-0.080230586,-0.205114,-0.06027885,-0.3115618,-0.082392715,-0.035513837,-0.11656542,-0.0064072055,0.047417574,0.014634764,0.08025872,-0.016544795,-0.035277963,-0.08219845,-0.06524185,0.0017112269,0.22282381,0.12221095,0.12557143,0.0334531,0.07785487,0.19546379,-0.10440341,0.014105707,0.047041737,0.063825004,-0.046069082,0.048609965,-0.042982966,0.02254528,-0.13628067,0.100198284,0.035469264,-0.11768944,0.15133822,0.14891785,-0.20211098,0.15470576,-0.09398107,0.024694566,0.008894684,-0.16655976,0.106776915,-0.16230284,-0.008034061,0.0092714075,-0.07976048,-0.035132065,0.090986975,0.046410654,0.030685876,0.059145212,-0.000109458764,-0.067308545,-0.06099121,0.06040646,0.102117576,0.067214996,0.02808234,-0.20889305,-0.04979534,0.06804715,0.22722295,-0.008763425,-0.21356297,0.10829746,-0.007355891,-0.057413727
TCGA-A1-A0SQ-01A,0.029884126,0.08186848,0.17909022,0.11711389,-0.041557733,0.2098748,0.044798598,0.0061267135,0.087488055,-0.04807552,-0.028948264,-0.014370792,-0.15948993,0.13266283,0.11416333,-0.06449997,0.023754023,0.21307802,-0.0832873,-0.02188898,-0.019383544,0.04250272,-0.030954115,0.15755758,0.10111093,0.0507419,-0.039510544,-0.06430415,-0.113574035,0.014711692,0.06472279,0.01670313,-0.2390144,-0.08691337,-0.13289861,-0.22290231,-0.0861849,-0.09630894,0.0046933335,-0.08735533,-0.043328766,0.032657195,0.10238413,-0.09675232,-0.031554643,-0.10357886,-0.08296218,-0.049793255,0.15236571,0.16770276,0.14704613,0.031712826,0.06964262,0.07079632,-0.0848718,0.100357495,0.16443548,0.070625536,-0.1211432,0.04192661,-0.026614573,-0.0077724373,-0.12403555,0.16825351,0.0725149,-0.0989643,0.11499983,0.0054373853,-0.044492073,0.10097313,-0.12769887,0.020686338,0.055552576,-0.113882355,0.07606757,-0.0097515695,-0.047841698,0.022922516,0.07702388,-0.046732966,0.009585709,0.022748936,0.047443178,0.075237714,-0.034087304,-0.019263871,-0.06769306,0.23384131,0.23249859,-0.00041354727,-0.11604454,-0.09556278,0.11986894,0.006510401,0.10307656,-0.18542624,-0.10370131,0.029548177,0.0112391375,-0.09281884
TCGA-EW-A1P0-01A,-0.005868275,0.07814488,0.22002839,0.046112508,0.01855239,0.1622762,0.11918671,0.05918991,0.011450869,0.028509976,-0.0037343064,-0.11611822,-0.057848804,0.1440771,0.11611528,-0.061059903,0.031119267,0.17234261,-0.04149919,-0.088366695,-0.010859656,-0.04633787,-0.02047454,0.04022045,0.0045310096,0.103374414,-0.092056386,0.0069871508,-0.09730504,-0.07847461,0.07259177,0.026956026,-0.124609195,-0.19709596,-0.11899866,-0.2632227,-0.13170613,-0.015454466,-0.08711961,0.013704886,-0.07042996,-0.011267406,0.07672512,-0.15583716,-0.13012257,-0.033017356,-0.023404915,0.07469023,0.12605146,0.19644448,0.087556526,0.14287417,0.0016099779,0.12549517,-0.07316415,-0.009758449,0.11694094,0.09966641,-0.10642233,-0.0041082175,-0.058265332,-0.0018725013,-0.13496155,0.11185217,0.06886513,-0.14263318,0.21128468,0.02204263,-0.044470914,0.11256755,-0.1421731,-0.035451725,0.047483396,-0.10676552,0.16570225,-0.14612682,0.0240116,0.12059969,-0.0036477314,0.05650371,0.026631072,-0.014221615,-0.12369312,0.109654196,-0.05060616,-0.11700763,0.020466633,0.07598081,0.15800516,-0.11619825,-0.08974907,-0.20827925,0.00777418,0.08001004,0.12296578,-0.031354144,0.01797879,-0.01099608,0.06413178,-0.086986855
TCGA-A7-A6VX-01A,-0.008047527,-0.066825,0.106382534,0.13814886,0.034663174,0.0061797206,-0.008240154,-0.030098096,0.104310505,-0.0109506175,-0.06716019,-0.1294106,-0.044095665,0.16066293,0.14967637,0.0073207314,0.103016704,0.11490235,-0.0013656168,-0.04147875,0.034385882,0.12063377,-0.0078872545,0.18002541,-0.02384347,0.08149165,-0.24353114,-0.019402597,0.048347518,-0.07926728,0.08160321,0.020258231,-0.09044037,-0.19962306,-0.036062334,-0.18421446,-0.086752154,-0.10971022,0.010039961,-0.033239294,0.059597123,0.04016771,0.13622911,-0.05061356,0.09541531,-0.11770496,-0.0042294012,0.018608987,0.147875,0.096971355,0.123354904,0.12237027,0.07876788,0.079976715,-0.1466519,0.05589648,0.02612541,0.02142712,-0.16067326,0.056527685,0.07333877,0.0058251442,-0.16260552,0.015314124,-0.0056155557,-0.12819663,0.12688792,0.13482696,-0.17698777,0.091429524,-0.18241039,-0.043601133,0.06596066,-0.25624976,0.09618586,-0.17535529,-0.0026304435,0.04333308,-0.01821468,-0.035569284,0.09138132,-0.004584327,-0.11391867,0.017805872,-0.04371068,-0.022983387,-0.05819045,0.21776679,0.17888026,-0.036219105,0.012179294,-0.057506997,-0.035956766,0.029422192,0.081090644,-0.11227848,-0.06367504,0.050688796,0.08813155,-0.15155673
TCGA-AN-A0XT-01A,0.055291355,0.076094836,0.12438566,0.10355851,-0.0002480658,0.14591861,0.04437185,-0.068902954,0.077066,0.026148142,-0.017680768,0.027868291,-0.10392649,0.07072174,0.078663036,0.0131427,0.033343516,0.18112855,0.065627344,-0.026645074,-0.01663408,-0.012427466,-0.06819965,0.14339004,-0.042613328,0.13555169,-0.24353452,0.009313374,-0.022370862,0.02485018,0.03267564,0.017087178,-0.094049595,-0.23337609,-0.06304563,-0.16563167,-0.10379269,-0.09988894,-0.09812017,-0.10555636,0.02837996,-0.02892866,0.08555066,-0.051114425,-0.0057280213,-0.13007922,-0.1494535,0.014319086,0.11040902,0.1327138,0.03015483,0.021417076,0.009159977,0.08698369,-0.11681024,0.009275268,0.08923017,0.06274407,-0.14118741,0.032457612,-0.12829682,0.00924713,-0.09181867,0.0979534,-0.05702677,-0.17012525,0.1915241,0.12072382,-0.22185399,0.117363006,-0.03272723,-0.01368646,0.12730135,-0.1618636,0.09229878,-0.041398294,0.0030748928,0.052530073,0.0031652595,-0.14869715,0.016722916,0.0777172,-0.024934234,-0.060825247,-0.0046301945,0.064240135,-0.07104648,0.112769164,0.14004347,-0.0047087427,-0.08989874,-0.20375068,0.059787687,-0.04376619,0.26197788,-0.09205027,-0.07967563,0.14228632,0.08319431,-0.09994042
TCGA-D8-A27M-01A,-0.038757786,0.17151143,0.18583988,0.07538752,-0.047558844,0.0322859,0.11179888,0.002451909,0.0030157513,0.05142345,0.117504604,0.03828942,-0.086931005,0.17200962,0.10553737,-0.11221804,0.03387885,0.2008567,-0.008555006,0.021659559,0.088401474,0.05183963,0.0111875115,0.031918667,-0.09784574,0.112798326,-0.25701615,0.02060718,-0.07789055,-0.11275745,0.035007045,-0.0014741113,-0.17342182,-0.020933086,-0.06363724,-0.15622489,-0.1530225,0.035075642,-0.12261302,-0.057020754,-0.024975698,-0.021046927,0.023271756,-0.10785727,-0.06587055,-0.10239808,-0.03777638,-0.043487694,0.16068488,0.15837009,0.06583858,0.12890959,0.035875417,0.1993838,-0.056940053,0.061632633,0.21816765,-0.013231335,-0.17430423,0.030559517,0.034187883,0.009702169,-0.07017615,0.035922058,0.05083856,-0.08954092,0.100163445,0.0279193,0.007265844,0.12368465,-0.10584792,-0.014813349,-0.08872142,-0.28184915,0.08886504,-0.13021526,0.05788149,0.101501204,0.06766518,-0.053672865,-0.024213254,0.08306072,-0.007001754,0.022034697,-0.06771776,-0.096339814,-0.01946962,0.11686651,0.16207181,-0.01115239,0.041286435,-0.109665126,0.01618152,-0.0036752936,0.10419712,-0.11202295,-0.19959244,-0.010770845,0.008375747,-0.10383636
TCGA-E9-A1N9-01A,0.04885844,0.03200428,0.16686226,0.14241713,0.045496777,0.13125923,0.09636744,0.009895706,-0.00027072045,-0.04110732,-0.019136634,0.056909103,-0.0255796,0.20634688,0.07595974,-0.13238181,0.013925728,0.1996642,-0.044907145,-0.06223793,-0.07363098,-0.02055249,-0.028484257,0.12465918,-0.009720937,0.09333188,-0.16563119,0.07940408,-0.09072857,-0.116197675,0.0615714,0.10256977,-0.1098036,-0.17806627,-0.15785004,-0.18314138,-0.05444174,-0.15793295,-0.051935527,-0.021716446,-0.020225937,-0.041186202,-0.019094393,-0.12153735,-0.073685914,-0.09901382,-0.0027962422,0.14293808,0.03257143,0.1508722,0.028744575,0.1566852,0.14144163,0.029966211,-0.14069581,0.1270266,0.06838037,0.020583594,0.071307674,-0.01754961,0.021859532,0.04123443,-0.087590404,0.13930696,0.0066864598,-0.16889493,0.18861617,0.016102294,-0.11768136,0.025209472,-0.026822733,-0.0012773557,0.044413462,-0.17918329,0.03867962,-0.15686028,-0.05152304,0.097861715,0.04245283,-0.06470022,-0.038158827,-0.045627795,-0.076988116,0.0139678335,-0.030939583,-0.084369466,-0.07364425,0.16227816,0.1688363,-0.11067081,-0.0018600076,-0.21485335,-0.07614479,0.013474926,0.068455,-0.045931138,-0.1563635,0.011664688,0.017036404,-0.19274925
TCGA-E2-A1IK-01A,-0.058404975,0.06464955,0.15891299,0.12222019,-0.07457468,0.075494856,0.041255377,-0.01520563,-0.0037290992,0.053729966,0.04386081,-0.06766092,-0.0661616,0.14407025,-0.029468456,0.07049758,0.044969447,0.12215689,0.0536505,-0.035493977,0.041307,0.05708781,-0.06330937,0.104849055,0.046076607,-0.085344955,-0.17510732,-0.033595085,-0.078659736,-0.0842508,0.11475916,-0.019163493,-0.17792217,-0.13781536,-0.091345124,-0.17466752,-0.0498114,-0.042700928,-0.1841139,-0.034971878,0.085968964,0.041484796,0.14168191,-0.10127865,0.012815979,-0.12348831,-0.035485066,-0.035999075,0.0852103,0.15646443,0.022251468,0.14779074,-0.03619483,0.104163624,-0.15319663,0.022316266,0.11768049,0.06530149,-0.0043817754,0.110217914,0.050490197,0.12406997,-0.07592449,0.21837933,0.06196781,-0.048375133,0.16975124,-0.008883604,-0.11380814,0.046921644,-0.22393887,-0.05448983,0.042384967,-0.20670353,0.13279738,0.036730826,-0.057220414,0.049256686,0.10452844,-0.11782205,0.10376877,0.061784577,0.077830195,-0.001156277,-0.06029517,0.019606542,-0.053830445,0.12978151,0.158811,0.02483298,-0.0865393,-0.23561051,0.010458565,-0.008330068,0.15498722,-0.04000722,-0.110055245,0.023831423,0.13230325,-0.15737444
TCGA-AO-A1KS-01A,0.07717481,0.023466358,0.15075566,0.07935074,-0.037692662,0.07476431,0.09694357,0.06965668,0.018155131,0.030311499,0.10970405,-0.07209619,-0.08785509,0.023584751,0.09906817,-0.00035743724,0.051435344,0.14288457,-0.03757325,-0.051327214,-0.080362424,0.047766816,0.026827078,0.08946276,0.023867406,0.25619778,-0.11412404,-0.040856175,-0.14750881,-0.03817833,-0.011597565,0.029854955,-0.11328167,-0.15056261,-0.12177876,-0.25300524,-0.087445736,-0.071067266,-0.10743355,-0.09932607,0.02766504,-0.07802362,0.21020935,-0.10361786,-0.09173917,-0.07775239,-0.1469628,0.08187643,0.10436621,0.15188129,0.08194932,0.09045734,0.04785231,0.021712344,-0.12903956,0.15304141,0.09661887,-0.019039445,-0.04278541,0.0068913847,-0.057214502,0.08603394,-0.09561911,0.14083967,0.06847902,-0.08014397,0.18290262,0.13476089,-0.09594856,-0.012306156,-0.15331683,-0.049438383,0.10659003,-0.14621611,0.11380987,-0.025701053,-0.053170864,-0.03994078,0.039444312,-0.0676326,0.08187111,-0.06198055,-0.048090853,0.05236694,-0.059297334,-0.030318782,-0.085708976,0.15420699,0.1937714,-0.10903872,0.052281253,-0.08911158,-0.04843229,0.047827207,0.1591652,-0.17944051,-0.15922458,0.010069438,-0.03233633,-0.078330256
TCGA-AC-A23C-01A,-0.10306643,-0.09675125,0.21404707,0.14192012,-0.08195609,0.14338936,-0.020071372,0.07521583,0.012777006,-0.03741859,0.0013188163,-0.026446413,-0.05003044,0.17901263,0.15124467,-0.05244829,0.14180702,0.1137369,-0.014862639,-0.002902065,-0.011179859,-0.07373709,-0.08289961,0.13038681,0.0082334485,0.13270071,-0.18747683,-0.05679013,-0.034780294,-0.09554589,0.17875578,0.024657309,-0.12795621,-0.22193703,-0.0643305,-0.16249272,-0.039385308,-0.05313812,-0.14798583,-0.12880209,-0.01858129,0.13887927,0.027760454,-0.04393952,-0.018075874,-0.047804113,-0.08754219,-0.028066838,0.11024755,0.11763882,0.0018578466,0.15938535,0.008864814,0.16281983,-0.13741715,-0.02109264,0.043479994,0.05442337,0.048283596,-0.0019437465,-0.049825273,0.070843935,-0.13157439,0.17761807,0.09745781,-0.13464852,0.11676502,0.10711056,-0.10936991,-0.06631557,-0.038770445,0.008442429,0.047160544,-0.20157973,0.1039638,-0.10933136,-0.005072669,0.08312766,0.123378105,0.010536906,0.074924976,-0.016159022,-0.01499611,0.058917258,-0.011448935,-0.08702634,-0.0046597742,0.13249712,0.17911007,-0.0683007,0.043511834,-0.13947558,0.011897155,0.035092305,0.096415885,-0.08396966,-0.15090932,0.040312897,0.022316482,-0.1708873
TCGA-E9-A1NF-01A,0.007366302,0.07197646,0.178248,0.09457963,-0.0009694431,0.059186716,0.04269656,0.013813881,-0.044185348,-0.036341053,-0.044988956,-0.019600969,-0.048653405,0.09754466,0.12650347,-0.1617721,0.04597872,0.16431038,-0.025718844,-0.049697764,0.006533619,0.13228722,-0.047326766,0.14213274,0.032474115,0.09885977,-0.12928773,0.041969612,-0.10748095,-0.1284346,0.058734573,0.08548264,-0.22180228,-0.16694714,-0.13945168,-0.28007072,-0.11695612,-0.13545774,-0.07096775,-0.023481932,-0.01643107,-0.0058897673,0.07713748,-0.030603873,-0.096871756,-0.14958873,-0.16854428,0.08365962,0.19492628,0.095553614,0.059860084,0.07187569,0.12214445,0.15586857,-0.106491245,-0.0060928245,0.038507737,0.10111981,-0.08177737,-0.05048788,-0.039261024,0.09560079,-0.023622986,0.1894527,-0.042345244,-0.05030614,0.18634205,-0.03951015,-0.14293146,0.03445751,-0.071563505,-0.0551743,-0.06253595,-0.22281675,0.022929102,-0.064794004,-0.009761747,0.1451305,0.045065608,-0.08603566,0.13857931,0.0130174,-0.079668336,-0.015110326,0.03165453,-0.05805264,0.023723198,0.12661943,0.11640194,-0.043331955,0.09219955,-0.14844558,-0.014526876,-0.031091511,0.14212324,-0.07480541,-0.050525095,0.027461063,-0.039954107,-0.05445065
TCGA-E9-A1N4-01A,0.01683888,-0.055734687,0.020313127,0.08700616,-0.02977635,0.122131884,0.0041598985,-0.027025899,0.030824076,0.0062794746,0.01555341,-0.09486178,-0.111266136,0.073239535,0.018083008,-0.009622651,0.10663449,0.1964412,0.06261833,-0.034589164,0.0048928657,-0.0008577979,-0.041239396,0.08280339,0.060981326,0.15959029,-0.13346626,0.07578126,-0.008276865,-0.11050965,0.09381004,0.04671173,-0.16081364,-0.12074573,-0.1086084,-0.23090586,-0.09874849,-0.0049053207,-0.062535845,0.020952381,-0.0033290226,0.09087278,0.07145866,-0.019075738,0.011463102,-0.16138922,-0.10115863,0.104808815,0.094404094,0.23065943,0.17163382,0.11969296,-0.05782416,0.21742228,0.027405865,-0.019320544,0.18241583,-0.017492209,-0.020717444,0.053062864,-0.016438052,0.03482795,-0.13020742,0.17104277,-0.09695874,-0.073142156,0.15608963,0.15816009,-0.023964213,0.15458055,-0.05304925,-0.01766831,-0.0803283,-0.19374338,0.110197686,-0.13484539,0.044429865,-0.020179661,0.046029173,-0.10672801,0.06417878,-0.006170118,0.02186865,-0.025604095,-0.048997592,-0.055776346,-0.059027314,0.19124208,0.18818086,-0.02006384,-0.009798622,-0.21716723,0.029919349,0.02280458,0.042081803,-0.17141782,-0.116549805,0.074741125,0.03704909,-0.109842144
TCGA-BH-A0DV-01A,-0.015463422,-0.0058165216,0.23478079,0.12105739,-0.0007843099,0.08947868,0.042071562,0.015480139,-0.06501373,-0.058080498,-0.031014347,0.03982299,0.07346834,0.06092636,0.15450047,-0.095100865,0.030708622,0.19675936,0.005113615,-0.08622839,0.111175455,-0.08336259,-0.034657728,0.20437649,-0.03138497,0.17514692,-0.18326092,-0.119652495,0.021540478,-0.1648796,-0.013850653,-0.008200328,-0.103951454,-0.098823495,-0.027586145,-0.23585542,-0.11607499,-0.017817598,-0.14016388,0.014522062,0.0040726317,0.029852789,0.04534103,-0.113969706,-0.06855445,-0.113304466,-0.04597513,-0.039973836,0.049353622,0.117634945,0.035113003,0.19579686,-0.032691583,0.15581253,-0.08926944,0.043792877,0.12161905,0.085284166,-0.13095863,0.057640772,0.005405897,0.0107660135,-0.20173599,0.14266899,-0.0015383828,-0.07250089,0.27192318,0.02916347,-0.0676224,-0.05574233,-0.07830219,0.0037572756,-0.026094897,-0.25766194,0.012215218,-0.06404928,-0.052422557,0.090344764,0.015530352,-0.051003024,0.07008261,-0.09402356,-0.030789964,-0.051220935,-0.08960575,-0.106716685,-0.07668676,0.06390424,0.13566725,0.011725909,0.009596922,-0.14325187,-0.010962186,0.01286095,0.043122984,-0.06919014,-0.1540414,0.08777343,0.026767822,-0.06614221
TCGA-E9-A295-01A,0.05095038,-0.08017337,0.11621044,0.16578767,-0.0128837265,0.17684714,0.062653765,0.054300502,0.030975774,-0.06858795,0.017204765,0.08203478,0.0604295,0.21003163,0.22603998,-0.0070340084,0.0928362,0.15656333,-0.029475536,0.00655403,0.08718671,-0.039535396,-0.08920353,0.052131996,-0.05862583,0.0691641,-0.07654446,-0.13481389,-0.038700894,-0.06239318,0.037211105,0.060249846,-0.13565654,-0.15603484,-0.08789916,-0.12262675,-0.063909724,-0.034436982,-0.09149661,-0.068563156,-0.13411574,-0.0025074154,0.09511391,-0.11211315,-0.045571014,-0.08866875,-0.09405999,0.09137081,0.08407187,0.20729478,0.052643385,0.019236917,0.10445543,-0.029809294,-0.16691956,-0.01987742,0.1736188,-0.10587503,-0.10314288,-0.06607959,-0.076032594,0.025736704,-0.024614953,0.25508168,0.05463854,-0.0046270513,0.21306904,0.034181356,-0.05597804,0.0037589325,-0.09690605,-0.068635195,0.069270216,-0.1940311,0.028391449,-0.11958756,0.051346026,0.124495685,0.07940563,0.016334808,0.051650006,-0.02766905,-0.09620231,-0.046732247,-0.025296247,-0.016703581,-0.00013122467,0.18011712,0.09081026,-0.0779276,0.04412132,-0.18171743,0.09977587,0.033641487,0.1782379,-0.10742027,-0.11489723,0.020145515,-0.049321625,-0.11908184
TCGA-E2-A1LA-01A,-0.0026676094,0.06943253,0.19331607,0.048102338,-0.05633419,0.16042443,0.023233633,-0.11895539,0.01701097,-0.09388186,0.0654055,0.049206816,-0.03303421,0.048874646,0.20180139,-0.03953151,0.06326225,0.17937748,0.0631676,0.09579477,0.09254186,0.045857165,-0.10323821,0.092727855,-0.059648283,0.19741002,-0.18323985,-0.032263394,-0.04904665,-0.09365618,0.016058413,0.09105689,-0.1075304,-0.07548347,-0.12954044,-0.14100403,-0.12602037,-0.0063289874,-0.032443102,-0.07239171,0.031303495,0.017643757,0.07907652,0.08672568,-0.017018793,-0.10433872,0.03849616,0.060975134,0.0902343,0.16583452,0.094117425,0.15731694,-0.09308043,0.14469136,-0.0252548,-0.005646288,0.18836416,0.08511133,-0.027581882,-0.011892798,-0.031977937,0.037528105,-0.07635001,0.04714427,0.08367164,-0.20721236,0.13183926,0.13243923,-0.08464749,0.063180864,-0.20578079,-0.089073695,0.054667685,-0.20163597,0.11663494,-0.07356964,-0.02743494,0.121512935,0.019591516,-0.0685219,0.13153966,0.027864587,-0.13265331,0.034997106,-0.0069740885,-0.15067576,-0.017422538,0.15111953,0.15414624,-0.0008077579,-0.03420933,-0.06745452,-0.038438845,-0.0070227715,0.17058404,-0.10084109,-0.08371612,0.12539127,-0.043187186,-0.07580312
TCGA-E9-A54Y-01A,0.014554853,0.0015841192,0.14178629,0.057400737,0.006346059,0.12261717,0.06739167,0.032836214,-0.055429738,0.0064762766,0.02971116,-0.071214505,-0.060995925,0.11359961,0.10088299,-0.026408678,0.04494644,0.15799099,0.017682215,-0.03795626,-0.013494277,-0.006816899,-0.04166657,0.21948478,-0.0026994245,0.1323889,-0.19409943,-0.028132968,0.004308521,-0.043945596,0.07443587,0.051628415,-0.10924712,-0.1358203,-0.076658644,-0.23526467,-0.11547466,-0.012895208,-0.08398482,-0.03276671,-0.0277733,-0.020494293,0.102923624,-0.1414942,-0.086275004,-0.12954527,-0.022747854,0.031385627,0.11773674,0.1751667,0.07982698,0.15685783,0.016745161,0.21236272,-0.1664052,0.01519639,0.13242336,-0.06828327,-0.036183372,0.057636827,-0.14512344,0.07077131,-0.09162775,0.08276025,0.01899545,-0.14912498,0.10083458,0.079896696,-0.06064909,-0.02066934,-0.21036941,0.0034519362,0.037967034,-0.15914884,0.11759055,-0.16076933,0.04610366,0.12908384,0.059348468,0.13353063,0.06464368,0.013008435,-0.052311767,0.058372628,0.042453103,-0.05350123,-0.112833485,0.16198821,0.1889736,-0.13293451,-0.008683059,-0.10853231,-0.07777547,0.0029940573,0.14652815,-0.12687403,-0.052985445,0.06755925,0.12755147,-0.07496294
TCGA-B6-A40C-01A,-0.07667531,-0.0578254,0.06611372,0.11422163,-0.03949587,0.15822849,0.018151648,0.02431489,0.025620565,-0.0791413,-0.07961928,-0.019814441,-0.08233001,0.050936934,0.12700865,0.030646928,0.07776123,0.15115486,0.08637083,-0.1555828,0.03230455,0.058499593,-0.0052531385,0.15175343,-0.1680352,0.14849237,-0.1750408,0.05190442,-0.056956906,-0.14540309,0.09923858,0.08939504,-0.087357596,-0.15063754,-0.02016966,-0.18147692,-0.07590412,-0.051696133,-0.12545806,0.06415615,0.031184223,0.009281957,0.019097205,-0.0811174,0.027266521,-0.13907786,0.020101497,-0.01708656,0.16986516,0.09515958,0.11768297,-0.04400781,-0.0038069154,0.18320169,-0.063413136,0.005657265,0.050287485,-0.01896321,-0.098590985,-0.032978054,0.09474774,-0.0036662105,-0.1053493,0.14012472,-0.0007751358,-0.1679421,0.14264104,-0.030681312,-0.112502314,0.022027096,-0.1293159,-0.05293679,0.07998719,-0.2127059,0.19973232,-0.06138217,0.05851833,0.11983593,0.066362806,-0.07044732,0.0878004,-0.08964045,-0.045468822,-0.04767887,0.065576345,-0.0011003776,-0.021232717,0.18104915,0.24267985,0.07206701,-0.09087863,-0.115479045,-0.045125436,0.105607346,0.0527819,-0.12244379,-0.21317329,-0.030959373,0.024515055,-0.021283641
TCGA-E9-A1NG-01A,0.051475696,0.046128057,0.10561125,0.16679078,-0.09212473,0.121695556,-0.030910326,0.07368987,0.049010824,-0.02553388,0.025983466,-0.057190806,-0.06279911,0.13042183,0.12578672,-0.038899973,0.08413348,0.16514821,-0.10906822,0.022198245,-0.0056880796,-0.024796156,-0.0066866204,0.15906195,0.046015784,0.03270147,-0.2045212,0.022111995,0.01750655,-0.07030289,0.041663136,0.06618771,-0.16256759,-0.21275151,0.037238184,-0.14705782,-0.11085315,-0.121700846,-0.061787985,0.021240853,-0.058824714,0.032222748,0.02313453,-0.032265797,-0.111136265,-0.15432094,0.0009830515,0.15098108,0.048722446,0.069707036,0.03672869,0.10762272,0.046591878,0.17927195,-0.09637399,0.07686875,0.24522841,-0.00020983384,-0.109414026,0.023230711,-0.029308084,0.014499644,-0.029382681,0.2142421,-0.060053334,-0.10513449,0.106840216,0.10849597,-0.16588984,0.015234539,-0.15542705,-0.037943203,-0.040011097,-0.17714547,0.056403063,-0.09955056,0.017711306,0.044430237,-0.041745197,-0.026666284,0.012594702,0.08932606,-0.035083685,0.014097534,-0.06955173,-0.07524461,-0.084479466,0.21535659,0.11388636,-0.050081156,-0.018110847,-0.06702402,-0.115471356,-0.010312304,0.23564872,-0.060492016,-0.14450438,0.04825904,-0.008196607,-0.19651112
TCGA-B6-A0RT-01A,0.04285629,0.06925085,0.07231784,0.11437899,-0.08052581,0.06530831,0.07810399,0.010301903,-0.0045106905,0.07939181,-0.037269264,0.0075198463,0.0400847,0.13046984,0.12021678,-0.058538914,0.14414315,0.2565704,0.029193785,-0.022800537,-0.06917904,-0.040920835,0.055748142,0.1424361,0.008232906,0.14943726,-0.12470301,-0.012357939,-0.009426261,0.0125919385,0.034494277,0.030593915,-0.17427363,-0.15606007,-0.11490566,-0.17103937,-0.17207596,-0.074986376,-0.025235822,0.014400478,-0.016731106,-0.0058926675,0.1259658,-0.032213878,0.037410837,-0.10977025,-0.08099021,0.06893613,0.12327329,0.09070099,-0.06279536,0.02641555,0.07732256,0.16338058,-0.044478882,0.097554736,0.08582039,-0.014948717,-0.022615695,6.8729525e-05,0.08442684,0.042572286,-0.0072356015,0.17355655,0.07284735,-0.110727176,0.18059658,0.15764494,-0.08936444,0.078081675,-0.1921055,-0.04641351,-0.011452463,-0.33180243,0.11524702,-0.123855114,0.08418693,-0.022404864,0.067447364,0.014592685,0.026299873,0.0615301,-0.09045038,-0.04316349,-0.013042068,0.027667891,-0.05974974,0.15249112,0.20375475,-0.0053379494,-0.026746815,-0.15391676,0.047241367,0.08404627,0.20051657,-0.045887772,-0.121657655,0.055663217,0.014303669,-0.0592331
TCGA-A2-A3KD-01A,0.060168672,0.013180378,0.15216492,0.16350734,-0.013736777,0.05854574,0.05791025,0.014508365,0.05889578,0.04182165,-0.056435324,-0.050559293,-0.016854635,0.043278866,0.16812336,-0.039492205,0.14517018,0.15932228,-0.009650007,-0.07224659,-0.048641216,0.11865585,-0.08047596,0.11126128,-0.03856292,0.104518995,-0.19002703,-0.058597982,-0.048153725,-0.028733315,0.113997266,0.07203903,-0.19135985,-0.21704441,-0.11522099,-0.15094256,0.031074362,-0.013533264,-0.17341958,-0.1358891,-0.05481723,0.051341247,0.087066315,-0.09498482,-0.026481261,-0.17510758,-0.10315615,0.019989248,0.12245731,0.057395898,0.0546387,0.119269714,0.025953004,0.18503837,-0.09807116,-0.02219387,0.13749297,0.074677825,-0.10528866,0.016181381,-0.05705309,-0.008436228,-0.16903737,0.085042246,0.064237095,-0.0939346,0.11036378,0.013905118,-0.13052762,0.05000886,-0.19699623,0.05910801,-0.019732766,-0.14484331,0.10965156,-0.075649925,0.10129148,-0.008264942,-0.03789666,-0.009673317,0.063492,0.013956816,-0.09806065,0.03573183,-0.14779907,-0.11019896,-0.016988914,0.049093317,0.16049157,-0.12521896,-0.039495256,-0.1460598,0.08994112,0.054142237,0.18007247,-0.12801076,-0.10298503,0.13319956,-0.04026405,-0.046426818
TCGA-BH-A1EX-01A,0.0025729619,-0.08292656,0.13486397,0.06630783,-0.032194182,0.17357048,0.02428255,0.0034206745,0.10346308,-0.00025333848,-0.14390607,-0.09955085,-0.06978302,-0.011721592,0.15183212,-0.106058486,0.097382024,0.03681524,-0.027013127,-0.06722092,-0.0019682467,0.0032153632,-0.016001793,0.14216284,0.04985766,0.073220246,-0.18105008,-0.049297374,-0.033631034,-0.1377813,0.06557224,0.040454797,-0.022257442,-0.11151631,0.024597635,-0.21062568,-0.0880003,-0.0009236203,-0.08042274,0.056814898,-0.061951157,-0.018641287,0.18683903,0.0048347637,-0.035554066,-0.098129526,0.06294271,0.15389499,0.09642838,0.207289,0.122778274,0.11714287,0.061024897,0.19869474,-0.12059713,0.08199681,0.094882086,0.056267366,-0.08801154,-0.05760924,0.08765406,0.12169285,-0.003725658,0.06984598,-0.09652828,-0.13853665,0.17793383,-0.008652158,-0.13155667,0.07068351,-0.06917704,-0.10286052,0.095293485,-0.2543136,0.08352444,-0.12672256,0.01283992,0.13420367,0.012902222,-0.01300595,0.04005283,0.010740983,-0.036361404,0.050699215,-0.05319079,-0.0998439,0.012554471,0.053757038,0.12487131,0.054443087,-0.069716774,-0.21722543,0.105219945,-0.040591393,0.052674048,-0.10937183,-0.22621335,0.004535706,0.06463457,-0.1233078
TCGA-AC-A23G-01A,-0.022513077,0.0006699279,0.25308585,0.07507729,-0.05822238,0.07875437,0.056224775,0.031693187,0.105564676,-0.032084342,0.019572185,-0.06476953,-0.01994878,0.19643886,0.13338123,0.0013107115,0.052392956,0.2608794,0.008156624,-0.008204507,0.010391256,0.09778495,-0.12378739,0.14656477,0.02322031,0.014628156,-0.11654761,-0.008837902,-0.0020265963,-0.018991163,0.12821585,-0.014995755,-0.16851225,-0.14835422,-0.038669877,-0.21387646,-0.092247516,8.76959e-06,-0.110384054,-0.0596124,-0.05576099,-0.05650141,-0.0145598585,-0.083596714,0.0420633,-0.07193083,-0.124887735,0.04074326,0.106912196,0.20187426,0.02151849,0.19049086,0.044409588,-0.00094996317,-0.06978476,0.04140345,0.14312352,-0.009969644,-0.13514397,-0.021125639,-0.06615921,0.14129768,-0.06995856,0.13040125,-0.0076728472,-0.046902463,0.11466967,0.045020077,-0.14664882,-0.0054597063,-0.15588832,0.020954527,0.093678355,-0.054742996,0.073547766,-0.09633056,0.010601405,0.09259225,0.18453686,0.07425788,0.07312404,0.008862294,-0.080664106,0.12238274,-0.017662056,-0.021215957,-0.050594635,0.17207634,0.114465535,-0.13458645,-0.08041821,-0.12804325,-0.030474246,0.054510206,0.18585023,-0.11464762,-0.17574048,-0.03152794,-0.0110314535,-0.12292756
TCGA-EW-A6SB-01A,-0.027035683,0.024910893,0.19294323,0.15567085,-0.022126425,0.029989643,0.12548035,-0.020399453,0.09741896,0.03293953,-0.076629244,0.005469003,0.0015456469,0.038834985,0.06551965,-0.09660502,0.088344425,0.10263409,-0.03175284,-0.0041227625,0.058409054,0.0020121527,0.01991133,0.0930746,0.034552883,0.17852497,-0.2082829,0.03670698,-0.1136867,-0.037494764,0.115275964,0.087581664,-0.09116032,-0.17188783,-0.16070616,-0.24787018,-0.009956168,0.06662855,-0.05334272,0.012299369,-0.02919293,-0.011575769,0.14236389,-0.059952535,0.023315927,-0.12096825,-0.09077739,0.010844322,0.12096869,0.16877471,0.05079008,0.08732804,0.1990514,0.16350988,-0.062582515,0.08304125,0.13283247,0.010061173,0.017486252,0.041120145,-0.015273711,-0.002347358,-0.095528096,0.16165566,0.062210802,-0.09404363,0.20145279,0.08449063,-0.09474593,0.08318292,-0.09649838,0.026312638,-0.013189682,-0.20041016,0.1794538,-0.0037861504,0.069367416,0.18684767,0.13937488,0.06840401,0.044366803,0.008530974,-0.17416957,-0.020014405,-0.10850466,0.009252985,-0.049319964,0.1186732,0.09343081,-0.052862853,0.00038408602,-0.064598635,-0.011639805,-0.09292327,0.068228796,-0.13422133,-0.076544285,0.02433722,0.115318865,-0.159902
TCGA-E9-A22D-01A,0.04531498,-0.050938383,0.17517804,0.15239243,-0.034435347,0.16559407,0.00488955,0.027490199,0.070830345,0.01072608,-0.05003146,-0.044284515,0.010981241,0.17485543,0.032886557,0.0051311865,0.1974255,0.23751554,0.018746275,0.063587025,-0.029061563,0.056222092,0.029152771,0.21172766,0.07884854,0.1346132,-0.17810954,-0.017124455,0.07422735,-0.13432437,0.095225066,0.073024586,-0.07506451,-0.1546258,-0.09873052,-0.21522233,-0.15025239,-0.061334345,-0.1428901,-0.022919772,-0.081695154,0.012581438,0.062869444,-0.061976966,-0.11344167,-0.05437929,-0.05728945,0.09987449,0.17047353,0.12519623,-0.029588746,0.1709748,0.057335846,0.07098278,-0.061412502,0.05683538,0.08398812,0.038070746,0.06175541,0.06437099,-0.09082123,0.034898423,-0.06562302,0.1797506,0.11667919,-0.09161798,0.24517408,0.061001163,-0.12429296,-0.0070308284,-0.052069254,-0.027779492,0.038904775,-0.15063418,0.10227893,-0.027762078,-0.07660639,0.012394772,0.031187251,0.017748374,0.07680709,-0.058572147,0.018119905,0.038578104,-0.0423604,-0.0328242,-0.09537442,0.19476053,0.1619648,-0.11921447,0.057188697,-0.11494443,0.047490127,0.02517604,0.09481092,-0.050123878,-0.040276155,0.06534013,0.1020062,-0.036531456
TCGA-A8-A0AD-01A,0.062370658,-0.103183225,0.23015776,0.028670628,0.030811612,0.10041068,0.0800215,0.018226614,-0.011495448,-0.0068955827,0.004812263,0.07359977,-0.08298088,0.06529858,0.15068309,-0.015838139,0.11976515,0.12023115,0.09648309,-0.064170465,-0.024364179,-0.106993705,-0.04920966,0.069839954,-0.00042458062,0.11418837,-0.2066168,-0.1003932,-0.0031463194,-0.050794333,0.06958938,0.14353816,-0.13259917,-0.21710104,-0.08885376,-0.17192116,-0.13832861,-0.032584295,-0.16593544,-0.06225285,0.008962077,0.058860593,0.10517222,-0.1618258,-0.03947053,-0.034900155,-0.015356281,-0.0152936485,0.13220894,0.16438974,0.03374559,0.12619072,0.04180502,0.19992909,-0.056949373,0.019889237,0.07350569,0.054249913,-0.030410657,0.060956493,-0.073487334,0.12128145,-0.02562526,0.07156099,0.044780087,-0.044928554,0.2567184,0.12652037,-0.15009756,0.09239687,-0.053384624,0.048377912,-0.01826827,-0.24410878,0.107354864,-0.059073992,0.024153285,0.021787507,0.07069571,-0.08395417,0.007663184,-0.02101837,-0.038407475,-0.004063109,-0.071535766,-0.05168784,-0.050683174,0.14869553,0.1323193,0.041080773,0.016642595,-0.14817637,-0.05006689,-0.047102034,0.013190687,-0.114933334,-0.17185844,0.15074599,0.017327797,-0.13550204
TCGA-A2-A0YH-01A,-0.113646366,0.03218974,0.15245634,0.09690137,0.05633855,0.14053515,0.15626791,-0.021330066,0.055964164,0.004645422,-0.021113465,-0.10409589,-0.048652336,0.12863919,0.08098318,-0.016461566,0.08307684,0.19898658,-0.019591521,-0.047173038,0.101732604,0.0055907127,0.053463098,0.1491946,-0.0186555,0.20226236,-0.19501697,-0.0043423986,0.07580567,-0.10015559,0.049846455,0.024153197,-0.047061134,-0.08917133,-0.13314316,-0.19244629,-0.119884506,-0.0066695292,-0.15266015,-0.04148254,-0.026415976,-0.01817257,0.12550603,-0.019751873,0.0041181305,0.001761376,-0.11926688,0.06881933,0.10420926,0.053943705,-0.0003870352,0.06834937,0.16814402,0.062450815,-0.12207269,0.05086963,0.13472462,-0.055925243,-0.074480765,0.08426565,0.041243985,0.08851469,-0.08148931,0.14514743,-0.019368906,-0.13651326,0.14064951,0.060065385,-0.037128292,0.016665258,-0.11556603,0.0836588,0.1614955,-0.17898804,0.029700188,-0.014331041,0.008611171,0.063120425,0.060298678,-0.06906266,0.113770515,0.07433542,-0.0910271,0.07854576,0.005776555,-0.09681828,0.00782731,0.19776024,0.14420891,0.000510103,0.028486365,-0.14611009,0.07045405,0.12478628,0.22272,-0.05904515,-0.16693205,0.10413997,0.07832619,-0.15450081
TCGA-D8-A1J8-01A,0.07960227,0.005159849,0.18453342,0.14165685,-0.09001028,0.11094407,0.053834934,-0.06838317,0.045155283,0.07018843,0.030571893,-0.02783634,-0.035049845,0.17086405,0.11274476,-0.067512885,0.057562225,0.053744316,0.024531968,-0.098211095,0.092935316,0.039651077,-0.01914631,0.101858675,0.10063069,0.13015203,-0.18739846,0.037014797,-0.13007264,-0.011025516,-0.0055576814,0.081096224,-0.07760232,-0.17237341,-0.08899252,-0.279378,-0.054927476,-0.07839076,-0.0428771,-0.028261766,-0.051106967,0.045553092,0.014781712,0.008482556,-0.009674151,-0.13247289,-0.11768041,-0.021534199,0.018094053,0.20004614,0.10039131,0.09135669,-0.07960973,0.26728106,0.039966807,-4.6741985e-05,0.09639342,0.11408761,-0.0842153,0.039516605,-0.09058295,0.064310186,-0.059681278,0.09092527,0.0949605,-0.15803485,0.18175086,0.067946576,-0.13469854,0.04273089,-0.09448486,-0.04451585,0.11350348,-0.14351586,0.07107767,-0.061519403,0.063015595,-0.0070481338,0.0046019186,0.01510842,-0.022849578,-0.06176161,-0.076030955,-0.009452523,0.012081232,-0.086408295,0.058613192,0.20050673,0.19736904,-0.16595164,-0.053525507,-0.09093325,0.088900484,0.02581067,0.16700989,-0.07091588,-0.1107674,0.11263392,0.098171756,-0.05070028
TCGA-E2-A570-01A,-0.017705316,-0.03406119,0.10102138,0.16564643,-0.084222324,0.089439996,0.07561611,0.051226184,0.09812815,-0.07002256,-0.06634704,-0.036160786,-0.042538907,0.05919617,0.10854363,-0.013964784,0.11180533,0.17738074,0.010737655,0.0034761971,-0.0007129053,0.033825327,-0.028818117,0.17383774,0.06869984,0.086378686,-0.15890892,-0.0907529,-0.06683186,-0.1301412,0.007695228,0.008457709,-0.18234497,-0.1624097,-0.07095032,-0.32533377,-0.026359266,-0.012969191,-0.14521801,-0.00984299,-0.05278935,-0.041139062,0.10557612,-0.07358525,0.044611193,-0.07042073,0.002627488,0.16860585,0.090825714,-0.03399922,0.103126906,0.07829112,-0.039831955,0.25940487,0.035211284,0.17830983,0.12825318,0.05476517,-0.121022046,0.058178302,0.046564005,0.17075679,-0.051901586,0.17491712,-0.034561064,-0.12367675,0.094678566,0.0031396765,-0.14581147,0.07825318,-0.08611521,-0.033113185,0.0052665593,-0.09789666,0.068540476,-0.02440325,-0.008660417,0.035171576,-0.031661943,-0.04009374,0.070418306,0.02622985,-0.020989843,-0.048872907,-0.05301103,-0.001626379,0.008991468,0.2788548,0.16136482,-0.08117085,-0.01501697,-0.04212818,0.09045027,-0.0055289376,0.13900506,-0.07150734,-0.13727607,0.04450725,0.124474026,-0.06604384
TCGA-E2-A1LB-01A,0.053805962,0.08076504,0.2304779,0.23006357,-0.048188105,0.12601295,-0.06734443,0.03412932,-0.0089394,0.019227633,0.0055099404,-0.14531858,-0.014061449,0.17272653,0.032121398,-0.0043411087,0.076287724,0.10673562,-0.1171232,-0.05962591,0.054305725,-0.0023159643,-0.01908367,0.18363312,0.040337306,0.10197978,-0.20648073,-0.05096829,0.042335134,0.014421931,0.06626343,0.112806015,-0.11771785,-0.15489504,0.0065776804,-0.1819017,-0.10255274,-0.0056507173,0.024022143,0.10184029,-0.013214102,0.06204053,0.10443767,-0.02791121,-0.076628014,-0.103357814,-0.0957741,0.1141456,0.058135778,0.105521366,0.10010994,0.11835429,-0.08895284,0.23013821,-0.09145716,0.022415752,0.11526779,0.074110694,-0.058270197,-0.016453363,-0.116257995,0.07087454,-0.06655592,0.10611803,0.056562625,-0.039411526,0.09488137,0.008011948,-0.1640042,0.13627462,-0.116043694,-0.07009164,0.032571144,-0.2791313,0.083537005,-0.08539642,0.056519352,0.03496029,-0.02910346,-0.022284742,0.11880283,-0.065308005,-0.06872001,-0.035038296,-0.080477014,-0.002788625,-0.06826934,0.1070832,0.21307409,-0.034537543,0.0014701618,-0.090664335,0.028715564,-0.04875649,0.109402,-0.027245574,-0.18155912,-0.035856735,0.06982393,-0.12114126
TCGA-LL-A740-01A,-0.049073856,0.0816355,0.08294555,0.14144947,0.00080734835,0.084556095,0.012372342,0.0071732374,-0.00074292277,-0.06717002,-0.023951493,-0.1027209,-0.072239675,0.17072721,0.105091475,-0.002730898,0.107277796,0.28314146,-0.052422702,-0.026074836,-0.02440215,0.042152513,0.112751886,0.13311532,0.034816228,0.12585647,-0.2602502,-0.10418274,-0.09273253,-0.15874512,0.03246192,0.047584426,-0.16655372,-0.21240637,-0.047639064,-0.2355558,-0.053521324,0.037508953,-0.09440235,0.030124836,-0.032643545,-0.037210874,0.1000897,-0.04374697,0.010000186,-0.13391896,-0.08384802,0.012773619,0.051469162,0.1197088,0.08594871,0.14802079,0.04547743,0.15214989,-0.10311813,-0.060768973,0.1490569,-0.07244299,-0.039956704,0.03780552,0.06617045,0.027405549,-0.15755974,0.114015,0.03409206,-0.13954766,0.15143943,0.026840826,-0.03367997,0.033215288,-0.09351067,0.020711698,-0.022345878,-0.19414008,0.07510084,0.0034046893,0.012017585,0.064999424,0.12906791,-0.0015167191,0.108988136,0.12820041,-0.1434439,0.029135339,-0.09189628,-0.025699455,0.030257061,0.1748244,0.06764188,-0.030480377,-0.013073771,-0.060551252,0.09662102,-0.015713949,0.14507107,-0.1441816,-0.07184223,0.042891145,0.057591785,-0.09702041
TCGA-AR-A1AY-01A,0.1062175,-0.0071887863,0.15630625,0.20880304,-0.088781066,0.13078049,0.06825954,-0.025272686,0.023789985,0.016667042,0.018358665,0.024464529,-0.02771385,0.13473555,0.089526005,-0.09093729,0.20284922,0.08923449,-0.0009663026,-0.054058593,0.020163707,0.042343296,-0.01321158,0.17790967,0.030846296,0.06786606,-0.20951557,-0.0031072965,-0.08729121,-0.1727136,0.11197976,0.10272665,-0.1409479,-0.0555164,-0.12754053,-0.2255398,-0.021788195,-0.041901927,-0.184912,0.049899273,-0.08297511,0.019921375,0.036478836,-0.0031138272,-0.08088824,-0.17086819,0.006774146,0.0865162,0.054038763,0.101258025,0.10429979,0.14057392,0.01935866,0.23456827,-0.11367464,0.024546565,0.20677973,-0.0070205056,-0.05527284,-0.033068817,-0.029931385,-0.00497935,-0.03187206,0.088222645,0.04875739,-0.05125688,0.22482468,0.077733494,-0.111301064,0.11043623,-0.11198206,0.08986336,0.01346621,-0.14843673,0.13242465,-0.008285943,-0.01150408,0.0014655008,-0.00870272,-0.016915314,0.057717543,0.07388078,0.028660348,0.014933361,-0.094935976,-0.016291525,-0.015329131,0.13711916,0.18766083,-0.047641594,-0.09288881,-0.10261828,0.07269255,0.04522272,0.14148968,-0.0029916163,-0.15935913,0.06686038,-0.026802333,-0.08460922
TCGA-C8-A1HM-01A,0.04538439,-0.022119436,0.14664991,0.13616173,-0.03239566,0.115680814,0.06584668,0.1331158,0.044580605,0.073294215,-0.06468117,0.033411454,-0.15434404,-0.008921214,0.14983727,-0.040762402,-0.017275708,0.28260148,-0.035555843,-0.056913923,0.035317846,0.07137662,0.021060215,0.13126442,-0.037478816,0.048873696,-0.23370034,-0.09705274,0.05338162,-0.090453975,0.007466975,0.09441938,-0.10988778,-0.1844005,-0.1557919,-0.09114916,-0.02614016,-0.07245018,-0.05912324,-0.0091661075,-0.058295786,0.0021663879,0.010207974,0.01819626,-0.06346109,-0.06875001,-0.016031658,0.08495511,0.08909587,0.16207539,0.057148304,0.058145147,-0.0021079462,0.08658988,-0.08263541,0.08762544,0.04440495,0.051277246,-0.0587335,0.058956496,-0.038115732,0.033323947,-0.11669229,0.16919869,0.059709735,-0.06747634,0.16479267,0.041942984,-0.056679953,0.073551975,-0.09878552,-0.02583782,0.09821448,-0.13397492,0.09935901,-0.04692819,-0.07347681,0.1181742,0.08262329,0.036654267,0.056676883,0.018427804,-0.20924038,0.0043985555,-0.052336406,-0.019822692,-0.08155856,0.25387862,0.14584318,-0.09322572,0.06819939,-0.16308403,0.054315343,0.018605357,0.11301307,-0.12584098,-0.118976146,0.038574044,0.075083636,-0.27753523
TCGA-AR-A256-01A,-0.038843714,-0.031172136,0.118645646,0.16147256,0.032410044,0.10383155,-0.008707105,0.006355623,0.06591454,-0.00526411,-0.055837527,-0.013383658,0.05969962,0.06810838,0.06642531,-0.102207184,0.13986163,0.18109958,0.054127168,-0.004612333,-0.04527306,0.095908426,-0.1011854,0.119856805,-0.1132762,0.06909306,-0.21963763,-0.003601285,-0.008454613,-0.0829939,0.13167256,0.12531962,-0.108683854,-0.24094222,-0.12082673,-0.18574251,-0.05026194,-0.041891735,-0.0037801203,-0.033347297,-0.05478716,0.11163289,0.02572478,-0.026854452,-0.049212772,-0.14514823,0.05182636,0.06613698,0.13032173,0.13061312,0.057369918,0.1869819,0.120229036,0.06407166,-0.051179115,0.032524575,0.034654252,0.08629802,-0.030146291,-0.05432982,-0.044511974,0.007421476,-0.03557892,0.16291492,0.044636995,-0.12996891,0.23843947,0.069534354,-0.1270647,0.027692318,-0.16505602,-0.023742618,0.0002933466,-0.1699874,0.07527464,-0.08577898,-0.01008987,0.027582603,0.0121660335,-0.059312806,0.002073127,-0.016018825,-0.06872054,-0.11331489,-0.018950544,-0.07224876,-0.13762966,0.13284874,0.18429698,0.052113038,0.012363975,-0.13376103,0.05518557,-0.011579411,0.15768345,-0.10823608,-0.14469917,0.11129322,0.037504993,-0.21923275
TCGA-A7-A0D9-01A,-0.04165742,0.008966248,0.2034334,0.1391547,-0.0017290331,0.11626681,0.04267871,0.010458667,0.087372854,0.080072515,-0.020035721,-0.013978397,-0.025988208,0.06954381,0.14911845,-0.032872044,0.056138244,0.16770814,-0.058337115,-0.09079575,-0.007277519,-0.06914205,0.04798646,0.050073292,0.068211816,0.16345473,-0.2457681,-0.10952791,0.0023224265,-0.14892083,0.049793966,-0.0029284046,-0.088071056,-0.12450141,0.03807901,-0.08272123,-0.081241764,-0.107306905,-0.11565096,0.034753487,-0.005837858,0.0008150038,0.11903638,-0.07064721,-0.11341989,-0.092225075,0.023523288,-0.0059031155,0.2447478,0.0948068,0.188932,0.10394081,0.07619614,0.014544926,-0.1255038,0.08892028,0.11627847,-0.022747027,-0.12579462,-0.08569052,0.034965623,0.06551493,-0.16433738,0.07864037,0.049661655,-0.10556613,0.13478422,0.07684385,-0.16717945,0.0761523,-0.099566326,-0.0028256893,-0.03031256,-0.2998737,0.062602974,-0.019735305,0.03697523,-0.009673144,-0.043282602,-0.06076966,0.07474035,-0.09952444,-0.05489445,-0.018973723,-0.14913145,-0.046940796,0.004776105,0.15978311,0.14864242,-0.03533722,0.13081291,-0.12815957,-0.012437686,-0.010829401,0.113517374,-0.09789841,-0.13074858,-0.009197619,0.08328518,-0.122462474
TCGA-B6-A0RM-01A,-0.027178776,0.12074459,0.14796099,0.07561411,-0.01645075,0.1182193,0.102495134,-0.057965856,0.0641734,-0.053933036,-0.04727104,-0.013007485,-0.059746165,0.082865134,0.17862928,-0.04356673,-0.0124044875,0.2530273,0.0027843069,-0.12714443,-0.03736416,-0.06963834,-0.037398662,0.06770714,0.033157304,0.05491581,-0.24278066,-0.044805884,-0.099627875,-0.051874172,0.0886858,0.08171681,-0.028366841,-0.20702614,-0.099126875,-0.22471066,-0.12232802,-0.05937599,-0.024386533,0.047164302,-0.12666146,0.043750525,0.12618393,-0.08829142,-0.026618108,-0.03191176,0.03374046,-0.016725315,0.10333088,0.0573483,0.059878714,0.08646952,0.04911257,0.13999271,-0.02057021,-0.02714452,0.085540384,0.015637051,-0.104372315,0.007328254,-0.009667638,0.06643565,-0.07009599,0.12796864,-0.018716354,-0.109241724,0.20314932,0.011731976,-0.064504124,0.023012228,-0.04035712,-0.13601853,0.064763255,-0.2906371,0.095947444,-0.07143113,-0.07664302,0.10499793,0.13781276,0.008040085,0.11964097,-0.073697805,-0.108393826,0.022442969,-0.074421555,-0.00052060676,0.10185329,0.12651254,0.16012251,-0.041324757,-0.036135513,-0.07623993,0.14993869,0.030437997,0.23808536,-0.020419072,-0.082601935,-0.088689774,0.1146,-0.060926102
TCGA-D8-A1Y3-01A,0.019971058,0.11936949,0.09420968,0.19675718,-0.16502708,0.10449958,0.042506102,0.07489618,0.035135627,-0.012074859,-0.05706125,-0.019844785,0.031698655,0.09656668,0.18428719,-0.07323942,0.045234244,0.072918184,0.07504566,-0.08703268,0.010006074,-0.055490874,-0.017848661,0.12160695,0.04377537,0.09136265,-0.1665854,-0.059974305,-0.06573569,-0.117892705,0.0054003093,0.0568132,-0.111032136,-0.21551748,-0.085619584,-0.208974,-0.047433756,-0.089961745,-0.07488879,-0.066772856,-0.02865971,0.029495478,0.03543338,-0.059138883,-0.058053464,-0.041339822,-0.07214283,0.06322032,0.07034365,0.13651721,0.13792959,0.081398346,0.087228626,0.08791543,0.01571967,0.06511611,0.08108011,0.07395538,0.09473141,0.09600637,0.01484436,0.018963369,-0.13196808,0.1361587,0.05807409,-0.09364607,0.22846293,0.08210609,-0.094063655,-0.037365597,-0.22709988,0.021348322,-0.0011340275,-0.18132244,0.11559237,-0.037101373,0.036621444,0.02655793,-0.018754326,-0.09387871,0.15234146,0.068089835,-0.10286735,-0.024640616,-0.0046144323,-0.05139241,-0.10067399,0.180588,0.22466908,0.025412364,0.07583946,-0.107817136,0.0868382,0.033246316,0.14161526,-0.09735834,-0.10614239,0.101188794,0.16324414,-0.13177738
TCGA-OL-A6VQ-01A,0.03606659,0.0575667,0.1546866,0.13072467,-0.051822994,0.106269486,-0.07489348,-0.015375027,0.16872047,0.027338814,0.014414503,0.016015155,-0.09081972,0.071160994,-0.019346835,-0.049640622,-0.0012741593,0.15061255,-0.026162215,-0.052911613,-0.0005558137,0.03346323,-0.00795631,0.1639817,0.03220294,0.06654576,-0.074538626,0.014348804,-0.064678594,-0.14810118,0.12639451,-0.03135964,-0.118227825,-0.14946555,-0.12942933,-0.22060427,-0.050186582,-0.054678384,-0.15005207,0.07023141,-0.006462354,0.022819053,0.01111478,-0.030740103,-0.04821638,-0.08002503,-0.11008672,0.12827294,0.06739445,0.07561073,0.08483599,0.21394387,0.1412827,0.07251927,-0.06392932,0.025322618,0.0947125,0.07617268,-0.011527736,-0.060550965,-0.064275764,0.17618254,-0.08393256,0.21304125,0.01171469,-0.13013576,0.23250002,0.1312431,-0.07028062,0.037305865,-0.21318072,-0.094844095,0.07212109,-0.11770773,0.016966483,-0.13974734,0.092304856,0.07380807,0.08356674,0.0063820174,0.09155004,0.07100745,-0.18507351,-0.010675085,-0.07948908,-0.06410775,-0.034874216,0.15321033,0.19489846,0.03940769,0.030238079,-0.14666831,0.012515089,0.091142975,0.0910389,-0.10332751,-0.04368426,0.07585336,0.020376764,-0.13350233
TCGA-E9-A1RD-01A,-0.0084184315,0.13106428,0.15802926,0.019268189,0.0040740804,0.23320572,-0.025497725,0.04806833,0.090255216,-0.0021638765,-0.078007445,-0.015650775,-0.11696092,0.044176903,0.04436514,-0.058455806,0.0751904,0.07532741,-0.008577234,-0.018196631,-0.03415516,0.016487444,-0.05502446,0.08004244,-0.06632551,0.033656094,-0.21315925,-0.05660559,-0.03884984,-0.07658145,-0.037435155,0.09613252,-0.17010966,-0.09103003,-0.07661801,-0.23824017,-0.014725589,-0.10460375,-0.08594146,-0.055369623,-0.07416331,-0.050185487,0.10664074,-0.046811853,-0.015439467,-0.068989635,-0.19328885,0.014878754,-0.03077489,0.11248263,0.013029888,0.0122477645,0.008952133,0.058165535,-0.08770285,0.15387757,0.15291026,-0.09226927,-0.10302093,0.03484817,0.010782826,0.09320786,-0.09086607,0.16543645,-0.011287666,-0.13166016,0.2814613,0.09134369,-0.19112553,0.022203758,-0.07266478,-0.016863583,0.11274446,-0.18920314,0.17737824,-0.034052927,0.12218005,0.05998233,0.03875883,-0.0626444,0.051261663,0.027680838,-0.06694509,-0.021405673,-0.07186426,-0.06225366,-0.099667,0.13897267,0.18436778,-0.08736216,0.015446954,-0.14459208,0.113369994,0.062214136,0.18727084,-0.11699045,-0.053142313,0.025818953,-0.03154234,-0.12316068
TCGA-EW-A2FW-01A,-0.06825949,0.03994751,0.19494838,0.14987224,-0.010509174,0.156346,0.049967602,0.06846609,0.024555141,-0.025014533,0.004378251,-0.017079195,-0.15832664,0.09708727,0.12834872,-0.09530814,0.07907896,0.09689039,-0.041679498,0.016874108,-0.028464483,0.02879384,-0.032952037,0.09110077,0.03698462,0.07234305,-0.13701215,-0.098988965,-0.0681725,-0.033537306,0.07941459,0.017805327,-0.20156674,-0.18425824,0.023332441,-0.14049722,-0.11991735,-0.07256367,-0.11895822,-0.088120855,0.08726179,0.043796994,0.13120416,-0.08382354,-0.06654807,-0.23699436,-0.03478155,0.05979389,0.14676046,0.10493472,0.08939088,0.05437183,0.089035,0.02818287,-0.08316119,-0.020506246,0.13011505,0.056771953,-0.027039995,0.061719183,-0.022128474,0.025422223,-0.012369042,0.16903947,0.06301856,-0.15158418,0.15510188,0.11016762,-0.09561039,-0.09287689,-0.07795443,-0.089299895,0.10821344,-0.25487593,0.100516506,-0.06592026,0.020699654,0.018877825,-0.034514446,0.02674939,0.030828264,-0.040182773,0.022110038,-0.0075359736,-0.037406497,-0.08873353,-0.064209335,0.20014513,0.24514854,-0.031772103,-0.037800096,-0.120994374,-0.0007177314,0.12875506,0.050384548,0.0014240687,-0.1652132,0.20422342,-0.0020740356,-0.057982784
TCGA-E2-A2P5-01A,-0.041089054,-0.075435504,0.11803706,0.0550031,0.01647481,0.08444085,0.020257363,-0.0009768702,0.039669093,-0.023864897,-0.0390282,0.04512806,-0.06460735,0.095662884,0.14200217,-0.09597737,-0.0065750387,0.15464854,0.007229679,0.05213819,-0.08723841,0.023250846,0.021129943,0.22185147,-0.01100429,0.11692415,-0.1629896,0.027864,-0.12650229,-0.09052209,0.07901552,-0.09200366,-0.18998025,-0.2210774,-0.12167998,-0.13122669,-0.113017246,-0.103699304,-0.1428813,0.035861902,0.033903357,-0.03863686,0.02369848,-0.042398926,-0.06427703,-0.065281235,0.05450063,0.09393721,0.07961369,0.109459974,0.15582135,0.09017126,0.115600154,0.044769093,-0.10532459,0.015807979,0.14070101,0.13603659,-0.09155032,-0.0068916585,-0.050992638,0.10285297,-0.058012523,0.1355719,-0.005302691,-0.06971132,0.2549126,-0.008058769,-0.24363804,0.093623385,-0.12307146,-0.032703955,0.0453721,-0.2072231,0.06609356,-0.067249864,0.04699322,0.07517714,0.009535805,0.00015187268,0.044980206,0.08279983,-0.07959065,-0.039589208,-0.060832966,-0.021261573,0.031020246,0.03767999,0.13474168,-0.0026388902,-0.021057663,-0.17097975,-0.1068587,0.01840091,0.08028739,-0.059066005,-0.15975754,0.045970265,0.21572828,-0.15878634
TCGA-AR-A0TR-01A,0.03099768,0.025592264,0.1067024,0.10523711,-0.007281028,0.11925394,0.08646721,0.006828995,0.005584769,0.027717605,-0.086667985,0.011998897,-0.018031742,0.1009721,0.06267911,0.029467057,0.030618096,0.16074413,-0.13191375,-0.052865364,0.053584408,0.14718026,-0.019374108,0.17229305,-0.06007745,0.13290747,-0.19390844,0.039268315,-0.022043595,-0.11405328,-0.06673312,0.082509376,-0.10202541,-0.1965567,-0.15730451,-0.11223461,-0.1729568,-0.108936116,-0.12717673,-0.03805655,-0.057356,0.023645554,0.109520406,-0.037519027,0.009842554,-0.088677034,-0.028031448,0.020942843,0.1074538,0.13990864,0.042837273,0.14834154,0.06474119,0.096794024,-0.11676338,0.12766875,0.07069633,-0.0039942227,-0.0135176135,-0.0008974772,-0.047537457,-0.012305084,-0.023480782,0.15283465,0.042914644,-0.15812135,0.21144763,0.11559249,-0.1623737,0.07807784,-0.08668657,-0.0036450697,0.134209,-0.13820882,0.057763778,-0.07605402,0.016390374,0.16605778,0.020162283,-0.065075554,0.0021612009,0.02084156,-0.09605439,-0.12959507,0.037691794,0.021996452,0.017204747,0.09090889,0.21789856,-0.062307004,-0.02368764,-0.21900015,0.03528501,-0.07020018,0.17887078,-0.057932004,-0.12593696,0.16515048,-0.029257605,-0.12438043
TCGA-BH-A0BF-01A,-0.04378712,-0.022050338,0.10557444,0.12090053,-0.014794811,0.082071535,-0.008275802,0.0532185,-0.015103596,0.08225407,0.0075959344,0.027506601,0.056438535,0.19855884,0.090001166,-0.11008382,0.07573443,0.1416105,-0.038454253,0.0242375,0.03176427,0.0011104586,0.064885035,0.12155052,0.078716554,-0.0072649675,-0.17097959,-0.18274535,-0.111492716,0.042314168,-0.08410119,0.06747504,-0.15283601,-0.11739123,-0.09438534,-0.18875928,-0.049752183,-0.052194145,-0.09218298,0.035106346,-0.09861643,0.04100332,0.15379177,-0.07628828,-0.028166406,-0.17816892,-0.081693575,0.043859724,0.091267705,0.19337256,0.044243738,0.013604085,0.06954969,0.15632989,-0.08682337,-0.020406457,0.1961546,0.021589877,-0.020480245,0.018463504,0.08186127,0.057507187,-0.13945389,0.19114965,0.10287025,-0.09803582,0.13644011,0.064436466,-0.029890181,0.028314728,-0.11726419,-0.035062153,0.016967354,-0.21888241,0.19675514,-0.095089614,-0.03820711,0.025051117,0.07321298,-0.05994572,0.08197414,-0.036849074,-0.03592261,-0.04771377,-0.01716458,-0.090220496,0.014441461,0.16994473,0.058441937,-0.012659018,0.036649063,-0.1446832,-0.04612818,0.12416081,0.22632311,-0.04813057,-0.13693468,0.045264386,0.2036181,-0.06600422
TCGA-D8-A1Y1-01A,-0.023422098,0.017425269,0.2179862,0.13287675,-0.0047551887,0.15252616,0.016973887,-0.023704981,0.0824598,-0.020861158,-0.041346688,0.02238111,-0.025057388,0.10332946,0.07982846,-0.1567078,0.080340005,0.21294709,0.028024716,-0.025494564,0.075326964,-0.010937161,-0.062422674,0.1955677,0.09168616,-0.004817479,-0.12079348,-0.05476173,-0.14039949,-0.06830541,0.10432338,0.106232144,-0.117303774,-0.13998568,-0.13217263,-0.15783851,-0.014622433,-0.080804914,-0.10789768,-0.10277209,-0.07156527,-0.021069948,0.009540639,-0.0664033,-0.063779235,-0.058467638,-0.07320301,0.10615153,0.15673976,-0.010417861,0.17326489,0.050422434,0.16039006,0.060367066,-0.11098861,0.001005119,0.13553417,-0.03464279,-0.09888937,0.041899502,-0.06745297,0.10252716,-0.120673195,0.15171906,-0.020547753,-0.116287775,0.19435135,0.11550183,-0.108424865,-0.043596163,-0.06817196,-0.08895255,0.07865934,-0.26204184,0.13652252,-0.09428703,0.0023853076,0.06945127,0.078869276,0.03399775,0.078954145,0.039412417,-0.014660879,-0.033794764,-0.099237405,-0.07385869,-0.013779262,0.20294599,0.076161034,0.019560697,0.08497292,-0.16709623,0.063179255,-0.027079199,0.15128322,-0.031442862,-0.039739516,0.06134305,0.08314902,-0.094927445
TCGA-D8-A27N-01A,-0.026339594,0.027841544,0.115037,0.10961683,-0.022390226,0.10579528,0.019088829,-0.031938266,-0.07739867,0.049954023,0.019034436,-0.045077644,-0.062740006,0.10473797,0.1177915,-0.021768795,-0.012470418,0.17609367,-0.050148964,-0.04169858,0.13997726,0.03047354,0.017706532,0.116494335,-0.016416676,0.10348212,-0.27271146,-0.08253993,-0.18877943,-0.06862217,0.138037,0.0895758,-0.10010374,-0.11566973,-0.038608357,-0.27595556,0.015361082,-0.07197624,-0.08498602,-0.06083375,-0.021930525,0.08442054,0.04776967,-0.10450662,-0.06373893,-0.032905083,-0.06376183,0.030845068,0.18566357,0.13253827,0.07138335,0.09208873,-0.032621972,0.061533146,-0.12176123,0.06380661,0.1731775,-0.0023335782,-0.10010501,0.0019210713,0.07816103,0.09322797,-0.10989878,0.12606001,0.08181844,-0.14038973,0.12992686,0.08723563,-0.10192907,0.10072812,-0.14530759,-0.041995306,0.016520595,-0.16655454,0.04402723,-0.09017645,0.011647236,0.07819632,0.029075056,0.021294257,0.12320907,0.057648208,-0.026137972,-0.0109821595,-0.07780212,-0.133993,-3.9721313e-06,0.056275498,0.31632838,0.03781687,0.002025834,-0.12947018,0.06876474,-0.060400937,0.19089222,-0.08199363,-0.023712268,0.0525327,-0.021779886,-0.10064809
TCGA-E2-A15J-01A,0.018611997,0.08947413,0.21556436,0.07472484,-0.028819077,0.1436616,0.0140078375,0.025964597,-0.00083165924,0.012962594,-0.12610519,-0.009354481,-0.05499667,0.13883825,0.010350051,-0.009208519,0.090816475,0.18136686,0.03412526,-0.013600306,0.03435386,0.038856264,-0.07548744,0.07745473,0.016927341,-0.0006443739,-0.1804481,-0.112342864,0.037663225,-0.14339815,0.056327075,0.040462915,-0.057687078,-0.262817,-0.121932246,-0.1690457,-0.18006557,-0.026140882,-0.05717164,0.021846341,0.00781136,-0.085985884,0.120869435,0.005450078,-0.07517877,-0.10583369,-0.14456232,0.10538684,0.102037326,0.026014203,-0.010557654,0.09815478,0.07355655,0.10822174,-0.02134211,-0.007600323,0.25168467,-0.0038462314,-0.048417725,-0.029425584,0.062621474,0.054681364,-0.028861511,0.22229786,0.036099155,-0.04200345,0.059315156,0.09107958,-0.07231633,0.02565827,-0.08343296,0.0423886,0.030898135,-0.17210566,0.11139103,0.0054252245,0.032647535,0.093469344,0.070970826,0.057957526,0.06872127,-0.046796653,-0.059928123,0.048073053,-0.08151858,0.021275505,-0.10245019,0.1676709,0.18848222,0.05275795,-0.05473813,-0.25647235,-0.049254462,-0.016798306,0.1903653,-0.087313496,-0.18905415,-0.006550066,0.05531245,-0.14784595
TCGA-EW-A2FV-01A,0.020060668,0.009730927,0.13807523,0.18021181,0.07919913,0.094549865,0.037202004,0.04734195,0.01805298,0.047869984,0.027067404,0.052290536,0.06607345,0.16308665,0.08846392,-0.036363274,0.06258879,0.26444224,-0.04917185,-0.0103224525,0.092407726,0.04802744,0.041165195,0.07654731,-0.04073779,0.15710595,-0.33253604,-0.010761196,0.023626862,-0.05736588,0.098784,0.06798264,-0.09372435,-0.14700869,-0.011156982,-0.23088257,-0.08442049,-0.121073216,-0.12077016,-0.074781045,0.04261115,0.052146602,0.03627585,0.014368412,-0.014880185,-0.08475093,-0.021598909,0.08917154,0.07995637,0.1101236,0.09401265,0.17418583,0.04429947,0.039487038,-0.14350973,-0.011547085,0.039233886,0.005188962,-0.025937738,0.013710521,0.010538304,0.03602398,-0.013220133,0.21049216,0.04023154,-0.12501477,0.18254946,-0.06969,-0.12511821,0.032265812,-0.18672343,-0.039962288,0.012325594,-0.18441676,0.10098853,-0.08393049,0.05933645,0.07114385,0.065470055,-0.030959636,0.013401858,0.006353562,-0.16251719,-0.027348101,-0.04867517,-0.057819746,-0.056156717,0.16926228,0.16114393,-0.013214581,0.041705675,-0.09380451,0.08461407,0.08052982,0.08184859,-0.12239136,-0.14882478,0.1106389,0.098016195,0.01547629
TCGA-BH-A0H9-01A,0.11616829,0.024683896,0.083790906,0.12796406,-0.077560216,0.03053016,0.07510244,0.0014956159,0.07073669,0.013144297,-0.05984915,0.039970253,-0.016783336,0.16414794,0.09122763,0.02800218,0.05921184,0.10285746,-0.024468683,-0.042928007,0.01988357,0.01127691,0.06286166,0.12637089,-0.0700765,0.09631114,-0.19353423,-0.07161116,-0.06067643,-0.1429491,0.03077159,0.1294988,-0.2124138,-0.14699921,-0.04578202,-0.16956091,0.0068761017,-0.012957277,-0.03724985,-0.046033762,-0.04580012,-0.043758053,0.07230958,-0.069785684,-0.011788977,-0.056676503,0.032163784,0.03104929,0.065286376,0.17156449,0.098201975,0.16540788,0.106591076,0.098514564,-0.033567116,0.011200601,0.15483285,0.058951803,-0.15940212,0.017673237,-0.026325166,0.028345102,-0.09704885,0.11657844,0.0632533,-0.15750277,0.17440166,0.0721102,-0.15543714,0.04546245,-0.15960406,0.039276514,0.081014276,-0.21384093,0.09845376,-0.13708875,-0.073360495,0.1400196,-0.0036151027,-0.11007137,0.022765221,-0.025190609,-0.059608623,-0.0074925455,0.07464211,0.110787645,-0.042675227,0.19570903,0.2437515,-0.015148055,0.047494832,-0.16152625,-0.072742425,-0.015394464,0.17875835,-0.14649843,-0.15453589,0.043052256,-0.026268458,-0.06739431
TCGA-D8-A27R-01A,0.11571179,0.029840453,0.15263651,0.1307389,-0.04636224,0.08333445,0.021317713,-0.025867444,0.083726935,0.07575038,0.03430618,0.0017090663,-0.14977588,0.1827721,0.09721438,-0.14309448,0.100956514,0.25473845,-0.07239014,-0.10547442,-0.019277109,0.02111447,0.049881756,0.07569354,0.011373132,0.07383193,-0.20561707,-0.049243726,-0.1108866,-0.02419487,0.021829681,0.090466596,-0.0845447,-0.16371816,-0.0033916386,-0.18125983,-0.121701136,-0.024618924,-0.07639501,-0.016324317,-0.080463454,-0.013176151,-0.02299634,-0.17777674,-0.0023708618,-0.021922978,-0.05623104,0.06708495,0.059115008,0.07895852,0.085183434,0.14151697,0.0847703,0.10696122,-0.053476017,-0.0032608504,0.108025745,0.071182616,-0.07706258,-0.023849934,-0.04186339,0.038566597,-0.09140992,0.119479924,-0.039768856,-0.05961327,0.31186822,0.08965376,-0.18438481,0.008097106,-0.048223544,-0.11388528,-0.07073825,-0.24294078,0.0549547,-0.13790818,-0.009569631,0.03468453,0.08478283,0.043574154,0.10445418,0.0206339,-0.07927563,0.021964882,-0.07112057,-0.10143541,-0.121322826,0.109354205,0.1819497,-0.104928754,-0.03895376,-0.10328557,0.0779717,-0.011806794,0.044716332,-0.09948222,-0.15311815,0.033181712,0.05354966,-0.044947192
TCGA-A2-A0YF-01A,0.033988416,-0.019473678,0.11316985,0.14911872,-0.12253935,0.04232357,0.12625983,0.024001827,0.044014495,0.021672346,0.013843656,-0.057113413,-0.027369307,-0.02265538,0.20954011,0.0040265853,0.05952943,0.12212455,-0.033761755,-0.06848065,-0.051669642,-0.044721857,-0.039447878,0.123188116,-0.03805358,0.15473352,-0.11884329,-0.013922545,-0.036128256,-0.051205948,0.047544844,0.027088959,-0.18308981,-0.088528335,-0.15945107,-0.23743536,-0.11250856,-0.070396096,-0.10901545,-0.025168533,0.15196425,-0.01791833,0.067186125,-0.037503168,-0.017979762,-0.096281566,0.038744956,0.039472174,0.038956884,0.124493636,0.112504065,0.05462941,0.14493123,0.14366263,-0.082662806,0.021727253,0.20021334,0.1469443,-0.008556359,0.10433516,0.054272946,0.051085077,-0.1669741,0.18091573,0.057325177,-0.11526679,0.16781044,-0.05905531,-0.12777923,0.08050236,-0.095216595,-0.04286678,0.1788908,-0.15423575,0.09265342,-0.14337662,0.1075217,0.037276592,0.013715043,-0.0001753411,0.1448188,0.07538453,-0.04823671,0.04611135,-0.06840554,0.03575185,-0.067242846,0.11860603,0.20349096,-0.03190942,0.014354816,-0.17669795,-0.034407966,-0.0367279,0.18627147,-0.089725696,-0.11661674,0.010600907,0.046808377,-0.01863648
TCGA-E9-A1NA-01A,0.043791804,0.06409939,0.23421629,0.13913979,0.0131613035,0.13792393,0.085704,-0.019782266,0.14146312,0.09323733,0.029326899,0.0013220273,-0.12881221,0.15734321,0.11006744,-0.023388488,0.1451366,0.16270122,0.0073707723,-0.047291953,0.052892826,0.16557822,-0.008774815,0.09822364,0.037463266,0.099207506,-0.1883366,-0.078932606,0.019627383,-0.02537611,0.020026263,-0.012811706,-0.166751,-0.027524957,-0.096228056,-0.17651077,-0.109531544,0.016049609,-0.014656714,0.02074093,-0.05602503,-0.0041395864,-0.0091493605,-0.13868938,-0.06278074,-0.11315775,-0.056335032,0.091901764,0.08408618,0.08712664,0.094012,0.15458089,0.07949349,0.017362168,-0.16540894,0.011998394,0.09147938,-0.023473905,-0.026317691,0.06483473,-0.06301398,0.09045623,-0.025771165,0.15616457,0.10158236,-0.055027753,0.15899388,0.030875195,-0.15425943,0.076524295,-0.15458754,0.08802191,0.014309187,-0.11299568,0.08871766,-0.14125672,0.09665674,0.04356919,-0.0052291276,-0.029014252,0.106636636,-0.08288229,-0.026928244,0.029625216,-0.0133844055,-0.12697323,0.03022643,0.24005115,0.10664363,-0.08428977,0.010704594,-0.16874376,0.061335642,-0.060836446,0.12331445,-0.15214585,-0.22193176,0.02831852,0.059346054,-0.06892343
TCGA-AC-A62Y-01A,-0.094245255,0.0038374364,0.22289471,0.18987554,0.07560639,0.06426251,0.01840045,-0.019208409,0.036069974,0.06714817,-0.06375146,0.062172893,-0.01876619,0.21050987,0.13385324,-0.01645543,0.07132302,0.16482897,0.005290741,0.07657701,0.05748809,0.08819738,-0.067542195,0.12296319,-0.043208916,0.12754785,-0.09255184,0.022253973,-0.06611093,-0.06049266,0.040675465,0.06989845,-0.22669263,-0.16492437,-0.032242097,-0.2309283,0.00864875,0.022115592,-0.0691155,-0.10816473,-0.10721797,-0.033523683,0.029944526,-0.059859592,-0.122128844,-0.10063048,-0.033917602,0.15200086,0.04960442,0.23253632,0.07440478,0.053540416,-0.013773745,0.10726219,-0.15780158,-0.030394714,0.08557694,-0.061876282,-0.05181036,0.0044437274,0.09114825,-0.0039978633,-0.09070155,0.1406853,-0.015000886,-0.07526052,0.17604437,0.039816055,-0.102760345,0.15718764,-0.054034077,-0.046170775,0.042652924,-0.21362479,0.039110534,-0.10550363,-0.103918515,0.16095774,0.08632207,-0.015163135,0.13596764,0.004316224,-0.080844596,0.024799433,-0.023419335,0.05369907,-0.055517923,0.17904095,0.10615074,-0.054597907,0.12954868,-0.11124986,0.013460219,0.055303324,0.13340513,-0.025607014,-0.07855771,0.01275422,0.06785251,-0.122222416
TCGA-A7-A5ZV-01A,0.1241909,0.039739914,0.1582924,0.09068684,-0.04490745,0.2407089,0.100589655,0.04836585,0.1287659,-0.0017576247,0.015551531,-0.068271674,-0.08970856,0.1321355,0.08291356,-0.051395435,0.10955821,0.19048111,-0.09440225,-0.029855555,0.037871934,0.05890207,-0.012322299,0.14001766,0.043566626,0.0833531,-0.12387143,-0.08663449,0.015030945,-0.062638514,0.057499584,0.07624874,-0.061437916,-0.13407606,-0.10226781,-0.25233716,-0.06618871,-0.026904866,-0.043548435,0.011717918,-0.00888459,0.061138693,0.09157972,-0.09994256,-0.040307686,-0.077549346,-0.08945108,0.08149133,0.009049049,0.09412984,0.108071595,0.08803103,0.11708697,0.14924404,-0.07573916,-0.019502483,0.11914682,-0.09975897,-0.10887435,0.06934463,-0.024848718,0.13193457,0.10994228,0.15609127,0.011821381,-0.16743639,0.18508871,-0.003423962,-0.18400629,0.09202188,-0.022594485,-0.026979169,0.12679502,-0.16284032,0.030026501,-0.103989094,-0.043075237,0.13147014,0.04670281,-0.04739792,0.02869874,-0.037028044,-0.09231604,-0.01079347,-0.025079997,-0.087541826,0.03853586,0.12778749,0.20109941,-0.013519061,-0.0037590591,-0.08676258,0.06662816,-0.06279395,0.11125272,-0.09027895,-0.14912502,0.00057390984,0.11116869,-0.21754302
TCGA-GM-A2DN-01A,-0.0057429182,-0.0267624,0.10096097,0.14374167,-0.06640345,0.0440446,0.0023341407,-0.038372926,-0.023005819,0.08262478,0.028937237,0.052328296,0.11481739,0.15774775,0.10680621,-0.04161012,-0.063116655,0.16656005,-0.0366801,-0.06823323,-0.0033302528,-0.06738325,-0.056268755,0.0631653,0.031384625,0.09194078,-0.25243765,0.040526416,-0.22282669,-0.10540893,0.13360013,0.17874894,-0.15428029,-0.043719135,-0.03390233,-0.25788516,-0.1887813,-0.07723418,-0.08610649,-0.046856202,-0.06392311,-0.03129533,0.078631274,-0.10214077,-0.0020824985,-0.11184581,-0.00039350358,0.010642181,0.109733224,0.15617532,0.060619164,0.13508338,0.026050135,0.111215904,0.040816355,0.0406285,0.10903452,0.113972165,-0.12169647,0.08257906,0.013100028,0.1282597,-0.0007504522,0.076121375,0.07726437,0.034260347,0.084620796,0.108924545,-0.13521594,-0.00012639363,-0.13922445,-0.028477186,0.026837163,-0.20868398,0.08350535,-0.10733677,-0.10549323,0.029428069,0.09427915,-0.045001257,0.08295924,0.041073497,0.021428298,-0.029310927,-0.0509672,0.08519468,-0.082543254,0.043496206,0.18198368,0.016762791,0.051084414,-0.22741804,-0.030473202,-0.051421337,0.09587786,-0.1525743,-0.15279143,0.10140724,0.04234903,-0.055976022
TCGA-BH-A0E2-01A,0.032970108,0.078287266,0.20765945,0.108799584,-0.030447353,0.14034374,0.024212366,0.10417894,0.10990228,0.032393355,0.009071379,-0.07158241,-0.098400265,0.07913722,0.09053822,-0.023326237,0.039067682,0.16694817,-0.0032101371,-0.1816862,0.086797476,0.045681678,-0.11588549,0.17765994,-0.01494675,0.16003117,-0.13754408,-0.12041212,-0.04324586,-0.0624276,0.06763757,0.073186316,-0.18342203,-0.249198,-0.07826955,-0.11078483,-0.04758091,-0.071163885,-0.09169549,-0.046173956,-0.03275538,0.0011553656,0.14019229,0.017143784,-0.01504271,-0.2654993,-0.09389988,0.04681166,-0.028718522,0.14052983,0.07227266,-0.03684708,0.047305726,0.075919494,-0.07528159,0.023128089,0.17133693,0.14175697,-0.15521544,0.026131174,-0.012689687,0.0022316242,-0.019857962,0.11395767,0.00095249934,-0.08860197,0.18644847,0.0067176246,-0.033103842,0.05550418,-0.15162188,0.022599218,0.004365842,-0.20539734,0.120635524,-0.014668302,-0.0020788566,0.06836733,0.021527631,0.032791086,0.15672356,-0.04592855,-0.076690085,-0.034104258,-0.043743264,0.026407368,-0.08332458,0.005289603,0.22572012,-0.066192105,-0.014922338,-0.15401676,0.04024648,0.07348557,0.09234484,-0.08102514,-0.13547036,0.07831898,0.00076048577,0.0645842
TCGA-E9-A1R4-01A,0.03226875,0.098909825,0.15312274,0.2517373,0.038818356,0.12412055,0.014046499,0.011626602,-0.0036797724,-0.00020369273,0.11923432,0.053610943,-0.007896609,0.12819733,0.08722512,-0.019010428,0.16335541,0.115699045,-0.03341416,-0.017042577,0.0937844,-0.034733813,-0.006570591,0.14905754,0.0101889,0.131995,-0.13979776,0.02298266,0.024238799,-0.18776625,0.027459405,0.08813524,-0.06848351,-0.14129657,-0.103134,-0.22097331,-0.08371893,-0.028975302,-0.07146817,-0.016270464,-0.030992253,0.00072082825,0.0868785,-0.072789155,-0.066519335,-0.09795366,-0.0074166483,0.07631826,0.05570287,0.0986936,0.07159735,0.17064185,0.048768204,-0.0046404046,-0.07873431,-0.010963277,0.019321244,0.1324171,-0.1258723,-0.034529436,0.016710375,0.015427585,-0.13302432,0.16874573,0.0020744754,-0.044641346,0.15720323,0.026560651,-0.08799248,0.015241168,-0.121218815,0.025807345,0.025860092,-0.18012829,0.16764623,-0.14865176,0.019373437,0.050892845,0.03499082,-0.042986844,0.101158835,-0.07270625,-0.04875183,0.025517937,-0.0009209062,-0.02621566,0.064681426,0.24526416,0.19604318,0.014404346,0.082981616,-0.22713476,-0.015153342,0.047055688,0.15710028,0.004779981,-0.11283067,0.056421705,0.1507889,-0.18098325
TCGA-AO-A0JF-01A,-0.0716174,-0.010736065,0.097981915,0.08177649,-0.02663099,0.18657449,0.044325914,0.041375432,-0.03301622,-0.00091170537,-0.07650257,0.019064188,0.002285848,0.10685766,0.09639072,-0.1694637,0.052650392,0.1082641,0.023089817,-0.026982708,0.05685297,0.16899167,-0.016707508,0.13988046,0.05033808,0.11911405,-0.2159167,-0.0310806,-0.034115758,-0.058433354,0.08017526,0.13944106,-0.1817216,-0.14103085,-0.03977872,-0.22381121,-0.09647625,-0.054511122,0.017621616,0.03061835,-0.03471546,0.07079259,0.003427305,-0.06341779,-0.06562988,-0.14179142,-0.040134378,0.06407438,0.028928084,0.17746818,0.18108131,0.017272236,0.048263364,0.27796417,-0.038642935,-0.013314304,0.18227512,0.05245427,-0.074478984,0.052722838,-0.00988595,0.058137648,-0.10850048,0.1368495,0.111550644,-0.024518251,0.07759363,0.09262356,-0.017591568,0.097119726,-0.12413816,0.013204844,-0.0046843705,-0.17472643,0.08677709,-0.0836955,0.04811416,0.0997444,0.06667184,-0.040849224,0.1607351,-0.041076448,-0.060819075,0.10633366,0.032822385,-0.08021902,-0.044269465,0.23101924,0.17759024,0.04772791,0.00878164,-0.15721269,0.0023420772,0.06998961,0.03415195,-0.023778386,-0.0888,0.07877492,0.10765037,-0.1555497
TCGA-BH-A0AW-01A,-0.035015855,0.06991127,0.089973986,0.23154433,-0.061670642,0.11074329,0.0303425,-0.01315789,-0.015834635,-0.036272503,-0.06189274,-0.08605484,-0.05144411,0.091868915,0.050142404,-0.07774969,0.13879366,0.16489957,-0.04969555,-0.026709225,-0.003298084,0.10854076,-0.025104089,0.07629975,0.02314234,-0.071516104,-0.17434432,-0.043015487,-0.10743661,-0.15878806,0.04326973,0.05525011,-0.13099076,-0.06831923,-0.11279295,-0.24668346,-0.068093695,-0.010850705,-0.098203205,-0.15822679,0.008571148,0.020916123,0.0818488,-0.14897676,-0.10400295,-0.12941736,-0.0018395258,0.019499194,0.04436392,0.20663925,0.093307756,0.16294238,0.1187085,0.12686278,-0.09430809,-0.02220102,0.101041,-0.046463743,-0.06271823,-0.03422627,0.010243465,0.14909293,-0.036888484,0.20609589,0.0151301,-0.10307752,0.122924745,0.027091844,-0.069432475,0.1513828,-0.09784809,-0.002455463,-0.025292214,-0.13799958,0.07575587,0.03368998,-0.042269543,0.07295855,0.10872117,-0.019744704,-0.034049366,-0.066046566,-0.038189683,-0.044683803,-0.08757376,-0.06838396,-0.037721887,0.1864265,0.0899113,-0.064419515,0.04989832,-0.11583475,0.028807033,0.030206304,0.15921913,-0.15821429,-0.14491452,0.11626369,0.117108084,-0.20949608
TCGA-B6-A0WZ-01A,0.009696336,0.017758476,0.17208076,0.16850029,-0.06672078,0.08635101,-0.023133563,0.05040836,0.02006434,0.0071823024,-0.008327671,-0.03155648,0.03154511,0.07883467,0.1396562,0.01668101,0.036089536,0.14825596,0.019026166,-0.0008469149,0.058801785,-0.036063045,-0.067962244,0.12845515,-0.022656811,0.16380239,-0.25629243,0.020692836,-0.043703537,-0.107365206,0.06809835,-0.04558312,-0.17100431,-0.18461172,-0.08935861,-0.17060421,-0.017897494,-0.038502008,-0.08683918,-0.020780914,-0.05734112,-0.06091008,0.09194018,-0.07304061,-0.078367904,-0.1302907,-0.003970111,0.009183083,0.10298419,0.08565961,-0.0030478651,0.2060912,0.097532846,0.1671194,-0.14356855,-0.005645592,0.16489422,0.10343246,-0.080674686,0.021390364,0.011788133,0.010775345,-0.021233682,0.085744984,-0.017354935,-0.053483605,0.14884873,-0.087094456,-0.14995888,0.09017416,0.027118754,0.018209722,0.09609961,-0.15999405,0.06226726,-0.1176911,-0.024890281,0.07891465,-0.0038863078,-0.08502322,0.20560932,0.10047938,-0.12471937,-0.04314949,0.006835505,-0.1614449,-0.050958388,0.21766649,0.27221498,-0.049432274,-0.06715895,-0.06271395,0.023715885,0.009986716,0.10642467,-0.06349293,-0.06938401,-0.017304145,0.0745483,-0.14333174
TCGA-E9-A247-01A,0.009837434,0.036018588,0.18591179,0.09817239,0.02967935,0.17388727,0.14346498,-0.046096627,0.034620613,-0.09658608,0.08980056,-0.03432396,0.00017281575,0.09816118,0.08448203,-0.0788259,0.03882913,0.124922074,-0.052495107,-0.08739328,-0.01582295,0.11968874,-0.043562215,0.120893314,0.060700696,0.16173618,-0.16245817,-0.011532717,0.0025637227,-0.02674569,0.04997388,0.06971489,-0.16578452,-0.1646536,-0.11118678,-0.14645949,0.00040122928,-0.006343021,-0.060905166,0.011381679,-0.073821,-0.005239923,0.12501228,-0.05160757,-0.033055097,-0.12997423,-0.11930789,0.12317942,0.12089978,0.070005774,0.115558475,0.1923919,0.14099872,0.090265594,0.014413411,0.10928334,0.0486359,0.03819814,0.07523026,-0.07323409,0.014115766,0.15549576,-0.13160874,0.19890873,0.079903275,-0.09594567,0.13891935,0.07283921,-0.08208027,0.029618805,-0.08164058,-0.015673107,0.12608607,-0.24793345,0.10385528,-0.01730449,-0.022020677,0.22648612,0.023114385,-0.068235084,-0.0545934,-0.006765899,-0.104887,-0.07968878,-0.058354326,-0.056807447,-0.04875473,0.12280577,0.20308346,-0.05687871,0.081303045,-0.11365939,0.05577003,-0.012423343,0.062693,-0.11099928,-0.12944028,-0.017499583,0.10133137,-0.09843803
TCGA-E9-A248-01A,0.0057229404,0.031474646,0.17796412,0.14103006,-0.15032238,0.20155038,0.034837175,0.041657608,-0.028977038,-0.0019971956,0.024546726,-0.098935716,-0.05248554,0.15286845,0.11252061,-0.1525858,0.019611323,0.20312928,-0.044366594,0.12218238,-0.014734882,0.07406123,-0.0065545556,0.039547857,0.06235959,0.033732083,-0.15342176,-0.13342391,-0.054800667,-0.06091921,0.041851237,0.071716435,-0.15061091,-0.14050543,-0.14310117,-0.22032584,-0.1130245,-0.058951844,-0.07783096,-0.06588514,-0.032879837,-0.025909016,0.07059394,-0.13038617,0.03371703,-0.09035127,-0.0013212092,-0.008110604,0.12446397,0.11494077,0.05448098,0.1806863,0.119505525,0.15935558,-0.15554208,-0.0024763576,0.08364922,0.020543734,-0.061614096,-0.0074316836,0.009800782,0.054105517,-0.096891694,0.019177683,0.06047753,-0.12271471,0.0987524,0.0048393686,-0.14354165,0.07984421,-0.14206447,-0.057148315,-0.031055113,-0.2067232,0.040262416,-0.0531492,-0.0051272335,0.10800474,0.043165326,-0.015430154,-0.026461916,-0.011021835,0.01166753,0.0069982708,-0.031201024,-0.04360122,-0.054819427,0.19265991,0.15666972,-0.0028940653,-0.00048932544,-0.08106658,0.038504537,-0.058821224,0.1188958,-0.15382977,-0.22869486,0.060988136,0.1536047,-0.14258535
TCGA-BH-A0H6-01A,0.026569927,0.022199819,0.16280322,0.15920259,0.032774672,0.093299665,0.12277987,0.0061139003,-0.0018891863,0.064859144,-0.05962195,0.026027242,-0.06586826,0.184731,0.043453,0.0010328164,0.06690521,0.010339248,0.04991651,0.037846725,-0.016534427,0.014519044,0.031702254,0.11413609,0.051615894,0.14339095,-0.06317463,-0.111363515,-0.0009431625,-0.0617263,-0.05972579,0.14174633,-0.13173659,-0.08633901,-0.02192413,-0.2607328,-0.03598268,-0.02384598,-0.0985902,-0.05647404,-0.021296421,-0.058979664,0.1149198,-0.031847715,-0.0997079,-0.021658868,-0.119172364,0.018875476,0.12733078,0.15232247,0.08290874,0.1306819,0.08153323,0.13828808,0.030492114,0.13658872,0.21217999,0.025900606,0.00944032,-0.011105044,-0.066437036,0.13227816,-0.07678131,0.22196695,-0.04458424,-0.06545981,0.19275865,-0.04795396,-0.10789301,0.10272625,0.019519648,-0.06812243,0.096162386,-0.20017812,0.119038664,-0.1139037,0.07314548,0.10704375,0.011625765,-0.11816758,0.0230915,-0.013519599,-0.15550444,-0.025867831,-0.00068355293,-0.08844071,-0.062489398,0.18617204,0.16232027,0.038024604,0.06845994,-0.20666513,0.06685457,-0.03900322,0.11373942,-0.14024584,-0.15226407,0.04526589,0.056374054,-0.07625981
TCGA-D8-A73U-01A,-0.05063678,-0.024134256,0.18128407,0.09254013,-0.014610834,0.14195043,-0.008471017,0.0054428237,0.02275242,0.06177311,-0.10728713,-0.0013391932,-0.084594645,0.15063299,0.0465627,-0.0869894,0.029472565,0.17928924,0.008713424,0.048037656,-0.047272496,-0.12967607,-0.04324767,0.033115014,0.0583766,0.11702766,-0.1031721,-0.030826658,0.09550307,-0.07574336,0.06998767,0.14120567,-0.08789018,-0.23501797,-0.08212405,-0.19639057,-0.024040004,-0.07217882,-0.055662524,-0.06766754,0.01983444,-0.029409783,0.07761977,-0.08701839,-0.054816242,-0.02813729,-0.113398075,0.06112808,0.05531839,0.084881514,-0.02895179,0.09018616,0.10871257,0.25192517,-0.06753688,0.12030469,0.077585645,0.090395235,-0.10150322,0.064383864,-0.054420657,-0.025195181,-0.14597036,0.100795425,0.12671763,-0.12329129,0.16920023,0.059027195,-0.11288985,0.034014553,-0.19243024,0.021575456,0.10377081,-0.18663251,0.19387025,0.001085471,-0.05435204,0.050694652,0.03172479,-0.019715754,0.017156178,-0.018945081,-0.02846405,0.029668389,-0.029566297,-0.16846864,-0.061578505,0.13021179,0.21051432,0.0027064045,0.043358836,-0.15574709,-0.020927219,0.045929708,0.19430421,0.08518198,-0.14226438,0.15249792,0.006341476,-0.026644439
TCGA-D8-A27V-01A,-0.002048166,-0.019222673,0.06590032,0.046704628,-0.023988482,0.15079449,0.044654,-0.04314769,0.06202847,-0.109526664,-0.058821082,-0.0109920455,-0.0042589162,0.10143557,0.15532121,0.016030205,0.10514909,0.21162644,0.06747219,0.06133899,0.026117366,0.027638456,-0.058710903,0.07092418,0.077025615,0.08824818,-0.14744961,-0.06120372,0.02445027,-0.136531,-0.005722327,-0.025075227,-0.14026172,-0.2201602,-0.057297196,-0.13828607,-0.055393606,-0.04140009,-0.08857095,-0.09011351,-0.019302765,-0.04592552,0.103947714,-0.053183716,0.03634927,-0.041105464,-0.028591223,-0.03094139,0.21236904,0.12946856,0.12153037,0.024702873,0.053845216,0.15562697,-0.09323393,-0.025945649,0.1234838,0.09485753,-0.0093863895,-0.01690036,0.050320685,0.14501181,-0.23896013,0.11210741,0.13271421,-0.14617342,0.15128103,0.113613605,-0.054274693,0.18566856,-0.16973397,-0.060649313,0.106331855,-0.19362248,0.053403277,-0.09987326,-0.037189443,0.011358687,-0.037673045,-0.13032544,0.0024887377,-0.079469,-0.07534708,-0.037356056,-0.02746366,-0.049871217,-0.05468377,0.14990674,0.10294641,-0.003929877,0.060522318,-0.25403103,-0.09216007,0.06996062,0.021401329,-0.108277656,-0.13986291,0.105500475,0.07504181,-0.07638959
TCGA-C8-A8HQ-01A,-0.014880943,-0.010153239,0.17862257,0.14015408,0.079664886,0.16937688,-0.014563111,0.010810084,-0.009079654,0.011146951,0.07089273,-0.045927744,-0.06452952,0.041369162,0.081252314,-0.061882302,0.15743984,0.19639847,0.0062373136,-0.108677514,0.08397694,0.06583249,-0.060841538,0.02839466,-0.09505176,0.08982713,-0.14713752,-0.02505422,-0.07253023,-0.11687359,0.08952929,-0.08587245,-0.13948306,-0.22302996,0.032050338,-0.22527356,-0.11679334,-0.008246935,-0.18705572,0.024456382,-0.04695751,0.08233265,0.15287112,-0.07812911,-0.08723327,-0.1230446,-0.04144401,0.09122413,0.14927895,0.12437788,-0.010701471,0.041892998,0.009572036,0.11018432,-0.14145091,0.06437733,0.26365888,0.12531306,-0.06318929,0.0686037,0.05696341,0.09407727,-0.023739226,0.25358522,-0.038111966,-0.040607724,0.062290292,0.10720974,-0.08914299,0.14333254,-0.15361431,-0.009400568,0.0091223605,-0.13751075,0.08561205,-0.08211916,0.0690251,0.024363529,0.0518653,0.017674439,0.08972796,-0.08354935,-0.013326438,-0.050975554,0.015218809,-0.07502554,0.013855128,0.11436927,0.15153158,-0.08080468,0.0016766319,-0.09365252,0.018346049,-0.042190477,0.108346015,-0.08567132,-0.10122998,0.040488563,-0.040780935,-0.11782894
TCGA-BH-A0GZ-01A,0.05673337,-0.027638424,0.114635915,0.1904765,-0.08022795,0.14138749,0.0016359531,0.112735145,0.01386245,0.0248406,-0.01645127,-0.07211525,-0.051640812,0.010553311,0.017018016,-0.044533633,0.020204946,0.14364728,0.021673089,-0.11447403,0.07158571,0.045386344,0.07287551,0.14272283,0.022211516,0.14117411,-0.1289533,-0.0020570555,-0.049105793,-0.13250712,0.05818089,-0.0046338146,-0.09952594,-0.12315198,-0.08580431,-0.20119475,-0.025978314,-0.056954477,-0.12012837,-0.009710986,-0.0991055,0.016918024,0.14098917,-0.19394164,-0.030985773,-0.03000289,-0.19813329,-0.05277032,0.049861047,0.11329685,0.05298595,0.07145099,0.030363815,0.1752103,-0.0828629,0.041539237,0.12945317,0.12093322,-0.074131966,0.074144855,2.3287816e-05,0.1437272,-0.020506408,0.19748421,0.14218616,0.0022916729,0.18069954,0.10370385,-0.091457166,0.10389954,-0.07277693,-0.00046989217,0.07271457,-0.1474592,-0.009711813,0.0257685,0.02833013,0.051942486,0.070683785,0.04755601,0.16351008,0.01350157,-0.09733777,0.09203544,-0.0990544,-0.14982122,-0.049558405,0.15213335,0.1350953,-0.030594211,-0.032160606,-0.151192,0.05294431,0.015461425,0.20606776,-0.15329619,-0.10315281,0.027914034,0.02928818,-0.21384871
TCGA-LL-A6FP-01A,0.08288856,-0.034465592,0.22643523,0.08851933,-0.05112359,0.0017617424,0.003214147,-0.07644318,0.03823283,-0.07937401,-0.06999916,-0.06186687,-0.13287622,0.13216163,0.0674232,-0.01705625,0.08173315,0.15228535,-0.050465684,-0.0635124,-0.016547708,0.09539795,0.0070559727,0.14513943,0.035613637,0.0031316353,-0.13650382,-0.07685919,-0.03059961,-0.11974886,-0.0026457813,0.008922756,-0.08172938,-0.09337521,-0.020144027,-0.1873061,-0.18269688,-0.06513227,-0.122368775,-0.002094193,-0.04920941,0.017345384,0.052485887,-0.103691526,-0.082185835,0.001988994,-0.035097178,0.08190505,0.025141902,0.11495856,0.18973836,0.09318931,0.016265847,0.16954881,-0.1610439,0.03560777,0.02802465,0.022535658,-0.07608509,-0.09271329,-0.099087074,-0.022025565,-0.108904764,0.19668837,-0.0018081805,-0.10698996,0.24825518,0.062340986,-0.073957615,0.08598836,-0.14738327,-0.029425506,0.039371315,-0.20476937,0.1394661,-0.1552001,-0.0050411923,0.19517809,-0.023529384,-0.032127827,0.07336112,0.0072577354,-0.10090199,0.01728021,-0.08689118,-0.05870428,-0.009108918,0.21593787,0.12900743,-0.010033008,0.007936701,-0.2084664,0.04698942,0.14026941,0.041267704,-0.08281539,0.0008871866,0.03570134,0.07003419,-0.15635087
TCGA-AR-A2LN-01A,0.15567452,0.10949517,0.07058533,0.19515343,-0.07196138,0.15662418,0.106909946,0.08795687,-0.11210192,-0.0010558418,0.0014275206,-0.11365319,-0.021399364,0.08023506,0.20994225,0.0020029964,0.12867337,0.18942302,0.015195074,-0.046757467,0.010991117,0.12855935,-0.0033991185,0.09677057,0.044591703,0.09881937,-0.17401509,-0.03774811,0.010443638,-0.15032463,0.07755905,0.0153480675,-0.07798261,-0.13898253,-0.01926603,-0.193824,-0.06624882,-0.05211058,-0.038529683,0.07922211,-0.1088212,-0.03369984,0.059335463,-0.008286169,0.007694455,-0.15077561,-0.11193404,0.062323306,0.03128935,0.103651196,0.036936063,0.09306614,0.09164457,0.16276084,-0.08017408,0.06477396,0.17411058,0.02962346,-0.1331159,0.040101063,-0.004963784,0.11025774,-0.015979458,0.12298281,0.10183089,-0.08151658,0.115472935,0.1666238,-0.19632752,0.17843638,-0.14274125,0.03203709,0.037566826,-0.15612869,0.14736569,0.02939267,0.025249794,0.04940575,0.050141808,0.014867785,0.0006628184,0.10487302,-0.06295774,0.018068094,-0.07343211,-0.036605187,-0.072249144,0.08626273,0.2018614,0.039135545,-0.010190451,-0.12779522,0.0012770148,0.09725554,0.12955913,-0.0788965,-0.115986936,0.03744792,0.1314358,-0.0260535
TCGA-C8-A8HP-01A,0.07224204,0.02104705,0.17632882,0.1956887,-0.050135173,0.099403344,0.02629676,0.08877724,-0.021657938,-0.036738697,-0.0066761984,-0.07927018,-0.056067575,0.05365123,0.019389953,-0.08765052,0.04512566,0.17350264,-0.026836744,-0.11576177,0.09322021,-0.09261529,0.011359476,0.20423003,0.07592905,0.16960055,-0.17947365,-0.09769657,-0.026876219,-0.097410865,0.07872948,0.06112679,-0.19075097,-0.2579322,-0.04828386,-0.16224657,-0.061371237,-0.061421618,-0.09533127,-0.037287474,-0.12264369,0.038145136,0.033931546,0.1149359,-0.06411527,-0.058898184,0.022845767,0.09746551,0.008593492,0.11765367,0.0432943,0.09579607,0.09571454,0.060591236,-0.12168043,0.11609914,0.1365825,0.09475695,-0.07914913,0.0022390194,-0.02093269,0.04831089,-0.090929076,0.19970743,0.11740925,-0.08191147,0.1667359,0.1466151,-0.09654123,0.04042471,-0.18311445,0.00974654,-0.023937173,-0.11807563,0.021965897,-0.0644519,-0.024267443,0.07732601,0.015521468,0.04912969,0.08403254,0.0063206907,0.032916848,0.058345925,-0.09979942,-0.15437612,-0.009428441,0.10406555,0.118603766,-0.024882784,0.024209978,-0.1571579,0.07041316,-0.034448277,0.16957662,-0.08182841,-0.072117396,0.11513687,0.15149687,-0.09475477
TCGA-XX-A89A-01A,-0.036439076,0.035374045,0.121768355,0.1017747,-0.1337934,0.19383411,0.061430737,-0.043063357,0.04565047,-0.014769885,0.0027552734,0.07052836,0.020551031,0.07226349,0.0943302,-0.15794808,0.06682783,0.14568731,-0.07589729,-0.06748308,0.060964867,0.123263225,0.04510909,0.13282901,-0.017295564,0.063992746,-0.21417089,-0.0015795277,-0.053270042,-0.19030893,0.050468504,0.074691646,-0.14977066,-0.13645425,-0.1553996,-0.20157975,-0.05838362,-0.13174027,-0.11310756,-0.024805486,-0.039513104,-0.008317314,0.19292527,-0.076130085,-0.13754016,-0.04589214,-0.12495256,-0.022578467,0.06345178,0.15171771,0.063552104,0.1330254,0.142026,0.07306995,-0.093194075,0.060065325,0.13066909,-0.0069313305,-0.009258664,0.018518424,-0.03771383,-0.012810877,-0.12336421,0.015582265,0.09234013,-0.13908343,0.1833699,0.080602415,-0.15160947,0.114432745,-0.07845208,-0.06192933,0.05429499,-0.16347662,0.029076645,-0.16696642,0.092118785,0.08598553,0.11953764,0.007146707,0.03327364,-0.020287381,-0.0828977,-0.079250984,-0.04262429,-0.034492947,0.024678877,0.15212262,0.18491217,-0.026348451,0.01781211,-0.09788386,-0.005076949,0.07004508,0.09385547,-0.03340791,-0.12255446,0.08489804,0.11841174,-0.096647225
TCGA-BH-AB28-01A,-0.025326543,0.047039405,0.21021669,0.21006927,0.014055632,0.17506899,0.047461152,-0.0045724874,-0.019164719,0.02381589,-0.012306662,-0.002113863,-0.05634451,0.084871836,0.0011403573,-0.022927446,0.023781639,0.2606698,0.010406628,-0.0059969407,0.12712723,-0.034997035,-0.013438146,0.12081688,-0.06556146,0.09549401,-0.21064664,-0.09551969,-0.1120824,-0.08704879,0.03666293,0.08098693,-0.20181338,-0.123095974,-0.14485233,-0.20326877,-0.02862678,-0.04586052,-0.035753578,0.06447759,-0.0017511013,0.04742775,0.018009521,-0.11450451,-0.012354635,-0.082780965,-0.1297214,0.08536513,-0.019474454,0.11918204,0.061845753,-0.02018079,0.040884484,0.20072037,-0.03284786,0.073901616,0.1808896,0.084667794,-0.052163303,0.03517491,-0.00905565,0.06655047,-0.015919834,0.16513428,0.073000796,-0.14419541,0.094842784,0.09861214,-0.018816236,0.11487901,-0.109353945,-0.14126357,0.1842864,-0.13931265,0.11414817,-0.1376743,0.0036396522,0.01616804,-0.008360835,0.06437232,0.09584512,0.058723044,0.07762206,-0.038245287,-0.006169998,-0.04125325,-0.011004992,0.144338,0.21272156,-0.04841948,-0.027581835,-0.1753136,0.078330405,0.033251103,0.05171893,-0.06890081,-0.092653655,0.021790138,0.079767175,-0.13872392
TCGA-AC-A6NO-01A,0.0020847388,-0.05527489,0.087076716,0.1527391,-0.045105007,0.0029726198,0.12989181,0.0045680986,0.047632053,0.112929076,-0.006477827,-0.047733318,-0.09090313,0.052311033,0.11631408,-0.017574659,0.07573927,0.12875831,0.16292435,0.03486733,0.0058798674,0.18736875,0.034539197,0.10555415,0.10331739,0.024559334,-0.17006132,-0.0419692,-0.051044665,-0.07393523,0.054614123,0.050354544,-0.13436785,-0.2438559,-0.010038871,-0.219098,-0.0951794,0.009830959,-0.045160018,0.005795266,-0.06261732,0.06374488,0.10890655,-0.14110282,-0.16052271,-0.20799036,-0.07254105,-0.09855834,0.12682797,0.16115323,-0.010808958,0.056053337,0.0152184125,0.096267276,-0.07041336,0.0392726,0.2602451,0.09239965,0.006020742,0.009583336,-0.076514974,0.06757522,-0.11995131,0.17297286,-0.0150200585,-0.092129335,0.18267608,0.016749298,-0.16120762,0.062108632,-0.034087,-0.011719442,0.067806,-0.17533793,0.08359977,0.035967767,0.00620762,0.11365197,0.07537834,-0.061578903,0.06380952,-0.014227424,-0.05809337,-0.071433514,-0.02411562,-0.057330914,-0.0042976625,0.09509155,0.10119833,-0.078985386,-0.027315164,-0.10803469,0.032836847,0.13468403,0.072617084,-0.11217865,-0.2417095,0.031734858,0.00015161636,-0.09009156
TCGA-A2-A0YK-01A,-0.0033160243,0.07623766,0.20421733,0.114961125,-0.008826091,0.12540017,0.12782755,-0.02712218,-0.101230405,-0.009045934,-0.038266756,-0.09984561,-0.08438445,0.073231295,0.1353938,-0.070735924,0.009393751,0.17820284,0.039395075,-0.026246296,0.04098895,-0.015250031,0.002181369,0.11384113,0.0061593545,0.05887335,-0.13692941,-0.023283789,-0.012853055,0.0029591622,0.029193604,0.06321807,-0.25423494,-0.13662665,-0.020958455,-0.29415244,-0.07669709,0.07329248,-0.0429392,-0.08668178,-0.0042775585,0.071538225,0.1726885,-0.05645663,-0.07303595,-0.18353862,-0.08613721,-0.024783082,0.037714895,0.059948664,0.16691263,0.122505106,0.09800064,0.09593654,-0.16495363,-0.039684072,0.092579424,0.030772079,-0.081197344,0.004364035,-0.06892983,0.081182346,-0.07785348,0.17490375,0.06349482,-0.06746704,0.023172583,0.0684388,-0.059808996,0.11831107,-0.12574452,0.075036734,0.06532355,-0.2536185,0.08192271,-0.10235313,-0.00542221,0.03527745,-0.0104062185,-0.049302932,0.038531143,0.09367686,-0.07377605,0.003362899,0.032552727,-0.12701996,-0.07953181,0.16884145,0.11521509,-0.014576955,0.024849957,-0.17680044,0.13777187,0.008907483,0.10666458,0.08776395,-0.13538502,0.06286908,0.024534807,-0.14070533
TCGA-AR-A1AJ-01A,0.021797637,-0.06363149,0.18244007,0.112633154,-0.060361788,0.03917972,0.07014335,0.02502461,0.046397332,0.0403285,0.06816782,-0.039540477,-0.047146104,0.12735586,0.012100745,-0.06911445,0.033315487,0.22267815,-0.01907818,-0.016766815,0.04501229,0.005081903,0.011414479,0.13672881,0.011671609,0.17280246,-0.14852364,0.02821811,-0.04578752,-0.113288485,0.01920478,0.040961813,-0.1404258,-0.16259664,-0.030196978,-0.23811729,-0.050769087,-0.023681358,-0.082239725,-0.13732842,-0.07097619,-0.035812244,0.030899104,-0.11424911,-0.10523177,-0.05533061,-0.056098033,0.027964804,0.20567074,0.10853958,-0.063474834,0.099556975,0.03832947,0.051806763,-0.0076043773,0.0859957,0.1639989,0.07088099,-0.016568083,-0.10597351,-0.0044883955,0.11331162,-0.12194808,0.15751101,0.068918385,-0.109703936,0.23694612,0.048364583,-0.006698121,0.13044824,-0.02783205,-0.18596427,0.109022304,-0.17507547,0.087876186,-0.04800652,-0.0009752659,0.084388256,-0.0310378,0.08872154,0.0495431,-0.01059975,-0.06009119,-0.003015303,-0.015373879,-0.014443008,-0.009208512,0.14887534,0.2232773,-0.0975795,0.023236426,-0.24803968,0.051216282,-0.025268624,0.179217,-0.03845339,-0.08250427,0.1183314,0.06633341,-0.09093069
TCGA-EW-A1J2-01A,-0.00030291275,0.016001804,0.16436322,0.1258666,-0.036127,0.14712763,0.0076916665,-0.0050203674,0.061572354,0.03470014,-0.07425037,0.054607768,-0.03504038,0.08875717,0.14395149,-0.10095581,0.10333189,0.16671348,0.076144345,0.05774473,0.09221824,0.09310168,-0.07149888,0.19126835,-0.049971867,0.104564525,-0.18869375,-0.008973457,-0.05170205,-0.022091387,0.033172544,0.08905803,-0.21636114,-0.20202768,-0.01452827,-0.19645073,-0.12031803,-0.014427958,0.03633269,-0.048681065,-0.035676513,0.019752512,0.06489917,-0.11637477,0.056191105,-0.10035671,-0.05974411,0.09561679,0.18442167,0.108348265,0.1145943,0.095856726,0.06708612,0.16144322,-0.083413586,0.15047258,0.08937863,0.053188805,-0.053813763,0.0530527,0.090685196,0.037670586,-0.16224724,0.23680608,0.07218518,-0.16465746,0.12422134,-0.025884822,-0.14336963,0.058560167,-0.120334245,-0.051500034,0.016776701,-0.16048174,0.18342555,-0.057491925,0.017588021,-0.036691867,0.02564236,-0.020897973,0.14696717,-0.063706115,-0.03276196,-0.017276408,0.05536727,-0.14904748,0.047201693,-0.026052618,0.101160765,-0.011123931,-0.029525364,-0.029639285,0.08910965,0.0642906,-0.0314672,-0.03535992,-0.17954968,0.017763004,0.043962218,-0.11910242
TCGA-LL-A5YL-01A,0.022026293,-0.003978392,0.17515787,0.12114722,-0.034369662,0.15772638,-0.072080016,0.0029198679,0.01565015,0.03448063,-0.033755686,0.05110129,0.017766036,0.08194904,0.08771102,-0.06718826,-0.007851022,0.16239028,-0.042627685,-0.15121917,0.1535298,0.0077051534,0.023355486,0.17808746,0.10154914,0.0662519,-0.06982705,-0.06336856,-0.039251488,-0.03227153,0.079672076,0.12701018,-0.10315111,-0.18786299,-0.1995839,-0.11959607,-0.085308395,0.087656766,-0.071015865,-0.03066739,0.03036162,-0.027555747,0.14768764,0.005503396,0.001293502,-0.06024442,0.08526863,0.1017486,0.15174043,0.15758081,0.1845106,0.18174328,0.054095417,0.2157454,-0.09009345,-0.01986332,0.11116766,0.021226777,-0.02753734,0.0377981,-0.013943261,0.039578926,-0.10240988,0.18886973,0.064963005,-0.102868125,0.15676868,0.0021677238,-0.08319904,0.033713806,-0.13179088,0.06185202,0.030198188,-0.23768152,0.13655813,-0.080083996,0.048821673,0.11571438,-0.024087232,0.03149693,0.06294137,-0.040559273,0.017305551,0.018589076,-0.010515369,-0.047444206,-0.015833462,0.18472329,0.20331687,0.0350499,0.021244073,-0.13563241,0.037691835,-0.013684061,0.06997737,-0.07908373,-0.08028474,0.1357155,0.02142597,-0.17389329
TCGA-A2-A0YI-01A,0.039277166,0.07477986,0.123138346,0.19950314,-0.061514378,0.20744835,0.05160591,0.038699225,-0.017412694,-0.036125787,-0.092107415,-0.029283047,-0.14271764,0.10245854,0.15819554,-0.09156647,0.077304594,0.11577007,-0.031131139,0.036470577,0.0075141643,-0.013494062,-0.052723832,0.17434324,0.030882934,0.030206744,-0.22830664,-0.008222347,-0.013190982,-0.0043280167,0.058751896,0.012772447,-0.15305716,-0.19593954,-0.09011335,-0.23918231,-0.12503907,0.041161213,-0.088528164,-0.06060315,0.023215033,-0.03182113,-0.04114857,-0.1591796,-0.015107777,-0.099956974,-0.011830296,0.033525188,0.12786417,0.09774957,0.005032178,0.105163164,0.10161745,0.22962868,-0.037619136,0.031749517,0.1674787,0.040907092,-0.11480982,-0.08117088,-0.06997038,0.04105373,-0.16725078,0.16646747,0.029961444,-0.06139205,0.09940469,0.014441664,-0.100231215,0.053620983,-0.062722966,0.06683377,0.007916481,-0.116795175,0.0101393815,-0.09611822,0.088141516,0.029284906,0.18115975,-0.17483583,0.091492556,0.03320116,-0.13251306,-0.02659812,-0.01846649,-0.026958248,0.011575874,0.095987685,0.21641743,0.051463116,0.016822208,-0.10973733,-0.028636048,-0.0076663294,0.099861614,-0.0994949,-0.17595333,-0.04129037,0.03747914,-0.05036652
TCGA-E9-A226-01A,0.05818082,0.015198308,0.15674536,0.139231,-0.13080314,0.18077743,0.114176385,-0.035764646,0.004550743,-0.07499455,-0.035808563,0.02278065,-0.06569785,0.009374889,0.086553745,-0.07312561,0.009059375,0.15881309,-0.018590404,-0.07770907,0.02893411,0.029072512,-0.07378083,0.1767592,-0.087408654,0.1932044,-0.20598768,-0.015371304,-0.09876878,-0.09229962,0.1116511,-0.019486355,-0.058961146,-0.18711968,-0.06914688,-0.1393156,-0.06818478,-0.037163943,-0.07082841,-0.02608933,0.05016434,0.014874771,-0.053328823,-0.13117893,-0.05341331,-0.078917705,-0.036154613,-0.046040874,0.02642117,0.039037555,0.1051927,0.1324145,0.018031081,0.26269305,-0.034851514,0.034625754,0.17995155,-0.064370096,-0.16161738,0.039357245,0.010624714,0.15055706,-0.13411582,0.13952859,0.010039371,-0.107645616,0.19600567,0.0021701113,-0.0439612,0.051623743,-0.19463255,-0.015810784,0.057920087,-0.1363119,0.06676753,-0.03589398,0.03255649,0.09906745,0.082524575,-0.04982526,-0.018220548,-0.029338438,-0.07975793,-0.010276781,-0.0013293116,-0.15111312,-0.03517638,0.14373744,0.22396773,-0.002706082,0.0037982725,-0.13091928,0.09997738,0.008734176,0.15873691,-0.06112783,-0.07294795,-0.01386084,0.03659619,-0.1784713
TCGA-E2-A1IJ-01A,-0.039109576,0.016756106,0.24118313,0.17318851,-0.01728863,0.12454708,-0.003945461,0.027860403,-0.07381085,0.018249817,0.097092465,-0.07828467,-0.030260775,0.12375805,0.18917823,-0.03615519,0.018469399,0.18890987,0.005786439,0.09812605,0.10990412,-0.026222559,0.017795974,0.23478831,0.105698764,0.04136567,-0.22834066,0.054462407,0.0854794,-0.008380577,0.10091539,0.16242105,-0.17911717,-0.19238028,0.006367339,-0.038568716,-0.07630424,0.019148054,-0.13142776,0.0031025547,-0.03728363,0.02176257,-0.0183384,-0.024314504,-0.0045897514,-0.0035036148,-0.04237023,0.097351894,0.09980216,0.1414916,0.028634368,0.051781878,0.041909408,0.16053657,-0.095842294,0.028666502,0.15352578,0.11185087,-0.046378713,-0.0040207175,-0.008996517,0.01810189,-0.097310565,0.21076436,0.047406215,-0.030971281,0.21383652,0.050785873,-0.1923627,0.04197826,-0.1117842,-0.136831,0.06861399,-0.19403093,0.078614704,-0.1158525,-0.04883308,0.023134181,0.018246101,-0.07833939,0.03659754,0.0067958147,-0.077594265,0.015966646,-0.045842685,0.012716617,0.05042122,0.106233686,0.10097332,-0.010998408,-0.098440334,-0.14033991,-0.06629383,0.029075002,-0.029568268,-0.158862,-0.15401429,-0.00066543184,0.027623791,-0.095083304
TCGA-BH-A0DQ-01A,0.023140198,0.09097569,0.2687895,0.12352502,0.023616625,0.11810002,0.015504365,-0.05306383,0.023237187,-0.1022549,0.040307228,-0.004913772,0.018830683,0.10429755,0.12060851,-0.07812343,0.057705104,0.24912643,-0.10979849,-0.01657982,-0.0407271,-0.04129641,-0.06592851,0.088314116,0.0075424067,0.061488077,-0.24616575,0.010273617,-0.08264142,-0.09437808,0.08530405,-0.004029006,-0.13602503,-0.17991768,-0.007671302,-0.10695239,-0.023809435,0.011106974,-0.12828802,0.06292701,-0.0033325215,-0.024830094,0.05113088,-0.13391586,0.0029782464,-0.035954066,0.019485647,0.1140524,0.08035098,0.1708539,0.094794385,0.036766928,0.029962394,0.1897879,-0.105826385,0.04292063,0.1867825,-0.05311523,-0.07424534,-0.037484456,0.051756192,0.030280579,-0.101330355,0.13203338,0.03823059,-0.15352958,0.2001566,0.011667943,-0.15432541,0.044360083,-0.076874696,-0.012876051,-0.036400642,-0.13487,0.10600034,-0.045657545,0.074436836,0.09962718,0.021289527,-0.03396319,0.044734232,0.0011164811,-0.0048886403,0.027797438,-0.1168789,-0.1349391,0.0035371995,0.20005125,0.15153995,-0.031917404,0.05774117,-0.11637014,0.13836734,-0.080658585,0.24172434,-0.0630555,-0.0734048,0.110079646,0.023744736,-0.029835138
TCGA-AO-A0JJ-01A,-0.044211652,0.04194064,0.097690746,0.09858288,0.048985012,0.08291804,-0.027140167,-0.043667734,-0.023201907,-0.05029718,-0.0018342137,-0.006656674,-0.12469903,0.10944364,0.19624461,-0.041468743,0.12834409,0.2594242,0.052416567,-0.07711449,0.084853284,0.0032491537,-0.010078811,0.20774367,-0.015655566,0.112842806,-0.23239195,-0.09343618,-0.009364568,-0.08101961,-0.014410091,0.12542406,-0.052782424,-0.14099242,0.0709541,-0.216766,-0.0128979,-0.09991818,-0.03851981,-0.04228401,-0.09355738,-0.023303322,0.10842118,-0.020043558,-0.0017762317,-0.15138309,0.00088069524,-0.06867088,-0.021094562,0.105568424,0.19073434,0.051997673,-0.010003699,0.15643074,0.05545443,0.035865255,0.14739393,0.05350383,-0.06998045,0.002515185,0.023454513,0.04412492,-0.037046406,0.22130746,0.03636251,-0.057115298,0.16972658,0.05687474,-0.1659263,0.02588236,-0.12671553,-0.07977024,0.061873842,-0.15668033,0.07634622,-0.07474326,0.062054504,0.09876787,0.05393503,0.024673719,0.09407018,0.09291622,-0.13120401,-0.11889251,0.09111558,0.10165577,0.027525136,0.14478153,0.104981355,-0.051244378,-0.0669336,-0.1981256,-0.069655776,0.06927396,0.12873155,0.0023663559,-0.18380557,-0.04064386,0.035162773,-0.014611065
TCGA-BH-A0BA-01A,-0.04289922,-0.0757905,0.20459409,0.21806224,0.0075709526,0.13070174,0.03126867,-0.054416906,0.023648445,0.02368552,-0.027280468,-0.11083711,-0.021724047,0.14138818,0.043772213,0.0067993617,0.11349596,0.18546543,0.008654353,-0.13569355,0.05025362,-0.030324757,0.01970392,0.14713822,0.079801604,0.07204759,-0.13468122,-0.016759442,-0.14189832,-0.052246347,-0.037560903,0.048109125,-0.16980602,-0.14277649,-0.2240488,-0.16157395,-0.054526802,-0.023461668,-0.1320991,-0.028724886,0.012208269,-0.057483308,-0.011179355,-0.12727882,-0.06609485,-0.053223394,-0.009457399,6.3348634e-05,0.12449804,0.18208356,0.06498488,0.1405992,0.1310064,0.12511791,-0.121215224,0.025787236,0.012500693,-0.04265108,-0.07935224,-0.062195677,-0.130969,0.11392663,-0.0922715,0.24529165,0.012046805,-0.09551036,0.113180764,0.028051948,-0.21864064,0.07502329,-0.09845575,-0.002983216,0.09199775,-0.09610575,0.11509959,-0.08584966,-0.10927404,0.112694226,0.06119362,-0.076566905,-0.026354218,-0.038298253,-0.03277099,-0.010375784,-0.014898814,-0.06715151,0.0122118555,0.2411098,0.08595106,-0.087312154,0.00073307264,-0.18145725,0.030440493,-0.014601755,0.039073806,-0.095858335,-0.059930783,0.03541038,0.03417187,0.02526826
TCGA-A2-A4RW-01A,-0.003723613,0.013088837,0.17739221,0.090304054,-0.008683682,0.17028494,0.047773514,0.049809705,-0.032934844,0.11417766,-0.071814194,-0.029570535,-0.05117717,0.1640194,0.15873396,-0.022263581,0.105748355,0.065338075,0.02553442,-0.09791128,0.012863246,0.027635666,0.035193805,0.11271388,-0.035271697,0.07368609,-0.18261003,0.03520172,-0.033067703,-0.08311446,0.119006686,0.11702489,-0.21289322,-0.15174064,-0.08174482,-0.22443804,-0.03620109,-0.020357845,-0.023261415,-0.016526032,-0.027879424,0.039923437,0.093208835,-0.1498497,0.051714692,-0.12282992,0.018951403,-0.026460279,0.02775361,0.13711143,-0.0297126,0.08369485,-0.013610753,0.15238406,-0.17726038,-0.06322891,0.1779928,-0.0074478323,-0.13556027,-0.023659512,-0.005948311,-0.02925882,-0.118091315,0.124116465,0.076930255,-0.0603369,0.20727724,0.051763617,-0.0073089264,0.08088407,-0.10131239,-0.03824772,0.074241176,-0.25446668,0.07807189,-0.11400902,-0.066781126,0.0638093,0.0682532,-0.03335431,-0.041993015,-0.028506063,-0.05752943,0.06460388,-0.06720814,-0.03207338,-0.018257255,0.2049955,0.23050976,-0.008150742,-0.03149754,-0.1465586,0.1499469,0.028822107,0.110429384,-0.056805164,-0.17107363,0.06592722,0.050971977,-0.008173986
TCGA-E9-A1RC-01A,0.061220843,0.0011445058,0.20123178,0.0989429,-0.06839626,0.14171314,0.022569228,-0.011319026,0.08612873,0.036565963,-0.0815926,0.042837374,-0.059924375,0.09796288,0.14343552,-0.028865352,-0.0060877926,0.19743024,-0.05621921,0.043519553,0.03373727,0.034415506,0.017519532,0.13290994,0.05666704,0.13057154,-0.16407357,0.037292387,0.045785215,-0.060726915,0.049606543,0.055213567,-0.101102605,-0.08427614,-0.2019831,-0.085786514,-0.12767597,-0.08939979,-0.16544595,-0.005430203,-0.02348305,-0.017534683,0.045624375,0.009282308,-0.05337522,-0.16832735,-0.059725627,0.019299809,0.07370764,0.107514195,0.09811208,0.12308544,0.084207915,0.10376948,-0.08314544,0.11856342,0.07475967,0.015340817,-0.048201162,-0.0788288,-0.03866246,-0.07659349,-0.12926932,0.11005146,0.09894507,-0.093349285,0.2154228,0.053297486,-0.08876418,0.059553105,-0.098083735,-0.05812977,0.031636007,-0.18799049,0.1133394,-0.06743642,-0.06357711,0.21420938,0.062013987,-0.100202836,0.12685612,-0.023050005,-0.03250548,-0.015566599,-0.0592009,-0.10085103,0.039013002,0.269984,0.22657268,-0.00973448,-0.022300698,-0.20574522,-0.025902346,-0.0056567597,0.09993236,-0.028726246,-0.13644695,0.06634216,0.034555174,-0.11093088
TCGA-C8-A26W-01A,0.10724321,0.16315843,0.104439616,0.22007391,-0.06566169,0.033407807,-0.029718058,-0.08252803,0.036828034,-0.0030866559,0.016783167,0.057580814,-0.011791811,0.03916848,0.1390816,-0.041300748,-0.008176967,0.23292713,-0.07783523,-0.03446925,0.04568676,-0.027430514,-0.06757175,0.15314731,0.043673176,0.09465953,-0.24988873,-0.012771329,-0.023407955,-0.039795686,0.04767579,0.10100639,-0.047307625,-0.25970104,-0.002944646,-0.29369324,-0.041090183,0.019805506,-0.053185925,-0.039274827,0.054658864,0.07273774,0.011118308,-0.043795165,-0.050376385,-0.19338158,-0.009280301,-0.010291684,0.092755355,0.15338595,0.06774673,0.11627248,0.06492199,0.17277831,-0.053649258,0.03917999,0.07493573,0.049797714,-0.08471198,0.012222146,-0.02711761,0.0944784,-0.13512301,0.050148703,-0.050986793,-0.123700745,0.18215364,0.040216662,-0.00031748434,-0.09157887,-0.1852785,-0.02427448,0.004171026,-0.1839891,0.10975985,0.05647819,-0.0038156917,0.06720268,0.0030006876,-0.11457529,0.072457805,-0.066795595,-0.1258957,-0.014236416,-0.065493785,-0.052738428,0.049530134,0.13524146,0.1400385,0.048696958,-0.040642403,-0.17055838,0.038795896,0.005004409,0.14469714,0.014265114,-0.16865309,0.059347607,0.05327479,-0.085119314
TCGA-BH-A1EW-01A,-0.0014065605,-0.017242758,0.089236386,0.1316858,-0.08579293,0.10099361,-0.02690911,0.04499005,0.0075239753,0.017651143,0.025863461,0.043128982,-0.048540413,0.16171406,0.1375829,-0.12601258,0.15546903,0.11270232,-0.013792685,-0.04464316,0.013147195,0.101218365,-0.04190785,0.1095308,0.010452939,0.074559286,-0.2459086,-0.052510254,0.018032327,-0.010650388,0.05054417,-0.06820202,-0.13625574,-0.0883186,-0.12444737,-0.1807488,0.04743712,-0.09908937,-0.019420834,-0.02095304,-0.13199902,0.02200313,0.050698306,-0.0548379,-0.051751174,-0.106678136,-0.0508339,0.21583831,0.15446912,0.21664733,0.1165882,0.05061929,0.014361379,0.097477615,-0.086073786,-0.011817517,0.15120226,0.074330054,-0.033825837,0.018347176,0.041809894,0.12935281,-0.012526775,0.035827424,-0.016326334,-0.1956589,0.18025017,0.15703687,-0.13925464,0.08129814,-0.027628938,-0.035027362,0.03194725,-0.13050157,0.21024019,0.0077691525,0.025167309,0.19805077,0.039484784,-0.05093802,0.09327382,0.0008005992,-0.12963387,-0.014733534,-0.030132469,-0.020375976,-0.08499152,0.13055216,0.20168237,-0.011321028,0.044733323,-0.16830985,0.02171298,0.045272473,0.12536404,-0.1344863,-0.16863023,0.016011378,-0.048916653,0.010798631
TCGA-EW-A1P8-01A,-0.014292424,0.06519041,0.14062773,0.11981269,-0.047572996,0.08890435,0.01222086,0.005242794,0.027856527,0.10871004,-0.059157018,-0.006907045,-0.0840343,0.075892456,0.09589356,-0.059195846,0.06366484,0.09254616,-0.09374283,-0.09653752,0.037935305,-0.100044236,0.05366324,0.10193041,-0.015338385,0.17995384,-0.13703555,-0.025578978,-0.015829595,-0.09292515,0.010809602,-0.05406281,-0.21314906,-0.18061063,-0.21346596,-0.3089331,-0.13230637,-0.07767454,-0.12221584,0.048561484,-0.1001988,-0.031085676,0.039892577,0.037229355,-0.03882815,-0.061249733,-0.05448393,0.1185184,0.09631371,0.13913506,0.021761397,0.089988746,0.024794417,0.16417283,-0.10592871,0.062442508,0.10884946,0.05669855,-0.06267899,-0.042383496,0.0010760606,0.056547325,-0.070351705,0.14405715,0.09235602,-0.13692167,0.17050204,0.017043365,-0.103314236,0.11210308,-0.13864164,-0.00097633834,-0.06961713,-0.32486278,0.063668065,0.038332287,0.03738314,0.11604059,0.08058405,0.009259291,0.09001838,-0.06437536,-0.04392869,0.02621075,-0.05294827,-0.092203245,-0.0941251,0.053507574,0.18366429,0.040584363,-0.0063928897,-0.08707989,-0.02063525,0.03192989,0.019372405,-0.052104075,-0.15481314,-0.05140783,0.075488396,-0.10033112
TCGA-AO-A0JM-01A,-0.04074297,0.02279746,0.13522582,0.14115746,0.011724428,0.15811412,0.046484977,0.047897898,0.035262764,0.07500171,0.07480076,-0.009872214,-0.09326324,0.15922086,0.104137614,-0.05883808,0.046066355,0.22427839,0.007930273,-0.060811393,-0.051050857,-0.05830335,-0.04917981,0.09251615,-0.0028986363,0.08867565,-0.20682077,-0.07042768,-0.08461451,-0.10176679,0.065482594,0.080133446,-0.10855528,-0.1144879,-0.13718286,-0.083177686,-0.07832061,0.020813378,-0.054700017,-0.06391333,-0.14426851,0.011970299,0.049481526,-0.039774846,-0.021827659,-0.048677858,-0.026909681,0.018644577,0.06201061,0.10001269,0.17859611,0.1259853,0.048127774,0.0591249,-0.08675704,0.05092619,0.048586935,-0.002436122,-0.19160908,-0.03949521,-0.1046286,0.1572724,-0.12188785,0.17422068,0.059543975,-0.12627597,0.21702208,0.062491987,0.0061964914,0.073973194,-0.2852007,-0.071928896,-0.00882032,-0.18530762,0.09969386,-0.041771147,0.045668036,0.14344417,-0.04958071,-0.03562275,0.0725443,-0.052484542,-0.11240323,-0.043454707,-0.010644237,-0.09767696,-0.056001015,0.15708262,0.17514062,-0.027668707,0.11138477,-0.1339012,-0.008119496,-0.0013969125,0.13571304,-0.08432231,-0.16338634,0.069981806,-0.03281915,-0.069175854
TCGA-BH-A42V-01A,-0.021757182,0.09135905,0.198538,0.089694805,-0.12758435,0.15845664,0.085404664,0.1263816,-0.0039638467,-0.0013609832,-0.019822335,-0.02814861,0.075800866,0.04600277,0.19942184,-0.04808862,0.08681329,0.12573756,-0.03717289,-0.042468574,0.055519767,0.019618243,0.053239856,0.0864315,-0.092735976,0.14595388,-0.26102254,-0.04953614,0.029387893,-0.044626985,0.017484441,0.14573345,-0.1337425,-0.19706053,-0.044862058,-0.17816658,-0.07954417,-0.017825002,-0.14192618,-0.06040844,-0.009798029,0.06843163,0.17366487,-0.038474385,-0.07692192,-0.059932128,-0.07841938,0.13701528,0.1627839,0.04015818,0.1029224,-0.017894145,0.05639877,0.11661494,-0.103778586,-0.02841231,0.18371598,0.0787818,-0.0929806,-0.0011335375,-0.11792273,0.07439827,0.017891312,0.16893269,0.014061441,-0.08799792,0.1711165,-0.023811275,-0.08157022,-0.009696713,-0.13478613,-0.0016045065,0.07249417,-0.17792511,0.094263494,-0.12749678,-0.017474882,0.18474467,-0.0055801207,-0.049221605,0.085813105,0.0741764,-0.0047318977,0.037392486,-0.06412754,-0.10046592,-0.03236432,0.16391021,0.16888367,0.03382546,0.035443734,-0.06195666,0.058629386,0.022917997,0.0575586,-0.13247907,-0.11092047,-0.047853764,-0.008922423,-0.119835496
TCGA-A8-A08O-01A,-0.008959681,-0.06877953,0.18725364,0.17023991,-0.084210426,0.11757789,0.041433018,-0.032269232,0.008517558,0.063832484,-0.006121799,0.01946735,-0.04582674,0.14529657,-0.061498348,-0.049017947,0.09038755,0.2534845,0.09917047,-0.038376767,0.061858594,0.04265509,0.017891642,0.07499352,0.0013981895,0.13685034,-0.2245842,0.029578296,-0.070146546,-0.05712145,0.051653713,0.09866569,-0.12287324,-0.09289421,-0.12200443,-0.10338257,-0.1159905,-0.083403006,0.004452845,-0.078136735,0.009864568,-0.018313156,0.0017714831,-0.03990888,-0.07846618,-0.09736516,-0.048664253,-0.0065384926,0.0924533,0.08741041,-0.04919371,0.109717265,0.13190433,0.16846268,-0.088518895,0.0027033668,0.12008444,0.026234848,-0.1662066,-0.023307262,0.06707853,-0.028569207,-0.09413521,0.12537967,0.119596824,-0.20664912,0.098477416,0.14981113,-0.05728959,0.06406859,-0.06879636,-0.04884786,0.047481652,-0.19093883,0.087861285,-0.11258857,-0.003871427,0.0004956834,-0.04211706,-0.021701572,0.11931719,0.03614582,0.03954871,0.04870136,-0.13301884,-0.13695298,-0.018144108,0.24662365,0.20361128,-0.065380655,-0.02062739,-0.08292326,-0.026411137,0.09900478,0.15009892,-0.21038896,-0.09767102,-0.0011477044,0.08022035,-0.07615225
TCGA-GM-A2DH-01A,0.03106294,-0.030465133,0.21180335,0.18008634,0.05990958,0.022918576,0.1113271,0.012628331,0.15453823,-0.016877417,0.042669076,0.08002677,-0.06739389,0.11123035,0.16481888,-0.18451735,0.042132117,0.17776112,-0.009524363,-0.011044961,-0.034570754,0.024574338,0.02107262,0.06499743,-0.076808944,0.018542944,-0.27544877,-0.14694558,-0.0060885497,-0.124782056,0.060121916,-0.040196232,-0.020443805,-0.14475669,-0.084833376,-0.1956654,-0.13527966,-0.07110431,-0.052741412,-0.017733842,-0.11490123,-0.014645935,0.06693209,-0.13830365,0.03391745,0.0060409554,0.019507196,0.082926266,0.12742834,0.15640438,0.10821293,0.1507318,0.11131532,0.053159274,-0.060611743,0.086710446,0.1259017,0.08307122,-0.042261623,-0.020324688,0.057030804,-0.0032563147,-0.021715779,0.15871781,0.10863459,-0.029117469,0.11678838,0.038738117,-0.09146582,-0.01779185,-0.097933725,-0.01280078,0.08203012,-0.20117939,0.06017244,-0.04725682,0.06966344,0.065212525,0.101791546,-0.01757035,-0.030635523,0.08619346,-0.21393868,0.07783408,-0.03589275,-0.087464884,-0.0717263,0.14774321,0.17959096,0.0057149758,0.07132189,-0.12712729,0.055896584,-0.054516576,0.118714444,-0.070587404,-0.13127452,0.06475535,0.09620622,-0.101403326
TCGA-Z7-A8R6-01A,-0.01633322,0.0006401282,0.18726784,0.2528352,0.028296225,0.12036048,0.0066024098,0.0010251267,0.10657352,-0.02289529,-0.10701817,-0.0048181517,-0.046892814,0.049811266,0.10633316,0.10097284,0.19462566,0.09977167,0.030232055,-0.009499409,-0.028104378,0.110766344,-0.022892362,0.049048204,-0.027113862,0.22133084,-0.20157722,-0.032093365,-0.04004713,-0.07544042,0.066947415,0.050883427,-0.22033998,-0.21461058,-0.11578602,-0.20970543,-0.0649475,-0.026872097,-0.08095087,-0.010909591,-0.025320748,-0.028454622,-0.0015937967,-0.09245014,-0.032868937,0.011909392,-0.07716325,-0.06641876,0.1419928,0.11072191,0.091770455,0.06440628,0.0015061898,0.116612606,-0.11948655,0.08288177,0.053960454,0.077049784,-0.054734502,0.028051944,0.06812255,0.019370707,-0.10216881,0.08086321,0.02827943,-0.055855367,0.14609173,0.09962649,-0.15271032,0.008700002,-0.04532569,0.022274151,0.07227637,-0.116988495,0.07342339,-0.029323462,-0.13554206,0.082181595,0.20497817,0.022882981,-0.020501321,0.118471704,-0.12726669,-0.046729684,-0.058831632,-0.13352464,0.039529737,0.110519916,0.15881585,-0.0953171,0.023167305,-0.24278097,0.039193176,0.078266785,0.111879304,-0.009734173,-0.08644383,0.038220894,-0.044887073,-0.13733275
TCGA-BH-A1EN-01A,0.006233549,-0.0146686435,0.17346573,0.06155895,-0.0030875218,0.21701612,0.097353935,0.022359349,0.059543945,0.07977633,-0.021398285,-0.116675735,-0.07075383,0.14257097,0.19904894,-0.053136643,0.0013936533,0.19438681,-0.013497484,-0.019994471,-0.07990373,0.012313464,-0.026066823,0.14668041,-0.0012934235,0.1081067,-0.27585068,-0.15090947,-0.032398153,-0.1425947,-0.003948682,0.06303397,-0.056357495,-0.13152188,-0.051941976,-0.15112737,0.016181657,-0.1121677,-0.07738626,-0.01209688,-0.040696103,-0.018398529,0.037044324,-0.011626563,-0.08940937,-0.16993518,-0.035743013,0.07691145,0.18165213,0.08393559,0.046100065,0.09162033,0.07044532,0.09097613,-0.12887403,0.011433177,0.07800954,-0.066313386,0.009240318,-0.07886828,-0.004953014,0.06008797,-0.083328694,0.109960966,-0.02955788,-0.094804615,0.19635303,0.022198595,-0.11097477,0.13228111,-0.16267967,0.022084715,0.015675733,-0.222765,0.06733681,-0.01518383,-0.04440884,0.13377886,0.09862604,-0.052325606,0.05987399,-0.007087707,-0.08770971,0.02678318,0.07705393,-0.03536721,-0.0008245778,0.1511522,0.14128482,-0.09911654,-0.013242183,-0.16155328,0.055465862,0.026478166,0.21585894,-0.020112172,0.0045219925,0.054896858,0.13667227,-0.13477477
TCGA-E2-A1L6-01A,-0.03715504,0.002193195,0.18076992,0.13580628,-0.06806235,0.120069966,0.026641874,0.021364054,0.10146496,-0.03404878,-0.05865896,-0.056116894,-0.17905043,0.13525866,0.10855707,-0.09662458,0.0028420677,0.19390218,0.031369183,-0.06980772,0.014309044,0.08310526,-0.0745776,0.11139379,0.061874293,0.07935749,-0.23332295,-0.049954057,-0.01974802,-0.052375726,-0.044729963,0.07115771,-0.095345885,-0.15819268,-0.0908364,-0.18907909,-0.034748655,-0.13143967,-0.074905954,-0.10748549,0.0043570003,0.02233939,0.06444154,-0.08957038,-0.018217228,-0.22320992,-0.10098231,0.026825111,0.11655794,0.08868176,0.0072482615,0.115172304,0.035231333,0.18387689,-0.045183804,0.03870593,0.13746774,-0.01668915,-0.0084421635,0.056498297,-0.06313202,0.13941546,-0.07201527,0.035307407,0.009946518,-0.080411255,0.19814807,-0.01651552,-0.12771122,-0.04844077,-0.035945673,-0.037281472,0.04284919,-0.2315024,0.23594013,-0.07024471,0.14367484,0.08803233,-0.031361792,0.0017775755,0.022457281,0.05384453,-0.03843745,-0.035772286,-0.06250291,-0.009618863,-0.018839696,0.088643335,0.15935253,0.053907227,-0.10411598,-0.15083228,0.019213077,0.053699166,0.15055941,-0.074443676,-0.15293689,-0.0064912513,-0.055661894,-0.16633353
TCGA-E9-A22E-01A,-0.019109566,0.034752227,0.12675571,0.08592728,-0.08518596,0.073947035,0.08199569,0.027744941,0.043102168,-0.080056176,-0.017594734,-0.021387644,-0.045890268,0.089833155,0.11793373,-0.09796839,0.034551933,0.09851727,-0.03415204,-0.044691656,-0.019506134,0.020084046,0.011052578,0.070166655,0.05064647,0.12875222,-0.11901303,0.0038344308,-0.030584702,-0.046645094,0.08294793,0.025608514,-0.14295372,-0.104118906,-0.019763982,-0.17643394,-0.049934797,-0.053199418,-0.039563704,-0.027081098,0.047703024,0.100252114,0.023683025,-0.10022075,0.023906717,-0.18742253,-0.05500476,0.055057958,0.04004735,0.22865903,0.08920245,0.14396156,0.13817205,0.14440021,-0.086121164,0.075134195,0.06635119,0.0051258774,-0.08934163,-0.06282817,-9.036283e-05,0.091215074,-0.15954992,0.21441592,-0.017786713,-0.10156878,0.31701177,0.16259821,-0.14581484,0.11482163,-0.11288926,0.00094599614,0.035290178,-0.18933861,0.18647715,-0.1022255,-0.103225246,0.03909363,-0.029999614,0.047510177,0.11298858,0.039796013,-0.06665372,0.0111150425,-0.025663858,-0.011200329,0.027919335,0.22481033,0.12157903,-0.053210165,0.04079513,-0.08503825,-0.017390775,-0.004279661,0.12814884,-0.050952904,-0.21200661,0.0031791544,0.14729801,-0.124314435
TCGA-B6-A0RO-01A,0.06732779,-0.0044042566,0.12616234,0.073249534,-0.009581846,0.11467055,0.080332704,-0.07169378,0.122939736,0.039056897,0.015702922,-0.026734373,-0.006930492,0.0618668,0.08517878,-0.16972809,-0.021455405,0.12478568,0.054404296,-0.023318125,0.06156714,0.023707919,-0.02758956,0.1529151,-0.10487371,0.037599117,-0.16455495,0.002187707,-0.035860095,0.0018697426,0.11066536,-0.010863425,-0.18229732,-0.22196734,-0.023896279,-0.17634147,-0.046323936,-0.027279107,-0.19326828,-0.012774663,-0.09697741,-0.010090452,0.11815905,-0.06931253,0.05016371,-0.13038073,-0.07284333,0.13798232,0.115909696,0.20671822,0.09065846,0.14205775,0.10146723,0.16865352,-0.049006864,0.042439748,0.10532855,0.12106999,-0.06232121,0.026499547,-0.027639834,-0.07429982,-0.08140933,0.20746551,-0.01203086,-0.008137639,0.22929129,0.030591445,-0.017960591,0.07528483,-0.12215724,0.0049883923,0.051117122,-0.07582313,0.110217765,-0.18536831,0.032318346,0.07536208,0.029496672,0.03191001,0.07911065,-0.009535076,-0.05102978,-0.094282776,-0.046416562,-0.038633063,0.02322352,0.17632958,0.16270816,-0.10587753,0.09070929,-0.22479348,0.10530431,-0.06127537,0.12655872,-0.09251548,-0.11986715,0.03703097,-0.004260682,-0.08493828
TCGA-LL-A5YM-01A,0.014843622,0.012077049,0.21931374,0.20317796,0.012705531,0.058267266,0.10983313,0.012554761,0.05842719,0.06296924,0.056343358,0.028585086,-0.060538027,0.12331021,0.1478561,0.08792383,-0.00849215,0.14187075,0.030467577,-0.028359775,0.080491595,0.064541966,0.05088589,0.14683254,0.053922437,0.09472978,-0.14298481,-0.10909844,0.051191997,-0.077086665,0.08904246,0.09153838,-0.13542093,-0.11766807,-0.15673839,-0.18424676,-0.12267907,0.009119228,-0.08203725,-0.06797647,-0.02251542,0.076272145,0.07583902,-0.13218936,-0.081032306,-0.14977075,-0.05182593,0.06565137,0.033167377,0.22918974,0.108799376,0.07247911,-0.013533293,0.121511325,-0.0155996205,-0.014543744,0.10046799,-0.0043674083,-0.14267772,0.025567384,-0.0324014,0.0075969193,-0.10691383,0.008175976,0.041149877,-0.15340501,0.1708532,0.013108643,-0.14243078,-0.017023604,-0.13770747,-0.03833725,0.028321356,-0.24959548,0.059440672,0.03804906,-0.014503302,0.114696816,0.079974845,0.059571765,0.0809097,-0.0038969978,-0.007938342,0.053392556,0.019021966,-0.09837379,0.0024964232,0.21334732,0.21047737,0.033259157,-0.013942053,-0.1392674,0.02764025,0.072632514,0.15134604,-0.16583009,-0.089371435,-0.0829585,0.088802144,-0.004254002
TCGA-C8-A275-01A,0.09515443,0.05695214,0.044174157,0.18268697,-0.058567666,0.06174419,0.07700463,0.061153937,-0.04025815,0.037877366,0.011689128,-0.025382936,-0.07481302,0.137707,0.106456466,-0.014036486,0.12887597,0.14599454,0.0030847737,0.047020327,-0.12237796,-0.043842904,-0.055490613,0.12868945,0.0554207,0.09345853,-0.15095823,-0.020738099,-0.046465103,-0.027549082,0.035240475,-0.070941664,-0.16285379,-0.29033208,-0.05443385,-0.18984155,-0.071250856,-0.017338857,0.008485582,0.0134789795,0.09847641,-0.02909427,0.1571732,-0.09470996,-0.08384733,-0.13016662,0.040260825,0.02992872,0.19541912,0.13602751,0.05153569,0.123654865,0.035491638,0.07995002,-0.03314527,-0.02928395,0.03292965,0.069655135,-0.008790132,0.0059127505,0.07218413,0.043009188,-0.1802421,0.02980832,0.0325869,-0.060324673,0.11703259,-0.028858788,-0.18807656,0.14229958,-0.15161629,0.026709316,0.07336914,-0.2577126,0.09498479,-0.095542654,-0.024220258,0.114856966,0.04166322,-0.017945915,-0.02378848,-0.011041367,-0.09157274,0.016365256,-0.09208625,-0.14341046,-0.041544314,0.08981602,0.23815931,-0.029174136,0.069387645,-0.16763973,0.050437193,-0.1328459,0.11272372,-0.07587877,-0.14384969,0.033485204,0.05820486,-0.10433159
TCGA-D8-A27T-01A,0.036710296,0.07620503,0.21494216,0.08948151,0.0032524199,0.14675856,-0.0064836177,0.015367443,-0.023323439,0.042774376,-0.00022089564,-0.003916586,-0.04886526,0.19232841,0.06294201,-0.102677286,0.031926136,0.11325377,-0.058631558,-0.022907745,-0.08420351,0.078246556,0.02341419,0.09797108,0.016565008,0.04470662,-0.12233453,-0.06567021,-0.065436736,-0.09331706,0.09926373,0.15838858,-0.24258848,-0.11166495,-0.06969763,-0.29988986,-0.1880661,0.018032601,-0.07671717,-0.017853038,-0.050280012,-0.10342818,0.098440215,-0.17823048,0.060810383,-0.072871104,0.04958864,0.11602712,0.0374559,0.14309475,0.1058389,0.16286021,0.06548327,-0.00029012022,-0.118713394,0.0068575996,0.06581213,0.042570524,-0.06311115,0.036889687,-0.036103234,0.0778603,-0.041197058,0.20272626,-0.006999758,-0.1194296,0.14300996,0.072545476,-0.059406273,0.029952122,-0.115563914,0.003948078,0.12223028,-0.23236074,0.051315367,0.029420964,0.0002367613,0.10924453,0.021089315,0.028917039,0.044785477,-0.027199611,-0.10902514,-0.035859615,0.047349487,-0.078404896,-0.06563652,0.105472684,0.16784543,-0.07479242,-0.040577527,-0.11638754,0.041833498,0.07107792,0.06023435,-0.16201678,-0.14219354,0.113920026,0.071301915,-0.12434458
TCGA-A7-A6VV-01A,-0.00814523,0.06493847,0.10654596,0.09364689,0.0015144789,0.0773514,0.017279888,0.07659407,-0.03356645,0.019409837,0.066880114,-0.062047828,0.0077649844,0.060335774,0.20560122,-0.025933443,0.020427957,0.18024798,-0.032435875,-0.050634075,-0.0172683,-0.002201872,-0.06579486,0.13796552,-0.03203486,0.008983847,-0.23641841,0.023401203,-0.020791389,-0.13244861,0.026671344,0.0510613,-0.12488128,-0.12971656,-0.054436266,-0.1869083,-0.11083777,-0.06345645,-0.13271905,-0.07268179,0.010908409,-0.01133052,0.1730366,-0.082619056,0.01024038,-0.035464346,-0.0030080006,-0.0015453476,0.14146025,0.16514295,0.1607447,0.22839741,0.037541755,0.14037389,-0.1220871,0.05516845,0.19731663,-0.019143976,0.024024874,0.0122146355,0.012487964,0.060558002,-0.05961752,0.10407475,0.045176595,-0.100365356,0.17073672,0.008685382,-0.20057876,0.14202088,-0.17412198,-0.07650362,0.08338777,-0.039350793,-8.847171e-05,0.03164285,0.011322963,0.13369378,0.06893676,-0.0726328,0.10773424,0.07779019,-0.098060735,-0.027594434,0.0021621082,-0.16707407,-0.1367789,0.20324224,0.16152668,-0.031281084,0.0041244617,-0.095730126,0.08031543,0.03422595,0.17859933,-0.05399929,-0.1543369,0.0070746774,0.042161673,-0.041083053
TCGA-B6-A0WV-01A,-0.026354238,0.06316857,0.1801007,0.1218535,0.020173183,0.14208913,0.06553814,0.027571287,0.010415,0.0066309744,-0.027144114,0.04454019,0.013365403,0.2272429,0.077163205,-0.0045755575,0.038092937,0.26983008,-0.043020554,-0.051768444,0.026838671,0.047911514,-0.012932593,0.14398529,-0.06694167,0.20018876,-0.09188565,0.028423294,-0.0020013454,0.037360556,0.05360238,-0.045812443,-0.1012795,-0.051856514,-0.042943325,-0.20017596,-0.082964055,-0.011223568,-0.057855345,-0.049253434,-0.011528474,0.035127584,0.10573657,-0.023306746,-0.08572874,-0.07204863,-0.041718118,-0.018502615,0.13801084,0.055453192,0.13206111,0.12556422,0.05858165,-0.019554261,-0.015515867,-0.01637527,0.09571052,-0.059795618,-0.12020769,-0.12080232,0.017741961,0.0858011,-0.2060109,0.15733373,-0.0050797905,-0.1711634,0.21266079,0.15436928,-0.15987837,0.08790076,-0.10630346,-0.011468496,-0.0121604325,-0.13533707,-0.011701579,-0.12996319,-0.056099124,0.15187936,0.058037855,-0.024154317,0.13913299,0.05505007,-0.066758424,-0.086887054,-0.06417275,-0.016474327,-0.110365726,0.105292745,0.19094227,-0.062161587,-0.023003316,-0.18670228,-0.048511088,0.015164624,0.12511395,-0.10278596,-0.07223612,0.029957762,0.15728408,-0.14490998
TCGA-AR-A0TQ-01A,0.097504504,-0.038409717,0.07641599,0.07193527,-0.06996027,0.19675526,0.05140222,-0.00522001,0.13700889,-0.04565923,0.005442113,0.034611627,-0.059744198,0.17728879,0.06579923,0.016049163,0.16917434,0.15125939,-0.08314976,-0.017718593,0.061159547,0.0791706,0.05314655,0.08559323,-0.11127482,0.09769011,-0.123227336,-0.007553146,-0.070055135,-0.065084144,-0.06780786,0.017862134,-0.054959003,-0.14445929,-0.14024596,-0.1255571,-0.0973647,-0.017136626,-0.13103762,-0.107667655,-0.058317997,0.018115956,0.02287124,-0.096591674,0.02329989,-0.05640414,-0.075873986,0.012451028,0.07407276,0.07274368,0.20684542,0.17650704,0.12711051,0.09283736,-0.027039845,0.042697098,0.046816178,0.050654292,-0.14493616,0.07457261,-0.042589955,0.076260105,-0.12048233,0.17844757,-0.034530215,-0.17020392,0.29449645,0.07477844,-0.12545998,0.010003983,-0.10696185,-0.027142858,0.074017584,-0.14845818,0.095205225,-0.16636235,0.046539824,0.13309914,0.082634464,-0.08346668,0.05664351,-0.08124539,-0.052178778,-0.046715062,-0.031939577,0.013630416,-0.033109155,0.05800492,0.22294924,-0.061264675,0.03763349,-0.19121893,-0.09626353,-0.046597134,0.088872984,-0.05990008,-0.17801419,0.03673903,0.034162987,-0.06413918
TCGA-AR-A2LQ-01A,0.08219955,0.07957289,0.18931578,0.12973115,-0.10986924,0.081747,0.015362236,0.025552016,0.09967718,0.07118934,-0.040633388,0.02645556,0.07980154,0.11055048,0.16792072,-0.005463624,0.086268924,0.04835454,-0.025566367,0.0030993598,0.108599074,-0.05608759,-0.03266133,0.13110873,-0.061388712,0.22368161,-0.13078141,-0.104210034,-0.03485521,0.0036416785,0.09730211,0.16136914,-0.16495934,-0.21180874,-0.006985801,-0.22199145,-0.11367565,0.09322857,-0.036016837,-0.08661386,-0.002031788,0.13202742,0.16054374,-0.12295817,-0.06846816,-0.035381,-0.1096907,0.05236636,0.10556858,0.041710574,0.024152368,0.05222937,0.03851726,0.074432604,-0.0925709,-0.0030405035,0.18873882,0.057066612,0.016364751,0.0136925485,0.0043502273,0.060417004,-0.19137011,0.08157185,0.028630227,-0.08604554,0.1309715,0.029660068,-0.21260925,0.10234445,-0.13040692,-0.04772937,-0.035028294,-0.14842515,0.018432602,-0.05645107,-0.011359446,0.024250152,0.07411223,0.02600523,-0.0009227231,-0.17975445,-0.017462086,-0.04445303,-0.014205431,-0.12312593,-0.07010159,0.15344472,0.19869089,-0.055309046,0.025515486,-0.12623884,0.020384563,-0.016015818,0.11901762,-0.097386,-0.08058601,0.113165595,-0.0413954,-0.14692421
TCGA-A7-A6VY-01A,-0.046960454,0.03741871,0.15747367,0.22736344,-0.0701628,0.11958112,0.10020052,0.108986884,-0.06477544,-0.02636606,0.0469418,0.06327528,-0.10794215,-0.0050375066,0.14814779,-0.021388227,0.11310127,0.2114945,-0.023777027,-0.08671136,0.059440576,0.030743659,-0.0115367295,0.1646758,0.040893603,0.08677819,-0.1179861,-0.18990263,-0.08149814,-0.045640893,0.10024062,-0.04041882,-0.1580357,-0.0927742,-0.02339451,-0.27563298,-0.20036669,-0.07926728,-0.083560735,0.008983246,-0.076550156,0.022616047,0.17060584,-0.07218783,-0.038299892,-0.1735909,0.0006226119,0.0024860362,0.072760224,0.114689775,0.029639343,0.030108996,0.07496635,0.14873505,-0.040852807,0.05312682,0.182479,-0.019828731,0.028236149,-0.066290826,0.036143016,0.043517575,-0.10149693,0.07848978,0.04956023,-0.06032237,0.1704646,0.11830693,0.0006140905,-0.012838228,-0.185722,0.0005536851,0.048431378,-0.12087917,0.10984332,-0.065803565,0.03472497,0.0617588,0.095976904,0.018631449,-0.024808032,0.05713372,0.01602315,0.0010408236,-0.06369574,-0.043312564,-0.07536675,0.15720937,0.13537884,-0.054306112,-0.041422058,-0.18970437,0.035015088,0.03056688,0.08337506,-0.20392902,-0.04745426,0.013235928,0.04050476,-0.15425882
TCGA-LD-A66U-01A,0.106222846,-0.10498757,0.14494425,0.16749758,-0.0026027185,0.06888477,0.07939097,0.047825303,-0.054155294,-0.06203358,-0.12828529,-0.019877277,-0.047566414,0.2582313,0.014022383,-0.10932036,0.00037562632,0.16207696,0.023416495,-0.057379507,0.04757997,-0.034508754,-0.08541246,0.22643323,0.034302276,0.08524804,-0.15773748,0.011567433,-0.083100535,-0.14221948,-0.023114268,0.02820008,-0.21332939,-0.13878419,-0.05896026,-0.1938062,-0.044390947,0.05876835,-0.11374854,-0.037696816,-0.09811146,0.031569295,0.06319053,-0.024739238,-0.0016188909,-0.08682287,-0.044804536,0.1392337,0.07144859,0.15380317,0.029308321,0.14225899,0.03965275,0.14254174,-0.13010098,0.07072813,0.13396588,0.01586382,-0.06663835,-0.0013956269,0.0077251215,0.025467126,-0.09367,0.12708074,-0.08641271,-0.034036312,0.12753153,0.12194192,-0.082067944,0.05903268,-0.09469878,-0.039817635,-0.04012744,-0.26327366,0.15768974,-0.23986003,-0.09701058,-0.019237118,0.039084412,0.009724912,0.057823583,0.09700549,-0.052083682,0.039464146,-0.16341078,-0.03579151,-0.014869656,0.09465293,0.16430336,-0.01624272,-0.037703622,-0.10327799,0.041256417,0.047148075,0.067185886,-0.036005966,-0.119381115,0.02396333,0.038020425,-0.0023056185
TCGA-E2-A1IO-01A,-0.06650347,0.09501771,0.06349447,0.11074978,-0.049159393,0.117895834,0.10590712,-0.006828858,-0.09701609,-0.03713288,-0.01823465,-0.0017346682,-0.014667839,0.13769908,0.13693492,-0.024068909,0.056344483,0.164188,-0.07649614,0.029484723,0.11304201,0.1143037,-0.112832725,0.068042405,-0.0734879,0.14083561,-0.17277019,0.024858136,-0.016716033,-0.05369568,0.13354641,-0.013546441,-0.042682026,-0.16171779,-0.10741141,-0.3221745,-0.15652068,-0.02884757,-0.018844428,0.03010197,-0.008710758,0.013028453,0.029873585,-0.083727345,0.1075223,-0.20030016,-0.035131358,0.076720305,0.15122005,0.12046177,0.07125985,0.10368865,0.07504082,0.09103709,-0.098990396,0.049955998,0.19899637,0.07213092,-0.1506841,-0.024700856,-0.05311049,-0.005543344,-0.100547396,0.18390056,0.028746318,-0.02976268,0.17416175,0.016988166,-0.1269134,0.0355653,-0.14815685,0.016365498,0.04470436,-0.250656,0.08918521,-0.076090455,-0.019394243,0.055247486,0.024935033,-0.11002756,0.15266761,-0.0035270888,-0.06397549,-0.036269777,-0.04200091,-0.11004823,0.025228139,0.12702511,0.06079794,-0.055473063,-0.09507257,-0.12041209,0.07771779,0.033361956,0.10925003,-0.041468266,-0.06608679,0.058265552,-0.10570941,-0.094054714
TCGA-A2-A0SX-01A,-0.11180455,0.06732406,0.17391835,0.1874486,0.026552325,0.10206123,0.18768016,-0.05056395,-0.037036147,0.074387774,-0.04998032,-0.08876984,-0.10916801,0.04945022,0.03656451,-0.11086461,0.13894539,0.15292151,0.001781689,-0.10518129,-0.03067702,0.012133824,-0.08939381,0.10752833,-0.021984644,0.1514301,-0.25636542,-0.025377696,-0.004812639,-0.080789804,0.020593861,0.0603819,-0.1085954,-0.12394982,-0.0825538,-0.2514343,-0.09450731,0.0008009955,-0.04961134,0.010380776,-0.022288412,0.018802995,0.095657736,-0.06869193,-0.06417564,-0.017842643,-0.042127863,0.026842868,0.11774054,0.17508544,0.12929209,0.13759825,-0.01936922,0.16852216,-0.080055855,0.03232247,0.057866476,0.025858704,-0.025048546,0.011134648,-0.048657555,0.0006502367,-0.13165651,0.053488526,0.11484094,-0.21577317,0.15853228,-0.010448266,0.022311106,0.1318473,-0.14450517,-0.05501085,0.027213518,-0.17093341,0.10798043,-0.074532494,0.06169396,0.049338236,0.006463358,0.009690726,0.12115615,0.04620896,-0.14567846,0.07589248,0.08517596,-0.0051475284,-0.023448193,0.18951134,0.1609897,0.04759745,-0.02381872,-0.18367434,0.025891941,0.053605765,0.14692293,-0.017252814,-0.052770395,0.03237539,0.11642905,-0.036908943
TCGA-AR-A24X-01A,0.06278506,0.060292244,0.16133416,0.26196548,-0.0064069247,0.004153356,-0.008386624,-0.026440488,-0.056392875,0.047530975,-0.035320006,-0.14923273,-0.028199794,0.08051997,0.13135402,-0.0786892,0.041720215,0.240665,-0.1270012,-0.028624298,0.08277203,-0.0016654072,-0.0005203182,0.1392404,0.058393832,0.11246667,-0.117974415,0.059550308,-0.10573676,-0.06335439,0.049788248,0.12193982,-0.12509713,-0.17683536,-0.023555152,-0.18440792,0.0023358949,0.034311216,-0.07572654,0.06810723,0.04898852,-0.024188478,0.088998474,-0.020274809,0.010476535,-0.06649514,-0.1313599,0.06016683,0.15056066,-0.00029917242,0.11882274,0.09689461,-0.040401153,0.17708999,-0.06306633,-0.028296528,0.08957161,0.047812384,-0.12024388,-0.03155173,-0.02450588,-0.038319524,-0.1591888,0.25974262,0.08855332,-0.12533155,0.15869595,0.04085105,-0.11888242,0.17696849,-0.08306138,-0.06524873,-0.0065610907,-0.21538106,0.055127732,-0.05512115,0.08762905,0.08887257,0.09412555,0.0657721,0.03946082,0.07194072,-0.017073916,-0.047927737,-0.018725945,0.057108242,-0.025786081,0.1414183,0.19837195,-0.048908107,0.040840097,-0.06771134,0.0027445927,-0.049942706,0.1458589,-0.039130222,-0.17675202,0.06300302,0.054912996,-0.024200264
TCGA-AO-A1KT-01A,0.063484594,0.082392916,0.115381636,0.15009457,-0.027229654,0.14696383,0.053334817,0.014363835,0.08531005,0.026774054,0.031642262,-0.08210075,-0.081546836,0.11329488,0.08465141,-0.067543186,0.14137936,0.2780281,0.012429405,-0.035606287,0.020227006,0.007979194,0.011843732,0.026928833,0.05162777,0.13792227,-0.09549409,-0.1031386,-0.07884322,-0.08882843,0.044300146,0.13222945,-0.16514698,-0.13471101,-0.10449315,-0.28881454,-0.08813086,0.01284283,-0.16777276,-0.008835509,-0.031045325,0.003909806,0.10356571,-0.09976423,-0.063421205,-0.09120713,-0.117609836,0.07424306,0.05413927,0.055005617,0.066480204,0.19233707,0.053958002,0.056758936,-0.015114488,0.09282202,0.108735606,0.10969472,-0.13401102,0.048267353,0.016578805,0.10234021,-0.19608898,0.10686322,-0.044317134,-0.12589134,0.14050509,-0.04747259,-0.09637148,-0.08239818,-0.10305462,-0.032470178,0.14334847,-0.24991238,0.053829312,-0.07889417,-0.10948301,-0.06754513,-0.018572774,-0.06719825,0.11058119,0.009283531,-0.09468756,-0.046874966,-0.014096026,-0.056103818,-0.093044184,0.15710042,0.12960412,0.045713443,0.03655912,-0.116953544,-0.011756688,0.09830488,0.032353003,-0.06049605,-0.0752796,0.0017839255,0.01212835,-0.118753165
TCGA-D8-A1JE-01A,0.03486777,0.015373976,0.100367665,0.046831395,0.0043383976,0.015515033,0.002326839,0.10419048,0.08852407,-0.017854316,-0.06462849,-0.0646923,0.022463374,0.09051765,0.07485311,-0.12598933,0.05837461,0.14764778,-0.017036792,-0.0039815777,0.04369129,0.10009741,-0.046229094,0.19389978,0.056509994,0.07742931,-0.17376277,-0.10042697,-0.19891568,-0.07436483,0.105197705,0.053523693,-0.07089367,-0.10831497,-0.042743787,-0.23929761,-0.079844594,-0.109767005,-0.124977395,0.0020217516,-0.057635337,-0.033532232,0.17700414,-0.02827839,-0.10243277,-0.11616287,-0.05888242,0.0013857695,0.0854837,0.1663708,0.09459904,0.1037425,0.08208424,0.21828716,-0.24170493,0.030114038,0.13934696,0.050384022,-0.074161746,-0.03353784,0.08897735,0.038705833,-0.07478071,0.16223428,0.09334304,-0.0800501,0.12019893,0.087282814,-0.10416153,0.0355843,-0.13963114,-0.08149166,0.01332608,-0.08950249,0.075405754,-0.066094175,0.1129113,0.09503,0.106459714,0.016607737,0.13048834,0.057723284,-0.12517369,0.033337485,-0.09405896,-0.025527444,-0.021309262,0.07253859,0.18381993,-0.035297606,0.08775823,-0.22116579,-0.06777476,0.048825644,0.13584124,-0.013722234,-0.15220675,0.059747122,0.03618197,-0.07619105
TCGA-A2-A0YM-01A,-0.08316259,-0.0027386178,0.090694875,0.19075997,-0.08256637,0.18784744,0.047260143,-0.05807725,0.020153752,0.05516431,-0.037089724,-0.089581534,0.0061102654,0.17060366,0.08681206,0.005615328,-0.00408134,0.099371865,-0.015564894,0.006409657,0.06823099,-0.002089588,0.01713027,0.09828754,0.06519904,0.17466432,-0.11115417,-0.032297313,0.024262635,-0.073822126,0.02217877,0.012283831,-0.19357456,-0.10053527,-0.16153565,-0.2465179,0.0591679,0.0066983774,0.008810586,-0.019253038,0.00020255333,-0.0033535943,0.026156817,-0.05740279,-0.008700783,-0.14624113,-0.01839494,0.02733736,0.048751615,0.14309952,0.062498953,0.0026741435,0.110039465,0.0866451,0.012609883,-0.0024107343,0.05457139,0.05426905,-0.09792407,-0.021420537,-0.061246853,0.05619139,-0.1381585,0.1461746,-0.051873278,-0.16928527,0.19810863,0.028202252,-0.10804888,0.02589865,-0.13097863,-0.012601763,0.10252924,-0.17488022,0.09973365,-0.15789592,0.08293977,-0.032887086,0.1192341,0.03092151,0.022016376,0.09356944,-0.067738496,0.036195565,0.017207868,-0.091142334,-0.028315393,0.1307662,0.22159126,-0.04538505,0.01848697,-0.30033067,-0.0009574229,0.04968714,0.08303028,-0.07942168,-0.23363514,0.12545507,0.038349565,-0.16042393
TCGA-D8-A1JH-01A,-0.01842813,0.07773946,0.2020466,0.07315434,-0.04399008,0.14936702,0.06179124,-0.10231863,0.014924188,-0.03530056,-0.06876941,-0.15345012,-0.04852773,0.021811424,0.142125,0.016257815,0.03737558,0.09576543,-0.0834122,-0.06850462,0.03685163,0.032751326,-0.021342853,0.022798473,0.02997136,0.13828011,-0.13313535,-0.039826967,0.008168408,-0.009671248,0.06296354,0.13003744,-0.08152643,-0.106635556,-0.11263566,-0.23602888,-0.08336055,-0.09530629,-0.08836867,-0.045069538,0.038381323,0.024443164,0.19236399,0.0049266983,-0.014938138,-0.06926653,-0.056720115,-0.05521118,0.090016924,0.050418276,0.044987727,0.020318223,0.006380381,0.16926776,-0.026613565,0.102243006,0.23977624,0.062555246,-0.05171956,-0.043067362,-0.019201068,0.05230253,-0.08552741,0.21503656,0.08675123,-0.16398053,0.19566844,0.20752166,-0.0722533,0.07920185,-0.07152524,-0.0071108076,0.102583,-0.17571469,0.097167104,-0.04873304,0.08782294,0.039753813,-0.10138881,-0.015935453,0.09840516,0.04052507,-0.06345508,0.035768885,-0.012718202,-0.10303687,0.00974366,0.19677475,0.28210193,-0.03896825,-0.031878255,-0.11662288,0.02498127,0.018266998,0.024426762,-0.11417567,-0.15986238,0.028317155,0.12374632,-0.08946715
TCGA-S3-AA14-01A,0.021391692,0.030254016,0.18255325,0.11223019,0.043431964,0.07508949,-0.01037672,-0.0140702035,-0.04235088,0.03868569,-0.015520228,-0.043475736,-0.060775526,0.00785335,0.17082135,-0.09070011,0.034121737,0.26418966,-0.104760446,-0.17436512,0.12167753,0.016598785,0.04497068,0.14462902,0.1479685,0.06683345,-0.13876419,-0.10349632,-0.15020266,0.018746365,0.10924304,0.060650013,-0.13560203,-0.2698467,-0.16990112,-0.09914066,-0.082474545,0.027386872,-0.14045657,-0.012753468,-0.051180456,0.053474523,0.13484666,-0.054692186,0.04110537,-0.053435802,-0.05748686,-0.010566189,0.08491814,0.1005759,0.03450923,0.110187784,-0.0076405397,0.113048166,-0.13979068,0.039498944,0.024106791,0.02038398,0.017744387,-9.485928e-05,0.09541969,-0.01888766,-0.13425915,0.17281948,0.04154511,-0.0037690043,0.09916764,-0.022408862,-0.11052335,0.073156476,-0.08728651,-0.02490387,0.056723684,-0.21095513,0.0210194,-0.068537794,-0.023674466,0.07722738,0.16207954,-0.10361423,0.19239376,-0.00032499235,-0.0022839822,0.026177097,-0.10940039,-0.08179757,-0.13585417,0.164207,0.118116006,-0.050347067,-0.029776745,-0.16844206,0.038688365,0.011000172,0.10322588,-0.13512696,-0.114781395,0.08994735,0.060795445,-0.023669258
TCGA-AR-A1AQ-01A,0.05694898,-0.010900793,0.21355663,0.16338915,-0.038690798,0.13404302,0.14235987,0.04354707,0.08044234,-0.04915455,0.006161718,-0.041637205,-0.049360722,0.15509485,0.09005071,-0.09044506,0.1454262,0.1283733,-0.008965307,-0.0882374,-0.00031262677,0.011905925,-0.050671503,0.17592084,0.031223929,0.06265547,-0.2402208,-0.123295814,-0.011446785,-0.09938099,0.04195461,0.032609157,-0.2586617,-0.18020412,-0.07585765,-0.13309346,-0.07949941,-0.013133856,0.044617295,0.01600522,0.013134561,0.0767148,0.10151109,-0.04834352,-0.0179817,-0.005419596,-0.049879003,-0.07965534,0.08442444,0.16807926,0.036049258,0.17364994,0.07615624,0.22305304,0.020255947,-0.0070510786,0.091322444,-0.060695454,0.039132033,0.02594543,-0.0054317415,0.099268585,-0.089524284,0.16719607,0.066014916,-0.047219574,0.18451914,0.012601567,-0.10802333,0.12847404,-0.09197741,0.03190028,0.1292217,-0.1756559,0.026453111,-0.08408349,0.062227566,0.072865225,0.10639645,-0.072907194,0.073194124,0.041726276,0.023056373,0.07950683,-0.016217548,0.034662154,-0.032112148,0.09277346,0.18995638,-0.05359181,-0.011925653,-0.024873452,-0.0066151116,0.010462634,0.19296849,0.012982318,-0.17568855,0.090904236,0.060696047,-0.11113287
TCGA-E2-A15I-01A,-0.04856425,-0.050323535,0.17152682,0.20441832,-0.006098528,0.1451736,-0.0049459753,-0.12235287,0.021963904,0.016930686,-0.0879191,-0.032118447,-0.07720534,0.12675995,0.08431068,0.062778406,0.05449731,0.1243829,-0.1690343,-0.046557732,0.03635384,-0.048691377,0.013517092,0.11867371,0.0150476,0.1374291,-0.20897102,-0.10706271,0.018040717,-0.07739143,0.08041468,0.021505153,-0.21477285,-0.16041812,0.019888649,-0.17938769,-0.11063374,-0.100327514,-0.18001157,-0.047441367,0.08844789,-0.026138755,0.004570003,-0.0683405,0.049343824,-0.10068671,-0.09651772,0.056109913,0.1690765,0.07773801,0.0772353,0.104672655,0.019933706,0.11364538,-0.036805157,-0.010029816,0.22402728,0.032666948,-0.10429086,0.04088277,0.07635206,0.10509459,-0.12875427,0.06412399,0.038453273,-0.18784283,0.15061536,0.06680098,-0.14061847,0.013153648,-0.1189044,0.016774854,-0.032126084,-0.22115505,0.12739514,-0.09739898,-0.017486723,0.049937185,0.02081731,-0.031188542,0.031205246,0.07316524,-0.041230436,-0.014587902,-0.067271724,-0.058267854,-0.11648621,0.0647507,0.077738,-0.09704343,-0.018705169,-0.057608135,-0.006993255,0.10315354,0.17692319,-0.12743512,-0.07995395,-0.040572233,-0.012758203,-0.16004369
TCGA-AR-A24L-01A,0.10423987,-0.010800158,0.10145824,0.17267762,-0.030748261,0.06424321,0.0576861,0.04976827,0.013693935,-0.052500024,0.07926646,-0.12998527,-0.10629376,0.044151388,0.117039286,-0.040825512,-0.050673507,0.21074043,0.006006209,-0.02169925,-0.07803698,0.04582867,0.014290058,0.19134593,0.045712765,0.17120452,-0.19810335,-0.038880903,-0.058782928,-0.058732178,0.038071588,0.060637057,-0.19826312,-0.24931642,-0.022378659,-0.11672294,-0.01402137,-0.08345659,-0.059877045,0.023393273,0.018847907,0.0029404138,0.018671656,-0.03149205,-0.026482407,-0.06502062,-0.036295727,-0.03080703,0.074397795,0.20362867,0.15505081,0.044490688,0.057480566,0.14451091,-0.08988024,0.08627599,0.13484168,0.09208193,-0.10133644,0.07008115,-0.017374182,0.03893722,-0.056424476,0.09664011,-0.055432517,-0.18642487,0.1460795,0.093567334,-0.04966854,0.027900437,-0.0357081,-0.1177784,0.1252572,-0.21753061,0.10768356,-0.042275842,-0.063907474,0.08466936,-0.023266602,-0.1542264,0.05537241,0.054061845,-0.07190975,-0.013560285,-0.045483913,-0.1343909,-0.10367198,0.15801945,0.11734855,-0.019293375,-0.005972473,-0.11436827,0.122020476,0.08134168,0.1361745,-0.06155589,-0.17420074,0.031632822,0.14154163,-0.118147224
TCGA-E2-A1L7-01A,-0.0017539079,0.0055293846,0.13717061,0.16546556,-0.053163227,0.10724113,0.07447006,-0.0045569823,-0.1291121,0.029393971,-0.03789246,0.021976085,-0.019543797,0.16184124,0.17506048,0.018887596,0.15026584,0.12642097,0.11448442,-0.03316813,-0.0044782176,-0.07353598,0.015981434,0.12620091,-0.031756297,0.07265685,-0.121938236,-0.07655492,-0.118313186,-0.14782724,0.026600597,0.040245,-0.108618654,-0.20525713,-0.13255483,-0.16021648,-0.1404429,-0.015090542,0.024316406,0.03673992,0.012697479,0.05838441,-0.01929784,-0.059073817,-0.03492681,-0.13599251,-0.12073786,-0.06636475,0.09145075,0.18981755,0.05715224,0.08026167,0.15157309,0.16129789,-0.073326096,0.051300917,0.12036074,-0.056715615,-0.05139581,0.07335582,0.045324598,0.012654604,-0.14310522,0.14257698,0.12818138,-0.090243004,0.20357756,0.037457105,-0.13353944,0.12230387,-0.16545002,-0.12077534,0.0072627803,-0.11245008,0.09416974,0.047424052,-0.0010670384,0.01405961,0.08511796,-0.009059337,0.103573374,0.060161907,0.004040676,-0.053181842,-0.07954568,-0.11664661,-0.10812478,0.1436894,0.2304354,-0.10048848,0.0065528494,-0.009581991,0.05953106,-0.040087763,0.13949716,-0.054045964,-0.070881926,0.10129805,0.017905645,-0.15095663
TCGA-BH-A0BM-01A,0.096932665,0.06614306,0.1479792,0.11857956,-0.06738448,0.098404355,0.07884394,-0.02309244,-0.09771789,0.046149597,0.018816315,0.015891522,0.02265805,0.18854012,0.11909263,-0.06532055,0.15614146,0.0778136,-0.003958305,0.09114004,-0.06364597,0.048767187,-0.13431206,0.061574005,0.09123583,0.048859235,-0.18535385,6.749051e-05,0.06672853,-0.06792541,0.08747743,0.01740182,-0.12805343,-0.21523042,0.0014630072,-0.20916593,-0.07194621,-0.10219541,-0.15250102,0.015239262,-0.003557853,0.0042939335,-0.00028826707,0.034488425,-0.015661454,-0.112006105,-0.17540044,0.088486075,0.10741135,0.055448025,0.14622752,0.078350045,0.029847715,0.18452339,-0.020291155,0.049901005,0.16459781,0.009136994,-0.13411427,-0.011563911,-0.0040328866,0.04088707,-0.1603596,0.13412336,0.040229216,-0.06894643,0.12436974,0.008212548,-0.14140932,0.067711055,-0.17798017,0.09599944,0.07587334,-0.15643242,0.080366105,-0.094372965,-0.072803274,0.13538502,0.08925244,0.03723439,0.11205947,-0.06937669,0.08098967,-0.042929657,-0.019893086,-0.10390032,-0.062266447,0.123165734,0.11666712,0.055789094,0.09974862,-0.15286501,0.088300385,-0.008008287,0.16683643,-0.14478743,-0.14355333,0.023868816,-0.035233103,-0.11600085
TCGA-D8-A1XJ-01A,-0.0986045,0.011655924,0.14076397,-0.01734798,-0.10447369,0.16899301,0.1589232,0.015835693,0.0040121004,0.009699871,-0.054773904,0.043481447,-0.066625185,0.13845417,0.13313739,-0.08857272,0.19147494,0.18638894,-0.082944684,-0.037684634,0.08532524,0.11713498,0.0184371,0.15572828,-0.017860789,0.122263044,-0.12640907,0.012934558,-0.05279805,-0.02490976,0.04786081,0.031290904,-0.120572105,-0.12151627,-0.122029,-0.21228708,-0.10314962,-0.099467486,-0.1286189,0.005237126,-0.004025994,-0.013789152,0.0065982733,-0.20360614,-0.06677958,-0.09379195,0.0036363932,0.062883705,0.06116044,0.11529812,0.08461073,0.08781929,0.09120093,0.04439605,-0.14978428,0.051344115,0.12674372,0.044222727,-0.0654652,-0.03371233,-0.037858553,0.139448,-0.035603546,0.1094324,-0.01326071,-0.061491434,0.2514226,0.009894313,-0.17008382,0.006965005,-0.14587688,-0.07180511,0.03311922,-0.26845497,0.08649111,-0.054616008,0.053353623,0.076753035,0.08963458,-0.061702024,0.08871101,0.0010950711,-0.058843974,-0.10686047,0.020923657,-0.05658968,-0.04724431,0.08921104,0.18642376,-0.09534381,-0.056894697,-0.17758235,0.03463326,0.0009876342,0.07563785,-0.03449676,-0.0830221,0.06311625,0.006765435,-0.12740196
TCGA-A1-A0SJ-01A,0.06450308,0.057931513,0.14105669,0.14476116,-0.079417035,0.13623035,0.02499299,0.0787233,-0.0074021737,-0.02018273,0.06501865,-0.012389997,0.011773174,0.11917293,0.04268236,-0.1467846,0.088311955,0.10755989,-0.0124815535,-0.009295666,-0.00031431785,0.10683179,-0.047282662,0.12987839,0.059766095,0.12625085,-0.24356703,-0.03814583,0.008716174,-0.07693002,0.014022191,0.10689024,-0.17012134,-0.26605216,-0.080707096,-0.18554513,-0.018078873,-0.044750467,-0.08581561,0.0507071,-0.020716235,0.017614245,0.11314313,-0.070460714,-0.091622844,0.044011842,-0.025734222,-0.028739383,0.10382786,0.094162144,0.059918087,0.16497646,0.08767344,0.11112679,-0.14386706,-0.0065623377,0.041061997,0.022011138,-0.07032429,-0.068628855,-0.027908232,0.086339675,-0.05002234,0.09879075,0.045398835,0.017219683,0.22295688,-0.03137468,-0.1203662,0.05777925,-0.21265152,-0.07072104,0.10476437,-0.19469522,0.107374206,-0.108269684,0.080851935,0.08970495,0.07840482,0.04507372,-0.09215008,0.018675458,-0.051446486,0.03808313,-0.010924166,-0.07167222,-0.060888786,0.20080453,0.16008706,-0.0026383917,0.061606966,-0.10792125,-0.034681905,0.00074379204,0.22197033,-0.16434968,-0.12477274,-0.0055786325,0.030853398,-0.09599148
TCGA-OK-A5Q2-01A,0.09651851,0.057162657,0.10897354,0.12212193,-0.033029515,0.05982342,0.008817859,0.023369145,0.13796678,0.08767103,-0.016544353,-0.07126039,-0.11617601,0.09720922,0.13511497,-0.07822064,0.115588844,0.22554006,0.048041895,-0.049175024,0.111910604,-0.025131699,-0.06678912,0.10051441,0.009773025,0.13563882,-0.23034361,-0.033945672,-0.021067258,-0.02992732,0.01013603,0.13554771,-0.16064288,-0.24923974,0.02881417,-0.21568398,-0.121450745,-0.061420977,-0.07305257,-0.08355793,-0.05389181,-0.057019826,0.103060365,0.03817919,-0.08487415,-0.16610415,-0.07687626,-0.004711062,0.10295337,0.10130775,0.11107375,0.051222876,0.10936426,0.09679524,-0.12855102,0.1067138,0.0790926,-0.049210217,-0.09559273,0.01692472,-0.044619795,0.041757118,-0.061837304,0.13850671,0.030291297,-0.12882529,0.14872265,-0.049660612,-0.11018413,0.090550244,-0.08544196,-0.013540387,-0.013420054,-0.21345678,0.060953643,-0.07945928,0.051390026,0.11384959,0.010858969,0.03227473,0.07896166,0.05947213,0.07688816,-0.009027656,-0.0372653,-0.13345145,0.006680953,0.16279098,0.09512269,0.0009583134,-0.007940372,-0.15697937,-0.045630924,-0.0062325015,0.21290953,0.05924326,-0.13135593,0.06262894,0.013801161,-0.14733344
TCGA-BH-A1F2-01A,0.021741437,-0.061486956,0.057968657,0.082304,-0.044630103,0.10930387,0.072534434,0.113958076,-0.009869896,0.09532157,0.016769644,-0.07027579,-0.08721016,0.15943907,0.025380582,0.017898217,0.13406575,0.18696527,-0.08713639,0.022199623,0.061835833,0.020820461,0.034201387,0.17879678,0.08011096,0.09079842,-0.18113652,0.03388452,-0.03309657,-0.115506135,0.1218003,0.024183491,-0.121652134,-0.14208025,-0.075124174,-0.18333854,-0.061432216,-0.08076108,-0.08969148,0.0029246267,0.07024693,-0.0055617187,0.10010204,-0.13080399,-0.07991319,0.043809906,-0.05687367,0.08948374,0.18300442,0.13940963,0.09518592,0.19400968,0.06346338,0.016452253,-0.128466,0.04938919,0.047134366,0.044660695,-0.12826629,-0.08215287,0.015544288,-0.039870646,-0.052119102,0.2083565,-0.09736209,-0.015230176,0.24592806,0.042997397,-0.112267904,0.064788364,-0.07344105,-0.045775857,0.071963206,-0.17188291,0.1375977,-0.048084196,0.02484012,0.021362845,0.023964684,-0.0017353581,0.1510385,-0.057213936,-0.109358534,0.023866791,-0.07713166,-0.032026865,0.012470472,0.13843693,0.26133955,-0.027971216,0.040423978,-0.06342105,-0.0002530498,0.03315993,0.12668383,-0.11271098,-0.14389959,0.06782044,0.05074134,-0.18529005
TCGA-E9-A22H-01A,0.03005733,0.035821978,0.06116625,0.18226145,0.0043597003,0.048007492,-0.013704872,-0.041932706,0.066995874,0.015523837,0.024168078,0.021653363,-0.01313283,0.057249177,0.1452213,-0.052142996,0.048216302,0.19552286,-0.04747888,-0.16928445,-0.0049603973,-0.0542933,-0.02594375,0.08165674,0.010491344,0.14552604,-0.056059998,-0.12262903,0.02658924,-0.08297336,0.018994397,0.11003487,-0.15355055,-0.24994873,-0.03339543,-0.2062575,-0.15581709,0.02070278,-0.08204089,0.0320823,-0.16785167,-0.02907829,0.0010390832,-0.10252116,0.034931954,-0.066836886,-0.1060978,0.081735454,0.05267568,0.20200121,0.009792905,0.086237065,0.028288644,0.18563846,-0.12792504,0.124227606,0.18741907,-0.021624237,-0.04089122,0.08200053,-0.09118764,0.06553434,-0.14176355,0.079698004,0.04512075,-0.18406428,0.18533142,-0.01361121,-0.12974828,0.16323495,-0.08441184,-0.0061966595,0.033087894,-0.15084556,0.09288713,-0.0615353,-0.03421036,0.05836712,-0.016231738,-0.0667242,-0.029259987,-0.0017106808,-0.050494716,-0.009530659,-0.1908307,-0.029897477,-0.020744223,0.10530564,0.14475527,-0.07409483,0.053005543,-0.15469642,-0.062109355,0.08051644,0.033594176,-0.20256194,-0.11511383,0.05776445,-0.060433798,-0.10382022
TCGA-A2-A4S2-01A,0.028533341,0.007745281,0.15224507,0.07084045,-0.07229927,0.20238884,0.023524037,0.070036046,0.12709205,0.051058598,-0.04907058,-0.08284274,-0.045245145,0.19560765,0.0778468,-0.055780113,0.14657831,0.028025514,0.0026073304,-0.029548889,0.033551093,0.024335884,0.03654689,0.11877033,-0.003974396,0.079047054,-0.16148038,0.042420045,-0.08228967,-0.023660462,0.050888363,0.078838594,-0.094047315,-0.18596296,0.054470915,-0.17813632,-0.036900256,-0.10880618,-0.07913692,-0.012513347,0.070912294,0.06285584,0.22533445,-0.09581918,-0.045113586,-0.058176994,0.008585878,0.08172086,0.10559631,0.15638389,0.0013428091,-0.00863111,0.011913468,0.16631041,-0.103696585,0.070141755,0.1633424,0.01904934,-0.021340447,0.020134417,0.115516886,0.11560661,-0.09425809,0.181801,0.0327866,-0.04280998,0.15727061,0.105326034,-0.054696757,-0.0011175083,-0.14099687,0.047916967,0.058478996,-0.22041558,0.16733395,-0.0816322,0.0054700044,0.088391624,0.11865133,-0.015597432,0.116889164,0.04983401,-0.119449794,0.050770927,-0.10238819,-0.02434501,0.018754354,0.16493233,0.046979822,-0.059075873,0.05924361,-0.17784153,0.1637192,0.07214976,0.14359422,-0.044740357,-0.17475201,0.06753779,0.10583829,-0.10245906
TCGA-A7-A56D-01A,-0.014293416,0.06473015,0.08081701,0.16414176,-0.047017414,0.11307213,0.076462604,0.014616636,0.1276577,0.055499863,0.03412406,0.015094446,-0.035493694,0.107889235,0.1475738,-0.06730885,0.09084183,0.15595399,0.013019324,-0.08642042,0.04943892,0.014297424,-0.06585802,0.06756184,0.03434691,0.028554289,-0.1855464,0.09076297,0.12564193,-0.03521736,0.055996116,-0.008561324,-0.16999899,-0.23493707,-0.17715192,-0.1859178,-0.17623934,-0.060811937,-0.09710806,-0.0106518045,0.056369614,0.05213814,0.13722584,-0.069312744,-0.04599325,-0.072530925,-0.02955204,0.010861909,0.05484199,0.2429667,0.12787375,0.07851153,-0.04279437,0.19043271,-0.060226593,0.08760806,0.1429151,0.03551744,-0.11740134,0.03774663,-0.024476163,0.06696478,-0.13843802,0.15790859,-0.048978914,-0.016318142,0.15869166,0.04412738,-0.027007883,0.042837244,-0.05455815,-0.043506823,0.0042674243,-0.18327385,0.06427372,-0.114374384,0.09002839,0.041062236,0.090904884,-0.13384159,-0.070825525,0.01448869,-0.039559554,-0.032587867,-0.060305703,-0.04256764,-0.010077097,0.0968539,0.08625588,0.029363684,-0.02874537,-0.18226874,0.057576794,0.013692156,0.1688701,-0.1135655,-0.08406002,0.14317712,0.19096296,-0.11858441
TCGA-E9-A1RF-01A,0.01658624,0.046828255,0.14047708,0.21145797,-0.06006327,0.09331455,0.11059319,0.10361727,0.081163645,0.044893995,0.003008328,-0.015538372,-0.0046819365,0.061592914,0.099653445,-0.0043905955,0.03333877,0.15001355,-0.03779333,0.001896758,0.048053525,0.09637808,-0.03321363,0.14930092,-0.051462844,0.030434718,-0.22058055,-0.011158764,0.006233688,-0.1087401,0.0917069,0.010684958,-0.18686016,-0.17113449,-0.20891754,-0.17799747,-0.050818745,0.017624069,-0.06269188,-0.025764737,-0.09575074,-0.037176874,0.02798655,-0.20921636,-0.109510824,-0.13319203,-0.11222728,-0.018241892,0.13286984,0.1285827,0.11162283,0.10010566,0.04023378,0.043755464,-0.053659894,0.065520085,0.09615895,-0.036307134,-0.019602647,0.024688005,-0.018410962,0.0837888,-0.07217824,0.13682018,-0.01208082,-0.07902149,0.24573658,0.092079155,-0.07186647,0.027121633,-0.12942503,0.004217586,0.072993726,-0.13991301,0.14327197,-0.022362264,-0.10049123,0.2286694,0.02926222,0.07958527,0.048115384,-0.0024906874,0.06811008,0.025447229,-0.05728561,0.045229528,0.093977876,0.07834022,0.25166818,-0.07634139,0.013435661,-0.05080561,0.041504305,0.12336309,0.1444775,-0.09092744,-0.13560298,0.03491098,0.08158837,-0.042212274
TCGA-A2-A0T6-01A,0.059884045,0.15926968,0.19101937,0.22440134,-0.032684222,0.031694207,0.041738883,-0.038247507,0.05509082,-0.054827698,0.054120976,-0.046775393,-0.04724193,0.048012417,0.05424474,0.04508107,0.030435422,0.16968566,0.054536004,-0.091360435,-0.0056128893,-0.09834673,-0.034334283,0.09723246,0.028416522,0.12943494,-0.078349814,0.013433713,-0.07787175,-0.037472926,-0.024312118,0.12705204,-0.10456234,-0.18885314,-0.03047331,-0.20490079,-0.106253326,-0.058474496,-0.07545326,-0.054563977,-0.024286408,-0.05068457,0.09688601,-0.052389625,-0.002882311,-0.08215304,-0.09625096,0.26557383,0.11964602,0.07099604,0.01225191,0.10295369,-0.038487785,0.18690936,-0.11505686,-0.12777331,0.07742101,0.023793573,-0.1234314,0.02670559,0.029860841,0.03566309,-0.10932627,0.235507,0.027366389,0.03942651,0.1612804,0.03863781,-0.181143,0.038843762,-0.12616396,-0.0077458615,0.081797205,-0.23640689,0.09649994,-0.021071292,-0.0017828334,0.05028356,0.11870654,-0.064464495,0.04429992,0.023555143,-0.10079733,-0.102112345,-0.06573467,-0.073725365,0.033173766,0.14974326,0.14375067,0.030164361,0.015248739,-0.19607055,0.0033026778,-0.00978086,0.107980795,-0.12094233,-0.13955857,0.055312615,0.008307863,-0.08388351
TCGA-AQ-A04H-01B,0.031091012,-0.0030776686,0.2330445,0.11978456,-0.013149155,0.1551443,0.093369424,0.034850057,0.053136352,-0.10800952,0.045985624,-0.13537739,0.003958166,0.114563234,0.1317547,-0.012418331,0.0578442,0.12708595,0.08434388,-0.053121883,-0.07167146,0.09493905,-0.053977847,0.093469135,-0.013067982,0.1369642,-0.21950267,0.02925792,0.022845529,-0.0037186034,0.09594747,0.19964115,-0.20028915,-0.15720278,-0.09493756,-0.14372541,-0.10013038,-0.14055206,-0.12582529,0.01256064,-0.07390353,-0.023112817,-0.019474251,-0.10027747,-0.12140558,-0.0741957,0.01777316,0.10329224,0.13281149,0.111998715,0.13411732,0.19242954,0.06000799,0.07636589,-0.1343799,0.020170689,0.1478101,-0.0012890648,-0.095292605,0.14227454,-0.0077464455,0.02184903,-0.1123011,0.14623883,-0.029321108,-0.0790131,0.15916297,0.04325934,-0.1281825,-0.033754464,-0.10700969,0.0070867743,0.045830056,-0.16475274,0.13540335,-0.09919377,0.016456595,0.061169162,0.032319363,0.017666839,0.102627896,0.033607047,-0.04121142,-0.0024160424,0.022405352,-0.039711297,-0.06146607,0.17362328,0.20511097,-0.090014435,0.08695131,-0.106581554,0.025728846,-0.0089585185,-0.0066083064,-0.07333649,-0.08423471,-0.07673011,0.06710964,-0.052882195
TCGA-AR-A1AX-01A,0.06935909,-0.071221285,0.180321,0.020852769,0.008932128,0.038348146,-0.06417529,0.015257104,0.020662183,-0.08447284,-0.056210976,-0.0144140925,0.051203985,0.13577646,0.17440031,-0.13816155,0.025020253,0.22736518,-0.029568173,0.0037807752,0.03732787,-0.0039842287,-0.004666143,0.15539913,0.045497682,0.122853145,-0.20135212,-0.028624527,-0.008939546,-0.1642321,0.06994854,0.07697087,-0.12522581,-0.26892394,-0.10399692,-0.22727579,-0.08367642,-0.037431117,-0.03293598,-0.091739126,-0.046823993,0.042685162,0.09591921,-0.103584126,-0.064311594,-0.13656217,-0.017412692,0.09205307,0.13497163,0.1218312,0.06924997,0.116960414,0.04825303,0.1444056,-0.064578384,0.063272536,0.04693261,-0.0069130417,-0.07963051,-0.0038429599,0.15144485,0.10703212,-0.09710139,0.1497748,0.0723231,-0.12981609,0.05645848,0.061666556,-0.12206869,0.11379839,-0.18403219,0.053981077,0.072550386,-0.18801904,0.2081331,-0.025943736,0.00467649,0.06494285,0.0078804465,0.004698676,0.06887901,-0.028252121,0.0017863899,0.082227565,-0.072903655,0.04722845,0.031187119,0.09968979,0.11485769,-0.013141245,-0.044334468,-0.14445074,0.015838882,0.08808622,0.17488462,-0.06471986,-0.07519648,0.035764825,-0.0142342225,-0.115942426
TCGA-AR-A1AU-01A,-0.021355763,-0.056145016,-0.0005339091,0.15672551,-0.0023321023,0.060091577,0.08722432,0.025392089,-0.0562138,-0.0026340403,-0.06371633,0.030100306,-0.0033040275,0.1556439,0.058279317,0.007637747,0.018311678,0.12395376,0.03855574,-0.034829713,0.12362228,-0.044515777,0.13185121,0.1463401,0.043054964,0.11822446,-0.20473288,-0.028742522,-0.047074486,-0.020275606,0.030589506,0.018255288,-0.10650633,-0.18190883,-0.049143948,-0.21385945,-0.022855017,-0.069090925,-0.042310495,-0.056429286,-0.009955189,-0.0032333315,0.08504127,0.020999525,-0.060302086,-0.04948435,-0.0814107,-0.021471458,0.1624104,0.08372999,0.0709078,0.076977946,0.042945363,0.27732363,-0.040266052,0.0019458551,0.18480192,-0.031780135,-0.12074551,-0.14614779,-0.081124604,0.11344227,-0.1282857,0.1761133,0.006477456,-0.09272796,0.20074701,-0.014968577,-0.053255048,0.14008772,-0.08376161,0.0075897104,0.0975535,-0.20398262,0.09087406,-0.09821707,0.07624416,0.05011001,0.0781029,-0.011326178,0.08507229,0.02942545,-0.027368786,0.042742923,-0.14621837,-0.164664,-0.04883238,0.24458352,0.15298432,-0.12019595,0.065565884,-0.16498457,0.015908254,-0.049573123,0.062522,-0.06712285,-0.12693931,-0.008043743,0.026666844,-0.14001423
TCGA-AO-A1KR-01A,-0.057251733,0.03990088,0.15251665,0.10139343,-0.0024467732,0.18190625,0.0671401,-0.017838623,0.13848187,0.0077057206,-0.015744416,0.021989765,-0.066810116,0.04247688,0.11994792,-0.09251615,0.100046046,0.20171922,-0.005101353,-0.04968714,-0.0013966922,0.084765255,-0.042331416,0.10502095,0.018583978,0.1187504,-0.04810121,-0.013662414,-0.056053642,-0.14474767,0.10289479,0.034871645,-0.17973268,-0.21206124,-0.12259429,-0.23004696,-0.09971651,-0.10680502,-0.06840957,-0.0070655206,0.008842298,0.06336964,0.08999066,-0.07933701,0.011597229,-0.122193396,-0.17215876,0.01823596,0.021666246,0.13815504,0.13749832,0.1526584,0.08061757,0.13771093,-0.040872365,0.0009720906,0.0231147,0.0032513354,-0.027372006,-0.013060296,-0.0782644,-0.06884236,-0.095553376,0.03393475,-0.0512419,-0.09685522,0.1815994,0.1220287,-0.0753804,0.013084226,-0.16092558,-0.06732577,0.03600666,-0.27340153,0.06563284,-0.05806998,-0.043680824,0.12494831,-0.019389303,0.011639141,0.071712926,0.07571758,-0.093478255,0.027244704,-0.12139948,-0.08442964,-0.00077018,0.107771896,0.21810566,-0.06904993,-0.059766587,-0.11193159,-0.008832296,-0.09757677,0.1363928,-0.09943884,-0.17387639,0.07811693,0.0013519502,-0.08645706
TCGA-B6-A0IK-01A,-0.029015644,0.034501605,0.1411697,0.17540641,-0.0786838,0.20075384,0.15067159,-0.038442582,0.11936917,0.11681668,-0.019549666,0.048549075,-0.073040664,0.10742921,0.13716525,-0.026578676,0.021917943,0.20765361,0.057985824,-0.026557114,0.020578584,-0.022270283,-0.073944196,0.15163858,-0.0046590753,0.09447846,-0.16877674,-0.06706029,0.03373193,-0.116867945,0.07641397,0.056095555,-0.1498692,-0.14108133,-0.11570204,-0.07718616,-0.12724316,-0.058154058,-0.0441086,0.083205424,0.024433097,0.119697206,0.11944684,-0.12089768,-0.063493855,-0.13450508,0.024705837,0.08239227,0.058919452,0.13801487,0.054892853,0.11651072,0.036426887,0.20001169,-0.06544445,0.1401496,0.21000491,0.050261542,0.00013984113,-0.022899987,-0.041585367,0.08757619,-0.16019483,0.12881887,0.048227925,-0.12212959,0.071225695,0.11368294,-0.13456884,0.0363783,-0.074115396,-0.066765614,0.08024135,-0.1402099,0.07358389,-0.04337841,-0.026992429,-0.029643014,0.10717274,0.0015880475,-0.0009829362,0.07561837,-0.105662294,0.07230453,-0.0024053985,-0.04739476,-0.09365837,0.12766595,0.1675892,-0.13388133,-0.019927068,-0.14571524,0.11852611,-0.00971244,0.03847975,0.025172295,-0.19489,-0.0057408367,0.047876857,-0.124106206
TCGA-GM-A3XL-01A,0.072386436,0.07350267,0.15193464,0.122599296,-0.08383728,0.024961768,-0.009735442,-0.06096099,-0.031905677,-0.019500969,-0.036526367,-0.04069839,-0.13310605,0.077593446,0.04865167,-0.042188566,0.1009961,0.18826732,0.0038488018,-0.029843913,0.07392287,-0.011199866,0.04210524,0.0912061,-0.010054407,0.15636577,-0.2856405,0.08359487,-0.06573699,-0.049934436,0.049483877,0.10777912,-0.13593952,-0.14937794,-0.051680516,-0.25878313,-0.066458024,-0.03896585,-0.04650404,-0.022042131,-0.05384531,-0.0042413375,0.010732752,-0.087974526,0.028040344,0.033572104,-0.111505106,0.05643958,0.091617584,0.14679843,0.033234835,0.15423025,-0.045759868,0.2269467,-0.061062146,-0.013731731,0.102701776,0.022605013,-0.072975725,0.017054807,-0.033558607,0.062104188,-0.052165885,-0.023362825,0.070273824,-0.13823187,0.17819293,0.1726383,-0.1812004,0.069026254,-0.1258016,0.045594726,0.031762872,-0.1688315,0.064927906,-0.08892057,0.05093911,0.10166183,0.027699364,0.079342574,0.103738666,-0.016152589,-0.015395429,0.04970361,-0.05571227,0.059072837,-0.13438761,0.15093447,0.09572019,0.027140131,0.00970215,-0.2930565,0.023162885,-0.04438248,0.09712659,-0.09896334,-0.097612776,0.034822475,-0.009238561,-0.185295
TCGA-LL-A9Q3-01A,0.02341791,-0.017128073,0.12807676,0.1464466,-0.030618832,0.091590315,0.087267965,-0.012550428,0.20226887,-0.081561275,0.04333419,-0.05598941,-0.0613404,0.18485947,0.2087417,-0.06887398,0.04538011,0.090087034,-0.03175018,-0.04689008,0.040425822,0.033055976,-0.020110285,0.22984533,0.08663027,0.038672365,-0.13124219,0.046077624,0.04240358,-0.11216635,0.04488422,-0.014807513,-0.087257445,-0.041618645,-0.0349818,-0.18515289,-0.17511696,-0.08256452,0.012818854,-0.039842878,-0.014546461,-0.045441914,0.066189975,-0.18019196,0.009736167,-0.10710915,-0.042479377,0.069047175,0.08780818,0.15385446,0.104657866,0.19590266,0.090259865,0.021171242,-0.10472071,0.03771999,0.073528044,-0.06259734,-0.042231224,0.057344716,0.037180517,0.07785669,-0.08005394,0.20972629,-0.046035916,-0.16939436,0.22842857,0.054241993,-0.06361262,0.121327914,-0.20738655,-0.08642166,0.009781472,-0.1614958,0.053994935,-0.10274993,0.0027022283,0.11709008,0.030861985,-0.02523174,0.1456173,0.030464405,-0.108677104,-0.023072537,-0.119425744,-0.08440612,-0.022165282,0.1766405,0.10322373,-0.019174999,0.03276279,-0.19135286,0.079831496,-0.021986052,0.062475875,-0.112201124,-0.0495241,0.03481633,-0.047916368,-0.0088281315
TCGA-BH-A209-01A,0.006468349,0.10027588,0.1922869,0.10237536,-0.010835144,0.15394571,0.14787509,0.038277723,0.19526844,-0.041120738,-0.11408937,0.029559271,-0.08945091,0.049113262,0.06032693,0.06755038,0.017138962,0.11046745,-0.1148868,-0.058197528,0.017797165,0.08760701,-0.026263988,0.09537069,0.03255751,0.18189432,-0.193399,-0.031464525,-0.012721649,-0.11122263,0.053633783,0.10986548,-0.108673476,-0.14034072,-0.16254547,-0.19672668,-0.12355138,-0.05241358,-0.0535406,-0.09683429,-0.022348477,-0.036370173,-0.010334609,-0.05241489,-0.08116649,-0.029296454,0.009315688,0.0471166,0.089517355,0.027251879,0.07752833,0.13828686,-0.016080318,0.16852905,-0.078724764,0.08785189,0.13153112,0.061198473,-0.028657135,-0.039366517,0.011125213,0.05526448,-0.011155481,0.1641845,-0.082579546,-0.15454394,0.10468815,0.097067684,-0.20809047,0.07727902,-0.18721864,-0.1060833,-0.019633362,-0.18045573,0.20078757,0.03652282,-0.056227755,0.038420517,-0.037475035,0.09009609,0.1507636,0.09624054,-0.06920095,0.008467211,0.058079444,-0.07715302,-0.0913602,0.15257774,0.093632005,0.008557978,0.03533739,-0.2379067,0.0402911,-0.017315902,0.11235965,-0.07440509,-0.05233595,-0.0087380605,-0.003422383,-0.04258503
TCGA-AR-A0TZ-01A,-0.01660341,-0.053113535,0.10795599,0.17117609,-0.03294008,0.10380477,-0.07290045,-0.1005567,-0.021485573,0.017127182,0.055495158,-0.070683666,-0.079766355,0.1505715,0.17896847,-0.09239796,0.061415493,0.14114667,-0.14091326,-0.16527219,0.001274831,-0.021566162,0.008721325,0.092925236,0.019399302,0.171707,-0.2358142,-0.02074492,-0.010725531,-0.17177421,0.10395236,0.028576655,-0.10777577,-0.16734931,-0.10969353,-0.13520141,-0.059048228,-0.04598823,-0.08482352,-0.071805865,-0.030126257,0.07652023,0.11563305,-0.10192186,-0.07221794,-0.08261897,0.018429773,-0.021246636,0.08973901,0.06718105,0.06819501,0.17140399,0.047224037,0.14127693,-0.03125412,0.054240007,0.14703801,0.15422699,-0.07836618,-0.03644744,0.065839864,0.016570935,-0.06565952,0.14803949,0.1057932,-0.038984124,0.111989945,0.099880554,-0.05803552,0.047561172,-0.11835919,-0.19154237,0.11563144,-0.16001119,0.15432256,-0.065979674,-0.062430415,0.09457257,0.025160419,-0.004575207,0.076528355,0.027361715,-0.09619524,-0.09931568,-0.03676907,-0.062085077,-0.08084624,0.07878883,0.22377662,0.00041702559,-0.032501962,-0.12045058,0.03439631,0.04146393,0.15962453,-0.0491645,-0.18738368,0.051737532,0.07125232,-0.014495488
TCGA-Z7-A8R5-01A,-0.025160395,-0.07691592,0.17558858,0.2654548,0.005902511,0.11186362,0.07711841,-0.042616054,-0.046155866,-0.0691611,0.0053135687,0.031233788,0.0073234015,0.05656674,0.124522105,-0.071018934,0.039110873,0.16906768,-0.1092574,-0.011422137,0.058505997,-0.023286568,-0.021959214,0.15071447,-0.10270754,-0.02173888,-0.18509623,0.048627343,-0.023894662,0.00341527,0.1418828,-0.050572317,-0.15638185,-0.123917215,-0.15024243,-0.30172396,-0.07549233,-0.10019641,-0.14376284,0.01554146,-0.055650346,0.02305365,0.0997812,-0.08041805,-0.06140412,-0.05438596,0.02122312,0.028400255,0.06573409,0.21972229,0.059913922,0.055089284,0.0775481,0.11475774,-0.050666865,0.06958571,0.13585094,0.07390984,-0.069217384,0.021113262,0.0049607796,0.09328877,-0.0735682,0.16302288,0.022635693,-0.010174612,0.09186132,-0.0024288828,-0.15688284,0.04418596,-0.11320504,-0.040451188,-0.06410194,-0.1306458,0.13493478,-0.110953465,-0.015281011,0.106242575,0.044779267,0.01178305,0.049640898,-0.038294222,0.05784718,-0.008215349,-0.05208756,-0.01976912,-0.022639781,0.15598452,0.16191593,-0.025108835,0.04858388,-0.2515441,0.03689113,0.044621542,0.16043171,-0.16496958,-0.14379665,0.047184218,-0.03665001,-0.048003454
TCGA-BH-A0DI-01A,0.06693499,0.06598685,0.1962057,0.10084661,-0.056250148,0.19042318,0.09279537,-0.10896312,0.04298993,-0.018157693,-0.007826166,-0.046392944,-0.071004525,0.10183399,0.067329615,-0.110004805,0.036663957,0.07214268,-0.03621371,-0.035313994,-0.019932976,-0.0028223644,-0.014046989,0.19716398,0.048027128,0.05142393,-0.23440963,-0.012806293,-0.054131504,-0.0761463,0.111658804,0.072063886,-0.23515202,-0.14965868,-0.10604413,-0.13880824,-0.022631021,-0.1051974,-0.068249576,-0.048089672,0.009996691,0.040768977,0.14833802,-0.108432434,-0.051176537,-0.16358413,-0.099300034,0.023322022,0.10470373,0.13234608,0.103768304,0.12181576,-0.012564703,0.20603402,-0.09050963,-0.043758146,0.14978749,0.11339394,-0.057012755,0.032539476,0.049220003,0.07641213,-0.08971254,0.18505299,0.026628988,-0.15745631,0.16412596,0.052794985,-0.12261273,0.009913117,-0.058770932,0.005174068,-0.017308151,-0.24796152,0.06233425,-0.053026106,0.030682208,0.12074403,0.008986287,0.039618045,0.023447178,0.011929355,-0.0787282,0.022334058,0.021607438,-0.009686964,-0.1222786,0.08274247,0.1515553,0.02165175,0.05404886,-0.038784593,0.09063521,-0.08261712,0.08947365,-0.056231685,-0.0614134,0.18072689,0.03521221,-0.17637984
TCGA-A7-A13E-01A,-0.042134095,0.05897634,0.11106886,0.09799854,-0.07504863,0.24729568,0.06869626,-0.021955915,0.03408864,0.05695366,-0.023487402,0.0049600387,-0.058520053,0.19803591,0.1242495,-0.16411032,0.1073767,0.23290442,-0.064987,-0.14403926,-0.008804002,-0.004328604,-0.0136918,0.08822142,0.06178247,0.05990659,-0.2008825,-0.08157675,-0.016898606,-0.058432516,-0.048968706,0.038132098,-0.15249678,-0.08733985,-0.10114991,-0.27951792,-0.068316154,-0.007764196,-0.044666104,0.0020648958,-0.007222983,0.01896471,0.18550129,0.03241103,-0.026649358,-0.14743231,-0.035433006,0.042980462,-0.031019641,0.13568369,0.078532904,0.1379005,0.10776002,0.19492239,-0.17621419,0.0340816,0.07566306,0.032317445,-0.085264415,0.06884636,-0.047723398,0.03200307,-0.04836335,0.14419076,0.100912005,-0.09824876,0.1378476,0.009835921,-0.1170999,0.079965174,-0.17392325,-0.0045866827,0.018353172,-0.13205838,0.09794122,-0.030217443,-0.037579343,0.114630125,0.031498175,-0.022794066,0.09383395,0.005663938,-0.06348142,0.04669892,-0.0446727,0.010855994,-0.06815677,0.1142336,0.1379385,-0.07724853,0.09683713,-0.1217005,0.00061980326,0.053918015,0.1250242,-0.12351849,-0.14475274,0.043383595,0.03269778,-0.12516928
TCGA-D8-A1XW-01A,0.048637927,0.041065533,0.19584362,0.17885943,-0.08446349,0.19305919,0.044385437,0.023152528,0.035029225,0.039135944,-0.08431609,-0.006287379,-0.012608436,0.11054474,0.04584165,-0.079028636,-0.012604472,0.15168132,-0.042802412,-0.034056768,0.03222125,-0.16582301,0.09269041,0.09358171,0.026471414,0.07718557,-0.227779,-0.073229276,-0.07102533,-0.11614813,0.04340334,-0.004565659,-0.100760564,-0.12940517,-0.15841149,-0.24161273,-0.09923426,-0.08122076,-0.03827314,-0.101572044,-0.03331478,-0.09755505,0.004882433,-0.0089546135,0.07058069,-0.14685462,-0.018094769,0.029403297,0.039783385,0.16907333,0.03555939,0.09593441,0.09840285,0.2097963,-0.056940727,-0.0026018824,0.080237515,0.026229542,-0.013998224,-0.031418685,0.013932472,-0.011945184,-0.038728587,0.096970834,0.035411462,-0.095245,0.19117725,0.10984693,-0.082340546,-0.02407028,-0.12944332,-0.025495615,0.03828582,-0.15594967,0.1247054,-0.14188941,0.038052324,-0.020083724,0.06171945,-0.0075249467,0.04407631,-0.07294449,-0.050101962,-0.0045749024,-0.07060594,-0.070578635,-0.2042349,0.28232583,0.2010322,0.031575333,0.010884012,-0.07405643,0.05755659,-0.014134926,0.018786328,-0.11556255,-0.17862995,0.021543434,0.025365332,-0.09026742
TCGA-A7-A5ZX-01A,0.12118922,0.08882265,0.098563,0.27156615,-0.05263951,0.25597605,0.003431631,0.028533816,0.0744373,-0.0050129145,-0.06904494,-0.02000693,0.08402721,0.1574377,0.07403287,-0.07315981,0.011561981,0.061297007,0.028463013,-0.10013385,-0.03881157,0.082774036,-0.003056477,0.16772471,0.04914483,0.030739091,-0.2515076,-0.07585221,0.0018138371,-0.11557088,0.06134461,0.09744795,-0.17811859,-0.19561893,-0.12942477,-0.19847004,-0.08447056,-0.10478905,-0.06806044,0.080649644,0.07387356,-0.002524199,0.15583378,-0.037720818,0.034007,-0.02480224,0.02423992,0.050461754,0.050324064,0.08877189,0.044171482,0.13453026,0.1312632,0.13480869,-0.050915476,0.048490062,0.093519375,0.113483176,-0.11598158,0.0025514292,0.07305439,0.007289777,0.01325017,0.01740709,-0.011621522,-0.07121997,0.074488044,-0.00643979,-0.15900487,0.0029682347,-0.059364006,0.008832199,0.04227648,-0.21244712,0.15335402,-0.0057855505,0.056936264,0.005151804,0.045430798,0.037301168,0.0734579,-0.14528826,-0.06540305,0.118399955,-0.027295088,-0.10587377,-0.025617488,0.09480813,0.20992032,-0.07256051,-0.041845724,-0.16425008,-0.060201056,-0.008497507,0.14485006,-0.045924895,-0.09380145,0.10113461,0.08296563,-0.06279048
TCGA-LL-A73Y-01A,0.050287075,0.095185906,0.13439317,0.1280157,-0.07217855,0.07027601,0.11956323,-0.058710147,-0.0004630301,0.05878898,-0.026966346,0.033536747,-0.033026267,0.12670587,0.03002886,-0.17976591,0.14317077,0.11144241,-0.092046775,-0.02374183,0.018352725,0.016689084,0.047110975,0.112116955,0.061252855,0.08009338,-0.24362002,-0.017760452,-0.06706732,-0.038976878,0.06939165,0.121501,-0.093059555,-0.14826734,0.01022846,-0.110129036,0.021678995,-0.036536414,-0.12387663,-0.14482379,-0.035332512,0.11207715,0.112353176,-0.11005205,-0.02144556,-0.10952921,-0.0064110123,0.049087644,0.25957957,0.19741738,0.07791823,0.11584484,0.031756908,0.11262151,-0.039304085,0.044225734,0.105954036,0.024871495,-0.051320925,-0.04909777,0.044143595,0.015514599,-0.09938573,0.20336905,0.0020470293,-0.13931449,0.20785204,0.09046516,-0.10430212,0.05001351,-0.13214475,-0.045454852,0.018575264,-0.18370965,0.11321558,0.063165195,-0.090020835,0.078537785,0.0712096,0.021686401,0.0067048534,0.030509353,-0.05795143,0.04581394,0.06541811,-0.02697671,-0.025074905,0.18293981,0.080892205,-0.09990883,0.06597946,-0.16105266,0.145508,-0.05244072,0.1313291,-0.023766972,-0.119426034,0.05804503,0.024499105,-0.20751978
TCGA-AR-A0TV-01A,-0.011935127,0.0062484564,0.17004529,0.13437986,-0.16371834,0.12321467,-0.010205109,0.08846274,0.05142607,0.06646859,-0.098772995,-0.09977167,-0.048237223,0.12865914,0.012309176,-0.0727169,0.0929364,0.17834891,-0.012572011,-0.0104071945,0.040928848,0.034587685,0.027414452,0.059552565,0.015143711,0.09123152,-0.14491561,-0.08388056,-0.058174603,-0.12056226,0.09963477,0.0048949146,-0.12009406,-0.13571665,-0.09812332,-0.26744115,-0.007896684,-0.12230124,-0.0868982,-0.0038120043,-0.05660115,-0.03627262,0.07033499,-0.018356213,-0.09484106,-0.07361353,-0.085652016,0.1001961,0.13144751,0.14605229,0.020014057,0.1666665,0.08623465,0.012759776,-0.099538594,0.040201828,0.20554245,0.014043701,0.0029983735,0.032055225,-0.01870494,0.037892047,0.044866905,0.16272077,-0.0018747005,0.021576662,0.18975885,0.16714364,-0.07782527,0.11708406,-0.17746519,0.0059271874,-0.02714781,-0.2131425,0.025419217,-0.07481433,0.06367855,0.059883505,-0.025529992,-0.010016511,0.07265702,-0.0174468,-0.12711339,-0.10982794,-0.13179816,-0.033506643,-0.05073374,0.17709287,0.19873706,-0.022550972,0.02700255,-0.24937634,0.00625502,0.041452803,0.12296859,-0.004450203,-0.08048579,-0.0012610382,0.08122074,-0.077533364
TCGA-D8-A1JB-01A,-0.0434165,-0.061213676,0.17696092,0.20161772,-0.048835587,0.14672963,0.028591434,0.06557419,-0.035787523,0.017472524,-0.06958027,0.027792804,0.016251428,0.10830478,0.12339556,-0.08815685,0.09228913,0.121415555,0.019268809,0.028634887,-0.031694494,0.07809376,0.046995454,0.111088626,0.018796487,0.0054476885,-0.21751513,-0.010599321,0.07542519,-0.04885378,0.038074832,0.04000632,-0.14831577,-0.2124003,-0.114088915,-0.21296862,0.05187552,-0.02798398,-0.12453198,-0.039917827,-0.060449123,0.05361353,0.12960735,-0.04714137,0.032875504,-0.07246645,-0.048503518,0.08760121,0.06857386,0.119309925,0.2307038,0.111295715,-0.024277417,0.24438374,-0.1915314,0.0501868,0.13800889,0.07115636,-0.09887313,-0.029236514,-0.06646004,0.13285348,-0.1814565,0.0059796297,0.0326666,-0.012042119,0.070505805,0.046091765,-0.0043509444,0.06533309,-0.02838831,-0.10159213,-0.051675424,-0.27280504,0.016305916,-0.11402429,0.09846102,-0.0204682,0.049049146,-0.094110705,0.13084604,0.05871245,0.043249626,-0.016241346,-0.06935074,-0.113750376,-0.089138106,0.08665701,0.17448491,-0.010291794,-0.067087896,-0.10711985,-0.01141308,-0.028613627,0.114334784,-0.0280072,-0.16540761,0.0034417873,0.055437874,-0.034650918
TCGA-E2-A1IF-01A,0.067342386,0.021387277,0.15160991,0.09319091,-0.024434865,0.11994142,0.011316689,-0.039636903,-0.02261368,0.04634359,-0.05111358,0.025345674,-0.09696292,0.072772674,0.08462979,0.09316838,0.06481221,0.1590998,-0.0636734,-0.05654121,0.036677595,-0.070593946,0.025699312,0.21117349,-0.059697498,0.11104547,-0.2426876,0.08676345,0.010868101,-0.17038538,0.044346675,0.0923755,-0.14782193,-0.16647752,-0.08599016,-0.2677943,-0.020240517,0.032588556,-0.11180823,0.034790486,-0.05852623,0.01606151,0.0067047807,-0.0747836,-0.043637272,-0.11257024,-0.08389877,0.07975488,0.09542717,0.13598956,0.10961981,0.021872899,0.12818523,0.15804932,-0.124861844,-0.06308643,0.14629148,0.07331927,-0.03516289,-0.022252139,0.019430567,0.11663509,-0.11653193,0.1586691,0.11146756,-0.09269643,0.22420001,-0.028753176,-0.09039952,0.17868863,-0.18133543,-0.082495466,0.004155393,-0.259064,0.10135779,-0.041121364,-0.027695458,0.07851224,0.047290105,-0.059751894,0.029394502,-0.07918764,0.030930117,0.04915919,-0.11332936,0.013312318,0.024765847,0.060893107,0.08217527,0.009569276,-0.061886895,-0.14036293,0.025972705,-0.02123183,0.10789408,-0.06780423,-0.10280534,-0.036355864,0.06940213,-0.019423012
TCGA-E2-A1B4-01A,-0.054766946,0.08500926,0.09027198,0.16230899,-0.022319602,0.16194355,0.041136377,-0.035978943,0.07502671,0.07387112,0.04526863,-0.024010973,-0.01622599,0.08988935,0.057919998,0.020165227,0.10572136,0.07960507,0.03165234,-0.07718165,-0.14808303,-0.012330611,-0.065314144,0.15107109,0.05800341,0.03196259,-0.19951648,-0.027798563,-0.022413762,-0.05424285,0.018998621,0.12957822,-0.21026476,-0.12385515,0.033116143,-0.15511414,-0.13705125,-0.08673956,-0.19636998,-0.060141988,-0.055475634,0.051272284,0.10381036,-0.0036823298,-0.038306452,-0.1909371,-0.014229425,-0.013044879,0.046215788,0.21017288,0.041941736,0.042362276,-0.041139513,0.14192781,-0.1363713,0.07701427,0.17656809,0.037986252,-0.12893263,0.034983784,-0.055285353,0.13095778,-0.11727958,0.19858631,0.049063902,-0.10851391,0.09257255,0.07782784,-0.09340325,0.11223991,-0.09054244,-0.0832087,0.05476656,-0.2387403,0.08810664,0.019163828,-0.06075203,0.08207464,0.060646832,-0.043012463,0.07581527,0.057259593,-0.018864023,-0.018335631,-0.031033445,-0.053854536,-0.011139523,0.042854466,0.16604288,0.050596096,-0.027847638,-0.16319558,-0.04634238,-0.07387827,0.22707768,-0.19232704,-0.025234247,-0.0011563699,0.09243143,-0.06866994
TCGA-AC-A5XU-01A,-0.04585999,0.01961317,0.055795833,0.07481117,-0.08538726,0.07964073,0.11102557,-0.0025188911,0.01064491,-0.1080402,0.030262694,0.035025313,-0.0034241227,0.096030794,0.097171664,0.13673179,0.025070086,0.18498926,0.026408445,-0.09718156,0.039434206,-0.031901333,-0.029182333,0.14261748,-0.018995615,0.09323943,-0.2545148,-0.030995103,-0.09608247,-0.011243153,0.004783118,0.007981789,-0.10301115,-0.18212733,-0.12909544,-0.3363574,-0.06719206,0.040242422,-0.1798504,-0.04436495,0.031379357,-0.005451834,0.17573854,-0.009729953,0.028417341,-0.100353085,-0.036051992,0.027460843,0.14737266,0.18347768,0.19319105,0.1601006,0.10031056,0.09020531,-0.10819318,0.056125984,0.08233361,-0.005301463,-0.0645504,0.0250353,0.02758682,0.10388693,-0.064803876,0.16175099,0.118350856,-0.08507768,0.059840474,0.069540896,-0.15929481,0.013369975,-0.12483402,-0.06513884,-0.014684634,-0.11594072,0.10896941,-0.1169392,0.011107322,0.013642911,-0.013426298,-0.084743835,0.035914432,0.056374274,0.030483633,0.07187569,-0.0036692976,0.024692593,0.12174111,0.1781913,0.22204721,-0.030565009,-0.019467695,-0.09496715,0.051690336,-0.0016499783,0.13120562,-0.015253005,-0.08112743,-0.03656307,0.05885271,-0.15444744
TCGA-E9-A22B-01A,0.073291674,0.07517942,0.15753369,0.11388514,-0.012105401,0.16294459,0.004716566,0.0018012911,0.024569534,0.008633589,-0.03669761,-0.0078032417,-0.09459446,0.032602966,0.09814457,-0.113749586,0.088052794,0.17363405,-0.043114606,-0.029094378,-0.05840039,-0.01506386,-0.063013606,0.10054541,-0.0200464,0.05935958,-0.28499284,-0.011504978,-0.046369296,-0.034888383,0.07416962,0.011753954,-0.1581117,-0.15706104,-0.22290914,-0.154222,-0.039407533,-0.07757877,-0.12762092,0.053437155,-0.08784993,-0.009473049,0.0284984,-0.08538311,-0.029933283,-0.092195526,-0.06406528,0.060283188,0.14833865,0.121199675,0.079468176,0.22034483,0.056342646,0.111575566,0.02291068,0.04667014,0.092176154,0.009251136,-0.07204709,-0.051546898,0.09503478,0.046295304,-0.11968117,0.10808731,-0.061589863,-0.02612274,0.21856956,0.082915835,-0.042880177,0.020549625,-0.077537425,-0.005779817,0.094148204,-0.18138713,-0.0017613557,-0.12869756,0.0511936,0.1509543,0.03842866,-0.02646083,-0.001804712,0.16501935,-0.08746429,-0.10223977,-0.008897818,-0.053439315,-0.12686382,0.19083859,0.036372326,0.010755258,0.017279802,-0.16413917,0.094315834,0.009461076,0.15415005,-0.08671962,-0.23844221,0.07202085,0.0568116,-0.049424347
TCGA-D8-A1J9-01A,0.029502107,-0.036792397,0.11942632,0.1148991,-0.10632528,0.16780671,0.01954302,-0.019011112,0.0030117682,-0.030791484,0.011296126,0.017716646,-0.046482485,0.044560246,0.19052266,-0.017259117,0.033669125,0.14444023,0.023319446,-0.06546096,-0.0035113771,0.008191422,-0.016540034,0.090637594,0.04623431,0.17291148,-0.24153519,0.015985565,-0.043889023,-0.065981045,0.1944752,0.045144044,-0.1754959,-0.13067602,-0.080390014,-0.082278274,-0.17054042,-0.13179387,-0.1362041,-0.021997439,0.08269168,0.001904348,0.035128687,0.0035987177,0.010077841,-0.032760043,0.01114419,0.021601452,0.1006446,0.11313592,0.039027132,-0.014303759,0.08930806,0.10513261,-0.0599562,-0.035929535,0.11183676,0.06240385,-0.14862204,0.10982256,-0.012008762,0.038731128,-0.049220473,0.20626946,0.12539265,-0.042884238,0.09325593,0.08854834,-0.20943642,0.07361128,-0.122145884,-0.054833937,0.117765464,-0.21186057,0.0923444,-0.081128925,-0.06719696,0.075556286,0.114767894,0.009113597,0.105728805,-0.08059978,-0.09785759,-0.019230548,-0.025629144,-0.04480889,-0.08135022,0.11391609,0.24441269,0.014934003,0.03812511,-0.12253029,0.029561857,-0.04734683,0.09791995,-0.07329152,-0.1778364,0.12869835,-0.0019728667,-0.20587765
TCGA-BH-A0HA-01A,0.11059359,0.08728341,0.26384473,0.06521671,0.002526291,0.11083925,0.09016058,0.00035712455,0.004040998,-0.076311395,0.012081348,-0.028772002,-0.030963773,0.054217014,0.16882896,0.07111774,0.18452097,0.17648882,-0.050337013,-0.07020918,0.017887948,0.13094924,0.058093555,0.16510227,-0.028127307,0.086271696,-0.17679092,-0.12207178,-0.07305393,-0.15259093,0.040271845,0.013502482,-0.23171331,-0.29584157,-0.17851368,-0.15579288,-0.11001542,-0.0038513131,-0.05214273,-0.15026511,-0.014584897,-0.07250233,0.07873992,-0.055692893,-0.10201581,-0.02053113,-0.024956698,0.15433507,0.054483987,0.1146383,0.0412163,0.012596994,-0.022082126,0.11548998,-0.05005012,-0.0016029854,0.19683024,0.10330113,-0.06896327,-0.057995122,-0.026674831,0.018720426,-0.00874445,0.13968246,0.002388588,-0.15692697,-0.0023408462,-0.0012599682,-0.07892852,0.014542444,-0.104633465,0.024729203,0.009217651,-0.17735393,-0.021909753,-0.10003027,0.049200866,0.06160345,0.07678756,-0.06582891,-0.019906309,0.08050688,0.020293226,-0.058539443,-0.008407408,-0.054386508,-0.08168818,-0.01273215,0.14502321,0.0018226476,-0.101636924,-0.17659093,0.043415833,0.07085328,0.09586308,-0.09569575,-0.14735486,-0.03446412,0.06722552,-0.042505402
TCGA-C8-A278-01A,-0.11712033,-0.037108563,0.15167734,0.1494863,-0.060417507,0.13238467,0.06318337,0.08791439,0.0999953,0.06364141,-0.027346764,0.03647037,-0.05245434,0.12049261,0.17760915,-0.1407184,0.014380548,0.13793947,-0.003336896,-0.04739641,-0.06275557,0.037865654,-0.06733565,0.038357172,0.058255155,0.13033625,-0.15929723,-0.05228896,-0.03036062,-0.12418224,0.04711045,0.077093214,-0.03916489,-0.13784914,-0.110624805,-0.27404287,-0.19971098,-0.07677387,-0.055975374,0.022836164,-0.06792867,-0.028917842,0.09910579,0.026411723,-0.12543118,-0.089876585,-0.03139739,0.0928723,0.09746039,0.07534638,0.14119905,0.1457092,0.15389107,0.058125235,-0.09132166,0.020158317,0.13446184,-0.051399123,-0.0068814214,-0.06308168,-0.009577125,-0.037776574,-0.07569918,0.037871864,-0.0035972707,-0.123478755,0.27187994,0.09951054,-0.14013,0.034365494,-0.10992488,-0.026541814,-0.036239218,-0.19540359,0.122523196,-0.068573065,-0.018466976,0.118745714,0.12745796,-0.11835339,0.04940707,-0.021242231,-0.08853125,-0.002463599,-0.08147128,-4.901237e-05,-0.10670834,0.1770403,0.14513868,-0.051776137,-0.0459659,-0.13967127,0.0018682152,0.057005513,0.09681779,-0.046034332,-0.10022766,0.037539907,0.02726251,-0.121488675
TCGA-BH-A1FN-01A,-0.012207882,-0.08008417,0.17908584,0.15633112,-0.018383346,0.090561,0.04242762,-0.03497847,0.019106291,0.070183955,-0.0021037871,0.008469074,-0.05036551,0.091244355,0.13013284,-0.030893149,0.078277744,0.17545334,0.008348445,0.029321989,0.017465359,0.097082764,-0.082549244,0.15961547,0.043078892,0.08765265,-0.1533839,0.015572357,-0.0857528,-0.008284032,-0.029734917,0.035642836,-0.1632764,-0.13616821,-0.1422478,-0.11227509,-0.03247852,-0.061647803,-0.2054918,-0.03543166,-0.104773365,-0.033304702,0.06951693,0.011365514,0.008153208,-0.037201114,-0.05519899,0.11099363,0.050992806,0.11072528,0.17213114,0.1777544,0.07561301,0.14019309,-0.032700185,0.055055186,-0.017784702,-0.005508208,-0.028977826,-0.091134876,-0.013603334,0.007034815,-0.07115886,0.21577801,-0.04586273,-0.16228,0.21449137,0.1028407,-0.12116187,0.041005984,-0.080983445,-0.13428071,0.052884925,-0.26594713,0.11356684,-0.01838334,-0.08302529,0.11855629,0.08207881,0.03767575,0.05977023,-0.12880209,-0.15067369,0.06295451,-0.05348472,-0.04219173,-0.049016166,0.15769026,0.12112053,0.008964193,-0.012425747,-0.15153202,0.077952825,0.017268728,0.21458597,-0.040376097,-0.14232707,-0.02637756,0.053708967,-0.070810996
TCGA-E2-A1B0-01A,-0.049910266,-0.011660336,0.15931074,0.10703567,-0.11281473,0.054573856,0.032317664,0.024017345,0.12021493,0.0045237998,0.017516809,0.016953127,-0.008196086,0.19233969,0.09411442,-0.047847155,0.040490657,0.08049578,-0.0125461975,-0.04387261,-0.06483056,-0.06416387,-0.03507479,0.2060098,0.00079130544,0.07041783,-0.2427794,0.01076534,-0.08651956,-0.102908485,0.084190995,0.0024820468,-0.14958242,-0.23429005,-0.017265469,-0.26907793,-0.07980722,-0.099391006,-0.065205514,-0.06345689,0.0069286874,0.08294154,0.078029536,-0.04731768,-0.1132712,-0.050566837,-0.07856188,-0.010736438,0.08884606,0.06316909,0.09325165,0.16102837,0.104408,0.08832012,-0.1167034,0.0033584454,0.098072894,-0.08702586,0.0035866909,-0.062586986,0.044705823,0.016701262,-0.15160447,0.13102266,-0.011641337,-0.063149326,0.13453862,-0.0048057274,0.0033974873,0.010445515,-0.10982557,-0.13934466,0.00012796847,-0.25336885,0.00036163404,-0.13619639,-0.016982887,0.058326855,-0.050389398,0.030457295,0.14560272,-0.076159425,-0.009484971,0.004486598,-0.083485655,-0.10149809,0.024889445,0.15703793,0.1604622,-0.09960624,-0.0072286413,-0.13851112,0.03749532,0.09006701,0.20411584,-0.10702327,-0.09232799,-0.0946255,0.064353675,-0.14888334
TCGA-B6-A0RN-01A,-0.010788608,0.029194728,0.09159955,0.09222213,-0.052035175,0.15138602,0.07609657,0.01490285,-0.08615004,-0.041453384,-0.0357378,-0.083065525,-0.12325662,0.10153846,0.20554502,-0.11847128,0.05515012,0.10371907,-0.015696824,-0.09627881,0.063865006,0.039539266,-0.019527651,0.21333534,0.05893435,0.20189792,-0.21207379,0.0013459907,-0.121357165,-0.08047728,0.022708884,0.044302687,-0.17326565,-0.12956373,-0.0964434,-0.113028586,-0.07114007,-0.073390804,-0.0017688428,0.027931867,-0.052902296,0.008392444,0.01988294,-0.14434749,-0.05769329,-0.06734091,-0.04903884,0.009573158,0.027743936,0.1637733,0.06676329,0.035646606,0.04942322,0.2261945,-0.063014746,0.10150938,0.15345365,0.041095424,-0.05240841,-0.037618373,-0.04187552,0.040067703,-0.14173692,0.10476621,0.044259176,-0.15965103,0.19713588,0.04954296,-0.094441935,-0.05321494,0.01040657,0.04008362,-0.027966337,-0.26472053,0.14197433,-0.045506272,0.03914694,0.02761571,0.118301146,0.041147828,0.07587746,0.014104468,0.013522981,-0.068740815,0.011832794,-0.1429724,-0.0032815705,0.23243493,0.20136572,0.023198286,-0.0072670607,-0.05985285,0.033587344,0.0632263,0.20407493,0.013990083,-0.0580728,-0.068984404,0.03125704,-0.06684103
TCGA-A2-A4S3-01A,-0.030644791,0.015599749,0.2487835,0.04675887,-0.08548725,0.19144058,0.12012821,0.059290215,0.07471908,-0.029626839,-0.072531775,-0.044370897,-0.07818919,0.060230043,0.16273646,-0.04133089,0.1387304,0.13158008,0.0073262868,-0.077109985,-0.034345936,-0.003204211,-0.03017881,0.12242393,0.058773648,0.095302954,-0.15415293,0.035298504,-0.03300753,-0.06248696,0.022455467,0.045568112,-0.102326356,-0.24737665,-0.15008222,-0.1942671,-0.10133687,-0.0151545275,-0.042058628,-0.026945062,-0.0065569044,0.06942531,0.06989907,-0.10116455,-0.05624827,-0.048807096,-0.041717365,0.06649497,0.10570006,0.14585301,0.049439743,0.10845322,0.031792812,0.19321209,0.0036845733,-0.018549582,0.022151014,0.0040985416,-0.2105461,-0.14839114,-0.082121305,0.04339377,-0.027397947,0.07848377,0.03127855,-0.15748583,0.22258925,0.04968802,0.012708664,-0.017838597,-0.035060287,-0.082012594,-0.022965014,-0.23902605,0.12885123,-0.08198097,-0.07719077,0.013251766,0.05188467,0.045622654,0.052445617,-0.051567975,0.010999983,0.020235626,0.05576433,-0.040034804,-0.08586179,0.13783851,0.2296877,-0.06036954,-0.039376743,-0.19903477,0.06476311,0.034159563,0.20296125,-0.07242011,0.028323105,0.059585147,0.036154483,-0.04371524
TCGA-E9-A243-01A,0.06975616,-0.09035298,0.17008948,0.10464477,-0.13153328,0.095479906,0.0446626,-0.08456085,0.031320624,-0.052974086,0.039410483,-0.105420254,-0.05822549,0.063577905,0.06285385,-0.12846357,0.03845474,0.15456256,-0.07282037,0.02109723,0.13914211,-0.03373417,-0.030612784,0.14471583,-0.011755517,0.06721642,-0.09158746,0.053891826,-0.0043390053,-0.076295145,0.07251106,0.026423646,-0.12978952,-0.13679518,-0.08843458,-0.23808436,-0.06875335,-0.05617144,0.015088538,-0.010950404,-0.017553668,-0.08046806,0.1232777,-0.076767646,-0.22437377,-0.03446252,0.050464205,0.1869996,0.09105094,0.1346263,0.11270767,0.2173156,0.066128284,0.11167899,-0.11980765,0.06413246,0.15042819,0.03417133,-0.052697256,-0.008118231,0.024504352,0.10927587,0.03204033,0.15094191,0.022205284,-0.033468578,0.2066881,0.065128125,-0.14037856,0.04367354,-0.06817083,-0.04879806,0.13125052,-0.19954145,0.13007131,-0.04210741,-0.0137677565,0.07150734,0.14125195,0.09600496,0.08937076,-0.03365857,-0.09241836,-0.027254751,-0.032509927,0.014490799,-0.0038407522,0.08468508,0.12130255,0.04695068,0.016137369,-0.21118326,-0.011187266,-0.037336633,0.13749568,-0.12715286,-0.14540853,0.12521698,0.025813986,-0.07712159
TCGA-EW-A6SC-01A,0.0009685539,-0.061932936,0.25386187,0.1493159,-0.07267726,0.081156015,-0.0072208494,-0.016563324,-0.04898168,0.07000989,0.0070819836,-0.01473507,-0.05088324,0.06843333,0.06274807,0.026478203,0.058154333,0.13361335,0.02833535,0.0036457893,0.031166032,0.08339946,-0.012115322,0.22954398,0.057007287,0.07561854,-0.2416794,-0.046761736,0.019586297,0.02182982,-0.11000325,0.12941055,-0.07072826,-0.102808684,-0.06826312,-0.20997345,-0.15842153,0.050176326,0.118119925,-0.04807092,0.08443495,-0.0019963197,0.11153808,-0.08149598,-0.025293617,0.0263714,-0.064435914,0.11390251,0.086389355,0.14028049,0.007763536,0.11449671,0.12238427,0.1796811,-0.11866167,0.054655496,0.17708914,0.008620093,-0.17669144,-0.06081318,0.06667057,0.104592144,-0.11510784,0.15033646,0.052386697,-0.045365684,0.17981774,-0.05745531,-0.076150924,0.04308741,-0.14296673,0.022991039,0.056740496,-0.19484486,0.1030048,-0.029390417,0.044944227,0.0053148144,0.1019201,0.05119554,0.11868373,0.11970768,-0.07289206,0.040696017,-0.061810244,-0.016103439,-0.079905,0.1457451,0.2325155,-0.06242466,-0.055526234,-0.10933263,0.020123526,-0.039020903,0.049474906,-0.1036003,-0.10931215,0.052798342,0.036671553,-0.11181101
TCGA-A2-A0EU-01A,0.04775923,0.049216412,0.2091097,0.12258668,0.060185276,0.1460479,0.01539114,0.077236645,0.11310768,-0.017843943,-0.060145523,0.05543888,-0.14533116,0.19116893,0.11099629,0.021133399,-0.029946454,0.20899637,-0.051783822,-0.043280758,0.0059945392,0.0043250932,-0.030552262,0.11785468,-0.02285236,0.07079149,-0.07809433,-0.039146952,-0.035571676,-0.14579225,0.07455202,0.06634853,-0.11775897,-0.17086887,-0.08688759,-0.19564638,-0.11342019,-0.0061910544,-0.13929106,-0.0044638678,0.010751945,-0.06048498,0.08734804,-0.016667886,-0.06524915,-0.1420256,-0.050489146,0.011587334,0.08396234,0.16560249,0.09587019,0.18797769,0.16805212,0.04996832,-0.0032451388,0.0071495026,0.026818827,0.02723211,-0.035026263,0.030976279,-0.057684395,0.14056472,0.010745402,0.11731184,-0.0619701,-0.0036347366,0.21447337,0.11029949,-0.20998259,0.0716887,-0.09650466,0.014658719,0.041322224,-0.12552826,0.035835393,-0.08789626,-0.018859504,0.024532737,0.15661293,0.073436275,0.16626485,-0.06711634,-0.06256028,-0.06952853,-0.020997884,-0.074438654,0.0313779,0.09421071,0.13829546,-0.03797593,0.096494265,-0.17341846,0.06977731,0.027200691,0.15087757,-0.05697351,-0.08764331,0.1340701,0.107533626,-0.17724547
TCGA-BH-A0W3-01A,0.042919233,-0.011705431,0.17881382,0.10065271,-0.14008746,0.1603367,0.13560832,0.045795612,0.00067470927,0.033460848,-0.074498005,-0.14915189,-0.02828855,0.08777433,0.14461291,-0.07196763,0.046722617,0.14572634,-0.05818584,-0.0012479173,0.09903167,-0.030136334,0.13473323,0.08773177,-0.02998698,0.055670284,-0.13043994,0.022667687,0.056468155,-0.14084405,0.0060854815,0.07509776,0.0013162462,-0.16051926,-0.074434444,-0.22413717,-0.06439206,-0.021576842,-0.065876186,0.031215124,-0.094811775,0.0038317654,0.013656964,-0.01749206,-0.0449034,-0.0923397,-0.025408274,0.11771093,0.03544995,0.06274905,0.13274151,0.07673238,0.07975561,0.18827678,-0.08811765,-0.028462742,0.06046985,-0.0029039783,-0.021311527,0.04039034,0.09425961,0.052088585,-0.101045825,0.12328308,-0.057382267,-0.08232964,0.14536281,0.020631932,-0.1065314,0.10572306,-0.13185337,-0.037134603,0.21421583,-0.2781403,0.0816668,-0.05629767,-0.0025984407,0.019291883,-0.024164457,-0.14905018,0.049865223,-0.0834122,-0.13576321,-0.14748214,-0.015931983,-0.099981554,-0.027658058,0.20779637,0.14322264,-0.09773446,0.027850406,-0.22976021,-0.009008193,0.026562218,0.07897677,-0.11113731,-0.07175878,0.042634387,0.12807766,-0.07577563
TCGA-GM-A5PV-01A,-0.009055267,-0.07736797,0.10018273,0.08131591,-0.054016322,0.118275605,0.08684174,-0.030800767,0.025195228,-0.042684205,0.013391495,-0.048119687,0.06913138,0.08676798,0.09248416,-0.12580353,0.08717942,0.13294908,0.034696512,-0.0682445,0.0069210767,-0.054254465,-0.0056868037,0.16237493,0.07651938,0.08728667,-0.15651587,-0.033547875,-0.09820585,-0.10622423,0.0059818574,0.025137614,-0.17454298,-0.21108763,-0.05401026,-0.19499534,-0.0062937913,-0.037847854,-0.04404593,0.007879407,-0.056455024,-0.086784415,-0.0022290992,0.0031195898,0.008152255,-0.11461581,-0.09677191,0.046322253,0.13506405,0.020721901,0.036211174,0.059096213,-0.064742364,0.14912413,-0.06134281,0.08140594,0.1549661,0.0066781607,-0.01427547,-0.034904625,0.035842106,-0.013297618,-0.04327606,0.11695,0.04368872,-0.020774182,0.16269283,0.17418976,-0.111251846,0.11551136,-0.09236914,0.055283103,0.06937433,-0.23446436,-0.003470497,-0.1936862,0.059839595,0.11840964,0.03709662,-0.034098305,0.10562252,-0.043240596,-0.06805053,0.013233107,-0.07129666,-0.16967642,-0.0795935,0.1674484,0.1501113,0.0521939,-0.065155275,-0.21809375,0.03141995,0.17833216,0.22274387,-0.052287567,-0.17316873,0.018327981,-0.011694766,-0.19671714
TCGA-D8-A27P-01A,-0.009736601,0.07417779,0.19774188,0.18379024,-0.1806051,0.09164894,0.046791907,-0.053900685,-0.0232672,-0.010061651,-0.020464564,-0.00092759065,-0.042202592,0.073151626,0.17129521,0.016364157,0.0315847,0.19781755,0.035509266,-0.044805937,0.11416338,0.089164205,0.004388569,0.073304795,0.019281574,0.017553737,-0.25939265,0.011117534,-0.023149,-0.16247398,0.0011624229,0.051393114,-0.14699861,-0.21536964,-0.006015125,-0.059088506,-0.20734838,-0.026783507,-0.06179499,-0.063763596,0.062419023,0.0064701447,0.05220921,-0.059833467,-0.033996142,-0.10564751,-0.03792585,0.018100526,0.10625022,0.10966404,0.038563013,0.095891915,0.055783007,0.06716865,-0.12230067,-0.037339207,0.26225725,0.010990879,-0.07441165,0.05565183,-0.021158373,0.07190875,-0.1672586,0.12899248,0.08663595,-0.043466233,0.15391083,0.20057091,-0.12084485,0.17284483,-0.10120196,-0.12956983,0.06461261,-0.18418759,0.0072937477,-0.09433924,-0.07869743,0.029334884,0.0358533,-0.058336686,0.033729758,0.09244467,-0.033446807,0.07699445,0.01797894,-0.13137643,-0.02785928,0.11972286,0.1447258,-0.078249365,-0.05954051,-0.19097629,0.012491677,0.0017322641,0.08800284,-0.036055397,-0.033349186,-0.010396147,0.01878586,-0.07799075
TCGA-HN-A2NL-01A,-0.0046524894,0.06416756,0.10243375,0.173966,-0.055014126,0.14848426,0.08727574,-0.10468617,0.011390141,0.0031164207,-0.03504444,-0.07526871,-0.03277003,0.16533102,0.04177683,-0.084390394,0.044847284,0.06463608,-0.0065845195,-0.115646444,0.031119913,-0.12182844,0.0809537,0.07508393,-0.09125991,0.14093547,-0.20350294,-0.12191845,-0.061764497,-0.014777587,0.081039496,0.107108474,-0.10412404,-0.13322255,-0.0887793,-0.14991969,-0.13299787,-0.0019327927,-0.13053967,-0.037810083,-0.041851383,0.09621192,0.09965293,-0.020692771,-0.092532836,-0.12836136,-0.07301135,-0.062338095,0.09181489,0.06970014,0.20382835,0.11548876,0.0074247615,0.07238465,-0.13291766,0.08806314,0.153485,0.059925035,-0.08579132,0.053102978,0.012682483,0.09346855,-0.054675706,0.08514123,0.1358587,-0.10090963,0.26398596,0.06080132,-0.065892376,0.046519894,-0.17791997,0.044803925,0.114150435,-0.25061315,0.11387481,-0.00019197815,0.036824863,0.02333084,0.10451637,0.0009923158,0.059899088,0.005052928,-0.042947043,-0.010452723,-0.1271004,0.018387282,-0.058615174,0.1386463,0.14949779,-0.041963495,-0.055960834,-0.1834733,0.0040180585,0.053237177,0.09934542,-0.12573348,-0.08204945,-0.009461364,0.04007924,-0.14319813
TCGA-A2-A4S1-01A,0.07615963,0.057344466,0.19479915,0.1991271,-0.009421895,0.14440171,-0.040577054,0.08831339,0.10743249,0.03355159,-0.095224924,-0.006530096,-0.00024415928,0.025525251,0.116732635,-0.13214302,0.10442425,0.19794326,-0.032186553,-0.00048885634,0.09681185,0.019971581,-0.008793298,0.039993923,-0.05731622,0.14673938,-0.122248106,-0.051901653,-0.05586553,-0.099685125,0.11304546,0.110134184,-0.19042736,-0.08450629,-0.0071767387,-0.14045711,-0.11597309,-0.08300509,-0.08621421,0.06079124,-0.050434817,0.071320504,0.06717183,-0.019730572,0.021563228,-0.039092597,-0.111413956,0.07916215,0.17038637,0.18355964,0.07018013,0.11400486,0.057290033,0.14102297,-0.10076249,0.100681685,0.06905178,0.0043684226,0.024516873,0.075319216,-0.0387213,0.09092144,-0.030243982,0.21858019,-0.05912085,-0.12636968,0.16763051,0.05522332,-0.03280819,0.13395627,-0.24164666,0.0048853923,0.021752736,-0.2551231,0.071201056,-0.02208328,-0.010055884,0.10782509,0.04440894,-0.026523393,-0.051421903,-0.022965323,-0.09001324,-0.033326913,-0.047963932,-0.07627497,-0.07836632,0.12106509,0.1523355,-0.010617541,-0.05326717,-0.06112123,0.018786037,-0.025979532,0.12856704,-0.09266224,-0.07809685,0.07761483,0.11476378,-0.16949604
TCGA-AR-A24Q-01A,-0.048364438,0.126878,0.16266914,0.11859005,-0.0062447917,0.08260125,0.035998113,0.07424541,0.0031820117,0.030334288,-0.10151651,0.0314623,-0.048072282,0.16857758,0.088932775,-0.10645658,0.10892642,0.15792082,0.000595305,0.065183595,-0.00690126,0.016237056,0.01676769,0.1542876,-0.019573372,0.09382998,-0.18370637,-0.008615904,-0.0509389,-0.057351235,0.08759225,-0.0027792857,-0.16840023,-0.122661464,-0.101418816,-0.2127172,-0.10921074,0.051344726,-0.022622338,-0.078578636,0.054408263,0.08246929,0.020940943,0.01943607,0.012696326,-0.07289501,-0.07660541,0.062839046,-0.009182203,0.17702101,0.024512453,0.11961948,0.06174999,0.09036961,-0.09104714,0.054993484,0.05433069,-0.0014628945,0.01548372,-0.077845216,0.030980598,0.049872864,-0.032568634,0.14395124,-0.004322913,-0.1313409,0.31855977,0.09942988,-0.042348884,0.07602915,-0.08469402,0.00096009835,0.06334948,-0.16581237,0.06515594,-0.07148151,0.016509172,0.05024523,0.030620124,-0.07705645,0.079596624,0.016737565,-0.05971847,0.019661603,-0.099355415,-0.018389368,-0.011941057,0.12225414,0.27416348,-0.10044517,0.045856047,-0.2606735,-0.0645449,-0.035224907,0.12217323,-0.1244959,-0.1718379,0.035992935,0.14935996,-0.13756342
TCGA-D8-A1XC-01A,0.023070687,-0.008494115,0.16137291,0.15999644,0.0050062,0.12047441,0.10345962,-0.06566502,-0.059247803,0.07902022,-0.052019604,-0.04519437,0.039307434,0.073429175,0.06183119,0.041957375,0.2736893,0.18920958,-0.023475483,-0.06608273,0.050160788,-0.06793053,-0.030429695,0.06620275,0.041408543,0.06638942,-0.22208351,-0.110862434,-0.07135656,-0.048580248,0.06913847,-0.0030242887,-0.15040384,-0.10622009,-0.055893727,-0.23958671,-0.15155798,-0.017312417,-0.14344445,-0.13232161,-0.00023228471,0.018524742,0.061338082,-0.016114142,-0.020868381,-0.19182447,-0.077615544,-0.009847274,0.11599815,0.014025564,0.077441685,0.04345974,0.022766195,-0.03282186,-0.070448406,0.08492663,0.16478169,0.08886812,-0.11533338,0.048248924,0.021769047,0.1024178,-0.103404984,0.10217766,-0.027709724,-0.23776563,0.18224171,0.08664687,-0.12653518,0.056345362,-0.023931665,-0.06738196,0.043149866,-0.086040616,0.10125058,-0.15097414,-0.041324746,0.034750495,0.087556824,0.0930134,0.089891925,-0.0068351165,-0.042413812,0.005738633,-0.103546605,-0.078180574,-0.064209655,0.20824456,0.21047354,-0.021396618,-0.031803116,-0.12013097,0.061707225,0.048429213,0.053439487,-0.035746843,-0.15120034,0.0680802,0.06200994,-0.03971888
TCGA-A7-A13D-01A,-0.030008407,0.0051523247,0.2207751,0.12698522,-0.06569954,0.14329122,0.13137689,0.026250092,0.12570879,0.055246584,0.013333134,-0.06194456,0.0113953035,0.20897236,0.060298122,-0.12975726,0.07882496,0.16751544,-0.060480017,-0.0029061239,0.041074965,0.00062837877,0.048397165,0.11077964,0.00909689,0.07084552,-0.16860147,-0.055666,0.02568455,-0.07522345,-0.012203763,0.08363305,-0.051384993,-0.2162777,-0.11937805,-0.20265716,-0.018760968,-0.10029871,0.029425558,0.0074400064,-0.050059453,0.07884095,0.061072353,-0.014784058,-0.049160793,-0.023660215,-0.099054284,0.0005753894,0.122611865,0.09425859,0.13623801,0.15905774,-0.001754198,0.0874142,-0.089044005,0.11137372,0.10535284,0.07226465,-0.079569094,0.10650532,0.00067999726,0.08776385,-0.1478218,0.12817176,-0.002252904,-0.07176069,0.2496624,0.09781312,-0.13320848,0.13627292,-0.12754194,-0.018975096,0.016859422,-0.20462403,0.097631715,-0.015986951,0.011018651,0.13505608,0.08908583,-0.053734265,0.04649603,-0.085047424,-0.033257306,0.04357227,-0.094225466,-0.07106755,-0.055274844,0.13676593,0.16415028,-0.0424406,0.045183934,-0.12315385,-0.02658715,0.052242175,0.12062509,-0.041123033,-0.044309027,0.0784747,0.12986086,-0.18122146
TCGA-C8-A26Z-01A,0.021093415,0.106477,0.07457636,0.09394575,-0.096710235,0.124658376,0.064161435,0.026842436,0.03787358,-0.07580228,-0.019706227,-0.077645585,-0.0480289,0.13268271,0.124844365,-0.086355045,0.20852299,0.14142227,-0.0349626,-0.04837491,0.06224014,0.05496793,-0.038321637,0.09696909,0.013407663,0.1545218,-0.10933531,-0.03133225,0.017367557,-0.18503004,0.1471526,0.040862855,-0.19332513,-0.097628325,-0.09960564,-0.17354202,-0.026389241,-0.03946858,-0.011605298,0.01998277,-0.035446856,-0.10026446,0.064380124,0.07344607,-0.038638722,-0.07087121,-0.08548552,-0.02598674,0.12913746,0.1547586,0.0490094,0.18426412,0.09177459,0.053537328,-0.17886649,0.035238624,-0.010721652,-0.014646826,-0.038812533,-0.050007105,-0.014923953,0.036334474,-0.077496834,0.16565382,-0.0072703836,-0.10387349,0.052764907,0.15243497,-0.043312263,0.06011855,-0.085313275,-0.11767594,-0.00268282,-0.14913893,0.18718755,-0.05597966,-0.02025251,-0.028839098,0.021285346,0.06153245,0.08359195,0.037257925,-0.07906285,-0.08416062,0.054176178,-0.09057191,-0.019859364,0.23161742,0.28443962,-0.09766738,-0.042724382,-0.14192936,0.072574034,-0.03067123,0.12739673,-0.056758888,-0.20704658,-0.0064896564,0.10927999,-0.113017865
TCGA-D8-A27L-01A,0.028285109,0.026681112,0.14440255,0.03994985,-0.11527043,0.07782051,0.03643114,0.099841654,0.048142705,-0.0379169,-0.080123916,-0.014363039,-0.06500869,0.10380573,-0.008244351,-0.022303037,0.024276586,0.18952437,0.053610582,0.0435096,-0.060787164,0.019238558,-0.011015254,0.16424564,0.09543694,0.17116375,-0.18211806,-0.045043617,-0.013587712,-0.05667,-0.014867053,0.048485104,-0.1798746,-0.19681464,-0.11612387,-0.13561714,-0.110736236,-0.020886919,-0.11301757,0.08427234,0.08093789,0.059233535,0.07490848,-0.079236105,-0.10342299,-0.1257342,-0.03989554,0.04630707,0.1852626,0.033431895,0.11141069,0.16010736,0.071716785,0.038960505,0.002054452,-0.015143392,0.20909531,0.055370327,-0.1239897,-0.031755798,-0.05706831,0.105272375,-0.06704178,0.22612211,0.029781032,-0.084801,0.03407652,-0.024346512,-0.12692487,0.081991985,-0.105867505,-0.07959432,-0.11396997,-0.2109142,0.24423738,-0.06949573,0.06833003,-0.0400592,0.07688766,0.0024297463,0.08728029,-0.0019615164,-0.043097388,0.040808946,0.019270977,-0.12250576,0.04201978,0.18782127,0.1351017,0.04329976,-0.11116958,-0.085831635,0.009518326,0.038640715,0.08677777,-0.09039151,-0.14026266,0.07078632,-0.07938774,-0.17364371
TCGA-BH-A1FJ-01A,0.07645333,-0.10799042,0.25325844,0.11230519,-0.005222399,0.14070272,0.019062508,-0.00037779423,-0.05423846,-0.028208463,-0.0694633,-0.0074608824,-0.033022244,0.14290728,0.089085735,-0.07174659,-0.03214823,0.09571214,0.026396722,-0.035340343,0.025179513,-0.06701531,-0.03141228,0.10464506,0.035650842,0.046412807,-0.17145133,0.059438974,-0.020895222,0.014018252,0.044682264,-0.017355831,-0.13623631,-0.2170463,-0.107259795,-0.18589531,-0.19594505,-0.19139071,-0.03725035,-0.09988739,-0.031778753,-0.0053310324,0.021571236,-0.09113499,0.011989777,-0.09097648,-0.03589228,0.1334837,0.038736485,0.12281217,0.0043163807,0.1304704,0.03817934,0.24126312,-0.061727423,0.063172646,0.0885095,0.13074425,-0.16246,0.06457104,-0.094073504,0.09830352,-0.06547112,0.23786062,0.07310255,-0.0961282,0.19495194,0.068975,-0.04748676,0.009762125,-0.11177089,0.01328485,0.004337968,-0.14036836,-0.005578235,-0.06294605,0.064315856,0.04900336,0.074632935,-0.06074775,0.028929066,0.050102185,-0.028943153,0.02339143,-0.014925361,-0.040937662,-0.09450251,0.17820843,0.17264129,-0.03454072,-0.03854255,-0.17538752,0.00081907946,0.05125749,0.09863594,-0.06223884,-0.18661249,-0.08258603,0.09304863,-0.115996465
TCGA-OL-A5D8-01A,-0.012655176,0.05098129,0.15657206,0.06387168,-0.029428568,0.007652607,0.0593957,0.10880388,-0.027112162,-0.004251043,-0.11074829,0.06640005,-0.029092275,0.093765624,0.12495471,-0.038421355,0.10580812,0.15309234,-0.07296319,-0.07138956,0.032945957,0.053736717,0.059893172,0.1682118,0.13554831,0.16373059,-0.1935026,-0.003128064,-0.08183263,-0.024305807,0.14146316,0.03111017,-0.16258104,-0.20419496,-0.048168756,-0.16867323,-0.06955349,-0.05991459,-0.15393645,-0.058239896,-0.042417224,0.009303735,0.09745419,-0.10616976,-0.014809359,-0.14084294,-0.055578325,0.039537612,0.115867585,0.0810512,0.24925439,0.0034442854,0.024026075,0.1662968,-0.13170503,0.033069532,0.06971614,0.061943233,-0.033821456,0.025145462,0.016130885,0.08049781,-0.12579013,0.14157376,0.07340076,-0.15591364,0.19278157,0.008930617,-0.06710175,0.03847755,-0.10404723,0.0011680909,-0.031467352,-0.14839129,0.003886778,-0.14584054,-0.117838025,0.04814663,0.08447002,-0.020673718,0.063847326,-0.099378474,-0.06288089,-0.030860163,-0.13027266,-0.025468538,-0.04446155,0.12289393,0.2771036,0.033774562,-0.03261721,-0.21073622,-0.017125947,0.033703264,0.07673118,-0.060425382,-0.035764184,-0.06679606,0.017181378,-0.083372325
TCGA-E2-A1B1-01A,0.043218143,-0.08449416,0.13360786,0.12958756,-0.07916888,0.09649411,0.014490798,-0.011330143,-0.006690006,0.11180601,0.009059601,-0.094059065,0.019950638,0.11675105,0.15076116,-0.06755173,0.0757775,0.17882623,0.09164755,-0.060269706,-0.02178601,0.048297282,0.06861329,0.13733208,-0.01297024,0.1908488,-0.0723803,-0.0406552,-0.04487865,-0.114090726,-0.0037677821,0.13140409,-0.21500462,-0.1363048,-0.05110697,-0.12919343,-0.07252634,0.007712813,-0.08834124,-0.13130149,-0.0842933,0.039980214,0.079317,-0.07991306,0.07221066,-0.1275681,-0.025099566,0.076988384,0.118890285,0.15073116,-0.030232884,0.11332467,0.067179695,0.23904952,-0.09832805,0.07624824,0.12567887,0.058289543,-0.043893926,0.030167587,-0.06217555,0.0748837,-0.042713366,0.24473695,-0.043535,-0.14892416,0.25271305,0.025015812,-0.07111467,0.029263735,-0.16381723,-0.06713412,-0.0736261,-0.062047664,0.19324118,-0.13244826,0.019091867,0.046140347,0.014582694,-0.057408206,0.046751488,0.060090702,0.05263781,0.0380724,0.0114972545,-0.012012112,-0.023183959,0.17080869,0.15046617,0.010855939,-0.010642403,-0.015470688,-0.007234475,-0.10434535,0.11955626,-0.022223782,-0.20029469,0.05165838,0.085926235,-0.07646828
TCGA-A2-A04R-01A,-0.0459054,0.1411492,0.2054902,0.15344362,-0.07907566,0.16260329,0.0694638,0.020741371,-0.031075303,0.09904348,-0.05710525,0.008915227,-0.14575736,0.1476011,0.08364687,-0.10196504,0.08487544,0.27712622,-0.015099203,-0.103767686,0.03163888,-0.029357886,-0.04777686,0.08756709,-0.027397057,0.029559487,-0.20200898,-0.0572804,-0.10422954,-0.07481099,0.012007208,0.08930727,-0.11555992,-0.21005936,-0.065901265,-0.18719985,-0.073033094,-0.05214907,-0.01983576,-0.034697182,-0.03809721,-0.09966974,0.014868313,-0.119560815,0.0074597336,-0.087731645,-0.039420035,0.042954195,0.031743806,0.16867305,0.046934485,0.052071933,0.0027456386,0.15706988,-0.08238444,0.09293614,0.1589114,-0.010659866,-0.0061519374,0.005053992,-0.11222782,0.03565412,-0.09863237,0.15704744,-0.016210962,-0.13557008,0.095411256,-0.002678114,-0.085182376,0.017351858,-0.16668648,-0.056162573,-0.012508446,-0.21768656,0.118784696,-0.0169318,0.012613082,0.028290883,0.058334496,-0.0202099,0.14588027,-0.018101398,-0.02293109,0.051442523,-0.086156845,-0.07690315,-0.059112903,0.12271802,0.20687525,0.0760221,0.10339322,-0.16799684,0.05481294,-0.01818708,0.13921328,-0.008354984,-0.100918315,0.0032755535,0.081511766,-0.11884727
TCGA-BH-A1ET-01A,-0.029404826,0.03792664,0.17466338,0.090879515,-0.0024505467,0.040304765,0.0143755805,-0.0393619,0.019081816,-0.062155385,0.114323996,0.012470399,-0.07256825,0.11427957,0.11025217,0.009693777,0.0008830823,0.12496396,-0.097159296,-0.031668082,-0.037311345,-0.0009593273,0.035614107,0.12104641,0.104350306,0.15187189,-0.3123236,-0.03593289,-0.10622664,-0.1362587,0.16663669,0.054524735,-0.10578176,-0.16229007,-0.09902539,-0.14710206,-0.05284901,-0.046494123,-0.08764836,0.040455353,-0.026894452,0.002628221,0.123446144,-0.065856665,-0.08305215,-0.12259946,-0.07199924,0.095031895,0.11085487,0.10013939,0.024734994,0.11401269,0.03457169,0.0025976487,-0.12157219,-0.05269776,0.14097418,0.094516166,-0.090812206,-0.12071557,-0.057391863,0.12932266,-0.194897,0.060883615,0.052561432,-0.09206945,0.09308768,0.055943135,-0.029403482,0.08889375,-0.12610844,0.061159495,0.029332636,-0.20974763,0.034197263,-0.11988757,0.03411337,0.10507333,-0.0028684388,-0.081796676,0.1261085,0.02308644,-0.0032803023,-0.010819933,0.029537924,-0.066935346,-0.029603852,0.14873731,0.230332,0.06696232,-0.15007748,-0.08100651,0.018662926,0.007119789,0.21651776,-0.10082404,0.0025337576,0.08469109,0.16224688,-0.09905096
TCGA-D8-A73X-01A,0.019607343,-0.04125793,0.15265009,0.1009381,-0.020974226,0.03088648,0.012633943,0.0719525,0.011257255,-0.01319739,0.029697571,0.029542029,-0.10335729,0.12073002,0.03875779,0.036597352,0.065306835,0.19646771,0.0405402,-0.052384235,-0.03970583,-0.022830062,-0.03332994,0.21934687,0.078578554,0.17650567,-0.22402634,-0.085200325,0.0024186373,0.038407348,0.09236351,0.03018,-0.13317844,-0.17071094,-0.1423021,-0.16974518,-0.1440242,-0.09399608,-0.05751586,0.08457402,0.05122948,0.15457264,0.04969095,-0.071994364,0.073398955,-0.11096862,-0.008079522,0.092716165,0.1010855,0.13376926,0.08490066,0.053137403,-0.09213539,0.13194013,-0.07950534,0.030873422,0.14353214,0.017422,-0.16701421,-0.0910247,-0.12626728,0.03548877,-0.2028936,0.21058722,0.110707544,-0.14038564,0.06780758,0.072193995,-0.12208005,0.068220556,-0.09294594,-0.06224844,0.07744624,-0.11751872,0.06366702,-0.08320649,0.06631003,0.08850935,0.008495744,-0.03849478,0.08487328,-0.056015104,0.03519569,0.007420153,-0.03830413,-0.058049757,-0.08929195,0.16842626,0.20525959,-0.046218168,-0.0016750621,-0.09927972,-0.06890242,-0.08132574,0.16501212,-0.021626083,-0.0400194,0.1264377,0.04318997,-0.1084813
TCGA-WT-AB44-01A,-0.009178479,-0.04111533,0.14961945,0.18074977,-0.008890053,0.06835331,0.06665069,-0.016680466,-0.051752828,0.0119495215,-0.11481282,-0.033605028,-0.04375583,0.105254844,0.19221003,-0.112364456,-0.01945991,0.1617696,0.020911407,-0.00050583255,-0.03648485,0.18722484,-0.04467622,-0.010474412,-0.09876396,0.013551629,-0.1707447,-0.0576983,-0.0497723,-0.11252163,0.027479883,-0.01450579,-0.11082431,-0.103619985,-0.19293207,-0.19719698,-0.014374797,-0.07138051,-0.024196465,-0.02615568,-0.05154478,0.06816221,0.13447917,-0.13984384,0.01465024,-0.06305203,-0.048303332,0.12721518,0.05798755,0.16159272,0.0927244,0.1017078,0.046150714,0.11090951,-0.048673686,0.01202772,0.11655935,0.011132396,-0.15543857,-0.10448507,-0.049297385,0.008923368,-0.093794875,0.16151872,0.025588457,-0.11792535,0.2206973,0.09534403,-0.10304256,0.06315589,-0.23803882,0.05359624,0.10358357,-0.19199237,0.12284839,-0.12927216,0.029709313,0.10119986,0.16319156,0.019382853,0.052358594,0.057665568,-0.032704256,-0.054100025,-0.029074654,-0.07302156,0.054508593,0.16581109,0.15103368,-0.050689768,0.01555365,-0.15228105,-0.029513199,-0.0504144,0.0955851,-0.06121198,-0.08142996,0.044026855,0.08419477,-0.11665129
TCGA-EW-A1IX-01A,0.028447563,0.028236631,0.1652119,0.10917526,0.024774242,0.11082169,0.07263773,0.066467345,-0.07325433,0.05631891,-0.15601541,-0.055567157,-0.13769142,0.102723576,0.18248385,-0.09714468,0.07332568,0.24953564,-0.029433392,-0.11889677,0.050210476,0.026941542,0.083674066,0.17611957,0.0429385,0.060080003,-0.30663142,-0.124615,0.025712661,-0.016492855,0.057671025,0.022288254,-0.050779253,-0.15950164,-0.04015305,-0.13370693,-0.066018604,0.04017031,-0.0033731905,0.005284006,-0.0247977,0.0015263683,0.084597714,-0.1071492,-0.024037207,-0.03468653,-0.02291286,0.19350693,0.13449399,0.098425426,0.13083917,0.052352298,-0.04040449,0.15026042,-0.14958447,-0.055368982,0.07281312,0.041897617,0.0034171718,-0.065783925,-0.024380313,0.075689405,-0.08213181,0.19711605,0.06175399,-0.10836425,0.1293836,0.11127472,-0.10281822,-0.007252129,-0.09759681,-0.01612136,0.1168689,-0.2095546,0.04163064,-0.07968837,0.06021745,0.014280981,0.07014671,-0.02508945,0.005123423,0.042727694,-0.022478763,0.03561821,-0.036599617,-0.12484418,0.018337922,0.02542178,0.2210886,0.0026233864,0.0024261782,-0.14367306,-0.08135808,-0.009436401,0.106419064,-0.0062882937,-0.08937909,0.021997606,0.033403963,-0.2295938
TCGA-B6-A0WT-01A,-0.02986172,0.019288633,0.17562556,0.12073943,-0.009161798,0.2513853,0.14734544,0.0486142,-0.012282205,0.034660064,-0.023803188,-0.060658686,-0.11398561,0.10456527,0.12842092,-0.10760276,0.0059221108,0.035853337,0.039259635,-0.031435356,0.022391671,-0.021282438,0.006378001,0.22988252,0.09755739,0.10987588,-0.28807336,-0.047904674,0.014373998,-0.09296118,0.045110792,0.07452495,-0.09516563,-0.06136667,0.017349305,-0.27830264,-0.05135522,-0.10672504,-0.054139942,-0.09003157,-0.0155539205,-0.007133621,0.088323034,-0.02039553,0.022827346,-0.063198455,-0.046484645,0.02637325,0.11297722,0.07950016,0.06600111,0.059251226,0.030281126,0.16053644,-0.16387582,-0.0022551303,0.015844315,0.044549804,-0.13979796,0.016213326,-0.00019963199,0.033382326,-0.2019277,0.08202295,0.01973514,-0.0754175,0.03826322,0.036165472,-0.045267433,-0.019725675,-0.11073185,0.022926051,0.113047905,-0.14408463,0.10195754,-0.1114805,0.08435677,0.05053626,0.0086782845,0.10050246,0.14666148,0.058362752,-0.045789916,-0.04167767,-0.12562191,-0.027890356,-0.101913944,0.07178826,0.20127115,0.15198779,0.06481075,-0.15888427,-0.036583114,-0.05622659,0.13923381,-0.106466025,-0.1620469,-0.085201345,0.08010687,-0.12386292
TCGA-AN-A0XP-01A,0.014143579,0.05875651,0.17551829,0.15972954,-0.04694233,0.1020179,0.117515445,0.03455827,-0.01442314,-0.045973394,-0.034107286,0.0636119,0.03259267,0.090450644,0.12865716,-0.037407137,-0.004608261,0.1872012,-0.06397165,-0.027084162,-0.010076932,0.13791987,0.03320993,0.122839145,-0.017360065,0.16344516,-0.15206027,-0.054418214,0.022217363,-0.14413334,-0.023758173,0.0038149827,-0.050634388,-0.079944864,-0.09823123,-0.20008825,-0.13960536,-0.090478815,-0.18293707,0.12714756,-0.08818178,0.011267836,0.0091235945,-0.051628035,-0.011223441,-0.15174581,-0.035234194,0.0041335183,0.21778652,0.17280129,0.095527865,0.19966713,0.1359404,0.01549622,-0.083023034,0.018932534,0.059473567,-0.0442616,-0.10861449,0.10831422,0.112244576,0.09030217,-0.17671058,0.12385257,-0.024413493,-0.08575991,0.3008134,0.009116717,-0.19052216,0.062549174,-0.06771985,-0.022779303,0.031295452,-0.11769737,-0.014773046,-0.060959302,0.032678653,0.100060545,-0.012204074,0.014764437,0.050414145,0.08447773,0.008020034,-0.0150253335,0.0012581913,-0.09823258,0.0056251097,0.15773508,0.15165286,-0.059320793,-0.01563789,-0.18968992,0.002421626,0.07257776,0.07563562,-0.047691014,-0.08058319,0.04596399,-0.03271463,-0.060397606
TCGA-E9-A1N5-01A,-0.02674423,-0.006560114,0.14900728,0.14515436,-0.034145348,0.105932586,-0.07733255,-0.056049924,-0.015480049,-0.008395987,-0.022156177,-0.002663108,-0.011346109,0.10229641,0.11537635,0.01588091,0.07519642,0.107711054,0.056686465,-0.10504799,-0.027250053,0.106485784,0.008585205,0.15316696,-0.04870515,0.068436995,-0.24220423,-0.02822885,0.029990952,-0.10245321,0.031831764,0.065719314,-0.1439083,-0.15025799,-0.12332214,-0.12257423,-0.012019358,-0.004008445,-0.12050404,-0.13271795,-0.14762273,-0.015162635,0.038292266,0.01590066,0.045351237,-0.061443523,0.00064338214,0.036251836,0.11463454,0.08911595,0.12217456,0.09178301,0.04592127,0.23506053,-0.09814395,-0.050179936,0.23645721,-0.011347561,-0.10899904,-0.053946603,-0.0023432525,-0.019716809,-0.111505106,0.21149284,0.0853501,-0.096475534,0.11639383,0.037059832,-0.20898832,0.16050415,-0.11783643,0.022973342,0.0067860344,-0.13022313,0.10464757,-0.08815184,-0.03252456,0.016841521,0.0027536235,0.03371744,0.10861131,0.035811044,-0.09762079,0.15244395,0.0008227151,-0.04492969,-0.09903544,0.18249899,0.21113078,0.026990881,0.027625723,-0.1894601,-0.027321631,-0.04727391,0.115228154,-0.08716018,-0.1399925,0.025005648,-0.06151292,-0.07555367
TCGA-D8-A1JP-01A,-0.060067885,0.11618252,0.112891376,0.22874804,-0.004434648,0.20166868,-0.008583936,-0.105774716,0.047003154,0.020334229,-0.0020880685,0.017551836,0.011309432,0.12811929,0.13175595,-0.07847409,0.047638856,0.16938095,-0.0038930604,-0.016652131,-0.011759187,0.013744395,-0.11541864,0.19791555,0.058117256,0.11976484,-0.13986585,-0.06373898,-0.06809174,-0.020311767,0.12597941,0.074544266,-0.17190227,-0.14683639,-0.10625723,-0.23366871,-0.048924565,-0.10866532,-0.051313702,-0.0642938,-0.019845074,0.18313722,0.15714675,-0.12682296,-0.06287363,-0.08955937,-0.038664937,0.022747897,0.11262591,0.12946218,0.097938016,0.11662895,-0.046476867,0.13555026,-0.06283393,-0.0017947641,0.16526233,0.042862453,-0.05809012,-0.019785931,-0.005592056,0.034271225,-0.06624656,0.17678306,0.09583563,-0.12094453,0.04784687,0.075211115,-0.10748918,0.026787696,-0.17859477,0.022482952,0.08778849,-0.11721157,0.13597657,-0.131828,-0.06439135,0.032743786,-0.006251775,-0.050273705,0.0067133806,0.05964733,-0.057099134,0.005753101,-0.051670417,-0.07869609,-0.0369108,0.061627887,0.23935498,-0.05110616,-0.04176854,-0.10260362,0.057540637,-0.02504428,0.10243832,-0.10632984,-0.10223684,0.061061632,0.12663569,-0.08274293
TCGA-AC-A62X-01A,0.02165902,-0.0310048,0.17672318,0.10458951,-0.06600762,0.073188685,0.041257393,0.08115449,0.04217409,0.018955315,-0.08140509,0.03295208,0.02642466,0.15218873,0.20618121,-0.04324474,0.08194222,0.20694403,0.00026442463,-0.021103414,0.10328721,0.029784564,-0.012958379,0.08932422,0.020172887,0.030933976,-0.26247966,-0.073769845,-0.122128695,-0.14344871,0.026115127,0.09052003,-0.092255615,-0.104986526,-0.09602943,-0.14849864,-0.028623603,-0.026762327,-0.03298727,0.039669737,-0.044812825,0.0846427,0.13236529,0.029685855,-0.105101235,-0.1237827,0.06146071,-0.0283438,0.035218567,0.14468798,0.053118784,0.21982983,0.09113185,-0.00598619,-0.14932719,-0.013464303,0.08438726,0.040666867,-0.031019496,0.0069185463,-0.024959525,0.08515927,0.015642941,0.19113623,0.028403811,-0.07153858,0.2498078,0.09907714,-0.01507232,0.08628504,-0.07294903,-0.02672249,0.015067657,-0.23763454,0.12337681,-0.06659987,0.09908515,0.071802214,0.014751033,-0.090211414,0.03132577,0.005288522,-0.09651584,-0.031613275,-0.0745916,-0.050700247,-0.08665654,0.19262841,0.18311256,-0.09470199,0.046721354,-0.1466743,-0.015940035,-0.027927928,0.12384484,-0.103592224,-0.08890069,0.078555755,0.12075771,-0.14448509
TCGA-D8-A1XV-01A,0.04239675,-0.03171178,0.09625642,0.0300355,-0.06744556,0.14424826,0.087656885,0.10934917,-0.06021058,-0.048333075,-0.0020780996,-0.051317915,-0.10990403,0.21109353,0.10159154,-0.110256456,0.14532393,0.053345386,0.037975263,-0.025287692,0.022670398,0.03452755,-0.18711959,0.2067921,-0.058427047,0.13895752,-0.26922497,0.014330455,-0.01645448,-0.08212492,0.10291853,0.028166652,-0.15922353,-0.17823783,-0.03970973,-0.29911864,-0.05115166,-0.062278163,-0.0841038,-0.07510736,-0.03798993,0.059555393,0.059645046,-0.006364841,0.021472637,-0.11763366,-0.028628921,0.0004843228,0.09516456,0.18830815,-0.03630489,0.034330525,0.025162747,0.107164845,-0.16630109,0.039240494,0.16137454,-0.01958139,-0.070443936,0.0942646,-0.013761448,0.051408436,-0.053298537,0.10170379,0.0633063,-0.094182506,0.14591806,0.19746603,-0.062938526,0.03634625,-0.1093418,0.017766297,0.01231263,-0.21695492,0.013969988,-0.007591002,-0.015918719,0.029317718,0.026031792,-0.044564016,0.072121166,0.032690782,-0.067147024,-0.050702624,-0.03232292,-0.04880456,-0.077215105,0.11089925,0.12741825,0.006045894,-0.098019846,-0.17368427,0.023264877,0.04425863,0.10965323,-0.16171308,-0.08262062,0.013352515,-0.0215952,-0.13445336
TCGA-A2-A0T4-01A,0.08018942,-0.066766985,0.23166084,0.100396246,-0.08988464,0.0005409002,0.05674148,0.12668508,0.08221101,-0.0087149525,0.021974979,-0.029965756,-0.11405518,0.15084572,0.181425,0.021911334,0.040534098,0.21154144,-0.0199346,-0.013561682,-0.0011465903,0.07411217,-0.048618592,0.14133775,0.01929352,-0.026689587,-0.11483136,-0.09907088,-0.09322958,-0.083839975,0.031253446,-0.035352323,-0.19829085,-0.123017155,-0.107786,-0.12942336,-0.026730075,-0.016475232,-0.0070489864,0.0003194142,-0.12553118,-0.0729458,0.07740376,-0.08072806,0.027047364,-0.15616821,-0.12293275,0.098975115,0.096762955,0.1498035,-0.014769698,0.24126333,-0.050936162,0.13832833,-0.11234483,0.09726637,0.12080156,0.048023555,-0.18932986,-0.005242223,0.009416614,0.009901382,-0.05835424,0.07876684,0.1411606,0.007058883,0.12793665,0.13125747,-0.11882021,0.044563625,-0.060341243,-0.118985556,-0.06859969,-0.22249126,0.11372658,0.012578798,0.07067478,0.07378108,0.054983422,-0.026837144,0.041873593,-0.03512126,0.017577372,0.0068089315,-0.070593275,0.061271857,-0.0060489387,0.15482126,0.21267481,-0.044663597,-0.09111022,-0.13997604,-0.05177149,-0.030957261,0.054866765,0.03259596,-0.18751761,0.02715691,0.04607474,-0.11756463
TCGA-B6-A1KI-01A,-0.051811643,-0.001323508,0.19321486,0.19365332,-0.06593201,0.22290087,0.026409008,0.022900186,0.028419135,0.000624227,0.02394214,-0.04215074,0.013446336,0.13311692,0.1539077,-0.093400545,0.0029521533,0.015092006,-0.013633185,0.025727367,0.025799878,0.00035244055,0.042140495,0.15025078,-0.026213909,0.13207555,-0.2654387,-0.008802401,-0.00079996546,-0.09931486,0.09235808,0.10686727,-0.07912045,-0.15453064,-0.14780445,-0.26749012,-0.017827496,-0.06084527,-0.13295154,0.05371812,0.04986365,0.0015533648,0.111770675,-0.15974858,-0.03145126,-0.074726865,-0.015552427,0.059962053,0.00815781,0.034311865,0.019706365,0.17353149,0.036757305,0.042679805,-0.030675916,0.018194092,0.070015036,-0.099589184,0.049024593,-0.059950326,-0.05949404,0.053545266,0.0035015293,0.16922773,-0.04246927,-0.07987969,0.2203928,0.13576084,-0.18295886,0.033968456,-0.07135075,0.032663833,0.068897344,-0.099277034,0.037600715,-0.14140788,0.050933883,0.120821945,0.014161815,0.042275075,0.082620025,0.0155479545,-0.07671011,-0.006154475,-0.089380436,-0.054890055,-0.04126029,0.0768802,0.23637587,-0.0797338,-0.052911494,-0.26052693,0.03717217,-0.008966567,0.12601131,-0.04219627,-0.12833254,0.06409025,0.022406006,-0.04693022
TCGA-PL-A8LX-01A,-0.008289232,-0.041063014,0.050480746,0.20396036,-0.039617445,0.09775743,0.033153873,0.042949837,-0.02724888,0.051197305,-0.017368188,-0.13292702,-0.11419486,0.16707258,0.16391139,-0.11652413,0.09696984,0.10272761,-0.04603018,0.0051214364,0.09812765,0.0046449387,-0.0043282565,0.102184445,-0.04239596,0.07667842,-0.24652348,-0.009909174,-0.060413662,-0.02035676,0.09241019,0.09802979,-0.014948016,-0.12853903,-0.11447043,-0.2672412,-0.20081367,-0.053955257,-0.024269065,-0.124647066,-0.00803734,0.011154967,0.14336051,-0.0826814,-0.10459182,0.0022124082,-0.03954841,0.024989419,0.120905854,0.031101624,0.14018215,0.16878018,0.14345926,0.13005453,-0.112590484,0.006282528,0.116420925,-0.019646099,0.029831136,-0.00479729,0.04509809,-0.019405538,-0.10135643,0.14045522,0.06889695,-0.07075197,0.20955367,0.13625298,-0.094333746,0.10733138,-0.1648234,-0.0913475,0.09118805,-0.13158186,0.012986766,0.02470848,-0.09457186,0.13772336,0.032671105,-0.032384243,0.10440848,-0.0010910179,-0.053661812,0.05329927,0.0069751376,-0.017524984,-0.018180016,0.21160819,0.16319074,-0.11439993,0.031777423,-0.13762628,-0.0435525,0.049390838,0.08666591,-0.09236933,-0.060832173,0.04186336,0.036518063,-0.090891995
TCGA-BH-A1FG-01A,-0.104505934,0.03938675,0.22571549,0.15394768,0.05420359,0.1557358,0.08849361,-0.04504333,-0.035312697,0.032736268,0.00808493,-0.15623887,0.060010713,0.09815132,0.12143052,0.0024769462,0.11218762,0.19204095,-0.014196378,-0.0913233,-0.024745189,0.012950014,-0.055745516,0.06301818,-0.021018807,0.052434377,-0.27161983,-0.06812404,-0.06701657,-0.105987735,0.039754476,-0.002582784,-0.049223345,-0.2075752,-0.027601572,-0.14222804,-0.088561654,-0.045709703,-0.03030211,-0.036669966,-0.036172193,0.03082184,0.109071665,-0.0025837666,-0.08933998,-0.12849195,-0.04980204,0.030539006,0.07024431,0.00034177586,0.031068543,0.15892129,0.03150167,0.06847838,-0.16128291,-0.06529007,0.14787203,0.06325543,-0.080342464,0.013553266,-0.019904267,-0.01047324,-0.1843205,0.10751389,0.01578077,-0.17524222,0.08311435,0.05730031,-0.04999739,0.09859424,-0.13636343,-0.14119057,0.02704941,-0.19491424,0.1895667,-0.06711321,-0.018489594,0.043259967,0.13108407,0.009133178,0.11930966,-0.006966451,-0.018145725,-0.08190097,-0.014377061,0.032545432,-0.036754128,0.11879245,0.10999353,0.0152597055,4.858461e-05,-0.23359957,0.11056419,-0.0033467715,0.07298749,-0.13419311,-0.17064731,0.0051243156,-0.049651053,-0.16481741
TCGA-D8-A1JL-01A,0.08319148,0.11099287,0.10955767,0.16167258,-0.08707797,0.16009106,0.08927556,0.020752054,-0.016992033,0.11002296,0.09412899,0.041810524,-0.024906687,0.11965993,0.10466232,-0.05311311,0.064905465,0.20267291,0.017311087,-0.076684706,0.046436198,0.10347967,0.017160753,0.15092929,0.008285617,0.083178215,-0.15667774,-0.044110738,0.030768659,-0.049168672,0.12318283,0.036532912,-0.12215096,-0.084260866,0.022422437,-0.21780288,-0.07750135,-0.053640664,-0.056960043,-0.03771869,-0.081641555,0.024935652,0.13203034,-0.14222565,-0.043402515,-0.013812484,-0.13237728,0.14180945,0.09115649,0.10073331,-0.029411858,0.0702703,-0.025683818,0.14772622,-0.014857656,0.035724554,0.1547225,0.0075914157,-0.013814131,0.012552918,0.024223821,0.077471465,-0.14756146,0.10045668,-0.060713332,-0.09946839,0.23266411,0.10352087,-0.09923209,0.12893647,-0.16685763,0.023788547,0.0779611,-0.22816905,0.0447063,-0.12891446,-0.07299986,-0.057318848,0.06918212,-0.0035064048,0.016356595,-0.06616715,-0.069207296,0.077039525,0.10275316,-0.09210404,-0.008605327,0.16637431,0.20056464,-0.057126366,-0.045434132,-0.16041934,0.10402804,0.046282057,0.08068674,-0.053170435,-0.19568753,0.016364638,0.008590111,-0.107018
TCGA-LD-A7W5-01A,0.046747312,0.06067646,0.1544756,0.1263228,-0.014290749,0.118815005,0.028354272,-0.00080542784,-0.00024274677,-0.018467205,-0.023585403,-0.02804404,-0.044974357,0.08176247,0.1739941,-0.045233473,0.075911365,0.22725889,-0.085936815,-0.032763105,0.048638463,-0.02875433,0.028907439,0.11042035,-0.054577503,0.13619067,-0.090082414,-0.082954004,-0.06693769,-0.12302368,0.088313654,-0.120945826,-0.06392325,-0.20203312,-0.0277128,-0.22287405,-0.122522615,-0.035686046,-0.049867664,-0.027073165,-0.10125866,0.07556724,0.03453276,-0.15054293,0.017156564,-0.1599385,-0.005921662,0.032721523,0.101007394,0.13881846,0.028200481,0.20103642,0.15990792,0.11326594,-0.055392407,0.016696278,0.14977074,-0.04003707,-0.06864532,-0.022966448,-0.033958618,0.058950365,-0.059396528,0.18579897,0.0013064176,-0.16075507,0.15003125,0.07560893,-0.11496228,0.15757455,-0.21448019,0.04536705,0.12719877,-0.11374039,0.108660534,-0.094831094,0.02321677,0.10213068,-0.007221192,-0.00986022,0.029540071,-0.01815148,-0.05382309,0.048490845,-0.017816108,-0.036060024,0.017831502,0.064047165,0.29628316,-0.076608844,0.048667535,-0.15617096,0.09896017,-0.045598034,0.09628225,0.010779908,-0.04404739,0.0024991848,0.09097428,-0.06479346
TCGA-EW-A1PG-01A,0.09267451,0.00992202,0.2186753,0.16457877,-0.02191428,0.15265192,-0.009344929,0.030188486,-0.040188987,0.026959663,-0.072322294,-0.079679556,-0.07553143,0.1143321,0.045930818,-0.118681595,0.038030334,0.16534725,0.04887169,-0.09887083,-0.0065387785,0.05819446,-0.0600376,0.07847029,0.015751842,0.04418796,-0.2159496,-0.0696085,0.025194755,-0.08074,0.0071209325,0.17883827,-0.17045186,-0.19927354,-0.036460515,-0.20309582,-0.0102612125,-0.018738152,-0.09338684,0.009476512,-0.0067482507,0.05005698,0.09191148,-0.07581833,0.015392666,-0.016233208,-0.08806715,0.04314434,0.12530959,0.14895765,0.13474809,0.19279495,0.035116587,0.15405577,-0.12144317,0.074816026,0.122218184,0.01967246,-0.035535514,0.0377522,0.008365724,0.119033776,-0.03114307,0.09119399,0.03399526,-0.12846224,0.23734249,-0.021021668,-0.11621356,-0.014754864,-0.24331935,-0.024589445,0.026573433,-0.1740808,0.09386849,0.0045591556,0.16199599,-0.1357682,0.04827356,0.0060763173,0.08432442,-0.009759448,-0.032225713,-0.020062208,0.02583462,-0.02809374,0.06848957,0.14635904,0.20165846,-0.07199287,-0.04461865,-0.12107089,-0.034642812,0.06412119,0.03247685,-0.07692455,-0.03270272,0.098502025,0.08823513,-0.061474726
TCGA-C8-A1HK-01A,0.012100092,0.09508526,0.1958327,0.12492517,0.0397691,0.057571862,0.046577234,-0.041648883,-0.007299695,0.019126613,-0.027466258,-0.016193153,-0.024879307,0.1363162,0.095667645,-0.08395848,0.0375649,0.16415915,-0.046249345,0.008709688,0.044486396,-0.04223378,0.0017252768,0.13846174,0.08573032,0.14838788,-0.10417226,-0.08822272,-0.006061065,-0.03244856,0.072529875,0.005139332,-0.13813323,-0.09886564,-0.1098421,-0.2576516,-0.074427575,-0.11678996,-0.061499298,-0.05073678,0.03907944,-0.076759346,0.09770545,-0.14288571,-0.027053518,-0.107288584,0.014983061,0.10053946,-0.02065942,0.0826807,0.037614115,0.17070508,0.10858767,0.058054622,-0.11455171,0.14290966,0.12638426,-0.012620453,-0.046078324,-0.03712803,-0.06275459,0.024837948,-0.15339664,0.13651018,0.05134578,-0.124880895,0.22753187,0.10915351,-0.1882627,0.09464881,-0.0314225,-0.12962343,-0.0625945,-0.07948538,0.12822783,-0.031824935,0.044011094,0.045880403,0.04241293,0.04235946,0.0695933,0.019095449,-0.08535016,-0.061386466,-0.03047761,0.018021388,-0.08369718,0.21811844,0.21012568,-0.053202935,0.0040778187,-0.17558616,0.013806581,0.034435585,0.08846947,-0.15211089,-0.19960989,0.057623748,0.014668321,-0.18046437
TCGA-LL-A50Y-01A,0.09932164,0.09578409,0.2153198,0.085920535,-0.046513,0.1409608,0.09558142,0.019232549,0.008281921,0.110106505,-0.06762305,-0.09109544,-0.053721417,0.11139426,0.029205449,-0.14287126,0.03129941,0.22991094,0.115443446,0.021728637,0.1291616,-0.0021851202,-0.00022080912,0.07168217,0.108053826,0.084266,-0.21151784,-0.04772162,-0.09647317,-0.03674009,-0.0015206436,-0.0164651,-0.08781754,-0.14748654,-0.0838516,-0.061056264,-0.18799883,-0.03382633,-0.07771298,0.056460757,0.0057194466,-0.014147561,0.08140544,-0.032065403,-0.07726173,-0.07986617,-0.006176971,0.070938945,0.1493228,0.09412646,0.16667941,0.097114906,-0.0130338585,0.067365184,-0.14029521,0.08606707,0.17907368,-0.046037912,-0.12584227,0.06456326,-0.067218795,-0.030223846,-0.08657486,0.20930958,-0.031956177,-0.13090685,0.2063651,0.0757715,-0.13336413,0.025470784,-0.12138775,-0.040904358,0.032561015,-0.18160516,0.06709394,-0.15379167,-0.11284991,0.075349815,0.04985968,-0.044731304,0.008061659,0.102775276,-0.11833321,-0.09304014,-0.040373076,0.0130876675,0.052733354,0.05982317,0.18790391,0.06395183,-0.022029033,-0.13492607,0.009545892,-0.021832777,0.17040916,-0.05353175,-0.03596622,0.076752536,0.059712406,-0.12783763
TCGA-E9-A1RA-01A,-0.07337378,0.025186114,0.15255594,0.1991137,-0.05910793,0.0689555,0.09231287,-0.02861104,0.025857523,-0.047053497,0.091240786,-0.009130561,0.017531602,0.11659622,0.13686685,0.00950998,0.14719345,0.1464902,-0.006923408,-0.035580114,0.06818584,0.0047157127,-0.059725728,0.10170824,0.13063776,0.032059014,-0.2241159,-0.007822849,-0.08123339,-0.08217779,0.010858948,0.15089397,-0.13505822,-0.1787138,-0.0930369,-0.11263744,-0.072264686,-0.12131429,-0.10507438,0.0026630124,-0.073792115,0.03541668,0.04844201,-0.105479985,0.0024511907,-0.04803404,-0.03952253,0.057525817,0.08733359,0.20883286,0.02668403,0.14461124,0.035206098,0.15219387,-0.0853284,-0.07250261,0.10236277,0.0059000235,-0.07651668,-0.036947425,-0.002269665,0.088420235,-0.16536412,0.08446118,0.013080377,-0.051222436,0.22795366,0.09545981,-0.13765652,0.053530328,-0.07820695,0.015011209,-0.041203436,-0.18475913,0.12995408,-0.027412625,-0.08975035,0.15251474,0.09558315,-0.067102335,0.055890545,-0.050475128,-0.07883296,-0.07507922,0.0037580284,-0.06752009,-0.037313268,0.14143145,0.18100664,-0.11904044,-0.07569216,-0.20229377,0.04698951,0.029840104,0.037209146,-0.1376369,-0.09164841,0.13133952,0.007272764,-0.1595229
TCGA-B6-A0RV-01A,-0.08390363,-0.04793679,0.10951822,0.12412199,-0.041083265,0.12050079,0.047682513,-0.028637126,0.0031260524,0.00060204807,0.10051042,0.029626485,-0.07069196,0.15335703,0.0114403935,-0.12350759,0.10898808,0.10658951,0.011272085,-0.115462534,0.1029029,0.025968382,-0.050693594,0.10286657,-0.006653391,0.14559974,-0.26040238,-0.005363819,-0.0350567,0.019382732,0.049112238,0.014450908,-0.16705678,-0.10582395,-0.07999529,-0.15568997,-0.16206016,0.02824408,-0.025902916,0.012099081,-0.08989786,-0.032691173,0.1279655,-0.0631198,0.0019150529,-0.053169254,-0.105006404,0.08974041,0.075694405,0.16228434,-0.062289536,0.14268441,-0.025825292,0.19455294,-0.09127029,0.07276261,0.119074546,0.08330888,-0.107108116,0.037218533,-0.014561765,0.072819546,-0.09556128,0.250245,0.037386928,-0.08642022,0.12244342,-0.019390779,-0.1834409,0.013221992,-0.10984693,0.093144745,0.06851805,-0.121237054,0.20040312,-0.08126596,0.03876582,0.07207996,0.102947146,-0.07401471,-0.01903337,-0.10063632,-0.10284899,-0.024898939,-0.13251157,-0.0024266236,-0.0019281621,0.16420937,0.11556242,0.036369048,0.0033090273,-0.16569787,0.10303195,0.07540225,0.12846777,-0.08446536,-0.105174676,0.02155848,0.14857419,-0.12755506
TCGA-AR-A2LM-01A,-0.040678762,0.08523176,0.09090632,0.16700411,-0.101146914,0.082538806,-0.001951896,0.014654301,0.026633998,0.014989699,-0.12702751,-0.03237364,-0.023790177,0.16974121,0.10882328,0.053540125,0.01793569,0.24440095,0.07310148,-0.2178669,0.07040941,0.04249708,0.032186322,0.17186451,-0.0066413516,0.11679534,-0.1946179,-0.061924722,-0.004426439,-0.056151364,0.04174661,0.04415396,-0.1203201,-0.19568521,-0.07209644,-0.20927815,-0.12924503,-0.12757583,-0.087621346,0.061118055,-0.021655865,-0.010882867,0.07695865,-0.0589528,-0.020891596,-0.06766627,-0.07799902,0.0794,0.10979501,0.16759777,0.027075889,0.22246642,0.005945186,0.021138035,-0.10932061,0.084526464,0.1195044,0.044819362,-0.11194539,-0.06521994,-0.025583953,0.035558734,-0.13674921,-0.029711032,0.025672281,-0.02114646,0.103845395,0.121424854,-0.057927493,0.09183128,-0.087978855,0.03742785,0.0070605534,-0.3203139,0.1403025,-0.092114694,-0.0392166,0.078340694,0.0121497,-0.027985817,0.043236274,0.0225235,-0.011170534,-0.016845226,-0.013913084,0.112490214,0.014527231,0.17042746,0.06740513,0.025314068,-0.120007575,-0.21380594,-0.008694841,-0.023262383,0.117829114,0.029065551,-0.04001408,0.08825995,0.0055055115,-0.05461128
TCGA-E9-A1R7-01A,-0.006052519,-0.014552458,0.14101136,0.05351138,0.0027855833,0.05670085,0.18475099,0.0826746,0.0059180446,0.024813665,-0.1334957,-0.03161176,-0.07237175,0.12195364,-0.00078122824,-0.13583244,0.076726355,0.14504616,-0.02126269,0.01828799,0.07887687,-0.024058074,-0.085311145,0.25187758,0.032821916,0.08585978,-0.103297934,0.06332155,-0.053642496,-0.10658725,0.099661745,0.09671736,-0.037610356,-0.16894415,-0.03468453,-0.1045617,-0.14106382,-0.06516076,-0.059545346,-0.12860177,-0.061559115,-0.008558772,0.15931205,-0.16055836,0.004887047,-0.10223516,-0.0661747,0.15555453,0.03539062,0.119149536,0.065959655,0.10311528,-0.02512,0.18233578,-0.056210026,-0.022437956,0.19651073,0.085671514,-0.028742338,0.0068857567,0.03942693,0.066626385,-0.05684332,0.27416086,0.086427115,-0.21217488,0.11808997,0.13266505,-0.11373306,0.042543814,-0.14237861,-0.008181046,0.012747269,-0.16209586,0.076118976,-0.052093685,0.06585504,0.15512346,0.10495321,0.008129731,-0.0455446,0.037894636,-0.09678702,0.07335945,-0.039058644,-0.07183065,-0.031453773,0.1447928,0.1927829,-0.07048532,-0.030371306,-0.14230938,0.04877654,0.03308114,0.058196258,-0.047059525,-0.052513264,0.08285106,-0.07851042,-0.06851897
TCGA-BH-A0HK-01A,0.06470195,0.056681965,0.23942913,0.022307985,-0.04575425,0.084523894,0.10210643,-0.09242834,-0.03505574,0.09888097,0.010489903,0.0011607697,-0.10106861,0.12148281,0.10990266,-0.07886216,0.10722016,0.19034839,0.0065724375,-0.09308415,-0.0065647042,0.019732483,0.07092151,0.17724861,0.04983416,0.05386498,-0.17362449,0.10136382,0.043796733,-0.06564338,0.028158652,0.13094273,-0.028432664,-0.14108638,-0.15467307,-0.19844699,-0.07479508,0.014298843,-0.12742786,-0.10617765,-0.048060704,-0.05092959,0.16012228,-0.14084879,-0.12517919,-0.05448877,0.049367942,0.014877739,0.103180885,0.11623185,0.089453325,0.05167428,0.010403799,0.22640005,-0.081588075,0.04103448,0.093370125,-0.017024552,-0.053020317,0.048001595,0.06733803,0.019609537,-0.08843157,0.14682591,0.031704865,-0.06660244,0.09416417,0.09323367,-0.078021474,0.017021127,-0.06606876,-0.0031129583,-0.023734482,-0.23364447,0.090692684,-0.14146374,0.0059435023,-0.041907005,0.045112953,0.097688496,0.015131094,0.13003209,-0.05064706,-0.035776105,0.056140732,-0.05296637,-0.036045115,0.09802624,0.14212675,0.018426115,-0.014005494,-0.18213958,-0.05749742,-0.06277613,0.20527916,-0.030851657,-0.25039443,-0.023100547,0.03910672,-0.13987122
TCGA-AR-A24N-01A,-0.20381606,0.029433765,0.21504119,0.19872005,-0.07582931,0.19774851,0.031444304,0.08453787,0.014342353,-0.01567579,-0.037352428,-0.07327465,-0.01047407,0.03919228,0.16620064,0.005052133,0.037679285,0.14983639,0.060230676,-0.0319272,-0.0010947951,0.0085347835,-0.07918413,0.16222219,0.04497058,0.20552047,-0.2976976,0.061770327,0.039113387,-0.106717005,0.060436387,-0.046273682,-0.23867618,-0.08947799,-0.056597635,-0.1178961,-0.11427001,0.06736384,-0.08907326,0.0034303977,-0.0014090103,0.031601485,0.15164231,-0.08705482,0.0074613653,-0.09432127,-0.023277335,0.10631093,0.106477536,0.10848228,0.063074335,0.05636509,0.1357318,0.09498117,-0.064108305,0.05787304,0.15165909,0.04031842,0.009844257,0.05083946,-0.08057026,0.019434672,-0.12920353,0.1445428,0.019566577,-0.12217229,0.12265355,0.085782714,-0.023930965,-0.021253727,-0.114200614,-0.023674047,-0.0030811536,-0.13604549,0.1747645,-0.088528894,-0.035943273,0.08769726,0.03767059,-0.03568731,0.037915878,0.005659389,-0.05450004,0.0037064916,-0.0662869,0.03747538,-0.08027233,0.16940686,0.1398014,-0.027146053,-0.01910953,-0.121109426,0.016861808,-0.02111295,0.14328584,-0.07650524,-0.08223597,0.026223224,-0.020149102,-0.17962362
TCGA-AC-A2B8-01A,-0.0320023,-0.03965386,0.14513175,0.20865779,-0.031446967,0.10024924,0.022944061,0.021510096,0.044536125,-0.022276836,-0.067552716,-0.01910289,-0.0410113,0.24188802,0.20078574,-0.11588495,0.06892007,0.12791622,-0.005129291,0.046655346,0.062470686,0.02068618,0.020343143,0.15616003,0.054170415,0.16217065,-0.16524877,-0.14698097,0.016003933,-0.09039554,0.16624701,0.057108577,-0.10478235,-0.17436777,-0.15963669,-0.20589489,-0.10684246,-0.002003165,0.049684398,0.0028228695,-0.07421307,0.047317743,0.058222387,-0.039445475,0.047231957,-0.16716859,-0.13918102,0.024063613,0.08412209,0.14103965,0.111229,0.109697595,0.08960072,0.1911071,0.048854712,0.0052791745,0.17144437,-0.082363985,-0.087862946,-0.081826955,0.059194583,-0.0612453,-0.015132398,0.12302798,0.07444532,-0.1187968,0.078365445,0.09873125,-0.13966547,0.06385781,-0.20220205,-0.025544863,0.11473152,-0.05311999,0.11308966,-0.019187588,-0.05282185,0.017958978,0.042274866,-0.09193869,0.070275836,0.0040038414,-0.06708326,-0.06904901,-0.03504097,-0.0965127,-0.034923144,0.16699179,0.14485794,0.029446112,0.01267087,-0.06036175,0.00017715752,0.053402133,0.024302596,-0.03237789,-0.151443,0.03545455,0.05423242,-0.1329495
TCGA-OL-A5D6-01A,0.008482521,-0.006994539,0.17551576,0.25162497,-0.10182544,0.0918456,0.1020581,0.01884305,-0.035274394,-0.058848377,0.044486936,0.13484015,-0.064438626,0.10208485,-0.007476534,-0.16252916,0.09069693,0.21378432,-0.004792518,-0.08829294,-0.01563856,-0.045121238,-0.06808198,0.14691657,0.006670187,0.20053317,-0.18010311,0.02068768,0.04341041,-0.13291925,0.017853497,-0.02111884,-0.09440285,-0.22728275,0.016142853,-0.16592829,0.013295192,0.022544874,-0.06802753,0.099331446,-0.05573058,0.003921799,0.14330769,-0.1619317,0.0060584745,-0.116945304,-0.08268534,-0.005664454,0.10718234,0.14050335,0.17670393,0.11149541,-0.04960585,0.13940091,-0.11285782,0.08340035,0.18105145,0.05383275,-0.078749076,0.05743513,0.06119882,0.044026688,-0.05458792,0.103730015,-0.0016660559,-0.0928352,0.07279645,0.07938255,-0.052409824,0.017120343,-0.07416952,-0.085673004,0.05639452,-0.12869425,0.10871195,-0.02103986,-0.040387556,-0.034806475,0.057022378,-0.048248593,0.081346676,-0.0151234325,-0.18557045,-0.091346264,-0.08484042,-0.11246125,-0.080814905,0.19941401,0.12377786,-0.045912717,-0.02735489,-0.14349999,0.018068617,0.04993552,0.11575949,-0.010009118,-0.09112922,0.012498474,0.026629066,-0.12226362
TCGA-E2-A1BD-01A,-0.009383939,0.20590034,0.18629295,0.12506512,0.036227044,0.1542356,0.08236936,0.043303337,0.0495918,0.053832605,0.021573996,-0.0067898333,-0.03705721,0.14067349,0.07318167,-0.08465914,-0.034985773,0.19582318,-0.0063863224,-0.04132018,0.031446774,0.14657432,-0.012344863,0.17430322,-0.0068480666,0.04800175,-0.14375988,-0.09372144,0.057466954,-0.05814745,0.011518634,-0.061715513,-0.06733371,-0.16970658,-0.12862387,-0.1872903,-0.15072964,-0.022454964,-0.13175154,-0.020051822,-0.06526329,-0.009522568,0.015878389,-0.09370828,-0.008195169,-0.044706363,-0.043441027,0.08222805,0.1730645,0.13818198,0.1184584,0.20981808,0.15365553,0.111175135,-0.088633806,-0.0072151767,0.05585538,-0.04182219,-0.06276446,-0.049332906,0.009882171,0.09303086,-0.06604514,0.096255206,-0.03752049,-0.09358718,0.12265226,0.15467146,-0.08089979,0.037082996,-0.12891047,-0.017935608,0.025112933,-0.2192809,0.103375375,-0.10594674,-0.042350292,0.11060516,0.10378146,-0.037829228,0.08746078,0.06493133,-0.06628506,-0.08528744,0.05280068,-0.03991841,-0.019597214,0.23304503,0.124504805,-0.037263233,0.03906484,-0.081120566,0.042201962,-0.04633809,0.009699278,-0.1291867,-0.045693383,0.089351,0.13143279,-0.18961671
TCGA-OL-A66N-01A,0.021818528,0.061748117,0.14933267,0.18717653,0.035696454,0.11770134,0.08020829,0.0625267,0.008329301,0.06580758,0.018078204,0.02957764,-0.057579447,0.073458716,0.11353483,-0.10555572,0.07596208,0.17791745,-0.09935273,-0.03932302,-0.078598194,0.08418407,0.08667964,0.09809969,-0.0056060287,0.060113348,-0.19372687,-0.049771443,0.017356837,-0.10539846,0.02341281,0.14661457,-0.22750805,-0.17782877,-0.07954659,-0.19718352,-0.11640902,-0.052689526,0.009190646,0.042595368,-0.11358862,-0.022286715,0.07233485,-0.070407756,-0.098035805,0.01347537,-0.11337927,-0.0133460425,0.040468514,0.27716377,0.013490291,0.14740944,0.08304977,0.04437536,-0.08158667,0.052083053,0.14865366,-0.026601546,0.014851998,0.0901492,-0.03353142,-0.023269134,-0.0908749,0.1222356,0.0073226355,-0.037757266,0.15192223,0.00064567715,-0.11605428,-0.06893135,-0.19553855,-0.027595408,0.07611633,-0.22520782,0.02148924,-0.11526505,0.15182899,0.12651409,0.08275493,0.012858597,-0.01028644,-0.0031872257,-0.14216745,-0.13319683,-0.011119492,-0.036416396,0.0058714263,0.12790266,0.13527389,-0.049383093,0.0038167182,-0.19736524,-0.047346402,0.04393119,0.09027742,-0.0793037,-0.019774713,0.1234788,0.046520438,-0.014662565
TCGA-BH-A1FE-01A,-0.07971793,0.019410264,0.065896615,0.1429516,-0.04506625,0.12726526,0.022040335,-0.001530906,-0.027557014,0.066939704,-0.04725657,-0.0659675,-0.051143233,0.0820494,0.14149906,-0.032528903,0.07137379,0.12738079,-0.017165564,0.05406454,0.04421811,0.12554197,-0.059289645,0.07196096,0.12924102,0.15721165,-0.16676815,-0.06835107,-0.019114826,-0.056396358,0.016871417,0.101156,-0.052983865,-0.18902983,-0.01875023,-0.1721793,-0.06304216,-0.09102665,-0.037816964,-0.011355703,-0.17385702,0.072764486,0.0747139,-0.1504281,0.03974147,-0.033132195,-0.017722074,0.15349431,0.032410774,0.17059511,0.10185285,0.17762278,0.08700763,-0.011198096,-0.03331463,0.088558085,0.028893793,-0.042035915,-0.011620483,-0.0066236253,-0.09039036,0.11275745,-0.168281,0.12782936,-0.02387352,-0.10536692,0.22697063,0.049313754,-0.06367254,0.06643924,-0.17755653,-0.09570279,0.095953986,-0.111867696,0.11384857,-0.18809915,-0.029545737,0.1703866,0.016816022,0.00087852805,0.09095573,-0.015211415,-0.0646512,-0.061605446,-0.029260851,-0.04603566,-0.11609279,0.18972155,0.1115487,-0.07565611,0.03281393,-0.13672876,0.006130992,0.10240104,0.17777471,-0.098475866,-0.16953193,0.010432773,0.017421104,-0.18987215
TCGA-D8-A1XQ-01A,-0.011322503,0.028140662,0.2215209,0.14565726,-0.010156946,0.21391375,0.05462694,-0.004387094,0.12746924,0.11902843,0.03016827,-0.022173079,-0.044104263,0.078908876,0.06542128,-0.048655353,-0.052992616,0.22033003,0.00066428754,-0.0059174034,-0.012597497,0.07433344,-0.066703424,0.17187579,-0.0094152205,0.13281026,-0.16284718,-0.08285745,0.096740596,-0.038501278,0.049023315,0.046145428,-0.13504402,-0.24105686,-0.21363455,-0.25548244,-0.06968299,-0.024288202,-0.08684095,0.0013267455,0.023070358,0.009170821,0.075680465,-0.022688929,-0.036235146,-0.016071392,-0.09808451,0.036293007,0.058645897,0.053202685,0.1044333,0.11260009,0.04452118,0.045162853,-0.16069824,-0.023506908,0.09490449,-0.02879104,0.021213451,-0.03223671,0.038032964,0.012309125,-0.058114372,0.05886841,0.015609504,-0.10411987,0.14110638,0.047606446,-0.09747085,0.06224311,-0.091921076,-0.024387166,0.0632563,-0.13479376,0.053673457,0.067979634,0.0684318,0.148468,0.008113224,-0.010555501,0.032067917,-0.054100912,-0.01759811,0.017135467,-0.025717143,-0.07584341,0.020165915,0.17960264,0.14104211,-0.12999538,0.0878364,-0.18228193,-0.08445437,-0.06267778,0.10817324,-0.15520963,-0.28216377,0.013551928,0.0651609,-0.10762812
TCGA-E9-A1RE-01A,0.039550178,0.102871396,0.22841245,0.11014443,-0.08244329,0.12325545,0.103417926,0.04924674,0.050558172,0.060352042,-0.066173665,0.03881486,-0.07863441,0.14715105,0.028809201,0.03957598,0.09682693,0.098225206,0.02833567,-0.018676687,-0.042024694,0.11836554,-0.0023973654,0.12960777,-0.030299501,0.12287057,-0.18152724,0.040912073,0.026743712,-0.16563135,0.09146079,0.0016434237,-0.1411846,-0.16326807,-0.018696193,-0.11271664,-0.105436146,-0.12655365,-0.06193392,-0.10810852,0.02168526,-0.0014885841,0.15918197,-0.081898876,0.050806154,0.0069847233,-0.112648994,-0.0018053184,0.055653695,0.13511556,0.17874894,0.12323444,0.05949734,0.027344653,-0.041533228,-0.013237344,0.0333902,0.022166044,-0.12469662,0.036355328,-0.023322841,0.12553887,-0.020025104,0.21645479,0.019081648,-0.08869886,0.151958,0.01059486,-0.19953924,0.03814167,-0.09827245,-0.022227803,0.022602363,-0.20624004,0.1146342,-0.122732885,-0.050008215,0.13269411,0.008412331,0.03641819,0.15352704,0.038978335,-0.1322254,0.009652627,-0.0736639,-0.06419758,0.030075626,0.19849344,0.15175495,-0.018584408,0.053810615,-0.121541806,0.043069612,0.07863911,0.181829,-0.03538004,-0.024237044,0.067225955,-0.09471685,-0.18370602
TCGA-A2-A0EN-01A,-0.020264842,0.0045219176,0.124172874,0.109273255,0.11092232,0.13595273,-0.0045964094,0.05116121,0.05520449,0.11794499,-0.031323887,-0.051844846,-0.058956124,0.06791002,0.1839874,-0.014982428,0.082114644,0.11756988,0.018649325,-0.108271234,0.13928352,0.026977673,0.023555515,0.25449315,0.17661297,0.09256183,-0.1461129,-0.03703777,-0.037793465,-0.06944951,0.08909179,-0.012148761,-0.099723026,-0.10440358,0.00849789,-0.24990104,-0.0739685,-0.06622027,0.02055279,-0.04809742,-0.004899527,0.004170796,-0.008077318,-0.0023133275,-0.05713707,-0.08649388,-0.04686182,0.0096699875,0.070251346,0.16043377,0.057381146,0.18570085,0.013896103,0.20365022,-0.1478709,0.02438171,0.20542625,0.07191838,-0.09429798,0.08377016,-0.058850426,0.017361866,-0.11436966,-0.020169124,0.0904834,-0.09602506,0.22070754,0.107776515,-0.14152247,0.023816584,-0.108158566,-0.0050597135,0.065528214,-0.20775142,0.13656633,-0.050099228,0.064316235,0.097835176,0.10171638,-0.09290196,0.07037799,-0.05880062,-0.063851185,-0.0025164112,-0.011904485,-0.026106497,-0.008691142,0.102451906,0.11984132,-0.050747097,0.03245238,-0.09282717,0.067589775,-0.027550554,0.117517024,-0.15460433,-0.1705057,0.13410866,-0.037948936,-0.07403758
TCGA-A2-A0T5-01A,0.009958559,0.06758386,0.027151251,0.08200471,-0.031643726,0.071352616,0.050236374,-0.009537588,0.011735443,-0.07629897,0.031695966,0.060988266,-0.044657595,0.12233616,0.025576802,0.039670978,0.1273515,0.19498572,-0.02227217,0.059937824,-0.01421465,-0.06507263,0.0571415,0.10714934,0.067274824,0.07701542,-0.27502143,-0.0085556125,0.069139525,-0.10254515,0.1360284,0.086809695,-0.19099823,-0.16700093,-0.14627957,-0.118598424,-0.13282149,-0.023224026,0.024685768,-0.077420294,-0.0970679,0.0118137635,0.026954522,-0.16337337,-0.06227573,-0.15392725,-0.09440777,0.077267505,0.12182046,0.17065337,0.0999423,0.13478781,-0.0033269722,0.18301202,-0.07341086,-0.021972425,0.18742755,-0.018818391,-0.2554923,0.1004538,-0.039816417,0.041552275,-0.08998558,0.05631075,-0.0030326198,-0.08202454,0.15372802,0.089384206,-0.076613694,0.004701421,-0.08124056,-0.049246453,0.05293077,-0.18709384,0.16404642,-0.0076906993,-0.023957284,0.047861956,-0.023133826,-0.096140906,0.19199048,-0.017966654,-0.022804277,-0.14766,-0.057258893,-0.016171658,0.0039082007,0.048310027,0.03682354,-0.04096259,-0.050919037,-0.134561,0.10488169,-0.016301965,0.12118929,-0.13528758,-0.13770427,0.011803633,0.04186349,-0.13553096
TCGA-AR-A2LE-01A,0.072983235,0.03505762,0.12526348,0.10363478,-0.03728202,0.07993861,0.18763968,0.12247779,0.02903723,-0.09079265,-0.1151393,-0.10445643,-0.026895262,0.13526239,0.12981832,0.0033969271,0.07252052,0.17863515,-0.024714751,-0.051555395,0.017923536,-0.1354423,-0.05176601,0.079751626,0.090071425,0.07400313,-0.15021543,0.021355154,-0.0068253097,-0.06717847,0.059807107,0.0501145,-0.11509178,-0.18682536,0.03223014,-0.1782875,-0.042012304,-0.06207836,-0.018471044,-0.20148051,0.013787962,-0.07191403,0.021055963,-0.09110753,-0.06993878,-0.15158191,-0.104526035,0.14598586,0.10967871,0.11339919,0.11537099,0.088530384,-0.01292296,0.20463519,-0.09177605,0.016141867,0.13844556,0.030947912,-0.11200893,0.00067248405,-0.081393406,0.0805507,-0.10555712,0.14599048,-0.027152697,-0.21473308,0.22468469,-0.0008867338,-0.017774146,0.008210771,-0.08560707,-0.0015765906,0.15035932,-0.13466588,0.12858264,-0.06385189,0.021062668,0.03286109,0.01932891,-0.0045546065,0.11461638,0.027863897,-0.08174049,0.059181426,0.06475245,-0.010785785,-0.0681964,0.06104545,0.23119128,-0.06191093,0.031799786,-0.14142738,-0.05955325,0.06752545,0.09868614,-0.15758784,-0.04823784,0.106041305,0.008549098,-0.089547284
TCGA-OL-A66K-01A,0.016882548,0.12303278,0.17593086,0.17774755,0.069915235,0.009354243,0.09925779,0.02573153,0.025151566,0.10117921,-0.017914986,0.011287569,-0.03048373,0.1780635,0.105725534,-0.033364926,0.10355285,0.12420621,-0.11189619,-0.07586787,0.09217487,0.02299692,0.002873647,0.12432782,-0.07209155,0.03583266,-0.14822194,-0.011750092,-0.016741822,-0.026503446,0.012675526,0.09110111,-0.10493715,-0.13330044,-0.07239005,-0.12689485,-0.004895464,-0.109682664,-0.08304925,-0.068809114,0.045799986,0.055630814,0.060571507,-0.1379874,-0.008246269,-0.118064985,-0.0009751367,0.20402692,0.14201534,0.102294825,0.08270571,0.012149032,0.09932288,0.17701852,-0.12786706,0.075170465,0.10039173,0.021845056,0.056864224,-0.0276333,-0.10530256,0.07711946,-0.06830231,0.15436341,-0.014677608,-0.15362099,0.20956653,0.036886852,-0.005048058,0.045581896,-0.15370618,-0.042085912,0.023808233,-0.21248725,-0.0024511002,-0.0712774,-0.056133673,0.10150347,-0.030704048,-0.101301946,0.14032432,0.031049373,-0.15422554,-0.019775962,-0.010823909,-0.10345089,-0.054255456,0.1869672,0.25942796,-0.09320877,0.0065481085,-0.009403985,0.050599575,0.093010895,0.07306055,-0.13515171,-0.14074714,0.09790215,0.09462087,-0.101016186
TCGA-BH-A0H7-01A,0.0398063,0.039862677,0.298036,0.07480892,-0.052739944,0.11903718,0.038827453,0.08698575,-0.0035813963,-0.10768895,0.036140487,-0.10339161,-0.06211162,0.1099044,0.08895977,-0.087708555,0.011606073,0.157613,0.051254377,-0.04748756,-0.037145156,0.03102335,-0.090814866,0.21354681,-0.017025884,0.004582068,-0.22478998,-0.07064247,-0.047456797,-0.05903354,0.07254723,0.07997364,-0.05235525,-0.21801098,-0.06464206,-0.26700166,-0.082771316,-0.01112692,-0.0829632,0.029196741,-0.0471831,0.046158005,0.11285859,-0.03818657,-0.032592256,-0.09276185,0.08121562,0.046152733,0.05178983,0.10272751,0.18602102,0.030785179,0.2107628,0.094331205,-0.054457836,0.0813484,-0.035516415,-0.02444027,-0.08773862,-0.058527537,0.060636885,0.053891104,-0.11853261,0.15130654,0.015973903,-0.0901133,0.19444458,0.01734463,-0.020652054,0.08315872,-0.14279993,-0.01701755,0.14989847,-0.14310959,0.020681396,-0.004107619,-0.0316884,0.1006191,0.060769107,-0.07131076,0.061137736,0.007633128,-0.15110081,-0.104556814,-0.046863668,-0.0111657,-0.037190832,0.13316011,0.11967205,-0.08094229,0.029656043,-0.113025114,0.07581359,0.00309864,0.107982665,-0.095057756,-0.18730128,0.0009799814,-0.05972183,-0.14116275
TCGA-D8-A27H-01A,-0.026000705,0.048662264,0.15306243,0.20870765,-0.034505866,0.15362899,0.113644436,0.04553052,-0.09316576,0.06623709,0.06970867,-0.03179169,-0.02861326,0.048316497,0.033707086,-0.09860125,0.021065472,0.18763693,-0.16297962,0.04125401,0.0067112483,0.02310228,-0.05367393,0.15467334,0.07959339,0.09049388,-0.13287725,-0.03754897,-0.009383613,-0.013651891,0.18571767,0.053148124,0.006610367,-0.17775358,-0.055516507,-0.22506696,-0.077082865,-0.051087387,-0.05965292,-0.0032689678,-0.09969582,-0.08010868,0.039798085,-0.10743947,-0.015422741,-0.13790134,-0.029350404,-0.0028891542,0.13837092,0.21045098,0.053604502,0.046667464,0.08413578,0.23566337,-0.0331631,0.05017659,0.15502,-0.011430508,0.009673925,0.043933343,0.034880135,0.05916818,-0.04400431,0.14472163,0.004877009,-0.19373156,0.16364467,-0.00040285633,-0.14688885,0.06032778,-0.19416808,-0.02489652,0.086809196,-0.15737696,0.14306943,-0.000278646,-0.075885415,0.11840306,0.010347402,-0.028749887,0.034941487,-0.023083935,-0.12772647,0.05872652,-0.08578281,-0.044450227,-0.045351364,0.06972421,0.16227536,-0.022875728,-0.17064677,-0.1408915,-0.014038453,-0.016853815,0.09186853,-0.045427565,-0.06533254,0.11527457,0.03453751,-0.12025769
TCGA-AC-A2BM-01A,0.008063926,0.018155377,0.06552215,0.08365781,-0.06307481,0.060059715,0.16402629,-0.049346223,0.14720212,0.020991469,0.014760697,-0.03511518,-0.075987555,0.14874122,0.088711254,-0.100437686,0.033518765,0.22342741,0.038883705,0.013229089,-0.024139032,0.027317565,-0.019316625,0.23576076,-0.025214667,0.12237225,-0.22369535,-0.08058729,-0.016456833,0.00263072,0.03403726,0.007064439,0.0054036737,-0.03504046,-0.08659409,-0.23285893,-0.1355289,-0.04394108,-0.20007841,0.0072993757,0.038135417,0.0695695,0.048897747,-0.09860099,-0.08244714,-0.054151345,-0.058666483,0.0025158385,0.09806491,0.19437893,0.109605625,0.1409457,0.1049551,0.098979585,-0.07571391,0.10692435,0.13560222,0.0739165,-0.044760086,-0.05404421,0.042892683,0.04038211,-0.076372154,0.15182853,-0.038605515,-0.18490861,0.17879364,0.10866901,-0.14549786,-0.0057780514,-0.18006498,-0.057270292,0.10219409,-0.09704659,0.08291751,-0.11490473,0.031686727,0.09401946,-0.030833926,0.054818016,0.06800471,0.06474551,-0.04637559,-0.042007767,0.010431,-0.094981365,0.022619804,0.18783224,0.194097,0.04281416,0.1345699,-0.1384248,0.030583873,0.0013462653,0.05968001,-0.15666832,-0.024941072,-0.001446739,0.03599348,-0.09742501
TCGA-A2-A1FW-01A,-0.03292568,-0.0068686777,0.14204589,0.06687103,-0.13441385,0.10840549,0.16046615,-0.016218679,0.08667604,-0.062235136,-0.05711447,-0.042171933,-0.05334299,0.13110664,0.17386954,-0.082981296,0.06139881,0.21238299,-0.065126404,0.05740074,-0.06088573,0.025915226,-0.013728335,0.22178209,0.0015742853,0.15921414,-0.19120422,-0.05177265,-0.019480698,-0.09327647,0.031667102,-0.025568262,-0.11425143,-0.122800454,-0.095459655,-0.24116787,-0.16547337,-0.051000863,-0.1440284,-0.07307507,0.0088860085,-0.00253083,0.1247547,-0.12063076,-0.05808984,-0.04343144,0.030463878,0.118070856,0.09788319,0.14207035,0.07240716,0.024201415,0.09550809,0.12326995,-0.09966612,0.10444026,-0.016711906,-0.037001636,-0.079148255,-0.03331693,-0.031757068,0.08578514,-0.03877487,0.1207443,0.009161833,0.03773566,0.18621388,0.08684513,0.009609953,0.078947745,-0.14513803,0.051188044,0.0818019,-0.18347676,0.07342381,-0.10795127,0.016333483,0.10780145,0.017303484,0.030035928,0.17951809,0.017914683,0.005574814,0.030162875,0.054342877,-0.06579876,-0.0018765222,0.16815303,0.19942619,-0.13933207,0.027219493,-0.13689359,0.066871904,-0.052145798,0.11240462,-0.04083068,-0.124378085,0.051816057,0.045751777,-0.09800581
TCGA-A7-A26F-01A,-0.017509513,0.026259057,0.08668182,0.22318423,-0.026175827,0.04156552,0.1701945,0.09057453,0.04146971,0.059605766,0.0026324065,-0.11582954,-0.014909347,0.15686037,0.11622266,-0.059966944,0.08509943,0.2382581,-0.023891186,-0.0788504,-0.0070294146,-0.039083604,-0.052057087,0.108990505,0.03764108,0.116787545,-0.099245146,-0.036491547,0.030443963,-0.04396104,0.042205106,0.13034882,-0.22320788,-0.22241469,-0.08598133,-0.14910834,-0.123358935,0.0017978776,-0.143067,-0.008182354,-0.025416238,0.029186968,0.11021296,0.008732653,3.271111e-05,-0.117042415,-0.08159593,0.06490416,0.122799456,0.12518449,0.096451715,0.10553856,0.129717,0.15245488,-0.08294671,0.02526763,0.08731103,0.0076055056,-0.0044413884,-0.00823147,-0.009742978,0.078661956,-0.06043774,0.07428288,0.058986958,-0.049455278,0.20835136,0.077004395,-0.12591115,0.03117763,-0.070539966,-0.06131004,0.04649735,-0.19668734,0.13936101,-0.093467414,0.033232242,0.019454073,0.094349064,-0.011244944,0.04462589,0.032809135,-0.056664772,0.04464192,-0.057760324,-0.0059530274,-0.04668158,0.030064892,0.2542894,-0.007882293,0.1262963,-0.13942012,0.07939745,-0.02588725,0.17449512,-0.18424995,-0.07777114,0.014554204,0.13946033,-0.09700774
TCGA-S3-AA0Z-01A,-0.06556947,0.076095395,0.0901473,0.07448048,-0.12901701,0.07740033,0.04392542,-0.028539356,0.053411093,0.08741936,-0.051397886,-0.092754915,-0.027412089,0.10200423,0.117358886,-0.086857446,0.10167833,0.13226031,-0.0037074778,0.025574528,-0.048922747,0.069243945,0.010091065,0.10424051,0.025348876,0.10559821,-0.1361387,-0.052852098,0.02719528,-0.098017566,0.023181226,0.06289565,-0.096600786,-0.17461252,-0.006475056,-0.29717624,-0.17101523,-0.07264931,-0.14578763,0.061232347,-0.10246428,0.09782332,0.059797075,-0.055484343,0.004018186,-0.11790439,-0.010357946,-0.057306997,0.1338894,0.06186951,0.04209239,0.13275214,0.07798728,0.13816105,-0.052001707,-0.00059693004,0.15084298,0.111248784,-0.1044755,0.018396126,-0.05613139,0.09247672,-0.06402862,0.15547599,0.04122394,-0.14848916,0.15929809,0.06799944,-0.039970305,-0.024760732,-0.19541599,-0.048982915,0.038016777,-0.22191602,0.09353582,-0.00789218,-0.049994808,0.032861006,0.02534148,0.050649233,0.12932299,-0.04017119,-0.0578307,0.004517369,0.010366476,-0.011383674,-0.17651641,0.1876811,0.20515934,-0.0363812,-0.037998103,-0.2311684,0.03104943,-0.024091467,0.12621635,-0.09393492,-0.1261486,-0.02289834,0.014627409,-0.15000859
TCGA-PE-A5DE-01A,0.07516911,0.024615567,0.16004798,0.16839088,-0.029713783,0.23286432,0.031189637,0.026292853,0.007190394,0.001808931,-0.00327374,-0.11577918,-0.09105212,0.21281269,0.06368436,-0.09008653,0.06636737,0.103116594,-0.022747906,0.0663455,0.0050629037,-0.009115323,-0.026040854,0.23389342,-0.028521933,0.06952069,-0.07318996,0.017784838,-0.0071019367,0.033352025,-0.0052346867,0.14015688,-0.13358934,-0.109746136,-0.15671095,-0.25347054,-0.10641486,-0.03930843,-0.07605204,0.09691217,-0.008107656,0.07865922,0.06283301,-0.059319366,-0.11083149,-0.097705,-0.048909403,0.028729092,0.10922359,0.1766159,0.06986877,0.15042071,0.083637744,0.12508602,-0.0532779,0.019779507,0.015847748,0.04157459,-0.07353852,-0.0015303226,-0.022247003,0.08148301,-0.10981743,0.19672963,0.015092355,-0.11930336,0.013412332,0.12473967,-0.007295679,0.14044271,-0.09829528,-0.039512668,-0.0018701942,-0.20487984,0.09782897,-0.102459826,0.023149924,-0.021028308,0.097985014,-0.016785737,0.05228038,-0.00673108,-0.04313114,-0.081020065,-0.07744524,-0.12241784,0.008766195,0.1989649,0.17271693,-0.19136128,0.013143757,-0.11351071,0.042285915,0.08226342,0.102503136,-0.16681835,-0.12625441,0.02267872,-0.0066108983,-0.004443544
TCGA-GM-A2DA-01A,0.0025674412,0.11843921,0.12854719,0.14779171,0.013887426,0.049966387,0.08258706,0.13516831,0.015257597,-0.023007376,-0.16181672,0.02692716,-0.1121331,0.025858637,0.053100538,-0.12708955,0.12649557,0.126486,-0.013139358,-0.026778637,0.07974912,-0.053328253,0.06496834,0.2295072,-0.006095663,0.12547788,-0.25845763,-0.07814819,-0.09032937,-0.052407384,0.099019065,0.12738918,-0.13588397,-0.17751202,-0.09109988,-0.2417236,-0.11770466,0.07683426,-0.12432256,-0.062446274,-0.04340682,-0.07139939,0.040414385,-0.09540705,0.019214986,-0.020585684,0.05095339,0.037093204,0.10408703,0.10733474,0.02471452,0.064753205,-0.0018418758,0.09614087,0.011502184,0.008579986,0.18272302,-0.111522704,-0.06276989,0.013434997,-0.032702472,-0.012782342,-0.09860506,0.06746716,0.0050807074,-0.1208922,0.16886726,-0.004418469,-0.13869774,0.019115565,-0.13512452,0.03267822,0.0045155264,-0.24127086,0.060442355,-0.17233461,0.020945232,0.014029084,0.044934504,-0.088630944,0.037580784,-0.018103901,-0.067619376,-0.010749169,-0.044394642,0.012142193,-0.045280546,0.0975729,0.13488257,0.05811245,0.01965873,-0.11980106,-0.024805527,0.06786565,0.10843429,-0.10148265,-0.2359253,0.036821455,-0.09682623,-0.14372002
TCGA-BH-A0DS-01A,-0.065144196,0.08699174,0.15203212,0.10630715,-0.033248693,0.11034052,0.025372306,0.08780961,-0.01891036,-0.05472019,-0.11743616,-0.1618948,-0.020478329,0.18507007,0.2144103,-0.06630403,0.019760108,0.2288218,-0.021868581,-0.015413243,-0.0016400836,0.05875661,-0.0032343587,0.09030301,0.12339484,0.1241928,-0.1829883,-0.0020278273,-0.082494594,-0.045920856,-0.022716466,0.060645238,-0.078283586,-0.16552374,-0.09374372,-0.2250048,-0.008706497,-0.11143034,-0.10851962,-0.016774317,-0.01126634,0.009408501,0.11315396,-0.09465225,-0.057663944,-0.13902093,-0.07647128,0.09065404,0.14641364,0.13299268,0.09981547,0.1346518,0.070829004,0.14971697,-0.06552266,0.12788686,0.12735337,0.08947289,-0.05249041,-0.036978062,-0.0334248,-0.007179234,-0.10408722,0.14778745,0.046445884,-0.094125554,0.21051514,-0.022500515,-0.02912339,0.06576129,-0.064183764,-0.037069973,0.0874361,-0.18328175,0.053161874,-0.051999018,0.01092045,0.09286338,0.026479542,-0.024395846,0.12076273,0.035404447,-0.0330948,-0.018279305,-0.09037133,-0.12880254,-0.118205264,0.00239985,0.07598547,-0.08448106,0.08113734,-0.17441425,0.020240834,0.07067168,-0.015865073,-0.14983785,-0.14149135,0.0697762,0.015109093,-0.1590102
TCGA-GM-A2DB-01A,-0.029388633,0.021121098,0.15537828,0.03530041,0.005491993,0.17204925,0.025458708,0.038790993,0.040527835,-0.016734233,0.07652911,0.013243897,0.012544833,0.17834367,0.09539597,-0.07834098,0.033235382,0.23801783,0.032173254,0.056057524,0.08244764,0.08812754,-0.082217,0.11615753,-0.046458114,0.08591288,-0.13063127,-0.092140876,0.0019699729,-0.10366091,-0.015202246,0.017434595,-0.17294025,-0.098129325,-0.15293801,-0.24011482,0.0133432755,-0.019241398,-0.11430963,-0.048401896,-0.03609691,-0.09714044,-0.008996682,-0.14287475,-0.030103667,-0.13736904,-0.044598415,-0.02340481,0.20548882,0.08055486,0.00034168691,0.073381,0.046298638,0.08246405,-0.15174426,-0.006667427,0.015344897,0.018775819,-0.040738247,-0.06858725,0.031431835,0.11283517,-0.036210272,0.15423068,0.067033194,-0.05587482,0.14376806,0.10842916,-0.16932999,0.003915904,-0.18385738,-0.08989222,0.02877615,-0.23080942,0.09767309,-0.12691514,-0.00068048737,0.08363023,0.008416867,-0.026772749,0.09957975,-0.036784753,-0.10357073,0.044146962,-0.037652064,0.011022877,-0.055627856,0.18460761,0.20852512,-0.018699313,0.07976668,-0.06163859,-0.02279597,-0.038608424,0.20467418,-0.09956791,-0.10010492,0.16313608,0.104604594,-0.071212076
TCGA-EW-A1OY-01A,0.0900779,-0.10177591,0.14013375,0.12918589,-0.015795255,0.15622234,0.058584556,0.050255816,-0.029103294,0.022505118,-0.08788686,0.08945894,-0.124015994,0.098124176,0.07337996,-0.0825883,0.05583577,0.041865848,0.029244164,0.029786691,-0.005275252,0.059572786,0.120532215,0.087424606,0.009949242,0.0132245235,-0.15368314,-0.068524644,0.016671795,-0.057363223,0.03735246,0.01665098,-0.17181991,-0.040707495,-0.15927212,-0.26726148,-0.1998658,-0.03651296,-0.077640116,-0.0795188,-0.09533798,-0.022044936,0.03652797,-0.1204571,-0.06896093,-0.09798948,-0.099231005,0.029007489,0.12150394,0.035450492,0.13318783,0.108618736,-0.09574464,0.11515102,-0.07594117,0.033493795,0.11910645,0.13625853,-0.024270734,0.01845235,-0.012943161,0.04678655,-0.107051335,0.12040116,0.03444829,-0.060289282,0.15091553,0.054923907,-0.17182504,0.09817338,-0.069738105,-0.049438503,0.066496246,-0.12370371,0.17098807,-0.066459894,0.02160394,0.14479195,-0.004928925,0.07277501,0.037735313,-0.029367134,-0.13676164,-0.006129915,-0.038532645,-0.041124858,-0.023838464,0.21508755,0.12843326,-0.06925293,0.028974555,-0.21500972,0.054310363,-0.04148485,0.17056476,-0.08813765,-0.09037641,0.17215204,0.2094262,-0.07323034
TCGA-B6-A0RE-01A,-0.039405286,-0.074485786,0.17638601,0.14350402,-0.039424263,0.10149825,0.13210364,-0.010148114,0.07867982,-0.015789418,-0.0038987617,0.03239328,-0.05399969,0.121618934,0.1553088,-0.0671069,0.022915358,0.19693126,-0.013650546,-0.041132383,0.084266834,-0.022871919,0.099733405,0.016970238,0.0042478056,0.19276175,-0.22275081,0.032980066,-0.09821084,-0.16901007,0.0086852005,0.04462926,-0.056037933,-0.260115,-0.13949491,-0.1763834,-0.15978776,-0.01890417,0.01366749,-0.049216107,-0.0015868057,-0.0047306484,0.084769376,-0.020049013,-0.07970512,-0.14730376,-0.021883804,0.12194311,0.02544937,0.11235869,0.069778375,0.1487455,0.038332935,0.07645976,-0.15391378,0.06631531,0.099445365,-0.005346318,-0.02508765,-0.0609595,-0.014336457,0.10771882,-0.13529493,0.10276862,0.05408863,-0.042199265,0.20421329,0.13662894,-0.097918354,-0.047925543,-0.027348086,0.021832904,0.09069108,-0.18977043,0.17668349,-0.07075802,-0.06504556,0.1173451,0.06001538,0.034026954,0.1325721,-0.014326202,-0.036557667,-0.042241666,-0.13044068,-0.068032146,-0.046665065,0.041927464,0.1478592,-0.0045154286,0.025867954,-0.10944839,-0.048576724,0.03329911,0.10362966,-0.09760246,-0.13991752,0.07459587,0.06653507,-0.15341191
TCGA-AR-A24M-01A,-0.018025408,0.009390269,0.18127511,0.15613182,-0.029251946,0.15932095,0.0670603,0.019457769,0.023421926,0.09206176,0.024606183,-0.009736225,0.021876598,0.123902306,0.09744437,-0.09740041,0.12942769,0.19308406,-0.038855057,-0.07933777,-0.024318319,0.010153816,-0.14489225,0.18402329,-0.0509856,0.07025369,-0.2741652,-0.07790542,-0.015014236,-0.035178307,0.08639224,0.017533869,-0.0229676,-0.12205892,-0.059950244,-0.0740121,-0.08454492,-0.06512115,-0.057323705,0.01174813,-0.02759571,0.054333914,0.08421517,-0.13431022,-0.09460923,-0.12508063,-0.089323804,0.036707103,0.018425483,0.10664439,0.061369937,0.09541826,0.014808059,0.07204711,-0.10578474,0.13634418,0.22871257,0.09444328,-0.18011892,0.014361568,0.025305629,0.04080712,-0.16024263,0.10602571,0.016648404,-0.15466693,0.21064705,0.051833447,-0.12464441,0.08420883,-0.1639839,0.109001085,-0.04025357,-0.13283658,0.10303969,-0.010038867,-0.12901334,0.08452492,-0.050077576,-0.05943265,0.02026073,0.015818479,0.04192476,0.03439091,-0.16695432,-0.02722673,-0.04439746,0.14619118,0.10485531,0.044831123,-0.041657887,-0.11884449,0.025319936,-0.014640549,0.15467587,-0.10931821,-0.14776415,-0.012030994,-0.035781205,-0.13951975
TCGA-C8-A27B-01A,-0.04798502,0.05928071,0.2302695,0.062254436,-0.033718135,0.02660906,0.16707754,-0.061492234,0.013881304,-0.035494685,0.019582845,-0.078646034,0.038732957,0.080509774,0.17997377,-0.14590764,0.18150175,0.104939885,-0.004338397,-0.032902326,0.04866018,0.06595818,0.07301263,0.1946371,0.024568927,0.08766879,-0.17988065,-0.010359019,-0.054557778,-0.07263409,0.053700775,0.080586985,-0.09473113,-0.10921367,-0.17216346,-0.1539343,-0.053788472,-0.17129722,-0.08999491,-0.005592715,0.0074512744,0.08102276,-0.0016336457,-0.08834679,-0.06278071,-0.034821577,-0.07540265,0.0059573213,0.15817557,0.16048697,0.10357142,0.14404659,0.072479315,0.2111326,-0.118951984,0.02533131,0.08975953,0.020764325,0.0062544043,-0.04577914,0.0074182292,0.09320268,-0.13569717,0.118960544,0.09540801,-0.01755183,0.10383761,0.0983824,-0.06569043,0.07026149,-0.13632895,0.09469628,0.097399704,-0.2521487,0.13510606,-0.058924474,-0.08571223,-0.05349946,0.039829403,-0.04182228,0.056742262,0.011480375,-0.11773451,-0.041085612,-0.039325375,-0.036480132,-0.13691813,0.108664215,0.13456881,-0.05994296,0.06833202,-0.12107477,0.11821385,0.05805995,0.13598275,-0.062768236,-0.11730318,0.01044443,0.099511236,-0.10025929
TCGA-EW-A1PE-01A,-0.07562799,0.0528726,0.13614403,0.07289965,0.044241585,0.14045823,0.028773973,-0.010279311,0.0066043856,0.04972703,-0.070061095,0.03558132,-0.048887167,0.14485638,0.020295678,0.04756327,0.10337557,0.147091,0.049186207,0.0043745083,0.07178932,0.02886269,-0.0035378276,0.18262254,0.0061137266,0.17120388,-0.12706624,0.019650957,-0.022701647,-0.15291302,0.049812622,0.17104615,-0.11495618,-0.27279338,-0.03413282,-0.14659221,-0.0634287,-0.03745762,-0.08637132,-0.021000324,0.08018413,0.012558703,0.04522099,-0.13749653,-0.055270668,-0.17184797,-0.07397003,0.07069144,0.06274227,0.14691056,0.058201224,0.087344244,-0.0069707055,0.16117461,-0.10737351,0.081583515,0.12438904,0.024832223,-0.20532088,-0.02878264,0.023172716,0.024383346,-0.10348052,0.18147145,0.09843368,-0.07183871,0.14766778,0.03891604,-0.08772497,-0.04675794,-0.14956321,-0.103981756,0.0960653,-0.22270703,0.034848493,0.030867297,0.0073374286,0.16979662,0.04905864,-0.050052352,0.032458853,-0.0053904434,0.037900306,0.08959935,-0.08699556,-0.07874802,-0.058417298,0.18731846,0.09590411,0.022703908,0.014396636,-0.030093092,0.080848746,-0.020384345,0.1184275,-0.07968295,-0.21412908,0.13447309,0.07507478,-0.09637274
TCGA-D8-A1JG-01B,-0.093593046,0.06762372,0.18402644,0.11788835,0.01261621,0.1372376,0.08556948,-0.012866514,-0.002661209,0.042799197,0.045283504,-0.048197806,-0.11689472,-0.014402577,0.16533343,-0.016119193,0.001895288,0.16402557,0.006501333,-0.072162114,0.048443947,0.0024969105,0.016454633,0.16084105,-0.059540115,0.08771459,-0.11567955,-0.06541989,-0.0029431852,-0.11724249,-0.03935143,0.059616797,-0.11931611,-0.22180423,-0.11712536,-0.28703406,-0.009068702,-0.020669768,-0.027502242,-0.084879756,-0.039671514,0.09863577,0.063753486,-0.12073556,0.061028007,-0.10197703,0.026970144,0.066207744,0.09748786,0.23371445,0.04860485,0.15922798,0.05035893,0.12947649,-0.050255008,0.037836283,0.09979894,0.071856156,-0.050941236,-0.03573961,0.019765815,0.022112584,-0.080200985,0.16219507,0.055381533,-0.08883041,0.16120066,0.16578725,-0.17425801,0.010323657,-0.1906749,-0.029336924,0.14491718,-0.07239681,0.061420877,-0.076438054,0.0696917,0.054988146,0.1026941,-0.042480975,0.021004196,-0.056311503,-0.073931314,-0.026749894,-0.0064012995,-0.11375124,-0.043467063,0.15035053,0.20466003,-0.026176423,0.113396004,-0.19672288,0.009534953,0.015038813,0.18902956,-0.06491073,-0.034125,0.01836849,0.0019586168,0.0075203986
TCGA-A1-A0SG-01A,0.09893252,0.12901361,0.107609,0.11035529,-0.04650867,-0.008869312,0.036250148,-0.045639984,0.022508213,0.04494174,-0.028053971,-0.028676549,-0.083360314,0.12495788,0.043007325,-0.0890817,0.0105901845,0.122781254,-0.034502283,0.062362906,0.0154926125,0.073025785,-0.00029477428,0.13524069,0.11206465,0.17772111,-0.1273174,0.0066432385,0.04818891,-0.15020368,0.10300097,0.02738042,-0.14368483,-0.2566222,-0.09059258,-0.19762573,-0.18065338,-0.05347783,-0.14661406,0.09166576,-0.04713387,0.055206075,0.1395859,-0.114374004,0.06940512,-0.066488825,-0.14895703,0.06434918,0.13172811,0.13710628,0.022949498,0.17716146,0.013903582,0.12036208,-0.053366363,0.005850412,0.18835829,-0.043580946,-0.062305424,-0.030547298,0.037200835,-0.012773645,-0.049758695,0.22258064,0.055521782,-0.06718095,0.2260796,0.115507096,-0.14704952,0.11085346,-0.015217457,-0.035947036,0.07151456,-0.13434203,0.111996405,-0.013643515,0.009178453,0.0749409,0.046762448,0.007568658,0.12771899,0.1164824,-0.03116071,0.0076481677,-0.03719254,-0.10043462,0.0010125533,0.018312404,0.15871364,-0.024633152,-0.027509464,-0.22535199,0.026351977,0.046436127,0.074566685,-0.0543091,-0.06844769,0.025812307,0.08796233,-0.13095865
TCGA-BH-A28Q-01A,-0.0048641474,0.118915886,0.12936078,0.17455624,-0.024798961,0.14667402,0.006211348,-0.06684737,0.019131845,0.037794642,-0.038062148,0.0249413,-0.04652623,0.087570935,0.16502346,-0.04119404,0.085159235,0.09349216,0.004817421,-0.035605345,0.01960955,-0.066878475,0.07600454,0.017325064,0.019226141,0.15708876,-0.26869032,-0.10734273,0.010315301,-0.031244827,0.075009204,0.032520816,-0.20225503,-0.24010384,-0.089380264,-0.1394484,0.006141567,-0.048592705,-0.028487302,0.015107746,0.009621444,-0.007895272,-0.03022485,-0.13196236,-0.006464809,-0.026420666,-0.00045845367,0.13274735,0.007914386,0.12292737,0.07893585,0.2361585,0.0043018083,0.12590781,-0.0874793,0.047050133,0.23202711,0.050688975,-0.13304475,-0.08683127,-0.01790701,0.0730936,-0.06517624,0.081213385,0.12378411,-0.11224111,0.11843712,0.09028795,-0.10927088,0.053116787,-0.060820382,-0.015466824,0.09709111,-0.27483025,0.0035178799,-0.10954733,0.00829017,0.12225978,0.14397183,0.034817882,0.13551503,0.14639875,-0.0020581584,0.005643898,-0.089785635,0.014288458,-0.055719692,0.18043569,0.07992705,0.06662816,-0.045262016,-0.16666152,-0.05904411,-0.009170934,0.061007597,-0.052878395,-0.112718016,0.011654303,0.047400057,-0.07043989
TCGA-A2-A0SU-01A,-0.022526288,0.019718155,0.13561663,0.12669067,-0.10061995,0.06940019,0.05194148,-0.00743767,-0.055543866,-0.030738916,0.09640666,-0.049250614,-0.10171022,0.15967391,0.11630046,-0.019924458,0.04904179,0.11010003,-0.04977512,-0.013771799,-0.006689121,-0.009325,-0.0327819,0.19036324,0.1589362,0.16862528,-0.19144768,-0.04542701,0.022140488,-0.11988886,0.0849389,0.032879367,-0.12681444,-0.16141376,-0.109483115,-0.17694044,-0.0031157148,0.053309247,0.005381307,-0.013640283,-0.066244766,0.01888773,0.09641929,-0.027060792,-0.076251164,-0.13508786,-0.057854462,-0.053188194,0.048577625,0.17669661,0.049562033,0.077384345,0.026677232,0.067155465,-0.065962896,0.020904463,0.08625963,0.09317384,-0.1236256,-0.04559282,0.03971949,0.01241127,-0.07259428,0.1408144,0.03382747,-0.106703736,0.2326828,0.024168305,-0.17288083,0.019065047,-0.060900144,-0.022641951,0.013939149,-0.13358775,0.15734906,-0.13445969,0.029662495,0.08258446,0.068500675,0.016245006,0.095171444,-0.015715986,0.025804836,0.049843404,-0.062764764,-0.11622237,-0.010170164,0.18919398,0.25248912,0.040481072,-0.09837955,-0.19813178,0.06718555,-0.009856295,0.26053742,-0.07734844,-0.12162191,-0.07437431,0.07049484,-0.07893829
TCGA-GM-A2DK-01A,0.038172547,0.07477126,0.20720947,0.14758027,0.015610433,0.13645953,-0.044168044,0.04176201,-0.06813139,0.010755681,-0.01680031,-0.10197748,-0.0028455884,0.08501495,0.004803111,-0.08713022,0.046560723,0.21203795,0.0873283,-0.033927478,0.039746575,-0.09236662,-0.052513275,0.025795724,0.07802772,0.08559964,-0.18067755,0.00262696,-0.088928565,-0.12326881,-0.00202009,-0.030673034,-0.26509407,-0.12796725,-0.10215118,-0.16640234,-0.09319906,-0.07400026,-0.059018064,0.0305044,0.025803668,0.059579127,0.09142461,-0.15417749,-0.032265957,-0.13091652,-0.10070755,0.014333225,0.044198442,0.08561628,0.14948727,0.16245788,0.018370131,0.120650925,-0.051639173,-0.017953228,0.12274351,0.04421689,0.045113962,-0.008208927,-0.003789521,0.030435804,0.019750753,0.08614953,0.0019026176,-0.103539936,0.066291094,0.128118,-0.16991498,0.14298503,-0.07267595,-0.086269885,0.12550727,-0.2528628,0.11437263,-0.085488595,-0.050407365,0.13393193,0.10725081,-0.035838857,0.054419722,-0.1129996,-0.09219924,0.048561525,-0.04004766,-0.048684448,-0.09582539,0.12344076,0.17889926,-0.029287463,-0.069061674,-0.117528245,0.07418095,0.04364854,0.10777228,-0.12672631,-0.09351648,0.15354763,0.010748765,-0.15152003
TCGA-LL-A8F5-01A,-0.061769128,0.087301075,0.09044122,0.15511177,0.026968086,0.1453547,0.110188164,-0.005709891,0.09510847,-0.028271168,0.023015436,0.010120252,0.054295804,0.06508078,0.15635657,-0.10154745,0.13027914,0.10217276,0.034335446,-0.037711352,0.015360473,0.022738285,-0.0499311,0.11294181,-0.02106859,0.0912367,-0.10156557,-0.05354464,0.0391095,-0.121090725,0.011176643,0.02525193,-0.117781915,-0.22821398,-0.18625955,-0.16471493,-0.113076925,0.024044275,-0.10288134,-0.0070432834,-0.05205531,0.16229251,0.05820434,-0.013050617,-0.025982527,-0.1148808,-0.08047442,0.06345049,0.13929532,0.10941008,0.06701077,0.20790687,0.022602025,0.17081964,-0.092287354,0.0032042093,0.12869687,-0.006524676,-0.0100648785,-0.06466653,0.07028455,0.06123989,-0.10946556,0.07859157,-0.1368688,-0.11222126,0.15100859,0.093085006,-0.10407585,0.14333813,-0.12149609,-0.0052723135,0.00043705702,-0.15871394,0.08363765,0.047178455,0.023323243,0.13917048,0.03194587,-0.0593167,0.11744974,-0.037945174,-0.12098404,-0.042600058,-0.09743278,-0.13597946,-0.0053908583,0.07553355,0.23405237,-0.056801025,0.07797999,-0.18182273,-0.02425365,-0.040484533,0.17229518,-0.1450274,-0.053856146,0.0033686052,0.0746992,-0.13905959
TCGA-OL-A66P-01A,-0.022504635,0.03405105,0.11997045,0.21059342,-0.096476994,0.018845916,0.046265353,0.12359618,0.038582798,0.039492644,0.07062144,-0.07923806,-0.07374867,0.09239087,0.22028899,-0.014224583,0.08081026,0.18974237,-0.04987924,-0.060427394,0.08111977,0.07697632,-0.034500152,0.10319728,0.062892385,0.068222605,-0.15027052,0.0097776605,-0.13294324,-0.16849701,0.08892557,0.08462547,-0.11934558,-0.14591452,-0.12387195,-0.18840535,-0.13909127,0.017111965,-0.023631554,-0.031743847,-0.10634939,0.019130385,0.08590753,-0.042927798,0.13283245,-0.032997385,-0.11210688,0.044498745,0.11288325,0.13477552,-0.03601488,0.014046974,0.06231161,0.19225621,0.053930767,-0.07208602,0.09940506,0.053582564,-0.091804385,0.08136591,-0.04586276,0.022118842,-0.1337245,0.106181346,0.027452111,-0.041297514,0.06857775,0.08164443,-0.06490542,0.12473053,-0.115781136,-0.052591037,0.017227933,-0.14828598,0.060192727,-0.06906262,0.039299604,0.03961935,-0.026526049,0.018255267,0.06248017,0.06325069,-0.13858953,0.00093833427,-0.12739438,-0.10651913,-0.12589361,0.157063,0.19466154,-0.11543181,0.04397205,-0.10133053,0.055151444,-0.0587437,0.2727763,-0.113916844,-0.123911135,0.09387277,0.076248944,-0.017654799
TCGA-B6-A0X4-01A,0.014607934,0.040247068,0.14843735,0.11776836,-0.08754427,0.077169664,0.051378936,0.10986407,0.018134927,-0.023791023,-0.014208826,-0.023486855,-0.1145108,0.10682505,0.09284389,0.002593346,0.13687728,0.041276373,0.07073958,0.08014943,0.010560728,0.042862665,0.07990691,0.115797386,-0.07028076,0.14707525,-0.14914109,-0.05761831,-0.05769393,0.079915635,0.06550331,0.08430924,-0.12796082,-0.15730008,-0.10517103,-0.17212676,-0.11793762,0.003185048,-0.08970616,-0.118656196,-0.021069352,-0.02657311,0.015233755,-0.113906525,-0.066678286,-0.124987096,-0.046777114,0.07938263,0.13945694,0.14349027,0.14202479,0.11476516,-0.05156503,0.12305888,-0.0826751,0.02169482,0.08224366,0.08566104,-0.053240065,0.016311334,0.08044348,0.06343147,-0.13350338,0.110217266,0.010004366,-0.079242386,0.18062189,0.043378897,-0.10781008,0.1139547,-0.18847224,-0.0076899505,-0.03065806,-0.13875788,0.23540561,-0.10270938,-0.104278944,0.10151473,0.09471432,0.013955278,0.08252976,0.024126787,-0.04984106,-0.06214183,0.051961064,-0.095765345,-0.045940034,0.24402277,0.05926383,-0.01850912,0.027541962,-0.1623418,-0.0071249097,0.071738355,0.15910621,-0.10441912,-0.22250192,0.034094058,0.15398885,-0.061188087
TCGA-AR-A24S-01A,0.016091553,0.073732145,0.08844842,0.20846505,-0.038292285,0.13943003,0.10330961,0.1586666,0.039417315,-0.024408806,-0.028181486,-0.074686885,0.041334447,0.14386474,-0.03510212,-0.09987966,0.14091907,0.17085184,-0.082228884,-0.09800886,0.057814907,0.04190214,0.0115445,0.121122696,-0.0130352685,0.15343699,-0.142735,-0.15059793,0.07025874,-0.048584037,0.021906342,0.062334366,-0.16370845,-0.06015205,-0.13653246,-0.13475488,-0.077879414,-0.099368304,-0.07123296,-0.016460812,0.048239816,0.013080421,0.06399803,-0.06864247,-0.056557275,-0.07256249,0.14525911,0.014293538,0.06634282,0.17927252,0.11479101,0.14876263,0.015913572,0.0384006,-0.038786467,0.10390172,0.0061792093,-0.08405463,-0.04288559,-0.007944484,-0.018157033,0.078870766,0.0062155076,0.11182348,0.009182438,-0.09366886,0.24850217,0.15116338,-0.18421657,0.15995212,-0.1603236,-0.098009326,0.113873035,-0.1530456,0.10481701,-0.09219009,-0.031584766,0.07240793,0.1133735,0.04578639,0.15188052,0.06120446,-0.0011934307,-0.031411707,-0.02533303,-0.021724751,-0.074684784,0.10512803,0.096450865,-0.035335075,0.023948513,-0.09033284,0.04822726,0.04853538,0.1041223,-0.15983865,-0.12397094,0.103527345,0.07648226,-0.18341191
TCGA-E9-A227-01A,-0.02642005,-0.056541372,0.17313245,0.11455548,0.023310535,0.17881677,0.093465894,0.02341589,0.018831229,-0.03772757,-0.07609833,-0.002936907,-0.10711545,0.12027044,0.042082373,0.07604837,-0.017924018,0.0353025,-0.049425185,-0.030669961,0.05049498,-0.0029096205,-0.033340517,0.15033205,0.003649119,0.20994458,-0.20464368,0.03681855,-0.08065765,0.0055784374,-0.056528345,0.05357321,-0.008392088,-0.23379582,0.04548907,-0.21999657,-0.052281994,-0.14860429,-0.112758234,0.032882843,-0.07862793,0.060736127,0.067089036,-0.087237656,-0.063310295,-0.09671802,-0.08430879,0.07387248,0.16110308,0.14975798,0.06508928,0.122708894,-0.054860532,0.1471383,-0.054818526,-0.0033866025,0.21528476,-0.0150237335,-0.035171065,0.022698354,0.05287278,-0.063270174,-0.13394515,0.13257308,0.018305901,-0.056139745,0.19335306,-0.014405126,-0.08177933,0.083546095,-0.1024227,-0.0209388,0.08338859,-0.22356154,0.07860166,-0.10571176,0.056896146,-0.08383261,-0.011212471,-0.092541866,0.1354857,-0.017384712,0.049134497,0.0015992313,-0.036752354,0.01004732,0.00017759005,0.1362407,0.2181469,-0.05798729,0.0612034,-0.058394134,-0.033486977,0.064417146,0.2152216,-0.12660526,-0.07721229,0.11675465,0.025477821,-0.123680346
TCGA-OL-A66J-01A,0.057160717,-0.026659966,0.06051637,0.1486702,-0.06726669,0.08570897,0.039213937,0.024550248,0.040845983,0.048018746,0.010097449,-0.027661877,-0.04409556,0.103038795,0.16821662,-0.10063183,0.030299766,0.09563278,-0.06668941,-0.101392716,0.036233947,0.006640449,-0.046894204,0.14731403,8.122855e-07,0.12682104,-0.17859535,-0.04651641,-0.04783727,-0.16025224,0.072274014,0.001736804,-0.15615796,-0.12836392,-0.066865996,-0.18154404,-0.2003686,0.044249747,-0.09357683,-0.035393894,-0.051677514,-0.025187843,0.054263547,-0.075440586,-0.0044980114,-0.0692259,-0.064855196,0.11376479,0.026358353,0.10348988,0.12958941,0.09470721,0.06512849,0.18540569,-0.15038112,0.021905266,0.09462629,0.09490384,-0.13282765,0.0005751641,0.06835757,0.02874616,-0.029162021,0.17357346,0.064489916,-0.13933374,0.21705116,0.079412386,-0.02012637,0.08743687,-0.1607849,0.041063126,0.09546355,-0.19664213,0.113555804,-0.1557389,0.09805726,0.071292795,-0.04469483,-0.08964958,0.045589995,-0.024934491,-0.024879808,0.0064019044,0.013932927,-0.12968522,-0.12055308,0.120495394,0.14718203,-0.032999236,-0.15762623,-0.17211078,-0.015463508,-0.04708081,0.14555885,-0.17820853,-0.08591583,-0.038922105,0.07849648,-0.11142294
TCGA-E9-A1QZ-01A,-0.0047020745,0.044089556,0.1410903,0.054254618,-0.012918915,0.0693658,0.03608067,-0.09914309,0.04006912,0.037412703,-0.11442829,0.005350424,0.006156303,0.20127377,0.012305159,0.03207432,0.14467151,0.08265305,0.059161592,-0.08629922,-0.0020324131,0.06790488,0.0014799378,0.13698837,0.019876624,0.13074972,-0.039929777,-0.014398818,-0.07596085,-0.041081812,0.06361446,0.14436148,-0.14188644,-0.2294198,-0.10851931,-0.18637064,-0.10778395,-0.10843502,-0.13108361,0.0031858704,-0.075900614,0.04729809,0.10482485,-0.0881572,-0.011283258,-0.1174587,-0.03714021,0.14333795,0.047387324,0.050692193,0.09910065,0.0150853265,0.06618782,0.13351025,0.05086734,0.013266746,0.22001909,0.10492031,-0.03532199,0.092114344,0.074517824,0.09356142,-0.12100847,0.1851149,0.07714131,-0.097027175,0.23846143,0.02933688,-0.11147095,0.07185474,-0.19981135,0.062875345,0.036267262,-0.09079739,0.08696343,-0.08454093,-0.0069268993,0.11870799,0.15748125,-0.025161643,0.06144654,-0.07869993,0.027858665,-0.019139556,0.076841146,-0.051085796,-0.0679037,0.095371336,0.19575362,0.050106596,-0.046416044,-0.14967202,0.063652076,-0.025343576,0.096047744,-0.16000259,-0.118434586,0.059196882,0.06689698,-0.18491472
TCGA-A2-A0SW-01A,-0.053086583,0.08079245,0.17956378,-0.037577588,-0.010409133,0.09251544,0.049331922,0.14429948,0.02135873,-0.00014125888,-0.06241125,0.033540946,0.009308865,0.083815865,0.00518125,-0.08967818,0.06813332,0.19815974,-0.071715884,-0.12714536,-0.07123049,0.04607946,-0.0024897526,0.08159891,0.036393948,0.1269668,-0.18973617,-0.029458653,-0.10565215,-0.11604421,0.07614078,-0.0072307456,-0.11099548,-0.1987374,-0.044193488,-0.2881204,-0.03792703,-0.027950734,-0.08005841,-0.13143286,-0.02632194,0.065719865,0.027589682,-0.05292626,-0.01115162,-0.101520725,-0.011480324,-5.5898712e-05,0.107156485,0.15305987,-0.0063402313,0.14730272,0.11888719,0.04774376,0.0034727745,-0.040634315,0.18643764,0.09893825,-0.18001708,-0.03900283,-0.02635917,0.051062625,-0.012162376,0.110327005,0.080849856,-0.038101617,0.21121384,0.06258285,-0.029661423,0.05716042,-0.16098672,0.019800374,-0.00627442,-0.27008057,0.092312545,-0.029775187,-0.04389353,0.12490074,0.0064717717,0.006727117,0.07063761,0.055963542,-0.108789556,0.012281053,-0.05658593,-0.02602966,-0.0061145867,0.066453405,0.18904693,-0.04276584,0.009160581,-0.24786742,0.065202065,0.0027507162,0.092792556,-0.08646188,-0.12145796,-0.011103356,0.07341121,-0.18650575
TCGA-D8-A1X9-01A,0.1117502,0.11891266,0.04414173,0.06074676,0.01026827,0.09400705,-0.060175225,-0.005647708,0.0027155767,0.034550995,-0.0493227,-0.014886335,-0.030060805,0.1775362,0.13080552,0.01708251,0.10215385,0.12943302,0.012201305,-0.030831797,0.035157267,0.020798506,-0.056854438,0.07422339,-0.026696382,0.08180561,-0.2818709,-0.048464898,0.011106804,-0.02955421,0.0449908,-0.006166896,-0.09168949,-0.115465805,0.0037526847,-0.26622212,-0.023974564,-0.070137724,-0.098172456,-0.020966833,0.0025246886,-0.010644747,0.068919316,-0.026011422,-0.07900406,-0.12171308,-0.044090543,0.13951589,0.18981116,0.18483084,0.10613459,0.13863492,0.019460024,0.14987846,0.046824694,-0.015694335,0.13400334,-0.10311806,-0.0292548,-0.023226622,0.05763608,0.034304637,-0.12284468,0.024991931,0.14618675,-0.070748836,0.14221938,0.047475442,-0.084461026,0.09648301,-0.21500114,-0.117901735,0.10413051,-0.18555653,0.17588274,-0.06324014,0.07115636,0.037699006,0.054467797,-0.06331426,0.17706501,-0.02001874,-0.057810996,0.07952681,-0.023202298,-0.052803587,-0.12181231,0.13320206,0.15760238,-0.053604953,-0.04206607,-0.20101261,0.028249782,-0.020837279,0.11676156,-0.04392772,-0.04428127,0.094745696,0.06831481,-0.19855036
TCGA-BH-A1F5-01A,0.061011437,0.0663351,0.20034014,0.15787151,-0.049357202,0.029737817,0.06975278,-0.036709063,0.06265857,0.084985785,-0.08529716,0.0014623813,-0.10191091,0.15246539,0.08277989,-0.008659322,0.06905532,0.0953919,-0.03180374,-0.029418183,0.03479554,-0.029716952,-0.028871503,0.05719695,0.022870246,0.10121594,-0.17805171,-0.0019996737,-0.079201624,-0.14422117,0.08748576,-0.060303815,-0.065539874,-0.1636707,0.040240582,-0.2169425,-0.098006375,-0.04871836,-0.04217291,-0.06531924,0.0040453547,0.04874773,0.17549242,-0.09185246,0.024728231,-0.22758444,-0.12030675,0.082027815,0.12315623,0.17469577,0.104626685,0.22883913,0.041877657,0.19057861,-0.06759168,0.024422241,0.17025718,0.028615689,-0.09521351,0.048396874,0.0022231285,-0.0018039143,-0.09391449,0.10876289,0.09294516,-0.03647801,0.2790472,0.04379016,-0.13499409,-0.014249688,-0.0093181925,-0.03217124,0.052023713,-0.22486743,0.12488148,-0.08573557,0.06581599,-0.0048374026,0.06258953,-0.007667732,-0.027273439,-0.018013326,0.04925953,0.06705717,-0.007887572,-0.075931326,-0.049381215,0.15259224,0.17251822,0.01731315,0.05110983,-0.07453684,-0.021866163,0.030864958,0.16216737,-0.080655694,-0.07588412,0.029646428,0.09779756,-0.07949822
TCGA-GI-A2C8-01A,0.06646454,0.13319924,0.18836345,0.06363863,-0.04574076,0.18129234,0.022395294,-0.012677824,-0.01808461,-0.08561667,-0.044054396,0.017297728,-0.030968254,0.07553725,0.12450013,0.0010766498,0.10935866,0.14304462,-0.099939294,-0.036414843,-0.02318319,0.064531215,-0.08034094,0.06511488,0.046127994,0.067600176,-0.23710199,0.037283767,-0.039181158,-0.080767736,0.040732607,-0.0069754277,-0.18716,-0.15034962,-0.055097666,-0.16795406,-0.021839943,-0.19864078,-0.050036196,0.111641146,-0.107578374,0.04517587,0.06373502,-0.066098735,-0.099199,-0.18045151,-0.017925296,-0.043229483,0.11736872,0.13728207,0.05268091,0.026906114,0.071332864,0.109249026,-0.0961949,0.0148206325,0.07580074,0.014022248,-0.058802824,-0.028787686,0.0021241172,0.0405058,-0.13299526,0.090803966,0.056174323,-0.049286846,0.17359465,0.18325411,-0.07905003,0.030397177,-0.07525728,-0.061649706,0.088127755,-0.17679703,0.002460954,-0.12294487,0.09380446,0.17441262,-0.03256277,-0.046748664,0.20001048,-0.032635387,-0.108729154,0.07495353,-0.041128162,-0.11700173,0.03488429,0.12601528,0.17556071,-0.013439518,-0.0047307564,-0.19421856,-0.051699944,0.030637907,0.07529938,-0.061202675,-0.15737379,0.1341258,0.03937778,-0.16420135
TCGA-B6-A0RP-01A,-0.015989728,9.10998e-05,0.16350426,0.06868859,-0.08851087,0.11119677,0.07318226,-0.102818884,0.11575996,0.008263763,-0.075905114,-0.11258104,-0.036528513,0.07495605,0.13465162,-0.094235085,0.04672389,0.06719811,-0.11043153,-0.028341841,-0.03963794,0.06782554,0.005011601,0.090206355,-0.05980689,0.11522761,-0.24525476,-0.050436236,0.028870832,-0.07330395,0.115268886,-0.008583625,-0.08832785,-0.20564732,-0.11029691,-0.17771006,-0.04622689,-0.12867415,-0.12665401,-0.02109537,-0.11112827,-0.013630337,0.08237037,-0.03443109,-0.043983612,-0.036185507,-0.09417696,0.040611137,0.14303383,0.1691406,0.10398097,0.11714747,0.10395343,0.07309549,0.04849409,0.05913841,0.050072297,0.0054318286,-0.07137963,0.037493955,-0.054428525,0.03790055,-0.042790733,0.14006075,0.0143101225,-0.17302907,0.18770179,0.15616706,-0.1519041,0.091488324,-0.18095623,-0.004658093,0.013952765,-0.1162443,0.08511591,-0.117218584,0.03256937,0.06350899,0.11561884,-0.009963007,0.09480118,-0.017889185,-0.061109465,-0.035927013,-0.15743382,-0.07677919,0.0028864557,0.13332672,0.094737455,-0.11977207,0.038795333,-0.32742772,-0.024490284,0.010439826,0.123930365,-0.09667947,-0.050078273,-0.004149918,0.008408199,-0.09647289
TCGA-PE-A5DD-01A,-0.06897309,0.021654585,0.18722707,0.07950676,-0.0021645494,0.09179736,0.05979792,0.035162654,-0.040067393,-0.025914304,0.10432843,0.011409008,-0.024676904,0.1327771,0.015218217,0.037554108,0.1188925,0.14137033,0.07928655,-0.0683369,0.055114027,0.079369046,0.110713735,0.11688732,0.106226884,0.051001184,-0.21061113,-0.1248228,-0.07459508,-0.041787095,0.05178321,0.04730888,-0.16076034,-0.24324027,-0.061081756,-0.11676996,-0.113215744,-0.042723946,-0.003699757,-0.036642402,0.064334854,-0.0072188466,0.009240487,-0.060321912,-0.019611834,-0.06858756,-0.057745762,0.03805711,0.115445375,0.13152564,0.18021728,0.052111235,0.009223152,0.18359362,-0.081860736,0.121902384,0.08061183,-0.032588236,-0.1259347,0.0012386596,0.016860073,0.19414578,-0.069169626,0.14233358,-0.03464922,-0.14765023,0.2259346,0.028120192,-0.1414459,0.05885018,-0.16395777,0.0030135035,0.10332423,-0.28104496,0.118771695,-0.14675479,0.0961338,0.087957025,-0.02681331,0.0016193396,-0.009414043,0.028420141,-0.05612895,-0.019550856,0.0051637306,-0.104272045,-0.034615096,0.10155685,0.07241469,-0.003854809,-0.046262123,-0.16332527,0.053948406,0.056704387,0.1440577,-0.085712716,-0.17088298,0.015149451,0.034964755,-0.053098857
TCGA-AQ-A1H2-01A,-0.04643506,0.007981953,0.07814147,0.17045932,-0.06544381,0.07451073,0.08895404,0.04200319,0.055697612,0.10212748,-0.032120146,-0.097385034,-0.13250962,0.15886594,0.08516289,0.03537542,0.10135597,0.16906466,0.081289135,-0.057652574,0.025156511,-0.027868476,-0.012996613,0.16052087,-0.0063609066,0.07764555,-0.25171888,-0.002121032,-0.10228079,0.027944034,0.082741074,0.07561206,-0.11069663,-0.17356429,-0.09828537,-0.11448912,-0.018121768,-0.060009267,-0.1656492,-0.14818922,0.007335314,0.036975604,0.07279225,-0.062594086,0.031703997,-0.11734651,-0.16695493,0.050478797,0.11003064,0.0957466,-0.0396799,0.08863805,0.026893394,0.0664436,-0.12101398,0.1060815,0.14272785,-0.062845394,-0.09649264,0.01868567,0.043670885,0.052266583,-0.11730152,0.086663224,-0.06508715,-0.08879652,0.14600618,0.004560404,-0.09513817,0.10438005,-0.22193126,0.00029008405,-0.07652725,-0.20411669,0.08278979,-0.005356343,-0.045889646,0.08376406,0.027307104,-0.05386357,0.0937507,-0.04900589,-0.11545584,0.067841694,0.0464796,-0.063673906,-0.052474376,0.09199283,0.17478393,0.1699225,0.032723386,-0.2959084,-0.05770599,0.07321336,0.07869629,0.029980445,-0.10124901,0.08460671,0.019685771,-0.066477545
TCGA-E9-A24A-01A,0.031507082,-0.0097411685,0.15726565,0.25496987,-0.09617404,0.1656477,0.01810536,0.0015366568,0.032055333,-0.063168816,-0.013290123,-0.0056506507,-0.08987001,0.1474738,-0.019789858,-0.031106528,-0.01873804,0.09996986,0.0747567,-0.12304146,0.044820383,0.0039912527,0.06676133,0.13889417,0.054676846,0.19480777,-0.1622628,0.00042450853,-0.04518183,-0.039071754,-0.008032095,0.054785166,-0.10455023,-0.21553627,-0.04887945,-0.26877645,-0.06476875,-0.16277927,-0.096687436,0.06828272,-0.050557133,0.052882854,0.013356698,-0.09324874,-0.11312328,-0.077733375,-0.024390994,0.13218276,0.044256173,0.11058178,0.12015679,0.06155829,0.11049817,0.16281828,-0.07637624,0.020542594,0.18429123,0.09194582,-0.16674642,0.05714784,-0.007401731,0.046170242,-0.06866757,0.14539233,0.042640854,-0.065220416,0.10849237,0.007912199,-0.03279211,0.081274584,-0.10877182,0.028814614,-0.0012466153,-0.37751886,0.025232617,0.0017640245,0.059682935,0.13733622,0.044195987,-0.032697164,0.031388335,0.012156777,0.03398959,-0.0673483,0.05340434,-0.02992444,-0.019468462,0.113100864,0.06197221,0.06352035,0.002275921,-0.11069112,-0.01132328,-0.024226192,0.13803564,-0.07942259,-0.054893207,-0.06137856,0.04705821,-0.11144056
TCGA-AR-A255-01A,0.0044012377,-0.025790414,0.18549408,0.11480552,-0.06770289,0.046176516,0.073044315,0.027954245,0.038416527,0.009575653,-0.08544654,-0.12290002,-0.0022473787,0.078178264,0.04269446,-0.09788674,-0.034915704,0.16221677,-0.033195347,-0.0030090434,0.15182547,0.2158175,-0.035896573,0.12792625,0.020448426,0.021796783,-0.23789325,-0.01739031,-0.16057642,-0.028331496,0.06669728,0.08736907,-0.18410712,-0.14012927,-0.10215659,-0.15807162,0.008289712,-0.010950434,-0.11844447,-0.060293417,-0.03897252,0.10573299,0.063235275,0.0077093155,-0.121342465,-0.14904253,0.07668237,0.065247536,0.13462171,0.16916664,0.049293265,0.08211055,-0.016433306,0.15826698,-0.1896541,0.026550425,0.17083925,0.00910247,-0.056652576,0.073627114,0.025495833,0.03514279,-0.13283727,0.08898929,-0.009121661,-0.07734453,0.18269649,0.16028391,-0.014274735,0.086582236,-0.055109333,-0.07811703,0.036661714,-0.05674953,0.17913422,0.012917964,-0.0024462503,0.16197067,0.15210776,-0.065676734,0.06308162,-0.094561785,-0.039870303,-0.021288939,-0.051273245,-0.12819885,-0.124086365,0.07858035,0.13035253,-0.07266291,0.059567776,-0.16591547,-0.014071059,-0.052987084,0.09656491,-0.025259921,-0.13802345,0.05034299,0.032220356,-0.118734606
TCGA-C8-A1HO-01A,-0.021466056,0.036060542,0.2067781,0.1556555,-0.031025218,0.11354082,0.061208345,0.083468005,0.023087224,0.052872125,0.02381577,-0.0014531285,-0.07118216,0.11254091,0.14595728,-0.019759318,0.04471405,0.17856857,-0.030164156,-0.03375908,0.039600674,0.08666412,-0.011684568,0.11589606,-0.022381505,0.18704525,-0.2328959,-0.005436849,-0.058916837,-0.021149728,0.04360879,0.07861474,-0.20455827,-0.26709437,-0.0007624872,-0.1621253,-0.16805144,0.015625767,-0.04738665,-0.0458448,-0.0006927892,0.07760575,-0.048463114,-0.025764743,-0.026047615,-0.06826408,-0.08100123,0.041424308,0.020138668,0.15517662,0.1232982,0.13627826,0.053641178,0.07657,-0.15887822,-0.009760785,0.16398957,-0.008481342,0.059132226,-0.057767548,-0.022310346,0.16019106,-0.18015996,0.14510208,0.009038977,-0.18297021,0.19700852,0.06705988,-0.08557697,-0.030951155,-0.09587461,0.07121803,-0.017553914,-0.19428803,0.1145146,-0.15110745,-0.07366097,-0.038139474,-0.034322895,-0.024300052,0.10023894,-0.019786129,-0.08140386,-0.04014767,0.013007307,-0.07806803,-0.045376036,0.056811977,0.20633513,0.03925062,0.036523204,-0.082742356,-0.042727645,0.0018607343,0.10953282,-0.09824159,-0.068491556,0.05600689,0.0535041,-0.059187528
TCGA-D8-A1Y2-01A,-0.0769689,0.03341212,0.16007881,0.15992305,-0.019201271,0.115745984,0.03287659,0.009243508,-0.036548797,-0.09947736,-0.057990063,-6.236722e-05,0.023008363,0.0746802,0.0015290332,-0.14012927,0.0101141995,0.25923452,-0.0025577336,-0.06649237,-0.008511989,-0.014298685,0.027876114,0.113607965,0.08100963,0.15795013,-0.1524714,-0.069880605,-0.08891529,-0.014819839,0.007686556,0.10511402,-0.001023769,-0.17708126,-0.026598336,-0.18139037,-0.109380655,-0.10600814,-0.032714766,-0.044390373,0.026004478,0.03951417,0.07168013,-0.19381854,-0.09578747,-0.07644437,-0.09995275,0.043511927,0.024360042,0.08668108,0.045997743,0.05886213,0.060842298,0.17398575,-0.031725768,0.080614805,0.043899555,0.0062496504,-0.070816286,0.0054690456,-0.03990615,0.033937413,-0.00017554114,0.13314115,0.04393388,-0.14937848,0.16473606,0.053442754,-0.15947522,0.092078075,-0.23128851,0.13472041,0.07676285,-0.18143936,0.16233757,-0.091611505,-0.05112184,0.09140976,0.052725893,-0.030444803,0.12364594,-0.061516233,-0.030178925,-0.09002537,-0.0380606,-0.11930187,0.0077206334,0.08551129,0.23939344,-0.030119678,0.0132491775,-0.13664155,0.056344125,0.108426966,0.14007716,-0.10890133,-0.17731325,-0.11264172,0.025427248,-0.09379058
TCGA-EW-A1PH-01A,-0.011317791,0.10746226,0.1476229,0.16481325,-0.07467944,0.12323901,0.024650494,-0.0072721457,0.060564186,0.02317684,-0.07195104,-0.004305286,-0.045376174,0.11774123,0.063531645,-0.12090197,0.011321968,0.20736596,-0.032744065,-0.09801155,0.120508514,0.047779232,-0.046649467,0.22246873,-0.12571529,0.08376719,-0.067481354,-0.0652055,-0.06367172,-0.17585032,0.1208208,0.09286461,-0.05245944,-0.11461541,-0.13052604,-0.24920957,-0.053205058,-0.07063206,-0.020588081,-0.07485336,0.018517679,0.09314708,0.037489627,-0.064308934,0.03864126,-0.11946272,0.04683116,0.037490062,0.104291745,0.17017952,0.13118076,0.14661491,0.066665135,0.13695285,-0.12649196,-0.04897522,0.046126176,0.025165008,-0.008694,-0.0038746456,-0.015833715,0.014861414,-0.045619085,0.11352147,0.0758262,-0.17532353,0.23729226,0.11644665,-0.12687089,0.029201046,-0.16521375,-0.02967227,0.029869376,-0.18711635,0.070550226,-0.024302516,0.046475757,0.20019637,0.008198685,-0.035179053,-0.045482755,-0.0045047295,-0.01498019,-0.034442503,0.032196306,-0.07399407,0.04714584,0.17767909,0.15749489,-0.035225574,0.05300379,-0.08551657,0.07319894,0.02265674,0.08265002,0.0038820307,-0.11317547,0.0035604131,0.12684765,-0.15009423
TCGA-A2-A1FV-01A,-0.06510533,0.05458658,0.19262895,0.053687032,-0.06992263,0.15008861,0.0887862,0.06299691,0.014971092,0.07943343,-0.062034536,-0.11157084,-0.12914464,0.108504206,0.15120044,0.03247297,0.074488215,0.16346927,0.09927669,-0.122435704,-0.07233524,-0.010457887,-0.056399442,0.12466477,0.021110049,0.103649646,-0.17845978,-0.09777146,-0.09430189,-0.045969073,0.016338369,0.0074545024,0.015915792,-0.12265689,-0.08599629,-0.20143358,-0.12509611,-0.040371444,-0.07963006,0.019100102,0.034646243,-0.029112225,0.058818657,-0.05741094,-0.023553029,-0.10669846,-0.005750803,0.039844185,0.14794175,0.13060708,0.1449163,0.051960018,-0.02581695,0.14590114,-0.028248372,0.072909385,0.17201695,-0.022177223,-0.022458548,0.038313977,0.020574497,0.016149748,-0.2063812,0.2776674,0.062882625,-0.08747377,0.14801538,0.11402102,-0.18764381,0.099205665,-0.096771985,-0.0067096697,0.0208773,-0.12752098,0.047857996,-0.14475778,0.03932519,0.10269569,0.123184755,0.010932417,0.11173796,0.03578391,-0.01296466,-0.032740023,-0.10038763,-0.02738282,-0.02209573,0.14081211,0.17490475,-0.10405845,0.048984177,-0.08667421,-0.015856823,0.045721915,0.123936206,-0.011402712,-0.14076418,0.091047265,0.08770415,-0.14507303
TCGA-B6-A0WX-01A,-0.00019875009,0.020400533,0.19097689,0.053525224,0.012056841,0.20760372,0.051583733,0.07810946,-0.0013543247,0.04538471,-0.043499127,-0.035308592,0.0018959255,0.12224573,0.10970566,-0.09856933,-0.011888493,0.046028942,-0.087992035,0.006831374,-0.023983104,0.11889571,-0.03933153,0.09314371,0.066184595,0.18901758,-0.1273838,0.08639352,0.033815403,-0.10624823,0.0963002,0.05405928,-0.022102628,-0.22806631,-0.19931151,-0.119326755,-0.1075956,-0.041747317,-0.068803065,-0.027112374,0.018618627,-0.012478644,0.09362345,-0.080231056,-0.019049346,-0.12688826,-0.02098148,0.027080491,0.10460862,0.14817627,0.09492378,0.10905514,0.0251765,0.1550679,-0.02248317,0.038239796,0.044595383,-0.057642743,-0.11555699,0.024113335,-0.011222711,0.077088214,0.026017455,0.1533634,0.017753815,-0.23680745,0.1262962,0.007889461,-0.1056152,0.105912596,-0.14456876,-0.13161813,0.029442847,-0.21509293,0.17099074,-0.06060756,0.061645806,0.07413378,0.15620266,-0.035451334,0.008714701,0.021480763,-0.12572156,-0.040234797,0.01455995,0.013547665,-0.03681735,0.085021324,0.22552021,-0.07055339,0.06217302,-0.14375028,-0.04432301,0.019094802,0.06771725,-0.15441878,-0.17579149,0.10704109,0.072598025,-0.14378822
TCGA-D8-A1JI-01A,-0.025633574,0.0053223,0.2378686,0.18525611,-0.05426965,0.1518203,0.004068426,0.058824457,-0.04544017,0.026343765,-0.026878044,0.00027254078,-0.076908015,0.09221876,0.061512507,-0.08016429,0.036987137,0.13825719,-0.0072386814,-0.034807473,0.012620094,-0.023682931,-0.012346376,0.16388203,-0.08334779,0.12379049,-0.2339832,-0.07822221,0.027724966,-0.10839179,0.066188194,0.083887674,-0.05520792,-0.09135965,-0.025937712,-0.12973611,-0.088888384,-0.013371798,-0.11950926,-0.085836835,-0.036688976,-0.080032006,0.14405587,-0.097395614,-0.0778561,-0.212981,-0.10015728,-0.04609362,0.038200125,0.021812325,0.048700515,0.21214116,0.02013994,0.16610418,-0.038288392,-0.085110486,0.17079432,0.18423967,-0.10027459,0.029071359,-0.036700815,-0.04331903,-0.16458733,0.14676814,0.0021118033,-0.0058689145,0.11433902,0.07472315,-0.07167965,0.09975451,-0.0797963,0.006607168,0.093833484,-0.078637406,0.064788416,-0.062137667,-0.0252575,0.10066301,0.06902859,0.028694896,0.014879264,-0.05671056,-0.05545112,0.010062277,0.04584262,-0.041952018,-0.012561539,0.15608732,0.21155913,-0.061064746,-0.01689973,-0.22796616,-0.031542685,-0.0052359337,0.09221827,-0.10427687,-0.1851062,0.0074956873,0.17243238,-0.14968857
TCGA-AC-A2FB-01A,0.112822,0.11849855,0.226591,0.13969965,-0.10163734,0.052688494,0.1641795,0.010375551,0.021847352,-0.06516902,0.07392584,0.077816665,-0.11659252,0.12868103,0.053054698,-0.056720827,0.092787236,0.24784197,0.067233816,-0.041463803,0.038355682,-0.13327713,-0.087003164,0.1545926,-5.9761238e-05,0.021508718,-0.13869709,-0.033336174,-0.088816315,-0.07653375,0.089712396,0.070129015,-0.049477458,-0.2352233,-0.035927486,-0.2551656,-0.0030104856,-0.012153946,-0.046262063,-0.039281245,-0.08474176,-0.0915454,0.117126666,-0.06757537,-0.068419285,-0.09841636,-0.11340708,0.030924708,0.14231513,0.20424509,0.096634716,0.0518017,0.0047288258,0.13984653,-0.10477912,0.06849293,0.08896674,0.06858078,-0.15213233,-0.008707524,0.031695664,0.059091207,0.01219807,0.2030648,0.07992856,-0.071077116,0.15349391,-0.024067387,-0.0043258965,0.059458937,-0.12975177,-0.10465693,-0.005117967,-0.13026847,0.08337787,-0.12831464,0.033434205,0.08104526,0.037088677,0.06533741,0.00577883,0.034538087,-0.016953927,-0.08274967,-0.08202868,-0.08274663,-0.09023931,0.13639423,0.14312923,-0.051870838,-0.025343025,-0.08826212,-0.023086006,0.08464832,0.09350349,-0.10893792,-0.12446606,0.034406383,0.07139138,-0.056768134
TCGA-AC-A6IV-01A,0.037405074,0.051488847,0.14255175,0.0534754,-0.06318234,0.046740413,0.15316975,0.029150821,0.025500333,0.032996576,0.052664932,-0.03250085,-0.14969188,0.124315105,0.15549824,-0.048972815,0.09024642,0.024779273,0.018980285,-0.11769497,0.04392172,0.049172226,-0.00922566,0.0044534486,-0.06796175,0.096578605,-0.13057566,-0.05698608,-0.014340486,-0.024695465,0.019998662,0.020952081,-0.17420557,-0.20007008,0.0024441015,-0.1832044,-0.1326216,0.027777798,-0.14100511,-0.0275743,-0.07039061,-0.019842891,-0.016510526,-0.022763157,-0.041221593,-0.24752401,-0.014599942,0.03923114,0.101593,0.1450093,0.07607835,0.098114684,0.041596532,0.16336355,-0.08550392,0.062439103,0.17714104,-0.058398932,-0.12809029,-0.046864554,-0.0629178,0.08381002,-0.1586366,0.181209,0.0066571394,-0.13876766,0.1872133,0.10977146,-0.12285312,0.04544286,-0.10955686,0.10145597,0.038959857,-0.14925158,0.045357555,-0.113525845,-0.04194522,0.060287558,0.09047746,-0.08846871,0.15994814,0.04180423,-0.041116588,-0.01146323,-0.06674549,-0.16840082,-0.01599423,0.19767328,0.19590352,-0.11775373,0.0013728611,-0.060983393,0.09067291,0.033672154,0.13571975,-0.10322457,-0.13674344,0.047242552,0.061197773,-0.0028215921
TCGA-BH-A0BS-01A,-0.063115515,0.05902129,0.124478385,0.28280932,-0.016095553,0.15658312,0.12653002,0.0037605339,0.053845633,-0.0011639337,-0.0658571,-0.010909527,0.025676638,0.133641,0.09605568,0.08560318,0.041958205,0.1962573,0.084084615,-0.104166254,0.12585466,0.0034859765,0.03063483,0.1697755,0.053353485,0.10009514,-0.052301206,0.055086453,-0.025060188,-0.0032033357,0.06421732,0.022417832,-0.103856824,-0.14245929,-0.088717826,-0.12491148,-0.11753634,-0.10436765,-0.053274244,0.10053033,-0.010583316,0.06446378,0.036828518,-0.094259836,-0.044510953,-0.1262444,-0.069456734,0.02702877,0.09686461,-0.05244749,0.0530702,0.17722687,-0.022441857,0.18234211,-0.16903423,-0.051206224,0.07728821,0.10362916,-0.14674826,0.016741829,0.0062549226,0.001859724,-0.092055485,0.25816557,0.061893117,-0.12600933,0.17657138,0.016541854,-0.07362964,0.057261206,-0.089145094,0.023708468,-0.06487501,-0.17916587,0.04755603,-0.063925564,-0.048247356,0.10507126,0.021732703,-0.06926955,0.060227934,0.012624978,-0.029569997,-0.0016940259,-0.086362,-0.10235243,0.0051804837,0.063187346,0.13310777,-0.08809384,0.06069395,-0.12817505,-0.0072805095,0.004287729,0.20007123,-0.13369446,-0.2324018,0.115663126,0.049165726,-0.03563621
TCGA-AO-A0JG-01A,-0.081237026,0.04987752,0.1195715,0.13068247,-0.062412377,0.03104618,0.0074213343,-0.03720754,0.048872396,0.073397845,0.020727634,-0.11607039,-0.03946092,0.118250534,0.07509701,-0.0537637,0.025057754,0.14106604,-0.050066486,-0.08085443,-0.02453761,-0.018922111,-0.10199725,0.20879,0.05095129,0.1271111,-0.21565227,-0.10924286,0.0074096452,-0.06367781,0.19920312,0.054189477,-0.163261,-0.1341214,-0.017648514,-0.15513675,-0.11158622,-0.0018607327,-0.0043952176,-0.08719527,-0.091422796,-0.009812622,0.01994096,-0.12898669,-0.12647021,-0.029995231,-0.008570046,0.07988542,0.009387476,0.13500573,0.040408954,0.044906564,0.0515081,0.16912758,-0.076940835,0.09299842,0.07344941,0.0638431,-0.17196262,0.06622069,0.020162266,0.08218662,-0.0543282,0.1217621,0.05549221,-0.10793978,0.19789602,0.035209663,-0.091648035,0.01239284,-0.17631643,0.051225275,-0.06515515,-0.13401096,0.043151077,0.027338983,0.075718425,0.11879398,-0.00020956412,-0.07468771,0.05250354,0.038996976,-0.12879753,-0.08743143,-0.10478624,-0.0076448717,-0.037001044,0.22363149,0.12757336,0.14362574,-0.0021125744,-0.18140773,0.041258488,-0.02630872,0.21571068,-0.039235085,-0.13956527,0.10764468,0.0056842347,-0.18709315
TCGA-AR-A1AO-01A,0.11472911,0.011510846,0.15934612,0.12522139,-0.1633761,0.04972949,0.07710747,-0.06073384,-0.024407472,-0.06749117,0.034832858,0.004908767,0.01907996,0.18609707,0.15757209,-0.10343875,0.06292171,0.16501328,0.015449638,-0.072387345,0.08074482,0.103739135,0.009038097,0.13079791,0.03605273,0.110845074,-0.1563075,0.034700505,-0.04193604,-0.11119623,0.042484462,-0.016976552,-0.19289781,-0.15584567,-0.09684765,-0.11362124,-0.14659895,-0.051728133,-0.085864566,-0.055217464,-0.075668685,-0.029610798,0.042738277,-0.063022524,-0.07340152,-0.10702777,-0.117542095,0.05111111,0.09873291,0.19109438,-0.023689123,0.12419877,-0.05859373,0.12611592,-0.13762186,-0.0001930218,0.20580886,0.06630251,-0.04691838,0.007521636,-0.05665382,0.086243145,-0.11211333,0.1116034,0.14449964,-0.12929451,0.16520135,0.04064464,-0.13144001,0.08927851,-0.19725418,-0.036088713,0.09883177,-0.16732807,0.13430052,-0.07281282,-0.062035065,0.023423392,0.063651435,-0.0063628564,-0.0048051146,0.10337314,0.043475833,-0.08560449,-0.12159338,-0.02118111,-0.007637937,0.07605028,0.16776958,0.04362901,0.007205894,-0.15012768,0.009394478,0.055650722,0.085485786,-0.016398758,-0.057417434,0.070499,0.03656808,-0.1961638
TCGA-5L-AAT0-01A,0.09496691,0.06138696,0.19503054,0.1434865,-0.19304131,0.18051222,-0.12669893,0.058806077,0.007032059,0.040898524,0.0642844,-0.018426735,0.012551026,0.10179677,0.10873469,-0.0999471,0.06732278,0.13162066,0.03297488,-0.0732017,-0.037213814,-0.13057485,0.00558417,0.14168617,0.06946514,0.08156019,-0.14127874,-0.0072002076,-0.042176697,-0.11110276,0.092798986,0.07357122,-0.062232543,-0.15303801,-0.083541416,-0.25277647,-0.124384716,-0.09869193,-0.04988566,-0.055825166,-0.17045763,0.034690246,0.01957158,-0.082470745,-0.14026487,-0.15439256,-0.017891575,0.046433583,0.052213993,0.034074403,0.0819583,0.051081423,0.057292547,0.1674983,-0.042460587,0.0854406,0.15640542,-0.058255527,-0.10054792,0.10662729,0.07255116,0.023925085,-0.09337377,0.12552668,-0.016947916,-0.229249,0.13385251,0.016297411,-0.15466598,0.07038439,-0.051491376,-0.009465286,0.0162426,-0.15551479,-0.008848423,-0.1487185,0.08471581,0.011179595,-0.03478365,-0.095340736,0.060259834,0.07923534,0.03751742,-0.030670404,0.012643204,-0.06663143,0.0049554664,0.149811,0.17819245,-0.06864649,0.03455839,-0.04556867,-0.061220694,-0.015159513,0.2238481,-0.08188984,-0.09137458,0.01659966,0.005208242,-0.114504665
TCGA-B6-A0RS-01A,-0.005861756,0.08726137,0.21740972,0.14724869,-0.103932455,0.12851891,0.14727843,-0.0111576,0.07419023,0.027849177,0.093110755,-0.02537453,-0.09785437,0.04266989,0.09458164,-0.023986949,0.0590429,0.1840659,-0.10527469,-0.0023805653,-0.11000828,0.06489021,0.088265695,0.05988564,-0.043804247,0.09691271,-0.17438243,-0.056268018,-0.015885022,-0.10955881,-0.024342597,0.07146268,-0.110146895,-0.14582679,-0.14208217,-0.12171309,-0.07943684,-0.10349299,-0.046668556,-0.017468752,-0.09570715,0.072184846,0.089219786,-0.10972581,0.09148336,-0.10613708,-0.1261802,0.08447199,0.091847055,0.13521878,0.094399765,0.07872823,0.16819166,0.088541836,-0.1561019,0.029746946,0.12714241,-0.035853803,0.019348292,0.08297299,0.025944075,0.115189105,-0.122229695,0.10746168,0.06118928,-0.05534875,0.2588727,0.1331766,-0.04957753,0.046875853,-0.1667935,-0.07568215,0.06626636,-0.13812274,0.046299838,-0.10395723,0.011538638,0.07387694,-0.0048576347,0.051670335,-0.042255778,-0.041854847,-0.11536828,0.045734994,0.071951695,-0.028058438,-0.016673224,0.16193877,0.13161168,0.027456466,-0.051453263,-0.07441554,-0.03435413,0.030612448,0.11092264,-0.2107288,-0.15141836,0.09993878,0.13800357,-0.05036489
TCGA-E9-A1NH-01A,-0.010641231,0.028420772,0.13580877,0.13749212,-0.030555133,0.11978676,-0.01392304,-0.049715225,0.03375309,-0.048400242,-0.115981676,0.05253674,-0.08065369,0.0989458,0.038163528,-0.045407955,0.12866399,0.10604164,0.017008295,-0.061967023,-0.0051869582,0.06953899,0.010649615,0.17511685,0.11025953,0.13016799,-0.24220312,-0.08080811,-0.044104986,-0.13380872,0.06199201,0.04364015,-0.08135608,-0.1400871,-0.11400556,-0.12720183,-0.11161548,-0.09116261,-0.102264486,-0.035723872,0.040369816,-0.012247618,0.18348509,-0.05429878,-0.04330446,-0.031400383,-0.09060886,0.110373214,0.13055295,0.12072789,0.09524495,-0.0012612606,0.113265395,0.056159332,-0.105361536,0.018026536,0.086320676,-0.07655949,-0.12118188,-0.11825596,-0.08216686,0.13497387,-0.09641208,0.21533963,-0.00073319115,-0.08684043,0.20291263,0.09091625,-0.06428933,0.19415818,-0.116026685,-0.010459607,0.023557264,-0.07174066,0.12681454,-0.04664856,-0.054615986,0.096597895,0.022743944,0.028229285,0.07695357,0.013461074,-0.0745349,-0.033872757,0.033574097,-0.08882612,-0.062861994,0.10651671,0.27332887,-0.055183165,0.08631253,-0.23470205,0.021075511,0.05453484,0.10054403,-0.035926692,-0.15502825,0.026352998,-0.037139118,-0.09064918
TCGA-BH-A0BC-01A,-0.045853075,0.024294876,0.124796346,0.07584805,-0.022617139,0.061487157,0.0858382,0.09819014,0.059723217,0.13460302,0.03630797,-0.13126391,-0.023798633,0.13344607,0.067913756,-0.07317026,0.122719556,0.10542124,0.09091598,0.0043482166,0.04523447,0.10915725,-0.119231954,0.055504438,0.061230194,0.1938511,-0.1701207,-0.047702994,-0.052655727,-0.1927693,0.08086893,0.025831355,-0.07168534,-0.21820611,-0.17794043,-0.17196028,-0.048366908,-0.018092833,-0.049457237,0.040652506,0.020620553,0.01616076,0.071738325,-0.12265036,-0.091212004,-0.0403789,0.023408812,0.14141028,0.18337287,0.11198058,0.060172714,0.071905784,0.008103336,0.21785152,-0.17149182,0.08608641,0.26977998,-0.0030348839,-0.10270764,0.016706387,-0.061349656,0.08964166,-0.03007454,0.17305848,0.022003785,-0.091227345,0.14412048,0.097819455,-0.100659266,0.044926044,-0.108633764,-0.003927186,0.084402606,-0.14295904,0.13839039,-0.041356746,-0.022556694,0.101333305,0.07161334,-0.036209255,0.08702789,0.03871646,0.105223276,-0.01260259,0.006868618,-0.04809693,-0.02742998,0.21214107,0.12189775,0.0029924286,-0.0151697295,-0.06589724,-0.043780442,-0.0020768433,0.07305574,-0.033124335,-0.05396245,-0.0030524253,-0.018144146,-0.18651749
TCGA-BH-A0H3-01A,0.0058975453,-0.009282802,0.08564586,0.12900157,-0.018220734,0.036687262,0.1002377,0.017378878,-0.062977426,0.06389488,-0.105607405,-0.055748016,-3.762656e-05,0.14499326,0.09875967,-0.106093615,-0.02009823,0.2185518,-0.010798253,-0.0526007,0.009545183,0.10637349,0.066267096,0.058352057,-0.045868453,0.14282602,-0.1623973,-0.06235558,-0.08160156,-0.15388802,0.06762316,0.13738994,-0.16670996,-0.17467119,-0.05167809,-0.17765883,-0.043994244,-0.047634576,-0.09782351,-0.07174329,-0.056009393,-0.08044418,0.074458785,0.025713265,-0.040621657,-0.064708054,-0.1926913,0.05134949,0.09945594,0.21987043,0.058693226,0.10008367,0.046421725,0.26098233,-0.17620109,0.022895254,0.1517179,0.033376895,-0.07944424,0.032925718,0.09379551,0.0538478,-0.117320634,0.24923602,0.10463901,-0.11394852,0.10246433,0.08814102,-0.096550874,0.054615844,-0.0744068,0.030168066,0.20930293,-0.1089578,0.087348185,-0.06662314,0.022520665,0.13314594,0.025588911,-0.0016502071,0.056870107,0.004719663,0.0321446,-0.03939922,0.02114802,-0.07926783,0.021143243,0.17629571,0.055594716,0.05512096,-0.06044583,-0.07273456,-0.0010464453,0.025182473,0.1601899,0.057802714,-0.08928936,-0.030533584,0.0824905,-0.0713839
TCGA-AO-A03L-01A,0.014834899,-0.008335,0.08573925,0.16188405,0.04146472,0.16024555,0.03630427,0.065136746,0.04527625,-0.053702105,-0.06678679,0.015785199,-0.09379392,0.01565137,0.13213022,-0.07685203,0.0069567994,0.16173415,-0.0053412677,-0.045941267,0.0646288,-0.023527969,0.02551624,0.1218979,0.04894061,0.098556116,-0.21730916,-0.03494149,-0.067099094,-0.065016404,0.046773963,0.0033389041,-0.12270773,-0.1759035,-0.08244612,-0.22499046,-0.05657091,-0.10432756,-0.11778798,0.01822248,-0.14127624,-0.03742433,0.0049277972,-0.10732656,0.0111936685,-0.011039982,-0.1545347,0.040284928,0.17065988,0.09967682,0.09514592,0.15418878,0.20331378,0.0987467,-0.080476575,0.058113363,0.12494083,0.05134361,-0.06393109,0.0046448484,-0.083208434,0.091039196,-0.102081925,0.06950871,0.103717,-0.0569679,0.2255537,0.07913203,-0.12416013,0.07828264,-0.11551518,0.06581018,0.083950914,-0.13136034,0.07333713,-0.15259723,0.05642173,0.14607908,0.047289018,-0.0373004,0.06386023,-0.09004773,-0.019155912,-0.052736253,-0.03183648,0.052695602,-0.007482509,0.20393358,0.14761513,-0.08838019,-0.05890149,-0.1880063,-0.02180688,0.015283835,0.15711275,-0.030688092,-0.1404854,0.02247811,0.104957625,-0.12966248
TCGA-BH-A1EV-01A,0.019335136,0.044228572,0.19670103,0.12358207,-0.036293697,0.1409817,0.096490555,0.069814585,0.042927936,0.07592707,-0.032964833,-0.015631374,0.065694556,0.16842178,0.124451295,-0.08415438,0.02131264,0.16837353,-0.010725706,-0.02682385,-0.059999544,0.0501117,-0.024948714,0.20644352,0.03548731,0.07292671,-0.17542836,0.012114335,-0.035867378,-0.056722008,0.08898575,0.025484337,-0.023243066,-0.09028255,-0.18761876,-0.19984417,-0.0984897,-0.0814204,-0.12265372,-0.07953363,-0.12257606,-0.033337303,0.123187326,-0.1171248,0.031535435,-0.05893007,-0.08973174,0.10237078,0.16331048,0.05480617,0.078951575,0.11823405,0.018955957,0.063400716,-0.16784202,-0.07047513,0.12637,0.06835235,-0.083237775,-0.082636416,-0.042024806,0.06286511,-0.14217713,0.1491506,0.13465141,-0.17862746,0.18022424,0.06979762,-0.020144463,0.088410474,-0.0021946656,-0.021261292,0.043357827,-0.116825424,0.13219169,-0.050911512,0.08700097,0.084451355,0.08030961,-0.05303867,-0.019347204,0.03602835,-0.05636625,0.040155426,0.0049561877,0.016163712,-0.010630374,0.19498174,0.19326359,-0.11300989,-0.02252479,-0.16395149,0.11437969,0.023213392,0.07792844,-0.057323385,-0.15645377,0.087327465,0.07550003,-0.12742318
TCGA-A7-A26H-01A,0.06444269,-0.10326131,0.05682701,0.2210073,-0.08042872,0.114115216,0.120021746,0.024450587,-0.042091165,-0.026925107,-0.059392612,-0.008555781,-0.079734094,0.08458185,0.0754594,-0.07194603,0.05781564,0.1623817,0.035218477,0.029672218,0.09703139,0.05620672,-0.012106767,0.14575367,0.043140993,0.18049681,-0.29516584,-0.074793026,-0.07923626,-0.0528299,0.08197219,0.073584475,-0.08938792,-0.1161987,-0.0073526283,-0.08792278,-0.0726524,0.033820003,-0.092379354,-0.005977698,0.030481365,0.13012001,0.043311868,-0.08514432,-0.034320906,-0.0502327,-0.042045016,0.06565678,0.084520295,0.11991175,0.024795625,0.08430316,0.02486674,0.18564594,-0.06159892,0.06584394,0.040629942,0.0751532,-0.14756511,-0.07669166,0.03764809,0.11140479,-0.12748587,0.13770829,0.07517716,-0.089906275,0.20967099,0.16559952,-0.06511911,-0.017986739,-0.15611172,0.009310829,-0.0053643533,-0.17615347,0.2127892,-0.058309954,0.09604946,0.07790686,0.07250369,-0.10541661,0.100103796,-0.058965854,-0.11563639,-0.018343816,0.07978964,-0.15728551,0.013706,0.095164895,0.10756064,-0.09375197,-0.041232754,-0.22626571,0.058577843,0.10009804,0.14504814,-0.112531126,-0.051599972,0.01732858,0.0042323237,0.0006939051
TCGA-B6-A1KN-01A,-0.00650206,0.065278105,0.23076977,0.07410119,-0.035126477,0.13286386,0.16073968,0.0121126855,0.16432483,0.0064342273,-0.040440034,-0.10861762,0.023747338,0.20329528,0.14706817,-0.04935739,0.04906884,0.22835161,0.002680619,0.0054591023,0.052633084,0.037545465,0.012195155,0.12024032,-0.09247673,0.075844064,-0.1406914,-0.071647264,0.021491067,-0.0841877,0.09841943,0.04835887,-0.11177609,-0.12581491,-0.029632255,-0.18042676,-0.082890116,-0.10392175,-0.003006677,-0.059631594,0.03666325,-0.09734142,0.070289515,-0.046514176,0.0341434,-0.07583962,-0.06604178,0.0080245305,0.019491427,0.13208537,0.04537343,0.02425677,0.12721881,0.11983145,-0.12847845,-0.09314245,0.03427438,-0.127998,-0.098401025,-0.0066239913,0.030216238,0.069781445,0.0053085126,0.13382776,0.0014438354,-0.024506167,0.15701725,0.12739863,-0.096496455,0.06285897,-0.12922724,0.009431281,0.06876289,-0.20351242,0.09582791,-0.12278418,0.031705987,0.08889536,0.059883367,-0.022679593,0.06902439,0.0039633624,-0.13234179,-0.04247379,-0.10285833,-0.18991002,-0.06889453,0.16955732,0.220868,-0.10637859,0.043171246,-0.16534269,0.02316203,0.0034414583,0.18310021,-0.0631159,-0.12435401,0.020146657,0.068984725,-0.082589254
TCGA-D8-A1Y0-01A,0.13382721,0.04474565,0.1628246,0.18080424,-0.084563114,0.11411987,0.11736534,0.054827224,-0.015864449,0.080111735,0.02373693,0.07242698,-0.06303228,-0.04829486,0.019259233,0.028844194,0.14765066,0.1359195,-0.010480896,-0.05664056,0.014105805,0.035822686,-0.060805093,0.102470115,0.044657376,0.084920146,-0.17293316,-0.03609945,-0.10428105,-0.07271408,0.08172312,0.1272179,-0.08398377,-0.1360968,-0.028562136,-0.14165436,-0.114430174,-0.023732863,-0.19792968,-0.06932086,-0.0034550133,0.011902417,0.009464675,-0.04497934,-0.113982596,-0.12809272,-0.08831645,0.03266474,0.2142132,0.119987085,0.050306756,0.12268764,0.115907855,0.05951481,-0.15087199,0.019659324,0.15850574,-0.019135946,-0.029043246,0.010662296,0.016772006,0.13668291,-0.075001694,0.12164936,0.01310806,-0.14305896,0.19062729,0.029306753,-0.13038187,0.037887525,-0.10553696,-0.11462239,0.107704856,-0.2656869,0.14859211,-0.09152057,0.08411672,0.06477479,0.053931493,-0.09423246,0.09426907,0.045890227,-0.109514184,-0.052352186,0.023553114,-0.034056474,0.07858804,0.106817104,0.19905442,-0.05281165,0.013721874,-0.08953423,-0.009048851,-0.082820825,0.14552549,-0.024076097,-0.1490126,-0.06770885,-0.0031014837,-0.09686213
TCGA-3C-AALI-01A,-0.013289115,0.055714127,0.10027572,0.18745163,-0.010808429,0.16216202,0.11005412,0.06496997,0.034074094,0.058160648,-0.06399162,0.055840895,-0.035169594,0.10858997,0.14108008,-0.16738364,-0.03832256,0.23199129,0.0040031145,0.024131496,0.019539623,0.085359275,-0.045924705,0.12840272,0.04707089,0.16239558,-0.1176875,-0.051515795,-0.047299713,-0.09844473,-0.0064803055,0.13446072,-0.11247252,-0.16280447,-0.10726479,-0.14090897,-0.03637959,-0.014264851,-0.14656512,-0.046194077,0.06740971,-0.08311734,0.057519868,-0.08473053,-0.09864825,-0.0021743695,0.01347689,0.09860291,0.11058843,0.22847165,-0.008945161,0.10343873,0.06238407,0.07104304,-0.08728572,0.003497124,0.14077382,0.07205076,0.04970583,0.012908966,-0.06503015,0.14736918,-0.18919685,0.13371041,-7.630785e-06,-0.09164207,0.20618792,0.06990848,-0.03890072,0.04388143,-0.18285303,-0.015090453,0.031850982,-0.2107151,0.03763345,-0.13655633,-0.07913055,-0.0049557015,0.025123866,-0.0141686285,0.09017525,-0.0096766325,-0.10774162,0.10588072,-0.06804841,-0.05510769,-0.032719966,0.11162156,0.16984616,-0.02685537,0.07208292,-0.15390442,0.090894565,0.11746064,0.12085558,-0.13584034,-0.071313635,-0.0014958134,0.0054200436,-0.07790541
TCGA-E9-A1N3-01A,-0.03905108,-0.057075344,0.17531972,0.19773754,-0.039159093,0.23228356,0.04967883,0.065545976,0.035805993,0.0012173664,-0.05689658,0.015989581,-0.061693184,0.12306262,0.12629278,-0.023554984,0.043593608,0.11154376,0.0024528725,-0.020432413,0.023365242,-0.03483348,0.024155486,0.12959501,-0.0006152769,0.11316668,-0.101123415,-0.0031664455,-0.030931756,-0.013895739,0.12491581,0.09461316,-0.16023365,-0.1312241,0.08554955,-0.23341374,-0.11717811,-0.07128303,-0.14647698,-0.028034715,0.038723316,-0.01835467,0.1628328,-0.17201376,-0.018973693,-0.06311168,0.018217612,-0.032157015,0.18722826,0.119489826,0.1555421,0.04825423,0.03301276,0.17792413,-0.108447015,-0.067855395,0.07261907,-0.10682917,-0.15078554,0.043685053,0.05727611,0.04427955,-0.06718763,0.16948625,0.11992369,-0.069219716,0.08209799,0.085384525,-0.047089063,-0.001646526,-0.056345716,0.05026864,0.13965665,-0.20245716,0.096774586,0.01592809,0.108870946,0.13123004,0.06309637,-0.03778988,0.094610155,0.031551093,-0.040633082,0.059776064,0.0008546148,-0.0695985,0.0017776157,0.19477192,0.13340919,0.046224274,0.07792325,-0.2090493,0.03151039,0.04751077,0.14932376,-0.080679305,-0.07808173,0.04929731,0.038747974,-0.10295096
TCGA-BH-A0B6-01A,-0.10720369,0.08451642,0.17174453,0.11815207,-0.02390042,0.07371291,-0.06839722,0.029956285,0.05736698,-0.018481707,0.06679865,0.043853078,-0.052615363,0.069663055,0.09589505,-0.1680246,0.14173235,0.13337184,-0.1493666,-0.02156375,0.03076321,0.03429705,0.080303,-0.013948003,-0.036421094,0.08342819,-0.11671829,-0.08410864,0.04186783,-0.15303816,0.034777213,0.0031456826,-0.0947773,-0.087762706,-0.20203634,-0.11586721,-0.06596432,-0.085002735,-0.066301115,-0.030979753,-0.071482114,0.05114297,0.0833058,-0.10264362,-0.058697015,-0.11414603,-0.12285918,-0.04569005,0.1113388,0.13343818,0.060932353,0.127605,0.11426702,0.22232285,-0.08081253,0.078164525,0.017910697,-0.01749649,-0.08852397,-0.0045423466,0.03665421,0.07306005,-0.046576995,0.20572686,-0.024305254,-0.17355937,0.12590787,-0.030961607,-0.19590002,-0.050765894,-0.18465696,-0.14250246,-0.013213783,-0.23107894,0.0433644,-0.1089465,0.022235347,0.10826555,0.08150014,-0.08261426,0.070161805,-0.05234993,-0.0076375883,-0.035094533,0.029532552,0.012107714,-0.09610667,0.19333188,0.13262531,-0.08658007,0.014250795,-0.21074194,-0.009789298,0.022460738,0.052463993,-0.10034723,-0.03854428,0.05987041,0.12727293,-0.13379137
TCGA-E9-A5FL-01A,-0.083932824,-0.021125032,0.18451025,0.115969904,-0.0231206,0.07266003,0.061279498,0.07379865,0.080605544,0.03639762,-0.035972886,-0.0033009225,0.0062336638,0.1341366,0.17608039,-0.08023148,0.06950181,0.20505337,-0.028650058,-0.0019501802,-0.034997173,0.021360872,-0.10823681,0.17516932,-0.03966676,0.14804001,-0.19352517,-0.030936887,-0.02574807,-0.08447167,-0.013250408,0.05130716,-0.12877671,-0.1402692,-0.1484888,-0.14458685,-0.108940884,-0.06457829,-0.058278464,0.015720636,-0.14269717,0.0142503055,0.20648873,-0.088920765,0.103663914,0.00025560602,0.044170305,0.057792835,0.05705843,0.10197339,0.061552845,0.090072826,0.025539927,0.12309869,-0.08014198,0.10142683,0.102512956,0.06985418,-0.064685054,-0.08099492,0.046906624,0.04841978,-0.034052726,0.15166762,0.04533517,-0.12470076,0.27820423,0.10478838,-0.0889797,0.08225431,-0.042315032,-0.06278658,-0.03825828,-0.25401002,0.085485764,0.0012562367,-0.034442093,0.08710471,0.13861015,0.0383607,0.0059204376,-0.024844468,-0.1506657,0.021729529,0.0045301365,-0.113923274,0.012992899,0.21824667,0.074827574,-0.034195613,0.034068134,-0.17375569,-0.015472083,-0.030836426,0.073772766,-0.018656382,-0.116346695,0.046798244,0.13110408,-0.10181882
TCGA-C8-A26Y-01A,-0.022141598,0.021951122,0.17786926,0.09660843,-0.1567704,0.13739903,0.018075274,0.09781226,0.0002631161,0.003468107,-0.009617007,0.10837309,-0.102680385,0.16700701,0.1107489,-0.14599386,0.03674402,0.075346485,-0.015169032,0.016160721,-0.047572915,-0.003030691,0.01425256,0.107360736,-0.027961725,0.18294577,-0.22550815,0.015679525,-0.09862511,-0.10779401,0.17316642,-0.013464205,-0.1676007,-0.19730677,-0.028670447,-0.09939678,0.02371787,-0.047247257,-0.06721616,0.027370024,-0.04989348,0.10837571,0.0820081,-0.012156614,-0.0040824334,-0.07821263,0.012089883,0.012111704,0.02027127,0.15367429,0.0764231,0.09146184,0.1412121,0.1281637,-0.11605968,0.12486598,0.06893049,-0.0036440308,-0.068402894,-0.04261083,-0.13690127,0.023429653,-0.013081323,0.09128414,0.1298991,-0.09260431,0.13561349,0.1074786,-0.16783719,0.09227715,-0.061515685,0.006224047,0.13109791,-0.17562185,0.14540382,-0.07113213,-0.014021435,0.07026525,0.04635927,0.07018557,0.12327611,0.0433126,-0.08763732,-0.040358763,0.004145174,-0.108549654,-0.005573578,0.19711655,0.22376803,0.010653856,0.10628063,-0.11731561,0.045611482,0.029113116,0.06990277,-0.13435942,-0.10035862,0.074504346,-0.06039886,-0.16320471
TCGA-AO-A0JB-01A,0.0050102025,0.089653715,0.170876,0.16396941,0.025236493,0.10838254,0.05239701,-0.03267576,-0.007224387,-0.0121332165,-0.0028782731,-0.024011575,-0.04688647,0.17249042,0.119780175,-0.024704885,0.02534052,0.23832496,-0.04580236,-0.03885056,0.028275076,-0.042586792,-0.022733731,0.18023135,-0.056199476,0.1240343,-0.18474376,-0.04954482,0.02441862,-0.053786706,0.15138467,0.10628094,-0.11078158,-0.13418858,-0.091978736,-0.24154943,-0.021224117,-0.006965405,-0.08329593,-0.0058319913,-0.02775039,-0.026873354,0.061360292,-0.03173581,0.0011826396,-0.025921203,-0.1413624,0.019201498,0.1628782,0.13565524,0.13388702,0.028440986,0.054971028,0.11448334,-0.07019311,0.042478986,0.13752013,0.056025784,-0.075367086,0.04933978,-0.11358765,0.01455172,-0.09108859,0.13395667,0.11230093,-0.005159934,0.20617877,0.0916161,-0.055933557,0.13688087,-0.013010187,-0.1292367,0.05567857,-0.17743312,0.16262507,-0.08520106,-0.011648617,0.08715914,0.10472177,-0.07620688,0.08846924,0.07411776,-0.06730669,-0.074488245,0.0061220345,-0.11179849,0.029828157,0.03482539,0.2371692,0.01032044,0.081976764,-0.25985938,0.03930821,-0.041680444,0.023501724,-0.028992435,-0.11631858,0.025738299,0.043632932,-0.100462
TCGA-EW-A1OZ-01A,-0.04087217,-0.019334853,0.17220996,0.15860224,-0.05500614,0.15007894,0.11633517,-0.004167033,0.026886031,0.11400435,0.004307886,0.10383683,-0.06991901,0.11211023,0.052800074,-0.029125744,0.10986675,0.18646374,-0.05705298,0.0072274287,0.08883158,0.14791249,0.04042878,0.05962166,0.029466564,0.05962674,-0.24940489,-0.03936402,-0.054922443,-0.08603547,0.06734053,0.050691683,-0.027858319,-0.17388403,-0.10107012,-0.15887707,-0.16548982,-0.009210651,-0.06901835,-0.060515445,-0.16217548,0.055188004,0.030820401,0.021876734,-0.06445444,-0.05004659,-0.10747013,0.08758391,0.0040555606,0.18147087,0.1427375,0.07673343,0.113356724,0.071930766,-0.10353329,0.02344511,0.067585975,0.022086902,-0.17197686,-0.05064464,-0.03979409,-0.01414675,-0.044979256,0.12389206,0.0002762198,-0.049763776,0.2584019,0.0711506,-0.1478946,0.046752293,-0.20439434,0.004894682,0.044430338,-0.15754637,0.077329695,0.03164202,0.015058752,0.11853979,-0.077923454,0.09139567,0.055409517,-0.026642028,-0.06322588,0.02895951,-0.027180752,-0.011728068,-0.07214251,0.11179653,0.16028608,-0.12792043,0.031944733,-0.1713505,0.054362953,0.106816985,0.114431545,-0.010067036,-0.20253417,0.06414297,0.028305238,-0.089278854
TCGA-AN-A0XR-01A,-0.049672764,0.0438187,0.108534195,0.15973917,-0.108645655,0.13571921,0.1247093,0.004572049,-0.053577457,0.054221,-0.02053384,-0.098266006,0.07273092,0.03923113,0.083535045,0.012818301,0.0774576,0.14266063,-0.05001089,-0.09041815,-0.07863059,0.006484936,0.021922775,0.11815625,0.026192341,0.039040666,-0.17419699,-0.020716397,0.0111070825,0.046217486,0.062181503,0.009873032,-0.12535004,-0.17113481,-0.10595151,-0.11659767,-0.21710922,-0.028004764,-0.02899214,-0.11487474,-0.10664541,0.09325154,-0.009427649,-0.040667836,-0.045921832,-0.17148182,-0.051019076,0.10077799,0.16421239,0.059281867,0.12706025,0.24237947,0.06694382,0.14822072,-0.07850614,0.00083814625,0.121567026,0.061283313,-0.12101302,0.13947749,-0.06733359,0.09279736,-0.097860776,0.060103223,0.09003761,-0.085637346,0.084912494,0.17983139,-0.08224869,0.046064083,-0.075731985,-0.088181116,-0.015221368,-0.2893939,0.09615671,-0.08364519,0.05099329,0.089398436,0.08763504,0.0038484198,0.062224843,-0.0039168526,-0.071069844,0.008313595,0.026321933,-0.064582035,-0.025104143,0.13473867,0.08303663,0.04356665,0.046560876,-0.18023169,0.014685929,0.03659579,0.20895016,-0.028931377,-0.15147935,0.005961772,0.12439134,-0.120146796
TCGA-B6-A409-01A,-0.040033065,0.054876294,0.2171679,0.087731786,0.02262199,0.234908,0.046507616,-0.03162005,0.053565644,0.08410648,0.014526264,0.030622551,-0.026044508,0.12717643,0.13189617,-0.07875954,0.036105044,0.13755833,-0.0098372465,-1.0485943e-05,0.014529083,0.13357179,-0.02749445,0.07619951,0.028015055,0.10308482,-0.1418566,-0.083320975,-0.0043951487,-0.123508275,0.021065854,0.088498,-0.12234808,-0.24392848,-0.25367695,-0.29803896,-0.044629574,-0.025286004,-0.09680444,-0.020435737,-0.009878424,0.017094258,0.09240607,-0.113374405,0.025053805,-0.13605002,-0.091959715,-0.07333424,-0.020019773,0.16404308,0.10711421,0.17604707,0.05424238,0.024310032,-0.06820781,-0.0017048579,0.10090939,-0.07881555,-0.03832427,-0.093966834,0.0027853227,0.05455801,-0.056164023,0.08789633,0.052125808,-0.07697181,0.18954416,-0.006508479,-0.09806299,0.0801843,-0.09636947,-0.008235108,0.044039767,-0.18779436,0.045697156,-0.14712359,0.014152346,0.072988085,-0.0337543,0.0027594003,0.072276965,0.014864059,-0.10190153,-0.05126141,-0.06160488,-0.034836423,-0.04301968,0.15069035,0.16015016,-0.054108094,0.042191584,-0.12897278,0.10876748,0.056207646,0.08555779,-0.111879945,-0.12653936,0.08970135,0.048795078,-0.12613852
TCGA-AR-A0U3-01A,0.08226764,-0.012868464,0.12976435,0.102383144,-0.09804876,0.1544115,0.033891592,-0.056980733,-0.00069714704,0.07561708,0.0065718484,0.10208681,-0.09452952,0.058687277,0.11221025,0.0008072006,0.044613957,0.23658937,0.053329263,-0.012265699,-0.016376378,-0.048086,-0.013321628,0.16261859,-0.05607679,0.1243099,-0.2389158,-0.033934087,-0.032727886,-0.13209414,0.055048022,0.10413178,-0.10356804,-0.26905212,-0.06700607,-0.18253635,-0.102521285,-0.031374857,-0.045693614,-0.020163147,0.036490154,-0.03004892,0.09707198,-0.15581226,-0.07112251,-0.091738224,0.063780166,0.046591934,0.08271814,0.024605868,0.14410104,0.11193576,0.011456396,0.1402714,-0.12454396,0.05194983,0.11199581,-0.09039114,-0.0463657,0.10702794,0.03711584,0.020726323,-0.13979822,0.109999195,0.022193452,-0.1544623,0.19939326,0.01983888,-0.17429869,0.030975109,-0.12295729,0.0923368,0.017881846,-0.24570863,0.092840284,-0.07677463,0.052614674,0.08444916,0.02176578,0.018407455,0.07437507,0.04366723,-0.041986294,-0.03558056,-0.080988616,-0.027986497,0.039772395,0.08148711,0.12753248,0.07218758,0.0042598746,-0.14075786,-0.087135606,0.07960412,0.15016535,-0.0031014367,-0.14029622,0.03969695,0.13159296,-0.049539622
TCGA-D8-A1XA-01A,-0.01067519,-0.04909644,0.1741361,0.08235836,-0.08970447,0.1343273,-0.015004407,0.013215542,0.022111004,-0.08066904,0.0003228199,-0.014534747,-0.05821546,0.09245172,0.13237408,-0.0083318865,0.06945679,0.13221091,0.03128342,-0.029851967,0.01673526,0.075799115,0.063296914,0.13512856,-0.019320732,0.06892826,-0.29828,-0.024248185,0.0417451,0.04089943,0.1651283,0.012905126,-0.041842014,-0.17712131,-0.08033032,-0.1395485,-0.05088078,0.0386614,-0.08288362,0.034123834,-0.04248868,-0.03459599,0.124621324,-0.05644956,-0.084963895,-0.16058695,0.038257204,0.029380158,0.07778011,0.09415796,0.14885253,0.09483791,0.07591992,0.09997048,-0.11521202,0.16461167,0.24609762,0.0018650484,-0.14164025,0.075634316,-0.0730673,-0.021009592,-0.043563023,0.14035909,-0.02911797,-0.008205093,0.13364142,0.06994032,-0.105823085,0.043770354,-0.17655377,-0.16252606,0.10359115,-0.11492444,0.14875008,-0.041522402,0.03696703,0.03390247,0.11826298,-0.113414,0.0860811,-0.018745678,-0.02519563,-0.0533761,-0.004338162,-0.09904578,-0.00037257234,0.05584654,0.15550841,0.031556726,-0.072532,-0.23823972,0.011426204,0.091867775,0.19442911,-0.04531437,-0.11533765,0.051414996,0.061368406,-0.15475427
TCGA-AC-A5XS-01A,0.06452868,-0.013543899,0.15738285,0.024307013,-0.115578674,0.12567593,0.057565574,-0.015432437,-0.04266151,-0.032174073,-0.061351825,-0.12873425,-0.11758521,0.19375262,0.10784246,-0.045900382,0.063848995,0.15309379,0.09065258,-0.091175064,-0.00033797405,0.078541525,-0.0017465347,0.15067694,0.04704967,0.05367595,-0.2470607,-0.0103821615,-0.03491972,-0.09854686,-0.018984517,0.06751463,-0.23100208,-0.14478827,-0.1785115,-0.20465283,-0.16484892,-0.1255874,-0.022608059,-0.025096752,-0.028069165,-0.011741781,0.19931851,-0.06215441,-0.07310515,-0.011164842,-0.067506514,0.1260132,0.13637516,0.11849231,0.052345246,0.0218004,0.05081046,0.13391705,-0.10434919,0.03166093,0.13964482,-0.0063055614,-0.112015896,0.030831665,-0.061400864,-0.023462923,-0.03660263,0.07698547,0.07109551,-0.096076995,0.23045534,0.093547866,-0.077962875,-0.057681795,-0.12040724,-0.008729553,-0.025783056,-0.17162374,0.07954796,-0.027895521,0.030938875,0.14074296,0.04484332,-0.1020642,0.055913698,-0.06492675,-0.18050265,0.0020655142,0.022826273,-0.06646653,0.101808116,-0.025705345,0.09054133,-0.072985806,0.026310487,-0.10092463,0.062534966,-0.06910159,0.047445845,-0.051825956,-0.16122623,0.022537367,0.056935217,-0.15685579
TCGA-EW-A1P3-01A,-0.14649165,-0.016403971,0.21358038,0.16567962,-0.073634624,0.08934037,0.029382676,0.018810915,0.09109246,0.023649607,0.041942712,-0.06814562,-0.12570085,0.08265197,0.039843995,-0.16361246,0.05088702,0.13878456,-0.10237572,-0.0826568,-0.12203643,-0.06565555,0.018737305,0.13926454,0.037989892,0.10811922,-0.1808948,-0.017306397,-0.11300796,-0.15020837,0.048870683,0.06991211,-0.09833396,-0.18718658,0.013332046,-0.09652264,-0.10717373,-0.0064067086,0.048691016,3.9549377e-05,-0.1267259,0.12166457,0.066967286,-0.11028389,-0.009061299,-0.06847341,-0.117120005,-0.08135182,0.064798295,0.06800588,0.19513571,0.07848631,-0.0049191527,0.0838006,-0.051071182,0.049073678,0.19193073,0.027274324,-0.08529372,-0.03825872,0.083811335,0.19003582,-0.13138889,0.19621389,0.06098795,-0.06439762,0.11171641,-0.010956898,-0.09423767,0.055833865,-0.08363251,-0.007652801,0.113962226,-0.15036273,0.22910874,-0.038675837,-0.10977304,0.06724369,0.0966557,-0.0663663,0.07743093,0.02495586,-0.06080668,0.016066056,-0.012832489,-0.06747693,-0.07682346,0.098144375,0.14102973,-0.020686053,-0.019795842,-0.17288092,0.046956424,0.016684197,0.07551927,-0.13856603,-0.14455366,-0.0059401006,-0.045778535,-0.1230425
TCGA-OL-A66H-01A,-0.006309827,-0.043626755,0.1985292,0.08453662,-0.05520684,-0.002713008,0.03880549,0.014897737,0.055948727,-0.069485694,0.032451577,0.040148735,-0.10428522,0.19526517,-0.031020865,-0.042924613,0.16741787,0.15919621,-0.0016058236,-0.014135795,0.06510049,0.013494198,-0.08491572,0.16511948,0.01112324,0.09263634,-0.19134979,-0.056256898,-0.06552416,-0.14160289,0.17827678,-0.008882675,-0.2134879,-0.14457421,-0.00870732,-0.22840247,-0.15217927,-0.066559575,-0.05951191,-0.08292115,-0.037724093,0.0734257,-0.057029095,-0.044458706,-0.015168389,-0.057362236,-0.029593967,-0.013916248,0.08727428,0.21987434,-0.012605585,0.17404407,0.04708999,0.1307063,-0.1670483,0.011432301,0.22016008,-0.04887609,0.028593644,0.06251337,-0.010463569,0.017752603,-0.22049363,0.14225,0.11072731,-0.14029488,0.064055875,-0.07226508,-0.10106234,0.08691104,-0.028662069,-0.10283029,0.059758224,-0.13034746,0.0693096,-0.04916589,-0.0060672886,0.06458951,0.008628008,-0.11062665,0.04667386,-0.0069360733,0.0036045804,-0.013640627,-0.023210688,-0.08639138,-0.059315093,0.17867936,0.07573042,-0.008658229,-0.012663755,-0.13725162,-0.035181392,0.044371635,0.083728984,-0.07226589,-0.19789982,-0.022916632,0.11959101,0.017324518
TCGA-A2-A3XU-01A,0.024735555,0.06703833,0.1142203,0.14884518,-0.044646256,0.041192174,0.05558596,0.01772237,0.032815397,-0.07442054,0.08109752,-0.027224584,-0.025838235,0.19072503,0.012326513,-0.069555506,0.06459112,0.17267676,-0.019521913,-0.054819312,0.041738573,-0.055559736,-0.043043606,0.10642592,0.056352597,0.010924358,-0.24913019,-0.040201936,-0.012731373,-0.11309898,-0.022043545,0.01621762,-0.121712625,-0.10934964,-0.108938836,-0.20008565,-0.05702493,-0.047297217,-0.047401685,0.07196298,0.060863093,0.09822858,0.104611695,-0.121353514,0.07169892,-0.14813058,-0.090023264,-0.0035134866,0.020453077,0.12681654,0.13271075,0.10917922,0.048909932,0.16561252,-0.10810896,0.07455549,0.11157956,-0.014448378,-0.06435278,-0.014500764,0.02170126,0.11452797,-0.07128011,0.08475322,-0.033538174,-0.06200119,0.2416008,0.03155721,-0.16632728,0.07966939,-0.19067189,-0.033560313,0.10398049,-0.24852566,0.2103002,-0.059517108,-0.012130648,0.049723998,0.12640546,-0.013828695,0.06349573,-0.025031835,-6.147779e-05,-0.0026022173,0.016750855,-0.09956212,-0.12813932,0.11299746,0.19835064,-0.073547564,-0.034713812,-0.18155044,0.03212048,-0.03102772,0.073335685,-0.14858006,-0.092001185,0.09456361,0.02135341,-0.11643653
TCGA-BH-A8FZ-01A,-0.0035677897,0.00475588,0.20078194,0.17198458,-0.09245651,0.1678083,0.053336307,0.07235505,-0.002883794,-0.0048019206,-0.03045308,-0.018238803,-0.026681416,0.0030412078,0.15280552,-0.11525168,0.03310838,0.13392353,0.04386524,-0.068435915,0.039369304,0.030717298,0.022780918,0.12956299,-0.009804225,0.08321701,-0.26077205,-0.03399428,0.053436507,-0.0024918672,0.07154469,0.15290767,-0.1420949,-0.17528082,0.0313503,-0.21752882,-0.057887834,-0.038389105,-0.12260126,-0.043094143,-0.07338095,0.019816324,0.05270092,-0.15572484,0.054726068,-0.19157696,-0.1755385,0.015243477,0.075792536,0.06970727,0.010143009,0.15208109,0.024971828,0.12530653,-0.15097497,0.075212955,0.13484724,0.06422806,-0.090205766,0.022609817,0.04501672,0.069351345,0.030830199,0.106608525,0.0055341315,-0.071115874,0.13858499,0.08416115,-0.14082019,-0.09670797,-0.076375104,-0.01512107,0.1747911,-0.21182899,0.13113335,-0.06730406,-0.114303894,0.043910343,0.10839994,0.017036337,0.038021136,0.0016256003,0.05095015,-0.026477369,-0.041315455,-0.009706199,-0.027510231,0.17187344,0.06100737,-0.0705082,0.10222906,-0.14609313,-0.042285684,0.012894153,0.11473068,0.045852862,-0.17910455,0.03932695,0.112768814,-0.09363047
TCGA-BH-A0HB-01A,0.045164496,-0.002764548,0.15467747,0.14976647,-0.05111763,0.15396015,0.0375354,0.07519945,-0.008370807,-0.030073345,-0.083745845,-0.09836565,-0.10164705,0.084306896,0.14373092,-0.14861259,0.10750299,0.088036984,-0.0546107,-0.008442077,0.15762539,0.04281161,-0.0708015,0.17220797,-0.0034286254,0.15346979,-0.13760813,0.034599137,-0.091035485,-0.008155888,0.0824195,-0.022164466,-0.07412989,-0.16412784,-0.18022884,-0.16015293,-0.10200994,-0.03254317,-0.084686875,0.10592126,-0.006422769,0.00011601391,0.11520853,-0.055320896,0.02347944,-0.085843764,-0.15877333,0.04027887,0.07084006,0.14344084,0.007185074,0.093609504,-0.061373267,0.07111986,-0.13601403,0.042894535,0.13962264,0.03503332,-0.087399475,0.09489872,0.06685424,0.15064184,-0.049266137,0.2012144,0.103510894,-0.11044471,0.14267145,0.068038516,-0.08630848,0.11846534,-0.043529753,0.040832866,-0.028604833,-0.21191402,0.09966304,-0.038707986,-0.036743086,0.008042152,0.014410537,-0.06875626,0.054421213,-0.041397642,-0.08787122,0.020258108,-0.18838905,-0.030499663,-0.05458757,0.16227977,0.14386415,-0.080048665,-0.044492107,-0.103025205,-0.021735411,-0.00078846235,0.11334908,-0.015821235,-0.15710975,0.12891491,0.003021504,-0.21257803
TCGA-D8-A1X8-01A,0.02851252,-0.042816363,0.11928782,0.18275014,-0.014970573,-0.06592728,0.06569796,-0.007541538,0.03346288,0.03139616,-0.057695672,-0.010678961,-0.115523614,0.063676044,0.106116526,-0.04395812,0.09403017,0.1433813,0.03396522,-0.03865764,-0.025511885,0.06554069,0.06964154,0.26589248,0.13020764,0.14011295,-0.17479114,-0.006246807,-0.029068027,-0.01261605,0.015587411,0.024643,-0.12790151,-0.110337935,-0.036684103,-0.21698521,-0.0970877,-0.041130666,-0.13111575,-0.10023612,-0.030616082,0.041461054,0.109491535,-0.08099552,0.082123384,-0.025050513,0.10039109,0.14332893,0.09418983,0.15584975,0.117042705,0.10550235,0.032097485,0.08090812,-0.06412506,-0.04064069,0.17133065,-0.008044437,-0.16184297,0.09357385,-0.036075685,0.12908162,0.022617761,0.13894466,0.12374516,-0.22546366,0.13263732,0.010913362,-0.14977361,0.03359406,-0.07779545,0.0007714845,0.036832284,-0.12412535,0.14749862,-0.03614958,0.13033703,0.017269902,0.06622985,-0.081748486,0.10947325,-0.0069773514,0.0090831835,-0.055367522,0.0477141,-0.08376999,-0.020197907,0.059751235,0.23419401,0.0039470806,-0.0069620092,-0.25027084,-0.101052456,0.049267218,0.053608738,-0.06048509,-0.068919584,0.09480218,-0.05508797,-0.107120775
TCGA-AC-A8OP-01A,-0.054466974,0.032425,0.114585616,0.0918842,-0.021435786,0.08119837,0.1287278,0.030852422,0.10240219,0.06556779,0.055404503,-0.052838016,0.01626872,0.024479106,0.08490849,-0.15815233,0.00022808381,0.07872233,-0.11027203,0.024980608,0.07098644,0.1329888,0.0064357626,0.22687517,0.041134708,0.082631,-0.1413034,-0.06545272,0.023954218,-0.035121135,0.092592075,0.0064611267,-0.1592898,-0.11265735,-0.08672745,-0.15940338,0.008432071,-0.054997623,-0.21153957,0.098448604,-0.102735676,-0.06425311,0.024496995,-0.07390306,-0.038650986,-0.049369436,-0.10410422,0.026578592,0.065141864,0.20690519,0.15212113,0.15429606,0.06839517,0.06796077,-0.110715285,0.0062503107,0.077990025,-0.06867863,-0.04187467,-0.012161521,-0.08113767,0.11462899,-0.1950533,0.16233929,0.030110225,-0.1299235,0.25101537,0.06425384,-0.03120655,0.0045544677,-0.066917375,-0.10101853,0.10310887,-0.20260587,0.08215788,-0.023155253,-0.00057933375,0.14342377,0.05437843,-0.00645557,0.056151625,-0.06743596,-0.1169187,-0.009464047,-0.13252997,-0.06315574,-0.036981937,0.14633408,0.22177123,0.027510986,-0.023227397,-0.115819104,0.0013157934,0.0121165775,0.15730815,-0.10102496,-0.072012894,0.07559621,0.028531581,-0.15125245
TCGA-EW-A6S9-01A,-0.003886959,-0.019096319,0.1879739,0.15500733,-0.21054853,0.13100891,0.04728159,-0.008435869,-0.07815002,-0.012359406,0.054612394,0.005254375,-0.00095020933,0.14613348,0.23132695,0.0011728485,0.005755741,0.19465113,0.06384615,-0.09266863,0.07128926,0.038116608,-0.0028805786,0.17049181,-0.03574745,0.10921059,-0.17251335,-0.02283296,-0.008203664,-0.041969325,0.094443604,0.0963095,-0.09769213,-0.14548972,-0.114790305,-0.18172422,-0.0850573,-0.12823558,-0.09118143,0.050424416,-0.0561974,-0.0058400566,0.026959402,-0.19149634,-0.07650937,-0.0891611,-0.009285377,0.084251866,0.06009619,0.09405828,0.10196744,0.10688644,0.05772655,0.11755706,-0.093598336,0.03881366,0.12351168,-0.06857268,-0.04537328,0.037848465,0.038157105,0.038398024,-0.095497906,0.16462512,0.029714938,-0.09178262,0.015985295,0.14419657,-0.07036938,0.031037197,-0.08997445,0.021478478,0.101501524,-0.1861403,0.112938896,0.027680742,0.02327634,0.028377835,0.13007924,-0.01590879,0.18005161,0.013017546,-0.13957486,0.053504452,0.002302551,-0.15040267,-0.09225542,0.043252748,0.12690003,0.0014307083,0.037687816,-0.079257265,-0.014385452,0.051946536,0.17534468,-0.08610212,-0.21601005,0.08903678,0.11364556,-0.05612209
TCGA-BH-A204-01A,0.05333115,-0.0049044923,0.176138,0.15579383,-0.09538349,0.15255511,0.008681263,-0.11063943,-0.004654768,0.11588434,-0.07075575,-0.0701263,-0.06321616,0.14258282,0.13163766,0.03527138,0.0672105,0.20288199,-0.08207965,-0.056724787,0.03117517,0.031729195,-0.10319033,0.12592341,0.1286932,0.1148933,-0.12989238,0.014696768,-0.0571092,-0.09239052,0.11846065,0.12219392,-0.12021197,-0.12195198,-0.107589416,-0.17980202,-0.13561916,-0.09669236,-0.09461713,-0.08461721,0.00983005,-0.040912542,0.055118654,-0.054485314,0.006597446,-0.12737755,-0.15833913,-0.058466207,0.081652716,0.12320142,0.051646005,0.067167714,-0.057972737,0.22726518,-0.04445578,0.03242519,0.21097878,0.032431185,-0.031956136,-0.10293007,-0.027127728,0.05710992,-0.08225287,0.17944999,0.065135434,-0.07897111,0.10860627,0.11195363,-0.16251077,0.05445287,-0.12723948,0.01693562,0.09918276,-0.24833228,0.015902393,-0.0018503441,0.026723398,0.037321772,-0.022825843,-0.0028835037,-0.036681168,0.082073726,-0.08691189,0.057605874,-0.06448677,-0.069837056,-0.019681402,0.096123196,0.14509349,-0.046095397,0.047210585,-0.12911241,0.07109457,-0.051944073,0.063197166,-0.040844567,-0.09851312,0.06580178,0.06675828,-0.18884891
TCGA-AR-A0TP-01A,0.08038362,0.03818263,0.06505983,0.030099547,-0.08425499,0.18577248,0.0690906,0.09478717,0.031686284,0.057760384,-0.063359186,0.044358574,-0.050645016,0.07635132,0.13336688,-0.02350327,0.18420772,0.081790306,0.023323523,-0.20288207,0.05700323,-0.041547675,-0.053921305,0.23220971,0.065292686,0.06431259,-0.193353,0.0748866,-0.012562207,-0.057187878,0.060849834,0.07085968,-0.17355862,-0.1494429,-0.059481993,-0.30858433,-0.038116213,-0.008774125,-0.06651518,-0.07976198,-0.048466243,-0.023184424,0.11044103,-0.05606019,0.016679568,-0.13497303,-0.0051776017,-0.007186298,0.066095926,0.043687984,0.057547227,0.10663017,0.050921485,0.17056102,-0.13835216,0.07496319,0.11720309,0.037154697,0.016779864,-0.0062950663,0.02685162,0.043189336,-0.003746243,0.13862921,0.052365463,-0.071023814,0.20646086,0.11470612,-0.12481889,0.020286283,-0.15995532,-0.064868264,0.06354658,-0.21037096,0.19834326,-0.019309195,-0.09504733,0.07551596,0.12065859,-0.046867292,-0.06606429,0.07907155,0.028480977,0.107820466,-0.0640358,-0.14232127,-0.020917317,0.08809862,0.15846105,-6.2798565e-05,-0.04470893,-0.09416323,0.08577053,0.0432471,0.0543464,-0.10482976,-0.058799982,-0.013496386,0.07405782,-0.13825454
TCGA-AR-A5QP-01A,0.023580339,0.009348665,0.14235981,0.067489475,-0.15756246,0.07025926,-0.015239798,-0.037491385,0.03676797,0.00020399928,-0.022955477,0.042118974,-0.025830567,0.08966777,0.15096675,-0.033174835,0.07027829,0.17598142,-0.026462717,-0.009303072,0.047146045,0.05980259,-0.031913497,0.24142618,0.007839811,0.038474638,-0.25345162,0.010782853,-0.05896838,-0.082671866,-0.043013927,0.094048105,-0.17480159,-0.19355378,-0.032539833,-0.17554405,-0.04798697,0.036353834,-0.14574581,-0.023831137,-0.08642064,0.074028865,0.02559522,-0.10018717,-0.09756612,-0.08733765,-0.0021963406,0.023423247,0.050622948,0.0925745,0.06492994,0.0073049464,0.10333181,0.14249536,-0.117488645,-0.014940847,0.16515625,0.051977344,-0.07242734,-0.07059758,0.027461652,0.069119915,-0.033459127,0.07489056,0.07797528,-0.15136456,0.19101016,0.07439311,-0.07272563,0.10755382,-0.07829595,-0.0587605,-0.07278421,-0.28653878,0.11959401,-0.18093452,0.07356111,0.026348967,0.15794402,0.035351332,0.15520366,0.016990585,0.045298535,-0.008675533,0.10191233,0.056066807,-0.024995813,0.16433907,0.1757831,-0.05470912,0.15193762,-0.15321892,-0.04322334,-0.04329083,0.10668258,0.0022603318,-0.07791196,-0.039542936,0.054610487,-0.023962416
TCGA-AQ-A7U7-01A,0.008257851,0.030089885,0.11952959,0.14299743,-0.055964887,0.01982534,0.0021296998,0.076538265,-0.04435158,0.0051941257,-0.074201904,-0.061049998,0.005299178,0.17012209,0.120387204,-0.12755,0.08800842,0.08444525,0.03979771,-0.034300644,0.10843183,-0.04455073,-0.0065788315,0.08749548,-0.11171605,-0.0013162226,-0.2843902,0.028020795,-0.018206738,-0.07645554,-0.015281437,0.08722702,-0.13528164,-0.16672519,0.008657638,-0.17716517,-0.07945165,-0.025582062,-0.065153696,-0.08414863,0.0333482,0.078467436,0.10627867,0.032878574,-0.05465631,-0.050762072,0.00038249182,0.16614306,-0.011034723,0.1926254,0.021298032,0.15380318,0.07680155,0.1547034,-0.10496957,0.0063578985,0.18933721,-0.072651476,-0.04069391,-0.0023115105,0.055237185,0.09842653,-0.1620715,0.17779672,0.054366603,-0.1666677,0.121896364,0.04871907,-0.15110418,0.057739865,-0.22577548,-0.07604723,0.015029049,-0.19944742,0.119597204,0.018962575,0.0074939546,0.03899063,0.1671523,0.0152497785,-0.013982123,-0.021909846,-0.04407497,-0.0346612,-0.123591185,0.032395754,-0.0040044524,0.16214406,0.12827015,-0.047952604,-0.024115812,-0.19312836,-0.011610309,-0.062085085,0.05403832,-0.089577995,-0.13153021,0.0134410495,0.030192243,-0.1438281
TCGA-EW-A1J6-01A,0.009573563,0.10963058,0.15031876,0.068821624,0.00032892695,0.2021203,0.010769136,-0.0656304,0.066500396,-0.027260056,-0.048845906,-0.036131114,0.029767701,0.1452571,0.110410586,-0.108891495,0.0380091,0.19799839,-0.0032578777,0.019461649,0.0075836466,0.009126364,-0.041377675,0.125241,0.015751284,0.07270259,-0.27118403,-0.16443175,-0.004252633,-0.024861844,0.08102322,0.011587575,-0.09348989,-0.12475602,-0.08897345,-0.19972728,-0.057007372,-0.034504615,-0.026150143,0.00058888254,-0.039925143,-0.037059527,0.17183776,-0.06723611,-0.013202915,-0.08720865,-0.04376405,0.023376768,0.06920484,0.0437205,0.09391343,0.010446584,0.14075701,0.2500912,-0.13241328,0.13525634,0.10804909,0.11327568,-0.054323398,-0.036109954,-0.088222936,0.02090417,-0.13401826,0.1243993,0.10925066,-0.11577872,0.09449785,0.010106727,-0.14490272,0.02179519,-0.14983808,-0.0011385314,-0.042008854,-0.1923365,0.04971116,-0.08782147,-0.08523006,0.038726587,0.045576718,-0.05583369,0.05928651,-0.046580553,-0.047551483,-0.01569979,-0.03206992,-0.11896978,-0.012232512,0.12917137,0.10474923,-0.080609895,0.07709108,-0.23701495,-0.08176343,-0.026921267,0.25177374,-0.110510215,-0.062756225,0.04563746,0.031026952,-0.092996165
TCGA-AC-A3OD-01A,0.023422139,-0.043060843,0.13594846,0.12224497,-0.053118337,0.11864556,0.09486288,0.044662002,-0.06590275,-0.08227056,0.011530655,0.04053276,-0.041603003,0.044880275,0.0942205,-0.07971014,0.11973848,0.1950854,-0.06045407,-0.0816874,-0.019126948,-0.039413076,-0.0080051515,0.06262525,-0.025913056,0.13417642,-0.15478754,-0.05979365,-0.022547418,-0.06485714,0.013589663,0.063136324,-0.07548226,-0.14793947,-0.12444679,-0.2579884,-0.17500463,-0.11952082,-0.06503283,-0.057122327,-0.007291674,0.058684304,0.1473766,-0.087115236,-0.04399096,-0.11202923,-0.062091663,0.055294838,0.06702542,0.14794342,0.1561568,0.056271058,0.08955251,0.15413581,-0.054214176,0.0065509174,0.15575907,0.021698525,-0.05783614,0.0145191355,-0.08474131,0.03485216,-0.04867761,0.19286674,0.022605453,-0.12662129,0.11486756,0.061639152,-0.13279448,0.11775296,-0.070367865,-0.007879692,0.09537272,-0.2750688,0.17175286,-0.0053986805,-0.10238249,0.026852772,0.031271648,-0.016518045,0.024433985,0.03758851,-0.19395456,0.058465526,-0.07151558,-0.061560094,0.004508445,0.10957812,0.16083072,-0.08033757,0.02888567,-0.12290944,0.0035837903,0.03210867,0.16843905,-0.09171874,-0.1395644,0.06775954,0.106105685,-0.1316255
TCGA-AQ-A1H3-01A,0.043805182,0.020402139,0.15815353,0.116746016,-0.111782685,0.06753351,0.10292904,0.09382854,-0.07278568,0.0024371874,0.026604658,-0.11056119,0.025280494,0.040732637,0.21059234,0.03940979,0.044721268,0.14977449,-0.08550548,-0.092029035,-0.013491795,0.035224155,-0.010802483,0.052104827,-0.014961048,0.12770605,-0.06728205,-0.026203288,0.00993646,-0.017104056,-0.02548211,0.13529617,-0.15955146,-0.078594506,-0.05924759,-0.092324436,-0.13547654,0.014101945,-0.014333082,-0.007454116,0.014199493,0.08486864,0.06056739,-0.107804835,-0.033992432,-0.22524026,-0.039504413,0.02943565,0.07412874,0.09011353,0.1157783,0.14695702,0.0008248156,0.15064669,-0.14163707,0.120782316,0.13959643,0.059946835,-0.04461002,-0.07707887,-0.03739413,0.096738614,-0.097089745,0.14012599,0.04565739,-0.16188419,0.20930238,0.0369576,-0.056465324,0.046383463,-0.05074226,-0.0014452962,0.17767578,-0.1889246,0.10966874,-0.05700694,0.10456938,0.060720753,0.026574671,0.02523473,0.120160304,0.033115923,-0.15494892,0.07484753,-0.024337994,0.04502869,-0.03306716,0.14153111,0.15516582,0.10654537,-0.16612653,-0.13614506,0.12089819,0.051174678,0.11184471,-0.07877249,-0.27153602,0.02934521,0.030304767,-0.111769624
TCGA-B6-A0WW-01A,0.04178167,0.056254823,0.13611571,0.12489704,-0.06233572,0.06831937,0.031269953,0.08825215,0.044435572,-0.009290561,0.017894363,-0.00028473316,-0.15692997,0.0832317,-0.030922545,-0.015028134,0.03564162,0.105758,0.028462166,-0.019060275,0.012301872,0.023452181,0.078214444,0.16355914,0.057071723,0.13984075,-0.21440648,-0.057453636,-0.032584496,0.0013920139,0.06978682,0.089671314,-0.15210345,-0.21468022,-0.14970787,-0.16935684,-0.028295578,-0.031542987,-0.092447795,0.0036800008,-0.105230026,0.019033508,0.10773204,-0.01811236,-0.05940784,-0.06757076,-0.038492113,0.06552801,0.061744507,0.05339168,0.12832943,0.17934464,0.058899276,0.2256894,-0.096531354,-0.004533382,0.25363174,0.027938245,-0.054414373,0.018361079,-0.044182204,0.083968796,-0.12102109,0.10864686,0.040090166,0.010324182,0.115267254,-0.007112832,-0.049717683,0.107488774,-0.13453954,-0.04230983,0.09652485,-0.29589236,0.054208092,-0.11577538,-0.031835407,0.10035072,0.090848446,-0.018400025,0.11276222,-0.050407737,-0.082272105,-0.08550195,-0.022800667,0.0025237536,0.025050078,0.07764921,0.07470936,-0.06573037,-0.069372624,-0.24265376,0.036311794,-0.119491495,0.13676997,-0.050353043,-0.13887253,0.109492704,0.144909,-0.05808607
TCGA-A2-A0YC-01A,0.053605724,-0.043774683,0.14945365,0.22669405,0.016340023,0.17783527,0.06859194,-0.01991685,0.021662254,0.007921128,-0.04033002,0.010931632,-0.10589014,0.15040565,0.24921666,-0.00840758,-0.07512714,0.16484973,0.0589112,-0.028774895,0.10307151,-0.044488348,-0.050244506,0.13898945,-0.041584503,0.06137592,-0.22007479,-0.05490449,-0.14301834,-0.047753625,-0.015528052,0.16689232,-0.12267538,-0.19671878,-0.07754904,-0.116241954,-0.05120317,-0.14590855,-0.119096026,0.020879814,0.027290083,-0.05311106,0.090178356,-0.09790378,-0.090409026,-0.07908991,-0.029305805,-0.015102984,0.04981839,0.090055086,0.105688944,0.10457105,-0.009218925,0.100204244,-0.085124284,-0.027918521,0.13059093,0.08815111,-0.08025509,-0.01384533,0.016542926,0.10045669,-0.01918107,0.11980921,0.12143157,-0.12430965,0.18096696,-0.029974952,-0.22087851,0.116531156,-0.062995814,-0.10661261,0.08345949,-0.15118344,0.10410159,-0.0065203626,0.093948536,0.032163173,0.11309917,0.022258881,0.14515273,0.0033585692,-0.096678756,-0.08023806,0.03720435,-0.0790254,-0.09414368,0.15713942,0.05540844,0.020802371,-0.0060304105,-0.050611816,0.05300032,0.09239007,0.09031755,-0.08265233,-0.115663685,0.010357661,0.09955449,-0.10764252
TCGA-AQ-A0Y5-01A,0.05549882,-0.05564988,0.20516506,0.15034875,-0.021219071,0.09220759,0.07520527,-0.0002863951,0.0032503514,-0.022907492,-0.04772622,-0.014120274,-0.06492459,0.15870684,0.060656883,-0.08661483,0.14517306,0.19507913,0.034972876,-0.0059541813,-0.04302261,-0.039589584,0.06614196,0.13245156,-0.0007033164,0.046347648,-0.18865356,0.0009325217,-0.022810278,-0.039691534,0.10862566,0.012767101,-0.15116367,-0.19761407,-0.017592145,-0.10373449,-0.11845644,-0.061209776,-0.14641148,-0.011477901,-0.07392669,-0.0322089,0.0040269243,-0.06934859,-0.09949744,-0.10564881,-0.0921657,0.05342392,0.124398984,0.17658746,0.0993277,0.23609108,0.029394902,0.18528701,-0.092173204,-0.009961236,0.032195162,0.044190552,-0.04164595,-0.026521033,-0.0023440446,0.081083186,-0.08702624,-0.0019519958,0.09471271,-0.10687681,0.207929,0.12916915,-0.07454901,-0.017275285,-0.16903445,0.033453565,0.01509158,-0.07967476,0.16408755,-0.024815172,0.08129167,0.07781241,-0.012360385,0.057596236,0.078733355,0.031251606,-0.11331294,-0.04552948,-0.062294625,-0.12694272,0.023201222,0.25684273,0.109287,-0.086315885,0.06831687,-0.13002087,0.0646497,0.03296767,0.20224084,-0.08491298,-0.13360271,0.081235394,0.05005726,-0.07551443
TCGA-3C-AALK-01A,0.05337627,0.12393629,0.12631118,0.046824075,-0.02501222,0.13472539,0.006104197,-0.03277779,0.0264876,-0.02469433,0.013108909,-0.067976415,-0.045543518,0.13241822,0.15858813,-0.122915596,0.060471445,0.18853432,0.01991273,-0.14053029,0.051526103,0.06492912,-0.019741243,0.1900379,0.017324833,0.18172228,-0.20730302,-0.031566422,-0.07626768,-0.031178959,0.010153508,0.10541501,-0.1323249,-0.1741913,-0.09170927,-0.18684478,-0.10572103,-0.031250615,-0.09626015,0.01772096,0.03158304,0.081460804,0.09734481,-0.108759694,0.07624117,-0.11890883,-0.12207418,0.07126124,0.22164682,0.10571994,0.039504286,0.07686928,0.14328082,0.19354726,0.003138905,0.14382863,0.13677704,0.063687444,0.064113595,-0.017393405,-0.011243848,0.1383541,-0.090137,0.17120449,0.063552715,-0.02002427,0.12216247,0.041188408,-0.15974742,0.0046412535,-0.119138904,-0.0034833427,-0.024536211,-0.21254551,0.05539022,-0.04102778,-0.055275753,0.11548123,0.026835022,-0.04358498,0.13087866,0.056967717,-0.09201989,-0.02444507,-0.035598643,-0.022033362,-0.08054756,-0.0033643038,0.09158177,0.061532438,-0.086363725,-0.041021645,0.043731164,0.0060457587,0.1702353,0.0039866148,-0.13012807,0.052940067,0.096942365,-0.13495308
TCGA-AR-A2LL-01A,0.050922006,-0.04583362,0.07820736,0.20927316,-0.13102059,0.0030315227,0.0029176848,0.009311015,-0.091866724,0.08509899,-0.07183827,-0.09502623,-0.019080916,0.15345176,0.13631721,-0.087458275,0.014217619,0.12588298,-0.09714717,-0.1378982,0.06674804,0.0944683,-0.10425529,0.131632,0.037582457,0.058531016,-0.15550084,0.0052176258,0.030562475,-0.10098904,0.079228826,0.12055063,-0.15022604,-0.12545177,-0.09755406,-0.2611412,-0.0717235,-0.13038434,-0.15398978,-0.13799897,-0.024307413,0.077736735,0.111509934,-0.027209466,-0.029188372,-0.14309414,-0.047069512,-0.0178744,0.13080394,0.19446799,-0.020801682,-0.005992735,0.04243852,0.15081538,-0.07403082,-0.026428321,0.13555858,0.0016179006,-0.0038850855,0.06296018,-0.03207474,0.066958405,-0.12649117,0.07727584,0.1583885,-0.17788337,0.15881382,0.052196674,-0.09639478,0.023007553,-0.14406489,-0.058770638,0.008810931,-0.16914979,0.0360208,-0.0898768,0.0754501,0.139347,0.08310541,0.029985769,0.011639465,-0.10269033,0.07253847,-0.0070491307,-0.05904762,0.0040255315,-0.0024831179,0.1594278,0.095920004,-0.03929088,0.007153384,-0.13655691,0.04282223,-0.0030616876,0.09883918,-0.117238745,-0.123812854,0.13185498,0.038968027,-0.12980734
TCGA-EW-A1P7-01A,-0.03523471,0.09640287,0.09438619,0.111473,-0.116415955,-0.0021963238,-0.0398183,-0.01763839,-0.0071739173,0.084082864,-0.009080816,-0.008432699,-0.10153383,0.08627991,0.125542,-0.084431045,0.074334756,0.21357083,0.029451573,-0.0055270884,0.009771515,-0.07437946,0.06404759,0.11757888,-0.035382804,0.07799429,-0.18169251,-0.06620362,-0.05115033,-0.16278566,0.060750894,0.04684359,-0.21574405,-0.10860747,-0.0751458,-0.20320174,-0.031862162,-0.005017691,-0.016207231,0.0184532,0.04544415,0.028468186,0.123557635,0.087074965,-0.0505804,-0.06273338,-0.06392209,0.13227844,-0.009665246,0.083879404,0.011427708,0.11538622,0.0038655556,0.10106497,-0.022796072,0.08300507,0.16774262,0.08175848,-0.027586764,0.010818174,-0.017595964,0.09601954,-0.07129353,0.12704247,0.07758602,-0.099845886,0.15558386,0.10149695,-0.23182389,0.024651494,-0.2834882,-0.033862248,-0.016675826,-0.2786399,0.03164609,-0.22223364,0.0068761623,0.10742112,-0.014783571,-0.10509517,0.08014366,-0.089192994,-0.044633966,0.0085406145,-0.0729467,-0.10391514,0.0146160005,0.08403681,0.11500258,-0.013257868,-0.07077075,-0.11846944,0.12617551,0.029702203,0.048638258,0.03691571,-0.016292248,0.06730414,0.123037696,-0.18380234
TCGA-AC-A3W7-01A,0.047665395,0.1547473,0.19747001,0.08586843,-0.04587568,0.14866638,0.06783537,-0.07851052,0.03851996,-0.06250922,-0.079144716,-0.03874176,-0.047908153,0.08241824,0.04428538,0.023680288,0.13854773,0.19834644,-0.035455592,-0.09450824,0.04834933,-0.060224205,0.02357352,0.10395223,0.10627988,0.16804455,-0.25643846,-0.10485713,-0.089855686,-0.11560933,0.04096002,0.094615884,-0.14831655,-0.2496671,-0.0895192,-0.17214794,-0.06620373,-0.06377524,0.0031658653,-0.020881182,-0.12987038,-0.02892256,0.015798083,-0.087200776,0.027139982,-0.06753812,-0.10000839,0.1242509,0.09125463,0.17797276,0.0329707,-0.006763042,0.08715675,0.082943425,-0.121353574,0.0043036966,0.12051988,0.106512055,-0.054474473,-0.06315219,-0.07384643,0.11096282,-0.08355871,0.07329656,0.13638252,-0.12887068,0.1695292,-0.048668597,-0.07698457,0.023963489,-0.09165149,-0.09890201,0.042791765,-0.16435987,0.10272813,-0.11796149,-0.049169816,0.08324594,0.14849609,0.024726596,0.028775616,-0.00093310425,-0.10708488,-0.003827252,-0.059747826,-0.066429846,0.03756576,0.10175801,0.18185417,-0.0746907,-0.04829036,0.00047878313,0.02361611,0.004505308,0.21642005,-0.038980022,-0.088560745,-0.00046595262,-0.05866724,-0.056639403
TCGA-OL-A5RX-01A,0.043391217,-0.028687395,0.1335451,0.10002533,0.007023666,0.16505866,0.12308844,-0.044967987,-0.00682231,-0.037036516,0.013596932,-0.0611421,0.018995102,0.13126847,0.053734753,-0.11443757,0.10953191,0.18485668,0.083199985,-0.04156523,0.0092832185,0.084083214,0.00452107,0.18393274,0.07815876,0.05175294,-0.10287759,-0.018328896,-0.043816395,-0.041829746,0.06290088,0.005412466,-0.11451439,-0.1911885,-0.088532954,-0.16987777,-0.10380736,-0.07681632,-0.10710656,-0.016503748,-0.14892295,0.00074871985,0.039517347,-0.01097213,-0.17913665,-0.12799397,0.02520545,0.059588924,0.17540848,0.2393619,0.012183627,-0.019776711,-0.013598523,0.08419755,-0.048569907,0.07460988,0.11660465,0.11409774,-0.07812541,-0.0069399183,0.08767211,0.18931673,-0.0750296,0.08730903,-0.033972327,-0.20253187,0.09036865,0.019655738,-0.15567341,0.110968046,-0.12487345,-0.15044793,-0.01868333,-0.15768,0.08129929,-0.023628075,0.0067291856,0.124519646,0.0012471079,-0.058508623,0.029832067,0.082278855,-0.046777293,0.13443036,-0.13162263,-0.105507866,-0.05934869,0.16395096,0.15739587,-0.12731406,-0.047013443,-0.085341334,0.0026702988,0.07958645,0.1352401,-0.045905046,-0.13817643,0.08284182,0.08066004,-0.07014147
TCGA-A2-A0CR-01A,0.089239076,-0.057857584,0.05848004,0.21186408,0.013497865,0.18782726,0.052856557,0.0438622,-0.07892903,0.05646802,0.012636225,-0.01143936,-0.0042981463,0.047752712,0.14375885,-0.104345955,0.08041408,0.24468412,-0.087477855,-0.04903424,0.07628138,0.024476105,0.032172836,0.043574102,-0.057927016,-0.020682087,-0.18136227,-0.054581128,-0.10747143,-0.106156014,0.06555704,0.017752474,-0.037167013,-0.12850901,-0.07923627,-0.134586,-0.08499992,-0.10986202,-0.05890746,-0.0831773,0.003678068,-0.025045216,0.15034497,-0.014640019,-0.039250307,-0.029772805,-0.12536198,0.13499136,0.023809971,0.12690166,-0.010658626,0.109530956,0.025938472,0.23498452,-0.10330982,-0.067178264,0.11751759,0.030661523,-0.07495103,-0.10210894,-0.0021677327,0.096761145,-0.09569376,0.21721809,0.092665344,-0.05438706,0.096468024,0.07594795,-0.1429423,0.0015180615,-0.13211408,-0.082904704,-0.014567474,-0.26330394,0.16386122,-0.019127192,0.025806788,0.12352725,0.12839489,-0.15484597,0.1031455,-0.010413921,-0.07241552,-0.052627955,0.009541239,-0.0927388,-0.06720321,0.14955297,0.15354472,-0.005197943,-0.057304684,-0.006592287,0.05084633,0.0034329516,0.13567142,-0.015145945,-0.15640783,0.03442765,-0.054043137,-0.14163171
TCGA-C8-A26V-01A,-0.015449331,0.021969827,0.073717654,0.053304706,-0.10338311,0.10857115,0.09815311,0.038703255,0.044778056,0.017862344,-0.041871704,-0.053163394,-0.11632613,0.16632843,0.13690297,-0.15678845,0.12371073,0.11701566,0.0016826543,-0.09325636,0.030470075,0.04253975,-0.0690373,0.16717847,0.047839187,0.11920318,-0.22890347,-0.08264915,0.025582308,-0.100352906,0.0124744335,0.03418075,-0.20709544,-0.06399465,-0.17948265,-0.16677693,-0.11334673,0.064872324,-0.03748597,0.020096766,-0.024929257,0.10777329,0.066432714,-0.113673136,-0.06501658,-0.10871699,-0.018124146,0.08828265,0.11907756,0.14918867,0.035743203,0.12547892,0.0881479,0.16396311,-0.08876949,0.014449319,0.17164104,0.069937594,-0.044936948,0.080434784,0.042473614,0.06695742,-0.04264102,0.07245349,-0.03316659,-0.07557114,0.21200146,0.09613188,-0.17263104,0.062020477,-0.15132952,-0.009128688,0.0021548457,-0.2110781,0.08348702,-0.060822744,-0.041599877,0.06453173,-0.031903774,-0.055375427,0.1634486,-0.015083912,-0.05931508,-0.039288957,-0.031228788,0.050118487,-0.038238056,0.06761691,0.3044539,-0.0031472,-0.036447283,-0.1625841,0.02739071,0.009303933,0.08771695,-0.051240206,-0.107811116,-0.034101002,-0.047377218,0.044896364
TCGA-LD-A74U-01A,0.062850975,-0.010358677,0.29972178,0.08730675,-0.116098054,0.09627992,0.07807428,0.024935883,0.06814041,0.10670079,0.079727285,-0.06923781,-0.071117505,0.1461731,0.0932682,-0.019041255,-0.015045853,0.12531951,0.11957887,-0.08966922,0.059429318,0.004379435,-0.03656246,0.024508137,0.009320231,0.10010123,-0.1788914,-0.010936056,-0.05316495,-0.072295316,-0.07492935,0.0895234,-0.06374319,-0.19608735,-0.14362402,-0.20173314,-0.09591799,-0.012815047,-0.032244425,-0.014681572,-0.087286115,-0.055615094,0.09385817,-0.0800556,0.03583897,-0.096886024,0.033269975,0.1725958,0.07258516,0.1343171,0.079194896,0.018551433,0.07422428,0.2616084,-0.07386963,-0.072799586,0.12515092,0.06934547,-0.07870625,0.017677328,0.025256269,0.1136385,-0.107086495,0.21380368,0.0868635,-0.123132184,0.04899459,0.07671387,-0.2068653,0.017455198,-0.12115338,-0.06431328,0.0031557514,-0.07521096,0.07605502,-0.018793063,0.080907166,0.032402325,0.012043675,2.7302236e-05,0.040609907,0.027764034,0.02926128,-0.011186519,-0.06804309,0.0072386926,-0.03876643,0.17838795,0.21486054,-0.08019335,-0.0036345462,-0.124861434,0.09151801,0.19373177,0.11836224,-0.068601586,-0.005041818,-0.003766279,0.06553119,-0.11565321
TCGA-A1-A0SI-01A,0.064118,0.027796902,0.17398305,0.107948184,0.063796595,0.07110366,0.15621398,-0.04944376,0.011569202,-0.01994114,-0.0026753305,0.042566113,-0.031327948,0.23977949,0.044972748,0.041960634,0.06738052,0.16546465,-0.041404743,-0.03854238,-0.052366886,-0.01817186,0.006701515,0.19758038,0.07639146,0.13447785,-0.08985439,-0.044882473,-0.037885074,-0.12592919,0.04203396,0.05442922,-0.1278552,-0.107066765,-0.076973885,-0.17602602,-0.04808337,-0.07932017,-0.11964091,-0.07156341,0.012388392,0.119457774,0.08360691,-0.11508548,-0.0340998,-0.00021011602,-0.08184256,0.04864102,0.05839275,0.12409213,-0.004167788,0.106165335,0.020683868,0.20449445,-0.19738607,0.13944604,0.13523223,0.05051371,-0.058644094,-0.051992457,0.04211372,0.0061032823,-0.16187996,0.090704806,0.09573846,-0.033140637,0.1292079,0.09718137,-0.16776682,0.09163064,-0.19939312,-0.03809418,-0.02987531,-0.24985594,0.034929484,0.03675775,0.020438945,0.092348,0.060621,0.010487588,0.018691434,0.01672117,0.010417053,-0.045129675,-0.101632126,-0.10841094,-0.0400144,0.14910796,0.1761232,-0.007631404,-0.042833503,-0.1740656,-0.008999844,0.027871843,0.15706675,0.030968558,0.006231511,0.061886176,0.07957761,-0.21522157
TCGA-AR-A2LK-01A,-0.008865169,-0.03396805,0.17880663,0.18656152,0.06893571,0.17239143,0.071720086,0.05322776,0.07600892,-0.046855394,0.010360689,-0.10309016,-0.0939794,0.07929445,0.07906072,-0.16650768,0.08233608,0.16065353,0.054412562,-0.116218895,0.017328542,0.06506006,-0.015127176,0.12896185,0.07361262,0.17562255,-0.18130605,0.00344516,-0.095153585,-0.07715329,0.0146363275,0.056862157,-0.14779381,-0.10863211,-0.09596535,-0.20768616,-0.024407959,-0.00919315,-0.13938957,-0.08045334,0.008194402,0.0017158489,0.19015245,-0.038558044,0.07574843,-0.07484461,-0.091349505,0.008749529,0.09150975,0.07614385,0.057812355,0.12650959,0.018857349,0.12724517,0.05698118,0.007327642,0.10688456,-0.11178266,-0.06714517,0.026183542,0.027430413,0.027483476,-0.123625316,0.16525595,0.063723125,-0.1386666,0.25840476,0.015291798,-0.05886535,0.011876613,-0.13049349,-0.0015115092,0.07804586,-0.16237935,0.103957266,-0.028475951,-0.07790249,0.10097924,-0.059534196,-0.03280664,0.073743716,0.046318226,-0.004304436,-0.071487464,-0.0614571,-0.09232081,0.08270697,0.22727631,0.19433898,0.031333093,-0.0119181955,-0.16918188,-0.06149812,0.053473584,0.024506563,-0.086106606,-0.010694912,0.1290417,0.07081897,-0.06090942
TCGA-OL-A6VR-01A,-0.042105995,-0.0044744825,0.17675216,0.15443279,-0.078619234,0.09195433,0.118731625,-0.073812485,-0.048171517,-0.050473664,-0.040850833,-0.057615764,-0.06155007,0.092440836,0.11347348,-0.039799895,0.13068393,0.14329101,-0.02285436,-0.036259975,0.08232664,-0.020307245,-0.057190113,0.1161256,0.023273312,0.09277596,-0.18676086,-0.05088237,-0.1428952,-0.07266776,0.117305934,0.0561355,-0.1542901,-0.12658633,-0.06212125,-0.14795466,-0.03396738,-0.0179495,-0.08147623,-0.00011225787,-0.050276365,-0.03623895,0.012449717,-0.10183292,-0.01012661,-0.078897625,-0.007862833,0.1712835,0.12397165,0.03154988,0.11477457,0.17516759,-0.01501936,0.10081978,-0.008049546,0.075453706,0.1764063,0.045387145,-0.16382083,0.124885336,0.07976427,0.04443191,-0.15582217,0.16092493,0.115386985,-0.12212488,0.13129465,0.12071646,-0.12797381,0.02781851,-0.16873766,0.00392232,0.08930643,-0.2295243,0.037052885,-0.098188154,0.055948026,0.088750586,-0.04534763,-0.035000544,0.15477349,-0.021320507,-0.06381797,0.047125474,-0.13782305,-0.012822261,0.037734676,0.19791459,0.13493326,-0.036803335,-0.020954825,-0.14476198,0.026921835,-0.07960224,0.11291639,-0.06809062,-0.08790481,0.112792335,-0.04871296,-0.12270727
TCGA-OL-A5DA-01A,0.00647874,0.10460437,0.20084222,0.10708283,-0.09014086,0.062472396,0.0008489131,0.069446206,0.06793593,-0.041710023,-0.03414204,-0.130241,-0.08008337,0.122434944,0.15428285,-0.073006086,0.1598235,0.1411538,0.07877295,-0.02387482,-0.01185587,-0.03524112,0.08257042,0.05245652,0.06554016,0.17448343,-0.17823654,-0.05223654,-0.069737844,-0.06390432,0.13195616,0.10327007,-0.03989938,-0.09996647,-0.10781957,-0.13979173,-0.025876358,-0.010571559,-0.022990968,-0.005495462,0.0017786726,0.13381588,0.07168681,-0.056118235,-0.025552385,-0.097760804,-0.12726068,0.0031151571,0.017589984,0.209011,0.08613691,0.11845897,0.015022732,0.162935,-0.11388232,-0.02130241,0.11929289,0.07045713,-0.028463988,0.07335601,-0.020896122,0.031705532,-0.16238299,0.2347052,0.058452908,-0.012309138,0.16659598,0.042602815,-0.023252184,0.08228635,-0.070955515,-0.028489962,0.08699836,-0.262747,0.16699475,-0.095336325,0.1039105,0.071141295,0.058157988,0.02616003,0.12324399,0.054027572,-0.079255946,0.074552685,-0.07832478,0.0064889737,-0.08479592,0.17643005,0.14152114,0.013932006,0.0073161963,-0.14452516,-0.098469965,-0.0086030355,0.16518821,-0.038195048,-0.1023979,0.10787559,-0.010810412,-0.09533302
TCGA-E2-A1LG-01A,-0.00975759,0.021488983,0.15630005,0.11287971,-0.10895298,0.102120355,0.16149808,0.045922108,0.038388602,0.08272636,-0.020224987,0.0049281204,0.0034221949,0.099165685,0.12229557,-0.09135827,0.060965877,0.24998243,0.054493733,0.006048955,-0.058863964,-0.08713408,-0.0092199575,0.11136765,-0.04953344,0.075405404,-0.24572028,0.0018746774,-0.007247228,-0.026340477,0.03864689,0.04999421,-0.20891091,-0.14273836,-0.12483599,-0.14714175,-0.12233057,0.04354795,-0.062150024,-0.07660284,0.028411783,-0.0044581178,0.09968304,-0.031343617,-0.029451171,-0.1150008,-0.048568603,0.06777039,0.06076531,0.12213252,0.07519681,0.1578916,0.0899376,0.040225722,0.012986448,0.017832637,0.15745325,0.023442354,-0.108057626,-0.0538988,-0.00011879592,0.0851053,-0.0076010823,0.18884428,0.019941445,-0.0725474,0.17146192,0.071247414,-0.022147365,0.045676637,-0.18341784,-0.1080215,0.077316314,-0.23863268,0.091868274,-0.107981175,-0.041045792,0.07173572,0.055188883,0.055577748,0.05955321,0.028042436,-0.09914159,-0.05935988,-0.035516076,-0.084237814,-0.07965345,0.115040734,0.18300676,-0.0688444,-0.0012011701,-0.22401826,-0.0058134454,-0.05571378,0.15986934,-0.036563423,-0.17612599,0.10903661,0.0709285,-0.07022429
TCGA-BH-A1FL-01A,0.04405625,0.060895585,0.13531683,0.23881964,-0.008519378,0.14682783,0.041769687,-0.0434574,0.042578414,-0.06375718,-0.05705905,-0.048588656,-0.0047107553,0.06584905,0.12757172,-0.054222863,0.06807894,0.10112812,0.039845604,0.032749996,0.013908114,-0.006572791,-0.06008667,0.07967012,0.08203941,0.057708584,-0.45414448,-0.11177604,-0.08465337,-0.026460994,0.024832547,0.026376538,-0.12285498,-0.16522838,-0.0854165,-0.1544745,-0.1393298,-0.027137017,-0.12737912,-0.08855506,-0.029816296,0.054860957,-0.035930254,-0.06814398,-0.083939746,-0.09020032,-0.026327433,0.045402013,0.10022489,0.07305088,0.12718374,0.049335483,-0.07199687,0.2209311,-0.12340721,-0.1387005,0.06351826,-0.024321556,-0.028055694,-0.003876796,0.061021376,-0.022841197,-0.16288704,0.17375396,0.0332785,-0.043211427,0.15687141,0.047149073,-0.10091527,0.07321782,-0.087233394,-0.10072471,0.044912316,-0.17375879,0.102617994,-0.09726341,0.035969205,0.13676544,0.04224472,0.05568617,0.039185833,-0.013980109,-0.11197765,0.019048458,-0.029324574,-0.04607966,-0.11034247,0.12747663,0.087581255,-0.09412019,-0.06530583,-0.13310462,-0.039149877,0.051454853,0.0382072,-0.02816239,-0.100505486,0.093140334,0.0052043777,-0.09278983
TCGA-BH-A0B3-01A,0.028719336,0.08330135,0.101107806,0.11303877,-0.033765744,0.17276852,0.030062543,0.043928336,-0.042043403,0.11123029,-0.078783415,-0.03183767,-0.0010551475,0.1065272,0.11591748,0.026046062,0.037528343,0.119307496,0.11861426,-0.025856998,0.092494994,-0.051625337,0.0086468905,0.0916414,-0.043458126,0.11200892,-0.13053031,-0.07437584,-0.028973382,-0.058180403,0.07744253,0.14955191,-0.20834781,-0.23746412,-0.09761996,-0.24030073,-0.081205405,-0.068180904,-0.038712908,0.070416585,0.021509565,0.05405702,0.07940199,-0.01850845,-0.0050578653,-0.041472036,-0.026412986,0.032547656,0.07286149,0.10707427,0.09839673,0.092037685,0.064079665,0.29264656,-0.13437021,0.006833115,0.12701331,0.04111343,-0.028485795,-0.064403675,0.016742375,0.033600293,-0.10007238,0.120791264,0.092226,-0.016519696,0.18757229,0.0429385,-0.033613436,0.03307733,-0.18169522,-0.025869917,0.12512405,-0.0957381,0.14007494,-0.101192966,0.012615591,0.05602381,0.034692593,-0.11199789,0.1047806,-0.03413702,-0.11311894,-0.037799846,-0.017342282,-0.07069493,-0.05944897,0.22237284,0.21321918,0.03854092,0.011785772,-0.15919729,-0.06393529,-0.05503631,0.16588558,-0.10298887,-0.101888046,0.06855018,-0.06340721,-0.064640984
TCGA-D8-A1XL-01A,-0.022432722,-0.02327893,0.17930809,0.1155105,-0.014897784,0.08278491,0.06241221,-0.04010069,-0.01886801,0.04648473,0.110039696,-0.08911055,0.036007624,0.08533311,0.08507603,-0.02913529,0.115875155,0.18049419,-0.074789785,-0.012632755,0.07737282,0.09966103,0.0017314401,0.07497508,-0.06728558,0.12874107,-0.21965098,0.037015125,-0.013960497,-0.17690636,0.048320066,0.0248934,-0.07500146,-0.14480735,-0.108502895,-0.21191597,-0.20807305,-0.069311276,-0.11382399,0.0115101095,-0.0012450324,0.009609654,0.076470464,-0.04536209,0.021649346,-0.04998146,-0.039295416,-0.01294405,0.09912386,0.13240904,0.039957892,0.15152158,0.07825471,0.18456866,-0.067912064,0.040424787,0.11561044,-0.037504192,-0.01143977,-0.036589477,-0.021342855,0.085409336,-0.07927605,0.13585673,0.06897713,-0.09164868,0.15718386,0.0250272,-0.04727831,0.057752356,-0.15804698,-0.018527657,-0.02523901,-0.14778486,0.16794656,-0.14974488,-0.016152507,0.03926661,-0.03258549,0.064345434,0.02876002,0.044016335,-0.1450446,0.02342485,-0.16083716,-0.1501851,-0.030490756,0.21389093,0.13192636,-0.1146487,0.083015025,-0.19978149,0.021710522,0.08039069,0.11534307,-0.08965968,-0.055228915,0.14868565,0.11308793,-0.080229126
TCGA-E2-A1IU-01A,0.1134742,-0.00350862,0.07015349,0.17033161,0.023872638,0.17914905,-0.044458807,-0.016544819,0.090082996,-0.026246015,0.06125983,-0.00841978,-0.037425477,0.078667,0.112441644,-0.13903704,0.05472727,0.020775732,0.032684,0.055279445,0.006503791,-0.040065546,-0.048684176,0.06293082,0.068492614,-0.04670805,-0.10199655,0.04398405,0.015017034,-0.13141695,-0.0012276756,0.072913066,-0.22280663,-0.10855704,-0.0464314,-0.11186752,-0.12692882,-0.0546689,-0.10219143,-0.011641598,-0.022075094,0.015893023,0.11666863,-0.051989682,0.031263255,-0.16853061,-0.05583815,0.049856894,0.18788949,-0.0259781,0.054956265,0.107490234,0.053150162,0.13922693,-0.15866455,0.019392112,0.22410709,0.018813005,-0.08096142,0.008641995,-0.034147713,0.17308615,-0.14825243,0.21502626,0.03912978,-0.20250277,0.15716669,0.0817475,-0.18585451,0.06591022,-0.18544531,-0.10142482,0.042828914,-0.21090342,0.15115227,-0.113266006,0.054341514,-0.009373499,-0.10159661,-0.052263837,-0.053777713,0.06355585,-0.08450603,-0.033841114,-0.050001916,-0.023210892,-0.03307949,0.11415367,0.07263387,-0.03156224,-0.030860465,-0.20925437,0.0067021004,0.047121186,0.0870103,-0.057209585,-0.09443416,0.01625825,-0.06531741,-0.17413731
TCGA-E2-A1IE-01A,-0.0627616,0.040781472,0.080554046,0.16966166,-0.19952814,0.13590673,0.037509684,-0.027177786,-0.060949158,-0.020105716,-0.057510152,0.040259045,-0.059862684,0.13365006,-0.016778786,0.023916706,0.03911652,0.17194057,-0.03289101,-0.13896659,-0.07516825,0.07186965,0.052964386,0.14289217,-0.004491989,0.098050654,-0.13075206,-0.08461757,0.069541276,0.059525926,0.11188109,0.07894411,-0.1495939,-0.16055337,-0.072614856,-0.13046154,-0.025821507,-0.014602908,-0.09304501,-0.07038905,-0.08856974,0.0020548934,0.025799114,-0.07265092,-0.101652846,-0.03348628,-0.14308232,0.079221234,0.14088616,0.1372646,0.073100165,0.12626064,0.023063608,0.25111628,-0.1356444,-0.03617198,0.15976614,0.11862614,-0.17421779,-0.010664671,-0.0319383,0.04657402,-0.04152036,0.06865695,0.09040257,-0.17615831,0.21451,0.097855456,-0.055766243,-0.029093426,-0.19821629,0.014977081,0.010639331,-0.21023054,0.11447989,-0.14047578,0.0149553325,0.04193246,-0.0016044861,-0.044421,0.06694216,-0.04283574,-0.048799664,0.029609261,-0.034880273,-0.112096846,-0.06356292,0.11488352,0.1945546,-0.08154323,0.05291142,-0.17678078,0.033326168,-0.038978953,0.068935335,-0.027622111,-0.013268899,0.020651393,-0.028681392,-0.1131977
TCGA-BH-A0AU-01A,0.031979136,0.014457368,0.20572558,0.19438776,-0.031365786,0.06869679,0.024667429,-0.05780703,0.022754807,-0.032915834,-0.07006538,-0.051245406,-0.094084166,0.091916434,0.10470052,-0.15099832,0.1335901,0.1483902,0.010899116,0.035778105,-0.0577547,0.06665874,0.04566881,0.08157661,0.002211297,0.08962143,-0.21832462,-0.05967667,0.05352909,-0.07358295,0.0128940055,0.09331242,-0.19360934,-0.20141849,-0.056711894,-0.23300993,0.0040553357,-0.06899134,0.0033480348,0.0036340065,-0.07515625,-0.007601691,0.107854895,-0.10765605,-0.03670342,0.026579307,-0.034750648,-0.019368837,0.100464694,0.18044245,-0.0008592593,0.13280308,-0.0040638926,0.0593388,-0.041096933,0.07788383,0.08622175,0.023514053,-0.020963877,0.015845515,0.013325821,-0.07697274,-0.17446643,0.18181458,-0.050550997,-0.08456799,0.15845074,0.10494534,-0.0036850537,0.050061006,-0.106104575,-0.14533563,0.054915857,-0.14813636,0.01495702,-0.16822639,0.052555043,0.15470478,0.024503976,0.0009815156,0.010265857,0.004916777,-0.06538869,-0.025005395,-0.056564342,-0.025924176,-0.04083444,0.06633278,0.27163568,-0.16427673,-0.011228698,-0.07939649,0.022839766,0.11048853,0.1644394,-0.11911218,-0.11579716,-0.026817467,-0.027492927,-0.19822958
TCGA-BH-A6R8-01A,-0.008291948,0.11979713,0.15791649,0.085175686,0.02404987,0.12824683,0.12201234,0.07111094,0.05907592,0.0665135,-0.09771572,0.09507629,0.025315221,0.16991098,0.09971115,-0.03100747,0.030072492,0.20276259,0.010057894,-0.022002943,0.030209625,-0.045437742,-0.010051525,0.17958827,0.028149867,0.09349654,-0.11832037,-0.08342005,-0.08060326,-0.081831984,0.017059604,0.009584263,-0.06791571,-0.1348741,-0.07602717,-0.25991556,-0.053081572,-0.074317776,-0.1720976,-0.16525377,0.011017025,0.030131139,0.12045619,-0.13483012,-0.0021751954,-0.05743006,-0.024980204,0.03348392,0.0882097,0.1708269,0.077125825,0.1042785,-0.02318511,0.20843361,0.017711751,0.0068835043,0.13773201,-0.043643776,-0.077518,-0.0819887,0.0063834023,-0.0074891266,-0.10404291,0.06020863,0.06739527,-0.14476538,0.08098921,0.04770045,-0.11606333,0.03436512,-0.12125955,0.0018613891,0.02693593,-0.1299423,0.10678712,-0.09360543,-0.09843905,0.1491641,0.04158902,-0.030432919,0.09436544,0.055328265,-0.0065562916,0.021949468,-0.08604061,-0.05793817,-0.1268078,0.14285894,0.15707599,-0.07289914,-0.0760857,-0.22081637,0.097918525,-0.017688645,0.16035044,-0.046226867,-0.17271085,0.04530544,0.08312517,-0.15544748
TCGA-AR-A1AL-01A,-0.073392235,0.13537562,0.19064601,0.22186814,0.002558257,0.051954344,0.082002446,-0.011142121,-0.010631169,0.056895137,0.035550456,0.022643914,-0.13376564,0.02938517,0.080084816,-0.10079803,-0.008508576,0.023269983,0.0139895165,-0.045148715,0.042342126,-0.115720265,0.045149077,0.09497154,0.025469713,0.14716575,-0.20911871,-0.1208607,-0.014758783,-0.021309597,-0.05936192,0.090330854,-0.14480327,-0.057251487,-0.10746277,-0.09797725,-0.068516105,-0.011436592,-0.11769882,-0.065582365,-0.054884333,0.07171409,0.089004256,0.042538982,-0.066383585,-0.14024119,-0.021732312,0.1318874,0.16902436,0.17727256,0.0482863,0.068032295,0.03977782,0.12606996,-0.026168918,0.033275064,0.23390621,0.03482744,-0.04834956,0.039947003,-0.07997738,0.11361319,-0.064814396,0.2516355,-0.0069550388,-0.14570582,0.15264934,-0.015129529,-0.14117679,0.015231145,-0.07459112,-0.07446746,0.032353118,-0.16356352,0.11278652,-0.0901104,0.12118202,0.07486437,0.042667292,-0.07530391,-0.0013151559,0.05350097,-0.057613663,-0.00611949,-0.11243109,-0.10163939,-0.015633706,0.044821955,0.18938811,-0.046553582,-0.1016787,-0.081561,0.05273575,0.14110935,0.27587426,-0.033338636,-0.10605374,0.073107764,0.016943244,-0.04174495
TCGA-BH-A0B9-01A,-0.03704221,-0.062438633,0.13399822,0.060428847,-0.1138695,0.12269473,0.029251521,-0.01558293,0.071539715,0.12852828,-0.0010804456,-0.011430001,-0.08607726,0.10455609,0.015809335,-0.10335905,0.16229786,0.17451766,-0.02762269,-0.071032405,0.056372005,0.058933366,0.037641834,0.083334535,0.03851975,0.17446795,-0.081052385,0.050154936,0.044993747,0.014150391,0.084870495,0.17669891,-0.07909837,-0.159596,-0.11393257,-0.24388938,-0.09619819,-0.040370647,0.00024193534,-0.02284669,-0.02282343,-0.043291908,0.016503248,-0.09537047,-0.038525075,-0.10102818,0.0061336434,0.0014818704,0.035771914,0.18653402,0.005691129,0.076941974,0.02709474,0.11466499,-0.13346645,0.0143693555,0.18722889,0.124768004,-0.0657989,0.011546669,0.014027813,0.07374944,-0.1290498,0.1251183,0.045034654,-0.13725932,0.23604779,-0.0012028503,-0.12511095,0.040465396,-0.10138977,0.011078877,0.050315496,-0.22334658,0.19571023,-0.117210194,0.021302441,0.13743575,0.02328422,0.049299143,-0.070397526,0.05695284,-0.031597197,0.021981647,-0.025218608,-0.07674881,-0.03695661,0.07378979,0.24169132,-0.06768749,0.0045137797,-0.11732397,0.06220756,-0.15341407,0.10164866,-0.07870755,-0.09819651,0.094918564,0.068618186,-0.171729
TCGA-AR-A2LR-01A,-0.038784858,0.07270604,0.086802036,0.17538229,-0.022888515,0.11992725,0.14394265,-0.0099283885,0.089106835,0.08934375,0.02626501,0.034213644,0.16097686,0.1000114,0.07725058,-0.021025984,-0.012539739,0.21058841,0.016976532,-0.048999216,-0.1025552,0.054317825,-0.03504126,0.060976245,0.033536725,0.09851779,-0.17849311,-0.061550573,-0.07103738,-0.014634348,-0.01786344,0.104670346,-0.13315716,-0.2015399,-0.109056085,-0.1596275,-0.11330203,-0.0011140907,-0.009058223,-0.03885362,-0.10470995,-0.0019417198,0.09160033,-0.080770805,-0.07525782,-0.10892218,-0.051678713,0.026827613,0.1060065,0.13605039,0.059127852,0.22619936,0.0577714,0.14994313,-0.14598596,-0.05064942,0.12786156,0.108175516,-0.04993529,0.04270723,0.0065679816,0.14406848,-0.09101315,0.053180646,-0.001890192,-0.15967724,0.16779888,0.12691768,-0.10144425,-0.0036842448,-0.10214917,0.044295657,0.04535538,-0.11746551,0.048352845,0.02796476,-0.022433423,0.016371131,0.092478134,0.0069177537,0.08023647,0.07311665,-0.0286447,-0.06502387,-0.08483064,-0.014298106,-0.11140316,0.19910555,0.25548115,0.015557961,-0.013872411,-0.18081833,-0.001448278,-0.01137118,0.16935048,-0.15105338,-0.05829422,0.05849534,0.0106023075,-0.14512402
TCGA-3C-AAAU-01A,0.023968883,-0.0020592348,0.18160814,0.17416361,-0.033481482,0.123225436,0.0052992757,-0.05926083,0.119904384,0.02799005,0.0307086,-0.023525728,-0.026447184,0.10783227,0.12051188,-0.063258946,0.02622312,0.12627667,-0.07954271,0.011710256,-0.012743308,0.0025288512,-0.011075621,0.08529093,0.10567172,0.15036522,-0.21281661,-0.038108487,0.0011621541,-0.09656069,0.0701606,0.094835564,-0.2065696,-0.09618716,-0.048608754,-0.1993431,-0.08978387,-0.057112917,0.008411216,-0.001270393,0.0028331978,0.0022024927,0.050660327,0.0048622945,0.032429036,-0.16369836,-0.07159867,0.051726226,0.13023391,0.10632587,0.10815733,0.071345866,0.05895312,0.06442626,-0.17631967,0.01383329,0.10486123,-0.004229583,-0.14305581,0.0315626,0.10868104,0.005943527,-0.102633245,0.2659912,-0.060387112,-0.080112055,0.16972084,0.08880959,-0.099624276,0.010071573,-0.09375939,0.016754163,-0.036655825,-0.22474736,0.11629799,-0.10480396,-0.032459483,0.057337776,0.083632976,0.025395438,0.06628671,0.0703839,-0.15505499,-0.029519128,0.0009439089,-0.08513131,-0.08361957,0.05630647,0.31140533,0.016301611,0.0378209,-0.1388372,0.027521642,0.03374932,0.090320885,-0.18920287,-0.0214982,0.0020595258,0.075046144,-0.072942205
TCGA-AR-A1AI-01A,-0.06170236,0.043853316,0.12410539,0.11009596,-0.018016886,0.13087974,0.15003447,0.14669307,0.109741695,-0.0008698413,0.03188961,-0.058768347,-0.018249283,0.07487849,0.07577769,-0.070887506,0.056596506,0.17001647,-0.04547095,-0.054103676,0.034673538,0.044625208,0.012635035,0.10938194,0.009499222,0.047495447,-0.16359171,-0.009976491,-0.034733843,0.027479468,0.089363016,0.08363088,-0.110439084,-0.16740738,-0.084619015,-0.289461,-0.08743161,-0.03478874,-0.030727886,0.038784247,-0.030708525,0.09006564,0.047163818,0.0031178433,-0.086083114,-0.12645887,-0.09133567,0.0518724,0.12274492,0.1318508,0.18308273,0.1219275,-0.08293588,0.078697085,-0.06864436,-0.011988761,0.1149927,-0.039306432,-0.09910987,-0.0815195,-0.03119346,0.036009163,0.024058657,0.16750352,0.055154957,0.0048326347,0.31972942,0.010238144,-0.113710225,0.042427223,-0.15393373,-7.078066e-05,0.051592883,-0.1843166,0.06992823,-0.10139162,-0.0018839145,0.08130043,-0.017925669,-0.0811761,0.032013204,0.019900696,-0.020528039,0.025992665,-0.026751507,-0.02701516,-0.0995155,0.14440246,0.1683773,-0.033153117,0.16271928,-0.09971808,-0.059579115,0.08418088,0.06885143,-0.20121892,-0.1249184,0.16477133,0.052215617,-0.115235604
TCGA-D8-A73W-01A,0.018513415,0.09737343,0.10774638,0.2002159,-0.026696807,0.17829907,0.04199617,-0.04939692,0.035758886,0.0035209204,0.024778852,0.0223023,-0.0483735,0.09699158,0.14885081,-0.014052774,-0.022332115,0.18581522,-0.0053386334,-0.081749246,0.07563451,-0.00090935896,-0.0044091544,0.15360078,-0.010949281,0.16737732,-0.17554675,-0.13639334,-0.055038586,-0.1288821,0.041849226,0.10358328,-0.05507683,-0.159249,-0.15534799,-0.1419596,-0.02745856,0.03236629,-0.14193338,0.005859305,-0.08499896,0.032915335,0.12772322,-0.117378786,-0.04525572,-0.1108488,0.0036067357,0.20255896,0.025974529,0.057961125,-0.0022495466,0.11302135,-0.055830266,0.12844124,0.032246497,-0.040800165,0.18396188,0.06701493,-0.11144391,-0.038860705,0.04667798,0.19630452,-0.17429626,0.012252992,0.054846816,-0.02690102,0.1544041,0.019674726,-0.1220663,0.082559556,-0.14273955,0.0050215055,0.01905092,-0.1071781,0.20987467,-0.065890595,0.044143584,0.13562065,-0.0649265,0.0012417733,0.06611197,0.0036610367,-0.12527837,0.04163473,-0.029506257,-0.023230502,0.059807755,0.09510083,0.31078348,-0.021906814,0.009683606,-0.15551753,0.025354687,0.055332646,0.02184803,-0.022535048,-0.032451343,0.028514765,-0.018727565,-0.12031768
TCGA-A1-A0SH-01A,0.042730987,0.01788995,0.08363442,0.115160264,-0.096068025,0.19143428,0.08145817,-0.083639406,0.048311614,0.04171111,-0.020057606,-0.03555552,-0.002475201,0.20590466,0.13503174,-0.14542519,0.045736026,0.12642,0.025884304,-0.025213247,-0.060196634,0.01135705,0.033246268,0.13164727,0.029868862,0.17525639,-0.104228,0.017042838,-0.039499525,-0.012941937,0.010542229,0.09858901,-0.03207834,-0.23310666,-0.045009147,-0.13925458,-0.05654773,0.021202022,-0.057255544,0.062368553,-0.093713865,0.023830952,0.16098322,-0.0091196075,-0.121335,-0.08524593,0.04822165,0.15599051,0.14406617,0.10208346,-0.017321335,-0.0077520404,-0.050975814,0.08513631,-0.1161113,-0.055873398,0.1766343,0.108856454,-0.10994265,-0.034135394,-0.045475096,0.02036806,-0.08985286,0.105298385,-0.0071769357,-0.14792258,0.17459412,0.040394984,-0.09543777,-0.045706935,-0.22928864,-0.122689456,0.07160025,-0.17862806,0.051576115,-0.10420344,-0.0044039045,-0.042913236,0.037253343,0.022550743,0.08133408,0.10079377,-0.040358562,-0.05561057,-0.13031563,-0.11418484,-0.024137177,0.1958715,0.16350238,0.013338742,-0.07687408,-0.14936435,0.054408055,0.06885316,0.12858628,-0.043620598,-0.15993339,0.09936476,0.032847524,-0.17805076
TCGA-E2-A1IN-01A,-0.08713396,-0.007698364,0.22630712,0.08539968,-0.08346296,0.16471313,0.06337963,-0.037711587,0.037224203,-0.1286516,-0.10984641,-0.0506269,-0.016637044,0.11236586,0.1179294,-0.00019828312,0.13958836,0.12841655,-0.06555739,-0.06301466,0.021365728,0.030888109,-0.039268382,0.17258647,-0.06909491,0.13856982,-0.22570622,0.00796241,0.0055145468,-0.046227664,0.061287057,0.004744359,-0.07530124,-0.08177337,-0.10486238,-0.16818266,-0.046610676,-0.053577345,-0.14682665,-0.085936286,-0.084639184,0.079494596,0.14285423,-0.0923838,-0.062091947,0.02435196,-0.03788805,-0.02171578,0.021448955,0.123156875,-0.019392151,0.18235628,0.20090772,0.0560094,-0.032187454,-0.021391604,0.10243322,-0.05819743,-0.101505876,-0.040795706,0.005796884,0.09234132,-0.10903498,0.12185381,0.090725996,-0.071101174,0.16353996,0.093602784,-0.1260595,0.08662258,-0.116671495,-0.07716165,0.027115326,-0.21631537,0.089995496,0.042384297,0.026304584,0.17233242,-0.001333933,-0.03647064,0.08873784,0.06894658,-0.10243008,-0.056838114,-0.020421984,0.0107427435,-0.010383984,0.14645159,0.12368716,-0.15183727,0.0596739,-0.23768307,0.026501454,0.06813001,-0.025582789,-0.092754364,-0.120178476,0.06817312,0.06372833,-0.14735998
TCGA-E2-A1LL-01A,-0.04475477,0.037186652,0.14218594,0.13949342,-0.015236947,0.18266559,0.07742016,0.058881365,0.03516798,-0.012021448,-0.01940442,0.08122522,-0.007032225,0.16922142,0.14640355,-0.03424064,0.08897111,0.19974387,0.021339599,-0.05331441,0.046584114,-0.024247792,-0.072159216,0.10123617,-0.0021128966,0.077019975,-0.21993,0.10400754,-0.031276524,-0.000901407,0.072001584,0.049319025,-0.14506549,-0.05050435,-0.10452674,-0.15720832,-0.1324911,-0.10889412,-0.11901018,-0.07673063,-0.09660932,0.082731694,0.104335755,-0.022313794,0.062478025,-0.051959414,0.054350507,0.11993529,0.11813188,0.08104612,0.10603972,0.12618282,0.005178618,0.10614848,-0.099897966,0.023579443,0.19920756,-0.03209539,0.03966433,-0.02741509,-0.10288323,0.020910041,-0.08304839,0.15015195,0.021040792,-0.05406504,0.23782013,0.11279093,-0.16728525,0.03384159,-0.13852724,-0.009917624,0.014051905,-0.16415614,0.11254234,-0.11507313,0.049610004,0.046813466,0.054505564,-0.0025271578,0.0077961953,0.09780886,-0.06889685,0.071534425,-0.076267354,-0.11199749,-0.008282316,0.1797412,0.21664378,0.020390017,-0.00012137211,-0.09898631,-0.017515048,0.013142136,0.16583067,0.0117813125,-0.14294477,-0.02269718,0.103547305,-0.17044982
TCGA-A2-A25C-01A,0.030800961,0.044898394,0.1952523,0.10789351,0.06730621,0.093780205,0.09333448,0.112951875,-0.07709402,-0.0678239,-0.00025089542,-0.09506544,-0.031019893,0.10543173,0.057747588,0.0047693364,0.05776223,0.12377242,-0.0923724,-0.0028399155,0.070014924,0.01882615,-0.031705644,0.17653058,0.023798965,0.13744633,-0.19090225,0.028370602,-0.017882992,-0.039485868,0.027278109,-0.0064799525,-0.19179659,-0.18042856,-0.068475515,-0.23170586,0.009990497,0.07553112,-0.043466806,-0.11495008,-0.10524766,0.15949218,0.030952401,-0.14107518,-0.070463836,-0.028639004,-0.045619063,0.038930163,0.07140848,0.10094281,0.1452075,0.10904565,0.13375404,0.14842455,-0.094737984,0.0030644098,0.13653316,0.08651014,-0.0434939,-0.04501815,0.05818205,0.09728911,-0.07634266,0.24486694,0.021321028,-0.14959158,0.21832332,0.019561265,-0.05912337,-0.02833047,-0.23499689,0.111474946,0.081569284,-0.21444157,0.0882235,-0.09829756,-0.046623863,0.038753573,0.04916666,-0.04408104,0.057130724,-0.041920274,0.04528933,-0.008656456,-0.08199216,-0.10513208,-0.005717823,0.08776434,0.08669611,-0.083293095,-0.10097388,-0.15924004,0.046556465,-0.04760432,0.10087316,-0.0007314938,-0.079514675,0.03761371,0.042758804,-0.06666543
TCGA-5T-A9QA-01A,-0.011633926,0.013144016,0.11349041,0.24896505,-0.02943474,0.11233703,-0.013325003,0.10526687,0.024673514,0.02068869,-0.04999635,-0.027387368,0.04080742,0.20355214,0.0636164,-0.08291603,0.08762644,0.110700876,0.02915068,0.056421258,-0.0105547365,-0.0139227705,0.004727669,0.13838412,-0.05637133,0.059411414,-0.16931853,-0.035702873,-0.046003673,-0.11289906,0.019207789,0.023131762,-0.0778125,-0.08494604,-0.17111133,-0.23723683,-0.17964175,-0.058685552,-0.06324129,-0.037497804,-0.03813335,0.073783465,0.007519205,-0.054086745,-0.12183483,-0.030226646,-0.050370533,0.05328694,0.12108504,0.19898674,0.060522757,0.040877666,0.06991225,0.116609566,-0.11618996,0.03564914,0.02613842,0.05985256,-0.08036375,-0.047145944,-0.018998893,0.03976141,-0.11624941,0.21726537,-0.0037663025,-0.077550374,0.21512128,-0.0073872143,-0.29633567,0.16109373,-0.060805768,-0.030957941,-0.009794101,-0.21007311,0.10983097,-0.028118074,-0.011467237,0.070308834,0.112579964,0.052986078,0.09049217,0.050507493,-0.100434445,-0.03404734,-0.087539114,0.05209769,-0.032532364,0.11286625,0.17957401,-0.034743655,0.019194344,-0.17167993,0.04557399,0.034335114,0.16220659,-0.02212392,-0.08131147,0.038765468,-0.054984704,-0.08616825
TCGA-D8-A1XF-01A,-0.05542735,0.053720083,0.20848961,0.18906727,0.047491368,0.042803943,0.03821024,0.02938835,-0.061913036,0.0257364,-0.049826797,-0.06232526,-0.04202638,0.16760445,0.085521504,-0.086059526,0.09141025,0.20286311,-0.02850371,-0.008378972,0.071574196,0.044162147,-0.07873886,0.1509696,-0.05805486,0.07727542,-0.1616453,-0.08024461,-0.069425635,-0.0627794,0.07058934,0.049553704,-0.08697881,-0.05370712,-0.113274716,-0.21850662,-0.08502138,-0.05802995,-0.079459675,-0.03139555,-0.048857022,-0.015085108,0.050137293,-0.056117952,-0.17261463,-0.1464685,-0.0011292327,-0.016914733,0.20587826,0.1701954,0.09420482,0.22895634,0.06557852,0.07451618,-0.11605608,0.026670132,0.15951824,-0.028957378,-0.024448281,-0.035402246,-0.016116887,-0.017123347,0.0037223697,0.12433991,-0.00082847243,-0.12574013,0.22211067,0.0664015,-0.040654697,0.063023716,-0.05912641,-0.026910804,0.010057077,-0.2605571,0.042950895,-0.034984995,0.057826973,0.046755373,-0.005138918,0.008090747,0.16701694,-0.085914984,-0.12818845,-0.092393294,-0.05336606,-0.021301249,-0.042490337,0.06461895,0.13849288,-0.062390707,-0.046529308,-0.09631479,0.07090176,0.022739977,0.16567422,-0.110089645,-0.17145626,-0.064026,0.101715654,-0.098756365
TCGA-AC-A23E-01A,0.004466801,0.034722153,0.22352926,0.13306493,-0.037642263,0.17097944,0.00012130664,-0.021100309,-0.01574528,-0.006711529,-0.06810337,-0.06124718,-0.023360444,0.15772744,0.16566294,-0.029778803,0.14806655,0.002412234,-0.03365384,-0.10256515,-0.0033509668,0.058151383,-0.040306956,0.12421267,0.02592328,0.040500857,-0.110183105,-0.022047397,-0.090981044,-0.19260117,0.13318823,0.033147205,-0.22460996,-0.15552908,-0.10425869,-0.113599636,-0.08018506,-0.04764334,-0.07246895,-0.04283807,0.08750119,0.06132835,0.050425265,-0.08833842,-0.019567937,-0.04893271,0.00411754,0.016715268,0.12659127,0.09829186,0.093079165,0.21109387,0.03021087,0.031422257,-0.022345621,0.018534947,0.06945365,0.031696457,-0.09257172,0.036496196,-0.027870975,0.10722454,-0.10090455,0.10712611,0.06773456,-0.08683795,0.23875201,0.07544163,-0.1633961,0.08925931,-0.07732559,0.011282295,0.02071707,-0.128852,0.04579042,-0.15564811,0.06779565,0.19362538,0.04092283,-0.0024391406,0.13177744,-0.043976184,-0.121644616,-0.03463776,-0.07112506,-0.11216134,-0.00604822,0.25313315,0.19082937,-0.034399483,0.12646481,-0.10936667,-0.03994468,0.034488503,0.17368755,0.052690957,-0.10099061,-0.022513697,0.027005456,-0.039443735
TCGA-A7-A26I-01A,-0.03055063,0.06093946,0.22250807,0.13779731,-0.12933259,0.14314051,0.052237395,-0.013618983,0.06282769,-0.018804153,-0.08768627,0.030365054,-0.024006806,0.07580501,0.058491364,0.03512434,0.06980788,0.20383215,0.018944003,0.002446403,-0.031512987,0.10764144,-0.008167939,0.11984118,0.018845651,0.1162953,-0.103282966,-0.035676926,-0.036596417,-0.048028678,0.10847692,0.08453366,-0.14344165,-0.080242015,-0.08679299,-0.21677065,-0.10113491,0.003084532,-0.0316669,-0.05069113,-0.0022984268,0.1519411,0.08525232,-0.08553862,0.053716015,-0.097616024,-0.09716607,0.076656945,0.090567425,0.08248309,0.13015051,0.16601044,0.049550038,0.111495,-0.058912635,0.0021436806,0.12147368,0.033688612,0.016843894,-0.06261418,-0.0012892305,0.0074800015,-0.044990383,0.15485829,-0.02226241,-0.06719189,0.15602906,0.061802074,-0.08265076,0.112806655,-0.14683947,0.05541868,0.08814911,-0.22113165,0.1475881,-0.1582552,-0.008259749,0.14170645,0.022027243,-0.041286837,0.04824128,-0.00426873,-0.05486136,-0.0099011045,-0.07748629,-0.08961419,-0.12210531,0.13703768,0.19027963,-0.043418825,-0.0019729892,-0.100715004,0.007991236,-0.034104932,0.1869275,-0.16824962,-0.18113285,0.049663354,0.10939678,-0.1988648
TCGA-AC-A3YI-01A,-0.007964281,-0.008824524,0.23810242,0.08964662,-0.10244076,0.02978128,-0.04048586,-0.0249484,0.019019024,0.024285223,0.040560514,0.0140371965,0.0064377016,0.07027399,0.1818466,-0.028881943,0.03628957,0.20346189,0.02026887,-0.022734318,-0.009997412,-0.06491017,-0.036899704,0.12619728,0.0026400057,0.06706906,-0.16106723,-0.08175685,-0.07572678,-0.02412098,0.056224644,0.14405121,-0.08120844,-0.20838514,-0.03348326,-0.26048928,-0.025899706,0.0068230126,-0.12991247,-0.015731813,-0.072121374,0.028017199,0.019227473,-0.028019115,-0.10486433,-0.094130754,-0.04740683,0.059281453,0.055552002,0.20124193,0.12572671,0.092576,0.113646135,0.2617347,-0.01719796,0.011825219,0.0371649,-0.05705789,-0.091370605,0.048113003,0.038587805,-0.01718169,-0.14109688,0.025393164,0.061179657,-0.19311538,0.1969541,0.06620931,-0.19853547,-0.011017204,-0.08112012,-0.03319472,-0.03884542,-0.17050484,0.0747873,-0.02184514,-0.009088336,0.05506193,0.1058548,-0.053398326,0.015224609,0.008181356,0.02812125,0.040144816,-0.14068025,0.00042915397,-0.025468368,0.12435232,0.23714142,0.009704383,-0.0024456643,-0.19151114,0.044494078,0.10869343,0.06427908,-0.09714057,-0.06824439,0.11649629,0.098785214,-0.13392507
TCGA-AN-A0XO-01A,-0.0032909974,0.0024717513,0.15658852,0.14424752,0.030663205,0.11214133,0.053782314,0.0843109,0.07351792,-0.05811014,-0.07028026,0.058521185,-0.010164644,0.044358384,0.11500374,-0.03722426,0.040240426,0.12466546,-0.015630888,-0.04512618,0.05638005,0.0328297,-0.0027575174,0.0846181,-0.015450245,0.05215388,-0.2501917,0.019272564,0.023413423,-0.09102628,0.03170926,0.08670474,-0.21885167,-0.20333399,-0.08491589,-0.19953665,-0.16100964,-0.104892045,-0.02743604,-0.06601968,-0.018121017,-0.021888562,0.12232016,-0.13656251,0.057193574,-0.03649735,-0.011899911,0.03892458,0.107463755,0.19972114,0.08258853,0.08007158,-0.020374628,0.16016793,-0.012317581,0.15133467,0.08413311,0.028203342,-0.11415412,-0.019957583,0.012908732,0.21623777,-0.11911618,0.16166554,0.093777075,-0.10090506,0.14177857,0.028936459,-0.04909585,0.05737161,-0.18951268,-0.0322663,0.00512421,-0.13171145,0.103063256,-0.059746496,-0.0494587,0.06648942,0.006624945,0.042174984,0.21080956,-0.035383694,0.07221875,-0.027082143,-0.022380805,-0.102622956,-0.03772042,0.03784929,0.17554617,-0.08003826,-0.07541779,-0.22122711,0.09971614,-0.11352089,0.022476407,-0.12551159,-0.12722507,0.0064005377,0.033288676,-0.07211205
TCGA-A7-A26G-01A,-0.063617915,0.022872008,0.06895143,0.18490629,-0.07012084,0.016581979,-0.004298432,0.027189909,0.10444617,-0.09874974,0.036457837,0.07274726,-0.024878493,0.069979444,0.118837014,-0.19109692,0.12688257,0.17078981,0.0027747701,-0.12821564,-0.015421405,0.120948315,0.0027548326,0.23489177,-0.012266859,0.16923873,-0.11531363,0.0038871027,-0.050436843,-0.15420365,0.03643242,0.10576599,-0.07865186,-0.10586498,-0.07489583,-0.2635695,-0.08216612,-0.009937156,-0.025394708,-0.06319986,-0.03869821,-0.006315149,-0.007847916,-0.069021404,-0.0022423214,-0.06548707,-0.030423068,0.0065103965,0.12764348,0.19649337,0.1292559,0.13701491,0.054159716,0.19239166,-0.060063135,-0.0023086744,0.15739828,0.0002461304,0.026234215,-0.008738047,-0.0075522,0.07148991,-0.10273069,0.068622366,0.016057571,-0.022432601,0.15081167,0.053123236,-0.13650389,0.10095814,-0.20692004,0.033194575,0.059856962,-0.13744502,0.14130935,-0.019100102,0.06407196,0.066457435,0.033378527,-0.12670119,0.020897157,-0.017831804,-0.041254587,0.03484105,-0.023905639,0.017637903,-0.07774332,0.10312078,0.23400809,0.011453381,-0.07393487,-0.16375206,0.035282936,0.09139819,0.04464479,-0.14585993,-0.12993127,-0.004918152,0.0053706663,-0.18199556
TCGA-AC-A2FG-01A,-0.097700104,0.0860477,0.06919652,0.11560633,-0.01856692,0.07703394,0.054947663,0.0064312746,-0.0070007094,0.074075416,-0.07426429,-0.077913195,-0.01377149,0.06476793,0.12543488,-0.035746653,0.022310138,0.16273336,-0.06544428,-0.08165356,0.017717594,0.050291706,-0.1760633,0.1477735,0.031066235,0.018342193,-0.16996524,-0.08619892,-0.10565381,-0.15814345,0.09713612,0.10243157,-0.25797123,-0.12256903,-0.005426671,-0.18862402,-0.16172017,-0.026533432,-0.016763678,0.031655677,-0.050626986,-0.11498153,0.06700413,-0.067553185,-0.09020644,-0.14259548,-0.12522309,0.066422544,0.11341419,0.08853324,0.07568016,0.19084491,-0.07022294,0.11756164,-0.08324156,0.056708366,0.13274485,0.12787741,-0.042260304,0.004339076,0.014594793,0.09922154,-0.091469824,0.0961867,0.032499015,-0.16496612,0.13417137,0.097303756,-0.062622115,0.09192931,-0.06400457,0.04059868,0.044422556,-0.1806886,0.18107113,-0.05827265,-0.035236746,-0.025564063,0.06729981,-0.0894092,0.063840725,0.046822067,-0.022574566,-0.10201621,0.0019814,-0.065571256,0.09170861,0.18960615,0.17923826,-0.07666222,-0.049124915,-0.17804573,-0.052271966,-0.054387342,0.06721054,-0.1409373,-0.16455367,0.027005922,0.007828153,-0.02831635
TCGA-AR-A24W-01A,0.10588883,-0.02567955,0.10104954,0.14860275,-0.05737458,0.09462924,0.08102625,0.0032334935,0.027059458,-0.0017082074,-0.041808933,0.04504664,0.020128561,0.13749918,0.02930019,0.06048596,0.029995421,0.08070086,-0.074038066,-0.144611,0.090430945,0.03546558,0.0030988043,0.181874,-0.028787052,0.09012595,-0.20181976,-0.032109044,-0.10998937,-0.060535196,0.13060199,0.105711535,-0.1975967,-0.1439686,-0.043005288,-0.1242854,-0.068405494,-0.058026664,-0.09210172,-0.028058426,-0.165406,0.014223328,0.07118002,-0.1678399,-0.022128996,-0.1312731,-0.13462692,0.065706566,0.14096959,0.18297611,0.044575512,0.15750696,0.05684302,0.0757231,-0.09317146,0.1370389,0.12896101,-0.004364088,-0.06419953,-0.05300657,-0.0021506478,0.14084291,-0.07327213,0.10265606,0.028728459,-0.008248968,0.28551373,0.013407277,-0.1614336,0.04767119,-0.037040353,-0.23758788,-0.0049393857,-0.09847396,0.13555062,-0.059808012,0.08157445,0.053315092,0.028282814,0.0038870634,0.12868586,-0.0007268726,-0.051754296,0.01750993,-0.04596327,0.017221298,0.050165616,0.14616334,0.20649914,-0.049224824,0.030245023,-0.08322885,-0.019758964,-0.018932056,0.09641904,-0.0872364,-0.16999766,0.08874688,-0.02231594,-0.044548225
TCGA-GM-A2DF-01A,0.07119957,0.019660817,0.15922365,0.14550278,0.018542062,0.073464,0.14509664,-0.0509534,0.003141604,0.009836829,0.09260617,-0.10135833,-0.066335835,0.01912706,0.018634418,-0.13440646,0.048546463,0.0703644,0.069986396,-0.12090805,0.034066115,0.041383225,-0.020516235,0.17206968,-0.016817309,0.1232916,-0.1354428,-0.04097554,-0.021817055,-0.13749047,-0.0036322167,0.0012015562,-0.21905115,-0.2159629,-0.022503594,-0.32575288,-0.024501909,0.014285847,-0.09507961,-0.003493348,-0.09416699,-0.05288403,0.09675672,-0.039556578,-0.045073107,-0.103356086,-0.021813074,0.030555844,0.06483164,0.13526438,0.18357335,0.110159904,0.079404995,0.07808639,-0.085841514,-0.00086732686,0.108028844,0.06716802,-0.014915403,0.055580445,-0.028653095,0.036818586,0.07232852,0.093128726,0.04465254,-0.1172302,0.18497203,0.03879986,-0.06072571,0.058143266,-0.16453008,0.01807258,-0.01111886,-0.20242423,0.15942107,-0.057121847,-0.08864509,0.03190736,0.11170725,-0.09851289,-0.04261903,0.12833881,0.0006665316,0.011859247,-0.044910327,-0.061749388,0.008257366,0.14096433,0.2015286,0.01416347,0.05249824,-0.08006153,-0.07237538,0.119563386,0.14438507,-0.10625753,-0.16724843,0.034954578,0.046352822,-0.1625476
TCGA-E9-A1N8-01A,0.015159048,0.14921747,0.21112579,0.13821507,-0.114855826,0.07474722,0.075671025,0.015399706,0.046571396,0.037899435,-0.0342907,-0.019112546,-0.001618231,0.043250382,0.033070713,-0.07422988,0.041912064,0.16730085,-0.0788104,-0.014802989,0.038913302,0.030717993,-0.016291207,0.09155494,0.022398459,0.1751141,-0.11856694,-0.0059597045,-0.13707262,-0.0814878,-0.03407444,0.12273275,-0.12435018,-0.25388005,-0.23843329,-0.20189948,-0.095464334,-0.07663707,-0.025556361,-0.12295524,-0.05247623,-0.0106688775,0.08005569,-0.09161016,-0.06242541,-0.13272053,0.12640989,0.015224887,0.06963882,0.09094048,-0.013068403,0.0048109205,0.04269929,0.15509042,-0.13982254,0.037183397,0.1923536,-0.037175335,-0.0628928,0.04696277,-0.012935645,-0.0007867728,-0.009216235,0.11510791,0.073827654,-0.059966207,0.19223608,0.11408257,-0.08723456,0.107480824,-0.039367657,-0.0023728749,0.06923818,-0.20933738,0.089134276,0.028510248,0.016246717,0.05723176,-0.020886032,-0.015763046,0.09121844,0.096324034,-0.027064985,-0.11035935,-0.09585683,-0.017723622,0.030776026,0.22611089,0.1428217,-0.018412765,-0.041196495,-0.12962155,-0.010552381,0.028902762,0.23575452,-0.046791736,-0.11255051,0.061192658,0.04379374,-0.09856372
TCGA-A1-A0SB-01A,-0.014654695,0.08714108,0.13714932,0.2562428,-0.017746437,0.21073066,0.046370286,0.026225783,0.02601237,0.009827506,0.017894793,-0.018854795,-0.07433856,0.07468476,0.0826466,-0.12100436,0.07955871,0.22277097,0.06377871,-0.0047647306,-0.061574195,-0.013875863,-0.033560656,0.17437357,-0.02110579,0.07098692,-0.16448809,-0.10493499,-0.093620785,-0.15776148,0.013060125,0.0690423,-0.051482867,-0.20867056,-0.02430136,-0.22256266,-0.07885094,-0.04461554,-0.10597542,-0.07022013,0.035995394,0.062336568,0.0404831,-0.011295861,-0.020943724,-0.118908904,0.049960136,-0.034428556,-0.0018902766,0.09902561,0.07844534,0.017643768,-0.02534009,0.17186531,-0.06973193,0.06625257,0.16519953,0.10275301,-0.04246712,0.047228847,0.0061457874,0.083153106,-0.05468154,0.07463868,0.08573415,-0.11791839,0.15580317,-0.027361047,-0.14161788,0.15727004,-0.19796619,0.009785298,0.001593697,-0.21847945,0.15481742,-0.03845676,-0.037642915,-0.025963947,0.09189631,-0.027191577,0.06888137,0.096579105,-0.06972055,0.027404372,-0.03133206,-0.01403531,-0.007597351,0.15619469,0.2204792,-0.015117873,0.06683544,-0.07537597,-0.007685434,0.0037535646,0.16917725,-0.02108564,-0.06881848,0.037606698,0.056265414,-0.1784874
TCGA-D8-A27I-01A,0.05811125,0.17477779,0.100526586,0.20965977,-0.13857816,0.19319771,0.102445275,0.116008855,0.013712409,-0.0073958393,-0.12984242,0.084516235,0.027513592,0.1465599,0.08061862,-0.09651447,0.09387334,0.12350548,-0.088036485,0.062374823,-0.022692211,-0.05439724,-0.04261708,0.12669472,0.09050004,0.013380626,-0.15143587,0.04645003,-0.02547157,-0.06838365,0.10307363,0.13548104,-0.20737803,-0.11165757,-0.0028562357,-0.063704394,-0.087444395,0.022260739,-0.17995535,-0.06251913,-0.06471603,-0.02242027,0.111934565,-0.13170826,0.0019433264,-0.10203001,-0.12009703,0.13887988,0.056466807,0.1394813,0.047895383,0.11609904,0.1050333,0.15559243,-0.039000355,-0.010474141,0.17034191,-0.073081866,-0.08274629,0.008220122,-0.0002514096,0.005205593,-0.09772563,0.11207056,-0.0073483493,-0.10978729,0.118913814,0.03932852,-0.08263403,0.079693906,-0.10029169,-0.054273218,0.08214067,-0.22941516,0.13718931,-0.050442617,-0.06981458,0.095364265,0.043289788,-0.042825684,0.10891705,-0.09469964,-0.015585023,-0.14935109,-0.019536903,0.0081255715,-0.00917488,0.1247217,0.15851675,-0.067265466,-0.046766635,-0.15449338,-0.051430855,0.06511564,0.091962524,-0.06366978,-0.022632476,0.10714329,0.06059935,-0.14291717
TCGA-D8-A1JN-01A,-0.006202513,-0.025613438,0.20617388,0.19800027,0.06290921,0.11292186,0.09654714,0.02282191,-0.09306745,0.09836262,-0.04826332,-0.13053034,0.049347635,0.14042398,0.049577624,-0.10091732,-0.057295945,0.10777264,0.11617726,-0.12227297,-0.08832008,-0.038585026,0.05749222,0.17733496,0.015808193,0.17298125,-0.21316458,-0.091906875,0.008333474,0.0028707478,0.06443885,-0.031697858,-0.07418189,-0.15830606,-0.056232315,-0.17463833,-0.13501225,0.012600387,-0.041593842,-0.07444689,-0.07796823,0.02460112,0.14324361,-0.11775491,-0.11430828,-0.11312335,-0.11954608,0.14598083,0.061425906,0.15694354,0.042749166,0.03446237,0.03431991,0.20692119,-0.13862115,0.03445951,0.09887777,-0.016684672,-0.091209486,0.030033303,0.01652789,0.028415252,-0.02505412,0.15994798,0.03014734,-0.1409025,0.08945255,0.10014655,-0.13699378,0.08802337,-0.12082522,-0.09722389,0.058028296,-0.24001125,0.07787618,-0.028073827,-0.108187914,0.09721186,0.08362344,0.0017440575,0.08541314,-0.0064873393,-0.079519734,-0.00055207073,-0.011920169,-0.04199316,-0.013070834,0.051902406,0.18395147,-0.039654188,-0.00853747,-0.09575329,-0.013696107,-0.072094806,0.07269187,-0.19562995,-0.0882266,-0.0059608924,-0.036278233,-0.023701958
TCGA-D8-A3Z6-01A,-0.02356525,0.0040170825,0.036944386,0.15148453,-0.014037415,0.14523895,0.042806298,0.1528607,0.021095537,0.03056329,0.022575429,-0.048823033,0.056811832,0.15422282,0.0152490195,0.094473995,-0.029644987,0.06513951,0.027516378,-0.07390021,0.051215958,-0.023677373,0.013031728,0.19214797,0.11254723,0.1180338,-0.25569597,-0.12751836,-0.0048298817,-0.13758567,0.19960064,0.058624864,-0.1117741,-0.1339556,-0.08559874,-0.11671888,-0.14623399,-0.0648169,-0.06932818,-0.025206158,-0.1362218,-0.042227644,0.13623613,-0.035005327,-0.0015975588,-0.13149197,-0.058346707,0.06587203,0.00073953735,0.2187673,0.03503427,0.07994312,0.07906129,0.17510769,-0.10498538,-0.010890847,0.13713957,0.05124528,-0.0205423,0.035906628,0.02343457,0.15251786,-0.13692263,0.14189701,-0.059586085,-0.16501313,0.066114746,0.057869904,-0.04414938,0.14739715,-0.059490807,-0.066805385,0.18561707,-0.19379775,0.0002659169,-0.094058104,-0.034855988,0.08684472,0.111003906,-0.05098158,0.013189108,0.005910154,-0.040793847,-0.047531642,-0.07567323,0.0036290325,0.10661605,0.11786123,0.19480747,0.055205163,0.033422295,-0.056951985,0.11106997,0.08151595,0.14568666,-0.08922755,-0.122490115,0.10122367,0.008555285,0.021417987
TCGA-AC-A8OS-01A,0.048813093,-0.005101444,0.099546164,0.15432093,-0.01639054,0.16920958,-0.015187604,0.05933105,0.07333147,-0.016887147,-0.06409196,-0.0047951937,-0.032246944,0.14591764,0.016188653,-0.09437968,0.07098566,0.063815035,0.07472357,-0.07104948,-0.03374873,0.1532836,-0.063475326,0.051934548,0.034379132,0.019892054,-0.18064031,-0.05798703,0.021528646,-0.014887936,0.042575397,0.020958524,-0.15187119,-0.13008454,-0.074202396,-0.21406086,-0.016074354,-0.097772755,-0.08403273,-0.022880862,0.068506844,-0.109611034,0.09896223,-0.05858794,0.07729895,-0.08039091,0.026559556,0.15413818,0.1662719,0.17786412,0.12741698,0.10505733,0.0042109024,0.24886417,-0.12123678,0.08650311,0.21225922,-0.0032659308,-0.11890372,-0.014080641,0.024876006,-0.025986545,-0.041678417,0.093338184,0.13947965,-0.09702238,0.17649531,0.037451297,-0.2248886,-0.010590996,-0.11839534,-0.10847741,0.05534813,-0.19824032,0.008448696,-0.15002264,-0.07071498,0.0174458,0.011053457,-0.07229463,0.041492898,-0.053326644,-0.08668734,0.06490147,-0.027844792,-0.07918782,-0.0033797869,0.1788459,0.12505162,-0.09078501,0.018074073,-0.14523786,-0.0027987785,0.034350835,0.093734376,0.03894482,-0.16428563,-0.028792439,0.14357367,-0.08293356
TCGA-E9-A245-01A,0.0063903173,0.0427175,0.22520263,0.19811039,-0.10206398,0.12966345,0.03885656,0.027333982,0.02426301,0.027916925,0.02253709,-0.09176137,-0.036165386,0.14272618,0.1042665,-0.050942592,0.15778004,0.21291654,0.07901744,-0.043288887,0.032947384,-0.0014832799,-0.036131915,0.05377341,-0.06010156,0.076284744,-0.1624388,-0.03280303,-0.13677068,-0.11039521,0.1335744,0.09175497,-0.14460963,-0.16485141,-0.08000605,-0.13209054,-0.11183307,-0.03528784,-0.07823663,-0.04276565,-0.015737385,-0.01549675,0.12173481,-0.118995085,0.006586609,-0.10185848,0.0062857517,0.019987687,0.10167658,0.044659875,0.09307807,0.10718533,0.031157508,0.13095051,-0.15585853,0.05043094,0.12394976,0.06679959,-0.08790216,0.020904223,-0.045484558,0.023297915,-0.12642817,0.09399252,0.020895768,-0.13824713,0.1614569,0.083307676,-0.17484792,0.09308843,-0.0715863,-0.014708802,0.06004184,-0.24414918,0.12367616,-0.12851226,0.019810379,0.17214781,0.08134616,-0.03711196,0.047715914,0.051191386,-0.0460637,-0.07673974,-0.07450878,-0.09913653,-0.11983522,0.06927239,0.115193345,-0.02441045,0.020336745,-0.19098708,0.086463965,-0.009440513,0.17425331,-0.04480832,-0.08153045,0.065299824,0.089456074,-0.038812317
TCGA-AC-A2BK-01A,-0.050232824,0.0871277,0.112920225,0.15899388,-0.021410132,0.19308408,0.11394016,0.06547574,0.0074385703,-0.0063229017,-0.0057002753,0.04550242,0.00036084687,0.15755515,0.11606096,-0.006965264,0.035255715,0.16462311,-0.031918027,-0.07223606,-0.046151415,0.034488022,-0.06244923,0.0823924,-0.030201064,-0.014407659,-0.11608809,0.040945347,-0.046848573,-0.0061065042,0.07472591,-0.03045347,-0.05826156,-0.13581751,-0.21255502,-0.2321701,0.06245666,-0.11480371,-0.0013494453,0.009062328,-0.10888022,-0.0010060648,0.07979938,-0.021862412,0.03432405,-0.117625274,-0.004505867,0.12898359,0.13193685,0.14155582,0.085969046,0.043295674,0.048037276,0.060712367,-0.13384122,-0.025586434,0.11920013,-0.025900437,-0.0065201055,-0.017774781,-0.063917875,-0.029439425,-0.12476835,0.23322544,-0.036698505,-0.09090296,0.17322795,0.12962073,-0.059609145,0.12819767,-0.17732278,-0.03218149,0.026968785,-0.12335721,0.18395457,-0.040764514,0.025208548,0.109777525,0.061000604,-0.026904177,0.12722993,-0.05404871,-0.08238857,0.014050865,-0.09164804,-0.021236278,-0.12410696,0.18146639,0.1921139,-0.09889787,0.06202364,-0.13139246,0.12852071,0.014896952,0.08754035,-0.09770649,-0.23592235,0.0006097046,0.024366636,-0.11863411
TCGA-GM-A2DC-01A,-0.07170428,0.07400935,0.15741166,0.19832927,-0.044232,0.12886131,0.057882108,0.07404672,-0.06640744,0.020942466,-0.06582455,0.028202651,-0.051020514,0.07173059,0.062772766,-0.14314812,0.03293168,0.065578215,-0.036997344,-0.03246364,0.03757742,-0.05029051,0.009499949,0.20211248,-0.037978187,-0.0018314646,-0.16131143,-0.016249292,-0.02892229,-0.051224884,0.14237896,0.022465251,0.020235933,-0.16620249,-0.10139656,-0.16599719,-0.053793855,-0.10351232,0.026703978,-0.016551513,0.0070538935,0.063669965,0.112428404,-0.06872118,-0.054710884,-0.21629684,-0.13377598,0.079923235,0.16619879,0.13375497,0.07540152,0.13147588,0.110445775,0.09667529,0.013564538,0.011533539,0.19642556,0.02226265,0.0012112517,0.010591717,-0.018317472,0.10331634,-0.13030624,0.116478376,0.12591797,-0.1530441,0.12775834,0.10105406,-0.18338272,0.06625442,-0.10055537,0.074807234,0.011592951,-0.2552913,0.067477,-0.10811131,-0.010041742,0.018420037,0.044155274,-0.11203507,0.03261644,-0.0026077959,-0.03499381,-0.075550884,-0.0068251463,-0.052664798,-0.08056794,0.1795433,0.15075083,-0.12297035,0.032502443,-0.14253284,-0.029709,-0.023587208,0.1457811,-0.19533598,-0.019311182,-0.028727865,0.07609031,-0.10648364
TCGA-D8-A1X7-01A,0.04053298,-0.046829127,0.17272298,0.10341896,-0.09105558,0.08778779,0.03862054,-0.0083033675,0.09937243,0.106131606,-0.06014559,-0.066919394,-0.007340491,0.12100611,0.12065566,-0.069032386,0.13234587,0.080766924,-0.046448626,0.027833167,0.0040331287,-0.060228344,-0.022357738,0.18569747,-0.002626445,0.1913117,-0.14688514,-0.14057615,-0.05744525,-0.06608291,-0.009089521,0.07628121,-0.10007126,-0.25506747,-0.058845386,-0.08230478,-0.0818848,0.07638431,-0.059932884,0.047279723,-0.113998465,0.09509335,0.15867192,-0.115062945,0.03248071,-0.17306298,-0.09886139,0.14274475,-0.0075918813,0.03742618,0.079905994,0.1571664,-0.00054641825,0.1264525,-0.06855307,0.042673867,0.13884751,-0.033604957,-0.1737872,-0.010762432,-0.001526367,0.021672355,-0.10864226,0.022560578,0.06472789,-0.11886087,0.109371744,0.056200437,-0.08309727,0.015394932,-0.18149947,-0.108891994,0.049695134,-0.15514791,0.015134377,-0.19270355,-0.07296232,0.16261089,0.03594852,-0.12285073,0.1142838,0.029796021,-0.09269867,0.08173187,0.051776398,-0.09835439,-0.019502308,0.15170889,0.02929838,-0.09093871,0.027193205,-0.22239117,-0.054336827,-0.044824906,0.015152054,-0.053343873,-0.11612142,0.012420453,0.117370375,-0.12913619
TCGA-AC-A5EH-01A,0.038726285,-0.0031389573,0.16843788,0.18855841,-0.048234627,0.14345087,0.116051376,0.0215344,-0.05690318,0.011198474,0.059364535,0.12991756,-0.04106797,0.20442347,0.14986044,-0.05542943,-0.035371356,0.14521772,-0.10216212,-0.043904375,0.037709527,0.09420702,0.0017459596,0.15608418,-0.046882965,0.034342825,-0.22192505,-0.085740164,-0.10428497,-0.090964414,-0.0041969544,0.08148727,-0.0076395464,-0.12394475,-0.10772086,-0.11615724,0.031632617,-0.11515773,-0.089830734,-0.0016184583,-0.02535291,0.049223587,0.07445073,-0.10706974,-0.020722238,-0.021867944,-0.079994425,0.09394182,0.22489151,0.09471459,0.0862875,0.16516937,0.12347187,0.13205203,-0.0611444,0.073332526,0.05333263,0.03236585,-0.016055757,0.03658014,0.007903922,0.10510167,-0.09698774,0.12190332,0.06940814,-0.05002614,0.21303988,0.07136118,-0.0825587,0.0152532,-0.15676683,-0.026608603,0.048969597,-0.10311128,0.09339012,-0.026795037,-0.0127655715,0.0488099,0.016621899,0.032979447,0.18081102,-0.005140907,-0.1394975,-0.058873005,-0.05086217,-0.1447065,-0.051283605,0.0905576,0.15226367,-0.007497831,0.030143013,-0.29104716,0.013656772,-0.058103245,0.08722216,-0.1726671,-0.06247902,0.06671657,0.0026245227,-0.09536974
TCGA-C8-A1HJ-01A,0.03600255,0.04155105,0.16517952,0.1172362,-0.012967839,0.16597335,0.061443046,0.093979046,0.06037183,-0.034156222,-0.09764216,0.030560022,-0.059966736,0.101157725,0.15851228,-0.049147196,0.095538974,0.17716175,-0.028457215,-0.046033565,0.08649725,0.070220694,-0.03654607,0.093664065,-0.02394574,0.10498946,-0.07958083,0.05145468,-0.04006117,-0.09827462,0.19183142,0.050965823,-0.12668931,-0.20340589,-0.11646609,-0.18099964,-0.06672826,-0.13869199,0.019956406,0.012198009,-0.05099943,0.03178336,0.066064656,-0.06817316,-0.05931524,0.019300824,-0.07961891,0.011411883,0.058514617,0.1771925,0.033051763,0.079748414,-0.03203686,0.1836104,-0.069044895,0.0009903212,0.12675022,0.00461099,-0.02422477,0.010901458,-0.037423704,0.041178346,-0.10255027,0.14670189,0.021046286,-0.10402601,0.18992658,0.09754135,-0.11859933,0.08909359,-0.20266044,-0.026056986,-0.002908997,-0.13918008,0.15437958,-0.1363635,-0.03750409,0.10544357,0.1320562,-0.12038055,-0.050429758,0.05027571,0.005282633,0.026137888,0.011492294,-0.080503,-0.017851625,0.005442552,0.25661543,-0.11038097,0.00086574105,-0.20336162,0.021570163,0.103740685,0.14387898,-0.10112246,-0.15793152,0.041491553,0.07534826,-0.060017027
TCGA-C8-A1HN-01A,-0.059384547,-0.117863856,0.14036936,0.041599005,-0.004929548,0.13250564,0.005469285,-0.046307236,0.06663473,0.030634405,-0.0060154265,-0.07186876,-0.07112966,0.12692621,0.049324326,0.079941146,0.045151513,0.11053307,-0.04798433,-0.030726062,0.006652208,-0.024513938,0.08398677,0.21643348,0.04055135,0.14798917,-0.13242447,-0.09297929,-0.08310215,-0.03328372,0.11191121,-0.12972,-0.129682,-0.17815085,-0.1274997,-0.22386813,-0.118258014,-0.07923925,-0.065463625,-0.020184861,-0.009025983,0.015852105,0.14036429,0.03796526,-0.09106336,-0.0689663,-0.044837594,0.11305381,0.03671466,0.0876562,0.2007675,0.14247788,0.026982158,0.047392778,-0.09888978,-0.003933659,0.0644313,-0.014989807,-0.043848015,-0.024333647,-0.04995098,0.11826353,-0.15260479,0.073908575,0.05111112,-0.16985849,0.3279192,0.06138514,-0.12676132,0.14302723,-0.11136756,-0.062026214,0.019662367,-0.15470396,0.09768506,-0.08417072,-0.020091226,0.12451185,0.0074230754,0.0006210992,0.011565675,-0.0026281753,-0.013139156,-0.014289819,-0.003165688,0.024021616,-0.033106215,0.18034315,0.09888726,-0.086680524,0.003046432,-0.20710963,-0.02416458,0.01998158,0.1356831,-0.11339719,-0.09046387,0.04344786,0.05520474,-0.158775
TCGA-EW-A1PA-01A,0.015347961,-0.044695426,0.09891255,0.083408855,0.02922111,0.05921444,0.11191346,-0.032543093,0.029670406,-0.10152721,-0.083469145,-0.0268099,-0.036341526,0.13544562,0.14101577,-0.005541992,0.07848713,0.117390774,-0.0757808,-0.09688538,-0.020708002,0.016021902,0.085548,0.14856757,0.10123894,0.14415707,-0.14052145,-0.03063549,0.035400324,-0.06359754,0.03468916,0.18032923,-0.14993729,-0.12106332,-0.13408189,-0.18314348,-0.023943277,-0.085722715,-0.012103507,0.02157833,-0.044807617,-0.028400816,0.07069227,-0.120813504,-0.14227569,-0.0986232,-0.092837974,-0.032285646,0.078754686,0.021233149,0.06493868,0.10016945,0.025085231,0.1257928,-0.14141355,0.012418067,0.20384927,-0.0049843006,-0.16056271,0.018407606,-0.024783392,0.080446884,-0.031428754,0.17439951,0.06196283,-0.088855326,0.12332492,0.15276027,-0.2526461,0.065889806,-0.0445222,-0.020837015,0.009629144,-0.18187168,0.073519915,-0.15549375,0.10825324,0.13544156,-0.024009114,-0.0042606085,0.056670714,-0.03441816,-0.0065330993,-0.007906249,-0.010000868,-0.06432625,0.011566683,0.09014498,0.22076042,-0.047728885,0.034817066,-0.14700899,-0.006881102,0.0003385461,0.22704138,-0.036581285,-0.19490057,0.085071154,0.13637851,-0.06283293
TCGA-GM-A2DL-01A,0.054742046,0.013127414,0.047348052,0.20159738,0.013769292,0.063197754,0.0429033,0.0059199966,-0.02356196,0.042626098,0.0379619,-0.062464025,-0.04431056,0.1494477,0.06104854,-0.13306849,0.063303314,0.15874949,0.019342503,-0.053073414,-0.029743638,0.0454643,0.018616376,0.095983066,-0.08697415,0.0672524,-0.27646184,-8.8016845e-05,0.02111598,-0.060131103,0.13341111,0.123757735,-0.16393054,-0.22440916,-0.06235434,-0.019208798,-0.009839453,-0.045498654,-0.04379671,0.012766601,0.07123802,-0.030469121,0.091473356,-0.17534865,0.10562274,-0.10652826,-0.006067568,0.07603744,0.00883502,0.10125452,0.09860596,0.06377757,0.045965824,0.14838462,-0.09338829,0.08891632,0.17462084,0.028691655,-0.08844171,0.123936065,-0.04508476,0.07214087,-0.20332776,0.13670048,0.09218391,-0.15999272,0.21242721,0.059499763,-0.18816182,0.06339208,-0.08965973,0.04938725,-0.05786576,-0.1362326,0.14393811,0.050725516,-0.0076894346,0.084007464,0.061652962,-0.051725835,0.16261181,0.016724395,0.02121102,0.020538893,-0.10528758,-0.18933252,-0.108084716,0.06470165,0.16282253,-0.07217218,-0.03821386,-0.16130164,0.010109313,0.07850226,0.083992735,-0.08685154,-0.10774697,-0.029557172,0.008032824,-0.059627887
TCGA-B6-A0RU-01A,-0.03973338,-0.010542749,0.23808305,0.15742852,-0.07063781,0.13709114,0.021021679,0.042062204,-0.02955268,-0.024422506,0.0070775463,-0.030144457,-0.04253107,0.2304502,0.082462445,-0.090272576,0.09912931,0.15184371,0.016660383,-0.17459339,0.063431345,0.103568494,-0.035030834,0.14337161,-0.03389051,0.17308904,-0.16244635,0.05342089,0.016607232,-0.09554273,-0.054191284,0.064725876,-0.12992816,-0.15975171,0.017296173,-0.16940828,-0.1604091,0.0016559898,-0.029519983,-0.07874797,-0.010966708,-0.013405816,0.05989675,0.011166137,0.01699115,-0.06960964,0.07387944,0.1255643,0.15264083,0.09708394,0.06169792,0.21290353,0.010798195,0.20871796,-0.0459474,0.016464198,-0.00025928454,-0.016887276,-0.10363306,0.08778111,0.009780637,0.10367961,-0.10500552,0.08571217,0.05195723,-0.1382075,0.14151996,0.086549014,-0.09038879,0.05320373,-0.09428946,0.033892274,0.060282495,-0.24287422,0.113597706,-0.09651203,-0.08330381,0.0069173565,0.14832702,0.0024238352,0.04393462,0.007834628,0.0019440942,0.0792068,-0.018149203,-0.08945869,-0.015272794,0.03048839,0.17925651,0.03834832,0.018682826,-0.18032168,-0.030870276,0.046969406,0.12744538,-0.08731894,-0.057558436,0.10733958,0.015607456,-0.14324047
TCGA-A2-A1G0-01A,0.126169,0.020607801,0.24083827,-0.004611497,-0.011223989,0.093878135,0.093639664,-0.07411545,-0.03708576,0.03307259,-0.06471885,0.04722984,-0.1425019,0.114503115,0.05291121,-0.10162125,0.02104274,0.16673167,0.015097461,0.038616367,0.014501014,0.023919247,0.013188692,0.18036123,0.015562854,0.1376532,-0.18554161,-0.06302603,-0.11926155,-0.042862624,0.1491345,0.025896959,-0.15864746,-0.20433359,-0.018355737,-0.2787635,-0.09875748,-0.1446645,-0.068692446,-0.033843014,0.010513499,0.03994529,0.08415659,-0.053869836,-0.051402807,-0.15959837,0.10403243,0.0802794,0.07939176,0.09073015,0.030304959,0.07145448,0.043811746,0.18213697,-0.051963676,-0.026685208,0.108629316,0.0066396757,-0.043247174,0.024486227,0.02911037,0.10988338,-0.12878887,0.04917898,0.022493836,0.015196748,0.09117905,0.13125762,-0.10997474,0.12757254,-0.12235376,-0.14318717,0.016905962,-0.1841472,0.12127352,0.0040125293,-0.07402414,0.060710926,0.039925326,-0.12898141,0.017910527,-0.024267484,-0.05416904,-0.006385877,-0.09625952,-0.16275337,0.04852912,0.104849614,0.23488891,-0.020087056,0.052374087,-0.14083886,0.067945875,0.04086197,0.101848945,-0.12559476,-0.09668253,-0.008549465,-0.016522046,-0.05825979
TCGA-BH-A0BJ-01A,-0.05281642,0.010982305,0.059868902,0.1210457,-0.002395853,0.13798389,-0.0583977,0.16687933,-0.018135166,-0.10023402,-0.03755307,0.036143847,-0.037301812,0.12213311,0.104641475,-0.039751023,-0.010944684,0.1154382,0.023772012,-0.012245455,0.07879921,-0.01242528,-0.062411934,0.07232933,-0.029683057,0.087892495,-0.2027978,-0.032426808,0.06879354,-0.14381804,0.01668868,0.021779444,-0.10920078,-0.16687115,-0.067445315,-0.23912571,-0.058675207,-0.016995983,-0.10117457,-0.026046779,-0.048312247,0.034955494,0.07483886,-0.14853424,-0.01821026,-0.07463145,-0.09069189,0.12543468,0.15601642,0.17171414,-9.243727e-05,0.13617986,0.061441887,0.068437256,-0.15584084,0.0061451425,0.10954649,-0.026049662,-0.054010764,-0.031083342,-0.08962296,0.017529657,-0.16149093,0.22622235,0.038336463,-0.16019794,0.17606291,-0.0106887,-0.05674044,0.091102764,-0.14023858,0.04237778,-0.00650939,-0.21710959,0.12688807,-0.04769099,-0.0126291625,0.13731489,0.17393449,0.066809036,0.048236556,0.014785169,-0.075842835,0.0013304704,0.030985698,-0.07559679,-0.12515235,0.16608208,0.13169843,-0.094960354,0.0057296613,-0.22023171,0.03119707,-0.023540594,0.1271386,-0.07940765,-0.12687409,0.095272504,0.05057631,-0.010741597
TCGA-V7-A7HQ-01A,-0.028053265,-0.0021528772,0.22738068,0.112715304,-0.09415305,0.06600218,-0.0016620671,0.07191857,0.03237729,0.04060929,-0.043361887,-0.06706352,-0.014770095,0.0039264415,0.16555718,-0.0673899,0.2156921,0.105180934,-0.055289876,-0.0981817,0.059555884,-0.041936968,0.073648445,0.1280263,0.056862634,0.038978092,-0.21326092,-0.13921957,-0.030518174,-0.06396419,0.09471224,0.03746131,-0.08705867,-0.23702227,-0.034281135,-0.13249114,-0.1615414,-0.06499078,-0.080949366,-0.05770734,0.014141104,0.07561456,0.14012848,-0.11504495,-0.019645393,-0.015812043,-0.0712068,-0.017885925,0.06907828,0.2399346,0.07665269,0.05309477,0.10960718,0.001380469,-0.06905904,0.0009755772,0.046507034,0.07692609,-0.10506005,0.077967376,-0.030894062,0.013883154,-0.15182067,0.22155717,-0.011571469,-0.2010161,0.107131355,0.080834076,-0.20125285,0.042444345,-0.08681625,-0.07297055,0.10212388,-0.20075172,0.13926296,-0.024232656,0.0290153,0.11056676,-0.013253254,0.016676065,0.16471319,0.070237935,-0.07763714,-0.062929474,-0.07016587,-0.031890318,0.026387008,0.050843835,0.077713795,0.019684814,-0.051548764,-0.14283127,0.018526882,-0.034804326,0.065372884,-0.05518218,-0.14713968,-0.024510235,0.15979905,-0.05962317
TCGA-E2-A1IL-01A,0.091733456,0.010253327,0.11419439,0.13329004,-0.020192731,0.0900127,0.0970704,-0.04354774,-0.013725345,0.010269201,0.013044465,-0.06797558,0.061654307,0.1059855,0.054366674,-0.012422967,0.10830031,0.107423216,0.027054762,0.031001061,0.003358326,-0.04057608,-0.18520679,0.09929508,0.08393196,0.04232289,-0.24465656,-0.11099222,-0.08213319,-0.12869245,0.06898244,0.055183213,-0.054595035,-0.17773136,-0.022336544,-0.106782615,-0.052920256,-0.057209786,-0.078946814,-0.03171808,-0.041096292,-0.101530634,0.13127527,-0.0771129,-0.14156887,0.04038988,0.002203607,-0.01436698,0.024047976,0.0968371,0.09958372,0.04544095,0.06500194,0.1599103,-0.045470297,0.08732581,0.07934797,0.03278074,-0.09414441,0.044870224,-0.012478143,0.010329746,-0.14742939,0.15637566,0.14135695,-0.056340184,0.17843224,0.13948862,-0.12720975,0.08558116,-0.21481995,-0.03871919,0.025706194,-0.32235995,0.045586936,-0.10218721,0.07150135,0.067128204,0.075076014,-0.04461055,-0.00010185251,0.033134118,-0.07165083,0.09360489,0.07610896,-0.11421008,0.012713641,0.1415537,0.2166025,0.019376425,0.01621134,-0.106631905,-0.028289322,-0.019001765,0.104535446,-0.23861738,-0.1642539,-0.013230036,0.04612262,0.023059849
TCGA-AR-A1AK-01A,0.055896446,0.021333113,0.24983065,0.11457939,-0.10039774,0.114817396,-0.034150686,0.0630413,-0.030970937,0.046538755,-0.022336341,-0.12643927,-0.04441392,0.14359124,0.11312165,0.011360714,0.08702186,0.18301035,0.028564993,0.0034813837,-0.033750392,-0.015271893,0.05262829,0.18570872,0.059586827,0.10924276,-0.14842358,0.0011014708,-0.014827504,-0.041780923,0.08324075,0.08806968,-0.15171072,-0.14203483,-0.06563475,-0.21669465,-0.09535419,-0.019873444,-0.11642645,-0.0498978,0.048723545,0.10280514,0.0045830896,-0.06840858,0.012709038,-0.006797941,-0.05479431,0.1158788,0.142108,0.10345662,0.09013452,0.09231743,0.13653347,0.25032964,-0.16693126,0.01811347,0.048073355,-0.024854394,0.021381047,-0.05712768,0.031938713,0.11340657,-0.0683021,0.16321248,-0.020192048,-0.19010389,0.15331104,0.12770759,-0.1250446,0.007883444,-0.055051144,0.040564258,0.04153646,-0.14939678,0.07484772,-0.018832847,0.061391793,0.031171734,0.0014427785,0.0843824,0.1098056,0.12920077,-0.048937395,-0.060414944,0.005805649,-0.10556706,0.045893148,0.07107314,0.25792247,0.023484629,0.04365061,-0.017356977,-0.027788468,0.07670692,0.16323557,-0.09030606,-0.14127769,0.09352463,0.08206771,-0.03996983
TCGA-AR-A254-01A,-0.014829248,0.03180948,0.12757836,0.04429176,0.07231309,0.037793163,0.055302106,-0.04615816,0.091086045,0.0017832437,-0.052531008,0.066915974,0.07061321,0.152713,0.075400464,-0.09012533,0.040790707,0.2575624,0.02034477,-0.080128014,0.052464325,0.048350368,0.040293284,0.17429744,0.00016276872,0.072158374,-0.15889391,-0.095425524,-0.030424131,-0.16594826,0.12717979,0.01576122,-0.16719735,-0.059156045,-0.094404444,-0.0882696,-0.11369166,-0.07086735,-0.051221438,-0.012878731,-0.033218477,0.0044219573,-0.0037158884,-0.16861916,0.0057579614,-0.11066242,-0.053396508,0.010346623,0.09546051,0.19461358,-0.00047760853,0.053390894,0.14970024,0.19695811,-0.079716995,0.13978615,0.10400033,-0.05549782,-0.03888053,-0.016940134,0.010620873,0.08708569,-0.111931026,0.08033515,-0.019593297,-0.09924086,0.2229979,0.08207589,-0.10312624,0.16084322,-0.10371178,0.043790262,0.07910274,-0.18636206,0.15379484,-0.04317283,0.013714666,0.19388406,-0.024327397,0.0027829863,0.09294201,-0.028894395,-0.076684125,0.020527769,-0.048240826,-0.029045729,0.049998224,0.12334765,0.23251155,-0.10749002,0.03046211,-0.10275206,0.1290439,0.10926561,0.133731,0.018492736,-0.16610196,0.02522077,-0.071614884,-0.08335545
TCGA-E2-A1L8-01A,-0.018088624,0.018206246,0.12399722,0.07484969,0.05675,0.20660403,0.028838307,0.04151395,-0.045293443,-0.09410901,-0.0014542488,-0.13390899,-0.006735103,0.0579153,0.122192375,-0.1102809,0.093668185,0.109438956,-0.03799838,0.03431655,-0.063671194,-0.048101142,0.08680499,0.1277448,0.05199482,0.0055261916,-0.25022805,-0.039178934,-0.0054421583,-0.13580936,-0.010228548,0.0067023654,-0.2040996,-0.13319296,-0.0012483477,-0.20508844,-0.10784835,-0.124176025,-0.12774095,-0.051985655,0.018560488,0.06520622,0.09416698,-0.027746502,-0.04867912,-0.09633237,-0.12044788,0.03501991,0.030709045,0.1475348,-0.050261967,0.07661333,0.0234733,0.14031616,-0.0980756,-0.03665594,0.17724411,0.04277653,-0.0072062844,0.013478616,0.012933133,0.05248308,-0.10835484,0.12228356,0.07665258,-0.16066562,0.28369218,-0.014432218,-0.17687096,0.04984519,-0.20901896,-0.084951065,0.09289406,-0.1020821,0.1631061,-0.12730478,0.024295883,0.0980221,0.07941589,0.011896933,0.02782268,0.031885404,-0.10647665,-0.018534316,0.07436622,-0.094086334,-0.08472361,0.1362373,0.13959913,-0.043804787,0.050504394,-0.15020397,-0.0090018865,-0.014602866,0.14679763,-0.032215185,-0.038126275,0.018567389,-0.020426765,-0.12708205
TCGA-B6-A1KC-01B,-0.04136595,0.0063526426,0.1593851,0.028844764,-0.098285876,0.22048244,0.14074111,0.0849247,0.013521653,0.007534993,-0.04534609,0.029971266,-0.12202537,0.18042637,0.07457835,-0.059583776,0.017717171,0.18125926,-0.0051799584,0.042068932,0.007445289,-0.02347566,0.012871701,0.16812202,-0.025100539,0.17016871,-0.1609015,-0.12522283,0.03439252,-0.10035149,0.024744058,0.03249186,-0.18421917,-0.087170266,-0.14106105,-0.16566704,0.071149826,-0.011788523,-0.046745796,-0.09798721,0.0033492718,-0.013778617,0.044141922,-0.054851662,-0.12494668,-0.0026644685,-0.0840892,0.10383542,0.07127195,0.09819773,0.10878765,0.11838235,0.08539318,0.09065729,-0.08207214,0.0071933283,0.08669652,0.02709097,-0.008635781,0.14623553,-0.04636635,0.10139992,-0.09227004,0.097813055,-0.0076453863,-0.104938574,0.27078176,0.057850577,-0.11073832,0.076889865,-0.078568235,-0.0012733203,0.036832098,-0.14059395,0.06043898,-0.0018403141,-0.024556806,0.05015255,0.046479467,-0.008779516,0.20268764,0.052192792,-0.11172642,-0.08036353,-0.103436425,-0.15350604,-0.13218059,0.2379127,0.07848587,-0.038800158,-0.0112396795,-0.18869106,0.004020655,-0.01485008,0.18063302,-0.053974174,-0.084140405,-0.021156415,0.09636629,-0.04473635
TCGA-PL-A8LY-01A,0.010295509,0.047291473,0.1202073,0.13474496,-0.091084994,0.18051915,0.024534615,-0.0069142794,0.0058822064,-0.05372793,0.041412145,-0.07592743,0.0074356603,0.1691088,0.08834395,-0.10656269,0.049072485,0.15088168,0.029624693,-0.019428577,-0.10242764,0.018669266,-0.0388626,0.12500346,-0.04687802,0.07057792,-0.20224397,-0.011794179,-0.07456313,-0.06316025,-0.015335195,0.1649948,-0.08502566,-0.14656341,-0.069697164,-0.15968952,-0.13849226,-0.050776895,-0.010988159,-0.028147526,-0.06456633,-0.0461172,0.12836245,0.004279598,-0.039433468,-0.035098378,-0.034449704,0.0504505,0.11038743,0.14283746,0.12635067,0.10537998,-0.039857034,0.024103604,-0.088985376,0.041360598,0.17427818,0.020749213,-0.11967517,0.028584631,-0.05406278,0.07240511,-0.047238354,0.15176289,0.09773495,-0.00768209,0.15128632,-0.021327706,-0.0094922045,0.059769962,-0.056084298,-0.11382093,-0.0017209549,-0.13972713,0.029039297,-0.09007385,0.048233934,0.13337539,0.11345326,-0.060531035,0.14088124,0.11185036,-0.024048986,0.023475545,-0.08632296,-0.20005538,0.089422144,0.21287777,0.2825845,0.05211261,-0.085879646,-0.2745076,-0.008831936,0.05518708,0.10564407,-0.09760815,-0.059790544,0.03318459,0.08220722,-0.105465524
TCGA-GM-A2DI-01A,0.033790257,0.080465525,0.18492727,0.16669726,0.02390546,0.12300569,0.10946232,-0.05004828,0.05079659,-0.028816618,-0.033557665,-0.011599796,0.013964516,0.0811671,0.17262453,-0.09964055,0.10524719,0.17266487,0.0021728417,0.029308232,0.026874216,0.09731338,-0.073101796,-0.030884037,0.0066138436,0.12542735,-0.15591727,0.07140422,0.033540748,-0.0058555417,0.09653564,0.06095958,-0.14069813,-0.17944878,-0.097780995,-0.20055944,-0.066829935,-0.09335042,-0.109205306,-0.022830207,-0.11264756,0.006596819,0.0650653,-0.033919804,0.052274268,-0.104401216,0.039546285,0.1007164,0.20764874,0.045803323,0.05705661,0.20484917,-0.03246328,0.15834378,-0.01905722,-0.059223346,0.15300122,0.003401965,-0.07478865,0.08113526,0.02349988,0.05608472,-0.040722936,0.13938531,0.08815555,-0.095541656,0.18108684,0.16250065,-0.15679617,0.08704018,-0.13858865,-0.07179297,0.015334298,-0.22090478,0.12844145,-0.015056912,-0.016533008,0.022159142,0.013333926,0.01938259,0.03546517,0.096169285,-0.036116466,0.021846369,-0.037334725,-0.060930595,0.026242517,0.09049247,0.06868006,-0.10639542,-0.124876715,-0.112178236,-0.11322464,-0.034698933,0.14919475,-0.08923671,-0.16085802,-0.04579849,0.12708652,-0.1454989
TCGA-EW-A1PB-01A,-0.023738608,0.04210081,0.08545952,0.10343609,-0.09964165,0.24036317,0.11759494,0.029061059,-0.037261225,-0.0036962533,0.075230114,0.031800207,-0.12573789,0.08316154,0.06715168,-0.10835049,0.12149119,0.20170787,-0.011124466,-0.0859089,0.09585888,-0.010846107,0.046398893,0.10331733,-0.02110403,0.1575986,-0.19042687,0.006582081,-0.011439611,-0.12363801,0.104078695,0.083223805,-0.13092414,-0.23352285,-0.09697737,-0.23053873,-0.01754163,-0.043146614,-0.096154004,-0.068267114,-0.0647611,0.07535241,0.059362877,-0.05709834,3.1119216e-05,-0.0948454,0.044773325,0.10623844,0.15566206,0.014066727,0.13521628,0.06251904,0.022220533,0.10538443,-0.14506128,0.15657932,0.20117947,-0.026011523,-0.048046853,-0.028804325,-0.008781321,0.0072386214,-0.12493214,0.13341314,0.09598035,-0.06856097,0.16178542,0.11500681,-0.08182574,0.037837412,-0.09031052,-0.003849283,-0.028611233,-0.16569515,0.07316036,-0.09052799,0.015222509,0.06960232,0.12648942,0.00042715005,0.04719119,0.0361366,-0.0974345,-0.010516816,-0.016711207,-0.035816375,-0.060887076,0.06920472,0.15751246,-0.01821035,0.07266923,-0.15161595,0.041925345,0.02415257,0.134884,-0.10501431,-0.094672725,0.18074301,0.050260473,-0.12126414
TCGA-B6-A0RL-01A,0.010951043,-0.016405541,0.093607806,0.04547971,0.015931511,0.19663803,0.0491924,0.01924221,0.11980399,-0.00017856891,-0.00011385263,-0.078992434,-0.05729976,0.07887462,0.1195361,0.0053781746,0.08334098,0.12269723,-0.004862822,-0.028461413,0.060610466,-0.02118523,0.05455395,0.03912232,0.025414532,0.14954317,-0.15539347,-0.105371684,-0.024062272,0.024361696,0.0114934,-0.010993099,-0.14995164,-0.17649408,-0.16419627,-0.18111284,-0.121829696,-0.07676971,-0.0687276,-0.051704984,0.059812296,0.0018683093,0.101500355,0.004405958,0.023235125,0.060013894,0.0013805708,0.0016172047,0.1530718,0.17573847,0.11363537,0.109296404,0.079018295,0.14816572,-0.13124709,-0.007068035,0.19142716,0.1346364,-0.08645799,-0.064609714,0.022331297,0.055027653,-0.0993065,0.17031565,0.1602416,-0.22804256,0.15285674,0.116478376,-0.15416351,0.066053964,-0.08149008,-0.03988005,0.04788274,-0.19171067,0.15796131,-0.02438857,-0.0013922539,0.05392321,0.011032544,-0.0024220266,0.009775391,0.0752295,0.027388448,-0.076615594,-0.030170713,-0.1101437,-0.023900196,0.21470068,0.13725759,0.060703438,-0.066722065,-0.22916326,-0.022512192,-0.047099747,0.08677319,-0.09520647,-0.11940558,0.023846066,0.10743375,0.050954737
TCGA-LD-A7W6-01A,0.06222988,0.06044982,0.17787991,0.11261016,-0.053854946,0.10152123,0.12036905,-0.021078337,0.01844157,-0.004322086,-0.085618235,-0.051287275,-0.0793028,0.083657205,0.14943345,0.045280274,0.023828136,0.12476585,-0.051029056,-0.04665087,0.046102464,0.00755926,-0.050118823,0.17582598,0.046988346,0.12351826,-0.1787352,0.0672579,-0.0840805,-0.07762459,0.0514771,0.04989852,-0.19002737,-0.096264765,-0.01719297,-0.09405645,-0.109268285,-0.07383639,-0.22696643,0.009449242,-0.061765824,-0.048142467,0.03415507,-0.08897632,0.06730604,-0.053918928,-0.0021707597,0.012397928,0.041658156,0.24761292,0.13412388,0.094703145,-0.021440417,0.08220977,-0.082923114,0.053690325,0.14253817,-0.033689827,-0.078971125,0.026240207,0.06705334,0.072508775,-0.104839645,0.13992305,0.00865337,-0.05383095,0.109639496,-0.043170188,-0.07841758,0.18378049,-0.17235523,-0.041151967,0.008658995,-0.20346284,0.080470935,-0.02024746,-0.008872416,0.065863214,0.044115733,-0.08408588,0.079486825,0.052022092,-0.07436203,-0.042566534,-0.112512365,-0.02177826,0.040442485,0.076065935,0.15717417,0.01942037,-0.18761586,-0.2401997,-0.023107227,0.109990545,0.022852445,-0.15691185,-0.2061244,0.05185306,0.12628831,-0.13248049
TCGA-AR-A0TT-01A,0.006011662,-0.0069056596,0.14990252,0.116231225,-0.07759558,0.13261275,-0.043154866,-0.022197949,0.13179927,-0.029066905,0.0012075397,0.0144474795,-0.11931085,0.13136259,0.11151489,-0.110513866,0.1039959,0.18210064,-0.017378274,0.0048437826,0.12349209,-0.054986637,-0.031101257,0.104620256,0.023449965,0.064542994,-0.15044777,-0.019350661,-0.03381477,-0.07699733,0.10666456,0.010381568,-0.10662245,-0.19769222,-0.08387624,-0.1530334,-0.09371093,0.0042639766,-0.068830654,0.06903499,-0.07815682,0.08802045,0.038674597,-0.0037426283,-0.009521592,-0.05308623,-0.03616855,0.09250415,0.10493907,0.24075337,0.05139756,0.059366725,0.018191379,0.13825773,-0.11070133,0.074832305,0.1587948,-0.06437682,-0.16800119,-0.027873354,0.015190501,0.00081653584,-0.15857019,0.13518092,0.06280464,-0.0040306654,0.25889602,0.08873481,-0.14753553,0.0706534,-0.17370063,-0.0045574787,0.093722135,-0.2991081,0.03905492,0.010303099,0.11953059,0.03749296,0.014393696,0.04760112,0.088245004,0.015220874,-0.062184073,0.04487605,-0.06025765,-0.095431685,-0.058748823,0.15142581,0.13374351,-0.074719034,-0.0862867,-0.16808213,-0.0023943703,0.07473888,0.08482106,-0.08638462,-0.064112864,0.021957096,0.090823315,-0.041233245
TCGA-EW-A1OV-01A,0.01945622,0.15193217,0.12971038,0.118437134,-0.044329025,0.0621493,0.010771383,0.01157047,0.03409149,0.014188335,-0.026583448,0.026530677,-0.028715368,0.17950109,0.085833855,-0.12292502,0.07015035,0.21918167,0.02651732,0.014411339,0.02839189,0.012192353,0.0024689937,0.10908906,-0.07198874,0.10916315,-0.20415455,-0.080256015,0.0066748126,-0.06379693,0.06001911,0.09320152,-0.15426221,-0.03752102,-0.10485842,-0.088416934,-0.11657987,-0.04262747,0.044201136,0.006614943,0.017983524,0.036595933,0.017943522,-0.04859702,0.01700619,-0.13779034,-0.011555181,0.07077794,0.13547197,0.17833866,0.12766404,0.14720161,0.14297196,0.05942856,-0.09970214,-0.00084370736,0.080898486,-0.027273025,-0.0750718,0.0946949,0.0538355,0.049103428,-0.1513257,0.110475354,0.025165597,-0.038848452,0.32662502,0.08165419,0.018273028,0.023444533,-0.17753178,0.008010104,-0.047268856,-0.15428682,-0.027988289,-0.066352144,0.055152956,0.04764762,0.08590087,0.0344731,0.06563962,0.04107612,-0.05945975,0.010083657,-0.0127331875,-0.14157408,-0.10877736,0.22292647,0.2173564,-0.0035774482,0.07094717,-0.2252998,0.08234222,0.0039575775,0.09536921,-0.03952247,-0.12277544,0.06433576,0.035054814,-0.18179388
TCGA-A2-A0SV-01A,-0.0055562616,0.14309423,0.24888459,0.033890657,-0.14345583,0.12073479,0.08053929,0.0043108095,-0.074057326,0.06753709,-0.076383576,-0.02322839,-0.03151438,0.1186621,0.16153903,-0.037875466,0.10238732,0.23554748,0.016339617,-0.10998258,0.008172592,0.008717909,0.047062743,0.098704234,0.04313744,0.24292791,-0.19290961,-0.04859633,-0.06671222,-0.0872644,0.09893433,0.022559984,-0.084535494,-0.15926988,-0.068681076,-0.17057335,-0.0841441,-0.06995632,-0.046245895,-0.11005411,0.038470455,-0.005469081,-0.06851536,-0.12758094,-0.012595827,-0.052787885,-0.15004918,0.08238444,0.027178066,0.16445228,-0.058562655,0.1108139,0.069694944,0.1535213,-0.09790387,0.039264005,0.0783848,0.0895996,-0.10766932,-0.014381779,0.040548556,0.00030708784,-0.0737288,0.20362878,0.01061362,-0.15775101,0.16687097,-0.000511391,-0.13554862,0.07264029,-0.05503264,-0.05140046,-0.0056846472,-0.15049134,0.085274294,-0.120311715,-0.016575696,0.0421953,0.054627117,0.0011064599,0.11155699,-0.04362187,0.015171396,-0.025653075,-0.091194965,-0.07868953,-0.0002665456,0.041180294,0.116257384,-0.03432689,0.029877549,-0.13256396,0.02001299,0.061963703,0.18122299,-0.08241344,-0.092545524,-0.0264665,0.10860604,-0.19096272
TCGA-EW-A1P1-01A,0.08536518,0.07048219,0.13307655,0.13585927,-0.09370475,0.092672974,0.15506387,-0.017321985,-0.0041356483,0.009261842,-0.041519813,-0.06608058,0.05351654,0.14568275,0.025025392,-0.042580284,0.20336296,0.1742963,-0.059942722,-0.010477389,0.12404568,-0.0038107287,-0.029653452,0.08883261,0.103165984,0.060531627,-0.25596374,0.019730544,-0.026071688,-0.075076886,0.086364344,-0.007548892,-0.11870892,-0.21781263,-0.0065359003,-0.1452046,-0.0667643,-0.08626038,-0.08951868,-0.10619845,-0.16911323,-0.009638405,0.037452664,0.0024582273,0.03081032,-0.058362264,0.028339606,0.087400354,0.15280522,0.17551889,0.109000586,0.056451797,-0.015989617,0.16553642,-0.059169646,-0.017610397,0.12780704,-0.046045844,-0.05443598,0.09262859,-0.031236645,0.020800944,-0.061177038,0.17983773,0.019330734,-0.0024212159,0.08065975,0.020075679,-0.0661022,0.15271541,-0.04244918,-0.020403234,-0.031175546,-0.22661535,0.13810273,-0.060804907,-0.06840818,0.11428012,-0.03497874,-0.036149506,0.09722401,-0.0011666513,-0.11547242,0.057815567,-0.061541826,-0.16295257,-0.019718964,0.12724254,0.18194453,0.04864045,-0.007892085,-0.19024444,-0.05737069,-0.02756458,0.15760908,-0.07855999,-0.15719208,0.025440434,0.030707262,-0.14089033
TCGA-AO-A1KP-01A,0.088018455,0.009465648,0.07740584,0.08921652,0.015861347,0.16179274,0.07639866,-0.011785184,0.0566806,0.043166712,-0.035066556,0.044818338,0.050375767,0.099199496,0.15717272,-0.06137886,0.05139609,0.170931,0.017790118,-0.030451983,-0.083796956,0.031659495,-0.08840356,0.2486399,0.04570563,0.090741925,-0.1880776,-0.051791582,0.036029506,-0.085358314,0.07351466,0.00848484,-0.14719169,-0.14576007,0.0076041906,-0.17898105,-0.1307345,-0.12019405,-0.0867514,-0.021395616,-0.03746026,-0.017624993,0.13861358,-0.11899516,-0.050547343,-0.08253963,0.03135077,-0.05533186,0.043046776,0.16370828,0.1038477,0.04131305,-0.027374653,0.09808628,-0.03833183,-0.0033633648,0.162674,0.116066046,-0.08690944,0.07599084,-0.018491559,0.069237806,-0.05379288,0.23479696,-0.025907708,-0.03127637,0.22230002,0.11469716,-0.0118492395,0.09996921,-0.11556208,0.12445073,0.080631845,-0.18390884,0.15297148,-0.051748678,-0.054010373,-0.052232284,0.06254383,-0.06601101,0.026121555,-0.043671254,-0.1074498,-0.04777096,-0.08690416,-0.050372794,-0.025814563,0.11828529,0.23161538,-0.033590022,0.0482599,-0.11795758,0.056104597,0.010140512,0.1490517,-0.0705314,-0.20736751,0.07295975,0.053391073,-0.11698624
TCGA-D8-A1JD-01A,-0.051924076,0.023329573,0.18046914,0.1205351,0.0126176085,0.07601643,0.097607754,0.01711341,0.053512596,0.028914,-0.079692364,-0.069369026,-0.06272056,0.17112182,0.09929375,-0.06847875,0.08202297,0.18105502,-0.076805346,-0.062816046,0.00388023,0.09457539,0.0667454,0.18396507,0.10312001,0.040634714,-0.20075059,0.06021305,-0.066135325,-0.18397117,0.08981874,0.09317531,-0.10796118,-0.07934926,-0.17286879,-0.27518705,-0.11876836,-0.10671698,-0.046179693,0.012253441,-0.09858961,0.02046435,0.064334005,-0.065278664,0.044680476,-0.07018628,-0.0022885792,0.07648547,0.11670536,0.09264447,0.04627834,0.066672675,0.11330372,0.038372025,0.0031835972,0.056811225,0.1405713,-0.06487604,-0.052687682,-0.056813363,-0.036007386,0.007592853,-0.20208281,0.08806066,-0.090081185,-0.022893185,0.17533432,0.13227269,-0.1163404,0.067986734,-0.069362275,-0.07607508,0.093270265,-0.1646777,0.053993728,0.04016206,0.07003626,0.08849725,0.10588075,-0.0066925655,0.070324495,-0.0018357901,-0.1772568,0.012030034,0.0050020027,-0.05321282,-0.035862666,0.16488427,0.07370594,-0.06605569,0.052072003,-0.14704107,-0.10012806,-0.008118963,0.10611325,-0.07184989,-0.18585461,0.13660939,0.0426811,-0.1452174
TCGA-BH-A0C3-01A,-0.05157549,-0.045211237,0.17245224,0.07891416,-0.03291084,0.119745255,-0.051023334,-0.0714721,0.014459064,0.030698692,-0.069378324,-0.112200275,-0.09122587,0.15675472,0.002836814,-0.10558044,0.09283346,0.17035481,0.007109407,0.03205761,0.071222804,0.027707424,0.091424935,0.09793861,0.06713085,0.12607643,-0.23924832,-0.12343817,-0.032821957,-0.06615758,0.044024657,0.05170471,-0.16281524,-0.112634644,-0.09691551,-0.27977714,-0.11244395,-0.08491986,-0.11684106,0.072465256,-0.067163646,-0.07800156,0.12417688,0.043657575,-0.059670042,-0.15982383,-0.015669841,0.0035372009,0.13497502,0.14057055,0.07756201,0.087641105,-0.0602119,0.1751472,-0.07608607,0.056901827,0.13996567,-0.033100702,-0.13413452,-0.06429095,-0.06390455,0.039272074,-0.14268531,0.08334423,0.007750362,-0.17205504,0.20165166,0.059213985,-0.1456872,0.08156325,-0.12575151,0.05616162,0.010145021,-0.022313269,0.055527095,-0.027970273,-0.06527759,-0.0013922442,0.02220795,-0.02162009,0.1636697,0.11153033,-0.10389931,0.05187948,-0.11566869,-0.008558052,0.027988119,0.11186298,0.13026685,-0.12947464,0.037573263,-0.062166844,-0.023476195,-0.006742154,0.112085834,-0.10664468,-0.13153686,0.02957104,-0.047131516,-0.14393616
TCGA-E2-A15K-01A,0.03239004,-0.03889655,0.21010026,0.14399847,-0.034748208,0.0796274,0.15653083,0.0067734,-0.07639891,0.0048599914,0.06666432,-0.06795152,-0.13651478,0.105289266,0.06883118,0.00028308178,0.023739606,0.25039876,0.025509985,-0.08735823,-0.05348214,-0.0078610135,0.04576486,0.1287455,-0.07507886,0.14665708,-0.2228215,0.013850244,-0.04586879,-0.012566374,0.03747261,0.0063822856,-0.10400411,-0.15033533,-0.0722457,-0.20356202,-0.14533265,-0.03680098,-0.09024316,0.043984488,0.017626096,-0.002204442,0.087035425,-0.014661143,-0.013499703,0.01469225,-0.06998077,0.1494561,0.16981791,0.1824,0.036146615,0.09225677,0.051710833,0.1619838,-0.07432553,0.044945534,0.06438717,0.046112876,-0.08961026,-0.039422113,0.049913425,-0.031159196,-0.083273314,0.1560077,0.05451361,-0.15837295,0.15017775,0.07570607,-0.025004532,0.07019923,-0.0623282,0.011124853,0.07359581,-0.26604047,0.14378564,-0.090105705,0.099789344,0.02820199,-0.0036047725,0.03479118,0.099059135,0.019451771,-0.1496224,0.10150652,-0.02656423,0.0038900126,-0.07713141,0.1663872,0.12364387,0.003125066,0.08322753,-0.22597727,-0.03547667,-0.04882008,0.11959842,-0.045125756,-0.02840151,0.055382166,-0.035280302,-0.10686331
TCGA-E9-A1RI-01A,0.039098058,0.035733778,0.20800538,0.111337975,-0.08758355,0.16788547,0.09477084,0.12819134,-0.021234142,0.010315211,-0.049057957,0.013930821,-0.04220784,0.08281359,0.07982226,-0.10185307,0.15344289,0.14775287,0.04351449,0.039627787,0.028994462,0.031218946,0.03491904,0.12352565,0.03717697,0.035911154,-0.1717839,-0.09137694,-0.091671444,-0.009599873,0.11745314,0.08418881,-0.17427853,-0.2266029,-0.03441364,-0.28768638,-0.06654242,-0.046246838,-0.040958006,-0.032318484,-0.040993903,0.007150344,0.18141995,-0.12155862,-0.03227401,-0.15817589,-0.15389329,0.05806487,0.08225663,0.07750298,0.1110413,0.030294325,0.13200259,0.12822653,-0.08606876,0.07821824,0.1171246,-0.02457945,-0.06964525,-0.08158832,0.02175109,0.10038463,-0.098691426,0.111481495,0.0037594687,-0.075843446,0.09223217,-0.019693347,-0.15821323,0.09454791,-0.0028498252,-0.046065807,0.026571764,-0.16879375,0.16615312,0.055915266,0.09186825,0.0732537,-0.08093844,0.012131556,0.0052908445,0.068045355,-0.013543602,0.0155930035,-0.05608002,-0.11147652,0.033737496,0.26652622,0.13262497,-0.034028623,-0.045314275,-0.181368,-0.09981323,-0.013484152,0.058919147,-0.0048052985,-0.06302901,-0.01955798,0.07929216,-0.056691896
TCGA-E9-A1R6-01A,0.042193506,0.011071909,0.13197823,0.18137537,0.07367842,0.11929842,-0.005002327,0.13302326,-0.028608765,0.03565371,-0.03862367,0.03827274,-0.14065447,0.12332175,0.17107096,-0.06843431,0.05040831,0.15245913,0.05284538,-0.020030238,0.0073480373,0.11506733,-0.061557747,0.059167817,0.14185306,0.07442759,-0.10858833,-0.004234939,-0.02327449,-0.067451306,0.027500156,0.072603025,-0.06555545,-0.083204925,-0.16241264,-0.21330926,-0.09103753,-0.12837213,-0.13425216,0.03219159,-0.067854844,-0.03935985,0.07358325,-0.15479578,-0.052808154,-0.072741605,-0.11362786,0.022603206,0.1513303,0.21030903,0.07185918,0.08578444,0.074935794,0.057031043,-0.05918109,0.029697552,0.057521924,0.08271397,-0.11107226,0.0058103204,0.038120255,0.08133657,-0.0636163,0.13946019,0.06919433,-0.11348881,0.057015266,0.07942399,-0.13882288,0.079865694,-0.082284965,-0.024251755,-0.010575378,-0.19844837,0.049366057,-0.06913443,-0.011496144,0.106527396,0.06286474,-0.056823354,0.115964524,0.10648277,-0.07236215,-0.06986336,0.008000528,-0.112929136,0.026134446,0.19518086,0.2427482,-0.09546064,0.045081683,-0.17160782,0.0022565976,-0.06150669,0.10639602,-0.15178782,-0.13076067,0.027304474,0.09244914,-0.17647932
TCGA-D8-A1XT-01A,-0.031620417,0.024629848,0.08314849,0.096950844,0.007912744,0.06991345,0.095392704,-0.015369664,0.026077254,0.09900256,-0.025691409,-0.16174683,-0.1954024,-0.03572236,-0.037862882,-0.077542014,-0.065440565,0.2353281,-0.108713426,-0.045808967,0.038763463,0.05343942,-0.067953326,0.17024364,0.037460655,0.13604842,-0.18003166,-0.06922183,-0.034647256,-0.07555735,0.033226233,0.024939237,-0.045989357,-0.17545106,-0.096128695,-0.15474157,-0.11202452,-0.08447681,-0.051152732,-0.07316333,-0.029694583,-0.043649863,0.1276254,0.0073455605,0.042487353,-0.15284473,-0.07403041,0.0768235,0.14384401,0.1756351,0.009625508,0.118012086,0.06833873,0.068438046,-0.063425496,0.0009431772,0.17874879,0.113647915,-0.05791373,0.017345926,-0.003255918,0.029130587,-0.09664376,0.0476211,-0.00070619944,-0.025648091,0.116992645,0.0030411112,-0.04810971,0.07938019,-0.16585876,-0.08795393,0.102300994,-0.20127322,0.14303516,-0.10512585,-0.08441442,0.069759734,0.11449053,-0.05647045,0.065911636,-0.06406263,-0.0028266574,-0.021295568,-0.08324938,-0.15854408,-0.0472971,0.19386141,0.21761471,-0.022084268,0.028464546,-0.14493646,0.024675049,0.008468409,0.1745589,-0.036712214,-0.19422103,0.021237899,0.07532586,-0.14546686
TCGA-AC-A6IX-01A,-0.037717387,0.07343896,0.11185396,0.17902018,0.017584383,0.13344172,0.060175356,-0.020934032,0.039179474,-0.05446561,0.030568518,0.03690651,-0.14108285,0.18400118,0.15174727,-0.09316813,0.15193436,0.13309723,-0.0041261236,-0.10631761,0.09565837,-0.042217467,0.014565298,0.045938037,-0.02852966,0.021181818,-0.21274583,-0.033084363,0.04053895,-0.058778666,-0.0011461623,0.12472633,-0.17004025,-0.12533313,-0.11963445,-0.08380835,-0.046570353,0.04797833,-0.17631647,-0.050431713,-0.042063557,-0.06385771,0.0965758,-0.110484086,-0.010788447,-0.09320752,-0.051120747,0.053115435,0.15566367,0.15074138,0.10655407,0.18453774,0.030697592,0.13411103,-0.08851198,0.08142224,0.17176765,0.039627783,-0.101610444,0.07684583,0.09570227,0.101913214,-0.018624766,-0.015760059,0.044252485,-0.060815282,0.07982241,0.007318638,-0.22286317,-0.0048317136,-0.014953956,-0.04891752,-0.06230044,-0.19351827,0.116648875,-0.036046788,-0.050669555,0.055584304,0.03787155,0.04152393,0.06119243,0.08178071,-0.052315857,0.02293072,0.07052804,0.015510576,-0.06649314,0.20231377,0.30247298,-0.08445172,0.038784947,-0.114869885,-0.08261715,0.0495655,0.12612492,-0.0928127,-0.11269571,0.024054928,-0.018120335,-0.08496053
TCGA-WT-AB41-01A,-0.07511636,-0.023017643,0.18176018,0.13729796,-0.044116374,0.12752205,0.12355842,-0.0110720685,0.1042699,0.009084842,-0.006231048,-0.09756183,-0.10134544,0.17617136,0.062028788,-0.09775702,-0.0094311265,0.14760366,0.04112478,-0.015032111,-0.035756465,-0.00073436357,-0.040421803,0.109759346,-0.021703808,0.049108732,-0.19183007,-0.09393109,-0.11352992,-0.06962201,0.052815802,0.03476855,-0.056761727,-0.16478685,-0.11842994,-0.22355925,-0.07491945,-0.0041322997,-0.024390308,0.027681967,0.013988062,-0.053933598,0.12926896,-0.09545074,-0.0010367989,-0.061901562,-0.114459425,0.031848487,0.21757272,0.091681436,0.023425832,0.1401743,-0.027982492,0.11607001,-0.012501601,0.05057056,0.20324449,-0.003386888,0.04753592,0.1256492,-0.019297773,0.057560034,-0.040973984,0.14517832,0.03723098,-0.123307295,0.13360979,0.07382303,-0.12852007,0.0342107,-0.1112331,-0.013008854,-0.049756788,-0.287356,0.12619121,-0.14437105,-0.05856341,0.09096769,0.017838418,-0.039924484,0.11461293,0.0042215204,-0.0028450233,0.081816226,-0.016937174,-0.08138195,0.042926114,0.10079388,0.15600808,-0.07443627,-0.033331335,-0.15130395,0.009065986,-0.0060999873,0.22356516,-0.10215848,-0.12574749,0.14744455,-0.013718368,-0.026055047
TCGA-A2-A25A-01A,0.009298491,-0.043201387,0.22562039,0.054409783,-0.01452858,0.071023464,-0.10076493,-0.00038024914,-0.01666236,-0.050717447,-0.010934416,-0.07101633,-0.0012752864,0.08601016,0.0855658,-0.0782548,0.05933693,0.092735544,-0.1243027,-0.09957648,0.03918219,-0.055025063,-0.07173661,0.1631013,0.049812485,0.09523155,-0.16695097,-0.08570019,-0.049772684,-0.10552515,0.049828004,0.082747385,-0.045572504,-0.2085472,-0.08485466,-0.2436844,-0.16350426,-0.06636152,-0.075365596,-0.060417887,0.047896493,0.061956134,0.023606326,-0.13236952,-0.047248654,-0.04272036,-0.05900033,0.083519176,0.114231005,0.11143193,0.05054353,-0.042434298,-0.042922925,0.22259897,0.05266455,-0.050499395,0.15049653,0.07906276,-0.06290711,-0.01790976,-0.13192695,0.106448576,-0.080004595,0.16203956,-0.086056545,-0.115735084,0.2125468,0.004625232,-0.13104846,0.05392268,0.0033014969,0.11759865,-0.0065956013,-0.20013495,0.051120985,-0.021941086,0.025767155,-0.011518267,0.06858275,-0.033225287,0.08474607,0.10492849,0.005179979,-0.052316297,-0.0033863233,-0.15218659,0.015779579,0.10386837,0.19546758,-0.096040346,-0.09118012,-0.21049002,0.011599328,0.016418496,0.15689522,-0.06716035,-0.13831592,-0.012492186,0.09135659,-0.14783816
TCGA-S3-A6ZG-01A,-0.010684353,0.03967264,0.111503325,0.15297595,-0.022540564,0.14190418,0.13112625,0.06714413,0.108607195,-0.08610343,-0.048916336,-0.053005595,-0.08240374,0.1535839,0.109186694,-0.06659972,0.06826735,0.1015255,-0.09386018,-0.03667983,0.0040021157,0.08111183,-0.042582065,0.13002403,0.062524386,0.023894494,-0.20023867,-0.026215762,0.013238067,-0.12471855,-0.06316202,0.038886,-0.045904756,-0.17986156,-0.097334154,-0.07799132,-0.162237,-0.028403835,-0.16051875,-0.014791193,-0.017143575,-0.11558503,0.004353959,-0.07360674,-0.037260283,-0.03387264,-0.04495646,0.09565157,0.074388154,0.23759551,0.050703183,0.19670402,0.113463394,0.024000835,-0.0153441,-0.027888339,0.14526777,-0.04402009,-0.059458595,-0.0731166,-0.09375612,0.011830474,-0.08929003,0.18050757,0.078141436,-0.11101183,0.27295083,0.05178559,-0.052940756,0.0963213,-0.10396038,-0.029009782,0.06409858,-0.13027845,0.036308676,-0.110316776,-0.017012278,0.048273567,0.031019313,-0.040989693,0.12534466,0.008322644,-0.059204854,0.050979696,0.004348049,-0.035502076,-0.009658344,0.25626126,0.19669959,-0.003755926,0.09058193,-0.15437545,-0.049694568,0.091486126,0.0778373,-0.07012563,-0.19001849,0.049673826,-0.010481642,-0.1329064
TCGA-BH-A5J0-01A,-0.023794731,0.054508783,0.1332193,0.102938324,-0.029936088,0.06888802,0.089360155,-0.0083473595,0.026177915,0.011456152,-0.0740449,0.013983163,-0.10251962,0.20735101,0.1300366,0.09435835,0.060520552,0.16490223,0.034481622,-0.07096644,0.14411442,0.1345851,-0.036891494,0.027928222,0.010204193,0.05087096,-0.16473104,-0.058023434,0.0071537723,-0.072976775,0.04555397,0.020689271,-0.094713666,-0.23791085,-0.06773791,-0.2232315,0.025409874,0.0027608906,-0.0638553,-0.04974237,-0.006459827,-0.01146904,0.07304601,-0.21840733,-0.037463937,0.07655525,-0.037671447,0.06778422,0.10651064,0.121561475,0.0966693,0.07135896,0.22019234,0.09710151,-0.06218728,-0.0017983487,0.09153349,0.081812404,-0.032144662,0.051638704,-0.04111572,0.027222151,-0.07851758,0.18958674,-0.090294644,-0.041207887,0.107828945,-0.0015799752,-0.09346487,0.12095927,-0.23102018,-0.016317653,0.044874266,-0.23832318,0.18484192,-0.13534157,0.060341906,0.013677182,0.019089354,-0.0015102066,0.07123354,-0.048475813,-0.10581984,-0.0720368,-0.026065538,0.021605626,-0.14713776,0.20432235,0.16901231,0.00025827665,0.008862471,-0.09825003,0.046485916,0.030864628,0.11414367,-0.048453663,-0.0028667622,0.11045659,0.054517057,-0.12567078
TCGA-AR-A24O-01A,-0.0074058217,0.10638583,0.1694181,0.13304654,-0.033555616,0.21419083,0.09237861,0.09907445,-0.019711724,0.052621506,0.08613048,-0.12890998,0.044335477,0.11235626,0.1285788,-0.038428728,0.08918945,0.008298931,0.0064676073,-0.09491514,-0.006561263,0.03587321,0.08924642,0.24829322,0.115794994,0.1559171,-0.16081326,0.07923847,-0.040700153,-0.04152723,0.021126835,0.08287304,-0.18260506,-0.18890816,-0.06711088,-0.054980263,-0.13674474,-0.046617527,-0.187916,-0.051536318,-0.066646494,0.06717435,0.11090629,-0.0137212835,-0.080054596,-0.08447086,-0.1398684,0.032330446,0.07176297,0.13723549,0.15853807,0.09800003,0.110755265,0.17384055,-0.058064982,0.036369402,0.097766705,0.009805793,-0.10176035,-0.021221178,0.09248489,0.08404394,-0.12909704,0.23079613,0.08846539,0.031092739,0.17896152,0.116936885,-0.06722523,0.097508304,-0.1397592,-0.048059195,0.02677486,-0.16517742,0.12098427,-0.167771,-0.0989925,0.09553206,-0.030695684,-0.025988301,-0.021237066,0.0048970296,-0.031560265,0.015269537,-0.06998019,-0.033831272,0.01990058,-0.018228691,0.16386576,0.00920325,-0.028505726,-0.0882406,-0.03384393,0.039169837,0.101908036,-0.012823913,-0.06964358,0.010685397,-0.04046328,-0.008105943
TCGA-BH-A202-01A,0.06139813,0.11395922,0.24299014,0.15963079,-0.12273279,0.18639168,0.05669426,0.051584046,0.020932207,0.006697813,-0.049202435,-0.0011989559,-0.06578541,0.093531415,0.08115052,-0.07011592,0.04377744,0.08231761,-0.0034508484,0.058582205,0.03152427,0.07576946,-0.055348873,0.018655535,0.014290572,0.05069116,-0.23077463,-0.0052353614,-0.018858999,-0.079085305,-0.025387183,0.058473308,-0.03373904,-0.17401692,-0.07874137,-0.17929961,-0.1348598,-0.11988536,-0.13752855,-0.0602628,-0.08553677,0.03248544,0.113792315,-0.011651772,-0.006608751,-0.09850838,-0.06719729,0.13120396,0.12934545,0.08382027,0.05124127,0.16434878,0.081936896,0.14423159,-0.22412086,0.08891242,0.033653755,0.0049289246,0.029084396,-0.044422247,-0.08303956,0.15209864,-0.051298723,0.15257649,-0.022333885,-0.046176128,0.27369848,-0.035360567,-0.119952306,0.0687126,-0.1986734,-0.08051643,-0.010271379,-0.09918177,0.07854677,-0.09242884,0.06713453,0.1339917,-0.0006024236,0.020776976,0.11031199,-0.008003369,-0.06261878,0.037937243,-0.06075467,-0.049235985,-0.114435025,0.11023466,0.15410158,-0.00014435392,0.02714856,-0.12786339,0.059665464,0.04342203,0.13813125,-0.0524848,-0.15206861,0.05041033,0.11863373,-0.03945977
TCGA-AC-A2FF-01A,-0.07015406,-0.001887763,0.29720244,0.1340809,-0.0654722,0.103155866,0.036395155,0.020622713,0.04164115,-0.06960302,-0.11599454,-0.036319274,0.010459278,0.16906235,0.20164682,0.0053896373,0.116008975,0.17273027,-0.065043665,-0.06880544,0.038077276,0.024824914,0.0069636833,0.15312922,-0.012092123,0.050588094,-0.16901153,0.011306828,-0.077086434,-0.037582528,0.07700353,0.10758219,-0.22373097,-0.24115348,-0.043173186,-0.12486456,-0.09563347,-0.059470598,-0.041074306,0.07314527,0.0042518885,-0.14477731,0.14595398,-0.07916725,-0.1432704,-0.062281713,-0.08445905,0.023872891,0.124834046,0.13330315,0.017914038,0.094915286,0.09922155,0.15460864,-0.032327153,-0.011306159,0.13569817,0.08745701,-0.11501505,0.07215422,0.10145657,0.029270878,0.015350559,0.028566238,-0.018888,-0.06252389,0.06127275,-0.06108327,-0.06636715,0.08087141,-0.17019433,-0.049268153,0.05256683,-0.13281007,0.14333881,-0.014662974,0.06367647,0.08273896,0.13027632,0.025942568,-0.040063024,0.0065776347,-0.009002122,-0.09926079,0.0007680374,-0.06268667,-0.07918856,0.053534303,0.21968849,-0.039341755,-0.063734196,-0.16874735,-0.05315894,-0.00559216,0.045123756,0.06775048,-0.08812041,0.1322527,0.019350013,-0.14498837
TCGA-BH-A0DP-01A,-0.034037914,-0.016283361,0.14586362,0.064197145,-0.07653489,0.13398659,0.010137302,-0.021660835,0.024469662,-0.04390255,0.01919294,-0.0063252626,-0.038685866,0.1068484,0.10702286,-0.009006276,0.18390149,0.07335167,0.090957455,-0.0062481165,0.054324474,0.004389572,0.065394185,0.1722756,0.10106688,0.10680795,-0.21379241,0.010663904,-0.061343264,-0.11949131,0.09849773,0.019538336,-0.072313935,-0.15564272,-0.16036561,-0.20755859,-0.07798548,-0.08832747,-0.08841494,-0.07781869,-0.060218044,-0.020540265,0.19355395,-0.023862211,-0.07940658,-0.06414325,-0.06434202,0.026949672,0.08876299,0.116764754,0.009209708,0.13211782,0.15109822,0.09408864,-0.038131166,-0.021288283,0.026364591,0.11250541,0.0038007095,-0.041596856,-0.046314694,0.027420744,-0.107255325,0.18837821,-0.049505826,-0.05162226,0.2965204,0.002017448,-0.11465168,0.058107983,-0.25661823,0.039547216,0.032070942,-0.22465082,0.08871006,-0.04798271,-0.05208439,0.10808349,0.13132942,-0.052498933,0.021527126,0.11639624,-0.06291776,-0.014066467,-0.14533679,-0.010216069,-0.0026540223,0.13452995,0.15722816,-0.04001528,0.010848403,-0.1555598,-0.034058142,0.02020784,0.07798213,-0.07082273,-0.112732574,-0.040388927,-0.0188552,-0.10888759
TCGA-AR-A251-01A,-0.11645331,0.0012792371,0.13169271,0.16113614,-0.1287159,0.20223124,0.1058998,-0.032074045,0.041665237,0.016482955,0.015736306,-0.013081325,-0.0050553214,0.10420531,0.04277622,0.014032674,0.06197774,0.13973612,-0.0025597923,-0.08565885,-0.053878807,-0.09855942,0.029586785,0.18758695,-0.036834504,0.1421266,-0.17229365,-0.056020394,-0.09383569,-0.16337475,-0.008855305,-0.0030852724,-0.09855578,-0.23589127,-0.13363375,-0.22209233,-0.110608146,-0.07035782,0.018326787,0.0124531025,-0.01713373,0.02794921,0.114920124,-0.049475107,-0.030334141,-0.080294594,0.02348254,-0.019140212,0.11302993,0.13244277,0.10629876,0.070894554,0.018453699,0.039502893,-0.08701641,0.12109462,0.09751142,0.034781862,-0.023377122,-0.038478658,0.027738703,0.03582411,-0.0052479873,0.17787665,0.04050395,-0.17473057,0.30060816,-0.0014159138,-0.087553374,0.13535243,-0.24948034,-0.03422801,0.02195862,-0.11928922,0.13596545,-0.09059433,0.0051742094,0.099499695,0.09227301,-0.055838823,0.0069358586,0.027657682,-0.12462728,0.025429444,0.03184592,-0.08911678,-0.035583507,0.13199437,0.117666066,-0.05940346,0.0060783564,-0.12288024,0.024438916,-0.011558083,0.07647065,-0.041498527,-0.10040346,0.060114224,0.11284407,-0.09732694
TCGA-E2-A1L9-01A,0.038258605,-0.032283165,0.20961586,0.0967529,-0.0031395883,0.14413962,-0.0714065,0.0128260655,0.024683464,0.077530496,-0.06586006,0.05153558,0.07398186,0.07611524,0.008249739,-0.02228708,0.043828722,0.113275856,-0.084921464,-0.024389848,0.046730965,-0.0240223,0.019662624,0.15365256,-0.09214983,0.09900671,-0.18560211,-0.011715183,0.023122704,-0.08879518,-0.062920935,0.076267645,-0.21557795,-0.14467327,-0.09641489,-0.23764762,-0.13555887,-0.084934086,0.05370357,-0.03594623,-0.11677404,0.026020244,0.10797606,0.012994428,0.047019545,-0.13781361,-0.06256468,-0.0062074494,0.11133904,0.10731577,0.05234905,0.15237097,0.016111929,0.06666899,-0.121071674,0.11788404,0.16298643,0.04983746,-0.15391013,0.006172109,-0.10037866,0.097276114,-0.19647306,0.15792996,0.0623132,0.07171826,0.12634312,0.03520063,-0.12316801,0.069675714,-0.19487694,0.0023381696,0.11819855,-0.20672706,0.14644532,-0.07441912,0.050650116,0.07661753,0.14218314,-0.12175548,0.020800514,-0.018263215,-0.044584244,0.02484803,0.024269994,-0.035123713,0.052697673,0.050744332,0.17137884,0.011652855,-0.10136326,-0.19896653,-0.0025554798,0.041568898,0.09996338,-0.11008639,-0.082002304,-0.05525822,-0.014277713,-0.06274706
TCGA-LL-A6FQ-01A,0.0025866416,0.087605916,0.14063242,0.1331974,0.028763717,0.048267182,0.016279077,-0.0014054785,0.038111713,0.06380179,-0.0244677,0.105895564,-0.10463291,0.101995975,0.13431287,-0.07373312,0.09457611,0.07353218,-0.032829866,-0.01038174,0.01719818,0.08066423,-0.05614272,0.0915298,0.038229126,0.060746785,-0.22443946,0.043240476,0.01517674,-0.10036296,0.075332075,0.058045946,-0.11849282,-0.16136186,-0.09860688,-0.2997594,-0.16526826,-0.0890271,-0.12827206,-0.049728606,-0.0781962,-0.059251826,0.17875393,0.0016640855,-0.10368125,-0.108526,0.030429149,0.0837556,0.055300333,0.05543675,0.12700176,0.11439846,0.11186186,0.1003915,-0.062115733,0.06436302,0.1634054,0.004089203,-0.0025841277,-0.029210733,-0.06249927,0.10159444,-0.2282268,0.09939759,-0.008751822,-0.07929456,0.20899822,0.00024165222,-0.19196095,0.032997724,-0.122792,0.061429787,0.11629067,-0.187112,0.03699636,-0.059974026,0.08656801,0.08459864,0.0727826,0.010008704,0.09319988,-0.030005103,-0.033199757,-0.03347327,0.019766074,-0.026230698,-0.09567316,0.16312021,0.1268313,-0.14425842,0.040513802,-0.09360956,0.08706508,0.060154825,0.090120025,0.04288013,-0.14576729,0.07340696,0.038833883,-0.13182545
TCGA-D8-A27W-01A,-0.00950837,0.051500093,0.14352547,0.06012284,-0.06611735,0.14111906,-0.020793496,-0.053884804,0.07701604,0.011511711,-0.07421115,-0.02918124,-0.056834973,0.12525332,0.008682357,-0.09721823,0.020074263,0.09992073,-0.059409454,0.055866975,-0.007997618,0.047392823,-0.04020507,0.21018256,0.073236234,0.08751749,-0.2494962,-0.059918925,-0.09219396,-0.090846896,0.08800105,0.07694917,-0.07989516,-0.110964574,-0.13491905,-0.1913343,-0.0076672956,0.020071104,-0.082292885,0.050006736,-0.057371862,0.016818492,0.04316083,-0.038153794,0.014304292,-0.081944376,-0.065630764,0.052504916,0.095844,0.090016164,0.1585081,0.18910588,0.011958271,0.043111924,-0.0330409,0.07933519,0.023722405,-0.01593644,-0.0489783,-0.038514983,-0.08018068,0.13269936,-0.100810274,0.24214482,-0.029883755,-0.13340272,0.16347085,0.017969972,-0.16012093,0.10526245,-0.2032056,-0.041294303,0.1336516,-0.13567849,0.110366546,-0.030367691,-0.052360132,0.12991074,0.031811118,0.031186545,-0.037802953,0.030621685,0.03908248,-0.060314644,-0.037350155,-0.03667199,-0.09452348,0.22462077,0.16398965,-0.067923315,0.10053971,-0.170194,0.06279683,0.01725777,0.19468385,-0.089663364,-0.16094108,0.004190511,0.06317251,-0.155413
TCGA-E9-A1ND-01A,-0.09942688,0.059541274,0.10287282,0.182154,-0.04341369,0.12836683,0.13314697,0.025501603,0.046646,0.0874027,0.016060103,-0.013280187,-0.060639217,0.090782315,0.13821526,-0.10262011,0.012571692,0.2776396,-0.09858833,-0.033284128,0.0831589,-0.018718585,-0.02437975,0.103039674,0.089888096,0.03387502,-0.18784998,-0.05482779,-0.050251503,-0.085503176,0.052401986,0.12978564,-0.13477236,-0.14462328,-0.115797944,-0.105466016,-0.05923741,-0.07999146,0.023202175,-0.08531164,-0.033852264,-0.050375074,0.07762396,-0.14669678,0.0022998652,-0.1290404,-0.18703008,-0.04931565,0.11669985,0.113721974,0.08576448,0.17623138,0.06364707,0.1015127,-0.010576571,0.017195964,0.1671962,-0.0041373735,-0.072216116,-0.02559841,-0.044213563,0.06925845,0.037301034,0.14502259,0.06364557,-0.16585137,0.15703881,0.012698464,-0.14761348,0.08249898,-0.1434254,-0.013092064,-0.054024253,-0.23309523,0.122900404,-0.0684457,-0.015659014,0.08478862,-0.059761196,-0.10618137,0.13061674,0.006155886,0.005803665,0.074390955,-0.014281291,-0.070014015,-0.058773406,0.09702376,0.1738762,0.023054402,0.024177413,-0.15062732,0.03584177,0.035491493,0.09631591,0.002323345,-0.07296159,0.093373,0.02920993,-0.1869531
TCGA-BH-A5IZ-01A,0.023975462,0.038080882,0.1229514,0.16174074,0.0069857873,0.070330404,0.048939675,0.07288885,0.048996743,-0.011101156,-0.0021087273,-0.07105559,-0.033919636,0.07857811,0.065736964,-0.07981604,0.0359212,0.14248016,0.08787202,-0.076799944,0.06580927,-0.055765036,-0.054890424,0.10028778,0.001105447,0.09592261,-0.08490807,-0.018472329,-0.18401434,0.0014837658,0.099514954,0.076251835,-0.10588485,-0.1686489,-0.17312072,-0.21969844,-0.10278593,-0.041187834,-0.1181346,-0.065780096,-0.08333064,-0.030864172,0.17189053,-0.01972682,-0.029373374,-0.020056339,0.009844507,0.0049969666,0.10090223,0.16835614,0.07180551,0.11082286,0.15672551,0.120197065,-0.0223732,0.036100697,0.18451877,-0.031243278,-0.23029363,-0.026535716,-0.0059341392,0.034836642,-0.022396043,0.15814541,0.041508883,-0.072987325,0.14203942,-0.06320513,-0.066895165,0.03139583,-0.10292673,-0.043428198,-0.005974604,-0.26964417,0.10794365,-0.19415997,0.06437121,0.08020092,0.04627391,0.0385696,0.13761932,-0.027766192,-0.122004546,-0.001909507,0.061863165,-0.0972707,-0.13823642,0.17028919,0.08771651,-0.05498016,-0.044819724,-0.11988017,-0.008126475,0.12693277,0.14305955,-0.09182568,-0.01059634,0.07345097,0.025422331,-0.19133358
TCGA-OL-A5RW-01A,-0.04233077,0.06272654,0.13464755,0.14797911,-0.03582397,0.12978132,0.121328145,0.04606339,0.07288717,0.017526932,-0.010337168,0.028077675,-0.026919184,0.027454361,0.03594596,-0.09294055,0.12632847,0.22042386,-0.038493283,0.0069081103,0.15676293,0.04000316,0.0047843265,0.064226784,0.073346995,0.09097486,-0.21263276,-0.0074794996,-0.028475491,-0.13501458,0.10179209,0.01860668,-0.15102337,-0.075880446,-0.004756409,-0.2155565,-0.009529199,-0.12645705,-0.06411111,-0.09109922,-0.011861298,0.09058285,0.09140217,-0.0025316342,-0.025905523,-0.10165765,0.022084411,0.06502762,0.052300584,0.17270301,0.07503972,0.22380064,0.1120444,0.087088846,-0.123151496,0.051532175,0.094142124,-0.06562737,-0.017544799,0.012459226,-0.05405188,0.033066913,-0.09409854,0.21510065,-0.019965004,-0.06079133,0.11058441,0.066761695,-0.09479752,0.077363886,-0.13722534,0.023852289,0.08110119,-0.17895447,0.082618885,-0.14610322,0.035193652,0.09945398,0.0682086,-0.043831266,0.00994452,0.022927301,-0.08237127,-0.10245555,0.007886298,-0.043148305,-0.08906902,0.21621127,0.17235439,-0.10410511,0.01853208,-0.15180925,-0.019393584,0.065831415,0.1875919,-0.1342833,-0.07475855,0.058132492,0.14453131,-0.124240994
TCGA-A2-A0YG-01A,-0.025068855,-0.04122995,0.19100437,0.1607467,-0.030620502,0.14102624,0.12607308,0.017593592,0.0637627,0.037185393,-0.0071456903,0.054414228,-0.08690037,0.107199974,0.12577209,0.002294524,0.010731556,0.10355633,-0.0574801,-0.071664385,-0.013005352,0.043010227,-0.029964276,0.15984078,0.008786688,0.05165807,-0.14374544,-0.1017609,-0.04711086,-0.12809017,0.06040231,0.07879596,-0.11184596,-0.079966746,-0.064722374,-0.2742782,-0.11929056,0.031272065,-0.15474151,-0.016207188,-0.021084288,-0.016682634,0.018340979,-0.051538475,0.0127803935,-0.08932467,-0.056162994,0.07240248,0.17823182,0.11764887,0.008731017,0.14495423,0.13904977,0.07953286,-0.15147619,0.09255144,-0.03016618,0.04401069,-0.13266416,0.0258039,-0.04725144,0.11261442,-0.075885676,0.19111615,0.00065580156,-0.11820535,0.1777633,0.07670011,-0.032733385,0.03013496,-0.23973788,-0.080448925,0.008601363,-0.16190724,0.13348956,-0.11188893,0.03575948,0.09489421,0.010265326,-0.081681035,0.050956663,-0.014690464,-0.14699903,0.07079369,0.007413218,-0.06431662,-0.020290796,0.14305301,0.10595254,-0.07010166,0.086037725,-0.1588201,0.06489387,0.040286116,0.17578825,-0.088729165,-0.09908122,0.12577662,0.09855582,-0.10264106
TCGA-AR-A24U-01A,-0.026126383,0.05427426,0.17197314,0.2260823,0.016379304,0.10785743,-0.06848837,0.016170748,0.030684782,-0.0089000845,0.031860735,0.08262135,-0.032125466,0.06932108,0.08130545,-0.0164662,0.0312677,0.10692215,0.0053026946,-0.059175137,0.10025988,0.062420297,-0.029734088,0.09136429,0.05433489,-0.036111884,-0.23919131,-0.0046902783,-0.14348146,0.0149404025,-0.021068975,-0.024550801,-0.14923398,-0.08622877,-0.16034046,-0.19032808,-0.1121643,-0.010299691,-0.072799034,-0.05125006,-0.068296194,0.09418503,0.15605901,-0.092311636,-0.06567703,0.017331254,0.10110396,0.06317545,0.04607133,0.15173794,0.047474544,0.16075683,0.07034742,0.21622704,-0.05126565,0.038724627,0.13791414,0.06208957,-0.08077536,0.03319697,-0.010226169,0.06852696,0.0045293677,0.12362349,0.04474184,-0.17882423,0.18767506,0.09092928,-0.027670857,0.05735202,-0.1436297,0.009761797,-0.01769457,-0.23703617,0.24795213,-0.06727917,0.010230792,0.100855544,-0.019482357,0.009797066,0.0887797,0.07460704,0.0029744813,0.016443219,-0.0025777044,-0.16677825,0.08210999,0.13236582,0.09631254,-0.019006198,-0.05103096,-0.108399875,-0.02836577,0.021734497,0.14585045,-0.12305257,-0.12814134,0.052593913,-0.08182723,-0.16948514
TCGA-LL-A7T0-01A,-0.035717677,-0.00951388,0.18631977,0.071642086,-0.102237254,0.20165488,0.09687809,0.051704366,0.043771483,0.14107437,-0.03739503,0.032498818,-0.022210369,0.11732068,0.11736885,0.036602855,0.035176914,0.21084829,-0.07257118,0.028197886,0.046564467,-0.0016787464,-0.030361976,0.1653363,0.08013991,0.070778936,-0.18114977,0.048895404,0.10053559,-0.087339364,0.077603474,-0.04644705,-0.1405231,-0.047477208,-0.10250377,-0.17914926,0.006647157,-0.1163939,-0.023790918,-0.088347234,-0.110064894,-0.03129101,0.1542219,-0.16267471,-0.09348786,-0.10798529,-0.07595367,0.062164772,0.17382148,0.079051554,0.067384966,0.11341404,0.1110495,0.047931183,-0.017501697,0.03510496,0.07113549,-0.06012927,-0.10404473,-0.07544618,-0.01317792,0.06365764,-0.052519996,0.13839844,-0.03554966,-0.14485721,0.12854806,0.061361108,-0.121600576,0.01510322,-0.1651312,-0.010895468,-0.023796668,-0.21029964,0.08566008,-0.09537817,0.050228827,0.12348268,0.0836762,-0.15426303,0.1407745,0.024696268,-0.004224073,0.038535334,-0.043336622,0.04067187,-0.085173674,0.089349136,0.20116597,0.038222764,0.08662473,-0.12727864,0.03462978,0.025635503,0.119552076,-0.16067854,-0.13808781,-0.087204255,0.054305248,-0.11516608
TCGA-EW-A1P5-01A,-0.0024556313,-0.0046789767,0.14171448,0.13537082,-0.021023925,0.11915658,0.11025249,0.060565133,-0.010450895,0.105531596,0.027462758,0.004552845,0.028682314,0.13761999,0.18672147,-0.051179912,0.05935395,0.12956946,-0.16250573,0.07445895,0.07328685,0.11324841,-0.04491189,0.14587545,-0.02309382,0.12648173,-0.13631558,-0.064565845,-0.1379106,-0.11389913,0.03932557,0.05089044,-0.21565022,-0.2862782,-0.08016767,-0.1446933,-0.032716822,-0.042651568,-0.07113516,-0.015895318,0.09080361,0.099114776,0.012828266,-0.0599889,-0.06625633,-0.078935854,-0.030950759,0.13523895,0.14808173,0.08838918,-0.0058660763,0.1477499,0.05235119,0.087300554,-0.07047217,0.04456379,0.10002891,-0.04418995,-0.14011367,-0.014938418,-0.014676375,0.1522053,-0.13384327,0.15943637,0.045543965,-0.015220544,0.22883463,-0.012434134,-0.05913322,0.11835101,-0.06015781,0.011489739,0.03404028,-0.22100423,0.15630408,-0.06522411,0.04169042,0.08339004,-0.058808997,0.03542251,-0.0013474891,-0.053281333,-0.08791842,0.013096936,0.039183903,-0.019674858,0.014668777,0.1255645,0.110067345,-0.05829668,0.11188703,-0.11702259,-0.046199713,0.07834321,0.030002436,-0.018715886,-0.21746852,0.10123951,0.033683795,-0.052410953
TCGA-BH-A1FM-01A,0.002229072,0.054803338,0.16354455,0.10468024,-0.11642068,0.11141613,0.06405629,-0.03325998,0.044828583,0.011276835,0.022995856,-0.12543608,-0.09218602,0.123997524,0.13868387,-0.18178034,0.12860706,0.18856817,-0.013907964,0.02307417,0.03362232,0.029108651,0.008960748,0.13233805,-0.044030637,0.10577463,-0.14551187,-0.048845585,-0.03438679,-0.046344843,0.05199124,0.002117978,-0.12651733,-0.16768959,-0.18274046,-0.19294754,-0.045573097,-0.040617067,-0.16331868,-0.043621056,0.020816034,-0.036731433,0.119283244,-0.12375111,-0.053958442,-0.12525849,-0.059514247,-0.006921541,0.13146566,0.23107478,0.046658684,0.023078008,-0.024144374,0.11017458,-0.08508742,0.046338387,0.014016898,0.020151144,0.065641746,-0.018826632,-0.06150772,0.08767742,-0.08670166,0.06753715,-0.049448885,-0.099576294,0.16232055,0.045572106,-0.020712849,0.11798452,-0.18625014,-0.03272672,0.10745134,-0.07748656,0.043559965,-0.14436981,0.035842426,0.077520356,0.058685273,-0.016861305,0.18095243,-0.038512427,-0.045648325,-0.11525507,-0.046127148,-0.11205353,-0.07108525,0.20116414,0.12058509,-0.035023537,0.0023361838,-0.11356731,0.0096964715,-0.06337381,0.08109426,-0.117868185,-0.17649126,0.12584107,0.12046274,-0.1637324
TCGA-OL-A5S0-01A,-0.027856389,0.091632284,0.13086848,0.19857843,-0.042634234,0.0789709,0.022447037,0.09873621,0.08067129,0.0013039513,0.023911765,0.021171726,-0.047069088,0.09775933,0.15096474,-0.042878084,0.060619205,0.095029935,0.061253164,-0.002150584,0.022408802,-0.002584167,-0.062007096,0.11228814,0.021656113,0.14817826,-0.2268586,0.04983368,-0.0007022703,-0.17134345,0.07412626,-0.06565162,-0.15897514,-0.21343209,-0.07038275,-0.15810598,-0.16969335,-0.102248825,0.04628109,0.04453345,-0.03803563,0.07820766,0.067883015,-0.055817734,-0.03529717,-0.07543921,-0.07740237,0.14660603,0.157965,0.22216123,0.14153865,0.0035260876,0.08128502,0.005997435,-0.07057964,0.04096462,0.16659015,0.0015562926,-0.05233956,0.003444479,-0.021059189,0.1497219,-0.043931488,0.1264484,0.046871543,0.034248464,0.12493846,0.06291221,-0.06346476,0.14216948,0.022204831,-0.018170781,0.006523409,-0.051105503,0.055210732,-0.1033512,-0.08745738,-0.0012850721,0.03280741,0.0005864549,0.05726548,0.060285732,-0.07202139,0.021192033,-0.059537675,-0.030882828,-0.05448729,0.22294874,0.2585779,-0.00810979,0.007895084,-0.12388316,0.11222614,0.024418037,0.13521352,-0.16553348,-0.13834187,-0.020895164,0.037726443,-0.21264431
TCGA-AN-A0XS-01A,0.10028137,0.11075034,0.15503837,0.13271615,-0.032704335,0.21345395,0.048031107,0.033196703,0.095420904,0.024386972,-0.012996871,-0.026247166,-0.033566277,0.1332749,0.09297435,0.027012365,0.11185415,0.13910538,-0.006555389,0.063696615,0.11454043,0.006498971,-0.038930587,0.1996596,-0.0096397195,0.08116713,-0.15639196,-0.09000288,-0.07987078,-0.09671829,0.108355865,0.05393586,-0.08849019,-0.07735231,-0.16411035,-0.19553341,-0.09877981,-0.123724334,-0.06328191,0.086048365,-0.06431136,0.025883283,0.06459776,-0.006979818,0.01021367,-0.10117853,-0.060277663,0.07054682,0.025267156,0.2440739,0.08968013,0.22415116,0.1115204,0.09952366,-0.06790912,0.052521445,0.021831483,0.11211094,-0.0076341657,0.041679088,0.03548449,0.08465858,-0.037505973,0.11680014,-0.055342924,-0.12668902,0.23460901,0.03560734,-0.13519885,-0.06070234,-0.14528306,0.027308414,0.06942995,-0.16938324,0.13391112,-0.13086335,0.037573166,0.030686446,0.15687,-0.017167032,0.04124306,0.032254048,-0.08197703,-0.07913764,0.03258465,-0.09401014,-0.0059125465,0.22103956,0.0876114,0.009103287,0.0663264,-0.096329585,0.036212105,-0.053278107,0.017087484,-0.0438935,-0.1290789,0.0168036,0.013656987,-0.15021493
TCGA-A7-A4SE-01A,0.04873398,0.014145595,0.14712572,0.09865715,-0.026901098,0.27543953,0.07103724,-0.037058994,0.021925759,-0.038799338,-0.111292735,-0.03462495,0.0046999175,0.15853754,0.22134726,-0.054816384,0.014115559,0.27500406,-0.02655763,-0.08182396,0.013137465,0.0016096289,-0.032738928,0.09841965,0.01735677,0.106070414,-0.26312196,0.02733386,-0.068585046,-0.10025703,0.1062763,0.07001689,-0.051331695,-0.016674006,-0.1552091,-0.17586055,-0.027109819,0.041245867,-0.060690124,0.13133655,-0.031902004,0.019674456,0.06013636,-4.481954e-06,-0.016811274,-0.03744881,-0.17740363,-0.022828877,0.10442003,0.16415763,0.10560288,0.07606462,0.10526761,0.07735053,-0.16900274,0.023334352,0.05550581,-0.004545814,-0.08824603,-0.014598614,0.03389353,0.118433796,-0.1023944,0.15710312,-0.03458116,-0.101308905,0.061637744,0.08948042,-0.123532444,0.12102118,-0.16880119,-0.05690226,-0.0009029237,-0.13417938,0.02984896,0.017571747,-0.06217635,0.07602417,0.06979692,-0.11880855,0.05303394,-0.04749593,-1.9474659e-05,-0.07266179,0.07440422,-0.05702476,-6.8038666e-05,0.108899884,0.24963492,-0.071065344,0.034198962,-0.13882162,0.03152757,-0.012580903,0.030780034,-0.09725946,-0.13000254,-0.00022050037,0.020500602,-0.14435151
TCGA-BH-A0HX-01A,-0.036661305,-0.008079718,0.16655715,0.22428249,-0.009999843,0.2190248,0.09762527,-0.015786178,0.027468603,0.024161093,-0.080286644,0.00963722,-0.05915296,0.15804277,0.101766855,-0.15095805,0.12263234,0.13865216,-0.07728118,0.05225109,0.03429076,0.028643329,0.010605284,0.1087911,0.0037627795,0.24144636,-0.07820755,-0.077797025,-0.09051107,-0.09921368,0.006299949,0.09176587,-0.0665042,-0.2363106,-0.16494247,-0.1728024,-0.14608228,-0.11664624,-0.19571249,-0.10312802,-0.0096939765,-0.04823018,0.055651035,-0.01819285,-0.13257824,-0.17744839,-0.032546856,0.050040655,0.045753084,0.0921531,0.1953463,0.11579197,0.16531487,0.04976039,-0.085573524,0.035788924,0.07159259,0.029105492,-0.06642829,0.025267636,-0.059130877,0.033867348,-0.056669027,0.16665065,0.04238694,-0.1117313,0.11394968,0.052075263,-0.05839849,0.048635952,-0.119163826,0.021577897,0.022191742,-0.19929172,0.07339686,-0.02053874,0.10297917,0.017353622,0.033077963,-0.078047805,0.08436896,-0.019725192,-0.042998698,0.02049269,-0.0017741581,-0.04951577,-0.004760345,0.15233257,0.18124874,-0.051065218,-0.00033079015,-0.08911308,0.10208543,0.03160526,0.05078432,-0.069639616,-0.013710508,0.05126649,0.08397603,-0.101484686
TCGA-S3-AA10-01A,0.03400163,0.030877167,0.1971058,0.0782292,-0.08199406,0.15165763,0.05801082,0.102646634,0.024684528,0.036669478,-0.011427778,0.032198906,0.0038196663,0.14224778,0.16503479,0.009562761,0.04724592,0.114610285,-0.021750208,0.05838464,0.033266835,0.08549686,0.04847187,0.14768682,0.0064076665,0.14771788,-0.18628709,-0.013475651,-0.10521753,-0.17933793,0.029902592,0.055748794,-0.11658944,-0.08669157,-0.13647039,-0.22056669,-0.07238031,-0.06261426,-0.07940864,-0.0617791,0.007984806,0.037875883,0.100667134,0.055085093,-0.060897753,-0.08155018,-0.024197435,0.0518103,0.07928872,0.12986436,0.018846437,0.1686538,0.033703428,0.1749712,-0.07341652,0.13056456,0.07947324,0.09038821,0.010585414,-0.11720533,0.013767033,0.011166195,-0.06933977,0.12811892,0.0029513487,-0.0079338,0.22574764,0.07870226,-0.08136556,0.09328195,-0.15157197,-0.024838133,0.08718095,-0.17612925,0.08274698,-0.14973634,-0.0400335,0.12356358,0.0406146,0.0071853977,-0.058129236,0.12066401,-0.039779108,-0.11314304,-0.043901812,-0.07693433,-0.04403357,0.1342321,0.22019611,-0.04975017,0.09214325,-0.24215743,-0.039196342,0.035570566,0.12705712,-0.13321185,-0.08016971,0.04322762,0.031272776,-0.06351611
TCGA-E9-A1R3-01A,0.037849132,0.01868391,0.13655765,0.15956241,-0.07797327,0.16319571,-0.049406093,-0.0025326232,0.08611419,0.081042916,0.0064922445,-0.0724535,-0.029210936,0.15389828,0.14009202,-0.1005079,0.080501676,0.15731606,-0.084948115,0.015773658,0.09859113,0.10832362,-0.04609867,0.19842191,0.009802686,0.12321529,-0.17932835,-0.04365327,-0.08985295,-0.1182686,0.07634281,-0.00020297067,-0.035715733,-0.14913449,-0.10602185,-0.09820177,-0.08225795,-0.112826474,-0.14809383,-0.020635042,-0.08171687,0.017842287,0.14740954,-0.12973107,0.03883885,-0.13504747,-0.005571159,-0.012687289,0.12324313,0.18270208,0.11730527,0.08832206,0.1545991,-0.010743313,-0.047529932,-0.010398235,0.13426019,-2.1418477e-05,-0.05697631,-0.045957644,0.029850636,0.071893595,-0.14612985,0.099019416,0.017516904,-0.09885866,0.21881951,0.05668232,-0.030045915,0.06828002,-0.15136853,-0.072549865,0.08487099,-0.1062658,0.10202292,0.048739187,0.1025605,-0.009732135,0.057958018,0.01926832,-0.01569775,0.030123228,-0.11387385,-0.06294888,0.025977392,-0.012148977,0.04176258,0.13887899,0.25985062,-0.11355995,0.104254596,-0.12140437,-0.0151823135,0.025572618,0.053065818,-0.15438625,-0.1238842,0.11344977,0.02025722,-0.12247909
TCGA-E9-A22G-01A,-0.019557867,0.010785604,0.1847475,0.103467636,-0.07686711,0.077685714,-0.007691346,0.070033655,0.08239429,0.017432492,0.064921625,-0.036453474,-0.10960722,0.10970034,0.05833179,-0.044535574,0.08676491,0.1974499,-0.11319626,0.008301655,0.09227071,-0.051586304,0.03340969,0.089517444,0.006180654,0.19060387,-0.16474655,-0.037971366,-0.0024047787,-0.09282336,-0.011581281,-0.018300148,-0.0010015321,-0.20072511,-0.08298962,-0.14569065,-0.04030174,-0.07843385,-0.13699669,-0.0801184,0.027201656,0.054195847,0.028243816,-0.04605301,-0.030551666,-0.121617205,-0.032464683,-0.028686672,0.1250424,0.05354761,0.22356504,0.11013254,-0.007056517,0.118773915,-0.23120844,-0.013626839,0.13912472,0.10752542,-0.036534224,0.10117598,0.050696906,0.037923478,-0.11441265,0.07103164,0.016827248,-0.16525806,0.11007345,0.09863893,-0.21210681,0.10988487,-0.079859324,-0.0543263,0.044784162,-0.15466312,0.109793626,-0.06696882,0.045196857,0.05801566,0.04348901,-0.02975329,0.025405377,-0.00611059,-0.008561441,0.101229474,-0.060128193,-0.08935066,-0.050664395,0.13123374,0.24026267,-0.023707138,-0.03162218,-0.052899476,0.13363999,-0.01217301,0.14897673,-0.14646605,-0.1897799,0.094071515,0.034372896,-0.15706322
TCGA-AC-A8OR-01A,-0.08173605,-0.01723073,0.24020195,0.1115315,-0.026575852,0.19137816,0.13653919,0.0131183695,-0.04088232,-0.02184067,-0.034889188,-0.0182913,0.0028382926,0.10482032,0.037484612,-0.039634503,0.032853898,0.10340684,0.057178214,-0.1228849,0.101917684,-0.019072372,0.017838558,0.26905182,0.02984552,0.14388229,-0.19098826,-0.026461769,-0.10665401,-0.07415448,0.004387191,0.07335244,-0.113334306,-0.17864203,-0.04273305,-0.14941612,-0.12743972,0.08795293,-0.058027107,-0.004904414,-0.09080354,-0.10716518,0.10283008,-0.08920606,-0.033417992,-0.051056802,-0.04679298,0.0122772055,0.08401588,0.16088492,0.10678303,0.12786123,0.08617777,0.013533494,0.036234565,0.069534354,0.19215257,0.11833468,0.055713274,-0.0018540377,0.02811542,0.10854116,-0.14685392,0.18498614,0.06436133,-0.11114933,0.109158725,0.015515856,-0.1622077,0.090987295,-0.061529975,-0.0094571635,-0.043813866,-0.15766601,0.020488348,-0.07467914,0.07275802,-0.0084438,0.030616244,0.019054215,0.03715711,-0.022592636,-0.015950756,-0.066047564,-0.015648348,-0.106420964,-0.031089272,0.12802412,0.24343511,0.064069115,-0.010067244,-0.20172031,0.071397685,-0.0453091,0.0719974,-0.08402062,-0.11013174,0.07718244,-0.017582875,-0.18176642
TCGA-A2-A1G1-01A,0.050971996,0.08937776,0.069658525,0.071192056,-0.090378046,0.05803308,0.0026789957,0.050868712,0.04156876,0.018895801,-0.078758456,-0.015755944,-0.105212644,0.094921365,0.06989222,-0.09349082,0.01642205,0.19388732,0.027129678,-0.0314936,0.04925861,-0.056120615,0.033446103,0.19901799,-0.044752248,0.13257784,-0.17136164,-0.09857885,-0.071532786,-0.1764445,0.07431319,0.07853069,-0.1873779,-0.14327954,-0.031205794,-0.13751131,-0.012632683,-0.0678704,-0.076096356,-0.051782887,0.053545732,0.012740285,0.064952105,-0.041321315,-0.091631226,-0.1499957,-0.09054061,0.056827895,0.1226448,0.062949374,0.06489494,0.114464715,0.07706299,0.07433928,-0.015882496,0.092318624,0.11182275,0.043481223,-0.029219132,0.035468873,-0.06475265,-0.00400411,-0.034150787,0.21197006,-0.0698095,-0.1460451,0.1998502,0.02277135,-0.07282217,0.087795414,-0.12268496,-0.049822394,-0.012800601,-0.20020068,0.17933787,-0.06943113,0.030591758,0.16554397,0.027141917,0.06800405,0.11932814,-0.08319848,-0.06466721,0.07792265,-0.031801306,-0.13489608,-0.11151199,0.061129563,0.20546278,0.025341574,0.017002895,-0.19442448,0.042644843,0.103959255,0.11292771,-0.0043442626,-0.21530655,0.11022353,0.082033,-0.14389835
TCGA-A1-A0SK-01A,0.042386584,-0.109560624,0.24319825,0.115573645,-0.049205653,0.038057953,0.102169976,0.031750284,0.09116729,0.11381093,0.02800149,0.053112447,-0.091831,0.10212108,0.037262328,0.014284617,0.09637806,0.22165464,-0.031499542,-0.017419456,0.064482935,-0.049589887,-0.0041642007,0.046821546,-0.0034106728,0.07795749,-0.17281453,-0.01415654,-0.09030345,-0.05911781,0.031932913,0.10414782,-0.059544582,-0.17360657,-0.14980988,-0.23958263,-0.019995129,-0.074836135,0.018105503,-0.026531598,-0.03259394,0.05186818,0.09478699,-0.06349476,0.01641967,-0.073634155,-0.074295044,0.05347645,0.08394508,0.0747007,0.044680603,0.13703929,0.03353022,0.08492271,-0.05833731,0.1080155,0.10578394,0.03303367,-0.025481127,0.036848217,-0.07846062,0.057842854,-0.13417971,0.122094944,-0.09864826,-0.1262451,0.19412246,-0.020621551,-0.16011158,0.08696825,-0.1795994,0.022167686,0.006328153,-0.249993,-0.02014771,-0.07043204,0.03829369,0.12713124,0.060281616,-0.028675914,0.053556714,0.019393884,-0.11083338,-0.058972392,-0.062390525,-0.06718066,0.014475011,0.19184296,0.15449844,-0.021754181,0.056306593,-0.23475981,0.1019649,-0.0064844033,0.15199398,-0.10865098,-0.10589568,0.058117077,0.09625109,-0.1548166
TCGA-GM-A2DO-01A,-0.009938104,0.049995005,0.16781202,0.10473193,-0.116970375,0.07204594,0.124349535,-0.011697912,-0.054929666,0.044342197,0.018800339,0.0037531713,0.043288045,0.18382765,0.06762602,-0.16149217,0.09304991,0.10541262,0.082898915,-0.09199921,0.017304119,0.028335862,0.047735117,0.23112763,0.031805873,0.011705311,-0.12627862,-0.06409215,-0.015468948,-0.13743046,-0.07047356,-0.058139287,-0.11575793,-0.16382915,-0.12136001,-0.21404846,-0.0576251,-0.018632762,-0.13554847,-0.088575825,-0.07585397,0.006294746,0.25343135,-0.018291881,0.024926987,-0.134621,-0.049896766,0.030295301,0.117836036,0.11655245,0.053888272,0.079668924,0.02358513,0.11743474,-0.17135763,-0.050160706,0.16202237,0.059248112,-0.08811513,0.046100117,-0.055039577,0.016141362,-0.13124493,0.18697484,-0.030102728,-0.11740428,0.20982242,0.042460397,-0.17394596,0.059815966,-0.120279685,0.0282946,-0.06812314,-0.22960438,0.18380669,-0.058564007,-0.0011387052,-0.03528627,-0.0077213948,0.0062409467,0.062015355,0.036088824,-0.06909024,0.011674082,-0.055669338,-0.013086895,-0.02124342,0.08808592,0.15745482,0.095927335,0.02520723,-0.15006919,0.07019484,-0.056865603,0.07812881,-0.036746483,-0.06470071,-0.0060678157,-0.008981754,-0.07839739
TCGA-EW-A2FS-01A,-0.02684853,0.056603815,0.051815104,0.1416548,-0.09333251,0.15176584,0.14768733,-0.011848835,-0.051497884,-0.032138407,-0.0093717985,-0.029593004,0.056620687,0.024120556,0.12983184,-0.029978422,-0.0106094135,0.11470495,0.009687088,0.052360512,0.0895324,0.034643862,0.014426216,0.23367137,0.028979184,0.13435635,-0.1527365,-0.1088888,-0.063662,-0.07477928,-0.07955789,0.0631208,-0.26019326,-0.16162342,-0.13226396,-0.2148948,-0.14363426,-0.00012482044,0.026755935,0.0017778663,0.019451568,0.089109875,0.13044891,-0.118940935,0.10913392,-0.07912422,-0.08212142,-0.027296416,0.16439708,0.12125859,0.067141265,0.14579116,0.030434025,0.074177116,0.011513272,0.13930103,0.059542082,0.073603936,-0.09895263,0.078652166,0.03569047,0.024941323,-0.14281999,0.13678958,0.13227431,0.034281656,0.024751812,-0.056292437,-0.18716584,0.07341522,-0.11832133,-0.01468656,0.06849436,-0.246584,0.073497154,-0.05395459,0.07960597,0.013370758,0.060346443,-0.02921078,0.10779741,-0.07578395,-0.042355556,-0.022347856,-0.038344756,-0.04738556,-0.012741903,0.12787977,0.14227745,-0.060617633,-0.06393006,-0.1735475,0.024250446,0.021843811,0.16262308,-0.100470185,-0.1024665,0.032917395,0.0021611995,-0.16359676
TCGA-A2-A0SY-01A,-0.082612336,0.035704173,0.23836352,0.13763073,-0.031163653,0.14407907,0.05283095,-0.044695634,0.01937176,0.022643222,-0.064225756,0.051732708,-0.056892592,0.048112366,0.12710193,-0.06649577,0.1915068,0.20001689,-0.03789552,0.035680167,0.086029574,0.009884591,0.029535752,0.091872,0.015164092,0.067660786,-0.25228179,-0.1464792,-0.05017418,-0.04316796,-0.013261064,0.12695794,-0.07193427,-0.175803,-0.09816577,-0.23716612,-0.08978901,0.022011567,-0.11551553,-0.021915207,0.023086747,0.011360841,-0.030560136,-0.028686225,0.08840458,-0.121630974,-0.12702899,-0.07233472,0.10125941,0.11749961,0.07262538,0.032660037,0.02373715,0.23633337,-0.0446818,-0.022099292,0.23115867,0.0012121411,-0.124384426,0.029270146,0.036958802,0.11975196,-0.0006103464,0.03592788,0.008625831,-0.02495271,0.17683727,-0.0015669017,-0.089559816,0.019446226,-0.061794557,-0.11156305,0.02641651,-0.22784577,0.12713286,-0.037682697,-0.025336707,0.051895857,-0.009997827,0.027379261,0.014934518,-0.01533759,-0.087453604,-0.026759855,0.033862095,-0.06366015,0.033130787,0.04456253,0.12594227,-0.048116006,0.0467286,-0.23562774,0.019710906,-0.07216446,0.06052977,-0.063382894,-0.23890162,-0.017041367,-0.035759326,-0.07936963
TCGA-E9-A6HE-01A,0.14518353,-0.015217168,0.13416958,0.08895202,0.035202984,0.07737984,0.011238752,0.015391327,-0.007514921,-0.030021451,-0.098769754,0.08159555,0.032811727,0.059814703,0.19988646,-0.066981375,0.08193548,0.14230539,0.011060569,-0.063000605,-0.00039792497,0.02298205,-0.078358114,0.19466491,0.040513,0.029011095,-0.21990086,-0.014875383,-0.04788921,-0.092851646,-0.011101247,0.034602784,-0.18143259,-0.17989588,0.05899466,-0.13456033,-0.0728287,-0.018821733,-0.0425304,0.08140192,0.12311338,0.0075824466,0.15300338,-0.09095394,-0.09507597,-0.072206475,-0.03871488,0.08829525,0.11371919,0.113989234,0.12013277,0.08715685,0.073729664,0.26501626,-0.018382398,0.03523551,0.096950784,-0.00032291026,0.0480273,0.056943085,-0.019807624,0.059139114,-0.14599624,0.1284856,0.1013302,-0.14222482,0.15931052,0.07365038,-0.16625884,0.06476573,-0.080530144,-0.036637396,-0.023272462,-0.26134816,0.121001765,-0.106743366,-0.0862207,0.18087865,0.10801089,0.03362908,0.055966083,-0.026807189,-0.0041916207,-0.029761868,-0.03555631,0.04733957,-0.01429813,0.118440315,0.15188445,-0.06187046,0.024594096,-0.12585504,0.018805688,-0.11635727,0.10288035,-0.1487096,-0.13940041,0.06758313,0.035917815,-0.0052546025
TCGA-AC-A2FO-01A,0.005995571,-0.011076327,0.073877774,0.11930857,-0.10385567,0.12743197,0.09621283,0.075608544,-0.08031959,0.011829663,-0.0892343,-0.044028144,-0.039728485,0.114254914,0.0768755,0.031709764,0.18385491,0.10890149,-0.032241337,-0.06022941,0.063135795,-0.01182058,0.05175226,0.15204032,0.017549822,0.13624741,-0.14434512,-0.044168662,0.029534742,-0.040375803,0.07749368,0.011569012,-0.03361448,-0.210484,-0.06053625,-0.2520786,-0.08487231,-0.0751898,-0.1389388,-0.040704682,0.12852882,-0.008214241,0.034098744,-0.041794665,-0.10626542,-0.087261714,-0.12989649,0.15702721,-0.02927265,0.16496101,0.04297354,0.09687453,0.020911904,0.115023926,-0.12414077,0.15430218,0.20093825,0.1100577,-0.09969434,0.026054723,0.021367563,0.019308388,-0.10480306,0.016052809,-0.008869051,-0.18559594,0.11943778,0.04209288,-0.11889399,-0.022445371,-0.15757684,-0.005445615,0.05439683,-0.12999402,0.024891473,-0.11699947,-0.02807615,-0.0067176013,0.10797637,-0.03251331,0.12863523,0.058355764,-0.049870152,-0.06857128,0.036220413,0.008015096,-0.09005253,0.12833224,0.17954198,-0.07489946,-0.049575854,-0.13345005,0.05937629,0.027920801,0.10795456,-0.208214,-0.15015042,0.079360716,0.047549535,-0.19078834
TCGA-D8-A27K-01A,-0.00785245,-0.02991971,0.2679412,0.07792108,-0.036947682,0.18273413,0.087400556,0.03489465,-0.044576198,-0.081945196,-0.086225465,-0.0499904,0.05213056,0.028154068,0.09926407,-0.00421481,0.042150564,0.09617772,-0.029865963,-0.10507509,0.008288996,0.06416063,0.04588035,0.20048106,-0.022874003,0.015834419,-0.22874239,0.02386504,-0.15518184,0.0016931511,0.054819368,0.017235678,-0.10369547,-0.23386452,-0.075294815,-0.038750757,-0.09688688,0.018500809,-0.07648522,0.022719966,-0.038948134,-0.01119765,-0.016428731,-0.10154365,0.0120304385,-0.21744163,-0.1338547,0.14519778,0.15099595,0.121145576,0.029732535,0.07211214,0.01972253,0.17932346,-0.053634144,0.09506827,0.108543605,0.08481551,-0.105464816,-0.0031392511,-0.021138122,0.064793,-0.09082108,0.15582046,-0.02008401,-0.124442734,0.08851904,0.13933097,-0.0026450928,0.03936196,-0.12996945,0.032541465,0.0086582275,-0.19536127,0.15807192,-0.046940155,0.0541653,0.0984448,0.041112337,-0.106088825,0.069889545,-0.00015405887,0.0072224075,0.12848796,-0.04682413,0.019153152,-0.0388333,0.08603945,0.1736543,-0.09254395,0.043712504,-0.16375601,-0.052690707,0.023851493,0.19834182,-0.15845895,-0.10625242,-0.04690416,0.032398537,-0.12667693
TCGA-S3-A6ZH-01A,-0.011079377,0.062248725,0.23015182,0.080589265,-0.076860905,0.05392905,0.10709501,0.09878075,0.042354748,0.013298699,-0.038795386,0.017910833,-0.060517214,0.16862696,0.055511724,-0.050998796,0.11960146,0.10967401,-0.011197166,-0.024286218,-0.038111664,0.0796452,0.024966821,0.09435637,-0.060427282,0.13970713,-0.14796475,-0.052638453,0.029261766,-0.12871738,0.12867916,-0.0311455,-0.023691658,-0.056402322,-0.103691615,-0.23235346,-0.058646053,-0.078534655,-0.16281888,-0.06743443,-0.05569316,-0.009484517,0.14583004,-0.19592778,-0.11359219,-0.19971539,0.006434275,0.0457272,0.1832086,0.11598016,-0.015922567,0.09427307,-0.00051099685,0.07773443,0.018366165,0.068837896,0.04669783,-0.007825215,-0.113569774,0.014699633,-0.04445549,0.09627398,-0.08981411,0.16906922,0.056240305,-0.06810433,0.17136592,0.096214615,-0.12640065,-0.018149931,-0.16799468,-0.038989767,-0.006809997,-0.23024935,0.07297995,-0.062709026,0.014700904,0.17069258,0.05955962,-0.041538853,0.045090348,-0.04573024,-0.15979826,-0.014862344,-0.03723234,-0.11277069,-0.07719437,0.20427649,0.06613464,-0.01282733,-0.041531052,-0.16304053,-0.026241468,-0.023310747,0.019058399,-0.168317,-0.13381863,-0.03380227,0.051318955,-0.1215444
TCGA-D8-A27F-01A,-0.027159097,0.12826131,0.1986341,0.1460988,-0.08644348,0.20917036,0.12460902,-0.1038042,-0.07950857,0.11602528,0.00024969308,0.034147583,-0.0062967404,0.13455604,0.09945694,-0.049418405,0.07666279,0.07709827,-0.052044466,-0.05870803,-0.015834548,-0.021427372,0.045402084,0.22639331,0.09588189,0.14853978,-0.117991306,0.017203402,-0.09439991,-0.08700897,0.05642618,-0.030341057,-0.1355573,-0.120763995,-0.066599905,-0.15613326,-0.04252688,-0.09065697,-0.056238364,0.03379511,-0.062837705,0.06590046,-0.018258572,-0.053858582,-0.01620612,-0.10443348,-0.0169712,0.0603576,0.14461637,0.14294101,-0.017970962,0.103589654,0.09951365,0.105955005,-0.10871694,0.036613233,0.12280059,0.050806634,-0.08565474,0.051967323,0.0026956103,-0.07174387,-0.08662931,0.053385347,0.004532913,-0.09233136,0.24100082,0.08495239,-0.12859654,0.12306109,-0.07318923,-0.03800752,0.068133,-0.22819752,0.19166969,-0.08551663,-0.07131836,0.061393354,0.009851912,-0.013761032,0.10669309,0.0074791918,-0.070765205,0.0039489116,-0.06352257,-0.056216627,0.012582572,0.05531025,0.01309495,-0.006861854,-0.046162482,-0.22900745,0.10476113,0.070766136,0.20387724,-0.122817114,-0.09345268,0.15072663,0.039698686,-0.113134675
TCGA-D8-A1XB-01A,-0.100395344,0.0083486065,0.16846405,0.09200836,-0.0091921985,0.034135774,0.085406,0.050492883,0.060391255,0.06793251,0.0068402053,0.05699541,-0.013744642,0.18023483,0.07741287,-0.023372957,0.06877892,0.17701088,0.018603848,-0.041768394,-0.0056852847,-0.01882564,0.027321603,0.14560626,-0.045283567,0.07760134,-0.28811148,0.010527173,-0.11855697,-0.032207217,0.09827972,0.13417959,-0.11590381,-0.23284197,-0.11052097,-0.15153213,-0.11819588,-0.06817272,-0.098724514,-0.019006759,0.05033551,-0.019576808,0.0036226048,-0.13574474,0.064114414,-0.19591226,-0.014285133,0.14610219,0.11101691,0.09044505,0.06608843,0.038184945,-0.00444484,0.077571616,-0.021042489,0.08321713,0.08740113,0.10591207,-0.09497661,0.08371795,-0.028472515,0.14354023,-0.18464816,0.15452385,-0.016677607,-0.21872939,0.04379473,0.015524201,-0.08228353,0.007658584,-0.13541815,0.20126271,0.011300716,-0.081250325,0.1726425,-0.15509164,0.07293999,-0.007985472,0.10380548,-0.0039766957,0.14602078,-0.0748824,-0.0713452,0.082890786,0.070666954,-0.10337447,-0.020859934,0.09053076,0.08512912,0.029881457,0.06687557,-0.06480202,-0.037586678,0.086754285,0.12488082,-0.03416797,-0.041206125,-0.045909993,0.07776171,-0.13214605
TCGA-EW-A1P6-01A,0.07670042,0.008344688,0.24034128,0.14088066,-0.009083064,-0.016147641,0.15602909,-0.00054296356,-0.0016308408,-0.025375932,0.010170152,0.02854694,-0.039546482,0.15041074,0.037116263,-0.052346967,0.095265344,0.14700232,0.032778442,-0.061879586,0.040974386,0.069589026,0.012056531,0.09048111,-0.01825529,0.07615811,-0.20446762,-0.118517205,-0.03517208,-0.1532908,0.14851458,0.07491048,-0.15986164,-0.074815586,-0.08574034,-0.2082041,-0.04683614,-0.004893003,-0.17585763,0.097822025,-0.064186655,-0.023457242,0.11369034,-0.07831235,-0.040515028,-0.12971756,-0.011918576,0.019377647,0.10439203,0.10820852,-0.014801504,0.04719647,0.04397979,0.08729723,-0.105706625,0.026067754,0.19172643,0.028112965,-0.04157321,-0.017757826,0.012967887,-0.008503608,-0.1142047,0.18218464,0.07412476,-0.122470975,0.102046125,0.008826748,-0.13338122,0.050226193,-0.12208585,0.099119194,0.0026998234,-0.19370426,0.08338089,0.019090595,-0.104823165,0.06933038,0.058735963,-0.047495436,0.07525698,0.12789172,0.016488172,-0.02753813,-0.031918768,-0.12959039,-0.061254557,0.105528474,0.2827843,-0.13143256,-0.0696776,-0.1363654,-0.0283076,-0.011351646,0.21193346,-0.026969718,-0.11158036,0.060794782,0.11384025,-0.05234604
TCGA-BH-A0WA-01A,0.06206584,-0.08138653,0.20981097,0.17368414,-0.00863449,0.21712974,0.07642271,0.004366552,0.13373733,0.110296935,-0.032886308,0.043641534,-0.021129945,0.08744441,0.08879308,-0.01911774,0.09281631,0.20065185,-0.03181134,0.01922743,0.014660436,-0.014232182,0.068349674,0.09356343,-0.07285166,0.111666985,-0.22916591,0.09171455,-0.11901607,-0.051702898,-0.014057986,0.18861622,-0.10382879,-0.13623261,-0.09205353,-0.2439946,-0.10728269,-0.073538244,-0.0024115199,0.022389656,-0.025470441,-0.010957121,0.07958912,-0.03963096,0.08999854,-0.032686975,-0.03830082,-0.044155814,0.12122571,0.15129967,0.06659331,0.084560595,0.007323261,0.11391991,-0.14200968,0.09109321,0.11482046,0.04990833,-0.06190367,0.034994874,-0.06086204,0.053329725,-0.07275103,0.1373321,0.07409323,-0.09802223,0.2083817,0.10525847,-0.08450613,0.07864407,-0.13968475,-0.04033656,0.061017178,-0.09127643,0.10067702,-0.16351137,-0.0804929,0.031544864,0.051892523,0.070079856,0.019649668,-0.0021429146,-0.058608696,-0.09200374,-0.12952736,-0.1017066,-0.05295213,0.24759188,0.115423925,0.060115397,-0.0020630406,-0.099693224,0.00890137,-0.0026943593,0.1113489,0.05039163,-0.07650393,0.06493937,0.033210576,-0.121095926
TCGA-BH-A2L8-01A,0.09430523,-0.0030043663,0.14930294,0.111502185,-0.047025345,0.02701127,-0.045807227,0.08060368,0.011851382,0.0033458637,-0.06590527,-0.05742389,-0.03470515,0.12964533,0.19048214,0.03723761,0.02973318,0.21378103,0.09055252,-0.033693194,0.04602565,-0.03862329,0.14481226,0.2554179,-0.03825569,0.12832323,-0.23047775,-0.07680563,-0.026508879,-0.058650624,0.050709683,-0.0052704434,-0.08326142,-0.1284914,-0.09489437,-0.25214714,0.024003541,-0.036860883,-0.030852433,-0.024677036,0.0029050058,0.010245412,0.107127175,-0.057978638,-0.07734839,-0.074334376,-0.114880815,0.08848161,0.14736785,0.24025781,0.10091623,0.10349897,0.054881874,0.18005668,-0.12537181,0.17239667,0.17932425,0.008126071,-0.094662905,-0.0068962267,0.02732822,0.045186397,-0.10602295,0.034281064,0.091129266,-0.09325231,0.0517542,0.09035368,-0.076271,0.014475682,-0.094869874,-0.091217265,0.05754314,-0.18439601,0.03545343,-0.08657688,-0.11612274,0.049894046,0.15712142,-0.0295106,-0.009238175,0.09906662,-0.08297178,0.01390979,-0.020907115,-0.015478972,-0.06715394,0.10907305,0.17259611,-0.015340609,-0.025368165,-0.1215197,0.08707547,-0.038358483,0.045303185,0.0024246273,-0.072160356,0.08051844,0.092298806,-0.1329387
TCGA-E2-A576-01A,-0.051963773,0.033100244,0.21030317,0.2274961,-0.045746442,0.2150077,-0.027435072,0.0708273,0.03930691,-0.052788675,-0.03848477,0.05085639,-0.026486386,0.057478145,0.06607467,-0.027790755,0.07540767,0.20832565,-0.11026261,-0.098591074,0.16255184,-0.017285068,-0.09238883,0.17795083,0.04711899,0.010654418,-0.11017768,-0.11222558,-0.15355922,-0.034487396,0.09638225,-0.023165677,-0.07639319,-0.21131827,-0.08634214,-0.11858064,-0.19006406,0.04571698,-0.07345524,-0.0997729,-0.04068984,0.034931373,0.109926276,-0.025192257,-0.10018864,-0.08940689,0.0010440539,0.07223309,0.00046275865,0.07699169,0.08966221,0.0561228,0.02330886,0.23193634,-0.09953295,0.013601324,0.16295739,0.025748655,-0.0583097,0.002903445,-0.036739353,0.013264894,-0.077707395,0.14104457,-0.0575173,0.010216717,0.18777615,-0.027347516,-0.07774039,0.085009955,-0.14259274,-0.065899506,0.021729263,-0.102771185,0.07508497,-0.06217735,-0.046963796,0.09102991,0.04266169,0.059438884,0.15207848,0.026328824,0.014868359,0.12880643,-0.039546974,-0.043783262,-0.09152207,0.21093135,0.17625864,-0.113912344,-0.05165666,-0.14623196,0.0053345896,0.040674016,0.13059221,-0.007123426,-0.11209678,0.00084312854,0.08836954,-0.083666235
TCGA-B6-A1KF-01A,-0.030471658,0.028281283,0.17940305,0.09017539,-0.006246178,0.20324765,0.019996049,-0.01703328,0.020385511,0.055544347,-0.06926469,-0.08703223,0.05557945,0.108217455,0.07494524,-0.012356556,0.053515717,0.14095755,-0.08827396,-0.045817062,0.09499416,0.08855459,-0.07412738,0.13690786,0.0004495498,0.081781715,-0.08674788,-0.055951674,-0.064961486,-0.1583289,0.05535087,0.053493407,-0.12875994,-0.16765082,-0.16595633,-0.17154332,-0.16360159,-0.078479335,-0.14209495,-0.0417929,0.04960218,0.081005454,0.08235404,-0.08659465,-0.045701303,-0.01098974,-0.08420729,0.0947961,0.12780102,0.12440126,0.18881498,0.1273616,0.033763047,0.077606924,-0.12150587,0.14071114,0.21335387,0.12653211,-0.021618633,0.014120774,-0.037240833,0.013648298,0.055529855,0.09773132,0.035776038,-0.054832026,0.17516947,0.088008106,-0.13641182,0.06932482,-0.21362194,-0.011652003,0.047170546,-0.170804,0.013321241,-0.08496074,-0.10092718,0.058880176,-0.0502765,0.015664794,0.08507586,-0.031512033,-0.06726041,0.007375584,-0.058215965,-0.10956458,-0.0651352,0.12538391,0.17183363,-0.07978859,0.12426106,-0.15891556,-0.026166927,-0.013595858,0.13743769,-0.13383158,-0.08134012,0.06602012,0.10272142,-0.046866458
TCGA-D8-A1XZ-01A,0.038833536,0.0027912937,0.20638242,0.18678023,0.046203643,0.14504361,0.01997952,0.013576421,0.04828603,0.057180833,-0.019682778,-0.0921844,-0.10228856,0.13348022,0.12176502,-0.016404124,0.095783904,0.18063861,-0.04616146,-0.013733021,0.033707958,-0.068952784,0.07275723,0.092885815,-0.014327109,0.077366345,-0.27866104,-0.010515588,0.071657404,-0.024424719,-0.008844506,-0.036664072,-0.09540235,-0.13817273,-0.19641723,-0.08318249,-0.104072966,0.0053210943,-0.104614064,-0.027573664,-0.042572476,-0.041678634,0.11868232,-0.1387792,0.024700604,-0.16920373,-0.014792551,0.049060486,0.0997863,0.13807516,0.04978595,0.08573443,0.028177954,0.05451358,-0.14888887,0.038763512,0.034718253,-0.059378304,0.023500014,0.048027534,-0.044585254,0.06551925,-0.0058324756,0.12971467,-0.033825137,-0.07809689,0.2930233,0.045677382,-0.10093278,0.0517194,-0.16959262,0.017201854,0.025023999,-0.19372644,0.090401776,-0.10791003,-0.036357354,0.10687686,0.02074813,-0.0017865128,0.11520073,0.113246344,-0.09676849,0.0027557132,0.0060165697,-0.098297305,0.0013267436,0.09868543,0.12650616,-0.12147898,0.03400233,-0.14459957,0.025576433,-0.0840202,0.081484124,-0.037244853,-0.230723,-0.0673054,-0.025499374,-0.17932345
TCGA-D8-A1JK-01A,-0.037684888,0.059461392,0.15185495,0.11063744,0.059852995,0.14653178,0.044510633,-0.018083027,0.007942791,-0.027824035,-0.11815297,0.095334,0.0075364388,0.09213506,0.07964722,-0.11825325,0.05350444,0.18272473,0.026271807,-0.00090713537,0.0062204,0.04691362,0.06840796,0.14073935,-0.035617974,0.050997533,-0.18302134,0.0472968,0.0058905967,-0.21779649,0.16119054,0.085226,-0.13062401,-0.10601501,-0.13356121,-0.16314258,-0.027296688,-0.047508236,-0.13814826,0.022199463,-0.05115868,-0.023340348,0.058805622,-0.06843288,-0.081299126,-0.054773636,-0.11549781,0.09701574,0.025679555,0.18031558,0.1316337,0.18256226,0.10644536,0.07831019,-0.07913793,0.06112254,0.07412419,0.04309904,-0.022684563,0.0012581956,-0.012074778,-0.0028293175,-0.13667892,0.15947093,-0.08067081,-0.0739352,0.17363673,0.10486779,-0.086479574,0.09055805,-0.13656482,-0.082204245,0.08967596,-0.12965827,0.1281104,-0.15974751,0.029257623,0.01960605,0.057699654,-0.057568368,0.009820491,-0.06989798,-0.071278185,0.052387524,0.0641267,-0.06498211,-0.05821613,0.14518194,0.12027802,-0.050956767,0.00540163,-0.16090535,0.11204951,0.023498043,0.10216719,-0.22656725,-0.18719117,0.015149171,0.0997124,-0.1250966
TCGA-AR-A0TX-01A,0.042534944,0.09862043,0.113022834,0.056844033,-0.039082546,0.1500719,0.042030185,0.10127366,0.06270273,-0.00420108,0.0020693333,-0.08430305,-0.076887086,0.08953384,0.11482124,0.05240114,0.12350476,0.14449914,-0.0072182254,-0.07694436,-0.00392873,-0.013767983,0.0067069107,0.063677035,-0.10297729,0.14186765,-0.1588981,-0.032768235,-0.037010647,-0.09076506,0.068374224,0.12682651,-0.07832865,-0.23133679,-0.10973557,-0.22668782,-0.09654614,-0.007996453,-0.058270745,-0.084977865,-0.024230087,-0.08738267,0.120542705,-0.040280573,0.06058595,-0.10035879,0.034891833,0.10538959,0.07513886,0.20373613,0.06854835,0.15288976,0.06276813,0.09098296,-0.0634241,-0.051255796,0.24056321,0.11563212,-0.12287885,-0.025018228,-0.003875153,0.06529752,-0.045777053,0.22311382,0.11290428,-0.13861702,0.09871778,0.08368005,-0.03740116,0.062317614,-0.048578344,0.052310314,0.08974447,-0.25688216,0.074503206,-0.028108722,0.06895285,-0.024005061,0.079639904,-0.09768305,0.09638576,-0.033648115,0.020403776,-0.050956495,-0.058549825,-0.12160196,-0.06615419,0.11955812,0.19381355,-0.10741976,0.026055649,-0.123252496,-0.021673044,0.10634631,0.0933127,-0.066738114,-0.114415005,0.08211366,-0.023525346,-0.09791308
TCGA-BH-A0AZ-01A,0.084042005,0.00574653,0.14831074,0.14728245,-0.017204158,0.16279896,0.061751064,-0.03815467,-0.043377917,-0.04736879,0.028059646,-0.12620251,-0.040660113,0.07310601,0.108501405,-0.08880331,0.13760276,0.14925635,0.013209193,0.0017249469,-0.06293664,0.0075964257,-0.027130283,0.15320842,0.10188626,0.08091659,-0.20741604,-0.07414661,0.074617736,-0.028689811,0.13746835,0.055564445,-0.24555817,-0.068827204,-0.10201315,-0.1682276,-0.055577975,-0.057280015,-0.02273979,-0.06142634,0.034519836,0.027959058,0.079457685,-0.08043539,-0.040881734,-0.119610675,-0.0032770927,0.0794947,0.16071385,0.07969413,0.028662553,0.05832759,0.09628667,0.08199846,-0.111369826,-0.010023616,0.20394105,-0.04048529,-0.15771975,-0.012038066,-0.045951847,0.08765986,-0.059446163,0.069513924,0.07275906,-0.10904594,0.09969925,-0.14443098,-0.120563,0.035556834,-0.11087801,0.06829869,0.09275405,-0.14673549,0.24532421,-0.12763102,-0.014312977,0.19865622,0.01586061,-0.055051886,0.046507034,-0.07008035,0.05187793,-0.033627197,-0.07392046,-0.116754174,0.037684802,0.13241448,0.21510181,-0.055999488,0.026949765,-0.17548408,0.026549214,0.072313994,0.027400693,-0.08380714,-0.09367566,0.013591113,0.08108098,-0.1183626
TCGA-B6-A0WY-01A,-0.032897267,0.1365122,0.20767231,0.056462105,-0.041321293,0.098863296,0.0049388255,-0.06591361,0.12256045,0.030015813,-0.0001957552,0.027287623,0.024174826,0.21236466,0.14923432,-0.09079629,0.18243584,0.13233367,-0.07593957,-0.040792804,-0.032099888,0.04575813,-0.004814826,0.14695002,-0.0032728582,0.12205082,-0.27953228,-0.19153756,0.01665408,0.0060189264,0.106267475,0.07607212,-0.14428349,-0.079906255,0.0032245608,-0.19910012,-0.048857775,0.020891745,0.09180814,-0.05756821,-0.06324159,-0.06947031,0.13539524,0.032118026,-0.052134052,-0.07321281,-0.07832666,0.13537242,0.18159707,0.17977779,0.12164128,0.06704624,0.026810475,0.09727085,-0.144097,-0.01598141,0.08620143,0.014008823,-0.030281857,0.07912344,-0.06650602,0.040257934,-0.0891583,0.17743355,-0.02686968,-0.06997137,0.112073764,0.083508715,-0.018836053,0.12140283,-0.0928736,-0.016855108,0.043083042,-0.1499753,0.1051606,-0.0378848,0.031885378,0.12940484,0.014841631,-0.011958485,0.044433363,0.030501923,-0.04090448,-4.3802607e-05,-0.0553546,-0.045479864,-0.06704759,0.11493642,0.17488648,-0.100940086,0.1657448,-0.19485268,0.009030407,0.060342055,0.11009943,-0.026086826,-0.05934451,0.041957743,-0.019853173,-0.13033254
TCGA-LL-A5YN-01A,-0.046098158,0.014688118,0.14135858,0.12342278,0.038696695,0.083702646,0.006827058,0.007943884,-0.008257516,0.0032598476,-0.0111376345,-0.036165994,-0.15779741,0.010029875,0.22001688,-0.039034434,0.14458369,0.17315617,0.005043718,-0.026591662,0.15495344,0.043435887,0.071544036,0.18796474,0.02421363,0.08657226,-0.16680865,-0.0005497477,0.05678942,-0.043038253,0.020336835,0.04263195,-0.1301833,-0.19188751,-0.1764363,-0.3209928,-0.106790006,-0.07448023,-0.08610492,-0.104261585,0.032771826,0.056166112,0.030018546,-0.11975049,0.009955562,-0.022138774,-0.05330978,-0.017146807,0.12352455,0.19836338,0.097974606,0.16043688,0.049309343,0.05629735,-0.11677875,-0.031153431,0.16796868,0.08623977,-0.08727523,0.10870025,-0.021972964,0.024088308,-0.024539927,0.07374301,0.040014524,-0.14939938,0.1982682,-0.08858781,-0.024664514,0.045694154,-0.025386004,-0.043261833,0.03767915,-0.18302767,0.100182615,0.02231561,-0.059892666,0.085414566,0.040232085,-0.048282754,0.06561298,0.12033266,-0.050998032,0.010680109,-0.06314636,-0.03063683,-0.023727397,0.06554381,0.18487091,-0.052374233,0.061183088,-0.2226855,0.010708483,-0.025288438,0.13642716,-0.057092197,-0.07216726,0.0014032397,0.10136831,-0.035683367
TCGA-C8-A1HI-01A,-0.052164584,-0.0017423263,0.24126023,0.019617897,-0.15452617,0.10682097,0.060742624,0.018690363,0.07428768,0.06286459,-0.030072974,-0.088136554,-0.1836864,0.10158425,0.11987005,-0.071188934,0.15464318,0.19908221,-0.06762552,0.0997352,0.060742933,0.08131934,-0.030222088,0.033248324,0.024860382,0.102962874,-0.12532435,-0.01832292,-0.007428545,-0.14252134,0.06502569,0.080521606,-0.21308896,-0.17006995,-0.06293949,-0.14638089,-0.040594887,-0.0050109816,-0.11782707,-0.0092436215,-0.062544465,-0.006910989,0.13336445,-0.106772676,-0.08813535,-0.07370582,0.06604828,0.10434507,0.088852316,0.08062688,0.048201416,0.11104195,0.0028169411,0.116210595,-0.08481922,0.063844435,0.102494374,-0.05735853,0.08684897,-0.05646281,0.058127,0.13437061,-0.07841728,0.11145461,0.07377525,-0.012865436,0.24583237,0.021233989,-0.025864854,0.104708,-0.14844787,-0.09692813,0.08581859,-0.19438113,0.15599543,-0.055444993,-0.049437176,0.15492824,0.04686984,-0.084611796,0.044079475,0.037625972,-0.06741297,-0.03864978,-0.034791984,-0.059269644,0.04567354,0.21223676,0.16424598,-0.056788884,-0.0072345007,-0.08170718,-0.011744117,-0.008018654,0.10267624,-0.113110796,-0.16855271,-0.0015950442,-0.025542941,-0.070438884
TCGA-GM-A2DM-01A,-0.044851135,0.02064445,0.19884807,0.029444927,-0.035875387,0.19430302,-0.024117706,0.15312943,0.01691774,0.0023006124,0.0072750677,-0.04087509,-0.026926111,0.16824776,0.10002851,-0.052387103,0.053052597,0.13177212,0.033586126,0.08023706,0.054013588,-0.024878915,0.051492874,0.19572814,-0.03966379,0.1573858,-0.26120743,-0.106262475,-0.015055994,-0.1648224,0.085823506,0.067707516,-0.05058742,-0.11409518,-0.14614838,-0.24082813,-0.069544494,0.024004828,-0.112392716,0.021444216,-0.03555421,-0.04929576,0.16627848,-0.14605041,-0.021172198,-0.13314454,0.0048190956,0.08634395,0.05334107,0.08144647,0.095273964,0.06550251,0.04589191,0.169439,-0.07395433,0.07312191,0.14036529,0.07724009,-0.138287,0.0009226481,-0.030549843,0.03553846,-0.13651852,0.13540035,0.03534181,-0.11829778,0.11533833,0.08205017,-0.17547452,0.04109491,-0.09626087,-0.08380344,0.05467927,-0.1964152,0.12789913,-0.076879665,0.0029556775,-0.006303647,0.011958798,-0.089589246,-0.0019760504,-0.018685918,0.0024743031,-0.0456947,-0.0027294918,-0.053867098,-0.10077959,0.044329423,0.16107023,-0.09924436,-0.06607806,-0.09332273,0.07106557,0.011077967,0.1827877,-0.078553945,-0.10626958,0.036251925,0.0910812,0.067263626
TCGA-E9-A1NE-01A,-0.11020313,0.040343188,0.23424831,0.22947931,-0.16170819,0.11901257,-0.00843468,0.06640797,0.10559112,0.052398764,-0.10414547,0.022050153,0.008668244,0.03817797,0.08960512,-0.035562046,0.003426905,0.10116834,-0.011577702,0.015993873,0.01937519,-0.012834352,0.022883885,0.22285466,-0.0035368341,0.009727513,-0.23257446,-0.04686955,-0.08330094,-0.018569216,0.017537804,0.089810714,-0.11321289,-0.20082335,-0.100572094,-0.16604565,-0.15565066,-0.0761204,-0.0016938794,-0.08286471,0.0166259,0.09945926,-0.08085312,-0.022005294,0.014462472,-0.08904579,-0.15535732,0.054081444,0.026212327,0.048249718,0.12762937,0.055159323,0.044451676,0.14784864,0.018115956,0.07343143,0.15866375,0.04251126,-0.013444542,0.016676346,-0.0069181076,0.061856527,0.013503766,0.1010379,0.03513323,-0.080288775,0.1620186,0.076900825,-0.15251103,0.13688967,-0.08119085,-0.034849808,0.13727136,-0.22547194,0.17060928,-0.13881063,0.10491603,0.0015481891,0.09700768,-0.05698483,0.09950219,-0.05989499,-0.17845704,-0.049832284,-0.014458827,-0.09132109,0.025134584,0.090925105,0.20231144,-0.028539238,-0.0660151,-0.15155852,-0.014370357,0.0042075594,0.10562448,-0.061817948,-0.007989543,0.034429993,0.08292976,-0.040833738
TCGA-XX-A899-01A,0.0030623502,0.03431475,0.124622546,0.07263826,-0.054553766,0.14859909,-0.03390587,0.0765006,0.08064664,0.037075832,0.029093567,-0.0059339437,0.018855209,0.09175123,0.11536206,-0.086306185,-0.067805566,0.30185783,0.098596625,-0.15966572,-0.02628586,-0.04996544,0.07368905,0.08261398,0.019632602,0.08305076,-0.16270803,-0.04463153,0.04830863,-0.16548318,0.08255202,-0.07350287,-0.12584461,-0.20017599,-0.08861752,-0.1805405,-0.050204854,-0.1140549,-0.09112272,-0.09066012,-0.02879949,0.07532826,-0.0029636705,0.035891168,-0.03567418,-0.15713009,-0.10886121,0.12548381,0.15412478,0.08925651,0.03092764,0.12088002,0.06738643,0.10899466,-0.097921595,-0.05047781,0.15205656,0.02825671,-0.11357659,-0.0649766,-0.0025069455,0.02671272,-0.08823727,0.15787144,0.109725155,-0.07292911,0.12477911,0.057687912,0.001583929,-0.06015647,-0.08080927,-0.022851853,0.04071518,-0.1106106,0.18115088,-0.063888356,0.021580117,0.14017999,0.03588713,-0.045644287,0.108345896,-0.039262477,-0.085013464,-0.052928504,-0.08584662,-0.068311,0.036142007,0.09120619,0.12150107,-0.06801429,-0.026456233,-0.22672313,0.020569626,0.024256894,0.11504726,-0.0009478668,-0.15300854,0.12323656,-0.06958873,-0.21944241
TCGA-W8-A86G-01A,-0.09275842,0.0773117,0.091559835,0.21031667,-0.012309342,0.13968825,0.057931393,0.0076876627,0.10872622,-0.054611202,0.008134748,-0.08029191,-0.12382433,0.21500263,0.11944166,-0.0024097199,0.10095086,0.16398229,-0.08199067,-0.008547776,-0.043003064,0.06285925,-0.116779804,0.095534995,0.064301796,0.10974265,-0.18457884,0.0014389424,-0.0053439294,-0.17175442,0.016879328,0.04942882,-0.14260149,-0.18192402,-0.18905565,-0.14321972,-0.09778732,-0.10168377,-0.17754744,-0.005435555,-0.047695056,0.024298042,0.032035686,-0.16207907,-0.00377077,-0.09436482,0.0040347152,0.1049283,0.052560702,0.10517556,-0.0123586375,0.04303407,0.039218847,0.07750814,-0.09815181,-0.10532558,0.021894075,0.059610862,-0.028054053,0.004489803,-0.03390037,0.081525914,-0.16399808,0.1264835,-0.019767094,-0.087637514,0.26471773,0.04868922,-0.06586376,-0.037245125,-0.2000492,-0.064327605,0.05437711,-0.098096736,0.080956325,-0.044057723,-3.7179565e-05,0.10139809,0.09017842,-0.05395799,0.054750152,-0.11064966,0.0037066415,-0.029855834,-0.0613223,0.010196604,-0.007626029,0.15298395,0.11233432,0.025032032,0.03334401,-0.27238944,-0.0059005553,-0.013616015,0.11596859,-0.05648817,-0.10961298,0.032962795,0.10153461,-0.04066103
TCGA-A1-A0SN-01A,0.06089201,0.12271293,0.16142862,0.11831516,0.008198199,0.22172011,0.075908065,-0.03682689,0.078749456,0.05413183,-0.0009954568,-0.026747122,-0.07563801,0.08385653,0.2497402,-0.036948487,0.09684519,0.1507423,0.039673273,0.02331048,0.018895447,0.0679768,0.0531884,0.026658146,0.034782987,0.15568987,-0.13764156,-0.12619811,-0.023395084,-0.06951545,0.02343377,0.08839795,-0.10783393,-0.16864145,-0.021941632,-0.19914578,-0.109976105,-0.03175627,-0.079043224,0.013923149,-0.0335941,0.079543084,0.07044583,-0.022574227,-0.08841291,-0.058991883,-0.0982489,0.06542352,0.12920476,0.2434872,0.017046286,0.057559397,0.06610913,0.12742543,-0.09355941,-0.08738225,-0.00041721275,-0.00623476,-0.037080713,-0.03428129,-0.006389657,0.0005659449,-0.12764688,0.19461113,-0.0002851424,-0.09133676,0.1464451,0.10569457,-0.12675653,-0.024557598,-0.13687152,0.020637112,0.13720085,-0.13834423,0.012156807,-0.0140864635,0.046402194,0.02821231,0.03200863,0.019143973,0.15889843,-0.03859236,-0.086486995,-0.0101951845,-0.010292074,-0.044969346,-0.07210033,0.08995191,0.13386203,-0.027782165,0.08264079,-0.26155892,0.0043372074,-0.010348697,0.17145869,-0.035969213,-0.20663461,-0.004844127,-0.06523043,-0.17174862
TCGA-UL-AAZ6-01A,-0.050500046,-0.007838916,0.13462111,0.13499269,0.029293675,0.09149994,0.14837013,-0.07939951,0.13440922,0.057670496,-0.016276974,-0.034100372,-0.0010919321,0.1411044,0.06792662,-0.0024657191,-0.03188449,0.13054036,-0.015290527,0.0026800665,-0.011650821,0.00948311,-0.043148506,0.13788801,0.033577822,0.105954714,-0.15260324,-0.112564646,-0.025762226,-0.04467412,0.060539052,-0.08132847,-0.2030657,-0.1993306,-0.073098026,-0.17814346,-0.10984831,-0.06572954,-0.06754248,0.034079876,-0.032392394,-0.06353755,0.041640952,-0.07873218,-0.11260541,-0.03553322,-0.067322366,0.18024631,0.042722482,0.114171736,0.07429705,0.08860446,0.06451856,0.21921681,-0.07354556,0.035364192,0.04327392,-0.011278758,-0.08579926,-0.050159402,0.08049746,0.0780041,-0.06823472,0.18002802,0.029679734,0.011682657,0.22060189,0.066514134,-0.09681495,0.08989048,-0.22647761,-0.13092445,0.010511235,-0.105788864,0.049980156,-0.116308816,-0.08210554,0.12941305,0.09122354,-0.008376078,0.1598298,-0.004821259,-0.1675815,-0.021914857,0.050921246,-0.082214236,0.039397977,0.12283605,0.25210875,-0.09647417,0.015993316,-0.06439769,-0.03693518,0.026833782,0.1936325,-0.081384614,-0.09680729,-0.009327072,0.039498325,-0.094439924
TCGA-BH-A201-01A,-0.032653295,0.06325658,0.14630613,0.17524044,-0.050236814,0.10007406,-0.0025619718,0.009177684,-0.049603507,-0.03712396,-0.05509353,0.023918495,-0.016184948,0.11893322,0.114535704,-0.049392156,0.10157674,0.12415873,0.06102467,-0.13627996,0.016518671,-0.101506405,0.042220585,0.1393383,-0.05032679,0.12698399,-0.109493144,0.0066247424,0.00661443,-0.20773491,0.011437135,-0.071249895,-0.20748296,-0.2212908,0.0043329895,-0.22906962,-0.074449845,-0.03295452,-0.13592267,-0.17629951,-0.03422231,0.05703539,0.17059031,-0.09970604,-0.080047205,-0.028584318,0.026648194,0.07805395,0.1888404,0.0764325,0.14872588,0.14243504,0.075882226,0.10754036,-0.12120694,0.05299122,0.08619425,0.039720833,-0.13085575,0.07996701,0.067125745,0.059927754,-0.04606296,0.16514684,0.015968516,-0.13564634,0.0426218,0.06134148,-0.06530803,0.09067798,-0.043292154,-0.032077767,-0.049747467,-0.13676274,0.13594626,-0.18891618,0.09595016,0.02007389,0.11790349,0.059551287,0.13563235,0.04889058,0.035140783,0.0062687322,-0.027690513,-0.10509625,0.017406065,0.12327186,0.2091698,0.0026555555,0.032133937,-0.050591428,0.013947854,-0.033254866,0.03858405,-0.06435133,-0.14142685,0.047930058,0.051715225,-0.12759858
TCGA-AQ-A54N-01A,-0.02244322,0.088622056,0.09595076,0.1777111,-0.09242248,0.043970376,0.07537015,0.018800283,0.09231013,0.0013500565,-0.015236449,-0.0064913575,0.025570288,0.10523804,0.103880495,-0.01677785,0.12808433,0.16169208,-0.047698174,-5.410816e-05,0.06717877,0.040082984,-0.017419295,0.10007244,-0.11863026,0.12633176,-0.15165189,-0.004498656,-0.041044377,0.010896313,0.11591632,0.070180826,-0.17124154,-0.106880225,-0.11772259,-0.26947787,-0.09518574,-0.058888126,-0.07051906,0.0335771,-0.14043392,-0.009842582,0.14548142,-0.07030271,-0.036503606,-0.02131801,-0.10989804,0.09045158,0.0051613357,0.12011405,0.13639067,0.07575208,0.0434307,0.12543364,-0.19622134,0.0054218583,0.110944875,0.08480244,-0.07861706,0.035701662,-0.063518584,0.057398047,-0.010892441,0.19156112,0.08520287,-0.08355627,0.1938479,0.09387185,-0.16453798,0.0066252504,-0.09134222,-0.11439934,0.06442898,-0.24770007,0.024300026,-0.07612976,-0.019628469,0.04113672,0.07519225,-0.028012842,0.053245384,0.0749765,-0.0435184,0.047564015,-0.0175381,-0.062298387,-0.06946742,0.1618622,0.13997404,-0.050851405,0.045584895,-0.18656068,0.040955573,-0.012581161,0.21199267,-0.034896087,-0.07862207,0.119605415,0.011195177,-0.15269719
TCGA-EW-A1P4-01A,0.023743534,0.040332284,0.15383123,0.27035677,0.020357693,0.09669725,0.035317715,0.03940674,0.019367572,-0.043876722,-0.0671735,0.083485775,-0.04701234,0.123689204,0.11383202,-0.026369222,0.015613528,0.14747971,-0.017134015,0.08863934,0.0043433737,0.07536586,0.016519317,0.1623438,0.03567184,0.0866799,-0.20002438,-0.006690826,-0.1366154,-0.07419451,0.07316371,0.014956236,-0.065507464,-0.13381301,-0.12696652,-0.2522755,-0.14854951,-0.080523275,0.05783755,0.0021660079,-0.08871939,-0.025858536,0.134506,-0.066068135,-0.019718222,-0.05365667,-0.022629978,0.030289896,0.0070597697,0.17082985,0.15460478,0.05969312,0.08493447,0.06680192,-0.11173965,-0.035825975,0.047225736,0.026658297,-0.081493706,-0.069549315,-0.012874809,0.15700851,-0.039398734,0.12439869,0.016582131,-0.2296688,0.17717105,0.092351295,-0.05184147,0.077398516,-0.14757992,-0.03640834,7.1512986e-05,-0.14598733,0.07321563,-0.04458123,0.027252747,0.07226298,-0.036808226,-0.048414223,0.042454302,-0.001179558,-0.13471426,0.07255345,-0.020835431,-0.03547781,-0.04403137,0.06806546,0.15471148,0.08129197,-0.008846763,-0.2286306,-0.1296651,0.077352256,0.17583877,-0.121572234,-0.105271645,0.06504928,0.08263767,-0.1564009
TCGA-E9-A3X8-01A,0.016456554,0.07272615,0.16726433,0.038305815,-0.053245567,0.14681071,0.08990343,0.048284642,-0.028122108,-0.028773377,-0.035955723,0.035481606,-0.061148085,0.060009096,0.09579718,-0.0409859,0.07658758,0.14334825,-0.05106992,0.012721499,-0.0024436563,0.0908591,-0.009087958,0.11364603,-0.030138262,-0.01441564,-0.14065959,-0.09742676,0.00768369,-0.059090458,0.10476876,0.031582594,-0.07025335,-0.17200245,-0.11279038,-0.115422815,-0.034423847,-0.05606218,-0.03384494,-0.053895112,-0.11094587,0.113585636,0.114697434,-0.13541289,0.04117337,-0.13946925,0.032733507,-0.024900746,0.059130188,0.17690827,0.104357466,0.12614779,0.075348176,0.22519973,-0.10834904,-0.034143332,0.025564762,-0.0023743883,-0.09351157,0.026372565,-0.03924503,0.17071313,-0.041387923,0.14851214,-0.038666364,-0.060409736,0.23677139,0.0096967975,-0.14136347,0.1238318,-0.067575365,-0.07100492,0.103334725,-0.24727263,0.028909096,-0.06635508,-0.058937572,0.11519945,0.010932476,0.085619584,0.03202017,-0.03612946,-0.02059179,-0.09919898,-0.07436191,-0.102897026,-0.015934933,0.19567852,0.22377335,-0.049052563,-0.034765005,-0.19145611,-0.08267366,-0.015420935,0.11641051,-0.13010801,-0.14243563,0.06259788,0.088607706,-0.18122543
TCGA-OL-A5RU-01A,0.020085583,0.060074046,0.05862897,0.06119686,-0.047485847,0.20768973,-0.014088451,0.06774269,-0.02454888,0.0140972445,0.0010651551,0.1180765,-0.0070377295,0.17206419,0.06183699,-0.08424682,0.14766185,0.19593714,0.03793791,-0.16860303,-0.016322136,-0.015979141,0.022124184,0.14400642,0.02347029,0.05007608,-0.0823667,-0.123800755,-0.1032722,-0.068524234,0.11551596,-0.02763916,-0.14822447,-0.26077718,-0.017352559,-0.14248651,-0.07991335,-0.13090873,-0.075675294,0.009312518,-0.0037893197,0.0012006566,0.1327107,-0.096242584,-0.036849998,-0.023047982,-0.081489384,0.06119404,0.047557533,0.25092655,0.051185396,-0.032979984,0.00458353,0.20235893,-0.08205363,-0.023445114,0.2222237,-0.014730437,-0.016001074,-0.033963054,-0.014370061,0.07363422,-0.1574965,0.20664841,0.060819622,-0.13813248,0.1926023,0.115844205,-0.16312163,0.07909702,-0.124377,-0.021337561,0.1223879,-0.13260917,0.07623311,-0.028627824,-0.0023601213,0.120016366,-0.021162195,0.050205108,0.051641453,0.057854462,-0.04537906,-0.029601255,-0.04968052,-0.14660479,-0.06410349,0.092983365,0.08695254,0.03530691,-0.018227583,-0.1812478,0.026255276,-0.14062667,0.043430403,-0.04373192,-0.05760889,0.01113518,0.039265685,0.029689442
TCGA-EW-A1J3-01A,0.0015976096,-0.026085373,0.17998163,0.07968812,-0.0913834,0.15195899,0.027400939,-0.064407654,0.020870363,0.09481585,-0.057764836,-0.09851133,-0.02176917,0.0075203707,0.2255755,-0.024082556,0.10638541,0.18827221,0.026867362,-0.047392715,0.035695817,0.066339664,-0.037676577,0.11799664,0.09833599,0.1344009,-0.11508291,-0.07646539,0.008949416,-0.14851959,0.08154904,0.043220725,-0.1865969,-0.12465454,-0.109267406,-0.18371934,-0.028400457,-0.08731634,-0.06004845,-0.00028053613,-0.04528695,-0.00805449,0.012064338,-0.024818338,-0.04141696,-0.13500132,0.026370576,0.03222065,0.07375699,0.142008,0.05242732,0.17265022,0.08464014,0.14267838,-0.0750031,0.07779609,0.29174906,0.06643658,-0.20178612,0.013519369,-0.035220746,0.03617409,-0.16139388,0.09088324,0.04711027,-0.09978773,0.1295552,0.082156,-0.16737525,0.063760184,-0.17837343,-0.081165716,-0.008840945,-0.16727333,0.097574264,0.044705328,-0.025048051,-0.03355928,-0.038625278,-0.0109154945,0.10794061,0.031020844,-0.023726624,-0.021653807,-0.05375883,-0.06216577,0.042353064,0.17235596,0.11837579,0.05246863,0.017717231,-0.12820102,-0.10924474,-0.01993966,0.15465675,-0.09558706,-0.026129778,0.10235083,0.05895398,-0.09836478
TCGA-AC-A2QH-01A,0.030121986,-0.0011498834,0.23687664,0.12105716,-0.09775779,0.09715797,0.15150481,0.03323324,0.07378626,0.035498895,-0.011651846,0.02994828,0.0153931575,0.06619323,0.122451104,-0.086196914,0.0070879944,0.15522595,0.02775084,-0.07499053,0.058498546,-0.02269181,-0.072839916,0.10698689,-0.010695746,0.1522865,-0.21017855,-0.0102486685,-0.026614571,-0.16080898,0.0053987745,0.009622662,-0.11533693,-0.07738707,-0.12916815,-0.24785039,-0.078871295,-0.05122572,-0.116323985,-0.084479176,-0.07157477,0.059294,0.13617912,-0.060422443,0.015916891,-0.23071541,-0.062140483,0.010379305,0.015507602,0.12184625,0.111633524,0.12987414,0.09388352,0.11524219,-0.14951977,0.017234003,0.055374186,-0.017287461,0.012733381,0.027299924,0.0101219965,0.02680315,-0.012160563,0.1526027,0.0415049,-0.06894862,0.123830475,0.02983147,-0.15001786,0.107036635,-0.14777507,-0.018656151,0.045798365,-0.23750496,0.036580242,-0.045222063,0.0227881,0.12991804,0.09082838,-0.024328144,0.061589595,0.02149479,-0.0916794,-0.009305944,-0.035026886,-0.022982439,-0.0032644134,0.17916997,0.15366727,-0.079179496,0.08278237,-0.21343726,0.055523578,-0.026988823,0.17529236,0.017891143,-0.1333246,0.07924771,0.026417468,-0.12882207
TCGA-OL-A66O-01A,-0.107199416,0.09345786,0.1745452,0.20803544,-0.07135766,0.11699188,0.060423777,0.05071727,0.05502863,0.096794,0.023915544,-0.022652432,-0.08228918,0.059905007,0.20509677,-0.0023452858,0.09132225,0.22068915,-0.0061300737,-0.021158552,-0.046027273,0.058557246,0.023050869,0.12812515,-0.005584264,0.069299676,-0.1818054,0.017178342,-0.019148719,-0.06490054,0.049210485,0.004078134,-0.17961451,-0.14245516,-0.055210695,-0.114805765,-0.022332137,-0.023114037,-0.06748856,-0.0044282875,-0.00238112,0.022700459,0.10280744,-0.15663938,-0.059956398,-0.04199187,0.020863533,0.019530714,0.091477334,0.15254495,0.113883995,0.18748946,0.12189301,0.08682015,-0.0816413,0.05354476,0.060827713,0.04144054,-0.027204288,-0.018716529,-0.13081431,0.03041746,-0.027750654,0.2114941,-0.05123907,-0.115308605,0.23995191,0.12099016,-0.13665044,0.036699887,-0.10621493,-0.110454574,0.110412,-0.07562695,0.011491215,-0.03184656,0.027028298,0.17540985,0.10186836,0.09230734,0.016085612,-0.069646694,0.006740213,0.034328055,-0.017280044,-0.009353141,-0.0060706483,0.2331453,0.19848233,-0.027680818,-0.003111911,-0.13294286,0.05314479,0.10681261,0.09241508,-0.03542764,-0.15624782,0.049220547,-0.046822384,-0.13732849
TCGA-BH-A1F8-01A,0.061375484,-0.03795425,0.12650567,0.091516115,-0.04986918,0.035183914,0.13835272,0.006468837,0.047370836,-0.0033950096,-0.07649739,0.026319746,-0.044739764,0.13805597,0.10138271,-0.047351502,0.14798796,0.20497313,0.07057494,-0.08363476,0.08625979,-0.024949234,-0.04512174,0.14981313,-0.121980846,0.1788522,-0.19741565,-0.06958483,-0.005883367,-0.07519806,-0.01048817,0.07018698,-0.040692963,-0.14500494,-0.16173603,-0.19120221,0.0076372777,-0.14743905,-0.06876164,0.07249711,-0.10630831,-0.05016827,0.08972479,-0.03126706,0.037984423,-0.16384771,-0.1346862,-0.048098654,0.10943142,0.19510444,0.15530737,0.060436137,-0.010567711,0.13463458,-0.15767278,0.022080244,0.056990713,0.044340413,-0.046153594,-0.056919664,-0.055188164,0.095858954,-0.10029951,0.122086965,-0.019570159,-0.17530976,0.13310568,0.05670204,-0.116740435,0.10496189,0.004512455,0.022551611,-0.0564796,-0.25713453,0.074700914,-0.0952595,0.0019363628,0.036539603,0.08217359,-0.021153681,0.08454245,0.09196905,-0.07396494,0.00829832,-0.009842356,-0.11951879,-0.0053676777,0.07518609,0.20477587,-0.045585435,-0.0068219737,-0.1441192,0.036236808,-0.015348396,0.18920995,-0.11852705,-0.03184044,0.0039525903,-0.033178177,-0.0896652
TCGA-D8-A1XR-01A,-0.038778767,0.08199764,0.23364303,0.15725933,-0.029080901,0.072620705,0.14241707,-0.007205754,-0.088848874,0.025258353,-0.07107599,0.009211248,-0.0075819376,0.09226057,0.10412087,-0.028358197,0.08231931,0.24986698,-0.044002865,0.04378415,-0.072504975,0.008296145,0.010044479,0.13410304,0.0061366274,0.14681555,-0.20799857,-0.040139817,0.007502634,-0.0303271,0.0016999969,-0.0016955854,-0.13108094,-0.065196946,-0.029531352,-0.19575763,-0.18663445,0.010996361,-0.12291426,-0.0055171507,0.03266314,0.017282892,0.13320665,-0.09228196,-0.045000643,-0.10571742,-0.096419945,0.045417503,0.046874452,0.0849244,0.17359245,0.043051478,-0.040897857,0.070443414,-0.06453402,-0.06677452,0.19086605,0.00701239,-0.100918904,0.101929545,-0.036667865,0.054488745,-0.14588083,0.12611325,0.07498635,-0.067059726,0.12425597,0.035591725,-0.13787475,0.054514837,-0.16580197,-0.019481543,0.059802186,-0.24366187,0.08772792,-0.097868174,0.08397052,0.10980715,0.014177954,-0.102709465,0.0018130986,-0.008003838,-0.054993883,-0.026515426,-0.09495827,0.031833433,-0.08560789,0.19403543,0.12238976,-0.060729284,0.018164502,-0.12569433,0.09879834,0.07093432,0.19778815,-0.095153145,-0.081506245,0.0056755794,0.054131,-0.13095833
TCGA-BH-A1FC-01A,0.013014257,0.038512915,0.14224958,0.20921491,-0.03246877,0.12037553,0.020292912,0.019625833,0.1240621,0.08115044,-0.06464867,0.048293687,-0.097747244,0.14017415,0.0675492,-0.042905323,-0.009772798,0.088005945,-0.038739648,-0.03177479,0.030920481,0.048120853,0.00983076,0.14199665,0.15178959,0.20584318,-0.2502888,0.075579666,-0.061545376,-0.15540138,0.07091715,0.026721252,-0.10814777,-0.060618483,0.0134590715,-0.2601224,-0.056794778,-0.08262847,-0.060482185,-0.03450722,-0.08807236,0.07324683,0.03567475,-0.092245415,-0.06687774,-0.13881378,-0.04168621,0.0849948,0.105372846,0.20404649,0.1018888,0.054029483,0.14672402,0.053855047,-0.114201814,0.020893946,0.095081605,0.068409204,0.00077968044,0.118725844,-0.057226617,-0.021496577,-0.018752456,0.16423441,0.07054198,-0.10243904,0.24334201,0.091587335,0.039364252,0.10327503,-0.07240949,-0.039360836,0.0954774,-0.12506336,0.12308293,-0.055931125,0.0123937735,0.027508996,0.067356125,-0.046595614,0.11082133,-0.026765687,-0.015516558,0.01289315,0.012672043,-0.015314047,-0.066487044,0.18362054,0.19342272,-0.0770978,0.05710713,-0.17973298,0.067334816,-0.03318743,0.069630265,-0.055364527,-0.17270987,0.013371656,0.09379692,-0.008797381
TCGA-D8-A4Z1-01A,0.07402086,0.06272265,0.14301947,0.12722808,-0.12264439,0.09270717,0.05996792,0.07473096,0.031538248,0.105818234,0.046843488,-0.0053420546,0.031352855,0.1433135,0.24143697,-0.0618086,0.101536214,0.14519772,-0.12920617,-0.068300374,0.04402447,0.09243768,-0.03673019,0.16234642,0.08847614,-0.051562883,-0.26742855,-0.023851808,0.08374501,-0.141433,0.0808222,0.010230504,-0.09841002,-0.14987782,-0.01459988,-0.23734193,0.03109869,-0.013797593,0.008951732,-0.03683045,0.078925006,-0.057362426,0.09661769,-0.044378456,-0.06790068,-0.081490465,-0.16792667,0.030490648,0.12547347,0.06344342,0.03266665,-0.033656865,-0.008479121,0.18727548,-0.100347586,0.09630649,0.22568396,0.012217183,-0.16833763,-0.052512813,-0.05824751,0.09615344,-0.19502677,0.1433003,0.03062761,-0.11920747,0.11529627,0.014607855,-0.10985013,0.034423668,-0.04507828,0.029427586,0.00397515,-0.20621143,0.08575409,-0.029129684,-0.009927696,0.05440193,0.07078156,0.015170986,0.11269843,-0.085295334,-0.100812115,0.024350023,0.029717114,0.0136397155,0.06546335,0.07169427,0.17216058,0.045849856,0.028579416,-0.05626989,0.023505716,-0.017582763,0.06751182,-0.09730953,-0.05932104,0.12874977,0.095730454,-0.09291843
TCGA-E9-A1R2-01A,0.014137188,0.07192579,0.15126638,0.13390869,-0.072251156,0.08401684,0.0046981033,0.052318495,-0.08360287,0.026121054,0.025831992,-0.008027227,-0.020169348,0.02812166,0.045977835,-0.065897115,0.066424444,0.19870004,-0.004631017,-0.046949852,-0.015056137,-0.096694075,-0.06739697,0.13007344,0.04504322,0.22844034,-0.17950891,-0.06942339,-0.026291199,-0.14861228,0.0013745342,0.041007124,-0.16605932,-0.15815377,-0.10589655,-0.18984827,-0.041348238,-0.14509304,-0.06761345,0.07425869,-0.0020521933,0.044371597,0.0030081882,-0.035911035,-0.054994196,-0.010828501,-0.03299538,0.07393391,0.1571265,0.15027511,0.15122887,0.09916916,-0.0077489344,0.14415082,-0.052695107,-0.09747665,0.18126556,0.024088895,-0.10887484,0.0598348,0.005043756,0.12204416,-0.108266026,0.09773063,-0.0069873217,-0.046915334,0.17708164,0.023553694,-0.08261646,0.09274251,-0.115368634,-0.07162078,0.05448507,-0.22264074,0.14176002,-0.071577854,-0.0046958704,0.12761346,0.00398536,0.01677782,0.053556476,0.03472255,-0.069420636,-0.007077116,-0.0055761146,-0.06504479,-0.11955014,0.08347056,0.2082176,0.035223063,-0.020923808,-0.20841907,0.08651178,0.0018615011,0.15852992,-0.13467495,-0.06309956,0.032070495,0.118274756,-0.17590313
TCGA-A2-A259-01A,-0.031902954,0.058185987,0.12390774,0.07338133,-0.06710932,0.15883674,-0.052891206,-0.023619547,-0.023800865,-0.053386085,-0.021104347,-0.014771415,-0.10188937,0.09507361,0.09276104,-0.098515324,0.0649507,0.13504232,0.05920131,-0.011995092,0.018539464,0.047117505,0.00617522,0.17898534,-0.07346662,-0.008195347,-0.10137243,-0.022347331,0.0115834195,-0.041444413,0.04491244,-0.009348856,-0.076929174,-0.20008105,-0.12815742,-0.14144598,-0.08154149,-0.0011520621,-0.1004099,-0.032416537,-0.08044586,-0.053403944,0.05371278,-0.007941825,0.0078391535,-0.09275379,0.049312726,0.048018686,0.14450592,0.16064373,0.08799087,0.039996855,0.08723333,0.22363594,-0.07168789,0.04268044,0.17763013,0.018740462,-0.06689387,0.083005175,0.052725475,0.0972028,-0.13201652,0.14926097,0.08579069,-0.08808181,0.17900676,-0.012100195,-0.25647882,0.0648697,-0.09222078,0.004727969,0.133695,-0.25237694,0.14266221,-0.10520446,-0.003804714,0.19058406,0.0040829326,-0.0077839633,0.056339607,0.06943146,-0.071680166,0.11167887,-0.14950727,0.05008899,0.016191497,0.14058134,0.2208185,-0.07024977,0.058522344,-0.13343637,-0.012580966,0.024565822,0.08792504,-0.0879625,-0.05042398,0.11366016,0.035328474,-0.15420955
TCGA-D8-A1XY-01A,-0.15853629,0.06814042,0.18136099,0.08627287,0.05354089,0.07766767,0.09989718,-0.050537877,0.031052846,-0.05334377,-0.025274796,0.08894413,-0.0859472,0.11965313,0.14637962,-0.028577322,0.052874878,0.15806524,0.027022723,-0.108497575,-0.037095394,0.061818644,0.011487615,0.07387456,0.036956526,0.031053815,-0.18957241,-0.0036202942,-0.07419421,-0.14301433,0.06806271,0.08037443,-0.059402533,-0.19062248,-0.120764546,-0.1631015,-0.09099821,-0.025035754,-0.08632607,-0.07560229,-0.037665382,0.026921222,0.12864141,-0.0218419,-0.08483207,-0.15833463,-0.060735535,0.06321497,0.08289552,0.1819534,0.08667021,0.23136647,-0.032636918,0.06974636,-0.16196671,0.16207735,0.00017758325,-0.035152137,-0.03774086,0.03744618,-0.06768178,0.054885875,-0.042193316,0.13401929,0.05024077,-0.16325164,0.17173436,0.06880855,0.016228264,0.12816338,-0.2438738,-0.014250141,0.108007334,-0.15123066,0.032597028,-0.059248712,0.05344864,0.020259105,0.08035979,0.074984014,0.07354031,-0.11370676,-0.05615646,0.067316465,-0.102640994,-0.0069442615,0.009868427,0.17405872,0.095379725,-0.036132127,-0.036844894,-0.18955027,0.060106568,-0.060915157,0.10623664,-0.12640399,-0.14507045,0.061560232,0.0009302026,-0.06566223
TCGA-AN-A0XU-01A,0.005119269,0.023706969,0.12301872,0.16472997,0.019564252,0.15868212,0.06127886,0.004826641,0.09523842,0.012578489,-0.043737326,0.07411543,0.027427496,0.039023705,0.16426004,-0.14225645,0.03665036,0.21345879,0.055062648,0.15361659,0.063947335,0.06801078,0.05905454,0.1319741,-0.07591772,0.109053,-0.1771364,-0.005807822,-0.04772379,-0.084121294,-0.0104883555,0.0022451389,-0.20014368,-0.116705894,-0.027637685,-0.21447107,-0.0946431,-0.19718733,-0.07929986,-0.035201456,-0.056564774,-0.013752033,0.0536902,-0.084067434,-0.063278176,-0.18723172,-0.01113158,0.04241749,0.06497817,0.12455626,0.089456856,0.18444544,0.11075101,0.10584888,-0.09692167,0.014778633,0.08328379,-0.003951932,-0.058165904,-0.0659235,-0.034009695,0.0117807835,-0.07677163,0.22189137,0.11316631,-0.058370594,0.23696789,0.12625512,-0.04242495,-0.011712246,-0.11982224,-0.13302894,0.030151077,-0.15412419,0.17622854,-0.0013972813,-0.020661728,0.1281038,-0.045794874,0.011478503,-0.0052540945,-0.02261265,-0.044728186,-0.031422194,0.06116776,-0.07635037,-0.0148616275,0.17910162,0.1481421,0.028666807,0.021471828,-0.13283794,0.06128889,-0.0036681318,0.10298902,-0.06530527,-0.10727868,0.024949327,0.083143145,-0.053482924
TCGA-4H-AAAK-01A,-0.0727958,0.0690376,0.10235432,0.089876875,-0.054840654,0.24111137,0.08876938,0.010550834,0.04614691,0.0065725795,0.047531255,-0.018594889,-0.07173637,0.2211719,0.19486134,-0.030439062,0.0104637705,0.15381789,-0.038602147,0.020498902,-0.054061927,0.032623924,0.01638687,0.08856052,-0.04857708,0.09954849,-0.1912276,-0.06674418,-0.055245303,-0.07042493,0.05866417,0.018283892,-0.09708268,-0.11523948,-0.04387669,-0.16375919,-0.08382196,-0.12033451,-0.11134339,-0.03538136,-0.040269118,0.0049884743,-0.056376163,-0.05881004,-0.040642653,-0.090086415,-0.047205243,0.031235738,0.092711285,0.18564902,0.092640825,0.19741438,0.09736225,0.11815584,-0.040447544,0.016085004,0.15303405,-0.041847315,0.03248973,-0.030528408,-0.06006841,-0.0037257073,-0.054291327,0.17869112,-0.09206981,-0.14403726,0.22621532,0.023571907,-0.13900836,0.10068175,-0.06356357,0.004965659,-0.00081810163,-0.17550638,0.051103614,-0.057356864,0.050926995,-0.0055762245,0.08238033,0.06943987,0.07832342,-0.06837588,0.0564089,-0.056175638,0.032420285,-0.04757238,-0.054396547,0.13064699,0.21417297,-0.14641356,0.061627913,-0.24647789,-0.06514082,0.007176028,0.11634662,-0.15393099,-0.078247994,-0.048942044,-0.007857733,-0.15593795
