Sample.ID,TCGA-B6-A0RU-01A,TCGA-E2-A1L7-01A,TCGA-A1-A0SP-01A,TCGA-HN-A2NL-01A,TCGA-AC-A7VC-01A,TCGA-D8-A1JG-01B,TCGA-BH-A1FC-01A,TCGA-OL-A5D7-01A,TCGA-E2-A573-01A,TCGA-BH-A1FJ-01A,TCGA-C8-A1HK-01A,TCGA-A2-A0YM-01A,TCGA-BH-A1F6-01A,TCGA-E2-A1LG-01A,TCGA-GM-A3XL-01A,TCGA-B6-A0WX-01A,TCGA-S3-AA10-01A,TCGA-AO-A0JE-01A,TCGA-GM-A2DF-01A,TCGA-D8-A1JL-01A,TCGA-D8-A1XQ-01A,TCGA-B6-A0RG-01A,TCGA-EW-A1P7-01A,TCGA-B6-A1KN-01A,TCGA-EW-A1PB-01A,TCGA-AO-A1KR-01A,TCGA-BH-A1ET-01A,TCGA-E2-A1IF-01A,TCGA-OL-A5RU-01A,TCGA-AC-A2B8-01A,TCGA-B6-A40C-01A,TCGA-A2-A25C-01A,TCGA-D8-A27E-01A,TCGA-A7-A26H-01A,TCGA-D8-A3Z6-01A,TCGA-EW-A1IZ-01A,TCGA-D8-A27L-01A,TCGA-AO-A1KT-01A,TCGA-D8-A1JJ-01A,TCGA-LD-A7W5-01A,TCGA-BH-A209-01A,TCGA-A1-A0SI-01A,TCGA-EW-A1IX-01A,TCGA-A2-A259-01A,TCGA-GM-A5PX-01A,TCGA-E9-A1NG-01A,TCGA-D8-A27W-01A,TCGA-BH-A0HI-01A,TCGA-EW-A1OX-01A,TCGA-B6-A0WY-01A,TCGA-B6-A0RP-01A,TCGA-D8-A73X-01A,TCGA-AR-A5QM-01A,TCGA-D8-A1JE-01A,TCGA-AC-A2FB-01A,TCGA-AO-A03L-01A,TCGA-AC-A8OP-01A,TCGA-A7-A13E-01A,TCGA-EW-A2FS-01A,TCGA-AR-A24O-01A,TCGA-AO-A0JG-01A,TCGA-AN-A0XW-01A,TCGA-OL-A5RV-01A,TCGA-A2-A0T5-01A,TCGA-B6-A0RV-01A,TCGA-D8-A1XJ-01A,TCGA-A1-A0SF-01A,TCGA-LL-A73Z-01A,TCGA-A2-A1FV-01A,TCGA-BH-A0HB-01A,TCGA-W8-A86G-01A,TCGA-BH-A0H6-01A,TCGA-D8-A27K-01A,TCGA-E2-A1IU-01A,TCGA-OL-A66J-01A,TCGA-LL-A5YM-01A,TCGA-GM-A5PV-01A,TCGA-AR-A24R-01A,TCGA-EW-A1IY-01A,TCGA-Z7-A8R5-01A,TCGA-A2-A0YH-01A,TCGA-LL-A7SZ-01A,TCGA-A7-A5ZW-01A,TCGA-OL-A66H-01A,TCGA-BH-A0C0-01A,TCGA-LL-A8F5-01A,TCGA-B6-A0WV-01A,TCGA-BH-A1ES-01A,TCGA-D8-A1XG-01A,TCGA-A2-A0YG-01A,TCGA-AR-A0TT-01A,TCGA-A2-A25A-01A,TCGA-D8-A1XM-01A,TCGA-BH-A201-01A,TCGA-E9-A1NA-01A,TCGA-A2-A0YL-01A,TCGA-B6-A401-01A,TCGA-A2-A3Y0-01A,TCGA-A8-A08O-01A,TCGA-A2-A1FX-01A,TCGA-D8-A1X5-01A,TCGA-LL-A50Y-01A,TCGA-LL-A5YL-01A,TCGA-A7-A0D9-01A,TCGA-AR-A0TQ-01A,TCGA-AR-A2LQ-01A,TCGA-D8-A1XZ-01A,TCGA-E9-A1N4-01A,TCGA-S3-A6ZG-01A,TCGA-A1-A0SG-01A,TCGA-BH-A0H7-01A,TCGA-A2-A0YD-01A,TCGA-BH-A8G0-01A,TCGA-S3-AA17-01A,TCGA-D8-A1JC-01A,TCGA-AC-A23H-01A,TCGA-EW-A1OZ-01A,TCGA-C8-A275-01A,TCGA-E9-A1N3-01A,TCGA-E9-A1R4-01A,TCGA-E9-A1RF-01A,TCGA-E9-A245-01A,TCGA-E9-A1R3-01A,TCGA-E9-A24A-01A,TCGA-E9-A1QZ-01A
TCGA-B6-A0RU-01A,0,0.987654320987654,0.971830985915493,1,0.978723404255319,1,0.982300884955752,0.986111111111111,0.986301369863014,1,0.974358974358974,1,0.981132075471698,1,0.981818181818182,0.982758620689655,1,0.985714285714286,0.985074626865672,0.990990990990991,0.993410214168039,1,1,0.974683544303798,0.985815602836879,0.987951807228916,1,1,1,1,0.982456140350877,1,1,1,1,0.992337164750958,1,1,0.988636363636364,0.983606557377049,1,0.994565217391304,1,1,1,1,1,1,1,1,1,0.983050847457627,1,1,1,0.982456140350877,1,0.986486486486486,0.981132075471698,1,1,0.992537313432836,1,1,1,0.989473684210526,0.986301369863014,1,1,1,1,1,0.979591836734694,1,1,1,1,1,1,1,0.978947368421053,1,1,1,1,0.985294117647059,1,1,1,0.986486486486486,1,0.995884773662551,1,1,0.99009900990099,1,0.980392156862745,0.987730061349693,1,1,0.985074626865672,1,1,1,1,1,0.989473684210526,1,1,1,0.987012987012987,1,1,1,1,0.995480955455132,0.987012987012987,0.983606557377049,1,1,1,1,1,1,1
TCGA-E2-A1L7-01A,0.987654320987654,0,0.988095238095238,1,0.983050847457627,1,0.992063492063492,0.988095238095238,0.988235294117647,1,0.989010989010989,0.990196078431373,0.984615384615385,1,0.991869918699187,0.985714285714286,1,0.975308641975309,0.987341772151899,0.991869918699187,0.993537964458804,1,1,0.978021978021978,0.986928104575163,1,1,1,1,1,1,1,1,0.992307692307692,1,0.992673992673993,1,1,0.97979797979798,0.986301369863014,1,0.994897959183674,1,1,1,1,0.986666666666667,1,1,1,1,1,1,1,1,0.970588235294118,0.993103448275862,0.988372093023256,1,1,1,0.992857142857143,1,1,1,0.990654205607477,1,1,1,1,1,1,1,1,1,1,1,1,0.983870967741936,1,0.990740740740741,0.987951807228916,1,1,0.983739837398374,0.993288590604027,1,1,1,0.976470588235294,1,1,1,1,1,1,0.984126984126984,0.988571428571429,0.984375,1,0.974358974358974,1,1,0.983870967741936,0.985507246376812,1,0.990654205607477,1,1,1,0.98876404494382,1,1,1,1,0.995175297523319,0.98876404494382,0.992592592592593,1,1,0.993506493506494,1,1,1,1
TCGA-A1-A0SP-01A,0.971830985915493,0.988095238095238,0,1,0.98,1,0.991452991452991,0.986666666666667,0.986842105263158,1,0.975308641975309,0.989247311827957,0.982142857142857,1,0.991228070175439,0.983606557377049,1,0.986301369863014,0.985714285714286,0.991228070175439,0.995090016366612,0.988235294117647,1,0.975609756097561,0.986111111111111,0.988372093023256,1,1,1,1,1,1,1,0.991735537190083,1,1,1,0.985507246376812,0.989010989010989,0.984375,1,0.989247311827957,1,0.981132075471698,1,1,0.984848484848485,1,1,1,1,1,1,1,1,0.983333333333333,1,0.96,0.963636363636364,1,1,0.996323529411765,1,1,0.985074626865672,0.989795918367347,1,1,0.984126984126984,1,1,1,1,1,1,1,1,1,1,1,0.98989898989899,1,1,1,1,0.992857142857143,1,1,1,0.987012987012987,1,0.995934959349593,1,1,1,1,0.981481481481481,0.987951807228916,1,1,0.985714285714286,1,0.987951807228916,1,1,1,0.989795918367347,1,1,1,0.9875,1,1,0.990476190476191,1,0.995809155383624,0.9875,0.984,1,0.992307692307692,0.993103448275862,1,1,1,1
TCGA-HN-A2NL-01A,1,1,1,0,1,0.97972972972973,1,0.989130434782609,1,1,0.98989898989899,1,1,0.993975903614458,1,1,0.992805755395683,0.988888888888889,1,1,0.996820349761526,0.990196078431373,0.984615384615385,1,1,1,1,1,1,0.983606557377049,1,0.987341772151899,1,0.992753623188406,1,0.99645390070922,1,1,1,1,1,0.990147783251231,1,1,1,1,1,0.986842105263158,1,0.986486486486486,0.986486486486486,1,0.986486486486486,1,1,1,0.986842105263158,1,1,1,1,0.993055555555556,1,1,1,0.973451327433628,1,1,1,1,1,1,1,1,1,1,1,1,1,1,0.991379310344828,0.989010989010989,1,1,1,0.993630573248408,0.986301369863014,0.985915492957746,1,1,1,0.99236641221374,0.98936170212766,1,0.991735537190083,1,1,0.989071038251366,1,1,1,1,1,1,0.987012987012987,1,0.982456140350877,1,1,0.986666666666667,0.989690721649485,1,1,0.983471074380165,1,0.99454253611557,0.979166666666667,1,0.986666666666667,0.986301369863014,0.987577639751553,1,1,1,1
TCGA-AC-A7VC-01A,0.978723404255319,0.983050847457627,0.98,1,0,0.990740740740741,0.989130434782609,0.98,0.980392156862745,1,0.964285714285714,1,0.967741935483871,1,0.98876404494382,0.972222222222222,0.989690721649485,0.979166666666667,0.977777777777778,0.98876404494382,0.993162393162393,1,1,0.982758620689655,0.991666666666667,1,1,1,1,1,1,1,1,0.989583333333333,1,1,1,1,0.984848484848485,0.974358974358974,1,0.98125,1,1,1,1,1,0.970588235294118,1,1,1,1,1,1,1,0.971428571428571,1,0.980769230769231,1,1,1,0.995951417004049,1,1,1,0.986301369863014,1,1,1,1,1,1,1,1,1,1,1,1,1,1,0.986486486486486,1,1,1,1,0.991304347826087,1,1,1,0.980769230769231,1,0.995475113122172,1,1,1,1,0.96551724137931,0.992957746478873,1,1,0.977777777777778,1,1,1,1,1,0.986301369863014,1,1,1,0.981818181818182,0.98,1,1,1,0.999028182701652,0.981818181818182,0.98,1,1,1,1,1,1,1
TCGA-D8-A1JG-01B,1,1,1,0.97972972972973,0.990740740740741,0,0.988505747126437,0.992481203007519,1,1,0.985611510791367,1,1,1,0.994186046511628,1,0.994444444444444,0.99236641221374,1,1,0.989473684210526,1,0.990566037735849,1,1,1,0.991150442477876,1,0.991452991452991,0.99390243902439,0.991525423728813,0.991666666666667,1,0.98876404494382,0.991071428571429,0.993788819875776,1,1,0.993288590604027,1,1,0.987654320987654,0.991596638655462,1,1,1,1,0.991452991452991,1,1,0.991304347826087,1,0.982456140350877,1,1,1,0.989637305699482,1,1,1,1,0.990853658536585,1,1,1,0.993589743589744,1,1,1,1,1,1,1,1,0.985185185185185,0.990740740740741,1,1,1,1,0.980645161290323,0.976923076923077,1,1,1,0.984693877551021,1,0.991071428571429,1,0.992592592592593,1,0.99671052631579,0.992592592592593,1,0.987577639751553,1,1,0.995555555555556,1,1,1,1,1,0.990990990990991,1,0.99009900990099,0.993589743589744,1,1,0.991379310344828,1,0.992481203007519,1,0.981366459627329,0.993788819875776,0.991417673235855,0.985401459854015,0.994565217391304,0.991379310344828,0.99468085106383,0.995073891625616,1,1,1,1
TCGA-BH-A1FC-01A,0.982300884955752,0.992063492063492,0.991452991452991,1,0.989130434782609,0.988505747126437,0,0.991452991452991,0.991525423728813,1,0.991935483870968,0.985074626865672,0.989795918367347,0.994764397905759,1,0.990291262135922,1,0.991304347826087,0.991071428571429,0.993589743589744,0.992319508448541,0.992125984251969,0.988888888888889,0.983870967741936,0.994652406417112,0.9921875,1,1,1,0.986394557823129,0.990196078431373,1,1,0.993865030674847,1,0.990163934426229,1,1,0.984848484848485,0.980952380952381,1,0.991228070175439,0.990291262135922,1,1,1,1,1,1,0.98989898989899,1,0.980582524271845,1,1,1,0.990196078431373,0.988700564971751,0.983050847457627,0.979381443298969,1,1,0.993610223642172,1,1,0.990825688073395,0.992857142857143,1,1,1,1,1,1,1,1,0.991666666666667,1,1,1,1,1,0.985714285714286,1,1,1,0.987179487179487,0.994505494505495,1,1,1,0.991596638655462,0.991596638655462,0.996527777777778,1,1,1,0.989690721649485,0.989583333333333,0.985507246376812,1,1,0.991071428571429,0.99009900990099,0.983870967741936,1,1,1,0.992857142857143,1,1,1,0.991803278688525,1,1,1,1,0.993945188017846,0.983471074380165,0.994047619047619,0.99,0.994186046511628,0.989247311827957,1,1,1,1
TCGA-OL-A5D7-01A,0.986111111111111,0.988095238095238,0.986666666666667,0.989130434782609,0.98,0.992481203007519,0.991452991452991,0,0.986842105263158,1,0.987804878048781,1,0.982142857142857,1,0.991228070175439,0.983606557377049,1,0.972222222222222,0.971014492753623,0.991228070175439,0.996732026143791,1,0.979166666666667,0.987951807228916,0.993103448275862,1,1,1,1,0.990566037735849,1,0.983870967741936,1,1,1,0.99622641509434,1,1,0.989010989010989,0.984375,0.989583333333333,0.994652406417112,1,1,1,1,1,0.983050847457627,1,1,0.982456140350877,1,1,1,1,0.966101694915254,0.992647058823529,0.987012987012987,1,1,1,0.992619926199262,1,1,1,0.96875,1,1,1,1,1,1,1,1,0.987179487179487,1,0.981132075471698,1,1,1,0.969072164948454,0.986486486486486,1,1,1,0.978260869565217,1,0.981481481481481,1,0.973684210526316,1,0.995934959349593,0.987012987012987,1,1,1,0.981481481481481,0.987951807228916,1,1,0.985714285714286,1,1,0.981132075471698,1,1,0.96875,1,0.984375,1,0.9875,0.986666666666667,1,0.990476190476191,1,0.997102382485512,0.9875,0.992063492063492,1,0.992307692307692,0.986111111111111,1,1,1,1
TCGA-E2-A573-01A,0.986301369863014,0.988235294117647,0.986842105263158,1,0.980392156862745,1,0.991525423728813,0.986842105263158,0,0.982142857142857,0.987951807228916,1,0.982456140350877,1,0.991304347826087,0.983870967741936,1,0.986486486486486,0.985915492957746,0.991304347826087,0.995098039215686,0.988372093023256,1,0.975903614457831,0.993150684931507,1,1,1,1,1,1,1,1,1,1,0.992452830188679,1,1,0.989130434782609,0.984615384615385,1,0.99468085106383,0.983870967741936,1,1,1,1,1,1,1,1,1,1,1,1,0.983606557377049,1,0.987179487179487,1,0.981481481481481,1,0.996336996336996,1,1,1,0.98989898989899,1,1,1,1,0.979166666666667,1,1,1,1,1,1,1,0.981481481481481,1,0.99,1,1,1,1,0.99290780141844,1,1,1,0.987179487179487,1,0.991869918699187,1,1,0.990476190476191,1,0.981818181818182,0.975757575757576,1,1,0.985915492957746,1,1,0.981481481481481,1,1,0.979591836734694,1,1,1,0.987654320987654,0.986842105263158,1,1,1,0.996134020618557,0.987654320987654,0.984126984126984,1,1,1,1,0.982142857142857,1,1
TCGA-BH-A1FJ-01A,1,1,1,1,1,1,1,1,0.982142857142857,0,1,1,1,0.992248062015504,1,1,1,1,1,0.98936170212766,1,1,1,1,1,1,1,1,1,1,1,1,1,1,1,1,1,0.979591836734694,0.985915492957746,0.977272727272727,0.986842105263158,1,1,1,1,1,1,1,1,1,0.972972972972973,1,1,1,1,1,0.991379310344828,1,1,1,1,1,1,1,1,1,0.982142857142857,1,1,1,1,1,1,1,1,1,1,1,1,1,1,1,1,1,1,1,1,1,1,1,1,0.991111111111111,1,1,1,1,1,1,1,1,1,1,0.984126984126984,1,1,1,1,1,1,1,1,1,1,1,0.987951807228916,0.997408487204406,1,1,1,1,0.992,1,0.971428571428571,1,1
TCGA-C8-A1HK-01A,0.974358974358974,0.989010989010989,0.975308641975309,0.98989898989899,0.964285714285714,0.985611510791367,0.991935483870968,0.987804878048781,0.987951807228916,1,0,1,0.984126984126984,1,1,0.985294117647059,0.992248062015504,0.9875,0.987012987012987,0.991735537190083,0.995145631067961,1,1,0.988888888888889,0.986754966887417,0.989247311827957,1,1,1,0.991150442477876,1,1,1,0.9921875,1,1,1,1,0.979381443298969,0.971428571428571,0.990291262135922,0.994845360824742,1,1,1,1,1,1,1,1,1,1,1,0.985507246376812,1,0.985074626865672,0.993006993006993,0.988095238095238,1,1,1,1,1,1,1,0.990476190476191,1,1,1,1,1,1,1,1,1,1,1,1,1,1,0.990566037735849,1,1,0.982456140350877,1,0.993197278911565,1,1,1,0.988095238095238,1,1,1,1,1,1,0.983606557377049,0.982558139534884,1,1,0.987012987012987,1,1,1,1,1,0.990476190476191,1,1,1,0.988505747126437,1,0.980392156862745,1,0.990909090909091,0.996141479099678,0.988505747126437,0.992481203007519,1,1,1,1,1,1,1
TCGA-A2-A0YM-01A,1,0.990196078431373,0.989247311827957,1,1,1,0.985074626865672,1,1,1,1,0,1,0.994011976047904,1,1,0.985611510791367,1,1,0.984732824427481,0.990415335463259,0.990291262135922,1,0.99009900990099,1,0.990384615384615,1,1,1,1,1,1,1,0.992805755395683,1,0.996466431095406,1,1,0.990825688073395,1,1,0.995121951219512,1,1,1,1,1,1,1,1,1,1,1,1,1,1,0.986928104575163,1,1,1,1,0.996551724137931,1,1,0.988235294117647,0.991379310344828,1,1,1,1,1,1,1,1,1,1,1,1,1,1,1,1,0.986111111111111,1,1,0.993670886075949,1,1,1,1,1,0.996212121212121,1,1,1,1,1,1,1,1,1,0.987012987012987,1,1,1,1,1,1,1,1,1,1,1,0.983606557377049,0.991735537190083,0.994866859159448,1,1,1,1,0.981366459627329,1,1,1,1
TCGA-BH-A1F6-01A,0.981132075471698,0.984615384615385,0.982142857142857,1,0.967741935483871,1,0.989795918367347,0.982142857142857,0.982456140350877,1,0.984126984126984,1,0,0.992307692307692,1,0.976190476190476,1,0.981481481481481,0.980392156862745,0.989473684210526,0.994932432432432,1,1,0.984375,0.992063492063492,1,1,1,1,1,1,1,1,0.990196078431373,1,0.995934959349593,1,1,0.986111111111111,0.977777777777778,0.987012987012987,0.994047619047619,1,1,1,1,1,1,1,1,1,1,1,1,1,0.975609756097561,1,0.982758620689655,1,1,1,1,1,1,1,0.974358974358974,1,1,0.977272727272727,1,1,1,0.96969696969697,1,1,1,1,1,1,1,0.9875,1,1,1,1,0.991735537190083,1,1,1,0.982758620689655,1,1,1,1,1,1,0.971428571428571,0.993243243243243,1,1,0.980392156862745,1,1,1,1,1,0.987341772151899,1,1,1,0.983606557377049,1,1,0.988372093023256,1,0.998382400517632,0.983606557377049,0.990654205607477,1,1,1,1,1,1,1
TCGA-E2-A1LG-01A,1,1,1,0.993975903614458,1,1,0.994764397905759,1,1,0.992248062015504,1,0.994011976047904,0.992307692307692,0,1,1,1,0.979310344827586,1,0.99468085106383,0.992679355783309,0.993710691823899,1,0.993630573248408,0.986175115207373,0.99375,1,1,1,1,1,1,1,1,1,0.985074626865672,0.993006993006993,1,0.987804878048781,1,0.994117647058824,0.988416988416988,0.992592592592593,0.992125984251969,1,1,1,0.992481203007519,0.991525423728813,0.984615384615385,0.99236641221374,1,1,1,1,1,0.985576923076923,1,1,1,0.992,0.985380116959064,1,1,1,0.994186046511628,0.993333333333333,1,1,0.992537313432836,0.991735537190083,1,0.992063492063492,1,0.993421052631579,1,1,1,1,1,0.994219653179191,0.993243243243243,0.9921875,0.991935483870968,0.994708994708995,1,1,0.9921875,1,1,0.986666666666667,1,1,0.992,1,0.992248062015504,1,0.995850622406639,1,1,1,0.992481203007519,0.987179487179487,1,1,1,1,1,1,1,0.993506493506494,0.993288590604027,1,1,0.982857142857143,0.990503323836657,1,0.989949748743719,1,0.995098039215686,0.986175115207373,1,1,1,1
TCGA-GM-A3XL-01A,0.981818181818182,0.991869918699187,0.991228070175439,1,0.98876404494382,0.994186046511628,1,0.991228070175439,0.991304347826087,1,1,1,1,1,0,1,1,1,1,0.993464052287582,0.990726429675425,0.991935483870968,1,0.991803278688525,1,0.992,1,1,0.979381443298969,1,1,1,1,0.99375,1,0.993399339933993,1,1,0.984496124031008,1,1,1,1,1,1,0.988888888888889,1,0.989795918367347,1,1,1,0.98,1,1,1,1,1,1,1,1,1,0.973684210526316,1,1,1,0.992700729927007,1,1,1,1,1,1,0.989010989010989,0.989130434782609,1,1,1,1,0.978021978021978,1,1,1,1,1,1,0.983050847457627,1,1,1,0.991379310344828,0.991379310344828,0.996491228070175,1,1,1,1,1,0.990243902439024,1,1,0.990825688073395,1,0.991803278688525,0.989130434782609,1,1,1,1,1,1,1,0.982300884955752,1,0.993055555555556,1,0.99265410412009,1,0.993939393939394,1,0.994082840236686,1,1,1,0.989583333333333,1
TCGA-B6-A0WX-01A,0.982758620689655,0.985714285714286,0.983606557377049,1,0.972222222222222,1,0.990291262135922,0.983606557377049,0.983870967741936,1,0.985294117647059,1,0.976190476190476,1,1,0,1,0.983050847457627,0.982142857142857,0.99,0.998330550918197,1,1,0.985507246376812,0.99236641221374,1,1,1,1,1,1,1,1,0.990654205607477,0.975,0.99601593625498,1,1,0.987012987012987,0.959183673469388,1,0.994219653179191,1,1,1,1,1,0.977777777777778,1,1,1,1,1,1,1,0.978260869565217,1,0.984126984126984,1,1,1,1,1,1,1,0.988095238095238,1,1,1,1,1,1,1,1,1,1,1,1,1,1,0.988235294117647,1,1,1,1,0.992063492063492,1,1,1,0.984126984126984,1,0.991341991341991,1,1,1,1,0.975,0.993464052287582,1,1,0.982142857142857,1,1,1,1,1,0.988095238095238,1,1,1,0.969230769230769,1,1,1,1,0.998061389337641,0.984848484848485,0.991071428571429,1,1,0.99236641221374,1,1,1,1
TCGA-S3-AA10-01A,1,1,1,0.992805755395683,0.989690721649485,0.994444444444444,1,1,1,1,0.992248062015504,0.985611510791367,1,1,1,1,0,1,1,0.993788819875776,0.987748851454824,0.992424242424242,1,1,0.984210526315789,1,1,1,1,0.993464052287582,1,1,1,0.994047619047619,1,0.990322580645161,1,1,1,1,1,0.991416309012876,1,0.99,1,1,1,0.990566037735849,1,0.990384615384615,1,1,1,1,1,1,0.994535519125683,0.991935483870968,0.990291262135922,1,1,0.993710691823899,1,1,1,1,0.983606557377049,0.990825688073395,1,1,1,1,1,1,0.992,1,1,1,1,1,1,1,1,1,0.993827160493827,1,1,1,0.989583333333333,0.991935483870968,1,0.996587030716723,1,1,1,1,1,0.995327102803738,1,1,0.991452991452991,1,1,1,0.990654205607477,1,1,0.990196078431373,1,0.990476190476191,1,0.991803278688525,1,0.993421052631579,1,0.991387559808613,1,0.994219653179191,1,1,0.994791666666667,0.989583333333333,1,1,1
TCGA-AO-A0JE-01A,0.985714285714286,0.975308641975309,0.986301369863014,0.988888888888889,0.979166666666667,0.99236641221374,0.991304347826087,0.972222222222222,0.986486486486486,1,0.9875,1,0.981481481481481,0.979310344827586,1,0.983050847457627,1,0,0.970149253731343,0.991071428571429,0.986754966887417,0.987951807228916,0.978260869565217,0.987654320987654,0.993006993006993,0.975903614457831,0.981132075471698,0.978723404255319,1,0.980582524271845,1,0.966101694915254,1,0.983050847457627,0.980769230769231,0.99236641221374,0.96969696969697,1,0.96551724137931,0.983870967741936,1,0.983606557377049,0.983050847457627,0.980392156862745,1,0.979591836734694,1,0.964285714285714,1,1,0.943396226415094,0.983333333333333,0.981818181818182,0.983333333333333,1,0.964912280701754,0.984962406015038,0.986666666666667,1,0.980392156862745,0.979591836734694,0.988805970149254,1,1,1,0.978947368421053,0.986486486486486,1,1,1,1,1,1,1,1,1,1,1,1,0.98,0.968421052631579,0.986111111111111,0.96078431372549,0.979166666666667,1,0.977941176470588,1,0.96078431372549,1,0.972972972972973,1,0.991769547325103,0.986666666666667,1,1,0.961538461538461,0.96078431372549,0.98159509202454,0.981132075471698,1,0.970149253731343,0.964285714285714,1,0.980392156862745,1,1,0.956989247311828,1,1,1,0.987179487179487,0.986301369863014,1,1,1,0.995806451612903,0.987179487179487,0.991935483870968,1,0.984251968503937,0.993006993006993,1,0.981132075471698,1,1
TCGA-GM-A2DF-01A,0.985074626865672,0.987341772151899,0.985714285714286,1,0.977777777777778,1,0.991071428571429,0.971014492753623,0.985915492957746,1,0.987012987012987,1,0.980392156862745,1,1,0.982142857142857,1,0.970149253731343,0,0.990825688073395,0.995049504950495,1,1,0.987179487179487,0.992857142857143,1,1,1,1,1,1,1,1,1,1,0.996153846153846,1,1,0.988372093023256,0.983050847457627,1,0.994505494505495,1,1,0.980769230769231,1,1,1,1,1,1,1,0.980769230769231,1,1,0.981818181818182,0.99236641221374,0.986111111111111,1,1,1,1,1,1,0.983870967741936,0.989247311827957,1,1,1,1,1,1,1,1,1,1,1,1,1,1,0.98936170212766,1,1,1,1,0.992592592592593,1,1,1,0.971830985915493,1,0.995850622406639,1,0.978260869565217,1,1,0.979591836734694,0.987577639751553,1,0.981481481481481,0.984615384615385,1,1,1,1,1,0.978260869565217,1,0.983050847457627,1,0.986666666666667,1,1,1,1,0.997097710415995,0.986666666666667,0.991735537190083,1,0.992,1,0.977272727272727,1,1,1
TCGA-D8-A1JL-01A,0.990990990990991,0.991869918699187,0.991228070175439,1,0.98876404494382,1,0.993589743589744,0.991228070175439,0.991304347826087,0.98936170212766,0.991735537190083,0.984732824427481,0.989473684210526,0.99468085106383,0.993464052287582,0.99,0.993788819875776,0.991071428571429,0.990825688073395,0,0.995384615384615,1,1,0.991803278688525,0.983516483516483,0.983870967741936,1,1,1,0.993103448275862,1,1,1,0.99375,1,0.990066225165563,0.990740740740741,1,0.992307692307692,0.980392156862745,0.985074626865672,0.986607142857143,1,1,1,1,1,1,1,1,1,1,1,1,1,0.98989898989899,0.988505747126437,0.991379310344828,1,1,1,0.987012987012987,1,1,1,0.985294117647059,1,1,0.990196078431373,0.98989898989899,1,1,1,1,1,1,1,1,1,1,0.992753623188406,1,1,1,1,0.98876404494382,1,0.989247311827957,1,0.982608695652174,1,0.996491228070175,1,1,0.993006993006993,0.98936170212766,0.989247311827957,0.990243902439024,1,1,0.981481481481481,1,1,1,1,0.987804878048781,0.992700729927007,1,0.990291262135922,1,0.991596638655462,1,1,0.993055555555556,0.978571428571428,0.993297159272263,0.991596638655462,0.993939393939394,1,1,0.994565217391304,1,1,1,0.989130434782609
TCGA-D8-A1XQ-01A,0.993410214168039,0.993537964458804,0.995090016366612,0.996820349761526,0.993162393162393,0.989473684210526,0.992319508448541,0.996732026143791,0.995098039215686,1,0.995145631067961,0.990415335463259,0.994932432432432,0.992679355783309,0.990726429675425,0.998330550918197,0.987748851454824,0.986754966887417,0.995049504950495,0.995384615384615,0,0.995169082125604,0.996581196581197,0.995153473344103,0.988165680473373,0.995176848874598,0.998313659359191,0.998296422487223,0.991568296795953,0.990610328638498,0.99496644295302,0.998333333333333,0.998284734133791,0.986175115207373,1,0.979695431472081,0.996699669966997,0.99504132231405,0.992,0.998338870431894,0.992063492063492,0.993065187239944,0.996655518394649,0.998307952622674,0.998319327731092,0.99830220713073,1,0.994957983193277,1,1,0.996632996632997,0.994983277591973,1,0.996661101836394,0.998287671232877,0.998327759197324,0.992537313432836,0.993464052287582,0.996627318718381,0.998307952622674,0.996598639455782,0.979874213836478,1,1,1,0.992088607594937,0.99673735725938,0.998333333333333,0.994991652754591,1,1,0.998299319727891,0.998305084745763,0.996610169491525,0.998376623376623,0.998299319727891,1,0.996598639455782,1,0.998305084745763,0.992101105845182,0.995081967213115,0.998310810810811,0.996592844974446,1,0.989583333333333,1,0.998310810810811,1,0.99510603588907,1,0.98578811369509,0.998373983739837,0.99830220713073,0.9953125,1,0.998310810810811,0.987087517934003,0.998313659359191,0.998324958123953,0.993388429752066,1,0.995153473344103,1,0.996649916247906,1,0.996850393700787,1,0.996672212978369,1,0.9967585089141,0.996732026143791,1,0.992175273865415,0.987381703470031,0.94786866359447,0.998381877022654,0.987823439878234,0.996638655462185,0.984825493171472,0.992636229749632,1,0.998313659359191,0.998319327731092,0.998307952622674
TCGA-B6-A0RG-01A,1,1,0.988235294117647,0.990196078431373,1,1,0.992125984251969,1,0.988372093023256,1,1,0.990291262135922,1,0.993710691823899,0.991935483870968,1,0.992424242424242,0.987951807228916,1,1,0.995169082125604,0,1,1,0.993548387096774,0.989583333333333,0.984615384615385,0.983050847457627,1,0.982608695652174,1,0.986111111111111,1,0.99236641221374,0.984375,0.996363636363636,0.987341772151899,1,0.99009900990099,1,0.990566037735849,0.989795918367347,0.985915492957746,1,1,0.983606557377049,0.986842105263158,0.985507246376812,1,1,0.985074626865672,0.971830985915493,0.96969696969697,0.986111111111111,1,0.985714285714286,1,0.988505747126437,0.953125,0.984126984126984,1,1,1,1,0.987012987012987,1,1,1,1,1,1,1,1,1,1,1,1,1,0.984126984126984,0.983870967741936,0.990825688073395,1,0.984375,1,0.992,0.993333333333333,1,1,1,1,1,0.992156862745098,0.988505747126437,1,0.991228070175439,0.984615384615385,0.968253968253968,0.994350282485876,0.984615384615385,1,1,0.985507246376812,0.989247311827957,0.984126984126984,0.985714285714286,1,1,1,1,1,1,1,1,1,1,0.993234536082474,0.988888888888889,1,1,0.992857142857143,0.993548387096774,1,0.984615384615385,1,1
TCGA-EW-A1P7-01A,1,1,1,0.984615384615385,1,0.990566037735849,0.988888888888889,0.979166666666667,1,1,1,1,1,1,1,1,1,0.978260869565217,1,1,0.996581196581197,1,0,1,1,1,1,1,1,0.987341772151899,1,0.971428571428571,1,1,1,0.995798319327731,1,1,1,1,1,1,1,1,1,1,1,0.96875,1,1,0.966666666666667,1,1,1,1,1,0.990825688073395,1,1,1,1,0.995918367346939,1,1,1,0.985915492957746,1,1,1,1,1,1,1,1,1,1,1,1,1,1,0.986111111111111,0.978723404255319,1,1,1,0.991150442477876,1,0.962962962962963,1,1,1,1,1,1,1,1,1,0.985611510791367,1,1,1,1,1,1,1,1,0.985915492957746,1,1,1,1,1,1,0.987179487179487,0.986842105263158,0.99902755267423,1,1,1,0.990291262135922,0.991525423728813,1,1,1,1
TCGA-B6-A1KN-01A,0.974683544303798,0.978021978021978,0.975609756097561,1,0.982758620689655,1,0.983870967741936,0.987951807228916,0.975903614457831,1,0.988888888888889,0.99009900990099,0.984375,0.993630573248408,0.991803278688525,0.985507246376812,1,0.987654320987654,0.987179487179487,0.991803278688525,0.995153473344103,1,1,0,0.980132450331126,1,1,1,1,1,0.985294117647059,1,1,1,0.983870967741936,1,1,1,0.98989898989899,0.986111111111111,0.990384615384615,0.989690721649485,1,1,1,1,1,1,1,1,1,1,1,1,1,0.985294117647059,1,0.988235294117647,0.984375,1,1,0.992831541218638,1,1,1,0.990566037735849,1,1,1,1,1,1,1,1,1,1,1,1,1,1,0.990654205607477,1,1,0.982758620689655,1,0.993243243243243,1,1,1,0.988235294117647,1,0.996062992125984,1,1,1,1,0.983870967741936,0.982658959537572,1,1,0.987179487179487,1,1,1,1,1,0.980952380952381,1,1,1,0.988636363636364,1,0.980769230769231,1,1,0.996787664632188,0.988636363636364,0.992537313432836,1,1,1,1,1,1,1
TCGA-EW-A1PB-01A,0.985815602836879,0.986928104575163,0.986111111111111,1,0.991666666666667,1,0.994652406417112,0.993103448275862,0.993150684931507,1,0.986754966887417,1,0.992063492063492,0.986175115207373,1,0.99236641221374,0.984210526315789,0.993006993006993,0.992857142857143,0.983516483516483,0.988165680473373,0.993548387096774,1,0.980132450331126,0,0.993589743589744,1,1,1,1,1,1,1,0.994764397905759,1,0.997014925373134,0.992805755395683,1,0.993788819875776,0.992537313432836,0.993975903614458,0.9921875,1,1,1,1,1,1,0.991228070175439,1,1,1,1,1,1,0.984496124031008,0.980295566502463,0.986301369863014,1,1,1,1,1,1,1,0.988023952095808,1,1,1,1,1,0.991666666666667,0.991803278688525,1,1,1,1,1,1,1,0.994082840236686,1,1,1,0.994594594594595,0.980676328502416,1,1,1,0.986301369863014,1,0.987220447284345,1,1,0.982558139534884,1,0.991935483870968,0.987234042553191,1,1,0.992857142857143,0.992248062015504,1,0.991869918699187,0.992307692307692,1,0.994047619047619,1,0.992537313432836,1,0.986577181208054,1,1,0.994285714285714,0.994219653179191,0.989530456852792,0.986577181208054,0.994897959183674,1,0.995,0.985915492957746,1,1,1,1
TCGA-AO-A1KR-01A,0.987951807228916,1,0.988372093023256,1,1,1,0.9921875,1,1,1,0.989247311827957,0.990384615384615,1,0.99375,0.992,1,1,0.975903614457831,1,0.983870967741936,0.995176848874598,0.989583333333333,1,1,0.993589743589744,0,0.984848484848485,0.983333333333333,1,0.991452991452991,1,0.986301369863014,1,0.984732824427481,0.984615384615385,0.992727272727273,0.9875,1,0.990196078431373,1,1,0.994949494949495,0.986111111111111,1,1,0.967213114754098,1,0.985714285714286,1,1,0.985294117647059,0.986301369863014,0.985294117647059,0.986301369863014,1,0.985915492957746,1,0.977011494252874,1,0.984375,1,0.996466431095406,1,1,1,0.990825688073395,0.988505747126437,1,1,1,1,1,1,1,1,1,1,1,1,0.984126984126984,0.981651376146789,1,0.984615384615385,1,1,0.986666666666667,1,1,1,0.977011494252874,1,0.9921875,0.988636363636364,1,0.991304347826087,0.984848484848485,0.984615384615385,0.988700564971751,0.984848484848485,1,1,0.971014492753623,1,0.984375,1,1,0.990825688073395,1,1,1,1,0.988372093023256,1,1,1,0.995178399228544,1,0.992700729927007,1,0.99290780141844,0.993589743589744,1,0.984848484848485,1,1
TCGA-BH-A1ET-01A,1,1,1,1,1,0.991150442477876,1,1,1,1,1,1,1,1,1,1,1,0.981132075471698,1,1,0.998313659359191,0.984615384615385,1,1,1,0.984848484848485,0,0.96551724137931,1,0.988372093023256,1,0.976190476190476,1,0.99009900990099,0.970588235294118,0.995918367346939,0.979591836734694,1,0.985915492957746,1,1,0.987951807228916,0.975609756097561,1,1,0.967741935483871,1,0.974358974358974,1,1,0.972972972972973,0.976190476190476,0.972972972972973,0.976190476190476,1,0.975,1,1,1,0.96969696969697,1,0.996031746031746,1,1,1,1,1,1,1,1,1,1,1,1,1,1,1,1,1,0.96875,0.987341772151899,0.981481481481481,0.970588235294118,1,1,1,1,1,1,1,1,0.991111111111111,0.982456140350877,1,1,0.971428571428571,0.970588235294118,1,0.971428571428571,1,1,0.974358974358974,1,0.96969696969697,1,1,1,1,1,1,1,1,1,1,1,0.998381877022654,1,0.990566037735849,1,0.990909090909091,1,1,0.971428571428571,1,1
TCGA-E2-A1IF-01A,1,1,1,1,1,1,1,1,1,1,1,1,1,1,1,1,1,0.978723404255319,1,1,0.998296422487223,0.983050847457627,1,1,1,0.983333333333333,0.96551724137931,0,1,0.9875,1,0.972222222222222,1,0.989473684210526,0.964285714285714,0.99581589958159,0.976744186046512,1,0.984615384615385,1,1,0.993788819875776,0.971428571428571,1,1,0.916666666666667,1,0.96969696969697,1,1,0.967741935483871,0.972222222222222,0.967741935483871,0.972222222222222,1,0.970588235294118,1,1,1,0.962962962962963,1,1,1,1,1,1,1,1,1,1,1,1,1,1,1,1,1,1,1,0.961538461538461,0.972222222222222,1,0.964285714285714,1,1,1,1,1,1,1,1,0.990867579908676,0.980392156862745,1,1,0.96551724137931,0.964285714285714,1,0.96551724137931,1,1,0.96969696969697,1,0.962962962962963,1,1,1,1,1,1,0.981481481481481,1,1,1,1,0.99870340356564,1,1,1,0.990384615384615,1,1,0.96551724137931,1,1
TCGA-OL-A5RU-01A,1,1,1,1,1,0.991452991452991,1,1,1,1,1,1,1,1,0.979381443298969,1,1,1,1,1,0.991568296795953,1,1,1,1,1,1,1,0,1,1,1,1,1,1,0.995983935742972,1,1,1,1,1,1,1,1,1,1,1,1,1,1,1,0.978260869565217,1,1,1,1,1,1,1,1,1,0.99609375,1,1,1,0.987804878048781,1,1,1,1,1,1,1,1,1,1,1,1,0.972972972972973,1,1,1,1,1,1,1,1,1,1,1,0.983606557377049,1,1,1,1,1,1,0.993377483443709,0.974358974358974,1,0.981481481481481,1,1,1,1,1,1,1,1,1,0.984375,1,1,0.977272727272727,1,0.997087378640777,1,1,1,1,1,1,1,1,1
TCGA-AC-A2B8-01A,1,1,1,0.983606557377049,1,0.99390243902439,0.986394557823129,0.990566037735849,1,1,0.991150442477876,1,1,1,1,1,0.993464052287582,0.980582524271845,1,0.993103448275862,0.990610328638498,0.982608695652174,0.987341772151899,1,1,0.991452991452991,0.988372093023256,0.9875,1,0,1,0.978260869565217,1,0.986754966887417,0.988235294117647,0.979381443298969,0.99,1,0.991803278688525,1,1,0.995412844036697,0.989130434782609,1,1,0.987804878048781,1,0.97752808988764,1,1,0.977011494252874,0.978260869565217,0.988636363636364,0.989247311827957,1,0.989010989010989,0.994011976047904,1,0.976744186046512,0.988095238095238,1,0.993377483443709,1,0.987341772151899,0.989795918367347,0.992248062015504,1,1,0.98936170212766,1,1,1,1,1,1,1,1,1,1,0.987951807228916,0.984496124031008,0.990476190476191,0.988235294117647,1,1,0.994152046783626,1,0.988235294117647,1,1,0.990740740740741,0.996389891696751,0.990740740740741,0.987804878048781,1,0.988372093023256,0.988235294117647,0.994949494949495,0.988372093023256,1,0.99009900990099,0.988888888888889,1,0.988095238095238,1,1,0.984375,1,1,1,1,1,0.986666666666667,1,0.992537313432836,0.992312620115311,1,1,1,0.9875,0.994318181818182,1,0.976470588235294,1,1
TCGA-B6-A40C-01A,0.982456140350877,1,1,1,1,0.991525423728813,0.990196078431373,1,1,1,1,1,1,1,1,1,1,1,1,1,0.99496644295302,1,1,0.985294117647059,1,1,1,1,1,1,0,1,1,1,1,0.996,1,1,0.986842105263158,1,0.987654320987654,1,1,1,1,1,1,1,0.96551724137931,1,1,1,0.976190476190476,1,0.967741935483871,1,1,1,0.975609756097561,1,1,0.996108949416342,0.967741935483871,1,1,1,1,0.978723404255319,1,1,1,0.971428571428571,1,1,1,1,0.973684210526316,1,1,1,1,1,1,1,0.99,1,1,1,1,1,1,0.991304347826087,1,1,1,1,0.974358974358974,1,1,1,0.981818181818182,0.977272727272727,1,1,1,1,1,1,1,1,1,1,1,1,0.988636363636364,0.998060762766645,1,1,1,1,1,1,1,1,1
TCGA-A2-A25C-01A,1,1,1,0.987341772151899,1,0.991666666666667,1,0.983870967741936,1,1,1,1,1,1,1,1,1,0.966101694915254,1,1,0.998333333333333,0.986111111111111,0.971428571428571,1,1,0.986301369863014,0.976190476190476,0.972222222222222,1,0.978260869565217,1,0,1,0.990740740740741,0.975609756097561,0.99203187250996,0.982142857142857,1,0.987179487179487,1,1,0.994252873563218,0.979166666666667,1,1,0.973684210526316,1,0.955555555555556,1,1,0.953488372093023,0.979591836734694,0.977272727272727,0.979591836734694,1,0.978723404255319,0.991869918699187,1,1,0.975,1,0.988326848249027,1,1,1,0.988235294117647,1,0.979591836734694,1,1,1,1,1,1,1,1,1,1,1,0.974358974358974,0.976470588235294,0.983606557377049,0.975609756097561,1,1,0.992125984251969,1,0.975609756097561,0.972222222222222,1,1,0.995708154506438,0.968253968253968,1,1,0.976190476190476,0.975609756097561,0.986928104575163,0.976190476190476,1,1,0.978260869565217,1,0.975,1,1,0.988235294117647,1,1,1,1,1,1,1,1,0.997090203685742,1,1,1,0.982758620689655,0.992424242424242,1,0.976190476190476,1,1
TCGA-D8-A27E-01A,1,1,1,1,1,1,1,1,1,1,1,1,1,1,1,1,1,1,1,1,0.998284734133791,1,1,1,1,1,1,1,1,1,1,1,0,1,1,1,1,1,1,1,1,1,1,1,1,1,1,1,1,1,1,1,1,1,1,1,1,1,1,1,1,1,1,1,1,1,1,1,1,1,1,1,1,1,1,1,1,1,1,1,1,1,1,1,1,1,1,1,1,1,1,1,1,1,0.986486486486486,1,1,1,1,1,1,1,1,1,1,1,1,1,1,1,1,1,1,1,1,0.999675745784695,1,1,1,1,1,1,1,1,1
TCGA-A7-A26H-01A,1,0.992307692307692,0.991735537190083,0.992753623188406,0.989583333333333,0.98876404494382,0.993865030674847,1,1,1,0.9921875,0.992805755395683,0.990196078431373,1,0.99375,0.990654205607477,0.994047619047619,0.983050847457627,1,0.99375,0.986175115207373,0.99236641221374,1,1,0.994764397905759,0.984732824427481,0.99009900990099,0.989473684210526,1,0.986754966887417,1,0.990740740740741,1,0,0.99,0.990291262135922,0.991304347826087,0.991304347826087,0.977777777777778,1,0.985815602836879,0.987012987012987,0.990654205607477,1,0.990291262135922,0.989690721649485,1,0.990476190476191,1,1,0.990291262135922,0.990740740740741,0.990291262135922,0.981308411214953,1,0.990566037735849,1,1,1,0.98989898989899,1,0.993690851735016,1,1,0.991150442477876,0.993055555555556,0.991803278688525,0.990740740740741,1,1,1,1,1,0.98989898989899,1,1,0.98989898989899,1,1,0.989795918367347,0.993103448275862,0.991666666666667,0.99,1,1,0.994623655913978,1,1,1,1,1,0.986159169550173,0.983606557377049,1,1,0.98,0.99,0.995305164319249,0.99009900990099,0.990476190476191,0.991379310344828,0.990476190476191,1,0.98989898989899,0.990566037735849,1,0.986013986013986,1,1,1,1,0.991735537190083,1,1,1,0.991384811742182,0.992063492063492,1,1,0.988571428571429,0.994764397905759,0.989473684210526,0.99009900990099,1,1
TCGA-D8-A3Z6-01A,1,1,1,1,1,0.991071428571429,1,1,1,1,1,1,1,1,1,0.975,1,0.980769230769231,1,1,1,0.984375,1,0.983870967741936,1,0.984615384615385,0.970588235294118,0.964285714285714,1,0.988235294117647,1,0.975609756097561,1,0.99,0,0.995901639344262,0.979166666666667,1,0.985714285714286,1,1,0.993975903614458,0.975,1,1,0.966666666666667,1,0.973684210526316,1,1,0.972222222222222,0.975609756097561,0.972222222222222,0.975609756097561,1,0.974358974358974,1,1,1,0.96875,1,1,1,1,1,1,1,1,1,1,1,1,1,1,1,1,1,1,1,0.967741935483871,0.987179487179487,1,0.96969696969697,1,1,0.991596638655462,1,1,1,1,1,0.995555555555556,0.982142857142857,1,0.987951807228916,0.970588235294118,0.96969696969697,1,0.970588235294118,1,1,0.973684210526316,1,0.96875,0.974358974358974,1,0.987012987012987,1,0.976744186046512,1,1,1,1,1,1,0.998381353188734,1,1,1,0.990825688073395,1,1,0.970588235294118,1,1
TCGA-EW-A1IZ-01A,0.992337164750958,0.992673992673993,1,0.99645390070922,1,0.993788819875776,0.990163934426229,0.99622641509434,0.992452830188679,1,1,0.996466431095406,0.995934959349593,0.985074626865672,0.993399339933993,0.99601593625498,0.990322580645161,0.99236641221374,0.996153846153846,0.990066225165563,0.979695431472081,0.996363636363636,0.995798319327731,1,0.997014925373134,0.992727272727273,0.995918367346939,0.99581589958159,0.995983935742972,0.979381443298969,0.996,0.99203187250996,1,0.990291262135922,0.995901639344262,0,0.992248062015504,0.996138996138996,0.992857142857143,1,0.996503496503496,0.992,0.992,1,0.995951417004049,0.995850622406639,1,0.991935483870968,1,0.995951417004049,0.991869918699187,0.996031746031746,0.991869918699187,0.99203187250996,0.995762711864407,0.991967871485944,0.974921630094044,0.99625468164794,0.995934959349593,0.991735537190083,1,0.984649122807017,0.995762711864407,1,0.996108949416342,0.993031358885017,0.988636363636364,0.996031746031746,1,1,0.991525423728813,1,0.991701244813278,0.995884773662551,1,0.99163179916318,0.995884773662551,1,1,0.9875,0.986013986013986,0.996212121212121,0.995901639344262,0.995833333333333,0.986754966887417,0.990853658536585,0.995934959349593,0.995901639344262,1,0.99625468164794,0.99625468164794,0.981351981351981,0.992481203007519,0.995850622406639,0.98972602739726,0.991803278688525,0.995901639344262,0.98005698005698,0.987654320987654,0.995983935742972,0.992277992277992,0.991935483870968,0.977611940298507,0.995884773662551,1,0.991379310344828,0.996527777777778,0.995918367346939,0.988095238095238,1,1,0.99622641509434,1,0.996610169491525,0.979166666666667,0.978677379480841,1,0.990445859872611,1,0.990566037735849,0.990990990990991,1,0.995918367346939,0.995951417004049,0.991735537190083
TCGA-D8-A27L-01A,1,1,1,1,1,1,1,1,1,1,1,1,1,0.993006993006993,1,1,1,0.96969696969697,1,0.990740740740741,0.996699669966997,0.987341772151899,1,1,0.992805755395683,0.9875,0.979591836734694,0.976744186046512,1,0.99,1,0.982142857142857,1,0.991304347826087,0.979166666666667,0.992248062015504,0,1,0.988235294117647,1,1,0.994475138121547,0.981818181818182,0.978723404255319,1,0.977777777777778,1,0.981132075471698,1,1,0.96,0.982142857142857,0.980392156862745,0.982142857142857,1,0.981481481481481,0.992307692307692,1,1,0.978723404255319,0.977777777777778,0.992452830188679,1,1,1,0.989130434782609,0.985714285714286,0.982142857142857,1,1,1,1,1,1,1,1,1,1,1,0.978260869565217,0.989247311827957,1,0.957446808510638,0.977272727272727,1,1,1,0.979166666666667,1,1,1,0.995833333333333,0.985915492957746,1,1,0.979591836734694,0.979166666666667,1,0.979591836734694,0.981132075471698,1,0.961538461538461,1,0.978723404255319,1,1,1,1,1,1,1,0.985507246376812,1,1,1,0.998066387367064,1,1,1,0.991935483870968,0.992805755395683,1,0.979591836734694,1,1
TCGA-AO-A1KT-01A,1,1,0.985507246376812,1,1,1,1,1,1,0.979591836734694,1,1,1,1,1,1,1,1,1,1,0.99504132231405,1,1,1,1,1,1,1,1,1,1,1,1,0.991304347826087,1,0.996138996138996,1,0,1,0.982758620689655,0.988888888888889,0.988888888888889,1,1,1,1,0.983333333333333,0.981132075471698,1,1,0.980392156862745,1,1,1,1,1,0.992307692307692,1,1,1,1,1,1,1,1,1,0.985714285714286,1,0.982456140350877,1,1,1,1,1,1,1,1,1,1,1,1,0.985294117647059,1,1,1,1,1,1,1,1,1,0.995833333333333,1,1,1,1,1,1,1,1,1,1,1,1,1,1,1,1,1,1,1,1,1,1,1,0.996125282531482,1,0.991666666666667,1,0.991935483870968,1,1,0.979591836734694,1,1
TCGA-D8-A1JJ-01A,0.988636363636364,0.97979797979798,0.989010989010989,1,0.984848484848485,0.993288590604027,0.984848484848485,0.989010989010989,0.989130434782609,0.985915492957746,0.979381443298969,0.990825688073395,0.986111111111111,0.987804878048781,0.984496124031008,0.987012987012987,1,0.96551724137931,0.988372093023256,0.992307692307692,0.992,0.99009900990099,1,0.98989898989899,0.993788819875776,0.990196078431373,0.985915492957746,0.984615384615385,1,0.991803278688525,0.986842105263158,0.987179487179487,1,0.977777777777778,0.985714285714286,0.992857142857143,0.988235294117647,1,0,0.9875,0.991071428571429,0.98,0.987012987012987,1,1,0.985074626865672,1,0.986666666666667,1,0.972222222222222,0.986301369863014,0.987179487179487,0.986301369863014,0.987179487179487,1,0.959459459459459,0.993421052631579,0.978260869565217,1,0.985507246376812,0.985074626865672,0.996527777777778,1,1,1,0.991228070175439,1,0.987179487179487,1,1,1,1,1,1,1,1,1,1,1,0.985294117647059,0.973451327433628,0.988888888888889,0.985714285714286,1,1,0.980519480519481,1,1,1,0.978260869565217,0.989247311827957,0.99618320610687,0.989247311827957,1,1,0.971428571428571,0.955882352941176,0.994535519125683,0.985915492957746,1,0.988372093023256,0.986666666666667,0.98989898989899,0.970588235294118,1,1,0.991228070175439,1,1,1,0.989583333333333,1,1,1,1,0.996152613016993,0.989583333333333,0.992957746478873,1,0.986206896551724,0.993788819875776,0.984615384615385,0.985915492957746,1,1
TCGA-LD-A7W5-01A,0.983606557377049,0.986301369863014,0.984375,1,0.974358974358974,1,0.980952380952381,0.984375,0.984615384615385,0.977272727272727,0.971428571428571,1,0.977777777777778,1,1,0.959183673469388,1,0.983870967741936,0.983050847457627,0.980392156862745,0.998338870431894,1,1,0.986111111111111,0.992537313432836,1,1,1,1,1,1,1,1,1,1,1,1,0.982758620689655,0.9875,0,0.988235294117647,0.994318181818182,1,1,1,1,1,1,1,1,0.978260869565217,1,1,1,1,0.979591836734694,1,0.984848484848485,1,1,1,1,1,1,1,0.976744186046512,0.96875,1,1,1,1,1,1,1,1,1,1,1,1,1,0.988636363636364,1,1,1,1,0.992248062015504,1,1,1,0.984848484848485,0.984848484848485,0.991452991452991,1,1,1,1,0.976744186046512,0.987096774193548,1,1,0.96551724137931,1,0.986111111111111,1,1,1,0.988505747126437,1,1,1,0.985507246376812,1,1,1,0.989130434782609,0.997092084006462,0.985507246376812,0.991304347826087,1,0.983050847457627,0.992537313432836,1,0.977272727272727,1,1
TCGA-BH-A209-01A,1,1,1,1,1,1,1,0.989583333333333,1,0.986842105263158,0.990291262135922,1,0.987012987012987,0.994117647058824,1,1,1,1,1,0.985074626865672,0.992063492063492,0.990566037735849,1,0.990384615384615,0.993975903614458,1,1,1,1,1,0.987654320987654,1,1,0.985815602836879,1,0.996503496503496,1,0.988888888888889,0.991071428571429,0.988235294117647,0,1,1,1,1,1,1,1,1,1,0.987179487179487,1,0.987179487179487,1,0.985074626865672,1,0.993630573248408,1,0.987012987012987,1,1,1,0.985074626865672,1,1,1,0.979166666666667,0.987951807228916,0.988095238095238,1,1,1,0.986301369863014,1,1,1,0.986486486486486,1,1,1,0.991666666666667,1,1,1,0.992647058823529,0.993788819875776,0.987012987012987,1,0.985714285714286,1,1,0.988679245283019,1,1,0.992,0.986842105263158,0.986666666666667,0.99468085106383,1,1,0.989010989010989,0.9875,1,1,0.987654320987654,1,1,1,1,1,1,1,1,1,0.991935483870968,0.992935131663455,1,1,1,0.993377483443709,0.987878787878788,1,0.986842105263158,1,1
TCGA-A1-A0SI-01A,0.994565217391304,0.994897959183674,0.989247311827957,0.990147783251231,0.98125,0.987654320987654,0.991228070175439,0.994652406417112,0.99468085106383,1,0.994845360824742,0.995121951219512,0.994047619047619,0.988416988416988,1,0.994219653179191,0.991416309012876,0.983606557377049,0.994505494505495,0.986607142857143,0.993065187239944,0.989795918367347,1,0.989690721649485,0.9921875,0.994949494949495,0.987951807228916,0.993788819875776,1,0.995412844036697,1,0.994252873563218,1,0.987012987012987,0.993975903614458,0.992,0.994475138121547,0.988888888888889,0.98,0.994318181818182,1,0,0.988372093023256,1,1,0.993865030674847,1,0.982248520710059,1,0.994082840236686,0.994082840236686,0.988439306358381,0.988095238095238,0.994252873563218,1,0.988304093567251,0.979508196721311,0.98936170212766,1,0.993939393939394,0.993865030674847,0.989501312335958,1,1,1,0.995238095238095,1,1,1,0.994186046511628,1,1,1,1,1,1,1,1,0.993939393939394,0.99390243902439,0.985645933014354,1,0.993975903614458,1,0.991150442477876,0.99203187250996,1,1,1,0.98936170212766,0.994708994708995,0.994397759103641,0.98936170212766,1,0.99537037037037,0.987951807228916,0.987878787878788,0.989169675090253,0.987951807228916,1,0.994505494505495,0.988235294117647,0.984455958549223,0.987804878048781,1,1,0.995238095238095,1,1,1,0.994791666666667,0.978260869565217,1,1,0.995348837209302,0.98585795097423,0.984210526315789,0.978632478632479,1,0.9875,0.988235294117647,0.993788819875776,0.994011976047904,0.994082840236686,1
TCGA-EW-A1IX-01A,1,1,1,1,1,0.991596638655462,0.990291262135922,1,0.983870967741936,1,1,1,1,0.992592592592593,1,1,1,0.983050847457627,1,1,0.996655518394649,0.985915492957746,1,1,1,0.986111111111111,0.975609756097561,0.971428571428571,1,0.989130434782609,1,0.979166666666667,1,0.990654205607477,0.975,0.992,0.981818181818182,1,0.987012987012987,1,1,0.988372093023256,0,0.974358974358974,1,0.972972972972973,1,0.977777777777778,1,1,0.976744186046512,0.957446808510638,0.976744186046512,0.979166666666667,1,0.978260869565217,0.991803278688525,1,1,0.974358974358974,1,0.992217898832685,1,1,1,0.988095238095238,1,1,1,1,1,1,1,1,1,1,1,1,1,0.973684210526316,0.988235294117647,1,0.975,1,1,1,1,1,1,1,1,0.995689655172414,0.984126984126984,1,1,0.975609756097561,0.975,0.993464052287582,0.975609756097561,1,1,0.977777777777778,1,0.974358974358974,1,1,1,0.975609756097561,1,1,1,1,1,1,1,0.998061389337641,1,1,1,0.991379310344828,1,1,0.975609756097561,0.976744186046512,1
TCGA-A2-A259-01A,1,1,0.981132075471698,1,1,1,1,1,1,1,1,1,1,0.992125984251969,1,1,0.99,0.980392156862745,1,1,0.998307952622674,1,1,1,1,1,1,1,1,1,1,1,1,1,1,1,0.978723404255319,1,1,1,1,1,0.974358974358974,0,1,1,1,1,1,1,0.971428571428571,0.975,1,1,1,1,0.991228070175439,1,1,1,0.96551724137931,0.996,1,1,1,1,0.981481481481481,1,1,1,1,1,1,1,1,1,1,1,1,1,1,1,0.96875,0.964285714285714,1,1,1,0.96875,1,1,1,0.995535714285714,1,1,1,1,1,0.993103448275862,1,1,1,0.972972972972973,0.983606557377049,1,1,1,1,0.96969696969697,1,1,1,1,1,1,1,0.999029126213592,1,1,1,1,1,1,1,1,1
TCGA-GM-A5PX-01A,1,1,1,1,1,1,1,1,1,1,1,1,1,1,1,1,1,1,0.980769230769231,1,0.998319327731092,1,1,1,1,1,1,1,1,1,1,1,1,0.990291262135922,1,0.995951417004049,1,1,1,1,1,1,1,1,0,1,1,1,1,1,1,0.977272727272727,1,1,1,1,1,1,1,1,1,1,1,1,1,0.9875,1,1,1,1,1,1,1,1,1,1,1,1,1,0.970588235294118,1,1,1,1,1,1,1,1,1,1,1,1,1,1,1,1,1,1,1,1,1,1,0.984615384615385,1,1,1,1,1,1,1,1,1,1,1,0.988235294117647,0.998058880621158,1,1,1,1,1,1,1,1,1
TCGA-E9-A1NG-01A,1,1,1,1,1,1,1,1,1,1,1,1,1,1,0.988888888888889,1,1,0.979591836734694,1,1,0.99830220713073,0.983606557377049,1,1,1,0.967213114754098,0.967741935483871,0.916666666666667,1,0.987804878048781,1,0.973684210526316,1,0.989690721649485,0.966666666666667,0.995850622406639,0.977777777777778,1,0.985074626865672,1,1,0.993865030674847,0.972972972972973,1,1,0,1,0.971428571428571,1,1,0.96969696969697,0.945945945945946,0.96969696969697,0.945945945945946,1,0.972222222222222,0.991071428571429,1,1,0.96551724137931,1,0.995967741935484,1,1,1,1,1,1,1,1,1,1,1,1,1,1,1,1,1,0.964285714285714,0.986666666666667,1,0.966666666666667,1,1,0.991379310344828,1,1,1,0.981132075471698,1,0.995495495495495,0.981132075471698,1,1,0.967741935483871,0.966666666666667,1,0.967741935483871,1,1,0.971428571428571,1,0.96551724137931,1,1,1,1,1,1,1,1,1,1,1,0.99805510534846,1,1,1,0.990566037735849,1,1,0.967741935483871,1,1
TCGA-D8-A27W-01A,1,0.986666666666667,0.984848484848485,1,1,1,1,1,1,1,1,1,1,1,1,1,1,1,1,1,1,0.986842105263158,1,1,1,1,1,1,1,1,1,1,1,1,1,1,1,0.983333333333333,1,1,1,1,1,1,1,1,0,1,0.971428571428571,1,1,1,1,1,1,1,1,1,0.978723404255319,1,1,1,1,1,1,1,1,1,1,1,1,1,1,1,1,1,1,1,0.977272727272727,1,1,1,1,1,1,1,1,1,1,1,1,1,1,1,1,1,1,1,1,1,1,1,0.986486486486486,1,1,1,1,1,1,1,1,1,1,0.989583333333333,1,0.998387616897775,1,1,1,1,0.992647058823529,1,1,1,1
TCGA-BH-A0HI-01A,1,1,1,0.986842105263158,0.970588235294118,0.991452991452991,1,0.983050847457627,1,1,1,1,1,0.992481203007519,0.989795918367347,0.977777777777778,0.990566037735849,0.964285714285714,1,1,0.994957983193277,0.985507246376812,0.96875,1,1,0.985714285714286,0.974358974358974,0.96969696969697,1,0.97752808988764,1,0.955555555555556,1,0.990476190476191,0.973684210526316,0.991935483870968,0.981132075471698,0.981132075471698,0.986666666666667,1,1,0.982248520710059,0.977777777777778,1,1,0.971428571428571,1,0,1,1,0.95,0.978260869565217,0.975609756097561,0.978260869565217,1,0.977272727272727,0.991666666666667,1,1,0.972972972972973,1,0.99609375,1,1,1,0.987804878048781,1,1,1,1,1,1,1,1,1,1,1,1,0.972972972972973,0.972222222222222,0.975609756097561,0.982758620689655,0.973684210526316,1,1,0.983739837398374,1,0.945945945945946,1,1,1,0.991266375545852,0.983606557377049,0.971428571428571,1,0.974358974358974,0.973684210526316,0.993377483443709,0.974358974358974,1,1,0.976744186046512,1,0.972972972972973,1,1,0.987804878048781,1,1,1,1,1,1,1,1,0.996762706377469,1,0.990909090909091,1,0.982300884955752,0.992248062015504,1,0.974358974358974,1,1
TCGA-EW-A1OX-01A,1,1,1,1,1,1,1,1,1,1,1,1,1,0.991525423728813,1,1,1,1,1,1,1,1,1,1,0.991228070175439,1,1,1,1,1,0.96551724137931,1,1,1,1,1,1,1,1,1,1,1,1,1,1,1,0.971428571428571,1,0,1,1,1,1,1,1,1,1,1,1,1,1,1,1,1,1,1,1,1,1,1,1,1,1,1,1,1,1,1,1,1,1,1,1,1,1,1,1,1,1,1,1,1,1,1,1,1,1,1,1,1,1,1,1,1,1,1,0.985074626865672,1,1,1,0.979591836734694,1,1,1,1,0.99935107073329,1,1,1,1,0.991228070175439,1,1,1,1
TCGA-B6-A0WY-01A,1,1,1,0.986486486486486,1,1,0.98989898989899,1,1,1,1,1,1,0.984615384615385,1,1,0.990384615384615,1,1,1,1,1,1,1,1,1,1,1,1,1,1,1,1,1,1,0.995951417004049,1,1,0.972222222222222,1,1,0.994082840236686,1,1,1,1,1,1,1,0,1,1,1,1,1,1,0.991525423728813,1,1,1,1,0.996062992125984,1,1,1,1,1,1,1,1,1,1,1,1,1,1,1,1,1,1,1,1,1,1,1,1,0.973684210526316,1,1,1,0.983050847457627,1,1,1,1,0.972972972972973,1,1,1,1,0.980769230769231,1,0.984615384615385,1,0.976190476190476,1,1,1,1,1,1,1,1,1,1,0.997085492227979,1,1,1,1,0.992125984251969,1,1,1,1
TCGA-B6-A0RP-01A,1,1,1,0.986486486486486,1,0.991304347826087,1,0.982456140350877,1,0.972972972972973,1,1,1,0.99236641221374,1,1,1,0.943396226415094,1,1,0.996632996632997,0.985074626865672,0.966666666666667,1,1,0.985294117647059,0.972972972972973,0.967741935483871,1,0.977011494252874,1,0.953488372093023,1,0.990291262135922,0.972222222222222,0.991869918699187,0.96,0.980392156862745,0.986301369863014,0.978260869565217,0.987179487179487,0.994082840236686,0.976744186046512,0.971428571428571,1,0.96969696969697,1,0.95,1,1,0,0.977272727272727,0.974358974358974,0.977272727272727,1,0.976190476190476,0.982905982905983,1,1,0.971428571428571,0.96969696969697,0.992094861660079,1,1,1,0.9875,0.964912280701754,1,0.977777777777778,1,1,1,1,1,1,1,1,1,1,0.970588235294118,0.975,0.982142857142857,0.911764705882353,0.96875,1,0.991803278688525,1,0.942857142857143,1,1,1,0.986725663716814,0.983050847457627,1,1,0.972972972972973,0.972222222222222,0.993288590604027,0.972972972972973,1,1,0.95,1,0.971428571428571,1,1,0.9875,0.972972972972973,1,1,1,1,0.961538461538461,1,1,0.998058880621158,1,1,1,0.981981981981982,0.992125984251969,1,0.944444444444444,1,1
TCGA-D8-A73X-01A,0.983050847457627,1,1,1,1,1,0.980582524271845,1,1,1,1,1,1,1,0.98,1,1,0.983333333333333,1,1,0.994983277591973,0.971830985915493,1,1,1,0.986301369863014,0.976190476190476,0.972222222222222,0.978260869565217,0.978260869565217,1,0.979591836734694,1,0.990740740740741,0.975609756097561,0.996031746031746,0.982142857142857,1,0.987179487179487,1,1,0.988439306358381,0.957446808510638,0.975,0.977272727272727,0.945945945945946,1,0.978260869565217,1,1,0.977272727272727,0,0.977272727272727,0.979591836734694,1,0.978723404255319,1,1,0.976744186046512,0.975,1,0.992248062015504,1,1,0.981481481481481,1,1,1,1,1,1,1,1,1,1,1,1,1,1,0.974358974358974,0.976470588235294,1,0.975609756097561,1,0.990196078431373,1,1,1,1,1,1,0.995708154506438,0.984375,1,1,0.976190476190476,0.975609756097561,0.993506493506494,0.976190476190476,1,1,0.978260869565217,1,0.975,1,1,1,0.976190476190476,1,1,1,1,1,1,0.988888888888889,0.997090203685742,1,1,1,0.991452991452991,1,1,0.976190476190476,1,1
TCGA-AR-A5QM-01A,1,1,1,0.986486486486486,1,0.982456140350877,1,1,1,1,1,1,1,1,1,1,1,0.981818181818182,0.980769230769231,1,1,0.96969696969697,1,1,1,0.985294117647059,0.972972972972973,0.967741935483871,1,0.988636363636364,0.976190476190476,0.977272727272727,1,0.990291262135922,0.972222222222222,0.991869918699187,0.980392156862745,1,0.986301369863014,1,0.987179487179487,0.988095238095238,0.976744186046512,1,1,0.96969696969697,1,0.975609756097561,1,1,0.974358974358974,0.977272727272727,0,0.977272727272727,0.964285714285714,0.976190476190476,0.991525423728813,1,1,0.971428571428571,1,1,0.964285714285714,1,1,1,1,0.977272727272727,1,1,1,1,1,1,1,1,0.971428571428571,1,1,0.970588235294118,0.987654320987654,1,0.972222222222222,1,0.989690721649485,1,1,1,1,1,1,0.991189427312775,0.983050847457627,1,1,0.972972972972973,0.942857142857143,1,0.972972972972973,1,1,0.95,1,0.941176470588235,1,1,0.9875,1,1,1,1,1,1,0.988505747126437,1,0.998058880621158,0.983870967741936,0.990740740740741,1,0.991071428571429,1,1,0.972972972972973,1,1
TCGA-D8-A1JE-01A,1,1,1,1,1,1,1,1,1,1,0.985507246376812,1,1,1,1,1,1,0.983333333333333,1,1,0.996661101836394,0.986111111111111,1,1,1,0.986301369863014,0.976190476190476,0.972222222222222,1,0.989247311827957,1,0.979591836734694,1,0.981308411214953,0.975609756097561,0.99203187250996,0.982142857142857,1,0.987179487179487,1,1,0.994252873563218,0.979166666666667,1,1,0.945945945945946,1,0.978260869565217,1,1,0.977272727272727,0.979591836734694,0.977272727272727,0,1,0.978723404255319,1,1,0.976744186046512,0.975,1,1,1,1,1,1,1,1,1,1,1,1,1,1,1,1,1,1,1,0.947368421052632,0.988372093023256,1,0.95,1,1,1,1,1,1,1,1,0.987012987012987,0.984375,1,1,0.976190476190476,0.975609756097561,0.993506493506494,0.976190476190476,1,1,0.978260869565217,1,0.975,1,1,1,1,1,1,1,1,1,0.989130434782609,1,0.997090203685742,1,0.991150442477876,1,0.991452991452991,1,1,0.976190476190476,1,1
TCGA-AC-A2FB-01A,1,1,1,1,1,1,1,1,1,1,1,1,1,1,1,1,1,1,1,1,0.998287671232877,1,1,1,1,1,1,1,1,1,0.967741935483871,1,1,1,1,0.995762711864407,1,1,1,1,0.985074626865672,1,1,1,1,1,1,1,1,1,1,1,0.964285714285714,1,0,1,1,1,1,1,1,1,0.875,1,1,1,1,0.96969696969697,1,1,1,1,1,1,1,1,0.958333333333333,1,1,1,1,1,1,1,0.988372093023256,1,1,1,1,1,1,0.995391705069124,1,1,1,1,1,1,1,1,1,0.966666666666667,1,1,1,1,1,1,1,1,1,1,1,1,1,0.99935149156939,1,1,1,1,1,1,1,1,1
TCGA-AO-A03L-01A,0.982456140350877,0.970588235294118,0.983333333333333,1,0.971428571428571,1,0.990196078431373,0.966101694915254,0.983606557377049,1,0.985074626865672,1,0.975609756097561,1,1,0.978260869565217,1,0.964912280701754,0.981818181818182,0.98989898989899,0.998327759197324,0.985714285714286,1,0.985294117647059,0.984496124031008,0.985915492957746,0.975,0.970588235294118,1,0.989010989010989,1,0.978723404255319,1,0.990566037735849,0.974358974358974,0.991967871485944,0.981481481481481,1,0.959459459459459,0.979591836734694,1,0.988304093567251,0.978260869565217,1,1,0.972222222222222,1,0.977272727272727,1,1,0.976190476190476,0.978723404255319,0.976190476190476,0.978723404255319,1,0,1,0.983870967741936,1,0.973684210526316,1,1,1,1,0.980769230769231,0.987951807228916,1,1,1,1,1,1,1,1,1,1,1,1,1,0.972972972972973,0.975903614457831,0.947368421052632,0.974358974358974,1,1,0.983870967741936,1,1,0.970588235294118,0.983870967741936,1,0.995670995670996,0.983870967741936,1,1,0.975,0.947368421052632,0.993421052631579,0.975,1,0.981818181818182,0.953488372093023,1,0.973684210526316,1,1,0.987951807228916,1,1,1,0.984615384615385,1,1,1,0.988636363636364,0.996763754045307,0.984615384615385,0.990990990990991,1,0.991304347826087,1,1,0.975,1,1
TCGA-AC-A8OP-01A,1,0.993103448275862,1,0.986842105263158,1,0.989637305699482,0.988700564971751,0.992647058823529,1,0.991379310344828,0.993006993006993,0.986928104575163,1,0.985576923076923,1,1,0.994535519125683,0.984962406015038,0.99236641221374,0.988505747126437,0.992537313432836,1,0.990825688073395,1,0.980295566502463,1,1,1,1,0.994011976047904,1,0.991869918699187,1,1,1,0.974921630094044,0.992307692307692,0.992307692307692,0.993421052631579,1,0.993630573248408,0.979508196721311,0.991803278688525,0.991228070175439,1,0.991071428571429,1,0.991666666666667,1,0.991525423728813,0.982905982905983,1,0.991525423728813,1,1,1,0,0.985401459854015,1,1,0.991071428571429,0.990936555891239,1,1,1,0.993710691823899,0.992700729927007,1,1,0.991735537190083,0.990740740740741,1,1,1,0.992805755395683,1,1,1,1,1,0.987421383647799,0.992592592592593,0.991304347826087,0.990990990990991,0.994318181818182,0.99,1,0.982456140350877,1,0.985401459854015,0.992753623188406,0.996742671009772,0.992753623188406,1,1,0.991379310344828,1,0.991189427312775,1,1,1,0.983193277310924,0.986013986013986,0.973214285714286,1,1,0.987341772151899,0.991379310344828,1,1,1,1,1,1,0.99390243902439,0.988857051894301,0.99290780141844,0.994652406417112,0.991596638655462,0.989473684210526,0.985294117647059,1,1,1,0.991228070175439
TCGA-A7-A13E-01A,0.986486486486486,0.988372093023256,0.96,1,0.980769230769231,1,0.983050847457627,0.987012987012987,0.987179487179487,1,0.988095238095238,1,0.982758620689655,1,1,0.984126984126984,0.991935483870968,0.986666666666667,0.986111111111111,0.991379310344828,0.993464052287582,0.988505747126437,1,0.988235294117647,0.986301369863014,0.977011494252874,1,1,1,1,1,1,1,1,1,0.99625468164794,1,1,0.978260869565217,0.984848484848485,1,0.98936170212766,1,1,1,1,1,1,1,1,1,1,1,1,1,0.983870967741936,0.985401459854015,0,1,1,0.981132075471698,0.996350364963504,1,1,0.970588235294118,0.99,1,1,1,1,1,1,1,1,1,1,1,1,1,1,0.99009900990099,1,1,1,1,0.985815602836879,1,1,1,0.987341772151899,1,0.995967741935484,1,1,0.990566037735849,1,0.963636363636364,0.994082840236686,1,1,0.986111111111111,1,1,1,1,1,0.99,1,1,0.983333333333333,0.987804878048781,0.987012987012987,1,0.990654205607477,0.990476190476191,0.99484037407288,0.987804878048781,0.9921875,1,0.992424242424242,1,1,1,1,1
TCGA-EW-A2FS-01A,0.981132075471698,1,0.963636363636364,1,1,1,0.979381443298969,1,1,1,1,1,1,1,1,1,0.990291262135922,1,1,1,0.996627318718381,0.953125,1,0.984375,1,1,1,1,1,0.976744186046512,0.975609756097561,1,1,1,1,0.995934959349593,1,1,1,1,0.987012987012987,1,1,1,1,1,0.978723404255319,1,1,1,1,0.976744186046512,1,0.976744186046512,1,1,1,1,0,1,1,0.992063492063492,1,1,0.979166666666667,1,1,1,0.977272727272727,1,1,1,1,1,1,1,1,1,1,1,1,1,1,1,1,1,1,1,1,1,1,0.995594713656388,1,1,1,1,1,1,1,1,1,1,0.984375,1,1,1,1,1,1,1,1,1,1,1,1,0.997084548104956,1,1,1,1,1,1,1,1,1
TCGA-AR-A24O-01A,1,1,1,1,1,1,1,1,0.981481481481481,1,1,1,1,1,1,1,1,0.980392156862745,1,1,0.998307952622674,0.984126984126984,1,1,1,0.984375,0.96969696969697,0.962962962962963,1,0.988095238095238,1,0.975,1,0.98989898989899,0.96875,0.991735537190083,0.978723404255319,1,0.985507246376812,1,1,0.993939393939394,0.974358974358974,1,1,0.96551724137931,1,0.972972972972973,1,1,0.971428571428571,0.975,0.971428571428571,0.975,1,0.973684210526316,1,1,1,0,1,1,1,1,1,1,1,1,1,1,1,1,1,1,0.982142857142857,1,1,1,1,0.966666666666667,0.987012987012987,1,0.96875,1,1,1,1,1,1,1,0.981818181818182,0.995535714285714,0.981818181818182,1,1,0.96969696969697,0.96875,0.986111111111111,0.96969696969697,1,1,0.972972972972973,1,0.967741935483871,1,1,1,1,1,1,0.982758620689655,1,1,1,1,0.99740680713128,1,1,1,0.990740740740741,0.991869918699187,1,0.96969696969697,1,1
TCGA-AO-A0JG-01A,1,1,1,1,1,1,1,1,1,1,1,1,1,0.992,1,1,1,0.979591836734694,1,1,0.996598639455782,1,1,1,1,1,1,1,1,1,1,1,1,1,1,1,0.977777777777778,1,0.985074626865672,1,1,0.993865030674847,1,0.96551724137931,1,1,1,1,1,1,0.96969696969697,1,1,1,1,1,0.991071428571429,0.981132075471698,1,1,0,0.995967741935484,1,1,1,1,0.980769230769231,1,1,1,1,1,1,1,1,1,1,1,1,1,1,1,0.966666666666667,0.961538461538461,1,1,1,0.966666666666667,1,0.981132075471698,1,1,1,1,1,1,0.966666666666667,1,1,1,1,0.971428571428571,1,1,0.972222222222222,1,1,1,1,1,1,1,1,1,1,0.999352541275494,1,1,1,1,1,1,1,1,1
TCGA-AN-A0XW-01A,0.992537313432836,0.992857142857143,0.996323529411765,0.993055555555556,0.995951417004049,0.990853658536585,0.993610223642172,0.992619926199262,0.996336996336996,1,1,0.996551724137931,1,0.985380116959064,0.973684210526316,1,0.993710691823899,0.988805970149254,1,0.987012987012987,0.979874213836478,1,0.995918367346939,0.992831541218638,1,0.996466431095406,0.996031746031746,1,0.99609375,0.993377483443709,0.996108949416342,0.988326848249027,1,0.993690851735016,1,0.984649122807017,0.992452830188679,1,0.996527777777778,1,1,0.989501312335958,0.992217898832685,0.996,1,0.995967741935484,1,0.99609375,1,0.996062992125984,0.992094861660079,0.992248062015504,1,1,1,1,0.990936555891239,0.996350364963504,0.992063492063492,1,0.995967741935484,0,1,1,1,0.993197278911565,0.996336996336996,0.996138996138996,0.992277992277992,1,1,1,0.995983935742972,0.996,0.996363636363636,1,0.996,0.995967741935484,1,1,0.989795918367347,0.988847583643123,0.992,0.995951417004049,0.993569131832797,0.997032640949555,1,0.992,1,0.996350364963504,0.996350364963504,0.990909090909091,1,0.995967741935484,1,0.996031746031746,1,0.988919667590028,0.996031746031746,0.99609375,0.99625468164794,0.99609375,0.985559566787004,1,1,1,0.996610169491525,1,1,1,1,0.992619926199262,1,0.99,1,0.974295447506968,1,0.9875,0.996078431372549,0.993865030674847,0.991176470588235,1,1,0.992094861660079,1
TCGA-OL-A5RV-01A,1,1,1,1,1,1,1,1,1,1,1,1,1,1,1,1,1,1,1,1,1,1,1,1,1,1,1,1,1,1,0.967741935483871,1,1,1,1,0.995762711864407,1,1,1,1,0.985074626865672,1,1,1,1,1,1,1,1,1,1,1,0.964285714285714,1,0.875,1,1,1,1,1,1,1,0,1,1,1,1,0.96969696969697,1,1,1,0.952380952380952,1,1,1,1,0.958333333333333,1,1,1,1,1,1,1,0.988372093023256,1,1,1,1,1,1,0.995391705069124,1,1,1,1,1,1,1,1,1,0.966666666666667,1,1,1,1,1,1,1,1,1,1,1,1,1,0.99967585089141,1,1,1,1,1,1,1,1,1
TCGA-A2-A0T5-01A,1,1,1,1,1,1,1,1,1,1,1,1,1,1,1,1,1,1,1,1,1,1,1,1,1,1,1,1,1,0.987341772151899,1,1,1,1,1,1,1,1,1,1,1,1,1,1,1,1,1,1,1,1,1,1,1,1,1,1,1,1,1,1,1,1,1,0,1,1,1,1,1,1,1,1,1,1,1,1,1,1,1,1,1,1,1,1,1,1,1,1,1,1,1,1,0.98,1,1,1,1,1,1,1,1,1,1,1,1,1,0.985915492957746,1,1,1,1,1,1,1,1,1,1,1,1,1,1,1,1,1,1
TCGA-B6-A0RV-01A,1,1,0.985074626865672,1,1,1,0.990825688073395,1,1,1,1,0.988235294117647,1,1,1,1,1,1,0.983870967741936,1,1,0.987012987012987,1,1,1,1,1,1,1,0.989795918367347,1,1,1,0.991150442477876,1,0.996108949416342,1,1,1,1,1,1,1,1,1,1,1,1,1,1,1,0.981481481481481,1,1,1,0.980769230769231,1,0.970588235294118,0.979166666666667,1,1,1,1,1,0,1,1,1,1,1,1,1,1,1,1,0.976190476190476,1,1,1,1,1,1,0.978260869565217,1,1,0.984732824427481,1,1,1,1,1,1,1,1,1,1,1,1,1,1,1,1,1,1,1,1,1,1,1,1,1,1,1,1,1,0.996122778675283,1,1,1,1,0.992700729927007,1,1,1,1
TCGA-D8-A1XJ-01A,0.989473684210526,0.990654205607477,0.989795918367347,0.973451327433628,0.986301369863014,0.993589743589744,0.992857142857143,0.96875,0.98989898989899,1,0.990476190476191,0.991379310344828,0.974358974358974,0.994186046511628,0.992700729927007,0.988095238095238,1,0.978947368421053,0.989247311827957,0.985294117647059,0.992088607594937,1,0.985915492957746,0.990566037735849,0.988023952095808,0.990825688073395,1,1,0.987804878048781,0.992248062015504,1,0.988235294117647,1,0.993055555555556,1,0.993031358885017,0.989130434782609,1,0.991228070175439,0.976744186046512,1,0.995238095238095,0.988095238095238,1,0.9875,1,1,0.987804878048781,1,1,0.9875,1,1,1,1,0.987951807228916,0.993710691823899,0.99,1,1,1,0.993197278911565,1,1,1,0,1,1,1,1,1,1,1,1,1,1,1,1,1,1,0.983471074380165,0.989690721649485,1,1,0.992753623188406,0.987654320987654,1,0.987012987012987,1,0.97979797979798,0.99,0.996282527881041,0.99,1,1,0.987179487179487,0.987012987012987,0.984042553191489,1,0.987804878048781,0.978260869565217,1,1,1,1,1,0.983333333333333,1,1,1,0.990291262135922,0.989795918367347,1,0.984251968503937,0.992063492063492,0.994230769230769,0.980392156862745,0.993288590604027,1,0.993464052287582,0.981927710843373,1,1,1,1
TCGA-A1-A0SF-01A,0.986301369863014,1,1,1,1,1,1,1,1,0.982142857142857,1,1,1,0.993333333333333,1,1,0.983606557377049,0.986486486486486,1,1,0.99673735725938,1,1,1,1,0.988505747126437,1,1,1,1,1,1,1,0.991803278688525,1,0.988636363636364,0.985714285714286,0.985714285714286,1,0.96875,0.979166666666667,1,1,0.981481481481481,1,1,1,1,1,1,0.964912280701754,1,1,1,1,1,0.992700729927007,1,1,1,0.980769230769231,0.996336996336996,1,1,1,1,0,1,1,1,1,1,1,1,1,1,1,1,1,1,0.99,1,0.981818181818182,0.980392156862745,1,1,1,0.981818181818182,1,0.987179487179487,0.987179487179487,0.995951417004049,1,1,1,1,1,1,1,1,1,0.983333333333333,0.988095238095238,0.981481481481481,1,1,1,1,1,0.983050847457627,1,1,1,1,0.990384615384615,0.995486782720825,1,1,1,0.99236641221374,1,1,0.982142857142857,1,1
TCGA-LL-A73Z-01A,1,1,1,1,1,1,1,1,1,1,1,1,1,1,1,1,0.990825688073395,1,1,1,0.998333333333333,1,1,1,1,1,1,1,1,1,0.978723404255319,0.979591836734694,1,0.990740740740741,1,0.996031746031746,0.982142857142857,1,0.987179487179487,1,0.987951807228916,1,1,1,1,1,1,1,1,1,1,1,0.977272727272727,1,0.96969696969697,1,1,1,1,1,1,0.996138996138996,0.96969696969697,1,1,1,1,0,1,1,1,1,1,1,1,1,0.975,1,1,1,1,1,1,1,0.990196078431373,1,1,1,1,1,1,0.991379310344828,1,1,1,1,1,1,1,1,1,0.978260869565217,1,1,1,1,1,1,1,1,1,1,1,1,1,0.997738287560582,1,1,1,1,1,1,1,1,1
TCGA-A2-A1FV-01A,1,1,0.984126984126984,1,1,1,1,1,1,1,1,1,0.977272727272727,1,1,1,1,1,1,0.990196078431373,0.994991652754591,1,1,1,1,1,1,1,1,0.98936170212766,1,1,1,1,1,1,1,0.982456140350877,1,1,0.988095238095238,1,1,1,1,1,1,1,1,1,0.977777777777778,1,1,1,1,1,1,1,0.977272727272727,1,1,0.992277992277992,1,1,1,1,1,1,0,1,1,1,0.975,1,1,1,1,1,1,1,1,0.983870967741936,1,1,1,1,1,1,1,1,1,0.995726495726496,1,1,1,1,1,1,1,0.978723404255319,1,1,1,1,1,1,1,1,1,1,1,1,1,0.989247311827957,1,0.997415185783522,1,1,1,0.982905982905983,1,1,1,1,1
TCGA-BH-A0HB-01A,1,1,1,1,1,1,1,1,1,1,1,1,1,0.992537313432836,1,1,1,1,1,0.98989898989899,1,1,1,1,1,1,1,1,1,1,1,1,1,1,1,1,1,1,1,1,1,0.994186046511628,1,1,1,1,1,1,1,1,1,1,1,1,1,1,0.991735537190083,1,1,1,1,1,1,1,1,1,1,1,1,0,1,1,1,1,1,0.971428571428571,1,1,1,1,1,1,1,1,0.99,0.992,1,1,1,1,1,1,1,1,0.98876404494382,1,1,0.993421052631579,0.975,1,1,1,1,1,1,1,0.987951807228916,1,1,1,1,1,1,0.988888888888889,1,0.997736825088911,0.984615384615385,1,1,1,0.992307692307692,1,1,1,1
TCGA-W8-A86G-01A,1,1,1,1,1,1,1,1,0.979166666666667,1,1,1,1,0.991735537190083,1,1,1,1,1,1,1,1,1,1,1,1,1,1,1,1,1,1,1,1,1,0.991525423728813,1,1,1,1,1,1,1,1,1,1,1,1,1,1,1,1,1,1,1,1,0.990740740740741,1,1,1,1,1,1,1,1,1,1,1,1,1,0,1,1,1,1,1,1,1,1,1,1,1,1,1,1,1,1,1,1,1,1,1,1,1,1,1,1,1,1,1,1,1,1,1,1,1,1,1,1,1,1,1,1,1,1,0.99935170178282,1,1,1,1,1,1,1,1,1
TCGA-BH-A0H6-01A,1,1,1,1,1,1,1,1,1,1,1,1,1,1,1,1,1,1,1,1,0.998299319727891,1,1,1,0.991666666666667,1,1,1,1,1,0.971428571428571,1,1,1,1,1,1,1,1,1,1,1,1,1,1,1,1,1,1,1,1,1,1,1,1,1,1,1,1,1,1,1,0.952380952380952,1,1,1,1,1,1,1,1,0,1,1,0.981132075471698,1,1,1,1,1,1,1,1,1,1,1,1,1,1,1,1,1,1,1,1,1,1,1,1,1,1,1,1,1,1,1,1,1,1,1,1,1,1,1,0.987179487179487,0.99837925445705,1,1,1,1,1,1,1,1,1
TCGA-D8-A27K-01A,0.979591836734694,1,1,1,1,1,1,1,1,1,1,1,0.96969696969697,0.992063492063492,0.989010989010989,1,1,1,1,1,0.998305084745763,1,1,1,0.991803278688525,1,1,1,1,1,1,1,1,1,1,0.991701244813278,1,1,1,1,0.986301369863014,1,1,1,1,1,1,1,1,1,1,1,1,1,1,1,1,1,1,1,1,0.995983935742972,1,1,1,1,1,1,0.975,1,1,1,0,1,1,1,1,1,1,1,1,1,1,1,1,1,1,1,1,1,1,1,1,1,1,1,1,0.993055555555556,1,1,1,1,1,1,1,1,1,1,1,1,1,1,1,1,1,0.998380304502754,1,1,1,1,1,1,1,1,1
TCGA-E2-A1IU-01A,1,1,1,1,1,1,1,1,1,1,1,1,1,1,0.989130434782609,1,1,1,1,1,0.996610169491525,1,1,1,1,1,1,1,1,1,1,1,1,0.98989898989899,1,0.995884773662551,1,1,1,1,1,1,1,1,1,1,1,1,1,1,1,1,1,1,1,1,1,1,1,1,1,0.996,1,1,1,1,1,1,1,1,1,1,1,0,1,1,1,1,1,1,1,1,0.96875,1,1,1,1,1,1,0.981818181818182,1,1,1,1,1,1,1,1,1,1,1,1,1,0.967741935483871,1,1,1,1,1,1,1,1,1,1,1,0.999029126213592,1,1,1,1,0.991869918699187,1,1,1,1
TCGA-OL-A66J-01A,1,1,1,1,1,0.985185185185185,0.991666666666667,0.987179487179487,1,1,1,1,1,0.993421052631579,1,1,0.992,1,1,1,0.998376623376623,1,1,1,1,1,1,1,1,1,1,1,1,1,1,1,1,1,1,1,1,1,1,1,1,1,1,1,1,1,1,1,1,1,1,1,0.992805755395683,1,1,0.982142857142857,1,0.996363636363636,1,1,1,1,1,1,1,1,1,0.981132075471698,1,1,0,0.981132075471698,1,1,1,1,1,1,1,1,0.991525423728813,0.993006993006993,1,0.982456140350877,1,1,1,0.991935483870968,1,1,1,1,1,0.994117647058824,1,1,0.986301369863014,1,1,1,1,1,1,1,1,1,1,1,1,1,1,0.996136509980683,1,1,1,1,1,1,1,1,1
TCGA-LL-A5YM-01A,1,1,1,1,1,0.990740740740741,1,1,1,1,1,1,1,1,1,1,1,1,1,1,0.998299319727891,1,1,1,1,1,1,1,1,1,1,1,1,1,1,0.99163179916318,1,1,1,1,1,1,1,1,1,1,1,1,1,1,1,1,1,1,1,1,1,1,1,1,1,1,1,1,0.976190476190476,1,1,1,1,0.971428571428571,1,1,1,1,0.981132075471698,0,1,1,1,1,1,1,1,1,0.988888888888889,0.991304347826087,1,1,1,1,1,0.995475113122172,1,1,0.974358974358974,1,1,1,1,1,1,1,1,1,1,1,0.986301369863014,1,1,1,1,1,1,1,0.987179487179487,0.998703823720026,1,0.99009900990099,1,1,1,1,1,1,1
TCGA-GM-A5PV-01A,1,1,1,1,1,1,1,0.981132075471698,1,1,1,1,1,1,1,1,1,1,1,1,1,1,1,1,1,1,1,1,1,1,0.973684210526316,1,1,0.98989898989899,1,0.995884773662551,1,1,1,1,0.986486486486486,1,1,1,1,1,1,1,1,1,1,1,0.971428571428571,1,0.958333333333333,1,1,1,1,1,1,0.996,0.958333333333333,1,1,1,1,0.975,1,1,1,1,1,1,1,1,0,1,1,1,1,1,1,1,0.989247311827957,1,1,1,1,1,1,0.995535714285714,1,1,1,1,1,1,1,1,1,0.972972972972973,1,1,1,1,1,1,1,1,1,1,1,1,1,0.999352960207053,1,0.990384615384615,1,1,1,1,1,1,1
TCGA-AR-A24R-01A,1,1,1,1,1,1,1,1,1,1,1,1,1,1,1,1,1,1,1,1,0.996598639455782,1,1,1,1,1,1,1,1,1,1,1,1,1,1,1,1,1,1,1,1,1,1,1,1,1,1,1,1,1,1,1,1,1,1,1,1,1,1,1,1,0.995967741935484,1,1,1,1,1,1,1,1,1,1,1,1,1,1,1,0,1,1,1,1,1,1,1,1,1,1,1,1,1,1,1,1,1,1,1,1,1,1,1,1,1,1,1,1,1,1,1,1,1,1,1,1,1,0.998704243602203,1,1,0.970588235294118,1,0.983333333333333,1,1,1,1
TCGA-EW-A1IY-01A,1,0.983870967741936,1,1,1,1,1,1,0.981481481481481,1,1,1,1,1,0.978021978021978,1,1,1,1,1,1,0.984126984126984,1,1,1,1,1,1,0.972972972972973,1,1,1,1,1,1,1,1,1,1,1,1,0.993939393939394,1,1,1,1,0.977272727272727,0.972972972972973,1,1,1,1,1,1,1,1,1,1,1,1,1,1,1,1,1,1,1,1,1,1,1,1,1,1,1,1,1,1,0,1,1,1,1,1,1,1,1,1,1,1,1,1,1,1,1,1,1,1,1,1,1,1,1,1,1,1,1,1,1,1,1,1,1,0.987951807228916,1,0.997731691510045,1,1,1,1,1,1,1,1,1
TCGA-Z7-A8R5-01A,1,1,1,1,1,1,1,1,1,1,1,1,1,1,1,1,1,0.98,1,1,0.998305084745763,0.983870967741936,1,1,1,0.984126984126984,0.96875,0.961538461538461,1,0.987951807228916,1,0.974358974358974,1,0.989795918367347,0.967741935483871,0.9875,0.978260869565217,1,0.985294117647059,1,1,0.99390243902439,0.973684210526316,1,0.970588235294118,0.964285714285714,1,0.972222222222222,1,1,0.970588235294118,0.974358974358974,0.970588235294118,0.947368421052632,1,0.972972972972973,1,1,1,0.966666666666667,1,1,1,1,1,1,1,1,1,1,1,1,1,1,1,1,1,1,1,0,0.986842105263158,1,0.933333333333333,1,1,1,1,1,1,1,1,0.995515695067265,0.981481481481481,1,1,0.96875,0.967741935483871,1,0.96875,1,1,0.942857142857143,1,0.966666666666667,1,1,1,1,1,1,1,1,1,1,1,0.998380304502754,1,1,1,0.990654205607477,1,1,0.96875,1,1
TCGA-A2-A0YH-01A,0.978947368421053,0.990740740740741,0.98989898989899,0.991379310344828,0.986486486486486,0.980645161290323,0.985714285714286,0.969072164948454,0.99,1,0.990566037735849,1,0.9875,0.994219653179191,1,0.988235294117647,1,0.968421052631579,0.98936170212766,0.992753623188406,0.992101105845182,0.990825688073395,0.986111111111111,0.990654205607477,0.994082840236686,0.981651376146789,0.987341772151899,0.972222222222222,1,0.984496124031008,1,0.976470588235294,1,0.993103448275862,0.987179487179487,0.986013986013986,0.989247311827957,1,0.973451327433628,0.988636363636364,0.991666666666667,0.985645933014354,0.988235294117647,1,1,0.986666666666667,1,0.975609756097561,1,1,0.975,0.976470588235294,0.987654320987654,0.988372093023256,1,0.975903614457831,0.987421383647799,0.99009900990099,1,0.987012987012987,1,0.989795918367347,1,1,1,0.983471074380165,0.99,1,1,1,1,1,1,1,1,1,1,1,1,0.986842105263158,0,0.979381443298969,0.987179487179487,1,1,0.987730061349693,1,0.987179487179487,1,0.98,0.99009900990099,0.988805970149254,0.98,1,1,0.987341772151899,0.974025974025974,0.984126984126984,0.987341772151899,1,0.98936170212766,0.987951807228916,1,0.987012987012987,1,1,0.983471074380165,1,1,1,0.980582524271845,1,1,1,0.992125984251969,0.996162456028142,0.990384615384615,0.993333333333333,1,0.973509933774834,0.994082840236686,1,0.987341772151899,1,1
TCGA-LL-A7SZ-01A,1,0.987951807228916,1,0.989010989010989,1,0.976923076923077,1,0.986486486486486,1,1,1,1,1,0.993243243243243,1,1,1,0.986111111111111,1,1,0.995081967213115,1,0.978723404255319,1,1,1,0.981481481481481,1,1,0.990476190476191,1,0.983606557377049,1,0.991666666666667,1,0.996212121212121,1,0.985294117647059,0.988888888888889,1,1,1,1,1,1,1,1,0.982758620689655,1,1,0.982142857142857,1,1,1,1,0.947368421052632,0.992592592592593,1,1,1,1,0.988847583643123,1,1,1,0.989690721649485,1,1,0.983870967741936,1,1,1,1,1,1,1,1,1,1,1,0.979381443298969,0,1,1,1,0.985507246376812,1,0.981132075471698,1,0.986842105263158,1,0.991803278688525,1,1,1,1,1,0.993975903614458,1,1,1,1,1,1,1,1,0.989690721649485,1,1,1,1,1,1,1,1,0.996455043506284,1,1,1,0.984375,0.993055555555556,1,1,1,1
TCGA-A7-A5ZW-01A,1,1,1,1,1,1,1,1,1,1,1,0.986111111111111,1,0.9921875,1,1,1,0.96078431372549,1,1,0.998310810810811,0.984375,1,1,1,0.984615384615385,0.970588235294118,0.964285714285714,1,0.988235294117647,1,0.975609756097561,1,0.99,0.96969696969697,0.995901639344262,0.957446808510638,1,0.985714285714286,1,1,0.993975903614458,0.975,0.96875,1,0.966666666666667,1,0.973684210526316,1,1,0.911764705882353,0.975609756097561,0.972222222222222,0.95,1,0.974358974358974,0.991304347826087,1,1,0.96875,0.966666666666667,0.992,1,1,0.978260869565217,1,0.981818181818182,1,1,1,1,1,1,0.96875,1,1,1,1,1,0.933333333333333,0.987179487179487,1,0,0.96551724137931,1,1,1,0.96969696969697,1,1,1,0.995555555555556,0.982142857142857,1,1,0.970588235294118,0.96969696969697,1,0.970588235294118,1,1,0.945945945945946,1,0.96875,1,1,1,1,1,1,1,1,0.956521739130435,1,1,0.997732426303855,1,1,1,0.990825688073395,1,1,0.970588235294118,1,1
TCGA-OL-A66H-01A,1,1,1,1,1,1,1,1,1,1,0.982456140350877,1,1,0.991935483870968,1,1,1,0.979166666666667,1,1,0.996592844974446,1,1,0.982758620689655,1,1,1,1,1,1,1,1,1,1,1,0.995833333333333,0.977272727272727,1,1,1,1,1,1,0.964285714285714,1,1,1,1,1,1,0.96875,1,1,1,1,1,0.990990990990991,1,1,1,0.961538461538461,0.995951417004049,1,1,1,1,0.980392156862745,1,1,1,1,1,1,1,1,1,1,1,1,1,1,1,0.96551724137931,0,1,1,1,0.96551724137931,1,1,1,1,1,1,1,1,1,1,1,1,1,0.970588235294118,1,1,1,1,1,1,1,1,1,1,1,1,1,0.999028182701652,1,1,1,1,1,1,1,1,1
TCGA-BH-A0C0-01A,1,0.983739837398374,1,1,1,1,0.987179487179487,1,1,1,1,1,1,0.994708994708995,1,1,0.993827160493827,1,1,1,1,0.992,1,1,0.994594594594595,1,1,1,1,1,0.99,1,1,1,1,0.986754966887417,1,1,1,1,0.992647058823529,0.991150442477876,1,1,1,1,1,1,1,1,1,0.990196078431373,0.989690721649485,1,0.988372093023256,1,0.994318181818182,1,1,1,1,0.993569131832797,0.988372093023256,1,1,0.992753623188406,1,0.990196078431373,1,0.99,1,1,1,1,0.991525423728813,0.988888888888889,0.989247311827957,1,1,1,1,1,1,1,0,1,0.989583333333333,1,1,1,1,0.982269503546099,1,1,1,1,1,0.995169082125604,0.978723404255319,1,0.990909090909091,0.98989898989899,1,0.989247311827957,1,1,0.992753623188406,1,1,0.989795918367347,1,1,1,1,0.993006993006993,0.993941326530612,0.991666666666667,0.993975903614458,1,1,0.994594594594595,1,0.989473684210526,1,1
TCGA-LL-A8F5-01A,0.985294117647059,0.993288590604027,0.992857142857143,0.993630573248408,0.991304347826087,0.984693877551021,0.994505494505495,0.978260869565217,0.99290780141844,1,0.993197278911565,0.993670886075949,0.991735537190083,1,0.983050847457627,0.992063492063492,1,0.977941176470588,0.992592592592593,0.98876404494382,0.989583333333333,0.993333333333333,0.991150442477876,0.993243243243243,0.980676328502416,0.986666666666667,1,1,1,0.994152046783626,1,0.992125984251969,1,0.994623655913978,0.991596638655462,0.990853658536585,1,1,0.980519480519481,0.992248062015504,0.993788819875776,0.99203187250996,1,1,1,0.991379310344828,1,0.983739837398374,1,1,0.991803278688525,1,1,1,1,0.983870967741936,0.99,0.985815602836879,1,1,1,0.997032640949555,1,1,0.984732824427481,0.987654320987654,1,1,1,0.992,1,1,1,1,0.993006993006993,0.991304347826087,1,1,1,1,0.987730061349693,0.985507246376812,1,1,1,0,1,0.983050847457627,1,0.985815602836879,1,0.990291262135922,1,1,0.988095238095238,1,0.991596638655462,0.978070175438597,1,1,0.985074626865672,0.991935483870968,1,1,1,1,0.987654320987654,1,1,1,0.993103448275862,0.992857142857143,1,1,1,0.989834815756036,0.986111111111111,0.994764397905759,1,0.979166666666667,0.985576923076923,0.991228070175439,1,1,1
TCGA-B6-A0WV-01A,1,1,1,0.986301369863014,1,1,1,1,1,1,1,1,1,1,1,1,1,1,1,1,1,1,1,1,1,1,1,1,1,1,1,1,1,1,1,0.995934959349593,1,1,1,1,0.987012987012987,1,1,1,1,1,1,1,1,0.973684210526316,1,1,1,1,1,1,1,1,1,1,1,1,1,1,1,1,1,1,1,1,1,1,1,1,1,1,1,1,1,1,1,1,1,1,0.989583333333333,1,0,1,0.966666666666667,0.982758620689655,1,1,1,1,1,1,1,1,1,1,1,1,1,1,0.975609756097561,1,1,1,1,1,1,1,1,0.988372093023256,1,0.99967689822294,1,1,1,1,1,1,1,1,1
TCGA-BH-A1ES-01A,1,1,1,0.985915492957746,1,0.991071428571429,1,0.981481481481481,1,1,1,1,1,0.9921875,1,1,1,0.96078431372549,1,0.989247311827957,0.998310810810811,1,0.962962962962963,1,1,1,1,1,1,0.988235294117647,1,0.975609756097561,1,1,1,0.995901639344262,0.979166666666667,1,1,1,1,1,1,0.96875,1,1,1,0.945945945945946,1,1,0.942857142857143,1,1,1,1,1,0.982456140350877,1,1,1,0.966666666666667,0.992,1,1,1,0.987012987012987,0.981818181818182,1,1,1,1,1,1,1,0.982456140350877,1,1,1,1,1,0.987179487179487,0.981132075471698,0.96969696969697,0.96551724137931,1,0.983050847457627,1,0,1,1,1,1,1,1,1,1,1,0.993150684931507,1,1,1,0.973684210526316,1,1,1,1,0.987012987012987,1,1,1,1,1,1,1,1,0.998381353188734,1,1,1,0.990825688073395,0.991935483870968,1,1,1,1
TCGA-D8-A1XG-01A,1,1,1,1,1,1,1,1,1,1,1,1,1,1,1,1,0.989583333333333,1,1,1,1,1,1,1,1,1,1,1,1,1,1,0.972222222222222,1,1,1,1,1,1,1,1,0.985714285714286,1,1,1,1,1,1,1,1,1,1,1,1,1,1,0.970588235294118,1,1,1,1,1,1,1,1,1,1,1,1,1,1,1,1,1,1,1,1,1,1,1,1,1,1,1,1,1,1,0.966666666666667,1,0,1,1,1,1,1,1,1,1,1,1,1,1,1,1,1,1,1,1,1,1,1,1,1,1,1,1,0.998053843658774,1,0.99,0.96875,1,1,1,1,1,1
TCGA-A2-A0YG-01A,0.986486486486486,0.976470588235294,0.987012987012987,1,0.980769230769231,0.992592592592593,0.991596638655462,0.973684210526316,0.987179487179487,1,0.988095238095238,1,0.982758620689655,1,0.991379310344828,0.984126984126984,0.991935483870968,0.972972972972973,0.971830985915493,0.982608695652174,0.99510603588907,1,1,0.988235294117647,0.986301369863014,0.977011494252874,1,1,1,1,1,1,1,1,1,0.99625468164794,1,1,0.978260869565217,0.984848484848485,1,0.98936170212766,1,1,1,0.981132075471698,1,1,1,1,1,1,1,1,1,0.983870967741936,0.985401459854015,0.987341772151899,1,1,0.981132075471698,0.996350364963504,1,1,1,0.97979797979798,0.987179487179487,1,1,1,1,1,1,0.981818181818182,1,1,1,1,1,1,0.98,0.986842105263158,1,1,1,0.985815602836879,0.982758620689655,1,1,0,1,0.995967741935484,1,1,1,1,0.982142857142857,0.994082840236686,1,1,0.986111111111111,1,1,0.981818181818182,1,0.977777777777778,0.99,1,0.984848484848485,0.983333333333333,0.987804878048781,1,1,0.971428571428571,1,0.99484037407288,0.987804878048781,0.9921875,1,1,1,1,1,1,1
TCGA-AR-A0TT-01A,1,1,1,1,1,1,0.991596638655462,1,1,1,1,1,1,0.986666666666667,0.991379310344828,1,1,1,1,1,1,1,1,1,1,1,1,1,0.983606557377049,0.990740740740741,1,1,1,1,1,0.99625468164794,1,1,0.989247311827957,0.984848484848485,1,0.994708994708995,1,1,1,1,1,1,1,0.983050847457627,1,1,1,1,1,1,0.992753623188406,1,1,0.981818181818182,1,0.996350364963504,1,1,1,0.99,0.987179487179487,1,1,1,1,1,1,1,1,1,1,1,1,1,0.99009900990099,1,1,1,1,1,1,1,1,1,0,1,1,1,1,0.982456140350877,1,0.982035928143713,1,1,1,1,0.988235294117647,1,1,1,1,1,1,1,1,1,1,0.990654205607477,1,0.99742682534577,1,1,1,1,0.993197278911565,1,1,1,1
TCGA-A2-A25A-01A,0.995884773662551,1,0.995934959349593,0.99236641221374,0.995475113122172,0.99671052631579,0.996527777777778,0.995934959349593,0.991869918699187,0.991111111111111,1,0.996212121212121,1,1,0.996491228070175,0.991341991341991,0.996587030716723,0.991769547325103,0.995850622406639,0.996491228070175,0.98578811369509,0.992156862745098,1,0.996062992125984,0.987220447284345,0.9921875,0.991111111111111,0.990867579908676,1,0.996389891696751,0.991304347826087,0.995708154506438,1,0.986159169550173,0.995555555555556,0.981351981351981,0.995833333333333,0.995833333333333,0.99618320610687,0.991452991452991,0.988679245283019,0.994397759103641,0.995689655172414,0.995535714285714,1,0.995495495495495,1,0.991266375545852,1,1,0.986725663716814,0.995708154506438,0.991189427312775,0.987012987012987,0.995391705069124,0.995670995670996,0.996742671009772,0.995967741935484,0.995594713656388,0.995535714285714,1,0.990909090909091,0.995391705069124,1,1,0.996282527881041,0.995951417004049,0.991379310344828,0.995726495726496,1,1,1,1,1,0.991935483870968,0.995475113122172,0.995535714285714,1,1,0.995515695067265,0.988805970149254,0.991803278688525,0.995555555555556,1,0.982269503546099,0.990291262135922,1,1,1,0.995967741935484,1,0,0.991902834008097,0.995495495495495,0.996363636363636,0.995575221238938,0.995555555555556,0.997041420118343,0.995575221238938,1,1,0.991266375545852,0.996062992125984,0.995535714285714,1,1,0.996282527881041,0.991111111111111,0.995744680851064,0.995633187772926,1,0.995934959349593,1,0.985347985347985,0.996350364963504,0.978551445446068,1,1,1,0.986577181208054,0.987220447284345,1,0.982062780269058,1,1
TCGA-D8-A1XM-01A,1,1,1,0.98936170212766,1,0.992592592592593,1,0.987012987012987,1,1,1,1,1,1,1,1,1,0.986666666666667,1,1,0.998373983739837,0.988505747126437,1,1,1,0.988636363636364,0.982456140350877,0.980392156862745,1,0.990740740740741,1,0.968253968253968,1,0.983606557377049,0.982142857142857,0.992481203007519,0.985915492957746,1,0.989247311827957,1,1,0.98936170212766,0.984126984126984,1,1,0.981132075471698,1,0.983606557377049,1,1,0.983050847457627,0.984375,0.983050847457627,0.984375,1,0.983870967741936,0.992753623188406,1,1,0.981818181818182,1,1,1,0.98,1,0.99,1,1,1,1,1,1,1,1,1,1,1,1,1,0.981481481481481,0.98,1,0.982142857142857,1,1,1,1,1,1,1,1,0.991902834008097,0,1,1,0.982456140350877,0.982142857142857,1,0.982456140350877,1,1,0.983606557377049,0.988235294117647,0.981818181818182,1,1,0.99,0.982456140350877,1,1,1,0.987012987012987,1,1,0.990476190476191,0.996135265700483,1,1,1,0.992424242424242,0.993197278911565,1,0.982456140350877,1,1
TCGA-BH-A201-01A,1,1,1,1,1,1,1,1,1,1,1,1,1,0.992,1,1,1,1,0.978260869565217,1,0.99830220713073,1,1,1,1,1,1,1,1,0.987804878048781,1,1,1,1,1,0.995850622406639,1,1,1,1,1,1,1,1,1,1,1,0.971428571428571,1,1,1,1,1,1,1,1,1,1,1,1,1,0.995967741935484,1,1,1,1,1,1,1,1,1,1,1,1,1,1,1,1,1,1,1,1,1,1,1,1,1,1,1,1,1,0.995495495495495,1,0,1,1,1,1,1,1,1,1,1,1,1,1,1,1,1,1,1,1,1,1,1,0.99805510534846,1,1,1,1,1,1,0.967741935483871,1,1
TCGA-E9-A1NA-01A,0.99009900990099,1,1,0.991735537190083,1,0.987577639751553,1,1,0.990476190476191,1,1,1,1,1,1,1,1,1,1,0.993006993006993,0.9953125,0.991228070175439,1,1,0.982558139534884,0.991304347826087,1,1,1,1,1,1,0.986486486486486,1,0.987951807228916,0.98972602739726,1,1,1,1,0.992,0.99537037037037,1,1,1,1,1,1,1,1,1,1,1,1,1,1,1,0.990566037735849,1,1,1,1,1,1,1,1,1,1,1,0.98876404494382,1,1,1,1,1,0.974358974358974,1,1,1,1,1,1,1,1,1,0.988095238095238,1,1,1,1,1,0.996363636363636,1,1,0,1,1,0.994897959183674,1,1,0.98989898989899,1,1,1,0.98876404494382,1,0.992125984251969,1,1,0.988505747126437,1,0.990384615384615,1,0.992537313432836,1,0.99392,1,1,0.988505747126437,0.993710691823899,0.994252873563218,1,1,0.988372093023256,0.987804878048781
TCGA-A2-A0YL-01A,1,1,1,1,1,1,0.989690721649485,1,1,1,1,1,1,0.992248062015504,1,1,1,0.961538461538461,1,0.98936170212766,1,0.984615384615385,1,1,1,0.984848484848485,0.971428571428571,0.96551724137931,1,0.988372093023256,1,0.976190476190476,1,0.98,0.970588235294118,0.991803278688525,0.979591836734694,1,0.971428571428571,1,0.986842105263158,0.987951807228916,0.975609756097561,1,1,0.967741935483871,1,0.974358974358974,1,0.972972972972973,0.972972972972973,0.976190476190476,0.972972972972973,0.976190476190476,1,0.975,0.991379310344828,1,1,0.96969696969697,1,0.996031746031746,1,1,1,0.987179487179487,1,1,1,1,1,1,1,1,1,1,1,1,1,0.96875,0.987341772151899,1,0.970588235294118,1,1,1,1,1,1,1,0.982456140350877,0.995575221238938,0.982456140350877,1,1,0,0.970588235294118,1,0.971428571428571,1,0.98,0.974358974358974,0.967741935483871,0.96969696969697,1,1,1,1,1,1,1,0.981818181818182,1,1,1,0.997408487204406,1,1,1,0.990909090909091,0.992,1,0.971428571428571,1,1
TCGA-B6-A401-01A,0.980392156862745,0.984126984126984,0.981481481481481,1,0.96551724137931,1,0.989583333333333,0.981481481481481,0.981818181818182,1,0.983606557377049,1,0.971428571428571,1,1,0.975,1,0.96078431372549,0.979591836734694,0.989247311827957,0.998310810810811,0.968253968253968,1,0.983870967741936,0.991935483870968,0.984615384615385,0.970588235294118,0.964285714285714,1,0.988235294117647,0.974358974358974,0.975609756097561,1,0.99,0.96969696969697,0.995901639344262,0.979166666666667,1,0.955882352941176,0.976744186046512,0.986666666666667,0.987878787878788,0.975,1,1,0.966666666666667,1,0.973684210526316,1,1,0.972222222222222,0.975609756097561,0.942857142857143,0.975609756097561,1,0.947368421052632,1,0.963636363636364,1,0.96875,0.966666666666667,1,1,1,1,0.987012987012987,1,1,1,1,1,1,1,1,1,1,1,1,1,0.967741935483871,0.974025974025974,1,0.96969696969697,1,1,0.991596638655462,1,1,1,0.982142857142857,1,0.995555555555556,0.982142857142857,1,1,0.970588235294118,0,0.986206896551724,0.970588235294118,1,0.979591836734694,0.973684210526316,1,0.96875,1,1,0.987012987012987,1,1,1,0.983050847457627,1,1,1,1,0.998056994818653,0.983050847457627,0.990476190476191,1,0.990825688073395,1,1,0.970588235294118,1,1
TCGA-A2-A3Y0-01A,0.987730061349693,0.988571428571429,0.987951807228916,0.989071038251366,0.992957746478873,0.995555555555556,0.985507246376812,0.987951807228916,0.975757575757576,1,0.982558139534884,1,0.993243243243243,0.995850622406639,0.990243902439024,0.993464052287582,0.995327102803738,0.98159509202454,0.987577639751553,0.990243902439024,0.987087517934003,0.994350282485876,0.985611510791367,0.982658959537572,0.987234042553191,0.988700564971751,1,1,0.993377483443709,0.994949494949495,1,0.986928104575163,1,0.995305164319249,1,0.98005698005698,1,1,0.994535519125683,0.987096774193548,0.99468085106383,0.989169675090253,0.993464052287582,0.993103448275862,1,1,1,0.993377483443709,1,1,0.993288590604027,0.993506493506494,1,0.993506493506494,1,0.993421052631579,0.991189427312775,0.994082840236686,1,0.986111111111111,1,0.988919667590028,1,1,1,0.984042553191489,1,1,1,0.993421052631579,1,1,0.993055555555556,1,0.994117647058824,1,1,1,1,1,0.984126984126984,0.993975903614458,1,1,0.995169082125604,0.978070175438597,1,0.993150684931507,1,0.994082840236686,0.982035928143713,0.997041420118343,1,1,0.994897959183674,1,0.986206896551724,0,1,1,0.993827160493827,1,1,1,1,1,0.989417989417989,0.993197278911565,0.987096774193548,1,0.988304093567251,1,1,0.989795918367347,0.994871794871795,0.987369750552573,0.988304093567251,0.986111111111111,1,0.990950226244344,0.991525423728813,1,1,0.993288590604027,0.993103448275862
TCGA-A8-A08O-01A,1,0.984375,1,1,1,1,1,1,1,1,1,1,1,1,1,1,1,0.981132075471698,1,1,0.998313659359191,0.984615384615385,1,1,1,0.984848484848485,0.971428571428571,0.96551724137931,0.974358974358974,0.988372093023256,1,0.976190476190476,1,0.99009900990099,0.970588235294118,0.987654320987654,0.979591836734694,1,0.985915492957746,1,1,0.987951807228916,0.975609756097561,1,1,0.967741935483871,1,0.974358974358974,1,1,0.972972972972973,0.976190476190476,0.972972972972973,0.976190476190476,1,0.975,1,1,1,0.96969696969697,1,0.996031746031746,1,1,1,1,1,1,1,0.975,1,1,1,1,1,1,1,1,1,0.96875,0.987341772151899,1,0.970588235294118,1,0.978723404255319,1,1,1,1,1,1,0.995575221238938,0.982456140350877,1,1,0.971428571428571,0.970588235294118,1,0,1,0.98,0.974358974358974,1,0.96969696969697,1,1,1,1,1,1,1,1,1,1,1,0.997733160621762,0.983333333333333,1,1,0.990909090909091,1,1,0.971428571428571,1,1
TCGA-A2-A1FX-01A,1,1,1,1,1,1,1,1,1,1,1,1,1,1,1,1,1,1,0.981481481481481,1,0.998324958123953,1,1,1,1,1,1,1,1,1,1,1,1,0.990476190476191,1,0.995983935742972,0.981132075471698,1,1,1,1,1,1,1,1,1,1,1,1,1,1,1,1,1,1,1,1,1,1,1,1,0.99609375,1,1,1,0.987804878048781,1,1,0.978723404255319,1,1,1,1,1,1,1,1,1,1,1,1,1,1,1,1,1,1,1,1,1,1,1,1,1,1,1,1,1,1,0,1,1,1,1,1,1,1,1,1,1,1,0.983050847457627,1,1,1,0.998060135790495,1,1,1,1,1,1,1,1,1
TCGA-D8-A1X5-01A,0.985074626865672,0.974358974358974,0.985714285714286,1,0.977777777777778,1,0.991071428571429,0.985714285714286,0.985915492957746,1,0.987012987012987,1,0.980392156862745,1,0.990825688073395,0.982142857142857,0.991452991452991,0.970149253731343,0.984615384615385,0.981481481481481,0.993388429752066,1,1,0.987179487179487,0.992857142857143,1,1,1,0.981481481481481,0.99009900990099,0.981818181818182,1,1,0.991379310344828,1,0.992277992277992,1,1,0.988372093023256,0.96551724137931,0.989010989010989,0.994505494505495,1,1,1,1,1,1,1,0.980769230769231,1,1,1,1,1,0.981818181818182,1,0.986111111111111,1,1,1,0.99625468164794,1,1,1,0.978260869565217,1,1,1,1,1,1,1,1,0.986301369863014,1,1,1,1,1,0.98936170212766,1,1,1,0.990909090909091,0.985074626865672,1,1,1,0.986111111111111,1,1,1,1,0.98989898989899,0.98,0.979591836734694,0.993827160493827,0.98,1,0,1,0.987179487179487,1,1,1,0.989247311827957,1,1,1,0.986666666666667,1,1,1,1,0.995478036175711,0.986666666666667,0.991735537190083,1,0.992,0.992857142857143,1,1,1,1
TCGA-LL-A50Y-01A,1,1,1,1,1,1,0.99009900990099,1,1,1,1,0.987012987012987,1,0.992481203007519,1,1,1,0.964285714285714,1,1,1,0.985507246376812,1,1,0.992248062015504,0.971014492753623,0.974358974358974,0.96969696969697,1,0.988888888888889,0.977272727272727,0.978260869565217,1,0.990476190476191,0.973684210526316,0.991935483870968,0.961538461538461,1,0.986666666666667,1,0.9875,0.988235294117647,0.977777777777778,0.972972972972973,1,0.971428571428571,1,0.976744186046512,1,1,0.95,0.978260869565217,0.95,0.978260869565217,0.966666666666667,0.953488372093023,0.983193277310924,1,1,0.972972972972973,0.971428571428571,0.99609375,0.966666666666667,1,1,1,0.983333333333333,0.978260869565217,1,1,1,1,1,1,1,1,0.972972972972973,1,1,0.942857142857143,0.987951807228916,1,0.945945945945946,0.970588235294118,0.98989898989899,0.991935483870968,1,0.973684210526316,1,1,1,0.991266375545852,0.983606557377049,1,1,0.974358974358974,0.973684210526316,1,0.974358974358974,1,1,0,1,0.972972972972973,1,1,1,1,1,1,1,1,1,1,1,0.998383968972204,1,1,1,0.991228070175439,0.992248062015504,1,0.974358974358974,1,1
TCGA-LL-A5YL-01A,1,1,0.987951807228916,1,1,1,0.983870967741936,1,1,0.984126984126984,1,1,1,0.987179487179487,0.991803278688525,1,1,1,1,1,0.995153473344103,0.989247311827957,1,1,1,1,1,1,1,1,1,1,1,1,1,0.977611940298507,1,1,0.98989898989899,0.986111111111111,1,0.984455958549223,1,0.983606557377049,0.984615384615385,1,0.986486486486486,1,1,0.984615384615385,1,1,1,1,1,1,0.986013986013986,1,0.984375,1,1,0.985559566787004,1,1,1,1,0.988095238095238,1,1,1,1,1,1,1,1,1,1,1,1,1,1,1,1,1,1,1,1,1,1,1,0.988235294117647,0.996062992125984,0.988235294117647,1,1,0.967741935483871,1,1,1,1,0.987179487179487,1,0,1,1,1,0.990566037735849,1,1,1,1,0.987951807228916,1,1,0.990990990990991,0.995496944355098,1,0.977272727272727,1,1,0.993464052287582,1,1,1,1
TCGA-A7-A0D9-01A,1,0.983870967741936,1,1,1,0.990990990990991,1,0.981132075471698,0.981481481481481,1,1,1,1,1,0.989130434782609,1,1,0.980392156862745,1,1,1,0.984126984126984,1,1,0.991869918699187,0.984375,0.96969696969697,0.962962962962963,1,0.988095238095238,1,0.975,1,0.98989898989899,0.96875,0.995884773662551,0.978723404255319,1,0.970588235294118,1,1,0.987804878048781,0.974358974358974,1,1,0.96551724137931,1,0.972972972972973,1,1,0.971428571428571,0.975,0.941176470588235,0.975,1,0.973684210526316,0.973214285714286,1,1,0.967741935483871,1,1,1,1,1,1,0.981481481481481,1,1,1,1,1,1,0.967741935483871,1,1,1,1,1,0.966666666666667,0.987012987012987,1,0.96875,1,0.989247311827957,1,1,1,1,0.981818181818182,1,0.995535714285714,0.981818181818182,1,1,0.96969696969697,0.96875,1,0.96969696969697,1,1,0.972972972972973,1,0,1,1,1,1,1,1,1,1,1,0.987951807228916,1,0.998056365403304,1,1,1,0.990740740740741,1,1,0.96969696969697,1,1
TCGA-AR-A0TQ-01A,1,0.985507246376812,1,0.987012987012987,1,1,1,1,1,1,1,1,1,1,1,1,0.990654205607477,1,1,1,0.996649916247906,0.985714285714286,1,1,0.992307692307692,1,1,1,1,1,1,1,1,0.990566037735849,0.974358974358974,1,1,1,1,1,0.987654320987654,1,1,1,1,1,1,1,1,0.976190476190476,1,1,1,1,1,1,1,1,1,1,0.972222222222222,1,1,1,1,1,1,1,1,1,1,1,1,1,1,1,1,1,1,1,1,1,1,1,1,1,0.975609756097561,1,1,1,1,1,1,1,0.98876404494382,1,1,1,1,1,1,1,1,1,0,1,1,1,1,1,1,1,1,0.97752808988764,1,0.998060762766645,1,0.990990990990991,1,1,1,1,1,1,1
TCGA-AR-A2LQ-01A,1,1,1,1,1,0.99009900990099,1,1,1,1,1,1,1,1,1,1,1,1,1,0.987804878048781,1,1,1,1,1,1,1,1,1,1,1,1,1,1,1,0.991379310344828,1,1,1,1,1,1,1,1,1,1,1,1,1,1,1,1,1,1,1,1,1,1,1,1,1,1,1,1,1,1,1,1,1,1,1,1,1,1,1,1,1,1,1,1,1,1,1,1,1,1,1,1,1,0.977777777777778,1,1,1,1,1,1,1,1,1,1,1,1,1,1,1,0,1,1,1,1,1,1,1,1,1,0.999675535366645,1,1,1,1,1,1,1,1,1
TCGA-D8-A1XZ-01A,0.989473684210526,0.990654205607477,0.989795918367347,0.982456140350877,0.986301369863014,0.993589743589744,0.992857142857143,0.96875,0.979591836734694,1,0.990476190476191,1,0.987341772151899,1,1,0.988095238095238,1,0.956989247311828,0.978260869565217,0.992700729927007,0.996850393700787,1,0.985915492957746,0.980952380952381,0.994047619047619,0.990825688073395,1,1,1,0.984375,1,0.988235294117647,1,0.986013986013986,0.987012987012987,0.996527777777778,1,1,0.991228070175439,0.988505747126437,1,0.995238095238095,1,1,1,1,1,0.987804878048781,0.985074626865672,1,0.9875,1,0.9875,1,1,0.987951807228916,0.987341772151899,0.99,1,1,1,0.996610169491525,1,0.985915492957746,1,0.983333333333333,1,1,1,0.987951807228916,1,1,1,1,1,0.986301369863014,1,1,1,1,0.983471074380165,0.989690721649485,1,1,0.992753623188406,0.987654320987654,1,0.987012987012987,1,0.99,1,0.996282527881041,0.99,1,0.992125984251969,1,0.987012987012987,0.989417989417989,1,1,0.989247311827957,1,0.990566037735849,1,1,1,0,1,1,1,0.990291262135922,1,1,0.9921875,1,0.994875080076874,0.990291262135922,0.986486486486486,1,0.980132450331126,0.988023952095808,1,1,0.9875,1
TCGA-E9-A1N4-01A,1,1,1,1,1,1,1,1,1,1,1,1,1,1,1,1,0.990196078431373,1,1,1,1,1,1,1,1,1,1,1,1,1,1,1,1,1,1,0.995918367346939,1,1,1,1,1,1,0.975609756097561,0.96969696969697,1,1,1,1,1,1,0.972972972972973,0.976190476190476,1,1,1,1,0.991379310344828,1,1,1,1,1,1,1,1,1,1,1,1,1,1,1,1,1,1,1,1,1,1,1,1,1,1,1,1,1,1,1,1,1,1,0.991111111111111,0.982456140350877,1,1,1,1,0.993197278911565,1,1,1,1,1,1,1,1,1,0,1,0.973684210526316,1,0.981818181818182,1,1,0.987951807228916,0.997083603370058,1,1,1,1,0.992,1,1,1,1
TCGA-S3-A6ZG-01A,1,1,1,1,1,1,1,0.984375,1,1,1,1,1,1,1,1,1,1,0.983050847457627,0.990291262135922,0.996672212978369,1,1,1,0.992537313432836,1,1,1,1,1,1,1,1,1,0.976744186046512,0.988095238095238,1,1,1,1,1,1,1,1,1,1,1,1,1,1,1,1,1,1,1,1,1,1,1,1,1,1,1,1,1,1,1,1,1,1,1,1,1,1,1,1,1,1,1,1,1,1,1,1,1,1,1,1,1,0.984848484848485,1,0.995744680851064,1,1,1,1,1,0.987096774193548,1,1,1,1,1,1,1,1,1,1,0,1,1,1,1,0.98936170212766,1,0.99838657631494,1,0.991304347826087,1,1,1,1,1,1,0.976190476190476
TCGA-A1-A0SG-01A,1,1,1,0.986666666666667,1,0.991379310344828,1,1,1,1,1,1,1,1,1,1,0.990476190476191,1,1,1,1,1,1,1,1,1,1,1,1,1,1,1,1,1,1,1,1,1,1,1,1,1,1,1,1,1,1,1,1,1,1,1,1,1,1,1,1,0.983333333333333,1,1,1,1,1,1,1,1,0.983050847457627,1,1,1,1,1,1,1,1,1,1,1,1,1,1,1,1,1,0.989795918367347,1,1,1,1,0.983333333333333,1,0.995633187772926,1,1,0.988505747126437,1,1,1,1,1,1,1,1,1,1,1,1,0.973684210526316,1,0,1,1,1,1,1,0.997735360724685,1,0.990825688073395,0.975609756097561,0.991150442477876,1,1,1,1,1
TCGA-BH-A0H7-01A,0.987012987012987,0.98876404494382,0.9875,0.989690721649485,0.981818181818182,1,0.991803278688525,0.9875,0.987654320987654,1,0.988505747126437,1,0.983606557377049,0.993506493506494,1,0.969230769230769,1,0.987179487179487,0.986666666666667,0.991596638655462,0.9967585089141,1,1,0.988636363636364,0.986577181208054,1,1,0.981481481481481,0.984375,1,1,1,1,1,1,1,1,1,0.989583333333333,0.985507246376812,1,0.994791666666667,1,1,1,1,1,1,0.979591836734694,1,1,1,1,1,1,0.984615384615385,1,0.987804878048781,1,0.982758620689655,1,1,1,1,1,0.990291262135922,1,1,1,1,1,1,1,1,1,1,1,1,1,1,0.980582524271845,1,1,1,1,0.993103448275862,1,1,1,0.987804878048781,1,1,1,1,1,1,0.983050847457627,0.988304093567251,1,1,0.986666666666667,1,1,1,1,1,0.990291262135922,1,1,1,0,1,1,1,1,0.997107039537126,0.988235294117647,0.99236641221374,1,1,0.97972972972973,1,1,1,1
TCGA-A2-A0YD-01A,1,1,1,1,0.98,0.992481203007519,1,0.986666666666667,0.986842105263158,1,1,1,1,0.993288590604027,0.982300884955752,1,0.991803278688525,0.986301369863014,1,1,0.996732026143791,1,1,1,1,0.988372093023256,1,1,1,1,1,1,1,0.991735537190083,1,0.99622641509434,0.985507246376812,1,1,1,1,0.978260869565217,1,1,1,1,1,1,1,1,1,1,1,1,1,1,1,0.987012987012987,1,1,1,0.992619926199262,1,1,1,0.989795918367347,1,1,1,1,1,1,1,1,1,1,1,1,1,1,1,1,1,1,1,0.992857142857143,1,1,1,1,1,0.995934959349593,0.987012987012987,1,0.990384615384615,0.981818181818182,1,1,1,0.983050847457627,1,1,0.987951807228916,1,1,1,1,0.981818181818182,1,1,1,0,1,1,1,0.997102382485512,1,0.992063492063492,1,1,1,1,1,1,1
TCGA-BH-A8G0-01A,1,1,1,1,1,1,1,1,1,1,0.980392156862745,1,1,1,1,1,1,1,1,1,1,1,1,0.980769230769231,1,1,1,1,1,0.986666666666667,1,1,1,1,1,1,1,1,1,1,1,1,1,1,1,1,1,1,1,1,0.961538461538461,1,1,1,1,1,1,1,1,1,1,1,1,1,1,1,1,1,1,1,1,1,1,1,1,1,1,1,1,1,1,1,0.956521739130435,1,1,1,1,1,1,1,1,1,1,1,1,1,1,1,1,1,1,1,1,1,1,1,1,1,1,1,1,1,0,1,1,0.999675640609796,1,1,1,1,1,1,1,1,1
TCGA-S3-AA17-01A,1,1,0.990476190476191,0.983471074380165,1,0.981366459627329,1,0.990476190476191,1,1,1,0.983606557377049,0.988372093023256,1,0.993055555555556,1,0.993421052631579,1,1,0.993055555555556,0.992175273865415,1,0.987179487179487,1,0.994285714285714,1,1,1,0.977272727272727,1,1,1,1,1,1,0.996610169491525,1,1,1,1,1,1,1,1,1,1,0.989583333333333,1,1,1,1,1,0.988505747126437,0.989130434782609,1,1,1,0.990654205607477,1,1,1,0.99,1,1,1,0.984251968503937,1,1,0.989247311827957,0.988888888888889,1,1,1,1,1,1,1,1,0.987951807228916,1,1,1,1,1,1,1,0.988372093023256,1,1,0.971428571428571,0.990654205607477,0.985347985347985,1,1,0.992537313432836,1,1,0.989795918367347,1,1,1,1,1,0.987951807228916,0.97752808988764,1,0.9921875,1,0.98936170212766,1,1,1,1,0,1,0.990693196405648,0.990909090909091,0.993589743589744,0.988636363636364,0.987421383647799,0.994285714285714,1,1,1,1
TCGA-D8-A1JC-01A,1,1,1,1,1,0.993788819875776,1,1,1,0.987951807228916,0.990909090909091,0.991735537190083,1,0.982857142857143,1,1,1,1,1,0.978571428571428,0.987381703470031,1,0.986842105263158,1,0.994219653179191,1,1,1,1,0.992537313432836,0.988636363636364,1,1,1,1,0.979166666666667,1,1,1,0.989130434782609,0.991935483870968,0.995348837209302,1,1,0.988235294117647,1,1,1,1,1,1,0.988888888888889,1,1,1,0.988636363636364,0.99390243902439,0.990476190476191,1,1,1,1,1,1,1,0.992063492063492,0.990384615384615,1,1,1,1,0.987179487179487,1,1,1,0.987179487179487,1,1,1,1,0.992125984251969,1,1,1,0.993006993006993,1,1,1,1,1,1,0.996350364963504,0.990476190476191,1,1,1,1,0.994871794871795,1,1,1,1,0.990990990990991,1,1,1,1,0.987951807228916,1,1,1,1,1,1,0,0.992305226033985,1,0.993506493506494,1,0.993670886075949,0.988372093023256,1,0.987951807228916,1,1
TCGA-AC-A23H-01A,0.995480955455132,0.995175297523319,0.995809155383624,0.99454253611557,0.999028182701652,0.991417673235855,0.993945188017846,0.997102382485512,0.996134020618557,0.997408487204406,0.996141479099678,0.994866859159448,0.998382400517632,0.990503323836657,0.99265410412009,0.998061389337641,0.991387559808613,0.995806451612903,0.997097710415995,0.993297159272263,0.94786866359447,0.993234536082474,0.99902755267423,0.996787664632188,0.989530456852792,0.995178399228544,0.998381877022654,0.99870340356564,0.997087378640777,0.992312620115311,0.998060762766645,0.997090203685742,0.999675745784695,0.991384811742182,0.998381353188734,0.978677379480841,0.998066387367064,0.996125282531482,0.996152613016993,0.997092084006462,0.992935131663455,0.98585795097423,0.998061389337641,0.999029126213592,0.998058880621158,0.99805510534846,0.998387616897775,0.996762706377469,0.99935107073329,0.997085492227979,0.998058880621158,0.997090203685742,0.998058880621158,0.997090203685742,0.99935149156939,0.996763754045307,0.988857051894301,0.99484037407288,0.997084548104956,0.99740680713128,0.999352541275494,0.974295447506968,0.99967585089141,1,0.996122778675283,0.994230769230769,0.995486782720825,0.997738287560582,0.997415185783522,0.997736825088911,0.99935170178282,0.99837925445705,0.998380304502754,0.999029126213592,0.996136509980683,0.998703823720026,0.999352960207053,0.998704243602203,0.997731691510045,0.998380304502754,0.996162456028142,0.996455043506284,0.997732426303855,0.999028182701652,0.993941326530612,0.989834815756036,0.99967689822294,0.998381353188734,0.998053843658774,0.99484037407288,0.99742682534577,0.978551445446068,0.996135265700483,0.99805510534846,0.99392,0.997408487204406,0.998056994818653,0.987369750552573,0.997733160621762,0.998060135790495,0.995478036175711,0.998383968972204,0.995496944355098,0.998056365403304,0.998060762766645,0.999675535366645,0.994875080076874,0.997083603370058,0.99838657631494,0.997735360724685,0.997107039537126,0.997102382485512,0.999675640609796,0.990693196405648,0.992305226033985,0,0.998716302952503,0.993322734499205,0.995786061588331,0.992691452176676,0.992407465991775,0.999027867790019,0.997408487204406,0.99935379644588,0.998380829015544
TCGA-EW-A1OZ-01A,0.987012987012987,0.98876404494382,0.9875,0.979166666666667,0.981818181818182,0.985401459854015,0.983471074380165,0.9875,0.987654320987654,1,0.988505747126437,1,0.983606557377049,1,1,0.984848484848485,1,0.987179487179487,0.986666666666667,0.991596638655462,0.998381877022654,0.988888888888889,1,0.988636363636364,0.986577181208054,1,1,1,1,1,1,1,1,0.992063492063492,1,1,1,1,0.989583333333333,0.985507246376812,1,0.984210526315789,1,1,1,1,1,1,1,1,1,1,0.983870967741936,1,1,0.984615384615385,0.99290780141844,0.987804878048781,1,1,1,1,1,1,1,0.980392156862745,1,1,1,0.984615384615385,1,1,1,1,1,1,1,1,1,1,0.990384615384615,1,1,1,0.991666666666667,0.986111111111111,1,1,1,0.987804878048781,1,1,1,1,1,1,0.983050847457627,0.988304093567251,0.983333333333333,1,0.986666666666667,1,1,1,1,1,0.990291262135922,1,1,1,0.988235294117647,1,1,0.990909090909091,1,0.998716302952503,0,0.984615384615385,1,0.992592592592593,1,1,1,1,1
TCGA-C8-A275-01A,0.983606557377049,0.992592592592593,0.984,1,0.98,0.994565217391304,0.994047619047619,0.992063492063492,0.984126984126984,1,0.992481203007519,1,0.990654205607477,0.989949748743719,0.993939393939394,0.991071428571429,0.994219653179191,0.991935483870968,0.991735537190083,0.993939393939394,0.987823439878234,1,1,0.992537313432836,0.994897959183674,0.992700729927007,0.990566037735849,1,1,1,1,1,1,1,1,0.990445859872611,1,0.991666666666667,0.992957746478873,0.991304347826087,1,0.978632478632479,1,1,1,1,1,0.990909090909091,1,1,1,1,0.990740740740741,0.991150442477876,1,0.990990990990991,0.994652406417112,0.9921875,1,1,1,0.9875,1,1,1,0.993288590604027,1,1,1,1,1,1,1,1,1,0.99009900990099,0.990384615384615,1,1,1,0.993333333333333,1,1,1,0.993975903614458,0.994764397905759,1,1,0.99,0.9921875,1,1,1,1,1,1,0.990476190476191,0.986111111111111,1,1,0.991735537190083,1,0.977272727272727,1,0.990990990990991,1,0.986486486486486,1,0.991304347826087,0.990825688073395,0.99236641221374,0.992063492063492,1,0.993589743589744,0.993506493506494,0.993322734499205,0.984615384615385,0,0.990825688073395,0.988888888888889,1,1,1,1,0.990384615384615
TCGA-E9-A1N3-01A,1,1,1,0.986666666666667,1,0.991379310344828,0.99,1,1,1,1,1,1,1,1,1,1,1,1,1,0.996638655462185,1,1,1,1,1,1,1,1,1,1,1,1,1,1,1,1,1,1,1,1,1,1,1,1,1,1,1,1,1,1,1,1,1,1,1,0.991596638655462,1,1,1,1,0.996078431372549,1,1,1,1,1,1,1,1,1,1,1,1,1,1,1,0.970588235294118,1,1,1,1,1,1,1,1,1,1,0.96875,1,1,1,1,1,0.988505747126437,1,1,1,1,1,1,1,1,1,1,1,1,1,1,0.975609756097561,1,1,1,0.988636363636364,1,0.995786061588331,1,0.990825688073395,0,1,0.9921875,1,1,1,1
TCGA-E9-A1R4-01A,1,1,0.992307692307692,0.986301369863014,1,0.99468085106383,0.994186046511628,0.992307692307692,1,1,1,1,1,0.995098039215686,0.994082840236686,1,1,0.984251968503937,0.992,1,0.984825493171472,0.992857142857143,0.990291262135922,1,0.995,0.99290780141844,0.990909090909091,0.990384615384615,1,0.9875,1,0.982758620689655,1,0.988571428571429,0.990825688073395,0.990566037735849,0.991935483870968,0.991935483870968,0.986206896551724,0.983050847457627,0.993377483443709,0.9875,0.991379310344828,1,1,0.990566037735849,1,0.982300884955752,1,1,0.981981981981982,0.991452991452991,0.991071428571429,0.991452991452991,1,0.991304347826087,0.989473684210526,0.992424242424242,1,0.990740740740741,1,0.993865030674847,1,1,1,0.993464052287582,0.99236641221374,1,0.982905982905983,1,1,1,1,1,1,1,1,1,1,0.990654205607477,0.973509933774834,0.984375,0.990825688073395,1,1,0.979166666666667,1,0.990825688073395,1,1,1,0.986577181208054,0.992424242424242,1,0.993710691823899,0.990909090909091,0.990825688073395,0.990950226244344,0.990909090909091,1,0.992,0.991228070175439,1,0.990740740740741,1,1,0.980132450331126,1,1,0.991150442477876,1,1,1,0.987421383647799,0.993670886075949,0.992691452176676,0.992592592592593,0.988888888888889,1,0,0.984848484848485,0.990384615384615,0.981651376146789,1,1
TCGA-E9-A1RF-01A,1,0.993506493506494,0.993103448275862,0.987577639751553,1,0.995073891625616,0.989247311827957,0.986111111111111,1,0.992,1,0.981366459627329,1,0.986175115207373,1,0.99236641221374,0.994791666666667,0.993006993006993,1,0.994565217391304,0.992636229749632,0.993548387096774,0.991525423728813,1,0.985915492957746,0.993589743589744,1,1,1,0.994318181818182,1,0.992424242424242,1,0.994764397905759,1,0.990990990990991,0.992805755395683,1,0.993788819875776,0.992537313432836,0.987878787878788,0.988235294117647,1,1,1,1,0.992647058823529,0.992248062015504,0.991228070175439,0.992125984251969,0.992125984251969,1,1,1,1,1,0.985294117647059,1,1,0.991869918699187,1,0.991176470588235,1,1,0.992700729927007,0.981927710843373,1,1,1,0.992307692307692,1,1,1,0.991869918699187,1,1,1,0.983333333333333,1,1,0.994082840236686,0.993055555555556,1,1,0.994594594594595,0.985576923076923,1,0.991935483870968,1,1,0.993197278911565,0.987220447284345,0.993197278911565,1,0.994252873563218,0.992,1,0.991525423728813,1,1,0.992857142857143,0.992248062015504,0.993464052287582,1,1,1,0.988023952095808,0.992,1,1,0.97972972972973,1,1,0.994285714285714,0.988372093023256,0.992407465991775,1,1,0.9921875,0.984848484848485,0,1,0.992,1,1
TCGA-E9-A245-01A,1,1,1,1,1,1,1,1,1,1,1,1,1,1,1,1,0.989583333333333,1,0.977272727272727,1,1,1,1,1,1,1,1,1,1,1,1,1,1,0.989473684210526,1,1,1,1,0.984615384615385,1,1,0.993788819875776,1,1,1,1,1,1,1,1,1,1,1,1,1,1,1,1,1,1,1,1,1,1,1,1,1,1,1,1,1,1,1,1,1,1,1,1,1,1,1,1,1,1,1,0.991228070175439,1,1,1,1,1,1,1,1,1,1,1,1,1,1,1,1,1,1,1,1,1,1,1,1,1,1,1,1,1,0.999027867790019,1,1,1,0.990384615384615,1,0,1,1,1
TCGA-E9-A1R3-01A,1,1,1,1,1,1,1,1,0.982142857142857,0.971428571428571,1,1,1,1,1,1,1,0.981132075471698,1,1,0.998313659359191,0.984615384615385,1,1,1,0.984848484848485,0.971428571428571,0.96551724137931,1,0.976470588235294,1,0.976190476190476,1,0.99009900990099,0.970588235294118,0.995918367346939,0.979591836734694,0.979591836734694,0.985915492957746,0.977272727272727,0.986842105263158,0.994011976047904,0.975609756097561,1,1,0.967741935483871,1,0.974358974358974,1,1,0.944444444444444,0.976190476190476,0.972972972972973,0.976190476190476,1,0.975,1,1,1,0.96969696969697,1,1,1,1,1,1,0.982142857142857,1,1,1,1,1,1,1,1,1,1,1,1,0.96875,0.987341772151899,1,0.970588235294118,1,0.989473684210526,1,1,1,1,1,1,0.982062780269058,0.982456140350877,0.967741935483871,1,0.971428571428571,0.970588235294118,1,0.971428571428571,1,1,0.974358974358974,1,0.96969696969697,1,1,1,1,1,1,1,1,1,1,0.987951807228916,0.997408487204406,1,1,1,0.981651376146789,0.992,1,0,1,0.96969696969697
TCGA-E9-A24A-01A,1,1,1,1,1,1,1,1,1,1,1,1,1,1,0.989583333333333,1,1,1,1,1,0.998319327731092,1,1,1,1,1,1,1,1,1,1,1,1,1,1,0.995951417004049,1,1,1,1,1,0.994082840236686,0.976744186046512,1,1,1,1,1,1,1,1,1,1,1,1,1,1,1,1,1,1,0.992094861660079,1,1,1,1,1,1,1,1,1,1,1,1,1,1,1,1,1,1,1,1,1,1,1,1,1,1,1,1,1,1,1,1,0.988372093023256,1,1,0.993288590604027,1,1,1,1,1,1,1,1,0.9875,1,1,1,1,1,1,1,1,0.99935379644588,1,1,1,1,1,1,1,0,1
TCGA-E9-A1QZ-01A,1,1,1,1,1,1,1,1,1,1,1,1,1,1,1,1,1,1,1,0.989130434782609,0.998307952622674,1,1,1,1,1,1,1,1,1,1,1,1,1,1,0.991735537190083,1,1,1,1,1,1,1,1,1,1,1,1,1,1,1,1,1,1,1,1,0.991228070175439,1,1,1,1,1,1,1,1,1,1,1,1,1,1,1,1,1,1,1,1,1,1,1,1,1,1,1,1,1,1,1,1,1,1,1,1,1,0.987804878048781,1,1,0.993103448275862,1,1,1,1,1,1,1,1,1,1,0.976190476190476,1,1,1,1,1,1,0.998380829015544,1,0.990384615384615,1,1,1,1,0.96969696969697,1,0
